o Sponza_Mesh_006
v 5.743722 -3.563601 3.039785
v 5.743722 -4.599222 3.039785
v 5.417461 -4.599222 3.071903
v 5.985342 -3.823669 2.944662
v 5.985342 -4.599222 2.944662
v 6.250687 -4.063867 2.784547
v 6.243810 -4.599222 2.790191
v 6.017305 -3.791604 2.944662
v 6.455013 -4.258893 2.577931
v 6.451420 -4.599222 2.582308
v 6.601274 -4.425733 2.326448
v 6.600387 -4.599222 2.329002
v 6.281840 -4.034627 2.784271
v 6.483198 -4.230968 2.577594
v 6.707559 -4.531908 2.038927
v 6.627283 -4.399488 2.326074
v 6.732278 -4.507366 2.038540
v 6.707398 -4.599222 2.040007
v 6.747701 -4.558143 1.726430
v 6.747701 -4.599222 1.726430
v 6.732278 -4.507366 2.038540
v 6.771773 -4.534180 1.726430
v 7.031116 -3.791604 2.944662
v 7.031116 -4.033905 2.785025
v 7.031116 -4.230669 2.578037
v 7.031116 -3.529809 3.039785
v 7.635599 -4.230969 2.577594
v 6.627283 -4.399488 2.326074
v 6.455013 -4.258893 2.577931
v 6.601274 -4.425733 2.326448
v 7.433926 -4.399488 2.326075
v 7.882933 -4.034629 2.784269
v 7.666126 -4.258134 2.577921
v 7.031116 -4.399416 2.326264
v 6.732278 -4.507366 2.038540
v 7.336681 -4.507366 2.038539
v 7.460955 -4.425429 2.326443
v 7.361355 -4.531918 2.038927
v 7.031116 -4.507360 2.038613
v 7.290389 -4.534180 1.726430
v 6.771773 -4.534180 1.726430
v 7.031116 -4.534180 1.726430
v 7.923034 -4.599222 2.790191
v 7.669727 -4.599222 2.582308
v 7.460955 -4.425429 2.326443
v 7.461845 -4.599222 2.329002
v 7.635599 -4.230969 2.577594
v 7.433926 -4.399488 2.326075
v 7.361355 -4.531918 2.038927
v 7.361516 -4.599222 2.040007
v 7.314530 -4.558143 1.726430
v 7.314530 -4.599222 1.726430
v 7.336681 -4.507366 2.038539
v 7.290389 -4.534180 1.726430
v 7.916146 -4.063014 2.784538
v 8.212028 -4.599222 2.944662
v 8.212028 -3.821600 2.944662
v 8.177034 -3.791604 2.944662
v 8.525605 -4.599222 3.039785
v 8.525605 -3.561894 3.039785
v 8.490804 -3.529809 3.039785
v 8.851715 -4.599222 3.071903
v 8.851715 -3.237380 3.071903
v 9.177825 -3.561894 3.039785
v 9.177825 -4.599222 3.039785
v 8.818030 -3.203694 3.071903
v 9.491403 -3.821620 2.944662
v 9.491403 -4.599222 2.944662
v 8.885401 -3.203694 3.071903
v 9.772180 -4.050903 2.794583
v 9.780397 -4.599222 2.790191
v 9.212626 -3.529809 3.039785
v 9.526424 -3.791604 2.944662
v 10.029148 -4.251716 2.586047
v 10.033704 -4.599222 2.582308
v 10.227403 -4.425756 2.324204
v 10.225850 -4.599222 2.329003
v 10.350104 -4.531747 2.035794
v 10.349859 -4.599222 2.040007
v 10.384162 -4.599222 1.726430
v 10.384089 -4.558089 1.727091
v 9.805141 -4.022223 2.794577
v 10.059100 -4.224231 2.586031
v 10.417614 -3.791602 2.944662
v 10.417614 -4.028963 2.790191
v 10.417614 -3.529807 3.039785
v 10.417614 -3.203698 3.071904
v 10.417614 -4.227793 2.582308
v 10.227403 -4.425756 2.324204
v 10.029148 -4.251716 2.586047
v 10.254155 -4.399720 2.324259
v 10.417614 -4.398384 2.329002
v 10.350104 -4.531747 2.035794
v 10.227403 -4.425756 2.324204
v 10.374528 -4.507384 2.036345
v 10.417614 -4.507239 2.040007
v 10.408151 -4.534155 1.726725
v 10.417614 -4.534180 1.726430
v 10.384089 -4.558089 1.727091
v 10.350104 -4.531747 2.035794
v 9.212918 -2.877587 3.039785
v 10.417614 -2.877587 3.039785
v 8.851715 -3.203694 3.071903
v 8.851715 -3.170008 3.071903
v 9.526954 -2.624451 2.944662
v 10.417614 -2.624452 2.944662
v 9.813270 -2.395672 2.790191
v 10.417614 -2.395672 2.790191
v 10.063477 -2.179682 2.582308
v 10.417614 -2.179682 2.582308
v 10.033704 -2.152023 2.582308
v 9.780397 -2.366814 2.790191
v 9.491403 -2.594810 2.944662
v 9.177825 -2.845706 3.039785
v 9.780397 -0.670974 2.790191
v 10.033704 -0.922550 2.582308
v 10.230402 -1.131447 2.318398
v 10.225985 -1.993058 2.328691
v 9.811393 -0.639978 2.790191
v 10.062575 -0.893284 2.582308
v 10.417614 -0.639978 2.790191
v 10.417614 -0.893285 2.582308
v 10.417614 -0.350984 2.944662
v 10.346026 -1.896616 2.048686
v 10.252878 -2.019096 2.329003
v 10.371663 -1.920127 2.045990
v 10.350777 -1.227414 2.030691
v 10.383163 -1.863510 1.735563
v 10.384124 -1.272569 1.726787
v 10.256411 -1.104435 2.319591
v 10.374883 -1.202454 2.033614
v 9.523839 -0.350983 2.944662
v 10.417614 -0.037406 3.039784
v 9.211191 -0.037404 3.039785
v 10.417614 0.280982 3.071143
v 8.893120 0.280982 3.071143
v 9.491403 -0.383419 2.944662
v 9.177825 -0.070770 3.039785
v 8.851715 0.280982 3.071903
v 8.525605 -0.070770 3.039785
v 8.810311 0.280982 3.071143
v 8.525605 -2.845706 3.039785
v 8.492240 -0.037404 3.039785
v 7.031116 0.280982 3.071143
v 7.031116 -0.037405 3.039785
v 8.179592 -0.350983 2.944662
v 7.031116 -0.350983 2.944662
v 8.212028 -0.383419 2.944662
v 7.892037 -0.639978 2.790191
v 7.031116 -0.639978 2.790191
v 8.212028 -2.594810 2.944662
v 7.923034 -0.670974 2.790191
v 7.640516 -0.893285 2.582308
v 7.031116 -0.893285 2.582308
v 7.669727 -0.922496 2.582308
v 7.435187 -1.101167 2.329002
v 7.669727 -0.922496 2.582308
v 7.461845 -1.127823 2.329002
v 7.031116 -1.101167 2.329002
v 7.336889 -1.201496 2.040007
v 7.461845 -1.127823 2.329002
v 7.361516 -1.226123 2.040007
v 7.031116 -1.201496 2.040007
v 7.290392 -1.248482 1.726430
v 7.031116 -1.248482 1.726430
v 7.361516 -1.226123 2.040007
v 7.314530 -1.272620 1.726430
v 7.923034 -2.366814 2.790191
v 7.669727 -2.152107 2.582308
v 7.461845 -1.127823 2.329002
v 7.461845 -1.993238 2.329002
v 7.361516 -1.226123 2.040007
v 7.639592 -2.179682 2.582308
v 7.434827 -2.019096 2.329002
v 7.361516 -1.893472 2.040007
v 7.314530 -1.272620 1.726430
v 7.314530 -1.862617 1.726430
v 7.336889 -1.918035 2.040007
v 7.290389 -1.886611 1.726430
v 7.890161 -2.395671 2.790191
v 7.639592 -2.179682 2.582308
v 8.176477 -2.624451 2.944662
v 7.031116 -2.395671 2.790191
v 8.490511 -2.877587 3.039785
v 7.031116 -2.624451 2.944662
v 7.031116 -2.877587 3.039785
v 7.031116 -3.203695 3.071904
v 5.776568 -2.877587 3.039785
v 6.017704 -2.624451 2.944662
v 5.776357 -3.529809 3.039785
v 5.451155 -3.203694 3.071903
v 5.417461 -3.203694 3.071903
v 5.417461 -3.237438 3.071903
v 5.061289 -3.529809 3.039785
v 5.093751 -3.563783 3.039785
v 5.093751 -4.599222 3.039785
v 4.855903 -3.823767 2.944662
v 4.855903 -4.599222 2.944662
v 4.823955 -3.791604 2.944662
v 4.601683 -4.051693 2.794577
v 4.593478 -4.599222 2.790191
v 4.380745 -4.252336 2.586040
v 4.376197 -4.599222 2.582308
v 4.570753 -4.022004 2.794720
v 4.226470 -4.425999 2.324211
v 4.228019 -4.599222 2.329003
v 4.352796 -4.224016 2.586258
v 4.123770 -4.531767 2.035795
v 4.124015 -4.599222 2.040007
v 4.099126 -4.507460 2.034413
v 4.200426 -4.399902 2.323615
v 4.089804 -4.558089 1.727091
v 4.089731 -4.599222 1.726430
v 4.099126 -4.507460 2.034413
v 4.065823 -4.534092 1.727452
v 3.936883 -4.024982 2.792783
v 3.936883 -3.791602 2.944662
v 3.936883 -4.225259 2.584958
v 3.936883 -3.529807 3.039785
v 3.049810 -3.791604 2.944662
v 3.303013 -4.022004 2.794720
v 3.520969 -4.224016 2.586258
v 4.200426 -4.399902 2.323615
v 4.380745 -4.252336 2.586040
v 4.226470 -4.425999 2.324211
v 3.936883 -4.399540 2.324893
v 4.099126 -4.507460 2.034413
v 3.673340 -4.399902 2.323615
v 3.493021 -4.252336 2.586040
v 3.647295 -4.425999 2.324211
v 3.774639 -4.507460 2.034413
v 3.936883 -4.507425 2.035311
v 4.065823 -4.534092 1.727452
v 3.807943 -4.534092 1.727452
v 3.936883 -4.534103 1.727318
v 3.493021 -4.252336 2.586040
v 3.272082 -4.051693 2.794577
v 3.280287 -4.599222 2.790191
v 3.497568 -4.599222 2.582308
v 3.647295 -4.425999 2.324211
v 3.017862 -4.599222 2.944662
v 3.645747 -4.599222 2.329003
v 3.017862 -3.823767 2.944662
v 2.780015 -4.599222 3.039785
v 3.749995 -4.531767 2.035795
v 2.780015 -3.563783 3.039785
v 3.749751 -4.599222 2.040007
v 3.673340 -4.399902 2.323615
v 3.774639 -4.507460 2.034413
v 3.784034 -4.599222 1.726430
v 3.783962 -4.558089 1.727091
v 3.774639 -4.507460 2.034413
v 3.807943 -4.534092 1.727452
v 2.456305 -4.599222 3.071903
v 2.812477 -3.529809 3.039785
v 2.456305 -3.237438 3.071903
v 3.936883 -3.203695 3.071904
v 2.489867 -3.203694 3.071903
v 2.130043 -3.563601 3.039785
v 2.130043 -4.599222 3.039785
v 2.456305 -3.203694 3.071903
v 2.812683 -2.877587 3.039785
v 2.422611 -3.203694 3.071903
v 1.888423 -3.823669 2.944662
v 1.888423 -4.599222 2.944662
v 2.097409 -3.529809 3.039785
v 1.856460 -3.791604 2.944662
v 1.623079 -4.063867 2.784547
v 1.629956 -4.599222 2.790191
v 1.591926 -4.034627 2.784271
v 1.418752 -4.258893 2.577931
v 1.591926 -4.034627 2.784271
v 1.390568 -4.230968 2.577594
v 1.422346 -4.599222 2.582308
v 1.272492 -4.425733 2.326448
v 1.273378 -4.599222 2.329002
v 1.141487 -4.507366 2.038540
v 1.246482 -4.399488 2.326074
v 1.166205 -4.531908 2.038927
v 1.166367 -4.599222 2.040007
v 1.126065 -4.558143 1.726430
v 1.126065 -4.599222 1.726430
v 1.141487 -4.507366 2.038540
v 1.101993 -4.534180 1.726430
v 0.972003 -3.791604 2.944662
v 0.972003 -4.034029 2.784894
v 1.390568 -4.230968 2.577594
v 0.972003 -3.529809 3.039785
v 0.352079 -4.034627 2.784271
v 0.087546 -3.791604 2.944662
v 0.553438 -4.230968 2.577594
v 0.972003 -4.230739 2.577932
v 1.246482 -4.399488 2.326074
v 1.418752 -4.258893 2.577931
v 1.272492 -4.425733 2.326448
v 0.972003 -4.399439 2.326203
v 0.697524 -4.399488 2.326074
v 0.525254 -4.258893 2.577931
v 0.671514 -4.425733 2.326448
v 0.802518 -4.507366 2.038540
v 1.141487 -4.507366 2.038540
v 0.972003 -4.507363 2.038581
v 0.842013 -4.534180 1.726430
v 1.101993 -4.534180 1.726430
v 0.972003 -4.534180 1.726430
v 5.383899 -3.203694 3.071903
v 5.061082 -2.877587 3.039785
v 5.417461 -3.169951 3.071903
v 5.093751 -2.843899 3.039785
v 3.936883 -2.877587 3.039785
v 5.743722 -2.844075 3.039785
v 5.417461 -1.849401 3.071903
v 5.093751 -1.849401 3.039785
v 5.743722 -1.849401 3.039785
v 5.985342 -2.592830 2.944662
v 5.985342 -1.849401 2.944662
v 6.243810 -2.365861 2.790191
v 6.243810 -1.849401 2.790191
v 6.451420 -2.151285 2.582308
v 6.451420 -1.849401 2.582308
v 6.274632 -2.395671 2.790191
v 6.600387 -1.992948 2.329002
v 6.600387 -1.849401 2.329002
v 6.479247 -2.179682 2.582308
v 6.707398 -1.893481 2.040007
v 6.707398 -1.849401 2.040007
v 6.732074 -1.918035 2.040007
v 6.626355 -2.019096 2.329002
v 6.747701 -1.862616 1.726430
v 6.747701 -1.849401 1.726430
v 7.031116 -2.179682 2.582308
v 7.434827 -2.019096 2.329002
v 6.626355 -2.019096 2.329002
v 6.451420 -2.151285 2.582308
v 6.600387 -1.992948 2.329002
v 7.031116 -2.019096 2.329003
v 6.732074 -1.918035 2.040007
v 7.361516 -1.893472 2.040007
v 7.461845 -1.993238 2.329002
v 7.336889 -1.918035 2.040007
v 7.031116 -1.918035 2.040007
v 7.290389 -1.886611 1.726430
v 7.031116 -1.886611 1.726430
v 6.771773 -1.886611 1.726430
v 6.707398 -1.893481 2.040007
v 6.747701 -1.862616 1.726430
v 3.936883 -2.624451 2.944662
v 4.823536 -2.624451 2.944662
v 3.050230 -2.624451 2.944662
v 4.855903 -2.592790 2.944662
v 4.855903 -1.849401 2.944662
v 4.593478 -2.366042 2.790191
v 4.593478 -1.849401 2.790191
v 4.376197 -2.151394 2.582308
v 4.376197 -1.849401 2.582308
v 4.562309 -2.395672 2.790191
v 4.227884 -1.992790 2.328688
v 4.227150 -1.849401 2.326975
v 4.348172 -2.179682 2.582308
v 4.127849 -1.896584 2.048685
v 4.202113 -2.019096 2.329003
v 4.103357 -1.921224 2.049128
v 4.127513 -1.849401 2.047417
v 4.090730 -1.863510 1.735563
v 4.090707 -1.849401 1.735354
v 4.103357 -1.921224 2.049128
v 4.066699 -1.887539 1.735693
v 3.936883 -2.395672 2.790191
v 3.311456 -2.395672 2.790191
v 3.936883 -2.179682 2.582308
v 3.525593 -2.179682 2.582308
v 3.280287 -2.366042 2.790191
v 4.202113 -2.019096 2.329003
v 4.376197 -2.151394 2.582308
v 4.227884 -1.992790 2.328688
v 3.936883 -2.019096 2.329003
v 4.103357 -1.921224 2.049128
v 3.671652 -2.019096 2.329003
v 3.497568 -2.151394 2.582308
v 3.645881 -1.992790 2.328688
v 3.770409 -1.921224 2.049128
v 3.936883 -1.920701 2.047631
v 4.066699 -1.887539 1.735693
v 3.807066 -1.887539 1.735693
v 3.936883 -1.887416 1.734462
v 3.497568 -2.151394 2.582308
v 3.280287 -1.849401 2.790191
v 3.497568 -1.849401 2.582308
v 3.017862 -1.849401 2.944662
v 3.645881 -1.992790 2.328688
v 3.646616 -1.849401 2.326975
v 3.017862 -2.592790 2.944662
v 2.780015 -1.849401 3.039785
v 2.780015 -2.843899 3.039785
v 2.456305 -1.849401 3.071903
v 2.456305 -3.169951 3.071903
v 2.130043 -2.844075 3.039785
v 2.130043 -1.849401 3.039785
v 1.888423 -2.592830 2.944662
v 1.888423 -1.849401 2.944662
v 1.856061 -2.624451 2.944662
v 1.629956 -2.365861 2.790191
v 1.629956 -1.849401 2.790191
v 1.422346 -2.151285 2.582308
v 1.422346 -1.849401 2.582308
v 1.273378 -1.992948 2.329002
v 1.273378 -1.849401 2.329002
v 1.166367 -1.893481 2.040007
v 1.247410 -2.019096 2.329002
v 1.141691 -1.918035 2.040007
v 1.166367 -1.849401 2.040007
v 1.126065 -1.862616 1.726430
v 1.126065 -1.849401 1.726430
v 1.599134 -2.395671 2.790191
v 1.422346 -2.151285 2.582308
v 1.629956 -2.365861 2.790191
v 1.394519 -2.179682 2.582308
v 0.972003 -2.624451 2.944662
v 0.972003 -2.395671 2.790191
v 0.972003 -2.179682 2.582308
v 0.344872 -2.395671 2.790191
v 1.247410 -2.019096 2.329002
v 1.422346 -2.151285 2.582308
v 1.273378 -1.992948 2.329002
v 0.972003 -2.019096 2.329002
v 0.549487 -2.179682 2.582308
v 0.314050 -2.365861 2.790191
v 0.521661 -2.151285 2.582308
v 0.696595 -2.019096 2.329002
v 0.521661 -2.151285 2.582308
v 0.670627 -1.992948 2.329002
v 0.802314 -1.918035 2.040007
v 1.141691 -1.918035 2.040007
v 0.972003 -1.918035 2.040007
v 0.842013 -1.886611 1.726430
v 0.777638 -1.893481 2.040007
v 0.817942 -1.862616 1.726430
v 0.972003 -1.886611 1.726430
v 1.101993 -1.886611 1.726430
v 1.126065 -1.862616 1.726430
v 1.166367 -1.893481 2.040007
v 0.972003 -3.203695 3.071904
v 0.972003 -2.877587 3.039785
v 2.097197 -2.877587 3.039785
v 0.087945 -2.624451 2.944662
v 0.314050 -2.365861 2.790191
v -0.153242 -2.877587 3.039785
v -0.509002 -3.203694 3.071837
v -0.153453 -3.529809 3.039785
v -0.509002 -3.168633 3.071708
v -0.509002 -3.238756 3.071708
v -0.186037 -2.844024 3.039785
v -0.509002 -1.849401 3.071579
v -0.186037 -1.849401 3.039785
v 0.055582 -2.592830 2.944662
v 0.055583 -1.849401 2.944662
v 0.314050 -1.849401 2.790191
v 0.521661 -2.151285 2.582308
v 0.521661 -1.849401 2.582308
v 0.670627 -1.992948 2.329002
v 0.670627 -1.849401 2.329002
v 0.777638 -1.893481 2.040007
v 0.777638 -1.849401 2.040007
v 0.802314 -1.918035 2.040007
v 0.696595 -2.019096 2.329002
v 0.817942 -1.862616 1.726430
v 0.817942 -1.849401 1.726430
v 0.055582 -3.823669 2.944662
v 0.055582 -4.599222 2.944662
v -0.186037 -4.599222 3.039785
v 0.320926 -4.063867 2.784547
v 0.314050 -4.599222 2.790191
v -0.186037 -3.563653 3.039785
v -0.509002 -4.599222 3.071579
v 0.525254 -4.258893 2.577931
v 0.352079 -4.034627 2.784271
v 0.553438 -4.230968 2.577594
v 0.521661 -4.599222 2.582308
v 0.671514 -4.425733 2.326448
v 0.670627 -4.599222 2.329002
v 0.777800 -4.531908 2.038927
v 0.697524 -4.399488 2.326074
v 0.802518 -4.507366 2.038540
v 0.777638 -4.599222 2.040007
v 0.817942 -4.558143 1.726430
v 0.817942 -4.599222 1.726430
v 0.802518 -4.507366 2.038540
v 0.842013 -4.534180 1.726430
v 3.746251 -1.849401 2.047417
v 3.745917 -1.896584 2.048685
v 3.770409 -1.921224 2.049128
v 3.671652 -2.019096 2.329003
v 3.783035 -1.863510 1.735563
v 3.783059 -1.849401 1.735354
v 3.807066 -1.887539 1.735693
v 3.770409 -1.921224 2.049128
v 10.374883 -1.202454 2.033614
v 10.417614 -1.201496 2.040006
v 10.417614 -1.248482 1.726429
v 10.417614 -1.101168 2.329002
v 10.408178 -1.248482 1.726429
v 10.350777 -1.227414 2.030691
v 10.384124 -1.272569 1.726787
v 10.256411 -1.104435 2.319591
v 10.417614 -0.893285 2.582308
v 10.062575 -0.893284 2.582308
v 10.033704 -0.922550 2.582308
v 10.230402 -1.131447 2.318398
v 10.252878 -2.019096 2.329003
v 10.417614 -2.019097 2.329003
v 10.417614 -2.179682 2.582308
v 10.063477 -2.179682 2.582308
v 10.225985 -1.993058 2.328691
v 10.033704 -2.152023 2.582308
v 10.371663 -1.920127 2.045990
v 10.417614 -1.918035 2.040008
v 10.407979 -1.886877 1.729082
v 10.417614 -1.886611 1.726431
v 10.383163 -1.863510 1.735563
v 10.346026 -1.896616 2.048686
v -6.435466 -4.599222 3.071903
v -6.761727 -4.599222 3.039785
v -6.761727 -3.529809 3.039785
v -7.003347 -3.791604 2.944662
v -7.003347 -4.599222 2.944662
v -6.435466 -3.203694 3.071903
v -7.269067 -4.034657 2.784239
v -7.261815 -4.599222 2.790191
v -8.049120 -3.529809 3.039785
v -7.473314 -4.230984 2.577571
v -7.469425 -4.599222 2.582308
v -8.049120 -3.791604 2.944662
v -7.619412 -4.399492 2.326062
v -7.618392 -4.599222 2.329002
v -7.725624 -4.507366 2.038534
v -7.725404 -4.599222 2.040007
v -7.765705 -4.534180 1.726430
v -7.765705 -4.599222 1.726430
v -8.049120 -4.033905 2.785025
v -8.049120 -4.230669 2.578037
v -7.619412 -4.399492 2.326062
v -8.933787 -4.034657 2.784239
v -8.049120 -4.399416 2.326264
v -7.725624 -4.507366 2.038534
v -8.478830 -4.399492 2.326062
v -8.379300 -4.507366 2.038534
v -8.683844 -4.230984 2.577571
v -8.049120 -4.507360 2.038613
v -7.765705 -4.534180 1.726430
v -8.332534 -4.534180 1.726430
v -8.049120 -4.534180 1.726430
v -8.941039 -4.599222 2.790191
v -8.687732 -4.599222 2.582308
v -8.478830 -4.399492 2.326062
v -9.230034 -4.599222 2.944662
v -8.479849 -4.599222 2.329002
v -8.379300 -4.507366 2.038534
v -8.379521 -4.599222 2.040007
v -8.332534 -4.534180 1.726430
v -8.332534 -4.599222 1.726430
v -9.230034 -3.791604 2.944662
v -9.543612 -4.599222 3.039785
v -9.543612 -3.529809 3.039785
v -9.869720 -4.599222 3.071903
v -8.049120 -3.203695 3.071904
v -9.869720 -3.203694 3.071903
v -10.195831 -3.529809 3.039785
v -10.195831 -4.599222 3.039785
v -10.509409 -3.791604 2.944662
v -10.509409 -4.599222 2.944662
v -11.435620 -3.529807 3.039785
v -11.435620 -3.203698 3.071904
v -11.435620 -3.791602 2.944662
v -10.789749 -4.021856 2.794816
v -10.798401 -4.599222 2.790191
v -11.435620 -4.028963 2.790191
v -11.046788 -4.223930 2.586346
v -11.051708 -4.599222 2.582308
v -11.435620 -4.227793 2.582308
v -11.245639 -4.399937 2.323490
v -11.245639 -4.399937 2.323490
v -11.243858 -4.599222 2.329003
v -11.435620 -4.398384 2.329002
v -11.368198 -4.507465 2.034277
v -11.368198 -4.507465 2.034277
v -11.367866 -4.599222 2.040007
v -11.435620 -4.507239 2.040007
v -11.402051 -4.534089 1.727478
v -11.402167 -4.599222 1.726430
v -11.402051 -4.534089 1.727478
v -11.435620 -4.534180 1.726430
v -4.954888 -4.507425 2.035311
v -4.954888 -4.534103 1.727318
v -5.107851 -4.534089 1.727478
v -4.825947 -4.534092 1.727452
v -5.141687 -4.507465 2.034277
v -4.792643 -4.507460 2.034413
v -4.954888 -4.399540 2.324893
v -5.244242 -4.399937 2.323490
v -4.691345 -4.399902 2.323615
v -4.954888 -4.225259 2.584958
v -5.399123 -4.223930 2.586346
v -4.511025 -4.252336 2.586040
v -4.665301 -4.425999 2.324211
v -4.538974 -4.224016 2.586258
v -4.954888 -4.024982 2.792783
v -4.321018 -4.022004 2.794720
v -4.511025 -4.252336 2.586040
v -5.620135 -4.021856 2.794816
v -4.954888 -3.791602 2.944662
v -5.611483 -4.599222 2.790191
v -5.394203 -4.599222 2.582308
v -5.244242 -4.399937 2.323490
v -5.873908 -4.599222 2.944662
v -5.246025 -4.599222 2.329003
v -5.141687 -4.507465 2.034277
v -5.142019 -4.599222 2.040007
v -5.107851 -4.534089 1.727478
v -5.107736 -4.599222 1.726430
v -5.873908 -3.791604 2.944662
v -6.111756 -4.599222 3.039785
v -6.111756 -3.529809 3.039785
v -4.954888 -3.529807 3.039785
v -4.067815 -3.791604 2.944662
v -4.954888 -3.203695 3.071904
v -3.830482 -3.529809 3.039785
v -4.290088 -4.051693 2.794577
v -4.298292 -4.599222 2.790191
v -4.515572 -4.599222 2.582308
v -4.035867 -4.599222 2.944662
v -4.665301 -4.425999 2.324211
v -4.663751 -4.599222 2.329003
v -4.035867 -3.823767 2.944662
v -3.798019 -4.599222 3.039785
v -3.798019 -3.563783 3.039785
v -3.474310 -4.599222 3.071903
v -4.768000 -4.531767 2.035795
v -4.767756 -4.599222 2.040007
v -4.792643 -4.507460 2.034413
v -4.691345 -4.399902 2.323615
v -4.801967 -4.558089 1.727091
v -4.802039 -4.599222 1.726430
v -4.792643 -4.507460 2.034413
v -4.825947 -4.534092 1.727452
v -3.474310 -3.237438 3.071903
v -3.148048 -3.563601 3.039785
v -3.148048 -4.599222 3.039785
v -3.474310 -3.203694 3.071903
v -3.507872 -3.203694 3.071903
v -3.474310 -3.169951 3.071903
v -2.906428 -3.823669 2.944662
v -2.906428 -4.599222 2.944662
v -2.874465 -3.791604 2.944662
v -2.641084 -4.063867 2.784547
v -2.647961 -4.599222 2.790191
v -2.436758 -4.258893 2.577931
v -2.440350 -4.599222 2.582308
v -2.609930 -4.034627 2.784271
v -2.408572 -4.230968 2.577594
v -2.290497 -4.425733 2.326448
v -2.291383 -4.599222 2.329002
v -2.609930 -4.034627 2.784271
v -2.184210 -4.531908 2.038927
v -2.264487 -4.399488 2.326074
v -2.159491 -4.507366 2.038540
v -2.184371 -4.599222 2.040007
v -2.144070 -4.558143 1.726430
v -2.144070 -4.599222 1.726430
v -2.159491 -4.507366 2.038540
v -2.119998 -4.534180 1.726430
v -1.990008 -3.791604 2.944662
v -1.990008 -4.034029 2.784894
v -2.408572 -4.230968 2.577594
v -1.370084 -4.034627 2.784271
v -1.571443 -4.230968 2.577594
v -1.105550 -3.791604 2.944662
v -1.990008 -4.230739 2.577932
v -1.715528 -4.399488 2.326074
v -1.543258 -4.258893 2.577931
v -1.689519 -4.425733 2.326448
v -1.990008 -4.399439 2.326203
v -2.264487 -4.399488 2.326074
v -2.436758 -4.258893 2.577931
v -2.290497 -4.425733 2.326448
v -2.159491 -4.507366 2.038540
v -1.820523 -4.507366 2.038540
v -1.990008 -4.507363 2.038581
v -2.119998 -4.534180 1.726430
v -1.860019 -4.534180 1.726430
v -1.990008 -4.534180 1.726430
v -6.111756 -2.877587 3.039785
v -4.954888 -2.877587 3.039785
v -6.435466 -1.849401 3.071903
v -6.111756 -1.849401 3.039785
v -6.761727 -2.877587 3.039785
v -5.873908 -2.624451 2.944662
v -5.873908 -1.849401 2.944662
v -6.761727 -1.849401 3.039785
v -7.003347 -2.624451 2.944662
v -7.003347 -1.849401 2.944662
v -8.049120 -2.877587 3.039785
v -9.543612 -2.877587 3.039785
v -7.261815 -2.395671 2.790191
v -7.261815 -1.849401 2.790191
v -8.049120 -2.624451 2.944662
v -9.230034 -2.624451 2.944662
v -8.049120 -2.395671 2.790191
v -7.469425 -2.179682 2.582308
v -7.469425 -1.849401 2.582308
v -7.618392 -2.019096 2.329002
v -7.618392 -1.849401 2.329002
v -7.725404 -1.918035 2.040007
v -7.725404 -1.849401 2.040007
v -7.765705 -1.886611 1.726430
v -7.765705 -1.849401 1.726430
v -8.049120 -2.179682 2.582308
v -7.618392 -2.019096 2.329002
v -8.941039 -2.395671 2.790191
v -8.687732 -2.179682 2.582308
v -8.479849 -2.019096 2.329002
v -8.049120 -2.019096 2.329003
v -7.725404 -1.918035 2.040007
v -8.379521 -1.918035 2.040007
v -8.049120 -1.918035 2.040007
v -7.765705 -1.886611 1.726430
v -8.332534 -1.886611 1.726430
v -8.049120 -1.886611 1.726430
v -8.479849 -1.101167 2.329002
v -8.479849 -2.019096 2.329002
v -8.379521 -1.201496 2.040007
v -8.379521 -1.918035 2.040007
v -8.332534 -1.248482 1.726430
v -8.332534 -1.886611 1.726430
v -8.687732 -0.893285 2.582308
v -8.941039 -0.639978 2.790191
v -8.049120 -0.639978 2.790191
v -8.049120 -0.893285 2.582308
v -8.479849 -1.101167 2.329002
v -8.049120 -0.350983 2.944662
v -8.049120 -1.101167 2.329002
v -8.379521 -1.201496 2.040007
v -8.049120 -1.201496 2.040007
v -8.332534 -1.248482 1.726430
v -8.049120 -1.248482 1.726430
v -9.230034 -0.350983 2.944662
v -8.049120 -0.037405 3.039785
v -9.543612 -0.037404 3.039785
v -8.049120 0.280982 3.071143
v -9.862001 0.280982 3.071143
v -9.869720 0.280982 3.071903
v -10.195831 -0.037404 3.039785
v -9.877439 0.280982 3.071143
v -11.435620 0.280982 3.071143
v -11.435620 -0.037406 3.039784
v -10.195831 -2.877587 3.039785
v -11.435620 -2.877587 3.039785
v -10.509409 -0.350983 2.944662
v -11.435620 -0.350984 2.944662
v -10.509409 -2.624451 2.944662
v -11.435620 -2.624452 2.944662
v -10.798401 -0.639978 2.790191
v -11.435620 -0.639978 2.790191
v -10.798401 -2.395672 2.790191
v -11.435620 -2.395672 2.790191
v -11.051708 -0.893284 2.582308
v -11.435620 -0.893285 2.582308
v -11.051708 -2.179682 2.582308
v -11.435620 -2.179682 2.582308
v -11.248542 -1.104958 2.318081
v -11.243858 -2.019096 2.329003
v -11.363856 -1.921302 2.049350
v -11.368956 -1.202990 2.030034
v -11.402167 -1.248482 1.726430
v -11.401129 -1.887562 1.735921
v -4.954888 -2.624451 2.944662
v -5.611483 -2.395672 2.790191
v -5.611483 -1.849401 2.790191
v -5.394203 -2.179682 2.582308
v -5.394203 -1.849401 2.582308
v -5.246025 -2.019096 2.329003
v -5.245154 -1.849401 2.326975
v -5.146030 -1.921302 2.049350
v -5.145519 -1.849401 2.047417
v -5.108774 -1.887562 1.735921
v -5.108712 -1.849401 1.735354
v -4.954888 -2.395672 2.790191
v -4.954888 -2.179682 2.582308
v -5.246025 -2.019096 2.329003
v -4.329461 -2.395672 2.790191
v -4.954888 -2.019096 2.329003
v -5.146030 -1.921302 2.049350
v -4.543597 -2.179682 2.582308
v -4.689658 -2.019096 2.329003
v -4.515572 -2.151394 2.582308
v -4.663886 -1.992790 2.328688
v -4.788413 -1.921224 2.049128
v -4.515572 -2.151394 2.582308
v -4.954888 -1.920701 2.047631
v -4.825072 -1.887539 1.735693
v -5.108774 -1.887562 1.735921
v -4.954888 -1.887416 1.734462
v -4.298292 -2.366042 2.790191
v -4.298292 -1.849401 2.790191
v -4.515572 -1.849401 2.582308
v -4.663886 -1.992790 2.328688
v -4.035867 -1.849401 2.944662
v -4.664621 -1.849401 2.326975
v -4.035867 -2.592790 2.944662
v -3.798019 -1.849401 3.039785
v -4.068235 -2.624451 2.944662
v -3.798019 -2.843899 3.039785
v -3.830687 -2.877587 3.039785
v -3.474310 -1.849401 3.071903
v -3.148048 -2.844075 3.039785
v -3.148048 -1.849401 3.039785
v -3.115201 -2.877587 3.039785
v -2.906428 -2.592830 2.944662
v -2.906428 -1.849401 2.944662
v -2.874065 -2.624451 2.944662
v -2.647961 -2.365861 2.790191
v -2.647961 -1.849401 2.790191
v -2.440350 -2.151285 2.582308
v -2.440350 -1.849401 2.582308
v -2.291383 -1.992948 2.329002
v -2.291383 -1.849401 2.329002
v -2.617139 -2.395671 2.790191
v -2.184371 -1.893481 2.040007
v -2.184371 -1.849401 2.040007
v -2.159696 -1.918035 2.040007
v -2.265415 -2.019096 2.329002
v -2.144070 -1.862616 1.726430
v -2.144070 -1.849401 1.726430
v -1.990008 -2.624451 2.944662
v -1.990008 -2.877587 3.039785
v -1.990008 -2.395671 2.790191
v -1.105950 -2.624451 2.944662
v -2.412523 -2.179682 2.582308
v -2.647961 -2.365861 2.790191
v -2.440350 -2.151285 2.582308
v -1.362877 -2.395671 2.790191
v -1.539665 -2.151285 2.582308
v -1.332055 -2.365861 2.790191
v -1.567492 -2.179682 2.582308
v -1.332055 -2.365861 2.790191
v -1.990008 -2.179682 2.582308
v -1.714600 -2.019096 2.329002
v -1.539665 -2.151285 2.582308
v -1.688632 -1.992948 2.329002
v -2.265415 -2.019096 2.329002
v -2.440350 -2.151285 2.582308
v -2.291383 -1.992948 2.329002
v -1.990008 -2.019096 2.329002
v -2.159696 -1.918035 2.040007
v -1.820318 -1.918035 2.040007
v -1.990008 -1.918035 2.040007
v -2.119998 -1.886611 1.726430
v -2.184371 -1.893481 2.040007
v -2.144070 -1.862616 1.726430
v -1.990008 -1.886611 1.726430
v -1.860019 -1.886611 1.726430
v -1.835946 -1.862616 1.726430
v -1.795643 -1.893481 2.040007
v -1.990008 -3.203695 3.071904
v -3.440615 -3.203694 3.071903
v -3.115413 -3.529809 3.039785
v -1.990008 -3.529809 3.039785
v -0.864552 -3.529809 3.039785
v -0.509002 -3.203694 3.071837
v -0.509002 -3.238756 3.071708
v -0.864763 -2.877587 3.039785
v -0.509002 -3.168633 3.071708
v -0.831968 -2.844024 3.039785
v -0.509002 -1.849401 3.071579
v -0.831968 -1.849401 3.039785
v -1.073587 -2.592830 2.944662
v -1.073588 -1.849401 2.944662
v -1.332055 -1.849401 2.790191
v -1.539665 -2.151285 2.582308
v -1.539665 -1.849401 2.582308
v -1.688632 -1.992948 2.329002
v -1.688632 -1.849401 2.329002
v -1.795643 -1.893481 2.040007
v -1.714600 -2.019096 2.329002
v -1.820318 -1.918035 2.040007
v -1.795643 -1.849401 2.040007
v -1.835946 -1.862616 1.726430
v -1.835946 -1.849401 1.726430
v -0.831968 -4.599222 3.039785
v -1.073587 -4.599222 2.944662
v -1.073587 -3.823669 2.944662
v -0.831968 -3.563653 3.039785
v -0.509002 -4.599222 3.071579
v -1.338930 -4.063867 2.784547
v -1.332055 -4.599222 2.790191
v -1.543258 -4.258893 2.577931
v -1.370084 -4.034627 2.784271
v -1.571443 -4.230968 2.577594
v -1.539665 -4.599222 2.582308
v -1.689519 -4.425733 2.326448
v -1.688632 -4.599222 2.329002
v -1.820523 -4.507366 2.038540
v -1.715528 -4.399488 2.326074
v -1.795805 -4.531908 2.038927
v -1.795643 -4.599222 2.040007
v -1.835946 -4.558143 1.726430
v -1.835946 -4.599222 1.726430
v -1.820523 -4.507366 2.038540
v -1.860019 -4.534180 1.726430
v -4.763921 -1.896584 2.048685
v -4.689658 -2.019096 2.329003
v -4.788413 -1.921224 2.049128
v -4.764256 -1.849401 2.047417
v -4.801040 -1.863510 1.735563
v -4.801063 -1.849401 1.735354
v -4.788413 -1.921224 2.049128
v -4.825072 -1.887539 1.735693
v -11.368956 -1.202990 2.030034
v -11.402167 -1.248482 1.726430
v -11.435620 -1.248482 1.726429
v -11.435620 -1.201496 2.040006
v -11.435620 -1.101168 2.329002
v -11.248542 -1.104958 2.318081
v -11.435620 -0.893285 2.582308
v -11.051708 -0.893284 2.582308
v -11.243858 -2.019096 2.329003
v -11.051708 -2.179682 2.582308
v -11.435620 -2.179682 2.582308
v -11.435620 -2.019097 2.329003
v -11.363856 -1.921302 2.049350
v -11.435620 -1.918035 2.040008
v -11.401129 -1.887562 1.735921
v -11.435620 -1.886611 1.726431
v 5.743722 4.125567 3.039785
v 5.417461 3.799404 3.071903
v 5.417461 5.161187 3.071903
v 5.743722 5.161187 3.039785
v 5.093751 4.125749 3.039785
v 5.093751 5.161187 3.039785
v 5.061289 4.091775 3.039785
v 4.855903 4.385731 2.944662
v 4.855903 5.161187 2.944662
v 4.823955 4.353569 2.944662
v 4.601683 4.613658 2.794577
v 4.593478 5.161187 2.790191
v 4.380744 4.814301 2.586040
v 4.376197 5.161187 2.582308
v 4.570753 4.583969 2.794720
v 4.226470 4.987964 2.324211
v 4.228019 5.161187 2.329003
v 4.352796 4.785981 2.586258
v 4.123771 5.093733 2.035795
v 4.124015 5.161187 2.040007
v 4.099127 5.069426 2.034413
v 4.200425 4.961866 2.323615
v 4.089804 5.120054 1.727091
v 4.089731 5.161187 1.726430
v 4.099127 5.069426 2.034413
v 4.065823 5.096057 1.727452
v 3.936883 4.353568 2.944662
v 3.936883 4.586947 2.792783
v 3.936883 4.091773 3.039785
v 3.049810 4.353569 2.944662
v 3.303013 4.583969 2.794720
v 3.520969 4.785981 2.586258
v 3.936883 4.787224 2.584958
v 4.200425 4.961866 2.323615
v 4.380744 4.814301 2.586040
v 4.226470 4.987964 2.324211
v 3.936883 4.961506 2.324893
v 4.099127 5.069426 2.034413
v 3.673340 4.961866 2.323615
v 3.493021 4.814301 2.586040
v 3.647295 4.987964 2.324211
v 3.774639 5.069426 2.034413
v 3.936883 5.069390 2.035311
v 4.065823 5.096057 1.727452
v 3.807943 5.096057 1.727452
v 3.936883 5.096068 1.727318
v 3.493021 4.814301 2.586040
v 3.272082 4.613658 2.794577
v 3.280287 5.161187 2.790191
v 3.497568 5.161187 2.582308
v 3.647295 4.987964 2.324211
v 3.017862 5.161187 2.944662
v 3.645747 5.161187 2.329003
v 3.017862 4.385731 2.944662
v 2.780015 5.161187 3.039785
v 3.749995 5.093733 2.035795
v 2.780015 4.125749 3.039785
v 3.673340 4.961866 2.323615
v 3.774639 5.069426 2.034413
v 3.749751 5.161187 2.040007
v 3.784034 5.161187 1.726430
v 3.783962 5.120054 1.727091
v 3.774639 5.069426 2.034413
v 3.807943 5.096057 1.727452
v 2.456305 5.161187 3.071903
v 2.812477 4.091775 3.039785
v 2.456305 3.799404 3.071903
v 3.936883 3.765661 3.071904
v 2.489867 3.765659 3.071903
v 2.130043 4.125567 3.039785
v 2.130043 5.161187 3.039785
v 2.456305 3.765659 3.071903
v 1.888423 4.385634 2.944662
v 1.888423 5.161187 2.944662
v 2.812683 3.439552 3.039785
v 2.422611 3.765659 3.071903
v 1.623079 4.625832 2.784547
v 1.629956 5.161187 2.790191
v 1.856460 4.353569 2.944662
v 1.418752 4.820859 2.577931
v 1.422346 5.161187 2.582308
v 1.591926 4.596593 2.784271
v 1.390568 4.792934 2.577594
v 1.272492 4.987698 2.326448
v 1.273378 5.161187 2.329002
v 1.591926 4.596593 2.784271
v 1.166205 5.093875 2.038927
v 1.166367 5.161187 2.040007
v 1.141487 5.069331 2.038540
v 1.246482 4.961452 2.326074
v 1.126065 5.120108 1.726430
v 1.126065 5.161187 1.726430
v 1.141487 5.069331 2.038540
v 1.101993 5.096145 1.726430
v 0.972003 4.353569 2.944662
v 0.972003 4.595995 2.784894
v 1.390568 4.792934 2.577594
v 0.352079 4.596593 2.784271
v 0.553438 4.792934 2.577594
v 0.087546 4.353569 2.944662
v 0.972003 4.792705 2.577932
v 0.697524 4.961452 2.326074
v 0.525254 4.820859 2.577931
v 0.671514 4.987698 2.326448
v 1.246482 4.961452 2.326074
v 1.418752 4.820859 2.577931
v 1.272492 4.987698 2.326448
v 0.972003 4.961404 2.326203
v 1.141487 5.069331 2.038540
v 0.802518 5.069331 2.038540
v 0.972003 5.069327 2.038581
v 1.101993 5.096145 1.726430
v 0.842013 5.096145 1.726430
v 0.972003 5.096145 1.726430
v 5.985342 4.385634 2.944662
v 5.985342 5.161187 2.944662
v 6.250687 4.625832 2.784547
v 6.243810 5.161187 2.790191
v 6.017305 4.353569 2.944662
v 6.455014 4.820859 2.577931
v 6.451420 5.161187 2.582308
v 6.601274 4.987698 2.326448
v 6.600387 5.161187 2.329002
v 6.281840 4.596593 2.784271
v 6.483198 4.792934 2.577594
v 6.707559 5.093875 2.038927
v 6.627283 4.961452 2.326074
v 6.732279 5.069331 2.038540
v 6.707398 5.161187 2.040007
v 6.747701 5.120108 1.726430
v 6.747701 5.161187 1.726430
v 6.732279 5.069331 2.038540
v 6.771773 5.096145 1.726430
v 7.031115 4.353569 2.944662
v 7.031115 4.595871 2.785025
v 7.031115 4.792635 2.578037
v 7.031115 4.091775 3.039785
v 6.627283 4.961452 2.326074
v 6.455014 4.820859 2.577931
v 6.601274 4.987698 2.326448
v 7.635600 4.792934 2.577594
v 7.433926 4.961452 2.326075
v 7.882933 4.596594 2.784269
v 7.666126 4.820100 2.577921
v 7.031115 4.961381 2.326264
v 6.732279 5.069331 2.038540
v 7.336681 5.069331 2.038539
v 7.460955 4.987394 2.326443
v 7.361355 5.093884 2.038927
v 7.031115 5.069325 2.038613
v 7.290389 5.096145 1.726430
v 6.771773 5.096145 1.726430
v 7.031115 5.096145 1.726430
v 8.177034 4.353569 2.944662
v 7.916146 4.624979 2.784538
v 8.490804 4.091775 3.039785
v 7.923034 5.161187 2.790191
v 7.669727 5.161187 2.582308
v 8.212028 5.161187 2.944662
v 7.460955 4.987394 2.326443
v 7.635600 4.792934 2.577594
v 7.433926 4.961452 2.326075
v 7.461845 5.161187 2.329002
v 7.361355 5.093884 2.038927
v 7.361516 5.161187 2.040007
v 7.314529 5.120108 1.726430
v 7.314529 5.161187 1.726430
v 7.336681 5.069331 2.038539
v 7.290389 5.096145 1.726430
v 8.212028 4.383566 2.944662
v 8.525605 5.161187 3.039785
v 8.525605 4.123860 3.039785
v 8.851715 5.161187 3.071903
v 8.851715 3.799346 3.071903
v 8.818030 3.765659 3.071903
v 9.177826 4.123860 3.039785
v 9.177826 5.161187 3.039785
v 9.491403 4.383586 2.944662
v 9.491403 5.161187 2.944662
v 8.885401 3.765659 3.071903
v 9.772180 4.612867 2.794583
v 9.780397 5.161187 2.790191
v 9.212626 4.091775 3.039785
v 9.526424 4.353569 2.944662
v 10.029147 4.813680 2.586047
v 10.033704 5.161187 2.582308
v 10.227403 4.987720 2.324204
v 10.225850 5.161187 2.329003
v 10.350105 5.093712 2.035794
v 10.349859 5.161187 2.040007
v 10.384162 5.161187 1.726430
v 10.384089 5.120054 1.727091
v 9.805140 4.584189 2.794577
v 10.059100 4.786198 2.586031
v 10.417614 4.353568 2.944662
v 10.417614 4.590929 2.790191
v 10.417614 4.091772 3.039785
v 10.417614 3.765663 3.071904
v 10.417614 4.789758 2.582308
v 10.029147 4.813680 2.586047
v 10.227403 4.987720 2.324204
v 10.254154 4.961685 2.324259
v 10.417614 4.960350 2.329002
v 10.350105 5.093712 2.035794
v 10.227403 4.987720 2.324204
v 10.374528 5.069349 2.036345
v 10.417614 5.069204 2.040007
v 10.408151 5.096119 1.726725
v 10.417614 5.096145 1.726430
v 10.384089 5.120054 1.727091
v 10.350105 5.093712 2.035794
v 9.212919 3.439552 3.039785
v 10.417614 3.439553 3.039785
v 8.851715 3.765659 3.071903
v 8.851715 3.731974 3.071903
v 9.526954 3.186417 2.944662
v 10.417614 3.186418 2.944662
v 9.813270 2.957637 2.790191
v 10.417614 2.957638 2.790191
v 10.063476 2.741647 2.582308
v 10.417614 2.741647 2.582308
v 10.033704 2.713989 2.582308
v 9.780397 2.928779 2.790191
v 9.491403 3.156775 2.944662
v 9.177826 3.407671 3.039785
v 9.780397 1.232940 2.790191
v 10.033704 1.484515 2.582308
v 10.230402 1.693413 2.318398
v 10.225984 2.555023 2.328691
v 9.811393 1.201943 2.790191
v 10.062574 1.455250 2.582308
v 10.417614 1.201944 2.790191
v 10.417614 1.455250 2.582308
v 10.417614 0.912949 2.944662
v 9.523839 0.912949 2.944662
v 10.417614 0.599372 3.039784
v 9.491403 0.945385 2.944662
v 9.211191 0.599370 3.039785
v 10.417614 0.280982 3.071143
v 8.893120 0.280982 3.071143
v 9.177826 0.632734 3.039785
v 8.851715 0.280982 3.071903
v 8.525605 0.632735 3.039785
v 8.810311 0.280982 3.071143
v 8.525605 3.407671 3.039785
v 8.492240 0.599370 3.039785
v 7.031116 0.280982 3.071143
v 7.031115 0.599370 3.039785
v 8.179592 0.912948 2.944662
v 7.031115 0.912948 2.944662
v 8.212028 0.945385 2.944662
v 7.892037 1.201943 2.790191
v 7.031115 1.201944 2.790191
v 7.640516 1.455250 2.582308
v 7.031115 1.455250 2.582308
v 7.923034 1.232940 2.790191
v 7.669727 1.484462 2.582308
v 7.435188 1.663133 2.329002
v 7.669727 1.484462 2.582308
v 7.461845 1.689789 2.329002
v 7.031115 1.663133 2.329002
v 7.336889 1.763461 2.040007
v 7.461845 1.689789 2.329002
v 7.361516 1.788089 2.040007
v 7.031115 1.763461 2.040007
v 7.290392 1.810447 1.726430
v 7.031115 1.810447 1.726430
v 7.361516 1.788089 2.040007
v 7.314529 1.834585 1.726430
v 7.923034 2.928779 2.790191
v 8.212028 3.156775 2.944662
v 7.669727 2.714071 2.582308
v 7.461845 1.689789 2.329002
v 8.490511 3.439552 3.039785
v 8.176477 3.186417 2.944662
v 7.890161 2.957637 2.790191
v 7.461845 2.555203 2.329002
v 7.361516 1.788089 2.040007
v 7.639592 2.741647 2.582308
v 7.434827 2.581062 2.329002
v 7.361516 2.455438 2.040007
v 7.314529 1.834585 1.726430
v 7.314529 2.424583 1.726430
v 7.336889 2.480001 2.040007
v 7.290389 2.448576 1.726430
v 7.639592 2.741647 2.582308
v 7.031115 2.957637 2.790191
v 7.031115 3.186417 2.944662
v 7.031115 2.741647 2.582308
v 7.031115 3.439552 3.039785
v 7.434827 2.581062 2.329002
v 6.017704 3.186417 2.944662
v 7.461845 2.555203 2.329002
v 7.361516 2.455438 2.040007
v 7.336889 2.480001 2.040007
v 7.031115 2.581062 2.329003
v 6.626355 2.581062 2.329002
v 7.031115 2.480001 2.040007
v 7.290389 2.448576 1.726430
v 7.031115 2.448576 1.726430
v 6.771773 2.448576 1.726430
v 6.732074 2.480001 2.040007
v 6.707398 2.455446 2.040007
v 6.747701 2.424582 1.726430
v 6.600387 2.554914 2.329002
v 6.451420 2.713251 2.582308
v 6.479247 2.741647 2.582308
v 6.274632 2.957637 2.790191
v 6.243810 2.927827 2.790191
v 6.451420 2.713251 2.582308
v 6.243810 2.411367 2.790191
v 6.451420 2.411367 2.582308
v 5.985342 2.411367 2.944662
v 6.600387 2.554914 2.329002
v 6.600387 2.411367 2.329002
v 5.985342 3.154795 2.944662
v 5.743722 2.411367 3.039785
v 6.707398 2.455446 2.040007
v 6.707398 2.411367 2.040007
v 6.732074 2.480001 2.040007
v 6.626355 2.581062 2.329002
v 6.747701 2.424582 1.726430
v 6.747701 2.411367 1.726430
v 5.743722 3.406041 3.039785
v 5.417461 2.411367 3.071903
v 5.776568 3.439552 3.039785
v 5.417461 3.731916 3.071903
v 5.093751 3.405863 3.039785
v 5.093751 2.411367 3.039785
v 5.417461 3.765659 3.071903
v 7.031115 3.765661 3.071904
v 5.451155 3.765659 3.071903
v 5.776357 4.091775 3.039785
v 5.383899 3.765659 3.071903
v 5.061082 3.439552 3.039785
v 3.936883 3.439552 3.039785
v 4.823536 3.186417 2.944662
v 4.855903 3.154755 2.944662
v 4.855903 2.411367 2.944662
v 4.593478 2.928006 2.790191
v 4.593478 2.411367 2.790191
v 4.376197 2.713360 2.582308
v 4.376197 2.411367 2.582308
v 4.227884 2.554755 2.328688
v 4.227150 2.411367 2.326975
v 4.562309 2.957637 2.790191
v 4.348173 2.741647 2.582308
v 4.127849 2.458549 2.048685
v 4.202114 2.581062 2.329003
v 4.103357 2.483190 2.049128
v 4.127513 2.411367 2.047417
v 4.090730 2.425476 1.735563
v 4.090707 2.411367 1.735354
v 4.103357 2.483190 2.049128
v 4.066699 2.449504 1.735693
v 3.936883 3.186417 2.944662
v 3.936883 2.957638 2.790191
v 3.050230 3.186417 2.944662
v 3.311456 2.957637 2.790191
v 3.936883 2.741647 2.582308
v 3.525593 2.741647 2.582308
v 3.280287 2.928006 2.790191
v 4.202114 2.581062 2.329003
v 4.376197 2.713360 2.582308
v 4.227884 2.554755 2.328688
v 3.936883 2.581062 2.329003
v 4.103357 2.483190 2.049128
v 3.671652 2.581062 2.329003
v 3.497568 2.713360 2.582308
v 3.645881 2.554755 2.328688
v 3.770409 2.483190 2.049128
v 3.936883 2.482667 2.047631
v 4.066699 2.449504 1.735693
v 3.807067 2.449504 1.735693
v 3.936883 2.449381 1.734462
v 3.497568 2.713360 2.582308
v 3.280287 2.411367 2.790191
v 3.497568 2.411367 2.582308
v 3.017862 2.411367 2.944662
v 3.645881 2.554755 2.328688
v 3.646616 2.411367 2.326975
v 3.017862 3.154755 2.944662
v 2.780015 2.411367 3.039785
v 2.780015 3.405863 3.039785
v 2.456305 2.411367 3.071903
v 2.456305 3.731916 3.071903
v 2.130043 3.406041 3.039785
v 2.130043 2.411367 3.039785
v 1.888423 3.154795 2.944662
v 1.888423 2.411367 2.944662
v 1.856061 3.186417 2.944662
v 1.629956 2.927827 2.790191
v 1.629956 2.411367 2.790191
v 1.422346 2.713251 2.582308
v 1.422346 2.411367 2.582308
v 1.273378 2.554914 2.329002
v 1.273378 2.411367 2.329002
v 1.166367 2.455446 2.040007
v 1.247410 2.581062 2.329002
v 1.141691 2.480001 2.040007
v 1.166367 2.411367 2.040007
v 1.126065 2.424582 1.726430
v 1.126065 2.411367 1.726430
v 1.599134 2.957637 2.790191
v 1.629956 2.927827 2.790191
v 1.422346 2.713251 2.582308
v 1.394519 2.741647 2.582308
v 0.972003 3.186417 2.944662
v 0.972003 2.957637 2.790191
v 0.972003 2.741647 2.582308
v 0.344872 2.957637 2.790191
v 1.247410 2.581062 2.329002
v 1.422346 2.713251 2.582308
v 1.273378 2.554914 2.329002
v 0.972003 2.581062 2.329002
v 0.549487 2.741647 2.582308
v 0.314050 2.927827 2.790191
v 0.521661 2.713251 2.582308
v 0.696595 2.581062 2.329002
v 0.521661 2.713251 2.582308
v 0.670627 2.554914 2.329002
v 0.802314 2.480001 2.040007
v 1.141691 2.480001 2.040007
v 0.972003 2.480001 2.040007
v 0.842013 2.448576 1.726430
v 0.777638 2.455446 2.040007
v 0.817942 2.424582 1.726430
v 0.972003 2.448576 1.726430
v 1.101993 2.448576 1.726430
v 1.126065 2.424582 1.726430
v 1.166367 2.455446 2.040007
v 2.097197 3.439552 3.039785
v 0.972003 3.439552 3.039785
v 0.972003 3.765661 3.071904
v 0.087945 3.186417 2.944662
v 0.314050 2.927827 2.790191
v -0.153242 3.439552 3.039785
v 0.055582 3.154795 2.944662
v -0.186037 3.405989 3.039785
v 0.055583 2.411367 2.944662
v 0.314050 2.411367 2.790191
v -0.186037 2.411367 3.039785
v 0.521661 2.713251 2.582308
v -0.509002 2.411367 3.071579
v 0.521661 2.411367 2.582308
v -0.509002 3.730599 3.071708
v -0.509002 3.765659 3.071837
v 0.670627 2.554914 2.329002
v 0.670627 2.411367 2.329002
v 0.777638 2.455446 2.040007
v 0.777638 2.411367 2.040007
v 0.802314 2.480001 2.040007
v 0.696595 2.581062 2.329002
v 0.817942 2.424582 1.726430
v 0.817942 2.411367 1.726430
v -0.153453 4.091775 3.039785
v -0.509002 3.800721 3.071708
v -0.186037 4.125618 3.039785
v -0.509002 5.161187 3.071579
v -0.186037 5.161187 3.039785
v 0.055582 4.385634 2.944662
v 0.055582 5.161187 2.944662
v 0.320926 4.625832 2.784547
v 0.314050 5.161187 2.790191
v 0.525254 4.820859 2.577931
v 0.352079 4.596593 2.784271
v 0.553438 4.792934 2.577594
v 0.521661 5.161187 2.582308
v 0.671514 4.987698 2.326448
v 0.670627 5.161187 2.329002
v 0.777800 5.093875 2.038927
v 0.697524 4.961452 2.326074
v 0.802518 5.069331 2.038540
v 0.777638 5.161187 2.040007
v 0.817942 5.120108 1.726430
v 0.817942 5.161187 1.726430
v 0.802518 5.069331 2.038540
v 0.842013 5.096145 1.726430
v 2.097409 4.091775 3.039785
v 0.972003 4.091775 3.039785
v 3.745917 2.458549 2.048685
v 3.770409 2.483190 2.049128
v 3.671652 2.581062 2.329003
v 3.746251 2.411367 2.047417
v 3.783035 2.425476 1.735563
v 3.783059 2.411367 1.735354
v 3.807067 2.449504 1.735693
v 3.770409 2.483190 2.049128
v 10.374883 1.764419 2.033614
v 10.408178 1.810447 1.726429
v 10.417614 1.810447 1.726429
v 10.417614 1.763461 2.040006
v 10.350776 1.789379 2.030691
v 10.384124 1.834535 1.726787
v 10.417614 1.663133 2.329002
v 10.256411 1.666400 2.319591
v 10.417614 1.455250 2.582308
v 10.062574 1.455250 2.582308
v 10.033704 1.484515 2.582308
v 10.230402 1.693413 2.318398
v 10.252878 2.581062 2.329003
v 10.063476 2.741647 2.582308
v 10.417614 2.741647 2.582308
v 10.417614 2.581062 2.329003
v 10.225984 2.555023 2.328691
v 10.033704 2.713989 2.582308
v 10.371663 2.482092 2.045990
v 10.417614 2.480001 2.040008
v 10.407979 2.448842 1.729082
v 10.417614 2.448577 1.726431
v 10.383163 2.425476 1.735563
v 10.346026 2.458582 2.048686
v 10.346026 2.458582 2.048686
v 10.252878 2.581062 2.329003
v 10.371663 2.482092 2.045990
v 10.350776 1.789379 2.030691
v 10.256411 1.666400 2.319591
v 10.374883 1.764419 2.033614
v 10.383163 2.425476 1.735563
v 10.384124 1.834535 1.726787
v -6.761727 4.091775 3.039785
v -6.761727 5.161187 3.039785
v -6.435466 5.161187 3.071903
v -7.003347 4.353569 2.944662
v -7.003347 5.161187 2.944662
v -6.435466 3.765659 3.071903
v -7.269067 4.596623 2.784239
v -7.261815 5.161187 2.790191
v -8.049120 4.091775 3.039785
v -7.473314 4.792948 2.577571
v -7.469425 5.161187 2.582308
v -8.049120 4.353569 2.944662
v -7.619412 4.961457 2.326062
v -7.618392 5.161187 2.329002
v -7.725624 5.069331 2.038534
v -7.725404 5.161187 2.040007
v -7.765705 5.096145 1.726430
v -7.765705 5.161187 1.726430
v -8.049120 4.595871 2.785025
v -8.049120 4.792635 2.578037
v -7.619412 4.961457 2.326062
v -8.933787 4.596623 2.784239
v -8.049120 4.961381 2.326264
v -7.725624 5.069331 2.038534
v -8.478830 4.961457 2.326062
v -8.379300 5.069331 2.038534
v -8.683844 4.792948 2.577571
v -8.049120 5.069325 2.038613
v -7.765705 5.096145 1.726430
v -8.332534 5.096145 1.726430
v -8.049120 5.096145 1.726430
v -8.941039 5.161187 2.790191
v -8.687732 5.161187 2.582308
v -8.478830 4.961457 2.326062
v -9.230034 5.161187 2.944662
v -8.479849 5.161187 2.329002
v -8.379300 5.069331 2.038534
v -8.379521 5.161187 2.040007
v -8.332534 5.096145 1.726430
v -8.332534 5.161187 1.726430
v -9.230034 4.353569 2.944662
v -9.543612 5.161187 3.039785
v -9.543612 4.091775 3.039785
v -9.869720 5.161187 3.071903
v -8.049120 3.765661 3.071904
v -9.869720 3.765659 3.071903
v -10.195831 4.091775 3.039785
v -10.195831 5.161187 3.039785
v -10.509409 4.353569 2.944662
v -10.509409 5.161187 2.944662
v -11.435620 4.091772 3.039785
v -11.435620 3.765663 3.071904
v -11.435620 4.353568 2.944662
v -10.195831 3.439552 3.039785
v -10.789749 4.583822 2.794816
v -10.798401 5.161187 2.790191
v -11.435620 4.590929 2.790191
v -11.046788 4.785895 2.586346
v -11.051708 5.161187 2.582308
v -11.435620 4.789758 2.582308
v -11.245639 4.961902 2.323490
v -11.245639 4.961902 2.323490
v -11.243858 5.161187 2.329003
v -11.435620 4.960350 2.329002
v -11.368198 5.069430 2.034277
v -11.368198 5.069430 2.034277
v -11.367866 5.161187 2.040007
v -11.402051 5.096054 1.727478
v -11.402167 5.161187 1.726430
v -11.435620 5.069204 2.040007
v -11.402051 5.096054 1.727478
v -11.435620 5.096145 1.726430
v -5.107851 5.096054 1.727478
v -4.954888 5.096068 1.727318
v -4.954888 5.069390 2.035311
v -4.825947 5.096057 1.727452
v -5.141687 5.069430 2.034277
v -4.792643 5.069426 2.034413
v -4.954888 4.961506 2.324893
v -5.244242 4.961902 2.323490
v -4.691345 4.961866 2.323615
v -4.954888 4.787224 2.584958
v -5.399123 4.785895 2.586346
v -4.665301 4.987964 2.324211
v -4.511025 4.814301 2.586040
v -4.538974 4.785981 2.586258
v -4.954888 4.586947 2.792783
v -4.321018 4.583969 2.794720
v -4.511025 4.814301 2.586040
v -5.620135 4.583822 2.794816
v -4.954888 4.353568 2.944662
v -5.611483 5.161187 2.790191
v -5.394203 5.161187 2.582308
v -5.244242 4.961902 2.323490
v -5.873908 5.161187 2.944662
v -5.246025 5.161187 2.329003
v -5.141687 5.069430 2.034277
v -5.142019 5.161187 2.040007
v -5.107851 5.096054 1.727478
v -5.107736 5.161187 1.726430
v -5.873908 4.353569 2.944662
v -6.111756 5.161187 3.039785
v -6.111756 4.091775 3.039785
v -4.954888 4.091773 3.039785
v -4.067815 4.353569 2.944662
v -4.954888 3.765661 3.071904
v -3.830482 4.091775 3.039785
v -4.290088 4.613658 2.794577
v -4.298292 5.161187 2.790191
v -4.515572 5.161187 2.582308
v -4.035867 5.161187 2.944662
v -4.665301 4.987964 2.324211
v -4.663751 5.161187 2.329003
v -4.035867 4.385731 2.944662
v -3.798019 5.161187 3.039785
v -3.798019 4.125749 3.039785
v -3.474310 5.161187 3.071903
v -3.474310 3.799404 3.071903
v -4.691345 4.961866 2.323615
v -4.792643 5.069426 2.034413
v -4.768000 5.093733 2.035795
v -4.767756 5.161187 2.040007
v -4.801967 5.120054 1.727091
v -4.802039 5.161187 1.726430
v -4.792643 5.069426 2.034413
v -4.825947 5.096057 1.727452
v -3.148048 4.125567 3.039785
v -3.148048 5.161187 3.039785
v -3.474310 3.765659 3.071903
v -3.507872 3.765659 3.071903
v -2.906428 4.385634 2.944662
v -2.906428 5.161187 2.944662
v -2.874465 4.353569 2.944662
v -2.641084 4.625832 2.784547
v -2.647961 5.161187 2.790191
v -2.436758 4.820859 2.577931
v -2.440350 5.161187 2.582308
v -2.609930 4.596593 2.784271
v -2.408572 4.792934 2.577594
v -2.290497 4.987698 2.326448
v -2.291383 5.161187 2.329002
v -2.609930 4.596593 2.784271
v -2.184210 5.093875 2.038927
v -2.264487 4.961452 2.326074
v -2.159491 5.069331 2.038540
v -2.184371 5.161187 2.040007
v -2.144070 5.120108 1.726430
v -2.144070 5.161187 1.726430
v -2.159491 5.069331 2.038540
v -2.119998 5.096145 1.726430
v -1.990008 4.353569 2.944662
v -1.990008 4.595995 2.784894
v -2.408572 4.792934 2.577594
v -1.370084 4.596593 2.784271
v -1.571443 4.792934 2.577594
v -1.105550 4.353569 2.944662
v -1.990008 4.792705 2.577932
v -1.715528 4.961452 2.326074
v -1.543258 4.820859 2.577931
v -1.689519 4.987698 2.326448
v -2.264487 4.961452 2.326074
v -2.436758 4.820859 2.577931
v -2.290497 4.987698 2.326448
v -1.990008 4.961404 2.326203
v -2.159491 5.069331 2.038540
v -1.820523 5.069331 2.038540
v -1.990008 5.069327 2.038581
v -2.119998 5.096145 1.726430
v -1.860019 5.096145 1.726430
v -1.990008 5.096145 1.726430
v -6.111756 3.439552 3.039785
v -6.435466 2.411367 3.071903
v -6.111756 2.411367 3.039785
v -6.761727 3.439552 3.039785
v -6.761727 2.411367 3.039785
v -7.003347 3.186417 2.944662
v -7.003347 2.411367 2.944662
v -8.049120 3.439552 3.039785
v -9.543612 3.439552 3.039785
v -7.261815 2.957637 2.790191
v -7.261815 2.411367 2.790191
v -8.049120 3.186417 2.944662
v -9.230034 3.186417 2.944662
v -7.469425 2.741647 2.582308
v -7.469425 2.411367 2.582308
v -7.618392 2.581062 2.329002
v -7.618392 2.411367 2.329002
v -7.725404 2.480001 2.040007
v -7.725404 2.411367 2.040007
v -7.765705 2.448576 1.726430
v -7.765705 2.411367 1.726430
v -8.049120 2.957637 2.790191
v -8.049120 2.741647 2.582308
v -7.618392 2.581062 2.329002
v -8.941039 2.957637 2.790191
v -8.687732 2.741647 2.582308
v -8.479849 2.581062 2.329002
v -8.049120 2.581062 2.329003
v -7.725404 2.480001 2.040007
v -8.379521 2.480001 2.040007
v -8.049120 2.480001 2.040007
v -7.765705 2.448576 1.726430
v -8.332534 2.448576 1.726430
v -8.049120 2.448576 1.726430
v -8.941039 1.201943 2.790191
v -8.687732 1.455250 2.582308
v -8.479849 1.663133 2.329002
v -8.479849 2.581062 2.329002
v -8.379521 1.763461 2.040007
v -8.379521 2.480001 2.040007
v -8.332534 1.810447 1.726430
v -8.332534 2.448576 1.726430
v -8.049120 1.201944 2.790191
v -8.049120 1.455250 2.582308
v -8.479849 1.663133 2.329002
v -8.049120 0.912948 2.944662
v -8.049120 1.663133 2.329002
v -8.379521 1.763461 2.040007
v -8.049120 1.763461 2.040007
v -8.332534 1.810447 1.726430
v -8.049120 1.810447 1.726430
v -9.230034 0.912948 2.944662
v -8.049120 0.599370 3.039785
v -9.543612 0.599370 3.039785
v -8.049120 0.280982 3.071143
v -9.862001 0.280982 3.071143
v -9.869720 0.280982 3.071903
v -10.195831 0.599370 3.039785
v -9.877439 0.280982 3.071143
v -11.435620 0.280982 3.071143
v -11.435620 0.599372 3.039784
v -10.509409 0.912949 2.944662
v -11.435620 0.912949 2.944662
v -11.435620 3.439553 3.039785
v -10.509409 3.186417 2.944662
v -11.435620 3.186418 2.944662
v -10.798401 1.201943 2.790191
v -11.435620 1.201944 2.790191
v -10.798401 2.957637 2.790191
v -11.435620 2.957638 2.790191
v -11.051708 1.455250 2.582308
v -11.435620 1.455250 2.582308
v -11.051708 2.741647 2.582308
v -11.435620 2.741647 2.582308
v -11.248542 1.666924 2.318081
v -11.243858 2.581062 2.329003
v -11.363856 2.483267 2.049350
v -11.368956 1.764955 2.030034
v -11.402167 1.810447 1.726430
v -11.401129 2.449527 1.735921
v -4.954888 3.439552 3.039785
v -3.830687 3.439552 3.039785
v -5.873908 3.186417 2.944662
v -5.873908 2.411367 2.944662
v -4.068235 3.186417 2.944662
v -3.798019 3.405863 3.039785
v -5.611483 2.957637 2.790191
v -5.611483 2.411367 2.790191
v -4.954888 3.186417 2.944662
v -5.394203 2.741647 2.582308
v -5.394203 2.411367 2.582308
v -5.246025 2.581062 2.329003
v -5.245154 2.411367 2.326975
v -5.146030 2.483267 2.049350
v -5.145519 2.411367 2.047417
v -5.108774 2.449527 1.735921
v -5.108712 2.411367 1.735354
v -4.954888 2.957638 2.790191
v -4.954888 2.741647 2.582308
v -5.246025 2.581062 2.329003
v -4.329461 2.957637 2.790191
v -4.543597 2.741647 2.582308
v -4.954888 2.581062 2.329003
v -5.146030 2.483267 2.049350
v -4.689658 2.581062 2.329003
v -4.515572 2.713360 2.582308
v -4.663886 2.554755 2.328688
v -4.788413 2.483190 2.049128
v -4.515572 2.713360 2.582308
v -4.954888 2.482667 2.047631
v -4.825072 2.449504 1.735693
v -5.108774 2.449527 1.735921
v -4.954888 2.449381 1.734462
v -4.298292 2.928006 2.790191
v -4.298292 2.411367 2.790191
v -4.515572 2.411367 2.582308
v -4.035867 2.411367 2.944662
v -4.663886 2.554755 2.328688
v -4.664621 2.411367 2.326975
v -4.035867 3.154755 2.944662
v -3.798019 2.411367 3.039785
v -3.474310 2.411367 3.071903
v -4.763921 2.458549 2.048685
v -4.689658 2.581062 2.329003
v -4.788413 2.483190 2.049128
v -4.764256 2.411367 2.047417
v -4.801040 2.425476 1.735563
v -4.801063 2.411367 1.735354
v -4.788413 2.483190 2.049128
v -4.825072 2.449504 1.735693
v -3.474310 3.731916 3.071903
v -3.148048 3.406041 3.039785
v -3.148048 2.411367 3.039785
v -3.115201 3.439552 3.039785
v -2.906428 3.154795 2.944662
v -2.906428 2.411367 2.944662
v -2.874065 3.186417 2.944662
v -2.647961 2.927827 2.790191
v -2.647961 2.411367 2.790191
v -2.440350 2.713251 2.582308
v -2.440350 2.411367 2.582308
v -2.291383 2.554914 2.329002
v -2.291383 2.411367 2.329002
v -2.617139 2.957637 2.790191
v -2.184371 2.455446 2.040007
v -2.184371 2.411367 2.040007
v -2.159696 2.480001 2.040007
v -2.265415 2.581062 2.329002
v -2.144070 2.424582 1.726430
v -2.144070 2.411367 1.726430
v -1.990008 3.186417 2.944662
v -1.990008 3.439552 3.039785
v -1.990008 2.957637 2.790191
v -1.105950 3.186417 2.944662
v -2.412523 2.741647 2.582308
v -2.647961 2.927827 2.790191
v -2.440350 2.713251 2.582308
v -1.362877 2.957637 2.790191
v -1.990008 2.741647 2.582308
v -1.332055 2.927827 2.790191
v -1.539665 2.713251 2.582308
v -1.567492 2.741647 2.582308
v -1.332055 2.927827 2.790191
v -1.714600 2.581062 2.329002
v -1.539665 2.713251 2.582308
v -1.688632 2.554914 2.329002
v -1.990008 2.581062 2.329002
v -2.265415 2.581062 2.329002
v -2.440350 2.713251 2.582308
v -2.291383 2.554914 2.329002
v -2.159696 2.480001 2.040007
v -1.820318 2.480001 2.040007
v -1.990008 2.480001 2.040007
v -2.119998 2.448576 1.726430
v -2.184371 2.455446 2.040007
v -2.144070 2.424582 1.726430
v -1.990008 2.448576 1.726430
v -1.860019 2.448576 1.726430
v -1.835946 2.424582 1.726430
v -1.795643 2.455446 2.040007
v -3.440615 3.765659 3.071903
v -1.990008 3.765661 3.071904
v -3.115413 4.091775 3.039785
v -1.990008 4.091775 3.039785
v -0.864552 4.091775 3.039785
v -0.509002 3.765659 3.071837
v -0.509002 3.800721 3.071708
v -0.864763 3.439552 3.039785
v -0.509002 3.730599 3.071708
v -0.831968 4.125618 3.039785
v -0.509002 5.161187 3.071579
v -0.831968 5.161187 3.039785
v -1.073587 4.385634 2.944662
v -1.073587 5.161187 2.944662
v -1.338930 4.625832 2.784547
v -1.332055 5.161187 2.790191
v -1.543258 4.820859 2.577931
v -1.370084 4.596593 2.784271
v -1.571443 4.792934 2.577594
v -1.539665 5.161187 2.582308
v -1.689519 4.987698 2.326448
v -1.688632 5.161187 2.329002
v -1.715528 4.961452 2.326074
v -1.820523 5.069331 2.038540
v -1.795805 5.093875 2.038927
v -1.795643 5.161187 2.040007
v -1.835946 5.120108 1.726430
v -1.835946 5.161187 1.726430
v -1.820523 5.069331 2.038540
v -1.860019 5.096145 1.726430
v -1.073587 3.154795 2.944662
v -0.831968 3.405989 3.039785
v -0.831968 2.411367 3.039785
v -1.073588 2.411367 2.944662
v -0.509002 2.411367 3.071579
v -1.332055 2.411367 2.790191
v -1.539665 2.713251 2.582308
v -1.539665 2.411367 2.582308
v -1.688632 2.554914 2.329002
v -1.688632 2.411367 2.329002
v -1.795643 2.455446 2.040007
v -1.714600 2.581062 2.329002
v -1.820318 2.480001 2.040007
v -1.795643 2.411367 2.040007
v -1.835946 2.424582 1.726430
v -1.835946 2.411367 1.726430
v -11.368956 1.764955 2.030034
v -11.435620 1.763461 2.040006
v -11.435620 1.810447 1.726429
v -11.402167 1.810447 1.726430
v -11.435620 1.663133 2.329002
v -11.248542 1.666924 2.318081
v -11.435620 1.455250 2.582308
v -11.051708 1.455250 2.582308
v -11.243858 2.581062 2.329003
v -11.435620 2.581062 2.329003
v -11.435620 2.741647 2.582308
v -11.051708 2.741647 2.582308
v -11.363856 2.483267 2.049350
v -11.435620 2.480001 2.040008
v -11.401129 2.449527 1.735921
v -11.435620 2.448577 1.726431
vt 2.052400 0.802400
vt 2.052400 1.314700
vt 2.213800 1.314700
vt 1.932800 0.931100
vt 1.932800 1.314700
vt 1.801600 1.049900
vt 1.805000 1.314700
vt 1.917000 0.915200
vt 1.700400 1.151100
vt 1.701300 1.314200
vt 1.517900 1.227900
vt 1.518800 1.313700
vt 1.786200 1.035400
vt 1.686500 1.137700
vt 1.379800 1.279900
vt 1.513700 1.214900
vt 1.375800 1.267800
vt 1.380100 1.313200
vt 1.256100 1.292500
vt 1.256000 1.312800
vt 1.378400 1.267800
vt 1.254900 1.280600
vt 1.415500 0.915200
vt 1.415500 1.035100
vt 1.415500 1.137500
vt 1.415500 0.785700
vt 1.116400 1.137700
vt 1.615300 1.262100
vt 1.700500 1.144000
vt 1.628100 1.268000
vt 1.216200 1.262100
vt 0.994100 1.035400
vt 1.101300 1.150700
vt 1.415500 1.262000
vt 1.563300 1.404400
vt 1.264300 1.404400
vt 1.202800 1.266200
vt 1.252100 1.408200
vt 1.415500 1.404300
vt 1.287200 1.558800
vt 1.543800 1.558800
vt 1.415500 1.558800
vt 0.974200 1.314700
vt 1.099600 1.314700
vt 1.257800 1.230300
vt 1.257100 1.313800
vt 1.110600 1.137700
vt 1.266100 1.217800
vt 1.395500 1.280600
vt 1.395200 1.312900
vt 1.526100 1.292300
vt 1.526200 1.312000
vt 1.397100 1.268800
vt 1.527500 1.280700
vt 0.977700 1.049500
vt 0.831300 1.314700
vt 0.831300 0.930000
vt 0.848600 0.915200
vt 0.676100 1.314700
vt 0.676100 0.801600
vt 0.693400 0.785700
vt 0.514800 1.314700
vt 0.514800 0.641000
vt 0.353500 0.801600
vt 0.353500 1.314700
vt 0.531500 0.624400
vt 0.198400 0.930100
vt 0.198400 1.314700
vt 0.498200 0.624400
vt 0.059500 1.043500
vt 0.055400 1.314700
vt 0.336300 0.785700
vt 0.181000 0.915200
vt -0.067600 1.153700
vt -0.069900 1.314700
vt -0.189200 1.233900
vt -0.187300 1.314300
vt -0.323100 1.282500
vt -0.321300 1.313800
vt -0.466600 1.313300
vt -0.466200 1.294200
vt 0.043100 1.029300
vt -0.082400 1.141000
vt -0.259900 0.915200
vt -0.259900 1.032600
vt -0.259900 0.785700
vt -0.259900 0.624400
vt -0.259800 1.143500
vt -0.165600 1.284100
vt -0.067700 1.147600
vt -0.178700 1.277800
vt -0.259600 1.275600
vt -0.226100 1.428700
vt -0.165800 1.282000
vt -0.237900 1.424500
vt -0.259200 1.422700
vt -0.254100 1.578200
vt -0.258800 1.578400
vt -0.242200 1.579100
vt -0.225800 1.425700
vt 0.336100 0.463000
vt -0.259900 0.463000
vt 0.514800 0.624400
vt 0.514800 0.607700
vt 0.180800 0.337800
vt -0.259900 0.337800
vt 0.039100 0.224600
vt -0.259900 0.224600
vt -0.084700 0.117800
vt -0.259900 0.117800
vt -0.069900 0.104100
vt 0.055400 0.210300
vt 0.198400 0.323100
vt 0.353500 0.447300
vt 0.055400 -0.628600
vt -0.069900 -0.504100
vt -0.232800 -0.400800
vt -0.227400 0.025400
vt 0.040100 -0.643900
vt -0.084200 -0.518600
vt -0.259900 -0.643900
vt -0.259900 -0.518600
vt -0.259900 -0.786900
vt -0.373800 -0.022300
vt -0.232400 0.038400
vt -0.379900 -0.010600
vt -0.382300 -0.353400
vt -0.508700 -0.038800
vt -0.512400 -0.331100
vt -0.237000 -0.414200
vt -0.385500 -0.365700
vt 0.182300 -0.786900
vt -0.259900 -0.942000
vt 0.337000 -0.942000
vt -0.259900 -1.099500
vt 0.494300 -1.099500
vt 0.198400 -0.770900
vt 0.353500 -0.925500
vt 0.514800 -1.099500
vt 0.676100 -0.925500
vt 0.535300 -1.099500
vt 0.676100 0.447300
vt 0.692700 -0.942000
vt 1.415500 -1.099500
vt 1.415500 -0.942000
vt 0.847300 -0.786900
vt 1.415500 -0.786900
vt 0.831300 -0.770900
vt 0.989600 -0.643900
vt 1.415500 -0.643900
vt 0.831300 0.323100
vt 0.974200 -0.628600
vt 1.114000 -0.518600
vt 1.415500 -0.518600
vt 1.099600 -0.504200
vt 1.215600 -0.379500
vt 1.099600 -0.510800
vt 1.202400 -0.372300
vt 1.415500 -0.379500
vt 1.264200 -0.230700
vt 1.202400 -0.375200
vt 1.252000 -0.226800
vt 1.415500 -0.230700
vt 1.287200 -0.073800
vt 1.415500 -0.073800
vt 1.252000 -0.228900
vt 1.275300 -0.072100
vt 0.974200 0.210300
vt 1.099600 0.104100
vt 1.251700 -0.402600
vt 1.251700 0.025500
vt 1.403000 -0.354000
vt 1.108400 0.117800
vt 1.259600 0.038300
vt 1.403000 -0.023800
vt 1.557200 -0.331000
vt 1.557200 -0.039100
vt 1.404800 -0.011700
vt 1.558900 -0.027200
vt 0.990500 0.224600
vt 1.114500 0.117800
vt 0.848900 0.337800
vt 1.415500 0.224600
vt 0.693500 0.463000
vt 1.415500 0.337800
vt 1.415500 0.463000
vt 1.415500 0.624400
vt 2.036100 0.463000
vt 1.916800 0.337800
vt 2.036200 0.785700
vt 2.197100 0.624400
vt 2.213800 0.624400
vt 2.213800 0.641100
vt 2.390000 0.785700
vt 2.373900 0.802500
vt 2.373900 1.314700
vt 2.491600 0.931100
vt 2.491600 1.314700
vt 2.507400 0.915200
vt 2.617400 1.043900
vt 2.621400 1.314700
vt 2.726700 1.143100
vt 2.728900 1.314700
vt 2.632700 1.029200
vt 2.856400 1.228700
vt 2.854200 1.314500
vt 2.740500 1.129900
vt 2.999200 1.280700
vt 2.997200 1.314100
vt 3.003600 1.268900
vt 2.860600 1.216000
vt 3.152000 1.293400
vt 3.152300 1.313800
vt 3.001200 1.268700
vt 3.153000 1.281500
vt 2.946200 1.030700
vt 2.946200 0.915200
vt 2.946100 1.141600
vt 2.946200 0.785700
vt 3.385100 0.915200
vt 3.259800 1.029200
vt 3.151900 1.141200
vt 2.815600 1.277800
vt 2.726700 1.136400
vt 2.802700 1.284100
vt 2.946000 1.277300
vt 2.865500 1.424900
vt 3.076300 1.278100
vt 3.165700 1.148100
vt 3.089200 1.284200
vt 3.026000 1.425100
vt 2.945800 1.424600
vt 2.881800 1.577400
vt 3.009400 1.577600
vt 2.945600 1.577500
vt 3.165700 1.154300
vt 3.275100 1.043900
vt 3.271100 1.314700
vt 3.163600 1.314700
vt 3.044400 1.234300
vt 3.400900 1.314700
vt 3.046400 1.314400
vt 3.400900 0.931100
vt 3.518600 1.314700
vt 2.910900 1.282900
vt 3.518600 0.802500
vt 2.912800 1.314100
vt 3.040400 1.222300
vt 2.906700 1.271700
vt 2.767700 1.313700
vt 2.768100 1.294700
vt 2.909000 1.271700
vt 2.767100 1.283600
vt 3.678700 1.314700
vt 3.502500 0.785700
vt 3.678700 0.641100
vt 2.946200 0.624400
vt 3.662100 0.624400
vt 3.840100 0.802400
vt 3.840100 1.314700
vt 3.678700 0.624400
vt 3.502400 0.463000
vt 3.695400 0.624400
vt 3.959600 0.931100
vt 3.959600 1.314700
vt 3.856200 0.785700
vt 3.975400 0.915200
vt 4.090900 1.049900
vt 4.087500 1.314700
vt 4.106300 1.035400
vt 4.235000 1.145800
vt 4.101800 1.035400
vt 4.244900 1.132000
vt 4.232800 1.314200
vt 4.374600 1.227900
vt 4.373700 1.313700
vt 4.516600 1.267800
vt 4.378700 1.214900
vt 4.512700 1.279900
vt 4.512400 1.313200
vt 4.636400 1.292500
vt 4.636500 1.312800
vt 4.514000 1.267800
vt 4.637500 1.280600
vt 4.413000 0.915200
vt 4.413000 1.035100
vt 4.205900 1.137700
vt 4.413000 0.785700
vt 4.719700 1.035400
vt 4.850600 0.915200
vt 4.620100 1.137700
vt 4.413000 1.137500
vt 4.277200 1.262100
vt 4.192000 1.144000
vt 4.264300 1.268000
vt 4.413000 1.262100
vt 4.548800 1.262100
vt 4.634000 1.144000
vt 4.561600 1.268000
vt 4.496800 1.404400
vt 4.329100 1.404400
vt 4.413000 1.404300
vt 4.477300 1.558800
vt 4.348700 1.558800
vt 4.413000 1.558800
vt 2.230400 0.624400
vt 2.390100 0.463000
vt 2.213800 0.607700
vt 2.373900 0.446400
vt 2.946200 0.463000
vt 2.052400 0.446500
vt 2.213800 -0.045600
vt 2.373900 -0.045600
vt 2.052400 -0.045600
vt 1.932800 0.322200
vt 1.932800 -0.045600
vt 1.805000 0.209900
vt 1.805000 -0.045600
vt 1.702200 0.103700
vt 1.701700 -0.045600
vt 1.789700 0.224600
vt 1.518900 0.025400
vt 1.518900 -0.045600
vt 1.688500 0.117800
vt 1.380300 -0.023800
vt 1.380300 -0.045600
vt 1.376500 -0.011700
vt 1.514800 0.038300
vt 1.256500 -0.039100
vt 1.256500 -0.045600
vt 1.415500 0.117800
vt 1.215800 -0.007500
vt 1.615700 -0.007500
vt 1.702300 0.111400
vt 1.628600 -0.013400
vt 1.415500 -0.007500
vt 1.563400 -0.150500
vt 1.252000 -0.154300
vt 1.202400 -0.011500
vt 1.264200 -0.150500
vt 1.415500 -0.150500
vt 1.287200 -0.305600
vt 1.415500 -0.305600
vt 1.543800 -0.305600
vt 1.575600 -0.151700
vt 1.555700 -0.306800
vt 2.946200 0.337800
vt 2.507600 0.337800
vt 3.384900 0.337800
vt 2.491600 0.322100
vt 2.491600 -0.045600
vt 2.621400 0.210000
vt 2.621400 -0.045600
vt 2.728900 0.103800
vt 2.728900 -0.045600
vt 2.636800 0.224600
vt 2.854400 0.025300
vt 2.855200 -0.045600
vt 2.742800 0.117800
vt 2.992900 -0.022300
vt 2.858300 0.038300
vt 2.996500 -0.010100
vt 2.993500 -0.045600
vt 3.147800 -0.038600
vt 3.147900 -0.045600
vt 2.994100 -0.010100
vt 3.149100 -0.026800
vt 2.946200 0.224600
vt 3.255600 0.224600
vt 2.946200 0.117800
vt 3.149700 0.117800
vt 3.271100 0.210000
vt 2.815000 -0.030600
vt 2.728900 0.110300
vt 2.802300 -0.037700
vt 2.946200 -0.030600
vt 2.863900 -0.173500
vt 3.077500 -0.030600
vt 3.163600 0.110300
vt 3.090200 -0.037700
vt 3.028600 -0.173500
vt 2.946200 -0.174200
vt 2.882000 -0.313400
vt 3.010500 -0.313400
vt 2.946200 -0.313900
vt 3.163600 0.103800
vt 3.271100 -0.045600
vt 3.163600 -0.045600
vt 3.400900 -0.045600
vt 3.018200 0.025400
vt 3.017300 -0.045600
vt 3.400900 0.322100
vt 3.518600 -0.045600
vt 3.518600 0.446400
vt 3.678700 -0.045600
vt 3.678700 0.607700
vt 3.840100 0.446500
vt 3.840100 -0.045600
vt 3.959600 0.322200
vt 3.959600 -0.045600
vt 3.975600 0.337800
vt 4.087500 0.209900
vt 4.087500 -0.045600
vt 4.232800 0.103700
vt 4.232800 -0.045600
vt 4.373600 0.025400
vt 4.373600 -0.045600
vt 4.512200 -0.023800
vt 4.377600 0.038300
vt 4.516000 -0.011700
vt 4.512200 -0.045600
vt 4.636000 -0.039100
vt 4.636000 -0.045600
vt 4.102700 0.224600
vt 4.190200 0.110500
vt 4.087500 0.217000
vt 4.204000 0.117800
vt 4.413000 0.337800
vt 4.413000 0.224600
vt 4.413000 0.117800
vt 4.723200 0.224600
vt 4.276800 -0.007500
vt 4.190200 0.111400
vt 4.263900 -0.013400
vt 4.413000 -0.007500
vt 4.622000 0.117800
vt 4.738500 0.217000
vt 4.635800 0.110500
vt 4.549200 -0.007500
vt 4.635800 0.111400
vt 4.562100 -0.013400
vt 4.496900 -0.150500
vt 4.329100 -0.150500
vt 4.413000 -0.150500
vt 4.477300 -0.305600
vt 4.509200 -0.151700
vt 4.489200 -0.306800
vt 4.413000 -0.305600
vt 4.348700 -0.305600
vt 4.336800 -0.306800
vt 4.316800 -0.151700
vt 4.413000 0.624400
vt 4.413000 0.463000
vt 3.856400 0.463000
vt 4.850400 0.337800
vt 4.738500 0.209900
vt 4.969700 0.463000
vt 5.145700 0.624400
vt 4.969800 0.785700
vt 5.145700 0.607000
vt 5.145700 0.641700
vt 4.985900 0.446400
vt 5.145700 -0.045600
vt 4.985900 -0.045600
vt 4.866400 0.322200
vt 4.866400 -0.045600
vt 4.738500 -0.045600
vt 4.593200 0.103700
vt 4.593200 -0.045600
vt 4.452400 0.025400
vt 4.452400 -0.045600
vt 4.313800 -0.023800
vt 4.313800 -0.045600
vt 4.310000 -0.011700
vt 4.448400 0.038300
vt 4.190000 -0.039100
vt 4.190000 -0.045600
vt 4.866400 0.931100
vt 4.866400 1.314700
vt 4.985900 1.314700
vt 4.735100 1.049900
vt 4.738500 1.314700
vt 4.985900 0.802400
vt 5.145700 1.314700
vt 4.591000 1.145800
vt 4.724200 1.035400
vt 4.581100 1.132000
vt 4.593200 1.314200
vt 4.451400 1.227900
vt 4.452300 1.313700
vt 4.313300 1.279900
vt 4.447300 1.214900
vt 4.309300 1.267800
vt 4.313600 1.313200
vt 4.189600 1.292500
vt 4.189500 1.312800
vt 4.311900 1.267800
vt 4.188400 1.280600
vt 2.873000 -0.045500
vt 2.873600 -0.022200
vt 2.869800 -0.010000
vt 3.014100 0.038400
vt 2.730600 -0.038600
vt 2.730500 -0.045500
vt 2.729400 -0.026700
vt 2.872600 -0.010000
vt 1.423100 1.146000
vt 1.426300 1.124800
vt 1.269500 1.124800
vt 1.575100 1.124800
vt 1.269500 1.129500
vt 1.419900 1.157900
vt 1.267900 1.141400
vt 1.570200 1.204600
vt 1.714300 1.124800
vt 1.714300 1.300500
vt 1.706500 1.314500
vt 1.562500 1.217200
vt 4.507600 1.233200
vt 4.507600 1.314700
vt 4.656000 1.314700
vt 4.656000 1.139500
vt 4.500600 1.219900
vt 4.648700 1.124800
vt 4.363200 1.292000
vt 4.360100 1.314700
vt 4.221900 1.310000
vt 4.220800 1.314700
vt 4.223700 1.298100
vt 4.363500 1.279700
vt 2.213800 1.314700
vt 2.052400 1.314700
vt 2.052400 0.785700
vt 1.932800 0.915200
vt 1.932800 1.314700
vt 2.213800 0.624400
vt 1.801400 1.035400
vt 1.805000 1.314700
vt 1.415500 0.785700
vt 1.700300 1.137700
vt 1.701300 1.314200
vt 1.415500 0.915200
vt 1.517800 1.214900
vt 1.518800 1.313700
vt 1.379600 1.267800
vt 1.380100 1.313200
vt 1.256100 1.280600
vt 1.256000 1.312800
vt 1.415500 1.035100
vt 1.415500 1.137500
vt 1.628100 1.262100
vt 0.977800 1.035400
vt 1.415500 1.262000
vt 1.575500 1.404400
vt 1.202900 1.262100
vt 1.252100 1.404400
vt 1.101500 1.137700
vt 1.415500 1.404300
vt 1.555700 1.558800
vt 1.275300 1.558800
vt 1.415500 1.558800
vt 0.974200 1.314700
vt 1.099600 1.314700
vt 1.257900 1.217800
vt 0.831300 1.314700
vt 1.257100 1.313800
vt 1.395600 1.268800
vt 1.395200 1.312900
vt 1.526100 1.280800
vt 1.526200 1.312000
vt 0.831300 0.915200
vt 0.676100 1.314700
vt 0.676100 0.785700
vt 0.514800 1.314700
vt 1.415500 0.624400
vt 0.514800 0.624400
vt 0.353500 0.785700
vt 0.353500 1.314700
vt 0.198400 0.915200
vt 0.198400 1.314700
vt -0.259900 0.785700
vt -0.259900 0.624400
vt -0.259900 0.915200
vt 0.059700 1.029100
vt 0.055400 1.314700
vt -0.259900 1.032600
vt -0.067400 1.140800
vt -0.069900 1.314700
vt -0.259800 1.143500
vt -0.189500 1.221900
vt -0.165600 1.278100
vt -0.187300 1.314300
vt -0.259600 1.275600
vt -0.323800 1.271300
vt -0.225900 1.425400
vt -0.321300 1.313800
vt -0.259200 1.422700
vt -0.466000 1.283100
vt -0.466600 1.313300
vt -0.242200 1.577800
vt -0.258800 1.578400
vt 2.945800 1.424600
vt 2.945600 1.577500
vt 2.869900 1.577400
vt 3.009400 1.577600
vt 2.853400 1.425000
vt 3.026000 1.425100
vt 2.946000 1.277300
vt 2.802800 1.277800
vt 3.076300 1.278100
vt 2.946100 1.141600
vt 2.726500 1.129100
vt 3.165700 1.148100
vt 3.089200 1.284200
vt 3.151900 1.141200
vt 2.946200 1.030700
vt 3.259800 1.029200
vt 3.165700 1.154300
vt 2.617100 1.029100
vt 2.946200 0.915200
vt 2.621400 1.314700
vt 2.728900 1.314700
vt 2.856700 1.215900
vt 2.491600 1.314700
vt 2.854200 1.314500
vt 2.999900 1.268700
vt 2.997200 1.314100
vt 3.151700 1.281500
vt 3.152300 1.313800
vt 2.491600 0.915200
vt 2.373900 1.314700
vt 2.373900 0.785700
vt 2.946200 0.785700
vt 3.385100 0.915200
vt 2.946200 0.624400
vt 3.502500 0.785700
vt 3.275100 1.043900
vt 3.271100 1.314700
vt 3.163600 1.314700
vt 3.400900 1.314700
vt 3.044400 1.234300
vt 3.046400 1.314400
vt 3.400900 0.931100
vt 3.518600 1.314700
vt 3.518600 0.802500
vt 3.678700 1.314700
vt 2.910900 1.282900
vt 2.912800 1.314100
vt 2.906800 1.271800
vt 3.040500 1.222400
vt 2.768100 1.294700
vt 2.767700 1.313700
vt 2.909000 1.271700
vt 2.767100 1.283600
vt 3.678700 0.641100
vt 3.840100 0.802400
vt 3.840100 1.314700
vt 3.678700 0.624400
vt 3.662100 0.624400
vt 3.678700 0.607700
vt 3.959600 0.931100
vt 3.959600 1.314700
vt 3.975400 0.915200
vt 4.090900 1.049900
vt 4.087500 1.314700
vt 4.235000 1.145800
vt 4.232800 1.314200
vt 4.101800 1.035400
vt 4.244900 1.132000
vt 4.374600 1.227900
vt 4.373700 1.313700
vt 4.106300 1.035400
vt 4.512700 1.279900
vt 4.378700 1.214900
vt 4.516600 1.267800
vt 4.512400 1.313200
vt 4.636400 1.292500
vt 4.636500 1.312800
vt 4.514000 1.267800
vt 4.637500 1.280600
vt 4.413000 0.915200
vt 4.413000 1.035100
vt 4.205900 1.137700
vt 4.719700 1.035400
vt 4.620100 1.137700
vt 4.850600 0.915200
vt 4.413000 1.137500
vt 4.548800 1.262100
vt 4.634000 1.144000
vt 4.561600 1.268000
vt 4.413000 1.262100
vt 4.277200 1.262100
vt 4.192000 1.144000
vt 4.264300 1.268000
vt 4.329100 1.404400
vt 4.496800 1.404400
vt 4.413000 1.404300
vt 4.348700 1.558800
vt 4.477300 1.558800
vt 4.413000 1.558800
vt 2.373900 0.463000
vt 2.946200 0.463000
vt 2.213800 -0.045600
vt 2.373900 -0.045600
vt 2.052400 0.463000
vt 2.491600 0.337800
vt 2.491600 -0.045600
vt 2.052400 -0.045600
vt 1.932800 0.337800
vt 1.932800 -0.045600
vt 1.415500 0.463000
vt 0.676100 0.463000
vt 1.805000 0.224600
vt 1.805000 -0.045600
vt 1.415500 0.337800
vt 0.831300 0.337800
vt 1.415500 0.224600
vt 1.702300 0.117800
vt 1.701700 -0.045600
vt 1.518900 0.038300
vt 1.518900 -0.045600
vt 1.380300 -0.011700
vt 1.380300 -0.045600
vt 1.256500 -0.027200
vt 1.256500 -0.045600
vt 1.415500 0.117800
vt 1.628600 -0.007500
vt 0.974200 0.224600
vt 1.099600 0.117800
vt 1.202400 -0.007500
vt 1.415500 -0.007500
vt 1.575600 -0.150500
vt 1.252000 -0.150500
vt 1.415500 -0.150500
vt 1.555700 -0.305600
vt 1.275300 -0.305600
vt 1.415500 -0.305600
vt 1.251700 -0.415800
vt 1.251700 0.038300
vt 1.403000 -0.366100
vt 1.403000 -0.011700
vt 1.557200 -0.342900
vt 1.557200 -0.027200
vt 1.099600 -0.518600
vt 0.974200 -0.643900
vt 1.415500 -0.643900
vt 1.415500 -0.518600
vt 1.202400 -0.379500
vt 1.415500 -0.786900
vt 1.415500 -0.379500
vt 1.252000 -0.230700
vt 1.415500 -0.230700
vt 1.275300 -0.073800
vt 1.415500 -0.073800
vt 0.831300 -0.786900
vt 1.415500 -0.942000
vt 0.676100 -0.942000
vt 1.415500 -1.099500
vt 0.518600 -1.099500
vt 0.514800 -1.099500
vt 0.353500 -0.942000
vt 0.511000 -1.099500
vt -0.259900 -1.099500
vt -0.259900 -0.942000
vt 0.353500 0.463000
vt -0.259900 0.463000
vt 0.198400 -0.786900
vt -0.259900 -0.786900
vt 0.198400 0.337800
vt -0.259900 0.337800
vt 0.055400 -0.643900
vt -0.259900 -0.643900
vt 0.055400 0.224600
vt -0.259900 0.224600
vt -0.069900 -0.518600
vt -0.259900 -0.518600
vt -0.069900 0.117800
vt -0.259900 0.117800
vt -0.232900 -0.413900
vt -0.227200 0.038300
vt -0.373500 -0.010100
vt -0.382600 -0.365500
vt -0.512600 -0.343100
vt -0.508500 -0.026900
vt 2.946200 0.337800
vt 2.621400 0.224600
vt 2.621400 -0.045600
vt 2.728900 0.117800
vt 2.728900 -0.045600
vt 2.854200 0.038300
vt 2.855200 -0.045600
vt 2.992600 -0.010100
vt 2.993500 -0.045600
vt 3.147600 -0.026700
vt 3.147900 -0.045600
vt 2.946200 0.224600
vt 2.946200 0.117800
vt 2.802200 -0.030600
vt 3.255600 0.224600
vt 2.946200 -0.030600
vt 2.851700 -0.173400
vt 3.149700 0.117800
vt 3.077500 -0.030600
vt 3.163600 0.110300
vt 3.090200 -0.037700
vt 3.028600 -0.173500
vt 3.163600 0.103800
vt 2.946200 -0.174200
vt 3.010500 -0.313400
vt 2.870100 -0.313200
vt 2.946200 -0.313900
vt 3.271100 0.210000
vt 3.271100 -0.045600
vt 3.163600 -0.045600
vt 3.018200 0.025400
vt 3.400900 -0.045600
vt 3.017300 -0.045600
vt 3.400900 0.322100
vt 3.518600 -0.045600
vt 3.384900 0.337800
vt 3.518600 0.446400
vt 3.502400 0.463000
vt 3.678700 -0.045600
vt 3.840100 0.446500
vt 3.840100 -0.045600
vt 3.856400 0.463000
vt 3.959600 0.322200
vt 3.959600 -0.045600
vt 3.975600 0.337800
vt 4.087500 0.209900
vt 4.087500 -0.045600
vt 4.232800 0.103700
vt 4.232800 -0.045600
vt 4.373600 0.025400
vt 4.373600 -0.045600
vt 4.102700 0.224600
vt 4.512200 -0.023800
vt 4.512200 -0.045600
vt 4.516000 -0.011700
vt 4.377600 0.038300
vt 4.636000 -0.039100
vt 4.636000 -0.045600
vt 4.413000 0.337800
vt 4.413000 0.463000
vt 4.413000 0.224600
vt 4.850400 0.337800
vt 4.204000 0.117800
vt 4.087500 0.217000
vt 4.190200 0.110500
vt 4.723200 0.224600
vt 4.635800 0.110500
vt 4.738500 0.217000
vt 4.622000 0.117800
vt 4.738500 0.209900
vt 4.413000 0.117800
vt 4.549200 -0.007500
vt 4.635800 0.111400
vt 4.562100 -0.013400
vt 4.276800 -0.007500
vt 4.190200 0.111400
vt 4.263900 -0.013400
vt 4.413000 -0.007500
vt 4.329100 -0.150500
vt 4.496900 -0.150500
vt 4.413000 -0.150500
vt 4.348700 -0.305600
vt 4.316800 -0.151700
vt 4.336800 -0.306800
vt 4.413000 -0.305600
vt 4.477300 -0.305600
vt 4.489200 -0.306800
vt 4.509200 -0.151700
vt 4.413000 0.624400
vt 3.695400 0.624400
vt 3.856200 0.785700
vt 4.413000 0.785700
vt 4.969800 0.785700
vt 5.145700 0.624400
vt 5.145700 0.641700
vt 4.969700 0.463000
vt 5.145700 0.607000
vt 4.985900 0.446400
vt 5.145700 -0.045600
vt 4.985900 -0.045600
vt 4.866400 0.322200
vt 4.866400 -0.045600
vt 4.738500 -0.045600
vt 4.593200 0.103700
vt 4.593200 -0.045600
vt 4.452400 0.025400
vt 4.452400 -0.045600
vt 4.313800 -0.023800
vt 4.448400 0.038300
vt 4.310000 -0.011700
vt 4.313800 -0.045600
vt 4.190000 -0.039100
vt 4.190000 -0.045600
vt 4.985900 1.314700
vt 4.866400 1.314700
vt 4.866400 0.931100
vt 4.985900 0.802400
vt 5.145700 1.314700
vt 4.735100 1.049900
vt 4.738500 1.314700
vt 4.591000 1.145800
vt 4.724200 1.035400
vt 4.581100 1.132000
vt 4.593200 1.314200
vt 4.451400 1.227900
vt 4.452300 1.313700
vt 4.309300 1.267800
vt 4.447300 1.214900
vt 4.313300 1.279900
vt 4.313600 1.313200
vt 4.189600 1.292500
vt 4.189500 1.312800
vt 4.311900 1.267800
vt 4.188400 1.280600
vt 2.873600 -0.022200
vt 3.014200 0.038400
vt 2.869800 -0.010000
vt 2.873000 -0.045500
vt 2.730600 -0.038600
vt 2.730500 -0.045500
vt 2.872600 -0.010100
vt 2.729400 -0.026700
vt 1.421400 1.157800
vt 1.269500 1.141400
vt 1.269500 1.124800
vt 1.426300 1.124800
vt 1.575100 1.124800
vt 1.569500 1.217400
vt 1.714300 1.124800
vt 1.714300 1.314700
vt 4.507600 1.219900
vt 4.656000 1.124800
vt 4.656000 1.314700
vt 4.507600 1.314700
vt 4.364900 1.279200
vt 4.360100 1.314700
vt 4.225000 1.297700
vt 4.220800 1.314700
vt 2.052400 0.802400
vt 2.213800 0.641100
vt 2.213800 1.314700
vt 2.052400 1.314700
vt 2.373900 0.802500
vt 2.373900 1.314700
vt 2.390000 0.785700
vt 2.491600 0.931100
vt 2.491600 1.314700
vt 2.507400 0.915200
vt 2.617400 1.043900
vt 2.621400 1.314700
vt 2.726700 1.143100
vt 2.728900 1.314700
vt 2.632700 1.029200
vt 2.856400 1.228700
vt 2.854200 1.314500
vt 2.740500 1.129900
vt 2.999200 1.280700
vt 2.997200 1.314100
vt 3.003600 1.268900
vt 2.860600 1.216000
vt 3.152000 1.293400
vt 3.152300 1.313800
vt 3.001200 1.268700
vt 3.153000 1.281500
vt 2.946200 0.915200
vt 2.946200 1.030700
vt 2.946200 0.785700
vt 3.385100 0.915200
vt 3.259800 1.029200
vt 3.151900 1.141200
vt 2.946100 1.141600
vt 2.815600 1.277800
vt 2.726700 1.136400
vt 2.802700 1.284100
vt 2.946000 1.277300
vt 2.865500 1.424900
vt 3.076300 1.278100
vt 3.165700 1.148100
vt 3.089200 1.284200
vt 3.026000 1.425100
vt 2.945800 1.424600
vt 2.881800 1.577400
vt 3.009400 1.577600
vt 2.945600 1.577500
vt 3.165700 1.154300
vt 3.275100 1.043900
vt 3.271100 1.314700
vt 3.163600 1.314700
vt 3.044400 1.234300
vt 3.400900 1.314700
vt 3.046400 1.314400
vt 3.400900 0.931100
vt 3.518600 1.314700
vt 2.910900 1.282900
vt 3.518600 0.802500
vt 3.040400 1.222300
vt 2.906700 1.271700
vt 2.912800 1.314100
vt 2.767700 1.313700
vt 2.768100 1.294700
vt 2.909000 1.271700
vt 2.767100 1.283600
vt 3.678700 1.314700
vt 3.502500 0.785700
vt 3.678700 0.641100
vt 2.946200 0.624400
vt 3.662100 0.624400
vt 3.840100 0.802400
vt 3.840100 1.314700
vt 3.678700 0.624400
vt 3.959600 0.931100
vt 3.959600 1.314700
vt 3.502400 0.463000
vt 3.695400 0.624400
vt 4.090900 1.049900
vt 4.087500 1.314700
vt 3.975400 0.915200
vt 4.235000 1.145800
vt 4.232800 1.314200
vt 4.101800 1.035400
vt 4.244900 1.132000
vt 4.374600 1.227900
vt 4.373700 1.313700
vt 4.106300 1.035400
vt 4.512700 1.279900
vt 4.512400 1.313200
vt 4.516600 1.267800
vt 4.378700 1.214900
vt 4.636400 1.292500
vt 4.636500 1.312800
vt 4.514000 1.267800
vt 4.637500 1.280600
vt 4.413000 0.915200
vt 4.413000 1.035100
vt 4.205900 1.137700
vt 4.719700 1.035400
vt 4.620100 1.137700
vt 4.850600 0.915200
vt 4.413000 1.137500
vt 4.548800 1.262100
vt 4.634000 1.144000
vt 4.561600 1.268000
vt 4.277200 1.262100
vt 4.192000 1.144000
vt 4.264300 1.268000
vt 4.413000 1.262100
vt 4.329100 1.404400
vt 4.496800 1.404400
vt 4.413000 1.404300
vt 4.348700 1.558800
vt 4.477300 1.558800
vt 4.413000 1.558800
vt 1.932800 0.931100
vt 1.932800 1.314700
vt 1.801600 1.049900
vt 1.805000 1.314700
vt 1.917000 0.915200
vt 1.700400 1.151100
vt 1.701300 1.314200
vt 1.517900 1.227900
vt 1.518800 1.313700
vt 1.786200 1.035400
vt 1.686500 1.137700
vt 1.379800 1.279900
vt 1.513700 1.214900
vt 1.375800 1.267800
vt 1.380100 1.313200
vt 1.256100 1.292500
vt 1.256000 1.312800
vt 1.378400 1.267800
vt 1.254900 1.280600
vt 1.415500 0.915200
vt 1.415500 1.035100
vt 1.415500 1.137500
vt 1.415500 0.785700
vt 1.615300 1.262100
vt 1.700500 1.144000
vt 1.628100 1.268000
vt 1.116400 1.137700
vt 1.216200 1.262100
vt 0.994100 1.035400
vt 1.101300 1.150700
vt 1.415500 1.262000
vt 1.563300 1.404400
vt 1.264300 1.404400
vt 1.202800 1.266200
vt 1.252100 1.408200
vt 1.415500 1.404300
vt 1.287200 1.558800
vt 1.543800 1.558800
vt 1.415500 1.558800
vt 0.848600 0.915200
vt 0.977700 1.049500
vt 0.693400 0.785700
vt 0.974200 1.314700
vt 1.099600 1.314700
vt 0.831300 1.314700
vt 1.257800 1.230300
vt 1.110600 1.137700
vt 1.266100 1.217800
vt 1.257100 1.313800
vt 1.395500 1.280600
vt 1.395200 1.312900
vt 1.526100 1.292300
vt 1.526200 1.312000
vt 1.397100 1.268800
vt 1.527500 1.280700
vt 0.831300 0.930000
vt 0.676100 1.314700
vt 0.676100 0.801600
vt 0.514800 1.314700
vt 0.514800 0.641000
vt 0.531500 0.624400
vt 0.353500 0.801600
vt 0.353500 1.314700
vt 0.198400 0.930100
vt 0.198400 1.314700
vt 0.498200 0.624400
vt 0.059500 1.043500
vt 0.055400 1.314700
vt 0.336300 0.785700
vt 0.181000 0.915200
vt -0.067600 1.153700
vt -0.069900 1.314700
vt -0.189200 1.233900
vt -0.187300 1.314300
vt -0.323100 1.282500
vt -0.321300 1.313800
vt -0.466600 1.313300
vt -0.466200 1.294200
vt 0.043100 1.029300
vt -0.082400 1.141000
vt -0.259900 0.915200
vt -0.259900 1.032600
vt -0.259900 0.785700
vt -0.259900 0.624400
vt -0.259800 1.143500
vt -0.067700 1.147600
vt -0.165600 1.284100
vt -0.178700 1.277800
vt -0.259600 1.275600
vt -0.226100 1.428700
vt -0.165800 1.282000
vt -0.237900 1.424500
vt -0.259200 1.422700
vt -0.254100 1.578200
vt -0.258800 1.578400
vt -0.242200 1.579100
vt -0.225800 1.425700
vt 0.336100 0.463000
vt -0.259900 0.463000
vt 0.514800 0.624400
vt 0.514800 0.607700
vt 0.180800 0.337800
vt -0.259900 0.337800
vt 0.039100 0.224600
vt -0.259900 0.224600
vt -0.084700 0.117800
vt -0.259900 0.117800
vt -0.069900 0.104100
vt 0.055400 0.210300
vt 0.198400 0.323100
vt 0.353500 0.447300
vt 0.055400 -0.628600
vt -0.069900 -0.504100
vt -0.232800 -0.400800
vt -0.227400 0.025400
vt 0.040100 -0.643900
vt -0.084200 -0.518600
vt -0.259900 -0.643900
vt -0.259900 -0.518600
vt -0.259900 -0.786900
vt 0.182300 -0.786900
vt -0.259900 -0.942000
vt 0.198400 -0.770900
vt 0.337000 -0.942000
vt -0.259900 -1.099500
vt 0.494300 -1.099500
vt 0.353500 -0.925500
vt 0.514800 -1.099500
vt 0.676100 -0.925500
vt 0.535300 -1.099500
vt 0.676100 0.447300
vt 0.692700 -0.942000
vt 1.415500 -1.099500
vt 1.415500 -0.942000
vt 0.847300 -0.786900
vt 1.415500 -0.786900
vt 0.831300 -0.770900
vt 0.989600 -0.643900
vt 1.415500 -0.643900
vt 1.114000 -0.518600
vt 1.415500 -0.518600
vt 0.974200 -0.628600
vt 1.099600 -0.504200
vt 1.215600 -0.379500
vt 1.099600 -0.510800
vt 1.202400 -0.372300
vt 1.415500 -0.379500
vt 1.264200 -0.230700
vt 1.202400 -0.375200
vt 1.252000 -0.226800
vt 1.415500 -0.230700
vt 1.287200 -0.073800
vt 1.415500 -0.073800
vt 1.252000 -0.228900
vt 1.275300 -0.072100
vt 0.974200 0.210300
vt 0.831300 0.323100
vt 1.099600 0.104100
vt 1.251700 -0.402600
vt 0.693500 0.463000
vt 0.848900 0.337800
vt 0.990500 0.224600
vt 1.251700 0.025500
vt 1.403000 -0.354000
vt 1.108400 0.117800
vt 1.259600 0.038300
vt 1.403000 -0.023800
vt 1.557200 -0.331000
vt 1.557200 -0.039100
vt 1.404800 -0.011700
vt 1.558900 -0.027200
vt 1.114500 0.117800
vt 1.415500 0.224600
vt 1.415500 0.337800
vt 1.415500 0.117800
vt 1.415500 0.463000
vt 1.215800 -0.007500
vt 1.916800 0.337800
vt 1.202400 -0.011500
vt 1.252000 -0.154300
vt 1.264200 -0.150500
vt 1.415500 -0.007500
vt 1.615700 -0.007500
vt 1.415500 -0.150500
vt 1.287200 -0.305600
vt 1.415500 -0.305600
vt 1.543800 -0.305600
vt 1.563400 -0.150500
vt 1.575600 -0.151700
vt 1.555700 -0.306800
vt 1.628600 -0.013400
vt 1.702300 0.111400
vt 1.688500 0.117800
vt 1.789700 0.224600
vt 1.805000 0.209900
vt 1.702200 0.103700
vt 1.805000 -0.045600
vt 1.701700 -0.045600
vt 1.932800 -0.045600
vt 1.518900 0.025400
vt 1.518900 -0.045600
vt 1.932800 0.322200
vt 2.052400 -0.045600
vt 1.380300 -0.023800
vt 1.380300 -0.045600
vt 1.376500 -0.011700
vt 1.514800 0.038300
vt 1.256500 -0.039100
vt 1.256500 -0.045600
vt 2.052400 0.446500
vt 2.213800 -0.045600
vt 2.036100 0.463000
vt 2.213800 0.607700
vt 2.373900 0.446400
vt 2.373900 -0.045600
vt 2.213800 0.624400
vt 1.415500 0.624400
vt 2.197100 0.624400
vt 2.036200 0.785700
vt 2.230400 0.624400
vt 2.390100 0.463000
vt 2.946200 0.463000
vt 2.507600 0.337800
vt 2.491600 0.322100
vt 2.491600 -0.045600
vt 2.621400 0.210000
vt 2.621400 -0.045600
vt 2.728900 0.103800
vt 2.728900 -0.045600
vt 2.854400 0.025300
vt 2.855200 -0.045600
vt 2.636800 0.224600
vt 2.742800 0.117800
vt 2.992900 -0.022300
vt 2.858300 0.038300
vt 2.996500 -0.010100
vt 2.993500 -0.045600
vt 3.147800 -0.038600
vt 3.147900 -0.045600
vt 2.994100 -0.010100
vt 3.149100 -0.026800
vt 2.946200 0.337800
vt 2.946200 0.224600
vt 3.384900 0.337800
vt 3.255600 0.224600
vt 2.946200 0.117800
vt 3.149700 0.117800
vt 3.271100 0.210000
vt 2.815000 -0.030600
vt 2.728900 0.110300
vt 2.802300 -0.037700
vt 2.946200 -0.030600
vt 2.863900 -0.173500
vt 3.077500 -0.030600
vt 3.163600 0.110300
vt 3.090200 -0.037700
vt 3.028600 -0.173500
vt 2.946200 -0.174200
vt 2.882000 -0.313400
vt 3.010500 -0.313400
vt 2.946200 -0.313900
vt 3.163600 0.103800
vt 3.271100 -0.045600
vt 3.163600 -0.045600
vt 3.400900 -0.045600
vt 3.018200 0.025400
vt 3.017300 -0.045600
vt 3.400900 0.322100
vt 3.518600 -0.045600
vt 3.518600 0.446400
vt 3.678700 -0.045600
vt 3.678700 0.607700
vt 3.840100 0.446500
vt 3.840100 -0.045600
vt 3.959600 0.322200
vt 3.959600 -0.045600
vt 3.975600 0.337800
vt 4.087500 0.209900
vt 4.087500 -0.045600
vt 4.232800 0.103700
vt 4.232800 -0.045600
vt 4.373600 0.025400
vt 4.373600 -0.045600
vt 4.512200 -0.023800
vt 4.377600 0.038300
vt 4.516000 -0.011700
vt 4.512200 -0.045600
vt 4.636000 -0.039100
vt 4.636000 -0.045600
vt 4.102700 0.224600
vt 4.087500 0.217000
vt 4.190200 0.110500
vt 4.204000 0.117800
vt 4.413000 0.337800
vt 4.413000 0.224600
vt 4.413000 0.117800
vt 4.723200 0.224600
vt 4.276800 -0.007500
vt 4.190200 0.111400
vt 4.263900 -0.013400
vt 4.413000 -0.007500
vt 4.622000 0.117800
vt 4.738500 0.217000
vt 4.635800 0.110500
vt 4.549200 -0.007500
vt 4.635800 0.111400
vt 4.562100 -0.013400
vt 4.496900 -0.150500
vt 4.329100 -0.150500
vt 4.413000 -0.150500
vt 4.477300 -0.305600
vt 4.509200 -0.151700
vt 4.489200 -0.306800
vt 4.413000 -0.305600
vt 4.348700 -0.305600
vt 4.336800 -0.306800
vt 4.316800 -0.151700
vt 3.856400 0.463000
vt 4.413000 0.463000
vt 4.413000 0.624400
vt 4.850400 0.337800
vt 4.738500 0.209900
vt 4.969700 0.463000
vt 4.866400 0.322200
vt 4.985900 0.446400
vt 4.866400 -0.045600
vt 4.738500 -0.045600
vt 4.985900 -0.045600
vt 4.593200 0.103700
vt 5.145700 -0.045600
vt 4.593200 -0.045600
vt 5.145700 0.607000
vt 5.145700 0.624400
vt 4.452400 0.025400
vt 4.452400 -0.045600
vt 4.313800 -0.023800
vt 4.313800 -0.045600
vt 4.310000 -0.011700
vt 4.448400 0.038300
vt 4.190000 -0.039100
vt 4.190000 -0.045600
vt 4.969800 0.785700
vt 5.145700 0.641700
vt 4.985900 0.802400
vt 5.145700 1.314700
vt 4.985900 1.314700
vt 4.866400 0.931100
vt 4.866400 1.314700
vt 4.735100 1.049900
vt 4.738500 1.314700
vt 4.591000 1.145800
vt 4.724200 1.035400
vt 4.581100 1.132000
vt 4.593200 1.314200
vt 4.451400 1.227900
vt 4.452300 1.313700
vt 4.313300 1.279900
vt 4.447300 1.214900
vt 4.309300 1.267800
vt 4.313600 1.313200
vt 4.189600 1.292500
vt 4.189500 1.312800
vt 4.311900 1.267800
vt 4.188400 1.280600
vt 3.856200 0.785700
vt 4.413000 0.785700
vt 2.873600 -0.022200
vt 2.869800 -0.010000
vt 3.014100 0.038400
vt 2.873000 -0.045500
vt 2.730600 -0.038600
vt 2.730500 -0.045500
vt 2.729400 -0.026700
vt 2.872600 -0.010000
vt 1.423100 1.146000
vt 1.269500 1.129500
vt 1.269500 1.124800
vt 1.426300 1.124800
vt 1.419900 1.157900
vt 1.267900 1.141400
vt 1.575100 1.124800
vt 1.570200 1.204600
vt 1.714300 1.124800
vt 1.714300 1.300500
vt 1.706500 1.314500
vt 1.562500 1.217200
vt 4.507600 1.233200
vt 4.656000 1.139500
vt 4.656000 1.314700
vt 4.507600 1.314700
vt 4.500600 1.219900
vt 4.648700 1.124800
vt 4.363200 1.292000
vt 4.360100 1.314700
vt 4.221900 1.310000
vt 4.220800 1.314700
vt 4.223700 1.298100
vt 4.363500 1.279700
vt -0.373800 -0.022300
vt -0.232400 0.038400
vt -0.379900 -0.010600
vt -0.382300 -0.353400
vt -0.237000 -0.414200
vt -0.385500 -0.365700
vt -0.508700 -0.038800
vt -0.512400 -0.331100
vt 2.052400 0.785700
vt 2.052400 1.314700
vt 2.213800 1.314700
vt 1.932800 0.915200
vt 1.932800 1.314700
vt 2.213800 0.624400
vt 1.801400 1.035400
vt 1.805000 1.314700
vt 1.415500 0.785700
vt 1.700300 1.137700
vt 1.701300 1.314200
vt 1.415500 0.915200
vt 1.517800 1.214900
vt 1.518800 1.313700
vt 1.379600 1.267800
vt 1.380100 1.313200
vt 1.256100 1.280600
vt 1.256000 1.312800
vt 1.415500 1.035100
vt 1.415500 1.137500
vt 1.628100 1.262100
vt 0.977800 1.035400
vt 1.415500 1.262000
vt 1.575500 1.404400
vt 1.202900 1.262100
vt 1.252100 1.404400
vt 1.101500 1.137700
vt 1.415500 1.404300
vt 1.555700 1.558800
vt 1.275300 1.558800
vt 1.415500 1.558800
vt 0.974200 1.314700
vt 1.099600 1.314700
vt 1.257900 1.217800
vt 0.831300 1.314700
vt 1.257100 1.313800
vt 1.395600 1.268800
vt 1.395200 1.312900
vt 1.526100 1.280800
vt 1.526200 1.312000
vt 0.831300 0.915200
vt 0.676100 1.314700
vt 0.676100 0.785700
vt 0.514800 1.314700
vt 1.415500 0.624400
vt 0.514800 0.624400
vt 0.353500 0.785700
vt 0.353500 1.314700
vt 0.198400 0.915200
vt 0.198400 1.314700
vt -0.259900 0.785700
vt -0.259900 0.624400
vt -0.259900 0.915200
vt 0.353500 0.463000
vt 0.059700 1.029100
vt 0.055400 1.314700
vt -0.259900 1.032600
vt -0.067400 1.140800
vt -0.069900 1.314700
vt -0.259800 1.143500
vt -0.189500 1.221900
vt -0.165600 1.278100
vt -0.187300 1.314300
vt -0.259600 1.275600
vt -0.323800 1.271300
vt -0.225900 1.425400
vt -0.321300 1.313800
vt -0.466000 1.283100
vt -0.466600 1.313300
vt -0.259200 1.422700
vt -0.242200 1.577800
vt -0.258800 1.578400
vt 2.869900 1.577400
vt 2.945600 1.577500
vt 2.945800 1.424600
vt 3.009400 1.577600
vt 2.853400 1.425000
vt 3.026000 1.425100
vt 2.946000 1.277300
vt 2.802800 1.277800
vt 3.076300 1.278100
vt 2.946100 1.141600
vt 2.726500 1.129100
vt 3.089200 1.284200
vt 3.165700 1.148100
vt 3.151900 1.141200
vt 2.946200 1.030700
vt 3.259800 1.029200
vt 3.165700 1.154300
vt 2.617100 1.029100
vt 2.946200 0.915200
vt 2.621400 1.314700
vt 2.728900 1.314700
vt 2.856700 1.215900
vt 2.491600 1.314700
vt 2.854200 1.314500
vt 2.999900 1.268700
vt 2.997200 1.314100
vt 3.151700 1.281500
vt 3.152300 1.313800
vt 2.491600 0.915200
vt 2.373900 1.314700
vt 2.373900 0.785700
vt 2.946200 0.785700
vt 3.385100 0.915200
vt 2.946200 0.624400
vt 3.502500 0.785700
vt 3.275100 1.043900
vt 3.271100 1.314700
vt 3.163600 1.314700
vt 3.400900 1.314700
vt 3.044400 1.234300
vt 3.046400 1.314400
vt 3.400900 0.931100
vt 3.518600 1.314700
vt 3.518600 0.802500
vt 3.678700 1.314700
vt 3.678700 0.641100
vt 3.040500 1.222400
vt 2.906800 1.271800
vt 2.910900 1.282900
vt 2.912800 1.314100
vt 2.768100 1.294700
vt 2.767700 1.313700
vt 2.909000 1.271700
vt 2.767100 1.283600
vt 3.840100 0.802400
vt 3.840100 1.314700
vt 3.678700 0.624400
vt 3.662100 0.624400
vt 3.959600 0.931100
vt 3.959600 1.314700
vt 3.975400 0.915200
vt 4.090900 1.049900
vt 4.087500 1.314700
vt 4.235000 1.145800
vt 4.232800 1.314200
vt 4.101800 1.035400
vt 4.244900 1.132000
vt 4.374600 1.227900
vt 4.373700 1.313700
vt 4.106300 1.035400
vt 4.512700 1.279900
vt 4.378700 1.214900
vt 4.516600 1.267800
vt 4.512400 1.313200
vt 4.636400 1.292500
vt 4.636500 1.312800
vt 4.514000 1.267800
vt 4.637500 1.280600
vt 4.413000 0.915200
vt 4.413000 1.035100
vt 4.205900 1.137700
vt 4.719700 1.035400
vt 4.620100 1.137700
vt 4.850600 0.915200
vt 4.413000 1.137500
vt 4.548800 1.262100
vt 4.634000 1.144000
vt 4.561600 1.268000
vt 4.277200 1.262100
vt 4.192000 1.144000
vt 4.264300 1.268000
vt 4.413000 1.262100
vt 4.329100 1.404400
vt 4.496800 1.404400
vt 4.413000 1.404300
vt 4.348700 1.558800
vt 4.477300 1.558800
vt 4.413000 1.558800
vt 2.373900 0.463000
vt 2.213800 -0.045600
vt 2.373900 -0.045600
vt 2.052400 0.463000
vt 2.052400 -0.045600
vt 1.932800 0.337800
vt 1.932800 -0.045600
vt 1.415500 0.463000
vt 0.676100 0.463000
vt 1.805000 0.224600
vt 1.805000 -0.045600
vt 1.415500 0.337800
vt 0.831300 0.337800
vt 1.702300 0.117800
vt 1.701700 -0.045600
vt 1.518900 0.038300
vt 1.518900 -0.045600
vt 1.380300 -0.011700
vt 1.380300 -0.045600
vt 1.256500 -0.027200
vt 1.256500 -0.045600
vt 1.415500 0.224600
vt 1.415500 0.117800
vt 1.628600 -0.007500
vt 0.974200 0.224600
vt 1.099600 0.117800
vt 1.202400 -0.007500
vt 1.415500 -0.007500
vt 1.575600 -0.150500
vt 1.252000 -0.150500
vt 1.415500 -0.150500
vt 1.555700 -0.305600
vt 1.275300 -0.305600
vt 1.415500 -0.305600
vt 0.974200 -0.643900
vt 1.099600 -0.518600
vt 1.251700 -0.415800
vt 1.251700 0.038300
vt 1.403000 -0.366100
vt 1.403000 -0.011700
vt 1.557200 -0.342900
vt 1.557200 -0.027200
vt 1.415500 -0.643900
vt 1.415500 -0.518600
vt 1.202400 -0.379500
vt 1.415500 -0.786900
vt 1.415500 -0.379500
vt 1.252000 -0.230700
vt 1.415500 -0.230700
vt 1.275300 -0.073800
vt 1.415500 -0.073800
vt 0.831300 -0.786900
vt 1.415500 -0.942000
vt 0.676100 -0.942000
vt 1.415500 -1.099500
vt 0.518600 -1.099500
vt 0.514800 -1.099500
vt 0.353500 -0.942000
vt 0.511000 -1.099500
vt -0.259900 -1.099500
vt -0.259900 -0.942000
vt 0.198400 -0.786900
vt -0.259900 -0.786900
vt -0.259900 0.463000
vt 0.198400 0.337800
vt -0.259900 0.337800
vt 0.055400 -0.643900
vt -0.259900 -0.643900
vt 0.055400 0.224600
vt -0.259900 0.224600
vt -0.069900 -0.518600
vt -0.259900 -0.518600
vt -0.069900 0.117800
vt -0.259900 0.117800
vt -0.232900 -0.413900
vt -0.227200 0.038300
vt -0.373500 -0.010100
vt -0.382600 -0.365500
vt -0.512600 -0.343100
vt -0.508500 -0.026900
vt 2.946200 0.463000
vt 3.502400 0.463000
vt 2.491600 0.337800
vt 2.491600 -0.045600
vt 3.384900 0.337800
vt 3.518600 0.446400
vt 2.621400 0.224600
vt 2.621400 -0.045600
vt 2.946200 0.337800
vt 2.728900 0.117800
vt 2.728900 -0.045600
vt 2.854200 0.038300
vt 2.855200 -0.045600
vt 2.992600 -0.010100
vt 2.993500 -0.045600
vt 3.147600 -0.026700
vt 3.147900 -0.045600
vt 2.946200 0.224600
vt 2.946200 0.117800
vt 2.802200 -0.030600
vt 3.255600 0.224600
vt 3.149700 0.117800
vt 2.946200 -0.030600
vt 2.851700 -0.173400
vt 3.077500 -0.030600
vt 3.163600 0.110300
vt 3.090200 -0.037700
vt 3.028600 -0.173500
vt 3.163600 0.103800
vt 2.946200 -0.174200
vt 3.010500 -0.313400
vt 2.870100 -0.313200
vt 2.946200 -0.313900
vt 3.271100 0.210000
vt 3.271100 -0.045600
vt 3.163600 -0.045600
vt 3.400900 -0.045600
vt 3.018200 0.025400
vt 3.017300 -0.045600
vt 3.400900 0.322100
vt 3.518600 -0.045600
vt 3.678700 -0.045600
vt 2.873600 -0.022200
vt 3.014200 0.038400
vt 2.869800 -0.010000
vt 2.873000 -0.045500
vt 2.730600 -0.038600
vt 2.730500 -0.045500
vt 2.872600 -0.010100
vt 2.729400 -0.026700
vt 3.678700 0.607700
vt 3.840100 0.446500
vt 3.840100 -0.045600
vt 3.856400 0.463000
vt 3.959600 0.322200
vt 3.959600 -0.045600
vt 3.975600 0.337800
vt 4.087500 0.209900
vt 4.087500 -0.045600
vt 4.232800 0.103700
vt 4.232800 -0.045600
vt 4.373600 0.025400
vt 4.373600 -0.045600
vt 4.102700 0.224600
vt 4.512200 -0.023800
vt 4.512200 -0.045600
vt 4.516000 -0.011700
vt 4.377600 0.038300
vt 4.636000 -0.039100
vt 4.636000 -0.045600
vt 4.413000 0.337800
vt 4.413000 0.463000
vt 4.413000 0.224600
vt 4.850400 0.337800
vt 4.204000 0.117800
vt 4.087500 0.217000
vt 4.190200 0.110500
vt 4.723200 0.224600
vt 4.413000 0.117800
vt 4.738500 0.217000
vt 4.635800 0.110500
vt 4.622000 0.117800
vt 4.738500 0.209900
vt 4.549200 -0.007500
vt 4.635800 0.111400
vt 4.562100 -0.013400
vt 4.413000 -0.007500
vt 4.276800 -0.007500
vt 4.190200 0.111400
vt 4.263900 -0.013400
vt 4.329100 -0.150500
vt 4.496900 -0.150500
vt 4.413000 -0.150500
vt 4.348700 -0.305600
vt 4.316800 -0.151700
vt 4.336800 -0.306800
vt 4.413000 -0.305600
vt 4.477300 -0.305600
vt 4.489200 -0.306800
vt 4.509200 -0.151700
vt 3.695400 0.624400
vt 4.413000 0.624400
vt 3.856200 0.785700
vt 4.413000 0.785700
vt 4.969800 0.785700
vt 5.145700 0.624400
vt 5.145700 0.641700
vt 4.969700 0.463000
vt 5.145700 0.607000
vt 4.985900 0.802400
vt 5.145700 1.314700
vt 4.985900 1.314700
vt 4.866400 0.931100
vt 4.866400 1.314700
vt 4.735100 1.049900
vt 4.738500 1.314700
vt 4.591000 1.145800
vt 4.724200 1.035400
vt 4.581100 1.132000
vt 4.593200 1.314200
vt 4.451400 1.227900
vt 4.452300 1.313700
vt 4.447300 1.214900
vt 4.309300 1.267800
vt 4.313300 1.279900
vt 4.313600 1.313200
vt 4.189600 1.292500
vt 4.189500 1.312800
vt 4.311900 1.267800
vt 4.188400 1.280600
vt 4.866400 0.322200
vt 4.985900 0.446400
vt 4.985900 -0.045600
vt 4.866400 -0.045600
vt 5.145700 -0.045600
vt 4.738500 -0.045600
vt 4.593200 0.103700
vt 4.593200 -0.045600
vt 4.452400 0.025400
vt 4.452400 -0.045600
vt 4.313800 -0.023800
vt 4.448400 0.038300
vt 4.310000 -0.011700
vt 4.313800 -0.045600
vt 4.190000 -0.039100
vt 4.190000 -0.045600
vt 1.421400 1.157800
vt 1.426300 1.124800
vt 1.269500 1.124800
vt 1.269500 1.141400
vt 1.575100 1.124800
vt 1.569500 1.217400
vt 1.714300 1.124800
vt 1.714300 1.314700
vt 4.507600 1.219900
vt 4.507600 1.314700
vt 4.656000 1.314700
vt 4.656000 1.124800
vt 4.364900 1.279200
vt 4.360100 1.314700
vt 4.225000 1.297700
vt 4.220800 1.314700
vn -0.143194 0.058598 -0.987958
vn -0.234409 0.000000 -0.972138
vn 0.000400 -0.000000 -1.000000
vn -0.329698 0.115499 -0.936995
vn -0.441805 -0.000800 -0.897111
vn -0.474688 0.183195 -0.860878
vn -0.614618 -0.001300 -0.788824
vn -0.121893 0.319983 -0.939549
vn -0.649206 0.248402 -0.718907
vn -0.790959 -0.000500 -0.611869
vn -0.792817 0.293906 -0.533911
vn -0.903167 -0.001900 -0.429285
vn -0.175108 0.499322 -0.848537
vn -0.240596 0.651389 -0.719588
vn -0.889339 0.343315 -0.302013
vn -0.308704 0.772011 -0.555608
vn -0.351704 0.889009 -0.293203
vn -0.970773 -0.001500 -0.239993
vn -0.915825 0.372910 -0.149004
vn -0.991838 0.000000 -0.127505
vn -0.351704 0.889009 -0.293203
vn -0.359101 0.924903 -0.124900
vn 0.000000 0.449013 -0.893525
vn 0.000000 0.641619 -0.767023
vn 0.000000 0.780527 -0.625122
vn 0.000000 0.221491 -0.975162
vn 0.214498 0.639694 -0.738093
vn -0.308704 0.772011 -0.555608
vn -0.649206 0.248402 -0.718907
vn -0.792817 0.293906 -0.533911
vn 0.278997 0.777292 -0.563895
vn 0.160505 0.493117 -0.855029
vn 0.573220 0.236508 -0.784527
vn 0.000000 0.889412 -0.457106
vn -0.351704 0.889009 -0.293203
vn 0.356392 0.886779 -0.294293
vn 0.746706 0.300502 -0.593405
vn 0.890604 0.341002 -0.300901
vn 0.000000 0.975388 -0.220497
vn 0.353492 0.926078 -0.131997
vn -0.359101 0.924903 -0.124900
vn 0.000000 0.996329 -0.085603
vn 0.555391 -0.002500 -0.831586
vn 0.707105 -0.002500 -0.707105
vn 0.746706 0.300502 -0.593405
vn 0.871713 -0.003000 -0.490007
vn 0.214498 0.639694 -0.738093
vn 0.278997 0.777292 -0.563895
vn 0.890604 0.341002 -0.300901
vn 0.970773 -0.001500 -0.239993
vn 0.911972 0.374189 -0.168195
vn 0.988958 0.000000 -0.148194
vn 0.356392 0.886779 -0.294293
vn 0.353492 0.926078 -0.131997
vn 0.428997 0.176499 -0.885895
vn 0.383514 -0.001000 -0.923534
vn 0.275487 0.115394 -0.954354
vn 0.104301 0.322203 -0.940907
vn 0.195097 0.000000 -0.980784
vn 0.126304 0.051902 -0.990633
vn 0.053597 0.134593 -0.989450
vn -0.000000 -0.000000 -1.000000
vn -0.000100 0.024600 -0.999697
vn -0.126305 0.051802 -0.990638
vn -0.195097 0.000000 -0.980784
vn 0.024600 -0.000100 -0.999697
vn -0.273991 0.114696 -0.954868
vn -0.382690 0.000000 -0.923877
vn -0.012300 -0.024501 -0.999624
vn -0.423616 0.174707 -0.888834
vn -0.555692 -0.000800 -0.831388
vn -0.053498 0.134594 -0.989456
vn -0.103498 0.320493 -0.941580
vn -0.578281 0.237592 -0.780475
vn -0.722091 -0.002900 -0.691792
vn -0.746695 0.291698 -0.597796
vn -0.863973 -0.007400 -0.503484
vn -0.884533 0.344413 -0.314612
vn -0.965555 -0.012699 -0.259888
vn -0.994009 -0.000400 -0.109301
vn -0.919186 0.370794 -0.132698
vn -0.157598 0.487492 -0.858786
vn -0.213511 0.640433 -0.737738
vn 0.000000 0.446413 -0.894827
vn 0.000600 0.638402 -0.769703
vn -0.000000 0.221491 -0.975162
vn 0.000000 0.000000 -1.000000
vn 0.002300 0.780164 -0.625571
vn -0.746695 0.291698 -0.597796
vn -0.578281 0.237592 -0.780475
vn -0.282395 0.770786 -0.571089
vn 0.007100 0.888304 -0.459202
vn -0.884533 0.344413 -0.314612
vn -0.746695 0.291698 -0.597796
vn -0.334598 0.895195 -0.294398
vn 0.016100 0.973482 -0.228196
vn -0.358812 0.925831 -0.118704
vn 0.000000 0.996329 -0.085603
vn -0.919186 0.370794 -0.132698
vn -0.884533 0.344413 -0.314612
vn -0.054301 -0.136703 -0.989123
vn -0.000000 -0.226809 -0.973939
vn -0.011800 -0.011500 -0.999864
vn -0.020200 -0.013200 -0.999709
vn -0.104102 -0.330007 -0.938221
vn -0.000000 -0.458816 -0.888531
vn -0.155301 -0.488902 -0.858404
vn -0.000000 -0.628893 -0.777492
vn -0.218915 -0.629942 -0.745150
vn -0.000000 -0.774576 -0.632481
vn -0.582727 -0.233711 -0.778337
vn -0.422303 -0.177001 -0.889006
vn -0.274191 -0.117496 -0.954470
vn -0.126794 -0.052297 -0.990550
vn -0.420683 0.153294 -0.894163
vn -0.576493 0.213597 -0.788690
vn -0.753101 0.280100 -0.595301
vn -0.745087 -0.300595 -0.595389
vn -0.153294 0.420683 -0.894163
vn -0.212200 0.571901 -0.792401
vn 0.000000 0.555577 -0.831465
vn 0.003100 0.709699 -0.704499
vn 0.000000 0.382690 -0.923877
vn -0.875371 -0.354988 -0.328189
vn -0.285214 -0.781337 -0.555126
vn -0.329803 -0.896708 -0.295203
vn -0.877705 0.359102 -0.317302
vn -0.910803 -0.386201 -0.145900
vn -0.921015 0.357706 -0.154202
vn -0.285505 0.748513 -0.598511
vn -0.327183 0.893052 -0.308884
vn -0.100103 0.272509 -0.956932
vn 0.000000 0.195097 -0.980784
vn -0.049499 0.123698 -0.991085
vn -0.000000 -0.000000 -1.000000
vn -0.014800 0.000000 -0.999891
vn -0.272509 0.100103 -0.956932
vn -0.123600 0.049400 -0.991102
vn -0.000000 0.000000 -1.000000
vn 0.123600 0.049400 -0.991102
vn 0.014800 -0.000000 -0.999891
vn 0.126696 -0.052198 -0.990567
vn 0.049499 0.123698 -0.991085
vn -0.000000 -0.000000 -1.000000
vn -0.000000 0.195097 -0.980784
vn 0.100103 0.272509 -0.956932
vn -0.000000 0.382690 -0.923877
vn 0.272509 0.100103 -0.956932
vn 0.153294 0.420683 -0.894163
vn -0.000000 0.555577 -0.831465
vn 0.274191 -0.117496 -0.954470
vn 0.420683 0.153294 -0.894163
vn 0.208998 0.565694 -0.797691
vn 0.000000 0.707107 -0.707107
vn 0.565694 0.208998 -0.797691
vn 0.283496 0.749690 -0.597992
vn 0.565694 0.208998 -0.797691
vn 0.749669 0.283588 -0.597975
vn 0.000000 0.872397 -0.488798
vn 0.350106 0.884414 -0.308605
vn 0.749669 0.283588 -0.597975
vn 0.884414 0.350106 -0.308605
vn 0.000000 0.970995 -0.239099
vn 0.357112 0.914532 -0.190007
vn 0.000000 0.988958 -0.148194
vn 0.884414 0.350106 -0.308605
vn 0.914532 0.357112 -0.190007
vn 0.422303 -0.177001 -0.889006
vn 0.573785 -0.229894 -0.786079
vn 0.749669 0.283588 -0.597975
vn 0.746774 -0.307389 -0.589780
vn 0.884414 0.350106 -0.308605
vn 0.216800 -0.626099 -0.748998
vn 0.278787 -0.789364 -0.546975
vn 0.888478 -0.347291 -0.299993
vn 0.914532 0.357112 -0.190007
vn 0.912569 -0.370387 -0.173294
vn 0.354210 -0.889225 -0.289508
vn 0.354302 -0.923805 -0.145101
vn 0.155301 -0.488902 -0.858404
vn 0.216800 -0.626099 -0.748998
vn 0.104102 -0.330007 -0.938221
vn 0.000000 -0.628893 -0.777492
vn 0.054301 -0.136703 -0.989123
vn 0.000000 -0.458816 -0.888531
vn 0.000000 -0.226809 -0.973939
vn 0.000000 -0.000000 -1.000000
vn -0.058500 -0.141501 -0.988208
vn -0.121800 -0.327699 -0.936898
vn -0.057699 0.139198 -0.988582
vn -0.000800 -0.004100 -0.999991
vn -0.011500 0.011900 -0.999863
vn -0.003600 0.000800 -0.999993
vn 0.057897 0.139294 -0.988557
vn 0.144801 0.058900 -0.987706
vn 0.237403 0.000000 -0.971411
vn 0.330104 0.114201 -0.937011
vn 0.440802 -0.000200 -0.897604
vn 0.121706 0.317715 -0.940343
vn 0.462194 0.178198 -0.868690
vn 0.603593 -0.001700 -0.797291
vn 0.636907 0.244003 -0.731308
vn 0.785785 -0.003700 -0.618488
vn 0.170496 0.490887 -0.854378
vn 0.795484 0.292894 -0.530489
vn 0.905792 -0.004800 -0.423696
vn 0.233893 0.647282 -0.725479
vn 0.895320 0.339107 -0.288806
vn 0.973158 -0.010700 -0.229890
vn 0.354404 0.890409 -0.285603
vn 0.307907 0.774118 -0.553113
vn 0.920371 0.367988 -0.132296
vn 0.994075 0.000000 -0.108697
vn 0.354404 0.890409 -0.285603
vn 0.364998 0.923295 -0.119599
vn -0.000000 0.636874 -0.770968
vn 0.000000 0.446413 -0.894827
vn -0.000000 0.778698 -0.627399
vn 0.000000 0.221491 -0.975162
vn -0.121706 0.317715 -0.940343
vn -0.170496 0.490887 -0.854378
vn -0.233909 0.647224 -0.725526
vn 0.307907 0.774118 -0.553113
vn 0.636907 0.244003 -0.731308
vn 0.795484 0.292894 -0.530489
vn -0.000000 0.889923 -0.456112
vn 0.354404 0.890409 -0.285603
vn -0.307981 0.774052 -0.553165
vn -0.636907 0.244003 -0.731308
vn -0.795405 0.292902 -0.530603
vn -0.354501 0.890403 -0.285501
vn -0.000000 0.975457 -0.220190
vn 0.364998 0.923295 -0.119599
vn -0.364998 0.923295 -0.119599
vn 0.000000 0.996269 -0.086297
vn -0.636907 0.244003 -0.731308
vn -0.462194 0.178198 -0.868690
vn -0.603593 -0.001700 -0.797291
vn -0.785785 -0.003700 -0.618488
vn -0.795405 0.292902 -0.530603
vn -0.440802 -0.000200 -0.897604
vn -0.905792 -0.004800 -0.423696
vn -0.330104 0.114201 -0.937011
vn -0.237403 0.000000 -0.971411
vn -0.895311 0.339304 -0.288603
vn -0.144800 0.059000 -0.987700
vn -0.973202 -0.010800 -0.229700
vn -0.307981 0.774052 -0.553165
vn -0.354501 0.890403 -0.285501
vn -0.994009 -0.000400 -0.109301
vn -0.920236 0.368214 -0.132605
vn -0.354501 0.890403 -0.285501
vn -0.364998 0.923295 -0.119599
vn -0.000400 -0.000000 -1.000000
vn -0.058003 0.139307 -0.988549
vn -0.000100 0.024700 -0.999695
vn -0.000000 -0.000000 -1.000000
vn -0.012300 -0.024501 -0.999624
vn 0.143194 0.058598 -0.987958
vn 0.234409 0.000000 -0.972138
vn -0.011900 -0.011600 -0.999862
vn -0.058898 -0.141596 -0.988171
vn 0.024600 0.000000 -0.999697
vn 0.329698 0.115499 -0.936995
vn 0.441805 -0.000800 -0.897111
vn 0.057599 0.139198 -0.988588
vn 0.121893 0.319983 -0.939549
vn 0.474688 0.183195 -0.860878
vn 0.614618 -0.001300 -0.788824
vn 0.175108 0.499322 -0.848537
vn 0.649206 0.248402 -0.718907
vn 0.175108 0.499322 -0.848537
vn 0.240596 0.651389 -0.719588
vn 0.790959 -0.000500 -0.611869
vn 0.792695 0.293898 -0.534096
vn 0.903167 -0.001900 -0.429285
vn 0.351899 0.888998 -0.292999
vn 0.308784 0.771861 -0.555772
vn 0.889304 0.343502 -0.301901
vn 0.970773 -0.001500 -0.239993
vn 0.915825 0.372910 -0.149004
vn 0.991838 0.000000 -0.127505
vn 0.351899 0.888998 -0.292999
vn 0.359101 0.924903 -0.124900
vn -0.000000 0.449013 -0.893525
vn -0.000000 0.641678 -0.766974
vn 0.240596 0.651389 -0.719588
vn -0.000000 0.221491 -0.975162
vn -0.175108 0.499322 -0.848537
vn -0.121893 0.319983 -0.939549
vn -0.240596 0.651389 -0.719588
vn 0.000000 0.780566 -0.625073
vn 0.308784 0.771861 -0.555772
vn 0.649206 0.248402 -0.718907
vn 0.792695 0.293898 -0.534096
vn 0.000000 0.889412 -0.457106
vn -0.308704 0.772011 -0.555608
vn -0.649206 0.248402 -0.718907
vn -0.792817 0.293906 -0.533911
vn -0.351704 0.889009 -0.293203
vn 0.351899 0.888998 -0.292999
vn -0.000000 0.975388 -0.220497
vn -0.359101 0.924903 -0.124900
vn 0.359101 0.924903 -0.124900
vn 0.000000 0.996329 -0.085603
vn 0.012300 0.024501 -0.999624
vn 0.058998 -0.141595 -0.988165
vn -0.020300 -0.013200 -0.999707
vn 0.145495 -0.059498 -0.987568
vn -0.000000 -0.226809 -0.973939
vn -0.143904 -0.059102 -0.987825
vn 0.000400 0.000000 -1.000000
vn 0.237403 0.000000 -0.971411
vn -0.234409 0.000000 -0.972138
vn -0.328509 -0.117803 -0.937126
vn -0.441123 0.000000 -0.897447
vn -0.468023 -0.182609 -0.864643
vn -0.615013 0.000000 -0.788517
vn -0.650480 -0.239792 -0.720677
vn -0.791094 0.000000 -0.611695
vn -0.169895 -0.494387 -0.852477
vn -0.793118 -0.299907 -0.530112
vn -0.903400 0.000000 -0.428800
vn -0.242599 -0.637799 -0.730998
vn -0.887184 -0.349294 -0.301494
vn -0.971042 0.000000 -0.238910
vn -0.349189 -0.891473 -0.288691
vn -0.308808 -0.783921 -0.538614
vn -0.916521 -0.369109 -0.154104
vn -0.991838 0.000000 -0.127505
vn 0.000000 -0.774576 -0.632481
vn 0.278787 -0.789364 -0.546975
vn -0.308808 -0.783921 -0.538614
vn -0.650480 -0.239792 -0.720677
vn -0.793118 -0.299907 -0.530112
vn 0.000000 -0.900133 -0.435616
vn -0.349189 -0.891473 -0.288691
vn 0.888478 -0.347291 -0.299993
vn 0.746774 -0.307389 -0.589780
vn 0.354210 -0.889225 -0.289508
vn 0.000000 -0.976305 -0.216401
vn 0.354302 -0.923805 -0.145101
vn 0.000000 -0.995017 -0.099702
vn -0.359992 -0.922678 -0.138097
vn -0.887184 -0.349294 -0.301494
vn -0.916521 -0.369109 -0.154104
vn -0.000000 -0.458816 -0.888531
vn 0.122301 -0.326904 -0.937111
vn -0.122301 -0.326904 -0.937111
vn 0.329908 -0.117103 -0.936722
vn 0.440601 0.000000 -0.897703
vn 0.459405 -0.180902 -0.869610
vn 0.603307 0.000000 -0.797509
vn 0.641704 -0.241301 -0.728004
vn 0.784911 -0.000200 -0.619609
vn 0.167303 -0.492610 -0.854017
vn 0.796039 -0.301115 -0.525026
vn 0.906918 -0.000500 -0.421308
vn 0.238796 -0.638788 -0.731387
vn 0.889727 -0.349711 -0.293409
vn 0.308997 -0.785093 -0.536795
vn 0.349300 -0.891200 -0.289400
vn 0.974126 0.000800 -0.226006
vn 0.919565 -0.364286 -0.147294
vn 0.993120 -0.000100 -0.117102
vn 0.349300 -0.891200 -0.289400
vn 0.362110 -0.921424 -0.140904
vn 0.000000 -0.628893 -0.777492
vn -0.167291 -0.493073 -0.853752
vn -0.000000 -0.774576 -0.632481
vn -0.238210 -0.638727 -0.731631
vn -0.459871 -0.180989 -0.869345
vn 0.308997 -0.785093 -0.536795
vn 0.641704 -0.241301 -0.728004
vn 0.796039 -0.301115 -0.525026
vn 0.000000 -0.900133 -0.435616
vn 0.349300 -0.891200 -0.289400
vn -0.309013 -0.784932 -0.537022
vn -0.641688 -0.240795 -0.728186
vn -0.795919 -0.301107 -0.525212
vn -0.349496 -0.891189 -0.289196
vn -0.000000 -0.975724 -0.219005
vn 0.362110 -0.921424 -0.140904
vn -0.362115 -0.921437 -0.140806
vn 0.000000 -0.994398 -0.105700
vn -0.641688 -0.240795 -0.728186
vn -0.603307 0.000000 -0.797509
vn -0.784911 -0.000200 -0.619609
vn -0.440601 0.000000 -0.897703
vn -0.795919 -0.301107 -0.525212
vn -0.906918 -0.000500 -0.421308
vn -0.329908 -0.117103 -0.936722
vn -0.237403 0.000000 -0.971411
vn -0.145495 -0.059498 -0.987568
vn -0.000400 0.000000 -1.000000
vn -0.020800 -0.013100 -0.999698
vn 0.143903 -0.059201 -0.987819
vn 0.234409 0.000000 -0.972138
vn 0.328509 -0.117803 -0.937126
vn 0.441123 0.000000 -0.897447
vn 0.121800 -0.327699 -0.936898
vn 0.467598 -0.182499 -0.864897
vn 0.615013 0.000000 -0.788517
vn 0.650569 -0.240188 -0.720465
vn 0.791094 0.000000 -0.611695
vn 0.793198 -0.299899 -0.529998
vn 0.903400 0.000000 -0.428800
vn 0.887188 -0.349195 -0.301596
vn 0.308710 -0.784026 -0.538518
vn 0.349092 -0.891478 -0.288793
vn 0.971042 0.000000 -0.238910
vn 0.916487 -0.369195 -0.154098
vn 0.991838 0.000000 -0.127505
vn 0.169900 -0.494000 -0.852700
vn 0.650569 -0.240188 -0.720465
vn 0.467598 -0.182499 -0.864897
vn 0.243105 -0.637814 -0.730816
vn -0.000000 -0.458816 -0.888531
vn 0.000000 -0.628893 -0.777492
vn 0.000000 -0.774576 -0.632481
vn -0.169895 -0.494387 -0.852477
vn 0.308710 -0.784026 -0.538518
vn 0.650569 -0.240188 -0.720465
vn 0.793198 -0.299899 -0.529998
vn 0.000000 -0.900133 -0.435616
vn -0.242599 -0.637799 -0.730998
vn -0.468023 -0.182609 -0.864643
vn -0.650480 -0.239792 -0.720677
vn -0.308808 -0.783921 -0.538614
vn -0.650480 -0.239792 -0.720677
vn -0.793118 -0.299907 -0.530112
vn -0.349189 -0.891473 -0.288691
vn 0.349092 -0.891478 -0.288793
vn 0.000000 -0.976305 -0.216401
vn -0.359992 -0.922678 -0.138097
vn -0.887184 -0.349294 -0.301494
vn -0.916521 -0.369109 -0.154104
vn 0.000000 -0.995017 -0.099702
vn 0.359997 -0.922691 -0.137999
vn 0.916487 -0.369195 -0.154098
vn 0.887188 -0.349195 -0.301596
vn 0.000000 -0.000000 -1.000000
vn -0.000000 -0.226809 -0.973939
vn 0.058600 -0.141500 -0.988202
vn -0.121800 -0.327699 -0.936898
vn -0.468023 -0.182609 -0.864643
vn -0.058602 -0.141304 -0.988230
vn 0.000000 0.000000 -1.000000
vn -0.057701 0.139001 -0.988610
vn 0.000000 -0.004300 -0.999991
vn 0.000000 0.004200 -0.999991
vn -0.144100 -0.059100 -0.987797
vn -0.000000 -0.000000 -1.000000
vn -0.234409 0.000000 -0.972138
vn -0.328509 -0.117803 -0.937126
vn -0.441123 0.000000 -0.897447
vn -0.615013 0.000000 -0.788517
vn -0.650480 -0.239792 -0.720677
vn -0.791094 0.000000 -0.611695
vn -0.793118 -0.299907 -0.530112
vn -0.903400 0.000000 -0.428800
vn -0.887184 -0.349294 -0.301494
vn -0.971042 0.000000 -0.238910
vn -0.349189 -0.891473 -0.288691
vn -0.308808 -0.783921 -0.538614
vn -0.916521 -0.369109 -0.154104
vn -0.991838 0.000000 -0.127505
vn -0.329698 0.115499 -0.936995
vn -0.441805 -0.000800 -0.897111
vn -0.234409 0.000000 -0.972138
vn -0.474688 0.183195 -0.860878
vn -0.614618 -0.001300 -0.788824
vn -0.143503 0.058501 -0.987919
vn -0.000000 0.000000 -1.000000
vn -0.649206 0.248402 -0.718907
vn -0.175108 0.499322 -0.848537
vn -0.240596 0.651389 -0.719588
vn -0.790959 -0.000500 -0.611869
vn -0.792817 0.293906 -0.533911
vn -0.903167 -0.001900 -0.429285
vn -0.889339 0.343315 -0.302013
vn -0.308704 0.772011 -0.555608
vn -0.351704 0.889009 -0.293203
vn -0.970773 -0.001500 -0.239993
vn -0.915825 0.372910 -0.149004
vn -0.991838 0.000000 -0.127505
vn -0.351704 0.889009 -0.293203
vn -0.359101 0.924903 -0.124900
vn -0.974126 0.000800 -0.226006
vn -0.889717 -0.349907 -0.293205
vn -0.349496 -0.891189 -0.289196
vn -0.309013 -0.784932 -0.537022
vn -0.919530 -0.364412 -0.147205
vn -0.993120 -0.000100 -0.117102
vn -0.362115 -0.921437 -0.140806
vn -0.349496 -0.891189 -0.289196
vn -0.327183 0.893052 -0.308884
vn 0.015301 0.968739 -0.247610
vn -0.000000 0.988958 -0.148194
vn 0.012400 0.869821 -0.493212
vn -0.366588 0.913470 -0.176594
vn -0.877705 0.359102 -0.317302
vn -0.921015 0.357706 -0.154202
vn -0.285505 0.748513 -0.598511
vn 0.003100 0.709699 -0.704499
vn -0.212200 0.571901 -0.792401
vn -0.576493 0.213597 -0.788690
vn -0.753101 0.280100 -0.595301
vn -0.285214 -0.781337 -0.555126
vn -0.000000 -0.900133 -0.435616
vn -0.000000 -0.774576 -0.632481
vn -0.218915 -0.629942 -0.745150
vn -0.745087 -0.300595 -0.595389
vn -0.582727 -0.233711 -0.778337
vn -0.329803 -0.896708 -0.295203
vn 0.017300 -0.978209 -0.206902
vn -0.309489 -0.941767 -0.131495
vn -0.000000 -0.995017 -0.099702
vn -0.910803 -0.386201 -0.145900
vn -0.875371 -0.354988 -0.328189
vn -0.000400 -0.000000 -1.000000
vn 0.234409 0.000000 -0.972138
vn 0.082598 0.083598 -0.993070
vn 0.218791 0.203291 -0.954360
vn 0.441805 -0.000800 -0.897111
vn -0.000100 -0.000000 -1.000000
vn 0.316789 0.335788 -0.887069
vn 0.614618 -0.001300 -0.788824
vn -0.000000 0.221491 -0.975162
vn 0.447085 0.462284 -0.765773
vn 0.791008 -0.000600 -0.611806
vn -0.000000 0.449013 -0.893525
vn 0.580578 0.555279 -0.595478
vn 0.903206 -0.002000 -0.429203
vn 0.670723 0.660722 -0.337011
vn 0.970773 -0.001500 -0.239993
vn 0.688683 0.709483 -0.149496
vn 0.991838 0.000000 -0.127505
vn -0.000000 0.641619 -0.767023
vn -0.000000 0.780527 -0.625122
vn 0.580578 0.555279 -0.595478
vn -0.289591 0.326690 -0.899673
vn -0.000000 0.889412 -0.457106
vn 0.670723 0.660722 -0.337011
vn -0.524082 0.565780 -0.636578
vn -0.676172 0.655773 -0.335786
vn -0.396519 0.446122 -0.802339
vn -0.000000 0.975388 -0.220497
vn 0.688683 0.709483 -0.149496
vn -0.681725 0.713126 -0.163406
vn 0.000000 0.996329 -0.085603
vn -0.555391 -0.002500 -0.831586
vn -0.707104 -0.002600 -0.707104
vn -0.524082 0.565780 -0.636578
vn -0.383514 -0.001100 -0.923534
vn -0.871713 -0.003000 -0.490007
vn -0.676172 0.655773 -0.335786
vn -0.970773 -0.001500 -0.239993
vn -0.681725 0.713126 -0.163406
vn -0.988958 0.000000 -0.148194
vn -0.179806 0.204407 -0.962231
vn -0.195097 0.000000 -0.980784
vn -0.078399 0.076399 -0.993990
vn -0.000000 -0.000000 -1.000000
vn -0.000000 -0.000000 -1.000000
vn -0.000000 -0.000000 -1.000000
vn 0.078399 0.076399 -0.993990
vn 0.195097 0.000000 -0.980784
vn 0.178899 0.203498 -0.962592
vn 0.382690 0.000000 -0.923877
vn 0.000000 0.221491 -0.975162
vn -0.000000 0.000000 -1.000000
vn -0.000000 0.446413 -0.894827
vn 0.285214 0.322316 -0.902644
vn 0.555692 -0.000800 -0.831388
vn -0.000600 0.638402 -0.769703
vn 0.395386 0.447784 -0.801972
vn 0.722189 -0.003000 -0.691689
vn -0.002500 0.780212 -0.625510
vn 0.534588 0.553787 -0.638385
vn 0.534588 0.553787 -0.638385
vn 0.864194 -0.007900 -0.503097
vn -0.007700 0.888608 -0.458604
vn 0.656497 0.670297 -0.345998
vn 0.656497 0.670297 -0.345998
vn 0.965501 -0.012500 -0.260100
vn -0.016001 0.973456 -0.228313
vn 0.691604 0.709204 -0.136801
vn 0.994075 -0.000000 -0.108697
vn 0.691604 0.709204 -0.136801
vn -0.000000 0.996329 -0.085603
vn -0.000000 0.975457 -0.220190
vn 0.000000 0.996269 -0.086297
vn -0.698106 0.702706 -0.137301
vn 0.364998 0.923295 -0.119599
vn -0.676061 0.661062 -0.325481
vn 0.354404 0.890409 -0.285603
vn 0.000000 0.889923 -0.456112
vn -0.581887 0.556787 -0.592786
vn 0.307907 0.774118 -0.553113
vn 0.000000 0.778698 -0.627399
vn -0.434582 0.457181 -0.775967
vn 0.636907 0.244003 -0.731308
vn 0.795484 0.292894 -0.530489
vn 0.233893 0.647282 -0.725479
vn -0.000000 0.636874 -0.770968
vn 0.170496 0.490887 -0.854378
vn 0.636907 0.244003 -0.731308
vn -0.309121 0.328023 -0.892662
vn 0.000000 0.446413 -0.894827
vn -0.603593 -0.001700 -0.797291
vn -0.785785 -0.003700 -0.618488
vn -0.581887 0.556787 -0.592786
vn -0.440802 -0.000200 -0.897604
vn -0.905980 -0.005100 -0.423291
vn -0.676061 0.661062 -0.325481
vn -0.973131 -0.010600 -0.230007
vn -0.698106 0.702706 -0.137301
vn -0.994075 0.000000 -0.108697
vn -0.220104 0.201603 -0.954416
vn -0.237403 0.000000 -0.971411
vn -0.083100 0.083900 -0.993003
vn 0.000000 0.221491 -0.975162
vn 0.121706 0.317715 -0.940343
vn -0.000000 -0.000000 -1.000000
vn 0.057897 0.139294 -0.988557
vn 0.462194 0.178198 -0.868690
vn 0.603593 -0.001700 -0.797291
vn 0.785785 -0.003700 -0.618488
vn 0.440802 -0.000200 -0.897604
vn 0.795484 0.292894 -0.530489
vn 0.905792 -0.004800 -0.423696
vn 0.330104 0.114201 -0.937011
vn 0.237403 0.000000 -0.971411
vn 0.144801 0.058900 -0.987706
vn 0.000400 -0.000000 -1.000000
vn 0.895320 0.339107 -0.288806
vn 0.973158 -0.010700 -0.229890
vn 0.354404 0.890409 -0.285603
vn 0.307907 0.774118 -0.553113
vn 0.920371 0.367988 -0.132296
vn 0.994075 0.000000 -0.108697
vn 0.354404 0.890409 -0.285603
vn 0.364998 0.923295 -0.119599
vn -0.003600 0.000800 -0.999993
vn -0.143194 0.058598 -0.987958
vn -0.234409 0.000000 -0.972138
vn -0.011500 0.011900 -0.999863
vn 0.012300 0.024501 -0.999624
vn -0.020300 -0.013200 -0.999707
vn -0.329698 0.115499 -0.936995
vn -0.441805 -0.000800 -0.897111
vn -0.121893 0.319983 -0.939549
vn -0.474688 0.183195 -0.860878
vn -0.614618 -0.001300 -0.788824
vn -0.649206 0.248402 -0.718907
vn -0.790959 -0.000500 -0.611869
vn -0.175108 0.499322 -0.848537
vn -0.240596 0.651389 -0.719588
vn -0.792774 0.293890 -0.533983
vn -0.903167 -0.001900 -0.429285
vn -0.175108 0.499322 -0.848537
vn -0.889339 0.343315 -0.302013
vn -0.308704 0.772011 -0.555608
vn -0.351704 0.889009 -0.293203
vn -0.970773 -0.001500 -0.239993
vn -0.915825 0.372910 -0.149004
vn -0.991838 0.000000 -0.127505
vn -0.351704 0.889009 -0.293203
vn -0.359101 0.924903 -0.124900
vn 0.000000 0.449013 -0.893525
vn 0.000000 0.641678 -0.766974
vn -0.240596 0.651389 -0.719588
vn 0.175108 0.499322 -0.848537
vn 0.240596 0.651389 -0.719588
vn 0.121893 0.319983 -0.939549
vn 0.000000 0.780566 -0.625073
vn 0.308784 0.771861 -0.555772
vn 0.649206 0.248402 -0.718907
vn 0.792695 0.293898 -0.534096
vn 0.000000 0.889412 -0.457106
vn -0.308704 0.772011 -0.555608
vn -0.649206 0.248402 -0.718907
vn -0.792774 0.293890 -0.533983
vn -0.351704 0.889009 -0.293203
vn 0.351899 0.888998 -0.292999
vn 0.000000 0.975388 -0.220497
vn -0.359101 0.924903 -0.124900
vn 0.359101 0.924903 -0.124900
vn 0.000000 0.996329 -0.085603
vn -0.084097 -0.084497 -0.992869
vn -0.000000 -0.226809 -0.973939
vn -0.000400 0.000000 -1.000000
vn -0.237403 0.000000 -0.971411
vn 0.083504 -0.084204 -0.992944
vn -0.220700 -0.207100 -0.953101
vn -0.440601 0.000000 -0.897703
vn 0.234409 0.000000 -0.972138
vn 0.218705 -0.208204 -0.953320
vn 0.441123 0.000000 -0.897447
vn -0.000000 -0.226809 -0.973939
vn -0.079200 -0.076800 -0.993896
vn 0.308809 -0.337510 -0.889227
vn 0.615013 0.000000 -0.788517
vn -0.000000 -0.458816 -0.888531
vn -0.179607 -0.209208 -0.961236
vn -0.000000 -0.628893 -0.777492
vn 0.450878 -0.444278 -0.774162
vn 0.791094 0.000000 -0.611695
vn 0.581189 -0.565589 -0.585089
vn 0.903400 0.000000 -0.428800
vn 0.665977 -0.667377 -0.333289
vn 0.971042 0.000000 -0.238910
vn 0.691071 -0.704970 -0.159493
vn 0.991838 0.000000 -0.127505
vn -0.000000 -0.774576 -0.632481
vn 0.581189 -0.565589 -0.585089
vn -0.282114 -0.329716 -0.900944
vn -0.399126 -0.428228 -0.810752
vn -0.524991 -0.577190 -0.625489
vn -0.000000 -0.900133 -0.435616
vn 0.665977 -0.667377 -0.333289
vn -0.671508 -0.662408 -0.332104
vn 0.000000 -0.976305 -0.216401
vn 0.691071 -0.704970 -0.159493
vn -0.684024 -0.708525 -0.173506
vn 0.000000 -0.995017 -0.099702
vn -0.530602 0.530602 -0.661002
vn -0.524991 -0.577190 -0.625489
vn -0.663636 0.663636 -0.345218
vn -0.671508 -0.662408 -0.332104
vn -0.691745 0.691745 -0.207313
vn -0.684024 -0.708525 -0.173506
vn -0.388003 0.388003 -0.836007
vn -0.279491 0.279491 -0.918569
vn 0.000000 0.555577 -0.831465
vn 0.000000 0.707107 -0.707107
vn -0.530602 0.530602 -0.661002
vn 0.000000 0.382690 -0.923877
vn 0.000000 0.872397 -0.488798
vn -0.663636 0.663636 -0.345218
vn 0.000000 0.970995 -0.239099
vn -0.691745 0.691745 -0.207313
vn 0.000000 0.988958 -0.148194
vn -0.174998 0.174998 -0.968892
vn 0.000000 0.195097 -0.980784
vn -0.074198 0.074198 -0.994479
vn 0.000000 0.000000 -1.000000
vn -0.073599 0.000000 -0.997288
vn -0.000000 0.000000 -1.000000
vn 0.074198 0.074198 -0.994479
vn 0.073599 0.000000 -0.997288
vn 0.000000 -0.000000 -1.000000
vn -0.000000 0.195097 -0.980784
vn 0.079200 -0.076800 -0.993896
vn 0.000000 -0.226809 -0.973939
vn 0.174998 0.174998 -0.968892
vn -0.000000 0.382690 -0.923877
vn 0.179607 -0.209208 -0.961236
vn 0.000000 -0.458816 -0.888531
vn 0.279491 0.279491 -0.918569
vn -0.000000 0.555577 -0.831465
vn 0.282114 -0.329716 -0.900944
vn 0.000000 -0.628893 -0.777492
vn 0.392080 0.394480 -0.831059
vn -0.003500 0.709897 -0.704297
vn 0.402085 -0.433884 -0.806270
vn 0.000000 -0.774576 -0.632481
vn 0.543008 0.524708 -0.655610
vn 0.534390 -0.564290 -0.629289
vn 0.645121 -0.675122 -0.357812
vn 0.643268 0.680866 -0.350183
vn 0.701112 0.689512 -0.181703
vn 0.643783 -0.749880 -0.152396
vn -0.000000 -0.458816 -0.888531
vn -0.304620 -0.335422 -0.891459
vn -0.603307 0.000000 -0.797509
vn -0.441478 -0.445678 -0.778761
vn -0.784911 -0.000300 -0.619609
vn -0.582373 -0.567274 -0.582273
vn -0.906917 -0.000600 -0.421308
vn -0.667240 -0.667840 -0.329820
vn -0.974082 0.000700 -0.226196
vn -0.696586 -0.700086 -0.156997
vn -0.993120 -0.000100 -0.117102
vn 0.000000 -0.628893 -0.777492
vn -0.000000 -0.774576 -0.632481
vn -0.582373 -0.567274 -0.582273
vn 0.167303 -0.492610 -0.854017
vn 0.000000 -0.900133 -0.435616
vn -0.667240 -0.667840 -0.329820
vn 0.238796 -0.638788 -0.731387
vn 0.308997 -0.785093 -0.536795
vn 0.641704 -0.241301 -0.728004
vn 0.796039 -0.301115 -0.525026
vn 0.349300 -0.891200 -0.289400
vn 0.641704 -0.241301 -0.728004
vn -0.000000 -0.975724 -0.219005
vn 0.362110 -0.921424 -0.140904
vn -0.696586 -0.700086 -0.156997
vn 0.000000 -0.994398 -0.105700
vn 0.459405 -0.180902 -0.869610
vn 0.603307 0.000000 -0.797509
vn 0.784911 -0.000200 -0.619609
vn 0.796039 -0.301115 -0.525026
vn 0.440601 0.000000 -0.897703
vn 0.906918 -0.000500 -0.421308
vn 0.329908 -0.117103 -0.936722
vn 0.237403 0.000000 -0.971411
vn 0.122301 -0.326904 -0.937111
vn 0.145495 -0.059498 -0.987568
vn 0.058998 -0.141595 -0.988165
vn 0.000400 0.000000 -1.000000
vn -0.143904 -0.059102 -0.987825
vn -0.234409 0.000000 -0.972138
vn -0.058500 -0.141501 -0.988208
vn -0.328509 -0.117803 -0.937126
vn -0.441123 0.000000 -0.897447
vn -0.121800 -0.327699 -0.936898
vn -0.468023 -0.182609 -0.864643
vn -0.615013 0.000000 -0.788517
vn -0.650480 -0.239792 -0.720677
vn -0.791094 0.000000 -0.611695
vn -0.793118 -0.299907 -0.530112
vn -0.903400 0.000000 -0.428800
vn -0.169895 -0.494387 -0.852477
vn -0.887184 -0.349294 -0.301494
vn -0.971042 0.000000 -0.238910
vn -0.349189 -0.891473 -0.288691
vn -0.308808 -0.783921 -0.538614
vn -0.916521 -0.369109 -0.154104
vn -0.991838 0.000000 -0.127505
vn 0.000000 -0.458816 -0.888531
vn 0.000000 -0.226809 -0.973939
vn 0.000000 -0.628893 -0.777492
vn 0.121800 -0.327699 -0.936898
vn -0.242599 -0.637799 -0.730998
vn -0.468023 -0.182609 -0.864643
vn -0.650480 -0.239792 -0.720677
vn 0.169900 -0.494000 -0.852700
vn 0.650569 -0.240188 -0.720465
vn 0.467598 -0.182499 -0.864897
vn 0.243105 -0.637814 -0.730816
vn 0.467598 -0.182499 -0.864897
vn 0.000000 -0.774576 -0.632481
vn 0.308710 -0.784026 -0.538518
vn 0.650569 -0.240188 -0.720465
vn 0.793198 -0.299899 -0.529998
vn -0.308808 -0.783921 -0.538614
vn -0.650480 -0.239792 -0.720677
vn -0.793118 -0.299907 -0.530112
vn 0.000000 -0.900133 -0.435616
vn -0.349189 -0.891473 -0.288691
vn 0.349092 -0.891478 -0.288793
vn 0.000000 -0.976305 -0.216401
vn -0.359992 -0.922678 -0.138097
vn -0.887184 -0.349294 -0.301494
vn -0.916521 -0.369109 -0.154104
vn 0.000000 -0.995017 -0.099702
vn 0.359997 -0.922691 -0.137999
vn 0.916487 -0.369195 -0.154098
vn 0.887188 -0.349195 -0.301596
vn -0.000000 -0.000000 -1.000000
vn -0.000800 -0.004100 -0.999991
vn -0.057699 0.139198 -0.988582
vn 0.000000 0.221491 -0.975162
vn 0.057701 0.139001 -0.988610
vn 0.000000 0.000000 -1.000000
vn 0.000000 0.004200 -0.999991
vn 0.058602 -0.141304 -0.988230
vn 0.000000 -0.004300 -0.999991
vn 0.144100 -0.059100 -0.987797
vn -0.000000 -0.000000 -1.000000
vn 0.234409 0.000000 -0.972138
vn 0.328509 -0.117803 -0.937126
vn 0.441123 0.000000 -0.897447
vn 0.615013 0.000000 -0.788517
vn 0.650569 -0.240188 -0.720465
vn 0.791094 0.000000 -0.611695
vn 0.793198 -0.299899 -0.529998
vn 0.903400 0.000000 -0.428800
vn 0.887188 -0.349195 -0.301596
vn 0.308710 -0.784026 -0.538518
vn 0.349092 -0.891478 -0.288793
vn 0.971042 0.000000 -0.238910
vn 0.916487 -0.369195 -0.154098
vn 0.991838 0.000000 -0.127505
vn 0.234409 0.000000 -0.972138
vn 0.441805 -0.000800 -0.897111
vn 0.329698 0.115499 -0.936995
vn 0.143503 0.058501 -0.987919
vn -0.000000 0.000000 -1.000000
vn 0.474688 0.183195 -0.860878
vn 0.614618 -0.001300 -0.788824
vn 0.649206 0.248402 -0.718907
vn 0.175108 0.499322 -0.848537
vn 0.240596 0.651389 -0.719588
vn 0.790959 -0.000500 -0.611869
vn 0.792695 0.293898 -0.534096
vn 0.903167 -0.001900 -0.429285
vn 0.351899 0.888998 -0.292999
vn 0.308784 0.771861 -0.555772
vn 0.889304 0.343502 -0.301901
vn 0.970773 -0.001500 -0.239993
vn 0.915825 0.372910 -0.149004
vn 0.991838 0.000000 -0.127505
vn 0.351899 0.888998 -0.292999
vn 0.359101 0.924903 -0.124900
vn 0.889727 -0.349711 -0.293409
vn 0.308997 -0.785093 -0.536795
vn 0.349300 -0.891200 -0.289400
vn 0.974126 0.000800 -0.226006
vn 0.919550 -0.364320 -0.147308
vn 0.993120 -0.000200 -0.117102
vn 0.349300 -0.891200 -0.289400
vn 0.362110 -0.921424 -0.140904
vn 0.643268 0.680866 -0.350183
vn 0.701112 0.689512 -0.181703
vn -0.000000 0.988958 -0.148194
vn -0.015301 0.968739 -0.247610
vn -0.013000 0.870212 -0.492507
vn 0.543008 0.524708 -0.655610
vn -0.003500 0.709897 -0.704297
vn 0.392080 0.394480 -0.831059
vn 0.534390 -0.564290 -0.629289
vn 0.402085 -0.433884 -0.806270
vn 0.000000 -0.774576 -0.632481
vn 0.000000 -0.900133 -0.435616
vn 0.645121 -0.675122 -0.357812
vn -0.016199 -0.977954 -0.208190
vn 0.643783 -0.749880 -0.152396
vn 0.000000 -0.995017 -0.099702
vn -0.143194 -0.058598 -0.987958
vn -0.003600 -0.000800 -0.999993
vn 0.000400 0.000000 -1.000000
vn -0.234409 0.000000 -0.972138
vn 0.144801 -0.058900 -0.987706
vn 0.237403 0.000000 -0.971411
vn 0.057897 -0.139294 -0.988557
vn 0.330104 -0.114201 -0.937011
vn 0.440802 0.000200 -0.897604
vn 0.121706 -0.317715 -0.940343
vn 0.462194 -0.178198 -0.868690
vn 0.603593 0.001700 -0.797291
vn 0.636907 -0.244003 -0.731308
vn 0.785785 0.003700 -0.618488
vn 0.170496 -0.490887 -0.854378
vn 0.795484 -0.292894 -0.530489
vn 0.905792 0.004800 -0.423696
vn 0.233909 -0.647224 -0.725526
vn 0.895320 -0.339107 -0.288806
vn 0.973158 0.010700 -0.229890
vn 0.354404 -0.890409 -0.285603
vn 0.307907 -0.774118 -0.553113
vn 0.920371 -0.367988 -0.132296
vn 0.994075 -0.000000 -0.108697
vn 0.354404 -0.890409 -0.285603
vn 0.364998 -0.923295 -0.119599
vn 0.000000 -0.446413 -0.894827
vn -0.000000 -0.636874 -0.770968
vn 0.000000 -0.221491 -0.975162
vn -0.121706 -0.317715 -0.940343
vn -0.170496 -0.490887 -0.854378
vn -0.233909 -0.647224 -0.725526
vn -0.000000 -0.778698 -0.627399
vn 0.307907 -0.774118 -0.553113
vn 0.636907 -0.244003 -0.731308
vn 0.795484 -0.292894 -0.530489
vn -0.000000 -0.889923 -0.456112
vn 0.354404 -0.890409 -0.285603
vn -0.307981 -0.774052 -0.553165
vn -0.636907 -0.244003 -0.731308
vn -0.795405 -0.292902 -0.530603
vn -0.354501 -0.890403 -0.285501
vn -0.000000 -0.975457 -0.220190
vn 0.364998 -0.923295 -0.119599
vn -0.364998 -0.923295 -0.119599
vn 0.000000 -0.996269 -0.086297
vn -0.636907 -0.244003 -0.731308
vn -0.462194 -0.178198 -0.868690
vn -0.603593 0.001700 -0.797291
vn -0.785785 0.003700 -0.618488
vn -0.795405 -0.292902 -0.530603
vn -0.440802 0.000200 -0.897604
vn -0.905792 0.004800 -0.423696
vn -0.330104 -0.114201 -0.937011
vn -0.237403 0.000000 -0.971411
vn -0.895311 -0.339304 -0.288603
vn -0.144800 -0.059000 -0.987700
vn -0.307981 -0.774052 -0.553165
vn -0.354501 -0.890403 -0.285501
vn -0.973202 0.010800 -0.229700
vn -0.994009 0.000400 -0.109301
vn -0.920236 -0.368214 -0.132605
vn -0.354501 -0.890403 -0.285501
vn -0.364998 -0.923295 -0.119599
vn -0.000400 0.000000 -1.000000
vn -0.058003 -0.139307 -0.988549
vn -0.000100 -0.024700 -0.999695
vn -0.000000 0.000000 -1.000000
vn -0.012300 0.024501 -0.999624
vn 0.143194 -0.058598 -0.987958
vn 0.234409 0.000000 -0.972138
vn -0.011900 0.011600 -0.999862
vn 0.329698 -0.115499 -0.936995
vn 0.441805 0.000800 -0.897111
vn -0.058898 0.141596 -0.988171
vn 0.024600 -0.000000 -0.999697
vn 0.474688 -0.183195 -0.860878
vn 0.614618 0.001300 -0.788824
vn 0.121893 -0.319983 -0.939549
vn 0.649206 -0.248402 -0.718907
vn 0.790959 0.000500 -0.611869
vn 0.175108 -0.499322 -0.848537
vn 0.240596 -0.651389 -0.719588
vn 0.792695 -0.293898 -0.534096
vn 0.903167 0.001900 -0.429285
vn 0.175108 -0.499322 -0.848537
vn 0.889304 -0.343502 -0.301901
vn 0.970773 0.001500 -0.239993
vn 0.351899 -0.888998 -0.292999
vn 0.308784 -0.771861 -0.555772
vn 0.915825 -0.372910 -0.149004
vn 0.991838 0.000000 -0.127505
vn 0.351899 -0.888998 -0.292999
vn 0.359101 -0.924903 -0.124900
vn -0.000000 -0.449013 -0.893525
vn -0.000000 -0.641678 -0.766974
vn 0.240596 -0.651389 -0.719588
vn -0.175108 -0.499322 -0.848537
vn -0.240596 -0.651389 -0.719588
vn -0.121893 -0.319983 -0.939549
vn 0.000000 -0.780566 -0.625073
vn -0.308704 -0.772011 -0.555608
vn -0.649206 -0.248402 -0.718907
vn -0.792817 -0.293906 -0.533911
vn 0.308784 -0.771861 -0.555772
vn 0.649206 -0.248402 -0.718907
vn 0.792695 -0.293898 -0.534096
vn 0.000000 -0.889412 -0.457106
vn 0.351899 -0.888998 -0.292999
vn -0.351704 -0.889009 -0.293203
vn -0.000000 -0.975388 -0.220497
vn 0.359101 -0.924903 -0.124900
vn -0.359101 -0.924903 -0.124900
vn 0.000000 -0.996329 -0.085603
vn -0.329698 -0.115499 -0.936995
vn -0.441805 0.000800 -0.897111
vn -0.474688 -0.183195 -0.860878
vn -0.614618 0.001300 -0.788824
vn -0.121893 -0.319983 -0.939549
vn -0.649206 -0.248402 -0.718907
vn -0.790959 0.000500 -0.611869
vn -0.792817 -0.293906 -0.533911
vn -0.903167 0.001900 -0.429285
vn -0.175108 -0.499322 -0.848537
vn -0.240596 -0.651389 -0.719588
vn -0.889339 -0.343315 -0.302013
vn -0.308704 -0.772011 -0.555608
vn -0.351704 -0.889009 -0.293203
vn -0.970773 0.001500 -0.239993
vn -0.915825 -0.372910 -0.149004
vn -0.991838 0.000000 -0.127505
vn -0.351704 -0.889009 -0.293203
vn -0.359101 -0.924903 -0.124900
vn 0.000000 -0.449013 -0.893525
vn 0.000000 -0.641619 -0.767023
vn 0.000000 -0.780527 -0.625122
vn 0.000000 -0.221491 -0.975162
vn -0.308704 -0.772011 -0.555608
vn -0.649206 -0.248402 -0.718907
vn -0.792817 -0.293906 -0.533911
vn 0.214593 -0.639681 -0.738078
vn 0.278997 -0.777292 -0.563895
vn 0.160505 -0.493117 -0.855029
vn 0.573220 -0.236508 -0.784527
vn 0.000000 -0.889412 -0.457106
vn -0.351704 -0.889009 -0.293203
vn 0.356392 -0.886779 -0.294293
vn 0.746706 -0.300502 -0.593405
vn 0.890604 -0.341002 -0.300901
vn 0.000000 -0.975388 -0.220497
vn 0.353492 -0.926078 -0.131997
vn -0.359101 -0.924903 -0.124900
vn 0.000000 -0.996329 -0.085603
vn 0.104301 -0.322203 -0.940907
vn 0.428997 -0.176499 -0.885895
vn 0.053597 -0.134593 -0.989450
vn 0.555391 0.002500 -0.831586
vn 0.707105 0.002500 -0.707105
vn 0.383514 0.001000 -0.923534
vn 0.746706 -0.300502 -0.593405
vn 0.214593 -0.639681 -0.738078
vn 0.278997 -0.777292 -0.563895
vn 0.871713 0.003000 -0.490007
vn 0.890604 -0.341002 -0.300901
vn 0.970773 0.001500 -0.239993
vn 0.911972 -0.374189 -0.168195
vn 0.988958 0.000000 -0.148194
vn 0.356392 -0.886779 -0.294293
vn 0.353492 -0.926078 -0.131997
vn 0.275487 -0.115394 -0.954354
vn 0.195097 0.000000 -0.980784
vn 0.126304 -0.051902 -0.990633
vn -0.000000 0.000000 -1.000000
vn -0.000100 -0.024600 -0.999697
vn 0.024600 0.000100 -0.999697
vn -0.126305 -0.051802 -0.990638
vn -0.195097 0.000000 -0.980784
vn -0.273991 -0.114696 -0.954868
vn -0.382690 -0.000000 -0.923877
vn -0.012300 0.024501 -0.999624
vn -0.423616 -0.174707 -0.888834
vn -0.555692 0.000800 -0.831388
vn -0.053498 -0.134594 -0.989456
vn -0.103498 -0.320493 -0.941580
vn -0.578281 -0.237592 -0.780475
vn -0.722091 0.002900 -0.691792
vn -0.746695 -0.291698 -0.597796
vn -0.863973 0.007400 -0.503484
vn -0.884533 -0.344413 -0.314612
vn -0.965555 0.012699 -0.259888
vn -0.994009 0.000400 -0.109301
vn -0.919186 -0.370794 -0.132698
vn -0.157598 -0.487492 -0.858786
vn -0.213511 -0.640433 -0.737738
vn 0.000000 -0.446413 -0.894827
vn 0.000600 -0.638402 -0.769703
vn -0.000000 -0.221491 -0.975162
vn 0.000000 0.000000 -1.000000
vn 0.002300 -0.780164 -0.625571
vn -0.578281 -0.237592 -0.780475
vn -0.746695 -0.291698 -0.597796
vn -0.282395 -0.770786 -0.571089
vn 0.007100 -0.888304 -0.459202
vn -0.884533 -0.344413 -0.314612
vn -0.746695 -0.291698 -0.597796
vn -0.334598 -0.895195 -0.294398
vn 0.016100 -0.973482 -0.228196
vn -0.358812 -0.925831 -0.118704
vn 0.000000 -0.996329 -0.085603
vn -0.919186 -0.370794 -0.132698
vn -0.884533 -0.344413 -0.314612
vn -0.054301 0.136703 -0.989123
vn -0.000000 0.226809 -0.973939
vn -0.011800 0.011500 -0.999864
vn -0.020200 0.013200 -0.999709
vn -0.104102 0.330007 -0.938221
vn -0.000000 0.458816 -0.888531
vn -0.155301 0.488902 -0.858404
vn -0.000000 0.628893 -0.777492
vn -0.218898 0.629896 -0.745195
vn -0.000000 0.774576 -0.632481
vn -0.582727 0.233711 -0.778337
vn -0.422303 0.177001 -0.889006
vn -0.274191 0.117496 -0.954470
vn -0.126794 0.052297 -0.990550
vn -0.420683 -0.153294 -0.894163
vn -0.576538 -0.213614 -0.788652
vn -0.753101 -0.280100 -0.595301
vn -0.745087 0.300595 -0.595389
vn -0.153294 -0.420683 -0.894163
vn -0.212213 -0.571834 -0.792447
vn 0.000000 -0.555577 -0.831465
vn 0.003100 -0.709699 -0.704499
vn 0.000000 -0.382690 -0.923877
vn -0.100103 -0.272509 -0.956932
vn 0.000000 -0.195097 -0.980784
vn -0.272509 -0.100103 -0.956932
vn -0.049499 -0.123698 -0.991085
vn -0.000000 -0.000000 -1.000000
vn -0.014800 0.000000 -0.999891
vn -0.123600 -0.049400 -0.991102
vn -0.000000 0.000000 -1.000000
vn 0.123600 -0.049400 -0.991102
vn 0.014800 -0.000000 -0.999891
vn 0.126696 0.052198 -0.990567
vn 0.049499 -0.123698 -0.991085
vn -0.000000 -0.000000 -1.000000
vn -0.000000 -0.195097 -0.980784
vn 0.100103 -0.272509 -0.956932
vn -0.000000 -0.382690 -0.923877
vn 0.272509 -0.100103 -0.956932
vn 0.153294 -0.420683 -0.894163
vn -0.000000 -0.555577 -0.831465
vn 0.208998 -0.565694 -0.797691
vn 0.000000 -0.707107 -0.707107
vn 0.420683 -0.153294 -0.894163
vn 0.565694 -0.208998 -0.797691
vn 0.283496 -0.749690 -0.597992
vn 0.565694 -0.208998 -0.797691
vn 0.749690 -0.283496 -0.597992
vn 0.000000 -0.872397 -0.488798
vn 0.350106 -0.884414 -0.308605
vn 0.749690 -0.283496 -0.597992
vn 0.884414 -0.350106 -0.308605
vn 0.000000 -0.970995 -0.239099
vn 0.357112 -0.914532 -0.190007
vn 0.000000 -0.988958 -0.148194
vn 0.884414 -0.350106 -0.308605
vn 0.914532 -0.357112 -0.190007
vn 0.422303 0.177001 -0.889006
vn 0.274191 0.117496 -0.954470
vn 0.573785 0.229894 -0.786079
vn 0.749690 -0.283496 -0.597992
vn 0.054301 0.136703 -0.989123
vn 0.104102 0.330007 -0.938221
vn 0.155301 0.488902 -0.858404
vn 0.746774 0.307389 -0.589780
vn 0.884414 -0.350106 -0.308605
vn 0.216800 0.626099 -0.748998
vn 0.278787 0.789364 -0.546975
vn 0.888478 0.347291 -0.299993
vn 0.914532 -0.357112 -0.190007
vn 0.912569 0.370387 -0.173294
vn 0.354210 0.889225 -0.289508
vn 0.354302 0.923805 -0.145101
vn 0.216800 0.626099 -0.748998
vn 0.000000 0.628893 -0.777492
vn 0.000000 0.458816 -0.888531
vn 0.000000 0.774576 -0.632481
vn 0.000000 0.226809 -0.973939
vn 0.278787 0.789364 -0.546975
vn -0.121800 0.327699 -0.936898
vn 0.746774 0.307389 -0.589780
vn 0.888478 0.347291 -0.299993
vn 0.354210 0.889225 -0.289508
vn 0.000000 0.900133 -0.435616
vn -0.308808 0.783921 -0.538614
vn 0.000000 0.976305 -0.216401
vn 0.354302 0.923805 -0.145101
vn 0.000000 0.995017 -0.099702
vn -0.359992 0.922678 -0.138097
vn -0.349189 0.891473 -0.288691
vn -0.887184 0.349294 -0.301494
vn -0.916521 0.369109 -0.154104
vn -0.793118 0.299907 -0.530112
vn -0.650480 0.239792 -0.720677
vn -0.242599 0.637799 -0.730998
vn -0.169895 0.494387 -0.852477
vn -0.468023 0.182609 -0.864643
vn -0.650480 0.239792 -0.720677
vn -0.615013 0.000000 -0.788517
vn -0.791094 0.000000 -0.611695
vn -0.441123 0.000000 -0.897447
vn -0.793118 0.299907 -0.530112
vn -0.903400 0.000000 -0.428800
vn -0.328509 0.117803 -0.937126
vn -0.234409 0.000000 -0.972138
vn -0.887184 0.349294 -0.301494
vn -0.971042 0.000000 -0.238910
vn -0.349189 0.891473 -0.288691
vn -0.308808 0.783921 -0.538614
vn -0.916521 0.369109 -0.154104
vn -0.991838 0.000000 -0.127505
vn -0.143904 0.059102 -0.987825
vn 0.000400 -0.000000 -1.000000
vn -0.058500 0.141501 -0.988208
vn -0.020300 0.013200 -0.999707
vn 0.145495 0.059498 -0.987568
vn 0.237403 0.000000 -0.971411
vn -0.011500 -0.011900 -0.999863
vn 0.000000 0.000000 -1.000000
vn -0.000800 0.004100 -0.999991
vn -0.057699 -0.139198 -0.988582
vn 0.012300 -0.024501 -0.999624
vn 0.058998 0.141595 -0.988165
vn -0.000000 0.226809 -0.973939
vn 0.122301 0.326904 -0.937111
vn 0.329908 0.117103 -0.936722
vn 0.440601 0.000000 -0.897703
vn 0.459405 0.180902 -0.869610
vn 0.603307 0.000000 -0.797509
vn 0.641704 0.241301 -0.728004
vn 0.784911 0.000200 -0.619609
vn 0.796039 0.301115 -0.525026
vn 0.906918 0.000500 -0.421308
vn 0.167303 0.492610 -0.854017
vn 0.238796 0.638788 -0.731387
vn 0.889727 0.349711 -0.293409
vn 0.308997 0.785093 -0.536795
vn 0.349300 0.891200 -0.289400
vn 0.974126 -0.000800 -0.226006
vn 0.919565 0.364286 -0.147294
vn 0.993120 0.000100 -0.117102
vn 0.349300 0.891200 -0.289400
vn 0.362110 0.921424 -0.140904
vn 0.000000 0.458816 -0.888531
vn 0.000000 0.628893 -0.777492
vn -0.122301 0.326904 -0.937111
vn -0.167291 0.493073 -0.853752
vn -0.000000 0.774576 -0.632481
vn -0.238210 0.638727 -0.731631
vn -0.459871 0.180989 -0.869345
vn 0.308997 0.785093 -0.536795
vn 0.641704 0.241301 -0.728004
vn 0.796039 0.301115 -0.525026
vn 0.000000 0.900133 -0.435616
vn 0.349300 0.891200 -0.289400
vn -0.309013 0.784932 -0.537022
vn -0.641688 0.240795 -0.728186
vn -0.795919 0.301107 -0.525212
vn -0.349496 0.891189 -0.289196
vn -0.000000 0.975724 -0.219005
vn 0.362110 0.921424 -0.140904
vn -0.362115 0.921437 -0.140806
vn 0.000000 0.994398 -0.105700
vn -0.641688 0.240795 -0.728186
vn -0.603307 0.000000 -0.797509
vn -0.784911 0.000200 -0.619609
vn -0.440601 -0.000000 -0.897703
vn -0.795919 0.301107 -0.525212
vn -0.906918 0.000500 -0.421308
vn -0.329908 0.117103 -0.936722
vn -0.237403 -0.000000 -0.971411
vn -0.145495 0.059498 -0.987568
vn -0.000400 -0.000000 -1.000000
vn -0.020800 0.013100 -0.999698
vn 0.143903 0.059201 -0.987819
vn 0.234409 0.000000 -0.972138
vn 0.328509 0.117803 -0.937126
vn 0.441123 0.000000 -0.897447
vn 0.121800 0.327699 -0.936898
vn 0.467598 0.182499 -0.864897
vn 0.615013 0.000000 -0.788517
vn 0.650569 0.240188 -0.720465
vn 0.791094 0.000000 -0.611695
vn 0.793198 0.299899 -0.529998
vn 0.903400 0.000000 -0.428800
vn 0.887188 0.349195 -0.301596
vn 0.308710 0.784026 -0.538518
vn 0.349092 0.891478 -0.288793
vn 0.971042 0.000000 -0.238910
vn 0.916487 0.369195 -0.154098
vn 0.991838 0.000000 -0.127505
vn 0.169900 0.494000 -0.852700
vn 0.467598 0.182499 -0.864897
vn 0.650569 0.240188 -0.720465
vn 0.243105 0.637814 -0.730816
vn -0.000000 0.458816 -0.888531
vn 0.000000 0.628893 -0.777492
vn 0.000000 0.774576 -0.632481
vn -0.169895 0.494387 -0.852477
vn 0.308710 0.784026 -0.538518
vn 0.650569 0.240188 -0.720465
vn 0.793198 0.299899 -0.529998
vn 0.000000 0.900133 -0.435616
vn -0.242599 0.637799 -0.730998
vn -0.468023 0.182609 -0.864643
vn -0.650480 0.239792 -0.720677
vn -0.308808 0.783921 -0.538614
vn -0.650480 0.239792 -0.720677
vn -0.793118 0.299907 -0.530112
vn -0.349189 0.891473 -0.288691
vn 0.349092 0.891478 -0.288793
vn 0.000000 0.976305 -0.216401
vn -0.359992 0.922678 -0.138097
vn -0.887184 0.349294 -0.301494
vn -0.916521 0.369109 -0.154104
vn 0.000000 0.995017 -0.099702
vn 0.359997 0.922691 -0.137999
vn 0.916487 0.369195 -0.154098
vn 0.887188 0.349195 -0.301596
vn 0.058600 0.141500 -0.988202
vn -0.000000 0.226809 -0.973939
vn 0.000000 0.000000 -1.000000
vn -0.121800 0.327699 -0.936898
vn -0.468023 0.182609 -0.864643
vn -0.058602 0.141304 -0.988230
vn -0.328509 0.117803 -0.937126
vn -0.144100 0.059100 -0.987797
vn -0.441123 -0.000000 -0.897447
vn -0.615013 0.000000 -0.788517
vn -0.234409 -0.000000 -0.972138
vn -0.650480 0.239792 -0.720677
vn 0.000000 0.000000 -1.000000
vn -0.791094 0.000000 -0.611695
vn 0.000000 0.004300 -0.999991
vn 0.000000 -0.000000 -1.000000
vn -0.793118 0.299907 -0.530112
vn -0.903400 0.000000 -0.428800
vn -0.887184 0.349294 -0.301494
vn -0.971042 0.000000 -0.238910
vn -0.349189 0.891473 -0.288691
vn -0.308808 0.783921 -0.538614
vn -0.916521 0.369109 -0.154104
vn -0.991838 0.000000 -0.127505
vn -0.057701 -0.139001 -0.988610
vn -0.000000 -0.004200 -0.999991
vn -0.143503 -0.058501 -0.987919
vn 0.000000 -0.000000 -1.000000
vn -0.234409 0.000000 -0.972138
vn -0.329698 -0.115499 -0.936995
vn -0.441805 0.000800 -0.897111
vn -0.474688 -0.183195 -0.860878
vn -0.614618 0.001300 -0.788824
vn -0.649206 -0.248402 -0.718907
vn -0.175108 -0.499322 -0.848537
vn -0.240596 -0.651389 -0.719588
vn -0.790959 0.000500 -0.611869
vn -0.792817 -0.293906 -0.533911
vn -0.903167 0.001900 -0.429285
vn -0.889339 -0.343315 -0.302013
vn -0.308704 -0.772011 -0.555608
vn -0.351704 -0.889009 -0.293203
vn -0.970773 0.001500 -0.239993
vn -0.915825 -0.372910 -0.149004
vn -0.991838 0.000000 -0.127505
vn -0.351704 -0.889009 -0.293203
vn -0.359101 -0.924903 -0.124900
vn 0.057599 -0.139198 -0.988588
vn -0.000000 -0.221491 -0.975162
vn -0.889717 0.349907 -0.293205
vn -0.349496 0.891189 -0.289196
vn -0.309013 0.784932 -0.537022
vn -0.974126 -0.000800 -0.226006
vn -0.919530 0.364412 -0.147205
vn -0.993120 0.000100 -0.117102
vn -0.362115 0.921437 -0.140806
vn -0.349496 0.891189 -0.289196
vn -0.327183 -0.893052 -0.308884
vn -0.366588 -0.913470 -0.176594
vn -0.000000 -0.988958 -0.148194
vn 0.015301 -0.968739 -0.247610
vn -0.877705 -0.359102 -0.317302
vn -0.921015 -0.357706 -0.154202
vn 0.012400 -0.869821 -0.493212
vn -0.285505 -0.748513 -0.598511
vn 0.003100 -0.709699 -0.704499
vn -0.212213 -0.571834 -0.792447
vn -0.576538 -0.213614 -0.788652
vn -0.753101 -0.280100 -0.595301
vn -0.285191 0.781376 -0.555083
vn -0.218898 0.629896 -0.745195
vn -0.000000 0.774576 -0.632481
vn -0.000000 0.900133 -0.435616
vn -0.745087 0.300595 -0.595389
vn -0.582727 0.233711 -0.778337
vn -0.329803 0.896708 -0.295203
vn 0.017300 0.978209 -0.206902
vn -0.309518 0.941756 -0.131508
vn -0.000000 0.995017 -0.099702
vn -0.910803 0.386201 -0.145900
vn -0.875371 0.354988 -0.328189
vn -0.875371 0.354988 -0.328189
vn -0.285191 0.781376 -0.555083
vn -0.329803 0.896708 -0.295203
vn -0.877705 -0.359102 -0.317302
vn -0.285505 -0.748513 -0.598511
vn -0.327183 -0.893052 -0.308884
vn -0.910803 0.386201 -0.145900
vn -0.921015 -0.357706 -0.154202
vn 0.082598 -0.083598 -0.993070
vn 0.234409 0.000000 -0.972138
vn -0.000400 0.000000 -1.000000
vn 0.218791 -0.203291 -0.954360
vn 0.441805 0.000800 -0.897111
vn -0.000100 0.000000 -1.000000
vn 0.316789 -0.335788 -0.887069
vn 0.614618 0.001300 -0.788824
vn -0.000000 -0.221491 -0.975162
vn 0.447085 -0.462284 -0.765773
vn 0.791008 0.000600 -0.611806
vn -0.000000 -0.449013 -0.893525
vn 0.580578 -0.555279 -0.595478
vn 0.903206 0.002000 -0.429203
vn 0.670723 -0.660722 -0.337011
vn 0.970773 0.001500 -0.239993
vn 0.688683 -0.709483 -0.149496
vn 0.991838 0.000000 -0.127505
vn -0.000000 -0.641619 -0.767023
vn -0.000000 -0.780527 -0.625122
vn 0.580578 -0.555279 -0.595478
vn -0.289591 -0.326690 -0.899673
vn -0.000000 -0.889412 -0.457106
vn 0.670723 -0.660722 -0.337011
vn -0.524082 -0.565780 -0.636578
vn -0.676172 -0.655773 -0.335786
vn -0.396519 -0.446122 -0.802339
vn -0.000000 -0.975388 -0.220497
vn 0.688683 -0.709483 -0.149496
vn -0.681725 -0.713126 -0.163406
vn 0.000000 -0.996329 -0.085603
vn -0.555391 0.002500 -0.831586
vn -0.707104 0.002600 -0.707104
vn -0.524082 -0.565780 -0.636578
vn -0.383514 0.001100 -0.923534
vn -0.871713 0.003000 -0.490007
vn -0.676172 -0.655773 -0.335786
vn -0.970773 0.001500 -0.239993
vn -0.681725 -0.713126 -0.163406
vn -0.988958 0.000000 -0.148194
vn -0.179806 -0.204407 -0.962231
vn -0.195097 0.000000 -0.980784
vn -0.078399 -0.076399 -0.993990
vn -0.000000 0.000000 -1.000000
vn -0.000000 0.000000 -1.000000
vn -0.000000 0.000000 -1.000000
vn 0.078399 -0.076399 -0.993990
vn 0.195097 0.000000 -0.980784
vn 0.178899 -0.203498 -0.962592
vn 0.382690 -0.000000 -0.923877
vn 0.000000 -0.221491 -0.975162
vn -0.000000 -0.000000 -1.000000
vn -0.000000 -0.446413 -0.894827
vn 0.079200 0.076800 -0.993896
vn 0.285214 -0.322316 -0.902644
vn 0.555692 0.000800 -0.831388
vn -0.000600 -0.638402 -0.769703
vn 0.395386 -0.447784 -0.801972
vn 0.722189 0.003000 -0.691689
vn -0.002500 -0.780212 -0.625510
vn 0.534588 -0.553787 -0.638385
vn 0.534588 -0.553787 -0.638385
vn 0.864194 0.007900 -0.503097
vn -0.007700 -0.888608 -0.458604
vn 0.656497 -0.670297 -0.345998
vn 0.656497 -0.670297 -0.345998
vn 0.965501 0.012500 -0.260100
vn 0.691604 -0.709204 -0.136801
vn 0.994075 0.000000 -0.108697
vn -0.016001 -0.973456 -0.228313
vn 0.691604 -0.709204 -0.136801
vn -0.000000 -0.996329 -0.085603
vn -0.698106 -0.702706 -0.137301
vn 0.000000 -0.996269 -0.086297
vn -0.000000 -0.975457 -0.220190
vn 0.364998 -0.923295 -0.119599
vn -0.676061 -0.661062 -0.325481
vn 0.354404 -0.890409 -0.285603
vn 0.000000 -0.889923 -0.456112
vn -0.581887 -0.556787 -0.592786
vn 0.307907 -0.774118 -0.553113
vn 0.000000 -0.778698 -0.627399
vn -0.434582 -0.457181 -0.775967
vn 0.795484 -0.292894 -0.530489
vn 0.636907 -0.244003 -0.731308
vn 0.233893 -0.647282 -0.725479
vn -0.000000 -0.636874 -0.770968
vn 0.170496 -0.490887 -0.854378
vn 0.636907 -0.244003 -0.731308
vn -0.309121 -0.328023 -0.892662
vn 0.000000 -0.446413 -0.894827
vn -0.603593 0.001700 -0.797291
vn -0.785785 0.003700 -0.618488
vn -0.581887 -0.556787 -0.592786
vn -0.440802 0.000200 -0.897604
vn -0.905980 0.005100 -0.423291
vn -0.676061 -0.661062 -0.325481
vn -0.973131 0.010600 -0.230007
vn -0.698106 -0.702706 -0.137301
vn -0.994075 -0.000000 -0.108697
vn -0.220104 -0.201603 -0.954416
vn -0.237403 0.000000 -0.971411
vn -0.083100 -0.083900 -0.993003
vn 0.000000 -0.221491 -0.975162
vn 0.121706 -0.317715 -0.940343
vn -0.000000 0.000000 -1.000000
vn 0.057897 -0.139294 -0.988557
vn 0.462194 -0.178198 -0.868690
vn 0.603593 0.001700 -0.797291
vn 0.785785 0.003700 -0.618488
vn 0.440802 0.000200 -0.897604
vn 0.795484 -0.292894 -0.530489
vn 0.905792 0.004800 -0.423696
vn 0.330104 -0.114201 -0.937011
vn 0.237403 0.000000 -0.971411
vn 0.144801 -0.058900 -0.987706
vn 0.000400 0.000000 -1.000000
vn -0.003600 -0.000800 -0.999993
vn 0.307907 -0.774118 -0.553113
vn 0.354404 -0.890409 -0.285603
vn 0.895320 -0.339107 -0.288806
vn 0.973158 0.010700 -0.229890
vn 0.920371 -0.367988 -0.132296
vn 0.994075 -0.000000 -0.108697
vn 0.354404 -0.890409 -0.285603
vn 0.364998 -0.923295 -0.119599
vn -0.143194 -0.058598 -0.987958
vn -0.234409 0.000000 -0.972138
vn -0.011500 -0.011900 -0.999863
vn 0.012300 -0.024501 -0.999624
vn -0.329698 -0.115499 -0.936995
vn -0.441805 0.000800 -0.897111
vn -0.121893 -0.319983 -0.939549
vn -0.474688 -0.183195 -0.860878
vn -0.614618 0.001300 -0.788824
vn -0.649206 -0.248402 -0.718907
vn -0.790959 0.000500 -0.611869
vn -0.175108 -0.499322 -0.848537
vn -0.240596 -0.651389 -0.719588
vn -0.792774 -0.293890 -0.533983
vn -0.903167 0.001900 -0.429285
vn -0.175108 -0.499322 -0.848537
vn -0.889339 -0.343315 -0.302013
vn -0.308704 -0.772011 -0.555608
vn -0.351704 -0.889009 -0.293203
vn -0.970773 0.001500 -0.239993
vn -0.915825 -0.372910 -0.149004
vn -0.991838 0.000000 -0.127505
vn -0.351704 -0.889009 -0.293203
vn -0.359101 -0.924903 -0.124900
vn 0.000000 -0.449013 -0.893525
vn 0.000000 -0.641678 -0.766974
vn -0.240596 -0.651389 -0.719588
vn 0.175108 -0.499322 -0.848537
vn 0.240596 -0.651389 -0.719588
vn 0.121893 -0.319983 -0.939549
vn 0.000000 -0.780566 -0.625073
vn 0.308784 -0.771861 -0.555772
vn 0.649206 -0.248402 -0.718907
vn 0.792695 -0.293898 -0.534096
vn -0.308704 -0.772011 -0.555608
vn -0.649206 -0.248402 -0.718907
vn -0.792774 -0.293890 -0.533983
vn 0.000000 -0.889412 -0.457106
vn -0.351704 -0.889009 -0.293203
vn 0.351899 -0.888998 -0.292999
vn 0.000000 -0.975388 -0.220497
vn -0.359101 -0.924903 -0.124900
vn 0.359101 -0.924903 -0.124900
vn 0.000000 -0.996329 -0.085603
vn -0.084097 0.084497 -0.992869
vn -0.000400 -0.000000 -1.000000
vn -0.237403 0.000000 -0.971411
vn 0.083504 0.084204 -0.992944
vn 0.234409 0.000000 -0.972138
vn 0.218705 0.208204 -0.953320
vn 0.441123 0.000000 -0.897447
vn -0.000000 0.226809 -0.973939
vn -0.079200 0.076800 -0.993896
vn 0.308809 0.337510 -0.889227
vn 0.615013 0.000000 -0.788517
vn -0.000000 0.458816 -0.888531
vn -0.179607 0.209208 -0.961236
vn 0.450878 0.444278 -0.774162
vn 0.791094 0.000000 -0.611695
vn 0.581189 0.565589 -0.585089
vn 0.903400 0.000000 -0.428800
vn 0.665977 0.667377 -0.333289
vn 0.971042 0.000000 -0.238910
vn 0.691071 0.704970 -0.159493
vn 0.991838 0.000000 -0.127505
vn -0.000000 0.628893 -0.777492
vn -0.000000 0.774576 -0.632481
vn 0.581189 0.565589 -0.585089
vn -0.282114 0.329716 -0.900944
vn -0.399126 0.428228 -0.810752
vn -0.524991 0.577190 -0.625489
vn -0.000000 0.900133 -0.435616
vn 0.665977 0.667377 -0.333289
vn -0.671508 0.662408 -0.332104
vn 0.000000 0.976305 -0.216401
vn 0.691071 0.704970 -0.159493
vn -0.684024 0.708525 -0.173506
vn 0.000000 0.995017 -0.099702
vn -0.279491 -0.279491 -0.918569
vn -0.388003 -0.388003 -0.836007
vn -0.530602 -0.530602 -0.661002
vn -0.524991 0.577190 -0.625489
vn -0.663636 -0.663636 -0.345218
vn -0.671508 0.662408 -0.332104
vn -0.691745 -0.691745 -0.207313
vn -0.684024 0.708525 -0.173506
vn 0.000000 -0.555577 -0.831465
vn 0.000000 -0.707107 -0.707107
vn -0.530602 -0.530602 -0.661002
vn 0.000000 -0.382690 -0.923877
vn 0.000000 -0.872397 -0.488798
vn -0.663636 -0.663636 -0.345218
vn 0.000000 -0.970995 -0.239099
vn -0.691745 -0.691745 -0.207313
vn 0.000000 -0.988958 -0.148194
vn -0.174998 -0.174998 -0.968892
vn 0.000000 -0.195097 -0.980784
vn -0.074198 -0.074198 -0.994479
vn 0.000000 0.000000 -1.000000
vn -0.073599 0.000000 -0.997288
vn -0.000000 0.000000 -1.000000
vn 0.074198 -0.074198 -0.994479
vn 0.073599 0.000000 -0.997288
vn 0.000000 -0.000000 -1.000000
vn -0.000000 -0.195097 -0.980784
vn 0.174998 -0.174998 -0.968892
vn -0.000000 -0.382690 -0.923877
vn 0.000000 0.226809 -0.973939
vn 0.179607 0.209208 -0.961236
vn 0.000000 0.458816 -0.888531
vn 0.279491 -0.279491 -0.918569
vn -0.000000 -0.555577 -0.831465
vn 0.282114 0.329716 -0.900944
vn 0.000000 0.628893 -0.777492
vn 0.392080 -0.394480 -0.831059
vn -0.003500 -0.709897 -0.704297
vn 0.402085 0.433884 -0.806270
vn 0.000000 0.774576 -0.632481
vn 0.543008 -0.524708 -0.655610
vn 0.534390 0.564290 -0.629289
vn 0.645121 0.675122 -0.357812
vn 0.643268 -0.680866 -0.350183
vn 0.701112 -0.689512 -0.181703
vn 0.643783 0.749880 -0.152396
vn -0.000000 0.226809 -0.973939
vn 0.058998 0.141595 -0.988165
vn -0.220700 0.207100 -0.953101
vn -0.440601 0.000000 -0.897703
vn 0.122301 0.326904 -0.937111
vn 0.145495 0.059498 -0.987568
vn -0.304620 0.335422 -0.891459
vn -0.603307 0.000000 -0.797509
vn 0.000000 0.458816 -0.888531
vn -0.441478 0.445678 -0.778761
vn -0.784911 0.000300 -0.619609
vn -0.582373 0.567274 -0.582273
vn -0.906917 0.000600 -0.421308
vn -0.667240 0.667840 -0.329820
vn -0.974082 -0.000700 -0.226196
vn -0.696586 0.700086 -0.156997
vn -0.993120 0.000100 -0.117102
vn 0.000000 0.628893 -0.777492
vn -0.000000 0.774576 -0.632481
vn -0.582373 0.567274 -0.582273
vn 0.167303 0.492610 -0.854017
vn 0.238796 0.638788 -0.731387
vn 0.000000 0.900133 -0.435616
vn -0.667240 0.667840 -0.329820
vn 0.308997 0.785093 -0.536795
vn 0.641704 0.241301 -0.728004
vn 0.796039 0.301115 -0.525026
vn 0.349300 0.891200 -0.289400
vn 0.641704 0.241301 -0.728004
vn -0.000000 0.975724 -0.219005
vn 0.362110 0.921424 -0.140904
vn -0.696586 0.700086 -0.156997
vn 0.000000 0.994398 -0.105700
vn 0.459405 0.180902 -0.869610
vn 0.603307 0.000000 -0.797509
vn 0.784911 0.000200 -0.619609
vn 0.440601 -0.000000 -0.897703
vn 0.796039 0.301115 -0.525026
vn 0.906918 0.000500 -0.421308
vn 0.329908 0.117103 -0.936722
vn 0.237403 -0.000000 -0.971411
vn 0.000400 -0.000000 -1.000000
vn 0.889727 0.349711 -0.293409
vn 0.308997 0.785093 -0.536795
vn 0.349300 0.891200 -0.289400
vn 0.974126 -0.000800 -0.226006
vn 0.919565 0.364286 -0.147294
vn 0.993120 0.000200 -0.117102
vn 0.349300 0.891200 -0.289400
vn 0.362110 0.921424 -0.140904
vn -0.020300 0.013200 -0.999707
vn -0.143904 0.059102 -0.987825
vn -0.234409 0.000000 -0.972138
vn -0.058500 0.141501 -0.988208
vn -0.328509 0.117803 -0.937126
vn -0.441123 0.000000 -0.897447
vn -0.121800 0.327699 -0.936898
vn -0.468023 0.182609 -0.864643
vn -0.615013 0.000000 -0.788517
vn -0.650480 0.239792 -0.720677
vn -0.791094 0.000000 -0.611695
vn -0.793118 0.299907 -0.530112
vn -0.903400 0.000000 -0.428800
vn -0.169895 0.494387 -0.852477
vn -0.887184 0.349294 -0.301494
vn -0.971042 0.000000 -0.238910
vn -0.349189 0.891473 -0.288691
vn -0.308808 0.783921 -0.538614
vn -0.916521 0.369109 -0.154104
vn -0.991838 0.000000 -0.127505
vn 0.000000 0.458816 -0.888531
vn 0.000000 0.226809 -0.973939
vn 0.000000 0.628893 -0.777492
vn 0.121800 0.327699 -0.936898
vn -0.242599 0.637799 -0.730998
vn -0.468023 0.182609 -0.864643
vn -0.650480 0.239792 -0.720677
vn 0.169900 0.494000 -0.852700
vn 0.000000 0.774576 -0.632481
vn 0.467598 0.182499 -0.864897
vn 0.650569 0.240188 -0.720465
vn 0.243105 0.637814 -0.730816
vn 0.467598 0.182499 -0.864897
vn 0.308710 0.784026 -0.538518
vn 0.650569 0.240188 -0.720465
vn 0.793198 0.299899 -0.529998
vn 0.000000 0.900133 -0.435616
vn -0.308808 0.783921 -0.538614
vn -0.650480 0.239792 -0.720677
vn -0.793118 0.299907 -0.530112
vn -0.349189 0.891473 -0.288691
vn 0.349092 0.891478 -0.288793
vn 0.000000 0.976305 -0.216401
vn -0.359992 0.922678 -0.138097
vn -0.887184 0.349294 -0.301494
vn -0.916521 0.369109 -0.154104
vn 0.000000 0.995017 -0.099702
vn 0.359997 0.922691 -0.137999
vn 0.916487 0.369195 -0.154098
vn 0.887188 0.349195 -0.301596
vn -0.000800 0.004100 -0.999991
vn -0.000000 0.000000 -1.000000
vn -0.057699 -0.139198 -0.988582
vn 0.000000 -0.221491 -0.975162
vn 0.057701 -0.139001 -0.988610
vn 0.000000 -0.000000 -1.000000
vn -0.000000 -0.004200 -0.999991
vn 0.058602 0.141304 -0.988230
vn 0.000000 0.004300 -0.999991
vn 0.143503 -0.058501 -0.987919
vn 0.000000 -0.000000 -1.000000
vn 0.234409 0.000000 -0.972138
vn 0.329698 -0.115499 -0.936995
vn 0.441805 0.000800 -0.897111
vn 0.474688 -0.183195 -0.860878
vn 0.614618 0.001300 -0.788824
vn 0.649206 -0.248402 -0.718907
vn 0.175108 -0.499322 -0.848537
vn 0.240596 -0.651389 -0.719588
vn 0.790959 0.000500 -0.611869
vn 0.792695 -0.293898 -0.534096
vn 0.903167 0.001900 -0.429285
vn 0.308784 -0.771861 -0.555772
vn 0.351899 -0.888998 -0.292999
vn 0.889304 -0.343502 -0.301901
vn 0.970773 0.001500 -0.239993
vn 0.915825 -0.372910 -0.149004
vn 0.991838 0.000000 -0.127505
vn 0.351899 -0.888998 -0.292999
vn 0.359101 -0.924903 -0.124900
vn 0.328509 0.117803 -0.937126
vn 0.144100 0.059100 -0.987797
vn 0.234409 -0.000000 -0.972138
vn 0.441123 -0.000000 -0.897447
vn 0.000000 0.000000 -1.000000
vn 0.615013 0.000000 -0.788517
vn 0.650569 0.240188 -0.720465
vn 0.791094 0.000000 -0.611695
vn 0.793198 0.299899 -0.529998
vn 0.903400 0.000000 -0.428800
vn 0.887188 0.349195 -0.301596
vn 0.308710 0.784026 -0.538518
vn 0.349092 0.891478 -0.288793
vn 0.971042 0.000000 -0.238910
vn 0.916487 0.369195 -0.154098
vn 0.991838 0.000000 -0.127505
vn 0.643268 -0.680866 -0.350183
vn -0.015301 -0.968739 -0.247610
vn -0.000000 -0.988958 -0.148194
vn 0.701112 -0.689512 -0.181703
vn -0.013000 -0.870212 -0.492507
vn 0.543008 -0.524708 -0.655610
vn -0.003500 -0.709897 -0.704297
vn 0.392080 -0.394480 -0.831059
vn 0.534390 0.564290 -0.629289
vn 0.000000 0.900133 -0.435616
vn 0.000000 0.774576 -0.632481
vn 0.402085 0.433884 -0.806270
vn 0.645121 0.675122 -0.357812
vn -0.016199 0.977954 -0.208190
vn 0.643783 0.749880 -0.152396
vn 0.000000 0.995017 -0.099702
f 1/1/1 2/2/2 3/3/3
f 4/4/4 2/2/2 1/1/1
f 4/4/4 5/5/5 2/2/2
f 6/6/6 5/5/5 4/4/4
f 6/6/6 7/7/7 5/5/5
f 8/8/8 6/6/6 4/4/4
f 1/1/1 8/8/8 4/4/4
f 9/9/9 7/7/7 6/6/6
f 9/9/9 10/10/10 7/7/7
f 11/11/11 10/10/10 9/9/9
f 11/11/11 12/12/12 10/10/10
f 9/9/9 6/6/6 13/13/13
f 8/8/8 13/13/13 6/6/6
f 9/9/9 13/13/13 14/14/14
f 15/15/15 12/12/12 11/11/11
f 16/16/16 15/15/15 11/11/11
f 16/16/16 17/17/17 15/15/15
f 15/15/15 18/18/18 12/12/12
f 19/19/19 18/18/18 15/15/15
f 19/19/19 20/20/20 18/18/18
f 21/21/21 19/19/19 15/15/15
f 21/21/21 22/22/22 19/19/19
f 23/23/23 13/13/13 8/8/8
f 24/24/24 14/14/14 13/13/13
f 23/23/23 24/24/24 13/13/13
f 24/24/24 25/25/25 14/14/14
f 26/26/26 23/23/23 8/8/8
f 27/27/27 25/25/25 24/24/24
f 25/25/25 28/28/28 14/14/14
f 29/29/29 14/14/14 28/28/28
f 29/29/29 28/28/28 30/30/30
f 31/31/31 25/25/25 27/27/27
f 27/27/27 24/24/24 32/32/32
f 32/32/32 24/24/24 23/23/23
f 32/32/32 33/33/33 27/27/27
f 25/25/25 34/34/34 28/28/28
f 31/31/31 34/34/34 25/25/25
f 34/34/34 35/35/35 28/28/28
f 36/36/36 34/34/34 31/31/31
f 36/36/36 31/31/31 37/37/37
f 36/36/36 37/37/37 38/38/38
f 36/36/36 39/39/39 34/34/34
f 34/34/34 39/39/39 35/35/35
f 40/40/40 39/39/39 36/36/36
f 39/39/39 41/41/41 35/35/35
f 40/40/40 42/42/42 39/39/39
f 39/39/39 42/42/42 41/41/41
f 43/43/43 44/44/44 33/33/33
f 44/44/44 45/45/45 33/33/33
f 44/44/44 46/46/46 45/45/45
f 45/45/45 47/47/47 33/33/33
f 45/45/45 48/48/48 47/47/47
f 46/46/46 49/49/49 45/45/45
f 46/46/46 50/50/50 49/49/49
f 50/50/50 51/51/51 49/49/49
f 50/50/50 52/52/52 51/51/51
f 51/51/51 53/53/53 49/49/49
f 51/51/51 54/54/54 53/53/53
f 43/43/43 33/33/33 55/55/55
f 56/56/56 43/43/43 55/55/55
f 32/32/32 55/55/55 33/33/33
f 56/56/56 55/55/55 57/57/57
f 55/55/55 32/32/32 58/58/58
f 55/55/55 58/58/58 57/57/57
f 32/32/32 23/23/23 58/58/58
f 59/59/59 56/56/56 57/57/57
f 58/58/58 23/23/23 26/26/26
f 59/59/59 57/57/57 60/60/60
f 57/57/57 58/58/58 61/61/61
f 57/57/57 61/61/61 60/60/60
f 58/58/58 26/26/26 61/61/61
f 62/62/62 59/59/59 60/60/60
f 62/62/62 60/60/60 63/63/63
f 60/60/60 61/61/61 63/63/63
f 64/64/64 62/62/62 63/63/63
f 64/64/64 65/65/65 62/62/62
f 66/66/66 63/63/63 61/61/61
f 67/67/67 65/65/65 64/64/64
f 67/67/67 68/68/68 65/65/65
f 63/63/63 69/69/69 64/64/64
f 70/70/70 68/68/68 67/67/67
f 70/70/70 71/71/71 68/68/68
f 67/67/67 64/64/64 72/72/72
f 72/72/72 64/64/64 69/69/69
f 70/70/70 67/67/67 73/73/73
f 67/67/67 72/72/72 73/73/73
f 74/74/74 71/71/71 70/70/70
f 74/74/74 75/75/75 71/71/71
f 76/76/76 75/75/75 74/74/74
f 76/76/76 77/77/77 75/75/75
f 78/78/78 77/77/77 76/76/76
f 78/78/78 79/79/79 77/77/77
f 80/80/80 79/79/79 78/78/78
f 80/80/80 78/78/78 81/81/81
f 74/74/74 70/70/70 82/82/82
f 70/70/70 73/73/73 82/82/82
f 74/74/74 82/82/82 83/83/83
f 84/84/84 82/82/82 73/73/73
f 84/84/84 85/85/85 82/82/82
f 85/85/85 83/83/83 82/82/82
f 86/86/86 84/84/84 73/73/73
f 86/86/86 73/73/73 72/72/72
f 87/87/87 86/86/86 72/72/72
f 85/85/85 88/88/88 83/83/83
f 87/87/87 72/72/72 69/69/69
f 89/89/89 90/90/90 83/83/83
f 89/89/89 83/83/83 91/91/91
f 88/88/88 91/91/91 83/83/83
f 88/88/88 92/92/92 91/91/91
f 91/91/91 93/93/93 94/94/94
f 91/91/91 95/95/95 93/93/93
f 92/92/92 95/95/95 91/91/91
f 92/92/92 96/96/96 95/95/95
f 96/96/96 97/97/97 95/95/95
f 96/96/96 98/98/98 97/97/97
f 95/95/95 97/97/97 99/99/99
f 95/95/95 99/99/99 100/100/100
f 101/101/101 87/87/87 69/69/69
f 101/101/101 102/102/102 87/87/87
f 69/69/69 103/103/103 101/101/101
f 63/63/63 103/103/103 69/69/69
f 66/66/66 103/103/103 63/63/63
f 104/104/104 101/101/101 103/103/103
f 104/104/104 103/103/103 66/66/66
f 105/105/105 102/102/102 101/101/101
f 105/105/105 106/106/106 102/102/102
f 107/107/107 106/106/106 105/105/105
f 107/107/107 108/108/108 106/106/106
f 109/109/109 108/108/108 107/107/107
f 109/109/109 110/110/110 108/108/108
f 107/107/107 111/111/111 109/109/109
f 105/105/105 112/112/112 107/107/107
f 107/107/107 112/112/112 111/111/111
f 113/113/113 105/105/105 101/101/101
f 105/105/105 113/113/113 112/112/112
f 113/113/113 101/101/101 114/114/114
f 104/104/104 114/114/114 101/101/101
f 115/115/115 112/112/112 113/113/113
f 116/116/116 111/111/111 112/112/112
f 116/116/116 112/112/112 115/115/115
f 117/117/117 111/111/111 116/116/116
f 117/117/117 118/118/118 111/111/111
f 116/116/116 115/115/115 119/119/119
f 116/116/116 119/119/119 120/120/120
f 121/121/121 120/120/120 119/119/119
f 121/121/121 122/122/122 120/120/120
f 123/123/123 121/121/121 119/119/119
f 124/124/124 118/118/118 117/117/117
f 125/125/125 118/118/118 124/124/124
f 125/125/125 124/124/124 126/126/126
f 124/124/124 117/117/117 127/127/127
f 128/128/128 124/124/124 127/127/127
f 128/128/128 127/127/127 129/129/129
f 130/130/130 127/127/127 117/117/117
f 130/130/130 131/131/131 127/127/127
f 123/123/123 119/119/119 132/132/132
f 133/133/133 123/123/123 132/132/132
f 115/115/115 132/132/132 119/119/119
f 133/133/133 132/132/132 134/134/134
f 135/135/135 133/133/133 134/134/134
f 135/135/135 134/134/134 136/136/136
f 115/115/115 137/137/137 132/132/132
f 137/137/137 134/134/134 132/132/132
f 115/115/115 113/113/113 137/137/137
f 137/137/137 113/113/113 114/114/114
f 137/137/137 138/138/138 134/134/134
f 138/138/138 136/136/136 134/134/134
f 137/137/137 114/114/114 138/138/138
f 138/138/138 139/139/139 136/136/136
f 138/138/138 114/114/114 104/104/104
f 138/138/138 104/104/104 139/139/139
f 140/140/140 139/139/139 104/104/104
f 140/140/140 141/141/141 139/139/139
f 140/140/140 104/104/104 142/142/142
f 104/104/104 66/66/66 142/142/142
f 140/140/140 143/143/143 141/141/141
f 144/144/144 141/141/141 143/143/143
f 144/144/144 143/143/143 145/145/145
f 145/145/145 143/143/143 146/146/146
f 140/140/140 146/146/146 143/143/143
f 145/145/145 146/146/146 147/147/147
f 140/140/140 148/148/148 146/146/146
f 148/148/148 140/140/140 142/142/142
f 147/147/147 146/146/146 149/149/149
f 148/148/148 149/149/149 146/146/146
f 147/147/147 149/149/149 150/150/150
f 148/148/148 142/142/142 151/151/151
f 148/148/148 152/152/152 149/149/149
f 152/152/152 148/148/148 151/151/151
f 150/150/150 149/149/149 153/153/153
f 153/153/153 149/149/149 152/152/152
f 150/150/150 153/153/153 154/154/154
f 153/153/153 152/152/152 155/155/155
f 154/154/154 153/153/153 156/156/156
f 157/157/157 156/156/156 153/153/153
f 157/157/157 158/158/158 156/156/156
f 154/154/154 156/156/156 159/159/159
f 160/160/160 159/159/159 156/156/156
f 161/161/161 160/160/160 156/156/156
f 161/161/161 162/162/162 160/160/160
f 160/160/160 163/163/163 159/159/159
f 164/164/164 163/163/163 160/160/160
f 164/164/164 165/165/165 163/163/163
f 166/166/166 164/164/164 160/160/160
f 166/166/166 167/167/167 164/164/164
f 155/155/155 152/152/152 168/168/168
f 152/152/152 151/151/151 168/168/168
f 155/155/155 168/168/168 169/169/169
f 170/170/170 155/155/155 169/169/169
f 170/170/170 169/169/169 171/171/171
f 171/171/171 172/172/172 170/170/170
f 171/171/171 169/169/169 173/173/173
f 171/171/171 173/173/173 174/174/174
f 171/171/171 175/175/175 172/172/172
f 175/175/175 176/176/176 172/172/172
f 175/175/175 177/177/177 176/176/176
f 177/177/177 175/175/175 178/178/178
f 177/177/177 178/178/178 179/179/179
f 169/169/169 168/168/168 180/180/180
f 169/169/169 180/180/180 181/181/181
f 168/168/168 182/182/182 180/180/180
f 168/168/168 151/151/151 182/182/182
f 183/183/183 181/181/181 180/180/180
f 151/151/151 184/184/184 182/182/182
f 151/151/151 142/142/142 184/184/184
f 184/184/184 142/142/142 66/66/66
f 185/185/185 180/180/180 182/182/182
f 185/185/185 183/183/183 180/180/180
f 186/186/186 182/182/182 184/184/184
f 186/186/186 185/185/185 182/182/182
f 187/187/187 184/184/184 66/66/66
f 187/187/187 186/186/186 184/184/184
f 61/61/61 187/187/187 66/66/66
f 61/61/61 26/26/26 187/187/187
f 188/188/188 186/186/186 187/187/187
f 189/189/189 185/185/185 186/186/186
f 189/189/189 186/186/186 188/188/188
f 187/187/187 26/26/26 190/190/190
f 26/26/26 8/8/8 190/190/190
f 1/1/1 190/190/190 8/8/8
f 187/187/187 190/190/190 191/191/191
f 191/191/191 190/190/190 1/1/1
f 188/188/188 187/187/187 191/191/191
f 191/191/191 1/1/1 192/192/192
f 191/191/191 192/192/192 188/188/188
f 193/193/193 192/192/192 1/1/1
f 1/1/1 3/3/3 193/193/193
f 193/193/193 194/194/194 192/192/192
f 3/3/3 195/195/195 193/193/193
f 193/193/193 195/195/195 194/194/194
f 3/3/3 196/196/196 195/195/195
f 196/196/196 197/197/197 195/195/195
f 196/196/196 198/198/198 197/197/197
f 195/195/195 197/197/197 199/199/199
f 195/195/195 199/199/199 194/194/194
f 198/198/198 200/200/200 197/197/197
f 199/199/199 197/197/197 200/200/200
f 198/198/198 201/201/201 200/200/200
f 201/201/201 202/202/202 200/200/200
f 201/201/201 203/203/203 202/202/202
f 199/199/199 200/200/200 204/204/204
f 204/204/204 200/200/200 202/202/202
f 203/203/203 205/205/205 202/202/202
f 203/203/203 206/206/206 205/205/205
f 204/204/204 202/202/202 207/207/207
f 206/206/206 208/208/208 205/205/205
f 206/206/206 209/209/209 208/208/208
f 210/210/210 205/205/205 208/208/208
f 210/210/210 211/211/211 205/205/205
f 209/209/209 212/212/212 208/208/208
f 209/209/209 213/213/213 212/212/212
f 212/212/212 214/214/214 208/208/208
f 212/212/212 215/215/215 214/214/214
f 207/207/207 216/216/216 204/204/204
f 204/204/204 216/216/216 217/217/217
f 204/204/204 217/217/217 199/199/199
f 207/207/207 218/218/218 216/216/216
f 199/199/199 217/217/217 219/219/219
f 199/199/199 219/219/219 194/194/194
f 219/219/219 217/217/217 220/220/220
f 217/217/217 216/216/216 221/221/221
f 217/217/217 221/221/221 220/220/220
f 216/216/216 222/222/222 221/221/221
f 216/216/216 218/218/218 222/222/222
f 223/223/223 218/218/218 207/207/207
f 224/224/224 223/223/223 207/207/207
f 224/224/224 225/225/225 223/223/223
f 223/223/223 226/226/226 218/218/218
f 227/227/227 226/226/226 223/223/223
f 218/218/218 228/228/228 222/222/222
f 218/218/218 226/226/226 228/228/228
f 228/228/228 229/229/229 222/222/222
f 228/228/228 230/230/230 229/229/229
f 226/226/226 231/231/231 228/228/228
f 227/227/227 232/232/232 226/226/226
f 226/226/226 232/232/232 231/231/231
f 233/233/233 232/232/232 227/227/227
f 232/232/232 234/234/234 231/231/231
f 233/233/233 235/235/235 232/232/232
f 232/232/232 235/235/235 234/234/234
f 236/236/236 221/221/221 222/222/222
f 236/236/236 237/237/237 221/221/221
f 237/237/237 220/220/220 221/221/221
f 236/236/236 238/238/238 237/237/237
f 236/236/236 239/239/239 238/238/238
f 240/240/240 239/239/239 236/236/236
f 237/237/237 238/238/238 241/241/241
f 240/240/240 242/242/242 239/239/239
f 237/237/237 241/241/241 243/243/243
f 237/237/237 243/243/243 220/220/220
f 243/243/243 241/241/241 244/244/244
f 245/245/245 242/242/242 240/240/240
f 243/243/243 244/244/244 246/246/246
f 220/220/220 243/243/243 246/246/246
f 245/245/245 247/247/247 242/242/242
f 248/248/248 245/245/245 240/240/240
f 248/248/248 249/249/249 245/245/245
f 250/250/250 247/247/247 245/245/245
f 250/250/250 245/245/245 251/251/251
f 252/252/252 251/251/251 245/245/245
f 252/252/252 253/253/253 251/251/251
f 246/246/246 244/244/244 254/254/254
f 220/220/220 246/246/246 255/255/255
f 219/219/219 220/220/220 255/255/255
f 246/246/246 254/254/254 256/256/256
f 257/257/257 219/219/219 255/255/255
f 194/194/194 219/219/219 257/257/257
f 255/255/255 246/246/246 258/258/258
f 256/256/256 258/258/258 246/246/246
f 257/257/257 255/255/255 258/258/258
f 254/254/254 259/259/259 256/256/256
f 254/254/254 260/260/260 259/259/259
f 256/256/256 261/261/261 258/258/258
f 258/258/258 261/261/261 262/262/262
f 262/262/262 257/257/257 258/258/258
f 263/263/263 261/261/261 256/256/256
f 260/260/260 264/264/264 259/259/259
f 260/260/260 265/265/265 264/264/264
f 259/259/259 266/266/266 256/256/256
f 263/263/263 256/256/256 266/266/266
f 267/267/267 259/259/259 264/264/264
f 267/267/267 266/266/266 259/259/259
f 265/265/265 268/268/268 264/264/264
f 268/268/268 267/267/267 264/264/264
f 265/265/265 269/269/269 268/268/268
f 268/268/268 270/270/270 267/267/267
f 269/269/269 271/271/271 268/268/268
f 272/272/272 268/268/268 271/271/271
f 272/272/272 271/271/271 273/273/273
f 269/269/269 274/274/274 271/271/271
f 274/274/274 275/275/275 271/271/271
f 274/274/274 276/276/276 275/275/275
f 277/277/277 278/278/278 275/275/275
f 277/277/277 275/275/275 279/279/279
f 276/276/276 279/279/279 275/275/275
f 276/276/276 280/280/280 279/279/279
f 280/280/280 281/281/281 279/279/279
f 280/280/280 282/282/282 281/281/281
f 281/281/281 283/283/283 279/279/279
f 281/281/281 284/284/284 283/283/283
f 270/270/270 285/285/285 267/267/267
f 270/270/270 286/286/286 285/285/285
f 287/287/287 286/286/286 270/270/270
f 267/267/267 285/285/285 288/288/288
f 267/267/267 288/288/288 266/266/266
f 285/285/285 286/286/286 289/289/289
f 288/288/288 285/285/285 290/290/290
f 285/285/285 289/289/289 290/290/290
f 286/286/286 291/291/291 289/289/289
f 287/287/287 292/292/292 286/286/286
f 286/286/286 292/292/292 291/291/291
f 293/293/293 292/292/292 287/287/287
f 293/293/293 287/287/287 294/294/294
f 293/293/293 294/294/294 295/295/295
f 293/293/293 296/296/296 292/292/292
f 292/292/292 297/297/297 291/291/291
f 292/292/292 296/296/296 297/297/297
f 298/298/298 291/291/291 297/297/297
f 298/298/298 297/297/297 299/299/299
f 296/296/296 300/300/300 297/297/297
f 301/301/301 296/296/296 293/293/293
f 296/296/296 302/302/302 300/300/300
f 301/301/301 302/302/302 296/296/296
f 302/302/302 303/303/303 300/300/300
f 304/304/304 302/302/302 301/301/301
f 302/302/302 305/305/305 303/303/303
f 304/304/304 305/305/305 302/302/302
f 194/194/194 257/257/257 306/306/306
f 306/306/306 192/192/192 194/194/194
f 257/257/257 307/307/307 306/306/306
f 308/308/308 192/192/192 306/306/306
f 308/308/308 188/188/188 192/192/192
f 307/307/307 309/309/309 306/306/306
f 308/308/308 306/306/306 309/309/309
f 257/257/257 310/310/310 307/307/307
f 308/308/308 311/311/311 188/188/188
f 262/262/262 310/310/310 257/257/257
f 312/312/312 308/308/308 309/309/309
f 312/312/312 311/311/311 308/308/308
f 312/312/312 309/309/309 313/313/313
f 312/312/312 314/314/314 311/311/311
f 311/311/311 189/189/189 188/188/188
f 314/314/314 315/315/315 311/311/311
f 311/311/311 315/315/315 189/189/189
f 314/314/314 316/316/316 315/315/315
f 316/316/316 317/317/317 315/315/315
f 189/189/189 315/315/315 317/317/317
f 316/316/316 318/318/318 317/317/317
f 318/318/318 319/319/319 317/317/317
f 318/318/318 320/320/320 319/319/319
f 189/189/189 317/317/317 321/321/321
f 321/321/321 185/185/185 189/189/189
f 321/321/321 183/183/183 185/185/185
f 320/320/320 322/322/322 319/319/319
f 320/320/320 323/323/323 322/322/322
f 317/317/317 319/319/319 324/324/324
f 317/317/317 324/324/324 321/321/321
f 324/324/324 183/183/183 321/321/321
f 323/323/323 325/325/325 322/322/322
f 323/323/323 326/326/326 325/325/325
f 322/322/322 325/325/325 327/327/327
f 322/322/322 327/327/327 328/328/328
f 326/326/326 329/329/329 325/325/325
f 326/326/326 330/330/330 329/329/329
f 324/324/324 331/331/331 183/183/183
f 183/183/183 331/331/331 181/181/181
f 331/331/331 332/332/332 181/181/181
f 333/333/333 331/331/331 324/324/324
f 334/334/334 333/333/333 324/324/324
f 334/334/334 335/335/335 333/333/333
f 333/333/333 336/336/336 331/331/331
f 331/331/331 336/336/336 332/332/332
f 337/337/337 336/336/336 333/333/333
f 338/338/338 339/339/339 332/332/332
f 338/338/338 332/332/332 340/340/340
f 336/336/336 340/340/340 332/332/332
f 336/336/336 341/341/341 340/340/340
f 337/337/337 341/341/341 336/336/336
f 341/341/341 342/342/342 340/340/340
f 341/341/341 343/343/343 342/342/342
f 344/344/344 343/343/343 341/341/341
f 344/344/344 341/341/341 337/337/337
f 345/345/345 344/344/344 337/337/337
f 345/345/345 346/346/346 344/344/344
f 310/310/310 347/347/347 348/348/348
f 310/310/310 348/348/348 307/307/307
f 309/309/309 307/307/307 348/348/348
f 349/349/349 347/347/347 310/310/310
f 349/349/349 310/310/310 262/262/262
f 309/309/309 348/348/348 350/350/350
f 313/313/313 309/309/309 350/350/350
f 313/313/313 350/350/350 351/351/351
f 351/351/351 350/350/350 352/352/352
f 352/352/352 350/350/350 348/348/348
f 351/351/351 352/352/352 353/353/353
f 353/353/353 352/352/352 354/354/354
f 353/353/353 354/354/354 355/355/355
f 352/352/352 348/348/348 356/356/356
f 354/354/354 352/352/352 356/356/356
f 347/347/347 356/356/356 348/348/348
f 355/355/355 354/354/354 357/357/357
f 355/355/355 357/357/357 358/358/358
f 354/354/354 356/356/356 359/359/359
f 358/358/358 357/357/357 360/360/360
f 360/360/360 357/357/357 361/361/361
f 360/360/360 361/361/361 362/362/362
f 358/358/358 360/360/360 363/363/363
f 363/363/363 360/360/360 364/364/364
f 363/363/363 364/364/364 365/365/365
f 364/364/364 360/360/360 366/366/366
f 364/364/364 366/366/366 367/367/367
f 347/347/347 368/368/368 356/356/356
f 368/368/368 359/359/359 356/356/356
f 369/369/369 368/368/368 347/347/347
f 369/369/369 347/347/347 349/349/349
f 368/368/368 370/370/370 359/359/359
f 371/371/371 368/368/368 369/369/369
f 371/371/371 370/370/370 368/368/368
f 349/349/349 372/372/372 369/369/369
f 372/372/372 371/371/371 369/369/369
f 370/370/370 373/373/373 359/359/359
f 373/373/373 374/374/374 359/359/359
f 373/373/373 375/375/375 374/374/374
f 370/370/370 376/376/376 373/373/373
f 376/376/376 377/377/377 373/373/373
f 378/378/378 370/370/370 371/371/371
f 378/378/378 376/376/376 370/370/370
f 379/379/379 378/378/378 371/371/371
f 379/379/379 380/380/380 378/378/378
f 381/381/381 376/376/376 378/378/378
f 376/376/376 382/382/382 377/377/377
f 381/381/381 382/382/382 376/376/376
f 382/382/382 383/383/383 377/377/377
f 384/384/384 382/382/382 381/381/381
f 382/382/382 385/385/385 383/383/383
f 384/384/384 385/385/385 382/382/382
f 372/372/372 386/386/386 371/371/371
f 387/387/387 386/386/386 372/372/372
f 387/387/387 388/388/388 386/386/386
f 389/389/389 387/387/387 372/372/372
f 388/388/388 390/390/390 386/386/386
f 388/388/388 391/391/391 390/390/390
f 389/389/389 372/372/372 392/392/392
f 393/393/393 389/389/389 392/392/392
f 349/349/349 392/392/392 372/372/372
f 393/393/393 392/392/392 394/394/394
f 349/349/349 394/394/394 392/392/392
f 395/395/395 393/393/393 394/394/394
f 349/349/349 262/262/262 394/394/394
f 396/396/396 394/394/394 262/262/262
f 395/395/395 394/394/394 396/396/396
f 396/396/396 262/262/262 261/261/261
f 396/396/396 261/261/261 263/263/263
f 397/397/397 395/395/395 396/396/396
f 396/396/396 263/263/263 397/397/397
f 397/397/397 398/398/398 395/395/395
f 399/399/399 398/398/398 397/397/397
f 399/399/399 400/400/400 398/398/398
f 401/401/401 399/399/399 397/397/397
f 402/402/402 400/400/400 399/399/399
f 402/402/402 399/399/399 401/401/401
f 402/402/402 403/403/403 400/400/400
f 404/404/404 403/403/403 402/402/402
f 404/404/404 405/405/405 403/403/403
f 406/406/406 405/405/405 404/404/404
f 406/406/406 407/407/407 405/405/405
f 407/407/407 406/406/406 408/408/408
f 408/408/408 406/406/406 409/409/409
f 408/408/408 409/409/409 410/410/410
f 407/407/407 408/408/408 411/411/411
f 411/411/411 408/408/408 412/412/412
f 411/411/411 412/412/412 413/413/413
f 402/402/402 401/401/401 414/414/414
f 415/415/415 416/416/416 414/414/414
f 415/415/415 414/414/414 417/417/417
f 418/418/418 414/414/414 401/401/401
f 419/419/419 417/417/417 414/414/414
f 418/418/418 419/419/419 414/414/414
f 419/419/419 420/420/420 417/417/417
f 421/421/421 419/419/419 418/418/418
f 420/420/420 422/422/422 417/417/417
f 422/422/422 423/423/423 417/417/417
f 422/422/422 424/424/424 423/423/423
f 420/420/420 425/425/425 422/422/422
f 426/426/426 420/420/420 419/419/419
f 426/426/426 419/419/419 421/421/421
f 427/427/427 426/426/426 421/421/421
f 427/427/427 428/428/428 426/426/426
f 429/429/429 420/420/420 426/426/426
f 429/429/429 425/425/425 420/420/420
f 430/430/430 429/429/429 426/426/426
f 430/430/430 431/431/431 429/429/429
f 432/432/432 425/425/425 429/429/429
f 425/425/425 433/433/433 422/422/422
f 432/432/432 434/434/434 425/425/425
f 425/425/425 434/434/434 433/433/433
f 435/435/435 434/434/434 432/432/432
f 436/436/436 435/435/435 432/432/432
f 436/436/436 437/437/437 435/435/435
f 435/435/435 438/438/438 434/434/434
f 434/434/434 438/438/438 439/439/439
f 434/434/434 439/439/439 433/433/433
f 440/440/440 433/433/433 439/439/439
f 440/440/440 441/441/441 433/433/433
f 442/442/442 443/443/443 444/444/444
f 442/442/442 444/444/444 263/263/263
f 444/444/444 397/397/397 263/263/263
f 401/401/401 397/397/397 444/444/444
f 443/443/443 401/401/401 444/444/444
f 443/443/443 418/418/418 401/401/401
f 266/266/266 442/442/442 263/263/263
f 445/445/445 418/418/418 443/443/443
f 266/266/266 288/288/288 442/442/442
f 421/421/421 418/418/418 445/445/445
f 445/445/445 446/446/446 421/421/421
f 447/447/447 443/443/443 442/442/442
f 445/445/445 443/443/443 447/447/447
f 447/447/447 442/442/442 448/448/448
f 442/442/442 288/288/288 449/449/449
f 442/442/442 449/449/449 448/448/448
f 450/450/450 447/447/447 448/448/448
f 451/451/451 448/448/448 449/449/449
f 450/450/450 452/452/452 447/447/447
f 452/452/452 445/445/445 447/447/447
f 453/453/453 452/452/452 450/450/450
f 453/453/453 454/454/454 452/452/452
f 452/452/452 455/455/455 445/445/445
f 454/454/454 455/455/455 452/452/452
f 445/445/445 455/455/455 446/446/446
f 454/454/454 456/456/456 455/455/455
f 456/456/456 446/446/446 455/455/455
f 456/456/456 457/457/457 446/446/446
f 457/457/457 458/458/458 446/446/446
f 457/457/457 459/459/459 458/458/458
f 459/459/459 460/460/460 458/458/458
f 459/459/459 461/461/461 460/460/460
f 461/461/461 462/462/462 460/460/460
f 461/461/461 463/463/463 462/462/462
f 460/460/460 462/462/462 464/464/464
f 460/460/460 464/464/464 465/465/465
f 463/463/463 466/466/466 462/462/462
f 463/463/463 467/467/467 466/466/466
f 468/468/468 469/469/469 470/470/470
f 471/471/471 469/469/469 468/468/468
f 471/471/471 472/472/472 469/469/469
f 468/468/468 470/470/470 473/473/473
f 474/474/474 473/473/473 470/470/470
f 474/474/474 451/451/451 473/473/473
f 451/451/451 449/449/449 473/473/473
f 473/473/473 290/290/290 468/468/468
f 473/473/473 449/449/449 290/290/290
f 290/290/290 471/471/471 468/468/468
f 288/288/288 290/290/290 449/449/449
f 290/290/290 289/289/289 471/471/471
f 475/475/475 472/472/472 471/471/471
f 475/475/475 471/471/471 476/476/476
f 475/475/475 476/476/476 477/477/477
f 475/475/475 478/478/478 472/472/472
f 479/479/479 478/478/478 475/475/475
f 479/479/479 480/480/480 478/478/478
f 481/481/481 480/480/480 479/479/479
f 482/482/482 481/481/481 479/479/479
f 482/482/482 483/483/483 481/481/481
f 481/481/481 484/484/484 480/480/480
f 485/485/485 484/484/484 481/481/481
f 485/485/485 486/486/486 484/484/484
f 487/487/487 485/485/485 481/481/481
f 487/487/487 488/488/488 485/485/485
f 391/391/391 489/489/489 490/490/490
f 391/391/391 490/490/490 390/390/390
f 390/390/390 490/490/490 491/491/491
f 390/390/390 491/491/491 492/492/492
f 489/489/489 493/493/493 490/490/490
f 489/489/489 494/494/494 493/493/493
f 490/490/490 493/493/493 495/495/495
f 490/490/490 495/495/495 496/496/496
f 497/497/497 498/498/498 499/499/499
f 500/500/500 498/498/498 497/497/497
f 497/497/497 499/499/499 501/501/501
f 502/502/502 497/497/497 501/501/501
f 502/502/502 501/501/501 503/503/503
f 500/500/500 497/497/497 504/504/504
f 505/505/505 500/500/500 504/504/504
f 505/505/505 504/504/504 506/506/506
f 504/504/504 507/507/507 506/506/506
f 504/504/504 508/508/508 507/507/507
f 509/509/509 510/510/510 511/511/511
f 509/509/509 511/511/511 512/512/512
f 512/512/512 513/513/513 509/509/509
f 512/512/512 514/514/514 513/513/513
f 515/515/515 510/510/510 509/509/509
f 515/515/515 516/516/516 510/510/510
f 517/517/517 516/516/516 515/515/515
f 517/517/517 518/518/518 516/516/516
f 515/515/515 519/519/519 517/517/517
f 515/515/515 520/520/520 519/519/519
f 521/521/521 522/522/522 523/523/523
f 522/522/522 524/524/524 523/523/523
f 522/522/522 525/525/525 524/524/524
f 521/521/521 523/523/523 526/526/526
f 525/525/525 527/527/527 524/524/524
f 525/525/525 528/528/528 527/527/527
f 524/524/524 529/529/529 523/523/523
f 528/528/528 530/530/530 527/527/527
f 528/528/528 531/531/531 530/530/530
f 527/527/527 532/532/532 524/524/524
f 524/524/524 532/532/532 529/529/529
f 531/531/531 533/533/533 530/530/530
f 531/531/531 534/534/534 533/533/533
f 534/534/534 535/535/535 533/533/533
f 534/534/534 536/536/536 535/535/535
f 536/536/536 537/537/537 535/535/535
f 536/536/536 538/538/538 537/537/537
f 530/530/530 539/539/539 527/527/527
f 527/527/527 539/539/539 532/532/532
f 530/530/530 540/540/540 539/539/539
f 541/541/541 540/540/540 530/530/530
f 542/542/542 532/532/532 539/539/539
f 541/541/541 543/543/543 540/540/540
f 544/544/544 543/543/543 541/541/541
f 540/540/540 543/543/543 545/545/545
f 543/543/543 546/546/546 545/545/545
f 540/540/540 545/545/545 547/547/547
f 539/539/539 540/540/540 547/547/547
f 539/539/539 547/547/547 542/542/542
f 544/544/544 548/548/548 543/543/543
f 543/543/543 548/548/548 546/546/546
f 549/549/549 548/548/548 544/544/544
f 548/548/548 550/550/550 546/546/546
f 549/549/549 551/551/551 548/548/548
f 548/548/548 551/551/551 550/550/550
f 547/547/547 552/552/552 542/542/542
f 547/547/547 553/553/553 552/552/552
f 554/554/554 553/553/553 547/547/547
f 542/542/542 552/552/552 555/555/555
f 554/554/554 556/556/556 553/553/553
f 557/557/557 556/556/556 554/554/554
f 557/557/557 558/558/558 556/556/556
f 559/559/559 558/558/558 557/557/557
f 559/559/559 560/560/560 558/558/558
f 542/542/542 555/555/555 561/561/561
f 542/542/542 561/561/561 532/532/532
f 561/561/561 555/555/555 562/562/562
f 561/561/561 529/529/529 532/532/532
f 561/561/561 562/562/562 563/563/563
f 561/561/561 563/563/563 529/529/529
f 563/563/563 562/562/562 564/564/564
f 563/563/563 565/565/565 529/529/529
f 523/523/523 529/529/529 565/565/565
f 523/523/523 565/565/565 526/526/526
f 563/563/563 564/564/564 566/566/566
f 563/563/563 566/566/566 565/565/565
f 567/567/567 566/566/566 564/564/564
f 567/567/567 564/564/564 568/568/568
f 569/569/569 567/567/567 568/568/568
f 569/569/569 568/568/568 570/570/570
f 569/569/569 571/571/571 567/567/567
f 567/567/567 571/571/571 572/572/572
f 567/567/567 572/572/572 566/566/566
f 569/569/569 573/573/573 571/571/571
f 574/574/574 569/569/569 570/570/570
f 574/574/574 573/573/573 569/569/569
f 574/574/574 570/570/570 575/575/575
f 574/574/574 576/576/576 573/573/573
f 577/577/577 574/574/574 575/575/575
f 577/577/577 576/576/576 574/574/574
f 577/577/577 575/575/575 578/578/578
f 577/577/577 579/579/579 576/576/576
f 580/580/580 577/577/577 578/578/578
f 581/581/581 579/579/579 577/577/577
f 580/580/580 578/578/578 582/582/582
f 581/581/581 583/583/583 579/579/579
f 582/582/582 584/584/584 580/580/580
f 585/585/585 583/583/583 581/581/581
f 582/582/582 586/586/586 584/584/584
f 585/585/585 587/587/587 583/583/583
f 586/586/586 588/588/588 584/584/584
f 586/586/586 589/589/589 588/588/588
f 590/590/590 587/587/587 585/585/585
f 590/590/590 591/591/591 587/587/587
f 592/592/592 593/593/593 594/594/594
f 595/595/595 593/593/593 592/592/592
f 592/592/592 594/594/594 596/596/596
f 595/595/595 592/592/592 597/597/597
f 598/598/598 592/592/592 596/596/596
f 597/597/597 592/592/592 598/598/598
f 598/598/598 596/596/596 599/599/599
f 597/597/597 598/598/598 600/600/600
f 601/601/601 598/598/598 599/599/599
f 600/600/600 598/598/598 601/601/601
f 601/601/601 599/599/599 602/602/602
f 603/603/603 604/604/604 600/600/600
f 603/603/603 600/600/600 605/605/605
f 600/600/600 601/601/601 605/605/605
f 605/605/605 601/601/601 606/606/606
f 606/606/606 601/601/601 602/602/602
f 605/605/605 606/606/606 607/607/607
f 607/607/607 608/608/608 605/605/605
f 606/606/606 602/602/602 609/609/609
f 607/607/607 606/606/606 610/610/610
f 610/610/610 606/606/606 609/609/609
f 602/602/602 611/611/611 609/609/609
f 602/602/602 612/612/612 611/611/611
f 613/613/613 612/612/612 602/602/602
f 609/609/609 611/611/611 614/614/614
f 613/613/613 615/615/615 612/612/612
f 616/616/616 615/615/615 613/613/613
f 616/616/616 617/617/617 615/615/615
f 618/618/618 617/617/617 616/616/616
f 618/618/618 619/619/619 617/617/617
f 609/609/609 614/614/614 620/620/620
f 610/610/610 609/609/609 620/620/620
f 620/620/620 614/614/614 621/621/621
f 620/620/620 621/621/621 622/622/622
f 622/622/622 621/621/621 521/521/521
f 623/623/623 610/610/610 620/620/620
f 623/623/623 620/620/620 622/622/622
f 624/624/624 610/610/610 623/623/623
f 622/622/622 521/521/521 526/526/526
f 607/607/607 610/610/610 624/624/624
f 625/625/625 623/623/623 622/622/622
f 625/625/625 622/622/622 526/526/526
f 624/624/624 623/623/623 626/626/626
f 626/626/626 623/623/623 625/625/625
f 624/624/624 627/627/627 607/607/607
f 607/607/607 627/627/627 608/608/608
f 628/628/628 608/608/608 627/627/627
f 628/628/628 629/629/629 608/608/608
f 630/630/630 628/628/628 627/627/627
f 629/629/629 631/631/631 608/608/608
f 629/629/629 632/632/632 631/631/631
f 630/630/630 627/627/627 633/633/633
f 624/624/624 633/633/633 627/627/627
f 634/634/634 630/630/630 633/633/633
f 635/635/635 633/633/633 624/624/624
f 634/634/634 633/633/633 635/635/635
f 635/635/635 624/624/624 626/626/626
f 636/636/636 634/634/634 635/635/635
f 632/632/632 637/637/637 631/631/631
f 632/632/632 638/638/638 637/637/637
f 639/639/639 631/631/631 637/637/637
f 639/639/639 640/640/640 631/631/631
f 638/638/638 641/641/641 637/637/637
f 638/638/638 642/642/642 641/641/641
f 641/641/641 643/643/643 637/637/637
f 641/641/641 644/644/644 643/643/643
f 636/636/636 635/635/635 645/645/645
f 645/645/645 635/635/635 626/626/626
f 646/646/646 636/636/636 645/645/645
f 646/646/646 647/647/647 636/636/636
f 645/645/645 626/626/626 648/648/648
f 645/645/645 648/648/648 646/646/646
f 649/649/649 648/648/648 626/626/626
f 626/626/626 625/625/625 649/649/649
f 650/650/650 648/648/648 649/649/649
f 651/651/651 647/647/647 646/646/646
f 651/651/651 652/652/652 647/647/647
f 646/646/646 653/653/653 651/651/651
f 654/654/654 652/652/652 651/651/651
f 653/653/653 654/654/654 651/651/651
f 654/654/654 655/655/655 652/652/652
f 656/656/656 655/655/655 654/654/654
f 656/656/656 657/657/657 655/655/655
f 656/656/656 654/654/654 658/658/658
f 656/656/656 658/658/658 659/659/659
f 660/660/660 657/657/657 656/656/656
f 660/660/660 661/661/661 657/657/657
f 653/653/653 662/662/662 654/654/654
f 663/663/663 661/661/661 660/660/660
f 664/664/664 663/663/663 660/660/660
f 664/664/664 665/665/665 663/663/663
f 663/663/663 666/666/666 661/661/661
f 667/667/667 666/666/666 663/663/663
f 667/667/667 668/668/668 666/666/666
f 669/669/669 667/667/667 663/663/663
f 669/669/669 670/670/670 667/667/667
f 671/671/671 662/662/662 653/653/653
f 671/671/671 672/672/672 662/662/662
f 672/672/672 673/673/673 662/662/662
f 674/674/674 672/672/672 671/671/671
f 675/675/675 672/672/672 674/674/674
f 674/674/674 671/671/671 676/676/676
f 675/675/675 677/677/677 672/672/672
f 672/672/672 677/677/677 673/673/673
f 678/678/678 677/677/677 675/675/675
f 678/678/678 675/675/675 679/679/679
f 678/678/678 679/679/679 680/680/680
f 678/678/678 681/681/681 677/677/677
f 677/677/677 682/682/682 673/673/673
f 677/677/677 681/681/681 682/682/682
f 683/683/683 673/673/673 682/682/682
f 683/683/683 682/682/682 684/684/684
f 681/681/681 685/685/685 682/682/682
f 686/686/686 681/681/681 678/678/678
f 681/681/681 687/687/687 685/685/685
f 686/686/686 687/687/687 681/681/681
f 687/687/687 688/688/688 685/685/685
f 689/689/689 687/687/687 686/686/686
f 687/687/687 690/690/690 688/688/688
f 689/689/689 690/690/690 687/687/687
f 691/691/691 692/692/692 625/625/625
f 691/691/691 625/625/625 526/526/526
f 691/691/691 526/526/526 693/693/693
f 691/691/691 693/693/693 694/694/694
f 695/695/695 693/693/693 526/526/526
f 696/696/696 691/691/691 694/694/694
f 696/696/696 692/692/692 691/691/691
f 696/696/696 694/694/694 697/697/697
f 695/695/695 698/698/698 693/693/693
f 695/695/695 526/526/526 565/565/565
f 699/699/699 698/698/698 695/695/695
f 699/699/699 700/700/700 698/698/698
f 695/695/695 565/565/565 701/701/701
f 699/699/699 695/695/695 701/701/701
f 702/702/702 701/701/701 565/565/565
f 703/703/703 700/700/700 699/699/699
f 703/703/703 704/704/704 700/700/700
f 699/699/699 701/701/701 705/705/705
f 703/703/703 699/699/699 705/705/705
f 706/706/706 705/705/705 701/701/701
f 706/706/706 701/701/701 702/702/702
f 703/703/703 705/705/705 707/707/707
f 708/708/708 704/704/704 703/703/703
f 708/708/708 703/703/703 707/707/707
f 708/708/708 709/709/709 704/704/704
f 710/710/710 709/709/709 708/708/708
f 710/710/710 711/711/711 709/709/709
f 711/711/711 710/710/710 712/712/712
f 711/711/711 712/712/712 713/713/713
f 713/713/713 712/712/712 714/714/714
f 713/713/713 714/714/714 715/715/715
f 708/708/708 707/707/707 716/716/716
f 717/717/717 708/708/708 716/716/716
f 718/718/718 707/707/707 705/705/705
f 718/718/718 705/705/705 706/706/706
f 719/719/719 716/716/716 707/707/707
f 719/719/719 707/707/707 718/718/718
f 720/720/720 716/716/716 719/719/719
f 717/717/717 716/716/716 721/721/721
f 720/720/720 721/721/721 716/716/716
f 722/722/722 717/717/717 721/721/721
f 723/723/723 721/721/721 720/720/720
f 722/722/722 721/721/721 724/724/724
f 723/723/723 724/724/724 721/721/721
f 725/725/725 722/722/722 724/724/724
f 726/726/726 724/724/724 723/723/723
f 725/725/725 724/724/724 727/727/727
f 726/726/726 727/727/727 724/724/724
f 719/719/719 728/728/728 729/729/729
f 730/730/730 729/729/729 728/728/728
f 730/730/730 731/731/731 729/729/729
f 732/732/732 731/731/731 730/730/730
f 732/732/732 733/733/733 731/731/731
f 719/719/719 734/734/734 728/728/728
f 718/718/718 734/734/734 719/719/719
f 718/718/718 735/735/735 734/734/734
f 706/706/706 735/735/735 718/718/718
f 734/734/734 735/735/735 736/736/736
f 734/734/734 736/736/736 737/737/737
f 738/738/738 734/734/734 737/737/737
f 735/735/735 739/739/739 736/736/736
f 738/738/738 737/737/737 740/740/740
f 741/741/741 738/738/738 740/740/740
f 741/741/741 740/740/740 742/742/742
f 743/743/743 741/741/741 742/742/742
f 743/743/743 742/742/742 744/744/744
f 735/735/735 745/745/745 739/739/739
f 706/706/706 745/745/745 735/735/735
f 745/745/745 746/746/746 739/739/739
f 702/702/702 745/745/745 706/706/706
f 745/745/745 747/747/747 746/746/746
f 702/702/702 747/747/747 745/745/745
f 747/747/747 748/748/748 746/746/746
f 747/747/747 749/749/749 748/748/748
f 750/750/750 749/749/749 747/747/747
f 750/750/750 747/747/747 702/702/702
f 566/566/566 750/750/750 702/702/702
f 702/702/702 565/565/565 566/566/566
f 566/566/566 751/751/751 750/750/750
f 752/752/752 750/750/750 751/751/751
f 753/753/753 752/752/752 751/751/751
f 753/753/753 751/751/751 754/754/754
f 566/566/566 755/755/755 751/751/751
f 755/755/755 566/566/566 572/572/572
f 755/755/755 572/572/572 756/756/756
f 757/757/757 754/754/754 751/751/751
f 757/757/757 751/751/751 755/755/755
f 757/757/757 758/758/758 754/754/754
f 759/759/759 755/755/755 756/756/756
f 757/757/757 755/755/755 759/759/759
f 759/759/759 756/756/756 760/760/760
f 761/761/761 758/758/758 757/757/757
f 761/761/761 757/757/757 759/759/759
f 761/761/761 762/762/762 758/758/758
f 763/763/763 759/759/759 760/760/760
f 761/761/761 759/759/759 763/763/763
f 763/763/763 760/760/760 764/764/764
f 765/765/765 762/762/762 761/761/761
f 765/765/765 761/761/761 763/763/763
f 765/765/765 766/766/766 762/762/762
f 767/767/767 763/763/763 764/764/764
f 765/765/765 763/763/763 767/767/767
f 767/767/767 764/764/764 768/768/768
f 769/769/769 765/765/765 767/767/767
f 769/769/769 767/767/767 770/770/770
f 769/769/769 770/770/770 771/771/771
f 769/769/769 771/771/771 772/772/772
f 771/771/771 773/773/773 772/772/772
f 771/771/771 774/774/774 773/773/773
f 696/696/696 775/775/775 692/692/692
f 776/776/776 775/775/775 696/696/696
f 776/776/776 696/696/696 697/697/697
f 776/776/776 697/697/697 777/777/777
f 778/778/778 776/776/776 777/777/777
f 778/778/778 777/777/777 779/779/779
f 780/780/780 778/778/778 779/779/779
f 780/780/780 779/779/779 781/781/781
f 782/782/782 780/780/780 781/781/781
f 782/782/782 781/781/781 783/783/783
f 784/784/784 782/782/782 783/783/783
f 784/784/784 783/783/783 785/785/785
f 778/778/778 786/786/786 776/776/776
f 776/776/776 786/786/786 775/775/775
f 778/778/778 787/787/787 786/786/786
f 788/788/788 787/787/787 778/778/778
f 775/775/775 786/786/786 789/789/789
f 788/788/788 790/790/790 787/787/787
f 791/791/791 790/790/790 788/788/788
f 786/786/786 787/787/787 792/792/792
f 786/786/786 792/792/792 789/789/789
f 787/787/787 790/790/790 793/793/793
f 787/787/787 793/793/793 792/792/792
f 793/793/793 794/794/794 792/792/792
f 793/793/793 795/795/795 794/794/794
f 790/790/790 796/796/796 793/793/793
f 797/797/797 789/789/789 792/792/792
f 790/790/790 798/798/798 796/796/796
f 791/791/791 798/798/798 790/790/790
f 798/798/798 799/799/799 796/796/796
f 800/800/800 798/798/798 791/791/791
f 798/798/798 801/801/801 799/799/799
f 800/800/800 801/801/801 798/798/798
f 797/797/797 802/802/802 789/789/789
f 803/803/803 802/802/802 797/797/797
f 803/803/803 797/797/797 804/804/804
f 804/804/804 797/797/797 805/805/805
f 806/806/806 802/802/802 803/803/803
f 804/804/804 805/805/805 807/807/807
f 806/806/806 808/808/808 802/802/802
f 809/809/809 808/808/808 806/806/806
f 802/802/802 810/810/810 789/789/789
f 802/802/802 808/808/808 810/810/810
f 775/775/775 789/789/789 810/810/810
f 692/692/692 775/775/775 810/810/810
f 809/809/809 811/811/811 808/808/808
f 811/811/811 810/810/810 808/808/808
f 692/692/692 810/810/810 812/812/812
f 811/811/811 812/812/812 810/810/810
f 625/625/625 692/692/692 812/812/812
f 625/625/625 812/812/812 649/649/649
f 812/812/812 811/811/811 649/649/649
f 813/813/813 811/811/811 809/809/809
f 650/650/650 649/649/649 811/811/811
f 813/813/813 650/650/650 811/811/811
f 813/813/813 814/814/814 650/650/650
f 813/813/813 815/815/815 814/814/814
f 650/650/650 814/814/814 816/816/816
f 650/650/650 816/816/816 648/648/648
f 815/815/815 817/817/817 814/814/814
f 815/815/815 818/818/818 817/817/817
f 814/814/814 817/817/817 819/819/819
f 814/814/814 819/819/819 816/816/816
f 818/818/818 820/820/820 817/817/817
f 819/819/819 817/817/817 820/820/820
f 818/818/818 821/821/821 820/820/820
f 821/821/821 822/822/822 820/820/820
f 821/821/821 823/823/823 822/822/822
f 823/823/823 824/824/824 822/822/822
f 823/823/823 825/825/825 824/824/824
f 819/819/819 820/820/820 826/826/826
f 827/827/827 824/824/824 825/825/825
f 827/827/827 825/825/825 828/828/828
f 824/824/824 827/827/827 829/829/829
f 824/824/824 829/829/829 830/830/830
f 831/831/831 827/827/827 828/828/828
f 831/831/831 828/828/828 832/832/832
f 826/826/826 833/833/833 819/819/819
f 819/819/819 833/833/833 834/834/834
f 819/819/819 834/834/834 816/816/816
f 826/826/826 835/835/835 833/833/833
f 834/834/834 833/833/833 836/836/836
f 837/837/837 835/835/835 826/826/826
f 838/838/838 837/837/837 826/826/826
f 838/838/838 839/839/839 837/837/837
f 833/833/833 835/835/835 840/840/840
f 833/833/833 840/840/840 836/836/836
f 841/841/841 842/842/842 840/840/840
f 841/841/841 840/840/840 843/843/843
f 835/835/835 843/843/843 840/840/840
f 844/844/844 836/836/836 840/840/840
f 835/835/835 845/845/845 843/843/843
f 837/837/837 845/845/845 835/835/835
f 845/845/845 846/846/846 843/843/843
f 846/846/846 847/847/847 843/843/843
f 846/846/846 848/848/848 847/847/847
f 849/849/849 845/845/845 837/837/837
f 850/850/850 849/849/849 837/837/837
f 850/850/850 851/851/851 849/849/849
f 849/849/849 852/852/852 845/845/845
f 845/845/845 852/852/852 846/846/846
f 853/853/853 852/852/852 849/849/849
f 852/852/852 854/854/854 846/846/846
f 853/853/853 855/855/855 852/852/852
f 852/852/852 855/855/855 854/854/854
f 856/856/856 855/855/855 853/853/853
f 857/857/857 856/856/856 853/853/853
f 857/857/857 858/858/858 856/856/856
f 856/856/856 859/859/859 855/855/855
f 855/855/855 859/859/859 860/860/860
f 855/855/855 860/860/860 854/854/854
f 861/861/861 854/854/854 860/860/860
f 861/861/861 862/862/862 854/854/854
f 816/816/816 834/834/834 863/863/863
f 816/816/816 863/863/863 864/864/864
f 864/864/864 648/648/648 816/816/816
f 864/864/864 646/646/646 648/648/648
f 864/864/864 865/865/865 646/646/646
f 863/863/863 865/865/865 864/864/864
f 646/646/646 865/865/865 653/653/653
f 866/866/866 653/653/653 865/865/865
f 863/863/863 866/866/866 865/865/865
f 866/866/866 671/671/671 653/653/653
f 676/676/676 671/671/671 866/866/866
f 867/867/867 866/866/866 863/863/863
f 676/676/676 866/866/866 867/867/867
f 867/867/867 863/863/863 868/868/868
f 867/867/867 868/868/868 869/869/869
f 863/863/863 870/870/870 868/868/868
f 863/863/863 834/834/834 870/870/870
f 870/870/870 871/871/871 868/868/868
f 834/834/834 836/836/836 870/870/870
f 870/870/870 872/872/872 871/871/871
f 836/836/836 872/872/872 870/870/870
f 872/872/872 873/873/873 871/871/871
f 872/872/872 874/874/874 873/873/873
f 836/836/836 875/875/875 872/872/872
f 875/875/875 874/874/874 872/872/872
f 844/844/844 875/875/875 836/836/836
f 875/875/875 876/876/876 874/874/874
f 844/844/844 876/876/876 875/875/875
f 844/844/844 877/877/877 876/876/876
f 878/878/878 877/877/877 844/844/844
f 878/878/878 879/879/879 877/877/877
f 880/880/880 879/879/879 878/878/878
f 880/880/880 881/881/881 879/879/879
f 881/881/881 880/880/880 882/882/882
f 882/882/882 880/880/880 883/883/883
f 882/882/882 883/883/883 884/884/884
f 881/881/881 882/882/882 885/885/885
f 885/885/885 882/882/882 886/886/886
f 885/885/885 886/886/886 887/887/887
f 888/888/888 889/889/889 890/890/890
f 888/888/888 890/890/890 891/891/891
f 892/892/892 888/888/888 891/891/891
f 892/892/892 891/891/891 869/869/869
f 867/867/867 869/869/869 891/891/891
f 676/676/676 867/867/867 891/891/891
f 676/676/676 891/891/891 890/890/890
f 889/889/889 893/893/893 890/890/890
f 893/893/893 676/676/676 890/890/890
f 893/893/893 674/674/674 676/676/676
f 889/889/889 894/894/894 893/893/893
f 894/894/894 895/895/895 893/893/893
f 896/896/896 893/893/893 895/895/895
f 896/896/896 895/895/895 897/897/897
f 894/894/894 898/898/898 895/895/895
f 898/898/898 899/899/899 895/895/895
f 898/898/898 900/900/900 899/899/899
f 901/901/901 902/902/902 899/899/899
f 901/901/901 899/899/899 903/903/903
f 900/900/900 903/903/903 899/899/899
f 900/900/900 904/904/904 903/903/903
f 904/904/904 905/905/905 903/903/903
f 904/904/904 906/906/906 905/905/905
f 905/905/905 907/907/907 903/903/903
f 905/905/905 908/908/908 907/907/907
f 807/807/807 805/805/805 909/909/909
f 909/909/909 805/805/805 910/910/910
f 909/909/909 910/910/910 911/911/911
f 807/807/807 909/909/909 912/912/912
f 912/912/912 909/909/909 913/913/913
f 912/912/912 913/913/913 914/914/914
f 913/913/913 909/909/909 915/915/915
f 913/913/913 915/915/915 916/916/916
f 917/917/917 918/918/918 919/919/919
f 917/917/917 919/919/919 920/920/920
f 917/917/917 920/920/920 921/921/921
f 917/917/917 921/921/921 922/922/922
f 922/922/922 921/921/921 923/923/923
f 922/922/922 923/923/923 924/924/924
f 925/925/925 926/926/926 927/927/927
f 925/925/925 927/927/927 928/928/928
f 929/929/929 925/925/925 928/928/928
f 929/929/929 928/928/928 930/930/930
f 931/931/931 929/929/929 930/930/930
f 931/931/931 930/930/930 932/932/932
f 933/933/933 934/934/934 935/935/935
f 933/933/933 935/935/935 936/936/936
f 937/937/937 935/935/935 934/934/934
f 937/937/937 938/938/938 935/935/935
f 939/939/939 937/937/937 934/934/934
f 940/940/940 938/938/938 937/937/937
f 940/940/940 941/941/941 938/938/938
f 942/942/942 940/940/940 937/937/937
f 942/942/942 937/937/937 939/939/939
f 943/943/943 941/941/941 940/940/940
f 942/942/942 943/943/943 940/940/940
f 943/943/943 944/944/944 941/941/941
f 945/945/945 944/944/944 943/943/943
f 945/945/945 946/946/946 944/944/944
f 947/947/947 945/945/945 943/943/943
f 942/942/942 947/947/947 943/943/943
f 948/948/948 946/946/946 945/945/945
f 948/948/948 949/949/949 946/946/946
f 947/947/947 950/950/950 945/945/945
f 951/951/951 949/949/949 948/948/948
f 951/951/951 952/952/952 949/949/949
f 948/948/948 953/953/953 951/951/951
f 948/948/948 954/954/954 953/953/953
f 955/955/955 952/952/952 951/951/951
f 955/955/955 956/956/956 952/952/952
f 955/955/955 951/951/951 957/957/957
f 955/955/955 957/957/957 958/958/958
f 947/947/947 942/942/942 959/959/959
f 950/950/950 947/947/947 960/960/960
f 947/947/947 959/959/959 960/960/960
f 942/942/942 961/961/961 959/959/959
f 942/942/942 939/939/939 961/961/961
f 962/962/962 959/959/959 961/961/961
f 963/963/963 960/960/960 959/959/959
f 963/963/963 959/959/959 962/962/962
f 964/964/964 960/960/960 963/963/963
f 950/950/950 960/960/960 965/965/965
f 964/964/964 965/965/965 960/960/960
f 966/966/966 950/950/950 965/965/965
f 966/966/966 967/967/967 950/950/950
f 966/966/966 968/968/968 967/967/967
f 966/966/966 965/965/965 969/969/969
f 970/970/970 966/966/966 969/969/969
f 971/971/971 965/965/965 964/964/964
f 971/971/971 969/969/969 965/965/965
f 971/971/971 964/964/964 972/972/972
f 971/971/971 972/972/972 973/973/973
f 974/974/974 969/969/969 971/971/971
f 970/970/970 969/969/969 975/975/975
f 974/974/974 975/975/975 969/969/969
f 976/976/976 970/970/970 975/975/975
f 977/977/977 975/975/975 974/974/974
f 976/976/976 975/975/975 978/978/978
f 977/977/977 978/978/978 975/975/975
f 963/963/963 979/979/979 964/964/964
f 963/963/963 980/980/980 979/979/979
f 962/962/962 980/980/980 963/963/963
f 979/979/979 980/980/980 981/981/981
f 979/979/979 981/981/981 982/982/982
f 983/983/983 979/979/979 982/982/982
f 980/980/980 984/984/984 981/981/981
f 983/983/983 982/982/982 985/985/985
f 980/980/980 986/986/986 984/984/984
f 962/962/962 986/986/986 980/980/980
f 986/986/986 987/987/987 984/984/984
f 988/988/988 983/983/983 985/985/985
f 986/986/986 989/989/989 987/987/987
f 962/962/962 989/989/989 986/986/986
f 988/988/988 990/990/990 983/983/983
f 988/988/988 991/991/991 990/990/990
f 988/988/988 985/985/985 992/992/992
f 988/988/988 992/992/992 993/993/993
f 988/988/988 993/993/993 994/994/994
f 994/994/994 995/995/995 988/988/988
f 994/994/994 996/996/996 995/995/995
f 989/989/989 997/997/997 987/987/987
f 962/962/962 998/998/998 989/989/989
f 962/962/962 961/961/961 998/998/998
f 989/989/989 999/999/999 997/997/997
f 998/998/998 961/961/961 1000/1000/1000
f 998/998/998 1001/1001/1001 989/989/989
f 998/998/998 1000/1000/1000 1001/1001/1001
f 1001/1001/1001 999/999/999 989/989/989
f 939/939/939 1000/1000/1000 961/961/961
f 1002/1002/1002 997/997/997 999/999/999
f 1002/1002/1002 1003/1003/1003 997/997/997
f 1001/1001/1001 1004/1004/1004 999/999/999
f 1005/1005/1005 1003/1003/1003 1002/1002/1002
f 1005/1005/1005 1006/1006/1006 1003/1003/1003
f 1001/1001/1001 1007/1007/1007 1004/1004/1004
f 1007/1007/1007 1001/1001/1001 1000/1000/1000
f 999/999/999 1004/1004/1004 1008/1008/1008
f 1009/1009/1009 1006/1006/1006 1005/1005/1005
f 1009/1009/1009 1010/1010/1010 1006/1006/1006
f 1009/1009/1009 1005/1005/1005 1011/1011/1011
f 1002/1002/1002 1011/1011/1011 1005/1005/1005
f 1012/1012/1012 1010/1010/1010 1009/1009/1009
f 1012/1012/1012 1013/1013/1013 1010/1010/1010
f 1014/1014/1014 1012/1012/1012 1009/1009/1009
f 1014/1014/1014 1015/1015/1015 1012/1012/1012
f 1016/1016/1016 1013/1013/1013 1012/1012/1012
f 1016/1016/1016 1017/1017/1017 1013/1013/1013
f 1009/1009/1009 1011/1011/1011 1018/1018/1018
f 1019/1019/1019 1017/1017/1017 1016/1016/1016
f 1019/1019/1019 1020/1020/1020 1017/1017/1017
f 1016/1016/1016 1021/1021/1021 1019/1019/1019
f 1016/1016/1016 1022/1022/1022 1021/1021/1021
f 1023/1023/1023 1020/1020/1020 1019/1019/1019
f 1023/1023/1023 1024/1024/1024 1020/1020/1020
f 1023/1023/1023 1019/1019/1019 1025/1025/1025
f 1023/1023/1023 1025/1025/1025 1026/1026/1026
f 1018/1018/1018 1011/1011/1011 1027/1027/1027
f 1018/1018/1018 1027/1027/1027 1028/1028/1028
f 1029/1029/1029 1018/1018/1018 1028/1028/1028
f 1030/1030/1030 1028/1028/1028 1027/1027/1027
f 1031/1031/1031 1028/1028/1028 1030/1030/1030
f 1030/1030/1030 1027/1027/1027 1032/1032/1032
f 1031/1031/1031 1033/1033/1033 1028/1028/1028
f 1029/1029/1029 1028/1028/1028 1033/1033/1033
f 1034/1034/1034 1033/1033/1033 1031/1031/1031
f 1035/1035/1035 1034/1034/1034 1031/1031/1031
f 1035/1035/1035 1036/1036/1036 1034/1034/1034
f 1037/1037/1037 1029/1029/1029 1033/1033/1033
f 1038/1038/1038 1029/1029/1029 1037/1037/1037
f 1038/1038/1038 1037/1037/1037 1039/1039/1039
f 1037/1037/1037 1033/1033/1033 1040/1040/1040
f 1034/1034/1034 1040/1040/1040 1033/1033/1033
f 1041/1041/1041 1037/1037/1037 1040/1040/1040
f 1042/1042/1042 1040/1040/1040 1034/1034/1034
f 1041/1041/1041 1040/1040/1040 1043/1043/1043
f 1042/1042/1042 1043/1043/1043 1040/1040/1040
f 1044/1044/1044 1041/1041/1041 1043/1043/1043
f 1045/1045/1045 1043/1043/1043 1042/1042/1042
f 1044/1044/1044 1043/1043/1043 1046/1046/1046
f 1045/1045/1045 1046/1046/1046 1043/1043/1043
f 1047/1047/1047 933/933/933 936/936/936
f 1047/1047/1047 936/936/936 1048/1048/1048
f 1049/1049/1049 1047/1047/1047 1048/1048/1048
f 1049/1049/1049 1048/1048/1048 1050/1050/1050
f 1049/1049/1049 1051/1051/1051 1047/1047/1047
f 933/933/933 1047/1047/1047 1051/1051/1051
f 1052/1052/1052 1049/1049/1049 1050/1050/1050
f 1052/1052/1052 1050/1050/1050 1053/1053/1053
f 1054/1054/1054 1052/1052/1052 1053/1053/1053
f 1054/1054/1054 1053/1053/1053 1055/1055/1055
f 1056/1056/1056 1049/1049/1049 1052/1052/1052
f 1049/1049/1049 1056/1056/1056 1051/1051/1051
f 1056/1056/1056 1052/1052/1052 1057/1057/1057
f 1058/1058/1058 1054/1054/1054 1055/1055/1055
f 1058/1058/1058 1059/1059/1059 1054/1054/1054
f 1058/1058/1058 1060/1060/1060 1059/1059/1059
f 1058/1058/1058 1055/1055/1055 1061/1061/1061
f 1062/1062/1062 1058/1058/1058 1061/1061/1061
f 1062/1062/1062 1061/1061/1061 1063/1063/1063
f 1062/1062/1062 1064/1064/1064 1058/1058/1058
f 1062/1062/1062 1065/1065/1065 1064/1064/1064
f 1056/1056/1056 1066/1066/1066 1051/1051/1051
f 1057/1057/1057 1067/1067/1067 1056/1056/1056
f 1056/1056/1056 1067/1067/1067 1066/1066/1066
f 1057/1057/1057 1068/1068/1068 1067/1067/1067
f 1051/1051/1051 1066/1066/1066 1069/1069/1069
f 1070/1070/1070 1068/1068/1068 1057/1057/1057
f 1071/1071/1071 1070/1070/1070 1057/1057/1057
f 1071/1071/1071 1072/1072/1072 1070/1070/1070
f 1073/1073/1073 1067/1067/1067 1068/1068/1068
f 1074/1074/1074 1073/1073/1073 1068/1068/1068
f 1073/1073/1073 1075/1075/1075 1067/1067/1067
f 1075/1075/1075 1066/1066/1066 1067/1067/1067
f 1075/1075/1075 1073/1073/1073 1076/1076/1076
f 1070/1070/1070 1077/1077/1077 1068/1068/1068
f 1074/1074/1074 1068/1068/1068 1077/1077/1077
f 1078/1078/1078 1077/1077/1077 1070/1070/1070
f 1079/1079/1079 1074/1074/1074 1077/1077/1077
f 1080/1080/1080 1074/1074/1074 1079/1079/1079
f 1080/1080/1080 1079/1079/1079 1081/1081/1081
f 1079/1079/1079 1077/1077/1077 1082/1082/1082
f 1078/1078/1078 1082/1082/1082 1077/1077/1077
f 1083/1083/1083 1079/1079/1079 1082/1082/1082
f 1084/1084/1084 1082/1082/1082 1078/1078/1078
f 1083/1083/1083 1082/1082/1082 1085/1085/1085
f 1084/1084/1084 1085/1085/1085 1082/1082/1082
f 1075/1075/1075 1086/1086/1086 1066/1066/1066
f 1086/1086/1086 1069/1069/1069 1066/1066/1066
f 1087/1087/1087 1086/1086/1086 1075/1075/1075
f 1075/1075/1075 1076/1076/1076 1087/1087/1087
f 1086/1086/1086 1088/1088/1088 1069/1069/1069
f 1076/1076/1076 1089/1089/1089 1087/1087/1087
f 1076/1076/1076 1090/1090/1090 1089/1089/1089
f 1087/1087/1087 1089/1089/1089 1091/1091/1091
f 1092/1092/1092 1090/1090/1090 1076/1076/1076
f 1092/1092/1092 1076/1076/1076 1093/1093/1093
f 1092/1092/1092 1093/1093/1093 1094/1094/1094
f 1092/1092/1092 1095/1095/1095 1090/1090/1090
f 1096/1096/1096 1095/1095/1095 1092/1092/1092
f 1096/1096/1096 1097/1097/1097 1095/1095/1095
f 1098/1098/1098 1097/1097/1097 1096/1096/1096
f 1098/1098/1098 1099/1099/1099 1097/1097/1097
f 1098/1098/1098 1096/1096/1096 1100/1100/1100
f 1098/1098/1098 1100/1100/1100 1101/1101/1101
f 1087/1087/1087 1091/1091/1091 1102/1102/1102
f 1087/1087/1087 1102/1102/1102 1086/1086/1086
f 1102/1102/1102 1091/1091/1091 1103/1103/1103
f 1102/1102/1102 1088/1088/1088 1086/1086/1086
f 1102/1102/1102 1103/1103/1103 1104/1104/1104
f 1102/1102/1102 1104/1104/1104 1088/1088/1088
f 1104/1104/1104 1103/1103/1103 1105/1105/1105
f 1104/1104/1104 1106/1106/1106 1088/1088/1088
f 1104/1104/1104 1105/1105/1105 1106/1106/1106
f 1106/1106/1106 1107/1107/1107 1088/1088/1088
f 1108/1108/1108 1106/1106/1106 1105/1105/1105
f 1108/1108/1108 1105/1105/1105 1109/1109/1109
f 1110/1110/1110 1108/1108/1108 1109/1109/1109
f 1110/1110/1110 1109/1109/1109 1111/1111/1111
f 1112/1112/1112 1106/1106/1106 1108/1108/1108
f 1113/1113/1113 1110/1110/1110 1111/1111/1111
f 1113/1113/1113 1111/1111/1111 1114/1114/1114
f 1115/1115/1115 1108/1108/1108 1110/1110/1110
f 1115/1115/1115 1112/1112/1112 1108/1108/1108
f 1116/1116/1116 1110/1110/1110 1113/1113/1113
f 1115/1115/1115 1110/1110/1110 1116/1116/1116
f 1117/1117/1117 1113/1113/1113 1114/1114/1114
f 1117/1117/1117 1114/1114/1114 1118/1118/1118
f 1119/1119/1119 1117/1117/1117 1118/1118/1118
f 1119/1119/1119 1118/1118/1118 1120/1120/1120
f 1121/1121/1121 1119/1119/1119 1120/1120/1120
f 1121/1121/1121 1120/1120/1120 1122/1122/1122
f 1121/1121/1121 1122/1122/1122 1123/1123/1123
f 1121/1121/1121 1123/1123/1123 1124/1124/1124
f 1125/1125/1125 1113/1113/1113 1117/1117/1117
f 1116/1116/1116 1113/1113/1113 1125/1125/1125
f 1125/1125/1125 1117/1117/1117 1126/1126/1126
f 1125/1125/1125 1127/1127/1127 1116/1116/1116
f 1125/1125/1125 1128/1128/1128 1127/1127/1127
f 1126/1126/1126 1128/1128/1128 1125/1125/1125
f 1116/1116/1116 1127/1127/1127 1129/1129/1129
f 1116/1116/1116 1129/1129/1129 1115/1115/1115
f 1115/1115/1115 1129/1129/1129 1130/1130/1130
f 1126/1126/1126 1131/1131/1131 1128/1128/1128
f 1115/1115/1115 1130/1130/1130 1112/1112/1112
f 1126/1126/1126 1132/1132/1132 1133/1133/1133
f 1126/1126/1126 1133/1133/1133 1134/1134/1134
f 1134/1134/1134 1131/1131/1131 1126/1126/1126
f 1134/1134/1134 1135/1135/1135 1131/1131/1131
f 1136/1136/1136 1134/1134/1134 1137/1137/1137
f 1136/1136/1136 1138/1138/1138 1134/1134/1134
f 1138/1138/1138 1135/1135/1135 1134/1134/1134
f 1138/1138/1138 1139/1139/1139 1135/1135/1135
f 1140/1140/1140 1139/1139/1139 1138/1138/1138
f 1140/1140/1140 1141/1141/1141 1139/1139/1139
f 1142/1142/1142 1140/1140/1140 1138/1138/1138
f 1142/1142/1142 1138/1138/1138 1143/1143/1143
f 1144/1144/1144 1112/1112/1112 1130/1130/1130
f 1144/1144/1144 1130/1130/1130 1145/1145/1145
f 1112/1112/1112 1144/1144/1144 1146/1146/1146
f 1112/1112/1112 1146/1146/1146 1106/1106/1106
f 1106/1106/1106 1146/1146/1146 1107/1107/1107
f 1144/1144/1144 1147/1147/1147 1146/1146/1146
f 1107/1107/1107 1146/1146/1146 1147/1147/1147
f 1148/1148/1148 1144/1144/1144 1145/1145/1145
f 1148/1148/1148 1145/1145/1145 1149/1149/1149
f 1150/1150/1150 1148/1148/1148 1149/1149/1149
f 1150/1150/1150 1149/1149/1149 1151/1151/1151
f 1152/1152/1152 1150/1150/1150 1151/1151/1151
f 1152/1152/1152 1151/1151/1151 1153/1153/1153
f 1150/1150/1150 1152/1152/1152 1154/1154/1154
f 1148/1148/1148 1150/1150/1150 1155/1155/1155
f 1150/1150/1150 1154/1154/1154 1155/1155/1155
f 1156/1156/1156 1144/1144/1144 1148/1148/1148
f 1148/1148/1148 1155/1155/1155 1156/1156/1156
f 1156/1156/1156 1157/1157/1157 1144/1144/1144
f 1144/1144/1144 1157/1157/1157 1147/1147/1147
f 1158/1158/1158 1156/1156/1156 1155/1155/1155
f 1159/1159/1159 1155/1155/1155 1154/1154/1154
f 1159/1159/1159 1158/1158/1158 1155/1155/1155
f 1160/1160/1160 1159/1159/1159 1154/1154/1154
f 1160/1160/1160 1154/1154/1154 1161/1161/1161
f 1162/1162/1162 1158/1158/1158 1159/1159/1159
f 1162/1162/1162 1159/1159/1159 1163/1163/1163
f 1163/1163/1163 1164/1164/1164 1162/1162/1162
f 1163/1163/1163 1165/1165/1165 1164/1164/1164
f 1162/1162/1162 1164/1164/1164 1166/1166/1166
f 1162/1162/1162 1166/1166/1166 1167/1167/1167
f 1167/1167/1167 1158/1158/1158 1162/1162/1162
f 1167/1167/1167 1166/1166/1166 1168/1168/1168
f 1158/1158/1158 1169/1169/1169 1156/1156/1156
f 1167/1167/1167 1169/1169/1169 1158/1158/1158
f 1169/1169/1169 1157/1157/1157 1156/1156/1156
f 1167/1167/1167 1168/1168/1168 1170/1170/1170
f 1170/1170/1170 1169/1169/1169 1167/1167/1167
f 1170/1170/1170 1168/1168/1168 1171/1171/1171
f 1170/1170/1170 1171/1171/1171 1172/1172/1172
f 1170/1170/1170 1173/1173/1173 1169/1169/1169
f 1169/1169/1169 1173/1173/1173 1157/1157/1157
f 1172/1172/1172 1173/1173/1173 1170/1170/1170
f 1172/1172/1172 1174/1174/1174 1173/1173/1173
f 1147/1147/1147 1157/1157/1157 1173/1173/1173
f 1147/1147/1147 1173/1173/1173 1174/1174/1174
f 1147/1147/1147 1174/1174/1174 1175/1175/1175
f 1175/1175/1175 1174/1174/1174 1176/1176/1176
f 1147/1147/1147 1175/1175/1175 1177/1177/1177
f 1107/1107/1107 1147/1147/1147 1177/1177/1177
f 1175/1175/1175 1176/1176/1176 1178/1178/1178
f 1178/1178/1178 1176/1176/1176 1179/1179/1179
f 1178/1178/1178 1179/1179/1179 1180/1180/1180
f 1181/1181/1181 1178/1178/1178 1180/1180/1180
f 1181/1181/1181 1175/1175/1175 1178/1178/1178
f 1181/1181/1181 1180/1180/1180 1182/1182/1182
f 1181/1181/1181 1183/1183/1183 1175/1175/1175
f 1177/1177/1177 1175/1175/1175 1183/1183/1183
f 1184/1184/1184 1181/1181/1181 1182/1182/1182
f 1184/1184/1184 1183/1183/1183 1181/1181/1181
f 1184/1184/1184 1182/1182/1182 1185/1185/1185
f 1186/1186/1186 1184/1184/1184 1185/1185/1185
f 1186/1186/1186 1185/1185/1185 1187/1187/1187
f 1184/1184/1184 1188/1188/1188 1183/1183/1183
f 1188/1188/1188 1184/1184/1184 1186/1186/1186
f 1188/1188/1188 1186/1186/1186 1189/1189/1189
f 1190/1190/1190 1186/1186/1186 1187/1187/1187
f 1190/1190/1190 1191/1191/1191 1186/1186/1186
f 1190/1190/1190 1192/1192/1192 1191/1191/1191
f 1190/1190/1190 1187/1187/1187 1193/1193/1193
f 1194/1194/1194 1190/1190/1190 1193/1193/1193
f 1194/1194/1194 1195/1195/1195 1190/1190/1190
f 1194/1194/1194 1196/1196/1196 1195/1195/1195
f 1194/1194/1194 1193/1193/1193 1197/1197/1197
f 1198/1198/1198 1194/1194/1194 1197/1197/1197
f 1198/1198/1198 1197/1197/1197 1199/1199/1199
f 1198/1198/1198 1200/1200/1200 1194/1194/1194
f 1198/1198/1198 1201/1201/1201 1200/1200/1200
f 1202/1202/1202 1188/1188/1188 1189/1189/1189
f 1203/1203/1203 1188/1188/1188 1202/1202/1202
f 1203/1203/1203 1183/1183/1183 1188/1188/1188
f 1177/1177/1177 1183/1183/1183 1203/1203/1203
f 1202/1202/1202 1189/1189/1189 1204/1204/1204
f 1204/1204/1204 1189/1189/1189 1205/1205/1205
f 1206/1206/1206 1177/1177/1177 1203/1203/1203
f 1206/1206/1206 1107/1107/1107 1177/1177/1177
f 1207/1207/1207 1203/1203/1203 1202/1202/1202
f 1206/1206/1206 1203/1203/1203 1207/1207/1207
f 1208/1208/1208 1202/1202/1202 1204/1204/1204
f 1207/1207/1207 1202/1202/1202 1208/1208/1208
f 1204/1204/1204 1205/1205/1205 1209/1209/1209
f 1210/1210/1210 1209/1209/1209 1205/1205/1205
f 1211/1211/1211 1204/1204/1204 1209/1209/1209
f 1211/1211/1211 1209/1209/1209 1212/1212/1212
f 1210/1210/1210 1213/1213/1213 1209/1209/1209
f 1214/1214/1214 1213/1213/1213 1210/1210/1210
f 1214/1214/1214 1215/1215/1215 1213/1213/1213
f 1216/1216/1216 1213/1213/1213 1215/1215/1215
f 1216/1216/1216 1215/1215/1215 1217/1217/1217
f 1208/1208/1208 1204/1204/1204 1218/1218/1218
f 1218/1218/1218 1219/1219/1219 1208/1208/1208
f 1208/1208/1208 1220/1220/1220 1207/1207/1207
f 1208/1208/1208 1219/1219/1219 1220/1220/1220
f 1218/1218/1218 1221/1221/1221 1219/1219/1219
f 1207/1207/1207 1220/1220/1220 1222/1222/1222
f 1207/1207/1207 1222/1222/1222 1206/1206/1206
f 1223/1223/1223 1221/1221/1221 1218/1218/1218
f 1224/1224/1224 1222/1222/1222 1220/1220/1220
f 1223/1223/1223 1225/1225/1225 1226/1226/1226
f 1223/1223/1223 1226/1226/1226 1227/1227/1227
f 1223/1223/1223 1228/1228/1228 1221/1221/1221
f 1227/1227/1227 1228/1228/1228 1223/1223/1223
f 1229/1229/1229 1221/1221/1221 1228/1228/1228
f 1227/1227/1227 1230/1230/1230 1228/1228/1228
f 1231/1231/1231 1230/1230/1230 1227/1227/1227
f 1231/1231/1231 1232/1232/1232 1230/1230/1230
f 1233/1233/1233 1230/1230/1230 1232/1232/1232
f 1234/1234/1234 1228/1228/1228 1230/1230/1230
f 1233/1233/1233 1234/1234/1234 1230/1230/1230
f 1234/1234/1234 1229/1229/1229 1228/1228/1228
f 1233/1233/1233 1235/1235/1235 1234/1234/1234
f 1233/1233/1233 1236/1236/1236 1235/1235/1235
f 1229/1229/1229 1237/1237/1237 1238/1238/1238
f 1229/1229/1229 1238/1238/1238 1239/1239/1239
f 1229/1229/1229 1239/1239/1239 1221/1221/1221
f 1239/1239/1239 1219/1219/1219 1221/1221/1221
f 1239/1239/1239 1240/1240/1240 1219/1219/1219
f 1240/1240/1240 1220/1220/1220 1219/1219/1219
f 1239/1239/1239 1241/1241/1241 1240/1240/1240
f 1240/1240/1240 1224/1224/1224 1220/1220/1220
f 1224/1224/1224 1240/1240/1240 1241/1241/1241
f 1239/1239/1239 1242/1242/1242 1241/1241/1241
f 1242/1242/1242 1243/1243/1243 1241/1241/1241
f 1242/1242/1242 1244/1244/1244 1243/1243/1243
f 1241/1241/1241 1243/1243/1243 1245/1245/1245
f 1246/1246/1246 1244/1244/1244 1242/1242/1242
f 1246/1246/1246 1247/1247/1247 1244/1244/1244
f 1241/1241/1241 1245/1245/1245 1248/1248/1248
f 1224/1224/1224 1241/1241/1241 1248/1248/1248
f 1248/1248/1248 1245/1245/1245 1249/1249/1249
f 1247/1247/1247 1246/1246/1246 1250/1250/1250
f 1247/1247/1247 1250/1250/1250 1251/1251/1251
f 1252/1252/1252 1250/1250/1250 1246/1246/1246
f 1252/1252/1252 1246/1246/1246 1253/1253/1253
f 1251/1251/1251 1250/1250/1250 1254/1254/1254
f 1251/1251/1251 1254/1254/1254 1255/1255/1255
f 1248/1248/1248 1249/1249/1249 1256/1256/1256
f 1224/1224/1224 1248/1248/1248 1256/1256/1256
f 1256/1256/1256 1249/1249/1249 1257/1257/1257
f 1224/1224/1224 1256/1256/1256 1258/1258/1258
f 1224/1224/1224 1258/1258/1258 1222/1222/1222
f 1256/1256/1256 1257/1257/1257 1259/1259/1259
f 1258/1258/1258 1256/1256/1256 1259/1259/1259
f 1260/1260/1260 1259/1259/1259 1257/1257/1257
f 1260/1260/1260 1257/1257/1257 1261/1261/1261
f 1258/1258/1258 1259/1259/1259 1262/1262/1262
f 1258/1258/1258 1263/1263/1263 1222/1222/1222
f 1206/1206/1206 1222/1222/1222 1263/1263/1263
f 1206/1206/1206 1263/1263/1263 1107/1107/1107
f 1088/1088/1088 1107/1107/1107 1263/1263/1263
f 1088/1088/1088 1263/1263/1263 1069/1069/1069
f 1258/1258/1258 1264/1264/1264 1263/1263/1263
f 1264/1264/1264 1258/1258/1258 1262/1262/1262
f 1265/1265/1265 1069/1069/1069 1263/1263/1263
f 1265/1265/1265 1263/1263/1263 1264/1264/1264
f 1051/1051/1051 1069/1069/1069 1265/1265/1265
f 933/933/933 1051/1051/1051 1265/1265/1265
f 933/933/933 1265/1265/1265 1264/1264/1264
f 933/933/933 1264/1264/1264 1262/1262/1262
f 934/934/934 933/933/933 1262/1262/1262
f 939/939/939 934/934/934 1262/1262/1262
f 1266/1266/1266 939/939/939 1262/1262/1262
f 1266/1266/1266 1262/1262/1262 1259/1259/1259
f 939/939/939 1266/1266/1266 1000/1000/1000
f 1266/1266/1266 1259/1259/1259 1260/1260/1260
f 1267/1267/1267 1000/1000/1000 1266/1266/1266
f 1267/1267/1267 1266/1266/1266 1260/1260/1260
f 1267/1267/1267 1268/1268/1268 1000/1000/1000
f 1260/1260/1260 1269/1269/1269 1267/1267/1267
f 1269/1269/1269 1268/1268/1268 1267/1267/1267
f 1007/1007/1007 1000/1000/1000 1268/1268/1268
f 1260/1260/1260 1270/1270/1270 1269/1269/1269
f 1270/1270/1270 1260/1260/1260 1261/1261/1261
f 1270/1270/1270 1261/1261/1261 1271/1271/1271
f 1272/1272/1272 1270/1270/1270 1271/1271/1271
f 1269/1269/1269 1270/1270/1270 1272/1272/1272
f 1272/1272/1272 1271/1271/1271 1273/1273/1273
f 1274/1274/1274 1272/1272/1272 1273/1273/1273
f 1274/1274/1274 1273/1273/1273 1275/1275/1275
f 1276/1276/1276 1274/1274/1274 1275/1275/1275
f 1276/1276/1276 1275/1275/1275 1277/1277/1277
f 1278/1278/1278 1272/1272/1272 1274/1274/1274
f 1269/1269/1269 1272/1272/1272 1278/1278/1278
f 1278/1278/1278 1274/1274/1274 1279/1279/1279
f 1280/1280/1280 1276/1276/1276 1277/1277/1277
f 1281/1281/1281 1276/1276/1276 1280/1280/1280
f 1281/1281/1281 1280/1280/1280 1282/1282/1282
f 1280/1280/1280 1277/1277/1277 1283/1283/1283
f 1284/1284/1284 1280/1280/1280 1283/1283/1283
f 1284/1284/1284 1283/1283/1283 1285/1285/1285
f 1286/1286/1286 1280/1280/1280 1284/1284/1284
f 1286/1286/1286 1284/1284/1284 1287/1287/1287
f 1278/1278/1278 1288/1288/1288 1269/1269/1269
f 1269/1269/1269 1288/1288/1288 1268/1268/1268
f 1278/1278/1278 1289/1289/1289 1288/1288/1288
f 1279/1279/1279 1289/1289/1289 1278/1278/1278
f 1290/1290/1290 1268/1268/1268 1288/1288/1288
f 1290/1290/1290 1007/1007/1007 1268/1268/1268
f 1291/1291/1291 1288/1288/1288 1289/1289/1289
f 1291/1291/1291 1290/1290/1290 1288/1288/1288
f 1279/1279/1279 1292/1292/1292 1289/1289/1289
f 1293/1293/1293 1291/1291/1291 1289/1289/1289
f 1293/1293/1293 1289/1289/1289 1292/1292/1292
f 1293/1293/1293 1294/1294/1294 1291/1291/1291
f 1290/1290/1290 1291/1291/1291 1294/1294/1294
f 1295/1295/1295 1292/1292/1292 1279/1279/1279
f 1295/1295/1295 1279/1279/1279 1296/1296/1296
f 1295/1295/1295 1296/1296/1296 1297/1297/1297
f 1295/1295/1295 1298/1298/1298 1292/1292/1292
f 1299/1299/1299 1298/1298/1298 1295/1295/1295
f 1300/1300/1300 1293/1293/1293 1292/1292/1292
f 1300/1300/1300 1292/1292/1292 1298/1298/1298
f 1300/1300/1300 1301/1301/1301 1293/1293/1293
f 1300/1300/1300 1302/1302/1302 1301/1301/1301
f 1303/1303/1303 1300/1300/1300 1298/1298/1298
f 1299/1299/1299 1304/1304/1304 1298/1298/1298
f 1303/1303/1303 1298/1298/1298 1304/1304/1304
f 1305/1305/1305 1304/1304/1304 1299/1299/1299
f 1306/1306/1306 1303/1303/1303 1304/1304/1304
f 1305/1305/1305 1307/1307/1307 1304/1304/1304
f 1306/1306/1306 1304/1304/1304 1307/1307/1307
f 1293/1293/1293 1308/1308/1308 1294/1294/1294
f 1309/1309/1309 1294/1294/1294 1308/1308/1308
f 1309/1309/1309 1308/1308/1308 1310/1310/1310
f 1311/1311/1311 1294/1294/1294 1309/1309/1309
f 1310/1310/1310 1308/1308/1308 1312/1312/1312
f 1310/1310/1310 1312/1312/1312 1313/1313/1313
f 1311/1311/1311 1314/1314/1314 1294/1294/1294
f 1315/1315/1315 1314/1314/1314 1311/1311/1311
f 1290/1290/1290 1294/1294/1294 1314/1314/1314
f 1315/1315/1315 1316/1316/1316 1314/1314/1314
f 1316/1316/1316 1290/1290/1290 1314/1314/1314
f 1317/1317/1317 1316/1316/1316 1315/1315/1315
f 1316/1316/1316 1007/1007/1007 1290/1290/1290
f 1007/1007/1007 1316/1316/1316 1318/1318/1318
f 1317/1317/1317 1318/1318/1318 1316/1316/1316
f 1007/1007/1007 1318/1318/1318 1004/1004/1004
f 1319/1319/1319 1318/1318/1318 1317/1317/1317
f 1008/1008/1008 1004/1004/1004 1318/1318/1318
f 1008/1008/1008 1318/1318/1318 1319/1319/1319
f 1319/1319/1319 1317/1317/1317 1320/1320/1320
f 1321/1321/1321 1319/1319/1319 1320/1320/1320
f 1321/1321/1321 1320/1320/1320 1322/1322/1322
f 1323/1323/1323 1319/1319/1319 1321/1321/1321
f 1324/1324/1324 1321/1321/1321 1322/1322/1322
f 1323/1323/1323 1321/1321/1321 1324/1324/1324
f 1324/1324/1324 1322/1322/1322 1325/1325/1325
f 1326/1326/1326 1324/1324/1324 1325/1325/1325
f 1326/1326/1326 1325/1325/1325 1327/1327/1327
f 1328/1328/1328 1326/1326/1326 1327/1327/1327
f 1328/1328/1328 1327/1327/1327 1329/1329/1329
f 1330/1330/1330 1328/1328/1328 1329/1329/1329
f 1331/1331/1331 1328/1328/1328 1330/1330/1330
f 1331/1331/1331 1330/1330/1330 1332/1332/1332
f 1330/1330/1330 1329/1329/1329 1333/1333/1333
f 1334/1334/1334 1330/1330/1330 1333/1333/1333
f 1334/1334/1334 1333/1333/1333 1335/1335/1335
f 1323/1323/1323 1324/1324/1324 1336/1336/1336
f 1336/1336/1336 1337/1337/1337 1338/1338/1338
f 1336/1336/1336 1338/1338/1338 1339/1339/1339
f 1336/1336/1336 1340/1340/1340 1323/1323/1323
f 1339/1339/1339 1341/1341/1341 1336/1336/1336
f 1336/1336/1336 1341/1341/1341 1340/1340/1340
f 1339/1339/1339 1342/1342/1342 1341/1341/1341
f 1343/1343/1343 1340/1340/1340 1341/1341/1341
f 1344/1344/1344 1342/1342/1342 1339/1339/1339
f 1344/1344/1344 1339/1339/1339 1345/1345/1345
f 1344/1344/1344 1345/1345/1345 1346/1346/1346
f 1344/1344/1344 1347/1347/1347 1342/1342/1342
f 1348/1348/1348 1343/1343/1343 1341/1341/1341
f 1348/1348/1348 1341/1341/1341 1342/1342/1342
f 1348/1348/1348 1349/1349/1349 1343/1343/1343
f 1348/1348/1348 1350/1350/1350 1349/1349/1349
f 1351/1351/1351 1348/1348/1348 1342/1342/1342
f 1351/1351/1351 1342/1342/1342 1347/1347/1347
f 1351/1351/1351 1352/1352/1352 1348/1348/1348
f 1351/1351/1351 1353/1353/1353 1352/1352/1352
f 1354/1354/1354 1351/1351/1351 1347/1347/1347
f 1355/1355/1355 1347/1347/1347 1344/1344/1344
f 1354/1354/1354 1347/1347/1347 1356/1356/1356
f 1355/1355/1355 1356/1356/1356 1347/1347/1347
f 1357/1357/1357 1354/1354/1354 1356/1356/1356
f 1357/1357/1357 1358/1358/1358 1354/1354/1354
f 1357/1357/1357 1359/1359/1359 1358/1358/1358
f 1357/1357/1357 1356/1356/1356 1360/1360/1360
f 1361/1361/1361 1360/1360/1360 1356/1356/1356
f 1361/1361/1361 1356/1356/1356 1355/1355/1355
f 1355/1355/1355 1362/1362/1362 1361/1361/1361
f 1355/1355/1355 1363/1363/1363 1362/1362/1362
f 1364/1364/1364 1365/1365/1365 1366/1366/1366
f 1364/1364/1364 1366/1366/1366 1008/1008/1008
f 1364/1364/1364 1008/1008/1008 1319/1319/1319
f 1323/1323/1323 1364/1364/1364 1319/1319/1319
f 1323/1323/1323 1365/1365/1365 1364/1364/1364
f 1323/1323/1323 1340/1340/1340 1365/1365/1365
f 1367/1367/1367 1365/1365/1365 1340/1340/1340
f 1343/1343/1343 1367/1367/1367 1340/1340/1340
f 1367/1367/1367 1343/1343/1343 1368/1368/1368
f 1367/1367/1367 1369/1369/1369 1365/1365/1365
f 1369/1369/1369 1366/1366/1366 1365/1365/1365
f 1367/1367/1367 1368/1368/1368 1370/1370/1370
f 1367/1367/1367 1371/1371/1371 1369/1369/1369
f 1367/1367/1367 1370/1370/1370 1371/1371/1371
f 1368/1368/1368 1372/1372/1372 1370/1370/1370
f 1368/1368/1368 1373/1373/1373 1372/1372/1372
f 1370/1370/1370 1372/1372/1372 1374/1374/1374
f 1370/1370/1370 1374/1374/1374 1371/1371/1371
f 1375/1375/1375 1373/1373/1373 1368/1368/1368
f 1371/1371/1371 1374/1374/1374 1376/1376/1376
f 1375/1375/1375 1377/1377/1377 1373/1373/1373
f 1371/1371/1371 1376/1376/1376 1378/1378/1378
f 1369/1369/1369 1371/1371/1371 1378/1378/1378
f 1369/1369/1369 1378/1378/1378 1379/1379/1379
f 1369/1369/1369 1379/1379/1379 1366/1366/1366
f 1380/1380/1380 1377/1377/1377 1375/1375/1375
f 1380/1380/1380 1381/1381/1381 1377/1377/1377
f 1381/1381/1381 1380/1380/1380 1382/1382/1382
f 1381/1381/1381 1382/1382/1382 1383/1383/1383
f 1384/1384/1384 1382/1382/1382 1380/1380/1380
f 1384/1384/1384 1380/1380/1380 1385/1385/1385
f 1383/1383/1383 1382/1382/1382 1386/1386/1386
f 1383/1383/1383 1386/1386/1386 1387/1387/1387
f 1388/1388/1388 1366/1366/1366 1379/1379/1379
f 1389/1389/1389 1388/1388/1388 1379/1379/1379
f 1389/1389/1389 1390/1390/1390 1388/1388/1388
f 1391/1391/1391 1390/1390/1390 1389/1389/1389
f 1391/1391/1391 1392/1392/1392 1390/1390/1390
f 1393/1393/1393 1390/1390/1390 1392/1392/1392
f 1393/1393/1393 1392/1392/1392 1394/1394/1394
f 1390/1390/1390 1032/1032/1032 1388/1388/1388
f 1390/1390/1390 1393/1393/1393 1032/1032/1032
f 1395/1395/1395 1393/1393/1393 1394/1394/1394
f 1395/1395/1395 1032/1032/1032 1393/1393/1393
f 1395/1395/1395 1394/1394/1394 1396/1396/1396
f 1395/1395/1395 1030/1030/1030 1032/1032/1032
f 1397/1397/1397 1395/1395/1395 1396/1396/1396
f 1398/1398/1398 1395/1395/1395 1397/1397/1397
f 1398/1398/1398 1397/1397/1397 1399/1399/1399
f 1397/1397/1397 1396/1396/1396 1400/1400/1400
f 1401/1401/1401 1397/1397/1397 1400/1400/1400
f 1401/1401/1401 1400/1400/1400 1402/1402/1402
f 1403/1403/1403 1401/1401/1401 1402/1402/1402
f 1403/1403/1403 1404/1404/1404 1401/1401/1401
f 1403/1403/1403 1405/1405/1405 1404/1404/1404
f 1403/1403/1403 1402/1402/1402 1406/1406/1406
f 1407/1407/1407 1403/1403/1403 1406/1406/1406
f 1407/1407/1407 1406/1406/1406 1408/1408/1408
f 1407/1407/1407 1409/1409/1409 1403/1403/1403
f 1407/1407/1407 1410/1410/1410 1409/1409/1409
f 1411/1411/1411 1008/1008/1008 1366/1366/1366
f 999/999/999 1008/1008/1008 1411/1411/1411
f 1002/1002/1002 999/999/999 1411/1411/1411
f 1002/1002/1002 1411/1411/1411 1011/1011/1011
f 1411/1411/1411 1366/1366/1366 1412/1412/1412
f 1011/1011/1011 1411/1411/1411 1412/1412/1412
f 1388/1388/1388 1412/1412/1412 1366/1366/1366
f 1011/1011/1011 1412/1412/1412 1027/1027/1027
f 1032/1032/1032 1412/1412/1412 1388/1388/1388
f 1032/1032/1032 1027/1027/1027 1412/1412/1412
f 1313/1313/1313 1312/1312/1312 1413/1413/1413
f 1414/1414/1414 1312/1312/1312 1415/1415/1415
f 1414/1414/1414 1413/1413/1413 1312/1312/1312
f 1313/1313/1313 1413/1413/1413 1416/1416/1416
f 1416/1416/1416 1413/1413/1413 1417/1417/1417
f 1416/1416/1416 1417/1417/1417 1418/1418/1418
f 1419/1419/1419 1417/1417/1417 1413/1413/1413
f 1419/1419/1419 1413/1413/1413 1420/1420/1420
f 1421/1421/1421 1422/1422/1422 1423/1423/1423
f 1421/1421/1421 1423/1423/1423 1424/1424/1424
f 1425/1425/1425 1422/1422/1422 1421/1421/1421
f 1425/1425/1425 1426/1426/1426 1422/1422/1422
f 1421/1421/1421 1424/1424/1424 1427/1427/1427
f 1421/1421/1421 1427/1427/1427 1428/1428/1428
f 1428/1428/1428 1427/1427/1427 1429/1429/1429
f 1428/1428/1428 1429/1429/1429 1430/1430/1430
f 1428/1428/1428 1430/1430/1430 1431/1431/1431
f 1428/1428/1428 1431/1431/1431 1432/1432/1432
f 1433/1433/1433 1434/1434/1434 1435/1435/1435
f 1433/1433/1433 1435/1435/1435 1436/1436/1436
f 1434/1434/1434 1433/1433/1433 1437/1437/1437
f 1434/1434/1434 1437/1437/1437 1438/1438/1438
f 1439/1439/1439 1433/1433/1433 1436/1436/1436
f 1439/1439/1439 1436/1436/1436 1440/1440/1440
f 1441/1441/1441 1439/1439/1439 1440/1440/1440
f 1441/1441/1441 1440/1440/1440 1442/1442/1442
f 1439/1439/1439 1441/1441/1441 1443/1443/1443
f 1439/1439/1439 1443/1443/1443 1444/1444/1444
f 1160/1160/1160 1161/1161/1161 1445/1445/1445
f 1446/1446/1446 1445/1445/1445 1161/1161/1161
f 1446/1446/1446 1447/1447/1447 1445/1445/1445
f 1160/1160/1160 1445/1445/1445 1448/1448/1448
f 1448/1448/1448 1449/1449/1449 1160/1160/1160
f 1448/1448/1448 1450/1450/1450 1449/1449/1449
f 1448/1448/1448 1445/1445/1445 1451/1451/1451
f 1448/1448/1448 1451/1451/1451 1452/1452/1452
f 1453/1453/1453 1454/1454/1454 1455/1455/1455
f 1456/1456/1456 1454/1454/1454 1453/1453/1453
f 1456/1456/1456 1457/1457/1457 1454/1454/1454
f 1453/1453/1453 1455/1455/1455 1458/1458/1458
f 1459/1459/1459 1457/1457/1457 1456/1456/1456
f 1459/1459/1459 1460/1460/1460 1457/1457/1457
f 1456/1456/1456 1453/1453/1453 1461/1461/1461
f 1462/1462/1462 1460/1460/1460 1459/1459/1459
f 1462/1462/1462 1463/1463/1463 1460/1460/1460
f 1459/1459/1459 1456/1456/1456 1464/1464/1464
f 1456/1456/1456 1461/1461/1461 1464/1464/1464
f 1465/1465/1465 1463/1463/1463 1462/1462/1462
f 1465/1465/1465 1466/1466/1466 1463/1463/1463
f 1467/1467/1467 1466/1466/1466 1465/1465/1465
f 1467/1467/1467 1468/1468/1468 1466/1466/1466
f 1469/1469/1469 1468/1468/1468 1467/1467/1467
f 1469/1469/1469 1470/1470/1470 1468/1468/1468
f 1471/1471/1471 1462/1462/1462 1459/1459/1459
f 1459/1459/1459 1464/1464/1464 1471/1471/1471
f 1471/1471/1471 1472/1472/1472 1462/1462/1462
f 1472/1472/1472 1473/1473/1473 1462/1462/1462
f 1474/1474/1474 1471/1471/1471 1464/1464/1464
f 1472/1472/1472 1475/1475/1475 1473/1473/1473
f 1475/1475/1475 1476/1476/1476 1473/1473/1473
f 1477/1477/1477 1475/1475/1475 1472/1472/1472
f 1478/1478/1478 1475/1475/1475 1477/1477/1477
f 1477/1477/1477 1472/1472/1472 1479/1479/1479
f 1479/1479/1479 1472/1472/1472 1471/1471/1471
f 1479/1479/1479 1471/1471/1471 1474/1474/1474
f 1475/1475/1475 1480/1480/1480 1476/1476/1476
f 1478/1478/1478 1480/1480/1480 1475/1475/1475
f 1480/1480/1480 1481/1481/1481 1476/1476/1476
f 1482/1482/1482 1480/1480/1480 1478/1478/1478
f 1480/1480/1480 1483/1483/1483 1481/1481/1481
f 1482/1482/1482 1483/1483/1483 1480/1480/1480
f 1484/1484/1484 1479/1479/1479 1474/1474/1474
f 1484/1484/1484 1485/1485/1485 1479/1479/1479
f 1485/1485/1485 1486/1486/1486 1479/1479/1479
f 1487/1487/1487 1484/1484/1484 1474/1474/1474
f 1485/1485/1485 1488/1488/1488 1486/1486/1486
f 1488/1488/1488 1489/1489/1489 1486/1486/1486
f 1488/1488/1488 1490/1490/1490 1489/1489/1489
f 1490/1490/1490 1491/1491/1491 1489/1489/1489
f 1490/1490/1490 1492/1492/1492 1491/1491/1491
f 1487/1487/1487 1474/1474/1474 1493/1493/1493
f 1474/1474/1474 1464/1464/1464 1493/1493/1493
f 1494/1494/1494 1487/1487/1487 1493/1493/1493
f 1493/1493/1493 1464/1464/1464 1461/1461/1461
f 1494/1494/1494 1493/1493/1493 1495/1495/1495
f 1493/1493/1493 1461/1461/1461 1495/1495/1495
f 1496/1496/1496 1494/1494/1494 1495/1495/1495
f 1495/1495/1495 1461/1461/1461 1497/1497/1497
f 1453/1453/1453 1497/1497/1497 1461/1461/1461
f 1496/1496/1496 1495/1495/1495 1498/1498/1498
f 1495/1495/1495 1497/1497/1497 1498/1498/1498
f 1453/1453/1453 1458/1458/1458 1497/1497/1497
f 1499/1499/1499 1496/1496/1496 1498/1498/1498
f 1499/1499/1499 1500/1500/1500 1496/1496/1496
f 1501/1501/1501 1500/1500/1500 1499/1499/1499
f 1501/1501/1501 1502/1502/1502 1500/1500/1500
f 1503/1503/1503 1501/1501/1501 1499/1499/1499
f 1504/1504/1504 1503/1503/1503 1499/1499/1499
f 1504/1504/1504 1499/1499/1499 1498/1498/1498
f 1503/1503/1503 1505/1505/1505 1501/1501/1501
f 1506/1506/1506 1504/1504/1504 1498/1498/1498
f 1507/1507/1507 1502/1502/1502 1501/1501/1501
f 1505/1505/1505 1507/1507/1507 1501/1501/1501
f 1507/1507/1507 1508/1508/1508 1502/1502/1502
f 1505/1505/1505 1509/1509/1509 1507/1507/1507
f 1510/1510/1510 1508/1508/1508 1507/1507/1507
f 1509/1509/1509 1510/1510/1510 1507/1507/1507
f 1510/1510/1510 1511/1511/1511 1508/1508/1508
f 1509/1509/1509 1512/1512/1512 1510/1510/1510
f 1513/1513/1513 1511/1511/1511 1510/1510/1510
f 1512/1512/1512 1514/1514/1514 1510/1510/1510
f 1513/1513/1513 1515/1515/1515 1511/1511/1511
f 1512/1512/1512 1516/1516/1516 1514/1514/1514
f 1517/1517/1517 1515/1515/1515 1513/1513/1513
f 1516/1516/1516 1518/1518/1518 1514/1514/1514
f 1517/1517/1517 1519/1519/1519 1515/1515/1515
f 1520/1520/1520 1519/1519/1519 1517/1517/1517
f 1520/1520/1520 1521/1521/1521 1519/1519/1519
f 1516/1516/1516 1522/1522/1522 1518/1518/1518
f 1522/1522/1522 1523/1523/1523 1518/1518/1518
f 1522/1522/1522 1524/1524/1524 1523/1523/1523
f 1525/1525/1525 1526/1526/1526 1527/1527/1527
f 1528/1528/1528 1527/1527/1527 1526/1526/1526
f 1525/1525/1525 1527/1527/1527 1529/1529/1529
f 1528/1528/1528 1530/1530/1530 1527/1527/1527
f 1529/1529/1529 1527/1527/1527 1531/1531/1531
f 1530/1530/1530 1531/1531/1531 1527/1527/1527
f 1529/1529/1529 1531/1531/1531 1532/1532/1532
f 1530/1530/1530 1533/1533/1533 1531/1531/1531
f 1532/1532/1532 1531/1531/1531 1534/1534/1534
f 1533/1533/1533 1534/1534/1534 1531/1531/1531
f 1532/1532/1532 1534/1534/1534 1535/1535/1535
f 1533/1533/1533 1536/1536/1536 1537/1537/1537
f 1533/1533/1533 1537/1537/1537 1538/1538/1538
f 1533/1533/1533 1538/1538/1538 1534/1534/1534
f 1538/1538/1538 1539/1539/1539 1534/1534/1534
f 1535/1535/1535 1534/1534/1534 1539/1539/1539
f 1538/1538/1538 1540/1540/1540 1539/1539/1539
f 1540/1540/1540 1538/1538/1538 1541/1541/1541
f 1535/1535/1535 1539/1539/1539 1542/1542/1542
f 1540/1540/1540 1543/1543/1543 1539/1539/1539
f 1542/1542/1542 1539/1539/1539 1543/1543/1543
f 1535/1535/1535 1542/1542/1542 1544/1544/1544
f 1535/1535/1535 1544/1544/1544 1545/1545/1545
f 1546/1546/1546 1535/1535/1535 1545/1545/1545
f 1542/1542/1542 1547/1547/1547 1544/1544/1544
f 1546/1546/1546 1545/1545/1545 1548/1548/1548
f 1548/1548/1548 1549/1549/1549 1546/1546/1546
f 1548/1548/1548 1550/1550/1550 1549/1549/1549
f 1550/1550/1550 1551/1551/1551 1549/1549/1549
f 1550/1550/1550 1552/1552/1552 1551/1551/1551
f 1542/1542/1542 1553/1553/1553 1547/1547/1547
f 1542/1542/1542 1543/1543/1543 1553/1553/1553
f 1553/1553/1553 1554/1554/1554 1547/1547/1547
f 1553/1553/1553 1555/1555/1555 1554/1554/1554
f 1555/1555/1555 1455/1455/1455 1554/1554/1554
f 1555/1555/1555 1458/1458/1458 1455/1455/1455
f 1553/1553/1553 1556/1556/1556 1555/1555/1555
f 1553/1553/1553 1543/1543/1543 1556/1556/1556
f 1557/1557/1557 1556/1556/1556 1543/1543/1543
f 1540/1540/1540 1557/1557/1557 1543/1543/1543
f 1555/1555/1555 1556/1556/1556 1558/1558/1558
f 1555/1555/1555 1558/1558/1558 1458/1458/1458
f 1557/1557/1557 1559/1559/1559 1556/1556/1556
f 1559/1559/1559 1558/1558/1558 1556/1556/1556
f 1557/1557/1557 1540/1540/1540 1560/1560/1560
f 1540/1540/1540 1541/1541/1541 1560/1560/1560
f 1541/1541/1541 1561/1561/1561 1560/1560/1560
f 1541/1541/1541 1562/1562/1562 1561/1561/1561
f 1560/1560/1560 1561/1561/1561 1563/1563/1563
f 1564/1564/1564 1562/1562/1562 1541/1541/1541
f 1564/1564/1564 1565/1565/1565 1562/1562/1562
f 1560/1560/1560 1563/1563/1563 1566/1566/1566
f 1557/1557/1557 1560/1560/1560 1566/1566/1566
f 1566/1566/1566 1563/1563/1563 1567/1567/1567
f 1557/1557/1557 1566/1566/1566 1568/1568/1568
f 1566/1566/1566 1567/1567/1567 1568/1568/1568
f 1557/1557/1557 1568/1568/1568 1559/1559/1559
f 1568/1568/1568 1567/1567/1567 1569/1569/1569
f 1559/1559/1559 1568/1568/1568 1570/1570/1570
f 1568/1568/1568 1569/1569/1569 1570/1570/1570
f 1564/1564/1564 1571/1571/1571 1572/1572/1572
f 1564/1564/1564 1572/1572/1572 1573/1573/1573
f 1573/1573/1573 1565/1565/1565 1564/1564/1564
f 1573/1573/1573 1574/1574/1574 1565/1565/1565
f 1575/1575/1575 1574/1574/1574 1573/1573/1573
f 1575/1575/1575 1576/1576/1576 1574/1574/1574
f 1575/1575/1575 1573/1573/1573 1577/1577/1577
f 1575/1575/1575 1577/1577/1577 1578/1578/1578
f 1579/1579/1579 1570/1570/1570 1569/1569/1569
f 1579/1579/1579 1569/1569/1569 1580/1580/1580
f 1559/1559/1559 1570/1570/1570 1581/1581/1581
f 1570/1570/1570 1579/1579/1579 1581/1581/1581
f 1582/1582/1582 1559/1559/1559 1581/1581/1581
f 1559/1559/1559 1582/1582/1582 1558/1558/1558
f 1583/1583/1583 1579/1579/1579 1580/1580/1580
f 1583/1583/1583 1580/1580/1580 1584/1584/1584
f 1579/1579/1579 1583/1583/1583 1585/1585/1585
f 1586/1586/1586 1583/1583/1583 1584/1584/1584
f 1586/1586/1586 1585/1585/1585 1583/1583/1583
f 1586/1586/1586 1584/1584/1584 1587/1587/1587
f 1588/1588/1588 1586/1586/1586 1587/1587/1587
f 1588/1588/1588 1587/1587/1587 1589/1589/1589
f 1590/1590/1590 1586/1586/1586 1588/1588/1588
f 1590/1590/1590 1588/1588/1588 1591/1591/1591
f 1592/1592/1592 1588/1588/1588 1589/1589/1589
f 1592/1592/1592 1589/1589/1589 1593/1593/1593
f 1586/1586/1586 1594/1594/1594 1585/1585/1585
f 1595/1595/1595 1592/1592/1592 1593/1593/1593
f 1595/1595/1595 1596/1596/1596 1592/1592/1592
f 1595/1595/1595 1597/1597/1597 1596/1596/1596
f 1595/1595/1595 1593/1593/1593 1598/1598/1598
f 1599/1599/1599 1595/1595/1595 1598/1598/1598
f 1599/1599/1599 1598/1598/1598 1600/1600/1600
f 1599/1599/1599 1601/1601/1601 1595/1595/1595
f 1599/1599/1599 1602/1602/1602 1601/1601/1601
f 1594/1594/1594 1603/1603/1603 1585/1585/1585
f 1594/1594/1594 1604/1604/1604 1603/1603/1603
f 1605/1605/1605 1604/1604/1604 1594/1594/1594
f 1606/1606/1606 1603/1603/1603 1604/1604/1604
f 1607/1607/1607 1606/1606/1606 1604/1604/1604
f 1606/1606/1606 1608/1608/1608 1603/1603/1603
f 1607/1607/1607 1604/1604/1604 1609/1609/1609
f 1605/1605/1605 1609/1609/1609 1604/1604/1604
f 1610/1610/1610 1607/1607/1607 1609/1609/1609
f 1611/1611/1611 1607/1607/1607 1610/1610/1610
f 1611/1611/1611 1610/1610/1610 1612/1612/1612
f 1613/1613/1613 1609/1609/1609 1605/1605/1605
f 1614/1614/1614 1613/1613/1613 1605/1605/1605
f 1614/1614/1614 1615/1615/1615 1613/1613/1613
f 1613/1613/1613 1616/1616/1616 1609/1609/1609
f 1610/1610/1610 1609/1609/1609 1616/1616/1616
f 1617/1617/1617 1616/1616/1616 1613/1613/1613
f 1618/1618/1618 1610/1610/1610 1616/1616/1616
f 1617/1617/1617 1619/1619/1619 1616/1616/1616
f 1618/1618/1618 1616/1616/1616 1619/1619/1619
f 1620/1620/1620 1619/1619/1619 1617/1617/1617
f 1621/1621/1621 1618/1618/1618 1619/1619/1619
f 1620/1620/1620 1622/1622/1622 1619/1619/1619
f 1621/1621/1621 1619/1619/1619 1622/1622/1622
f 1623/1623/1623 1458/1458/1458 1558/1558/1558
f 1624/1624/1624 1458/1458/1458 1623/1623/1623
f 1624/1624/1624 1623/1623/1623 1625/1625/1625
f 1624/1624/1624 1626/1626/1626 1458/1458/1458
f 1624/1624/1624 1627/1627/1627 1626/1626/1626
f 1626/1626/1626 1497/1497/1497 1458/1458/1458
f 1627/1627/1627 1628/1628/1628 1626/1626/1626
f 1627/1627/1627 1629/1629/1629 1628/1628/1628
f 1626/1626/1626 1630/1630/1630 1497/1497/1497
f 1628/1628/1628 1630/1630/1630 1626/1626/1626
f 1631/1631/1631 1497/1497/1497 1630/1630/1630
f 1631/1631/1631 1498/1498/1498 1497/1497/1497
f 1629/1629/1629 1632/1632/1632 1628/1628/1628
f 1629/1629/1629 1633/1633/1633 1632/1632/1632
f 1628/1628/1628 1634/1634/1634 1630/1630/1630
f 1632/1632/1632 1634/1634/1634 1628/1628/1628
f 1635/1635/1635 1630/1630/1630 1634/1634/1634
f 1635/1635/1635 1631/1631/1631 1630/1630/1630
f 1633/1633/1633 1636/1636/1636 1632/1632/1632
f 1633/1633/1633 1637/1637/1637 1636/1636/1636
f 1637/1637/1637 1638/1638/1638 1636/1636/1636
f 1637/1637/1637 1639/1639/1639 1638/1638/1638
f 1639/1639/1639 1640/1640/1640 1638/1638/1638
f 1639/1639/1639 1641/1641/1641 1640/1640/1640
f 1641/1641/1641 1642/1642/1642 1640/1640/1640
f 1641/1641/1641 1643/1643/1643 1642/1642/1642
f 1636/1636/1636 1644/1644/1644 1632/1632/1632
f 1632/1632/1632 1644/1644/1644 1634/1634/1634
f 1636/1636/1636 1645/1645/1645 1644/1644/1644
f 1646/1646/1646 1645/1645/1645 1636/1636/1636
f 1647/1647/1647 1634/1634/1634 1644/1644/1644
f 1647/1647/1647 1635/1635/1635 1634/1634/1634
f 1648/1648/1648 1644/1644/1644 1645/1645/1645
f 1648/1648/1648 1647/1647/1647 1644/1644/1644
f 1649/1649/1649 1648/1648/1648 1645/1645/1645
f 1646/1646/1646 1650/1650/1650 1645/1645/1645
f 1649/1649/1649 1645/1645/1645 1650/1650/1650
f 1651/1651/1651 1650/1650/1650 1646/1646/1646
f 1652/1652/1652 1649/1649/1649 1650/1650/1650
f 1651/1651/1651 1653/1653/1653 1650/1650/1650
f 1652/1652/1652 1650/1650/1650 1653/1653/1653
f 1654/1654/1654 1653/1653/1653 1651/1651/1651
f 1655/1655/1655 1652/1652/1652 1653/1653/1653
f 1654/1654/1654 1656/1656/1656 1653/1653/1653
f 1655/1655/1655 1653/1653/1653 1656/1656/1656
f 1635/1635/1635 1647/1647/1647 1657/1657/1657
f 1647/1647/1647 1648/1648/1648 1658/1658/1658
f 1647/1647/1647 1658/1658/1658 1657/1657/1657
f 1648/1648/1648 1659/1659/1659 1658/1658/1658
f 1648/1648/1648 1660/1660/1660 1659/1659/1659
f 1660/1660/1660 1661/1661/1661 1659/1659/1659
f 1660/1660/1660 1662/1662/1662 1661/1661/1661
f 1662/1662/1662 1663/1663/1663 1661/1661/1661
f 1662/1662/1662 1664/1664/1664 1663/1663/1663
f 1665/1665/1665 1657/1657/1657 1658/1658/1658
f 1665/1665/1665 1658/1658/1658 1666/1666/1666
f 1666/1666/1666 1658/1658/1658 1667/1667/1667
f 1668/1668/1668 1657/1657/1657 1665/1665/1665
f 1666/1666/1666 1667/1667/1667 1669/1669/1669
f 1670/1670/1670 1669/1669/1669 1667/1667/1667
f 1670/1670/1670 1671/1671/1671 1669/1669/1669
f 1672/1672/1672 1671/1671/1671 1670/1670/1670
f 1672/1672/1672 1673/1673/1673 1671/1671/1671
f 1668/1668/1668 1674/1674/1674 1657/1657/1657
f 1635/1635/1635 1657/1657/1657 1674/1674/1674
f 1675/1675/1675 1674/1674/1674 1668/1668/1668
f 1631/1631/1631 1635/1635/1635 1674/1674/1674
f 1675/1675/1675 1676/1676/1676 1674/1674/1674
f 1631/1631/1631 1674/1674/1674 1676/1676/1676
f 1677/1677/1677 1676/1676/1676 1675/1675/1675
f 1677/1677/1677 1678/1678/1678 1676/1676/1676
f 1676/1676/1676 1678/1678/1678 1679/1679/1679
f 1676/1676/1676 1679/1679/1679 1631/1631/1631
f 1498/1498/1498 1631/1631/1631 1679/1679/1679
f 1506/1506/1506 1498/1498/1498 1679/1679/1679
f 1506/1506/1506 1679/1679/1679 1680/1680/1680
f 1681/1681/1681 1680/1680/1680 1679/1679/1679
f 1682/1682/1682 1680/1680/1680 1681/1681/1681
f 1682/1682/1682 1683/1683/1683 1680/1680/1680
f 1683/1683/1683 1684/1684/1684 1680/1680/1680
f 1684/1684/1684 1506/1506/1506 1680/1680/1680
f 1683/1683/1683 1685/1685/1685 1684/1684/1684
f 1506/1506/1506 1686/1686/1686 1504/1504/1504
f 1687/1687/1687 1686/1686/1686 1506/1506/1506
f 1684/1684/1684 1687/1687/1687 1506/1506/1506
f 1687/1687/1687 1688/1688/1688 1686/1686/1686
f 1685/1685/1685 1689/1689/1689 1684/1684/1684
f 1689/1689/1689 1687/1687/1687 1684/1684/1684
f 1685/1685/1685 1690/1690/1690 1689/1689/1689
f 1691/1691/1691 1688/1688/1688 1687/1687/1687
f 1689/1689/1689 1691/1691/1691 1687/1687/1687
f 1691/1691/1691 1692/1692/1692 1688/1688/1688
f 1690/1690/1690 1693/1693/1693 1689/1689/1689
f 1693/1693/1693 1691/1691/1691 1689/1689/1689
f 1690/1690/1690 1694/1694/1694 1693/1693/1693
f 1695/1695/1695 1692/1692/1692 1691/1691/1691
f 1693/1693/1693 1695/1695/1695 1691/1691/1691
f 1695/1695/1695 1696/1696/1696 1692/1692/1692
f 1697/1697/1697 1695/1695/1695 1693/1693/1693
f 1697/1697/1697 1698/1698/1698 1695/1695/1695
f 1697/1697/1697 1699/1699/1699 1698/1698/1698
f 1697/1697/1697 1700/1700/1700 1699/1699/1699
f 1701/1701/1701 1699/1699/1699 1700/1700/1700
f 1701/1701/1701 1702/1702/1702 1699/1699/1699
f 1623/1623/1623 1558/1558/1558 1703/1703/1703
f 1704/1704/1704 1703/1703/1703 1558/1558/1558
f 1704/1704/1704 1558/1558/1558 1582/1582/1582
f 1705/1705/1705 1623/1623/1623 1703/1703/1703
f 1625/1625/1625 1623/1623/1623 1705/1705/1705
f 1625/1625/1625 1705/1705/1705 1706/1706/1706
f 1707/1707/1707 1703/1703/1703 1704/1704/1704
f 1704/1704/1704 1582/1582/1582 1708/1708/1708
f 1708/1708/1708 1707/1707/1707 1704/1704/1704
f 1706/1706/1706 1705/1705/1705 1709/1709/1709
f 1706/1706/1706 1709/1709/1709 1710/1710/1710
f 1705/1705/1705 1703/1703/1703 1711/1711/1711
f 1709/1709/1709 1705/1705/1705 1711/1711/1711
f 1707/1707/1707 1711/1711/1711 1703/1703/1703
f 1710/1710/1710 1709/1709/1709 1712/1712/1712
f 1710/1710/1710 1712/1712/1712 1713/1713/1713
f 1713/1713/1713 1712/1712/1712 1714/1714/1714
f 1713/1713/1713 1714/1714/1714 1715/1715/1715
f 1715/1715/1715 1714/1714/1714 1716/1716/1716
f 1715/1715/1715 1716/1716/1716 1717/1717/1717
f 1717/1717/1717 1716/1716/1716 1718/1718/1718
f 1717/1717/1717 1718/1718/1718 1719/1719/1719
f 1712/1712/1712 1709/1709/1709 1720/1720/1720
f 1709/1709/1709 1711/1711/1711 1720/1720/1720
f 1712/1712/1712 1720/1720/1720 1721/1721/1721
f 1722/1722/1722 1712/1712/1712 1721/1721/1721
f 1723/1723/1723 1720/1720/1720 1711/1711/1711
f 1723/1723/1723 1711/1711/1711 1707/1707/1707
f 1724/1724/1724 1721/1721/1721 1720/1720/1720
f 1724/1724/1724 1720/1720/1720 1723/1723/1723
f 1722/1722/1722 1721/1721/1721 1725/1725/1725
f 1726/1726/1726 1722/1722/1722 1725/1725/1725
f 1727/1727/1727 1721/1721/1721 1724/1724/1724
f 1727/1727/1727 1725/1725/1725 1721/1721/1721
f 1727/1727/1727 1724/1724/1724 1728/1728/1728
f 1727/1727/1727 1728/1728/1728 1729/1729/1729
f 1730/1730/1730 1725/1725/1725 1727/1727/1727
f 1723/1723/1723 1731/1731/1731 1724/1724/1724
f 1730/1730/1730 1732/1732/1732 1725/1725/1725
f 1726/1726/1726 1725/1725/1725 1732/1732/1732
f 1733/1733/1733 1732/1732/1732 1730/1730/1730
f 1734/1734/1734 1726/1726/1726 1732/1732/1732
f 1733/1733/1733 1735/1735/1735 1732/1732/1732
f 1734/1734/1734 1732/1732/1732 1735/1735/1735
f 1723/1723/1723 1736/1736/1736 1731/1731/1731
f 1707/1707/1707 1736/1736/1736 1723/1723/1723
f 1737/1737/1737 1731/1731/1731 1736/1736/1736
f 1737/1737/1737 1738/1738/1738 1731/1731/1731
f 1739/1739/1739 1737/1737/1737 1736/1736/1736
f 1738/1738/1738 1740/1740/1740 1731/1731/1731
f 1738/1738/1738 1741/1741/1741 1740/1740/1740
f 1707/1707/1707 1742/1742/1742 1736/1736/1736
f 1739/1739/1739 1736/1736/1736 1742/1742/1742
f 1743/1743/1743 1739/1739/1739 1742/1742/1742
f 1708/1708/1708 1742/1742/1742 1707/1707/1707
f 1743/1743/1743 1742/1742/1742 1708/1708/1708
f 1744/1744/1744 1743/1743/1743 1708/1708/1708
f 1741/1741/1741 1745/1745/1745 1740/1740/1740
f 1746/1746/1746 1740/1740/1740 1745/1745/1745
f 1746/1746/1746 1745/1745/1745 1747/1747/1747
f 1741/1741/1741 1748/1748/1748 1745/1745/1745
f 1748/1748/1748 1749/1749/1749 1745/1745/1745
f 1748/1748/1748 1750/1750/1750 1749/1749/1749
f 1751/1751/1751 1745/1745/1745 1749/1749/1749
f 1751/1751/1751 1749/1749/1749 1752/1752/1752
f 1744/1744/1744 1708/1708/1708 1753/1753/1753
f 1582/1582/1582 1753/1753/1753 1708/1708/1708
f 1582/1582/1582 1581/1581/1581 1753/1753/1753
f 1754/1754/1754 1744/1744/1744 1753/1753/1753
f 1754/1754/1754 1755/1755/1755 1744/1744/1744
f 1756/1756/1756 1753/1753/1753 1581/1581/1581
f 1756/1756/1756 1754/1754/1754 1753/1753/1753
f 1757/1757/1757 1755/1755/1755 1754/1754/1754
f 1757/1757/1757 1758/1758/1758 1755/1755/1755
f 1759/1759/1759 1757/1757/1757 1754/1754/1754
f 1759/1759/1759 1754/1754/1754 1756/1756/1756
f 1760/1760/1760 1758/1758/1758 1757/1757/1757
f 1759/1759/1759 1760/1760/1760 1757/1757/1757
f 1760/1760/1760 1761/1761/1761 1758/1758/1758
f 1762/1762/1762 1761/1761/1761 1760/1760/1760
f 1762/1762/1762 1763/1763/1763 1761/1761/1761
f 1764/1764/1764 1763/1763/1763 1762/1762/1762
f 1764/1764/1764 1765/1765/1765 1763/1763/1763
f 1759/1759/1759 1766/1766/1766 1760/1760/1760
f 1765/1765/1765 1764/1764/1764 1767/1767/1767
f 1765/1765/1765 1767/1767/1767 1768/1768/1768
f 1769/1769/1769 1767/1767/1767 1764/1764/1764
f 1769/1769/1769 1764/1764/1764 1770/1770/1770
f 1768/1768/1768 1767/1767/1767 1771/1771/1771
f 1768/1768/1768 1771/1771/1771 1772/1772/1772
f 1766/1766/1766 1759/1759/1759 1773/1773/1773
f 1759/1759/1759 1774/1774/1774 1773/1773/1773
f 1759/1759/1759 1756/1756/1756 1774/1774/1774
f 1766/1766/1766 1773/1773/1773 1775/1775/1775
f 1776/1776/1776 1773/1773/1773 1774/1774/1774
f 1777/1777/1777 1766/1766/1766 1775/1775/1775
f 1777/1777/1777 1778/1778/1778 1766/1766/1766
f 1777/1777/1777 1779/1779/1779 1778/1778/1778
f 1780/1780/1780 1775/1775/1775 1773/1773/1773
f 1780/1780/1780 1773/1773/1773 1776/1776/1776
f 1777/1777/1777 1775/1775/1775 1781/1781/1781
f 1780/1780/1780 1782/1782/1782 1783/1783/1783
f 1780/1780/1780 1783/1783/1783 1784/1784/1784
f 1784/1784/1784 1775/1775/1775 1780/1780/1780
f 1784/1784/1784 1781/1781/1781 1775/1775/1775
f 1776/1776/1776 1785/1785/1785 1780/1780/1780
f 1786/1786/1786 1781/1781/1781 1784/1784/1784
f 1786/1786/1786 1784/1784/1784 1787/1787/1787
f 1786/1786/1786 1787/1787/1787 1788/1788/1788
f 1786/1786/1786 1789/1789/1789 1781/1781/1781
f 1790/1790/1790 1777/1777/1777 1781/1781/1781
f 1790/1790/1790 1781/1781/1781 1789/1789/1789
f 1790/1790/1790 1791/1791/1791 1777/1777/1777
f 1790/1790/1790 1792/1792/1792 1791/1791/1791
f 1793/1793/1793 1790/1790/1790 1789/1789/1789
f 1794/1794/1794 1789/1789/1789 1786/1786/1786
f 1793/1793/1793 1789/1789/1789 1795/1795/1795
f 1794/1794/1794 1795/1795/1795 1789/1789/1789
f 1796/1796/1796 1793/1793/1793 1795/1795/1795
f 1796/1796/1796 1797/1797/1797 1793/1793/1793
f 1796/1796/1796 1798/1798/1798 1797/1797/1797
f 1796/1796/1796 1795/1795/1795 1799/1799/1799
f 1800/1800/1800 1799/1799/1799 1795/1795/1795
f 1800/1800/1800 1795/1795/1795 1794/1794/1794
f 1794/1794/1794 1801/1801/1801 1800/1800/1800
f 1794/1794/1794 1802/1802/1802 1801/1801/1801
f 1756/1756/1756 1803/1803/1803 1804/1804/1804
f 1803/1803/1803 1756/1756/1756 1581/1581/1581
f 1579/1579/1579 1803/1803/1803 1581/1581/1581
f 1756/1756/1756 1804/1804/1804 1774/1774/1774
f 1579/1579/1579 1805/1805/1805 1803/1803/1803
f 1805/1805/1805 1804/1804/1804 1803/1803/1803
f 1579/1579/1579 1585/1585/1585 1805/1805/1805
f 1585/1585/1585 1806/1806/1806 1805/1805/1805
f 1805/1805/1805 1806/1806/1806 1804/1804/1804
f 1585/1585/1585 1603/1603/1603 1806/1806/1806
f 1608/1608/1608 1806/1806/1806 1603/1603/1603
f 1807/1807/1807 1804/1804/1804 1806/1806/1806
f 1608/1608/1608 1807/1807/1807 1806/1806/1806
f 1807/1807/1807 1808/1808/1808 1804/1804/1804
f 1809/1809/1809 1808/1808/1808 1807/1807/1807
f 1810/1810/1810 1804/1804/1804 1808/1808/1808
f 1810/1810/1810 1774/1774/1774 1804/1804/1804
f 1810/1810/1810 1808/1808/1808 1811/1811/1811
f 1776/1776/1776 1774/1774/1774 1810/1810/1810
f 1809/1809/1809 1807/1807/1807 1812/1812/1812
f 1812/1812/1812 1807/1807/1807 1608/1608/1608
f 1813/1813/1813 1809/1809/1809 1812/1812/1812
f 1813/1813/1813 1812/1812/1812 1814/1814/1814
f 1815/1815/1815 1814/1814/1814 1812/1812/1812
f 1812/1812/1812 1608/1608/1608 1815/1815/1815
f 1815/1815/1815 1816/1816/1816 1814/1814/1814
f 1817/1817/1817 1815/1815/1815 1608/1608/1608
f 1817/1817/1817 1816/1816/1816 1815/1815/1815
f 1817/1817/1817 1608/1608/1608 1606/1606/1606
f 1817/1817/1817 1818/1818/1818 1816/1816/1816
f 1819/1819/1819 1818/1818/1818 1817/1817/1817
f 1820/1820/1820 1819/1819/1819 1817/1817/1817
f 1820/1820/1820 1821/1821/1821 1819/1819/1819
f 1819/1819/1819 1822/1822/1822 1818/1818/1818
f 1823/1823/1823 1822/1822/1822 1819/1819/1819
f 1823/1823/1823 1824/1824/1824 1822/1822/1822
f 1823/1823/1823 1825/1825/1825 1826/1826/1826
f 1823/1823/1823 1826/1826/1826 1827/1827/1827
f 1827/1827/1827 1824/1824/1824 1823/1823/1823
f 1827/1827/1827 1828/1828/1828 1824/1824/1824
f 1829/1829/1829 1828/1828/1828 1827/1827/1827
f 1829/1829/1829 1830/1830/1830 1828/1828/1828
f 1829/1829/1829 1827/1827/1827 1831/1831/1831
f 1829/1829/1829 1831/1831/1831 1832/1832/1832
f 1833/1833/1833 1834/1834/1834 1835/1835/1835
f 1833/1833/1833 1835/1835/1835 1836/1836/1836
f 1834/1834/1834 1837/1837/1837 1835/1835/1835
f 1834/1834/1834 1811/1811/1811 1837/1837/1837
f 1810/1810/1810 1811/1811/1811 1834/1834/1834
f 1776/1776/1776 1810/1810/1810 1834/1834/1834
f 1776/1776/1776 1834/1834/1834 1833/1833/1833
f 1776/1776/1776 1833/1833/1833 1785/1785/1785
f 1785/1785/1785 1833/1833/1833 1836/1836/1836
f 1785/1785/1785 1836/1836/1836 1838/1838/1838
f 1839/1839/1839 1785/1785/1785 1838/1838/1838
f 1839/1839/1839 1838/1838/1838 1840/1840/1840
f 1841/1841/1841 1839/1839/1839 1840/1840/1840
f 1841/1841/1841 1840/1840/1840 1842/1842/1842
f 1842/1842/1842 1843/1843/1843 1841/1841/1841
f 1844/1844/1844 1841/1841/1841 1843/1843/1843
f 1844/1844/1844 1843/1843/1843 1845/1845/1845
f 1842/1842/1842 1846/1846/1846 1843/1843/1843
f 1846/1846/1846 1847/1847/1847 1843/1843/1843
f 1846/1846/1846 1848/1848/1848 1847/1847/1847
f 1849/1849/1849 1850/1850/1850 1851/1851/1851
f 1849/1849/1849 1851/1851/1851 1852/1852/1852
f 1853/1853/1853 1850/1850/1850 1849/1849/1849
f 1853/1853/1853 1849/1849/1849 1854/1854/1854
f 1855/1855/1855 1853/1853/1853 1854/1854/1854
f 1855/1855/1855 1854/1854/1854 1856/1856/1856
f 1857/1857/1857 1858/1858/1858 1859/1859/1859
f 1857/1857/1857 1859/1859/1859 1860/1860/1860
f 1861/1861/1861 1858/1858/1858 1857/1857/1857
f 1861/1861/1861 1862/1862/1862 1858/1858/1858
f 1863/1863/1863 1862/1862/1862 1861/1861/1861
f 1863/1863/1863 1864/1864/1864 1862/1862/1862
