o Sponza_Mesh_088
v 0.961943 -1.105247 0.339177
v 0.960713 -1.117749 0.329058
v 0.938650 -1.117820 0.329058
v 0.986058 -1.110122 0.339177
v 0.938820 -1.119432 0.324730
v 0.937339 -1.105326 0.339177
v 0.982337 -1.122120 0.329058
v 0.988078 -1.103611 0.352576
v 0.960554 -1.119362 0.324730
v 1.008699 -1.119751 0.339177
v 0.962610 -1.098463 0.352576
v 1.011988 -1.113781 0.352576
v 1.010325 -1.031894 0.355857
v 1.048216 -1.048009 0.355857
v 1.082087 -1.071422 0.355857
v 1.033362 -1.128554 0.352576
v 1.028938 -1.133741 0.339177
v 1.085150 -1.067831 0.370474
v 1.050493 -1.043876 0.370474
v 1.011723 -1.027386 0.370474
v 1.114275 -1.098273 0.370474
v 1.110553 -1.101173 0.355857
v 1.051324 -1.147328 0.352576
v 1.136677 -1.133954 0.370474
v 1.132446 -1.136046 0.355857
v 1.065140 -1.169334 0.352576
v 1.045947 -1.151518 0.339177
v 1.146873 -1.174611 0.355857
v 1.020786 -1.143299 0.329058
v 1.151438 -1.173414 0.370474
v 1.146064 -1.174823 0.394468
v 1.074242 -1.193669 0.352576
v 1.059030 -1.172355 0.339177
v 1.036039 -1.159240 0.329058
v 1.067650 -1.195399 0.339177
v 1.047769 -1.177924 0.329058
v 1.019735 -1.144532 0.324730
v 1.034760 -1.160236 0.324730
v 1.046317 -1.178643 0.324730
v 1.055498 -1.198588 0.329058
v 1.078262 -1.219339 0.352576
v 1.071454 -1.219706 0.339177
v 1.153241 -1.215291 0.355857
v 1.077030 -1.245293 0.352576
v 1.157953 -1.215037 0.370474
v 1.151290 -1.256421 0.355857
v 1.155957 -1.257120 0.370474
v 1.152406 -1.215337 0.394468
v 1.150462 -1.256297 0.394468
v 1.140315 -1.296027 0.394468
v 1.145530 -1.297939 0.370474
v 1.141100 -1.296315 0.355857
v 1.122377 -1.332902 0.394468
v 1.127101 -1.335825 0.370474
v 1.070600 -1.270467 0.352576
v 1.123087 -1.333342 0.355857
v 1.070289 -1.244282 0.339177
v 1.059234 -1.293832 0.352576
v 1.058910 -1.220384 0.329058
v 1.064200 -1.268121 0.339177
v 1.057866 -1.242421 0.329058
v 1.053931 -1.198999 0.324730
v 1.057293 -1.220471 0.324730
v 1.052406 -1.263797 0.329058
v 1.056263 -1.242181 0.324730
v 1.053437 -1.290246 0.339177
v 1.050884 -1.263238 0.324730
v 1.042754 -1.283635 0.329058
v 1.043397 -1.314430 0.352576
v 1.038442 -1.309750 0.339177
v 1.097990 -1.365986 0.355857
v 1.023738 -1.331420 0.352576
v 1.066837 -1.392909 0.355857
v 1.101422 -1.369226 0.370474
v 1.069546 -1.396773 0.370474
v 1.097383 -1.365411 0.394468
v 1.066357 -1.392224 0.394468
v 1.032777 -1.417340 0.370474
v 1.030570 -1.412242 0.394468
v 1.030902 -1.413010 0.355857
v 0.991484 -1.424647 0.394468
v 0.992621 -1.430085 0.370474
v 0.950685 -1.428930 0.394468
v 0.950702 -1.434487 0.370474
v 0.950619 -1.408670 0.412517
v 0.991655 -1.425466 0.355857
v 0.950687 -1.429767 0.355857
v 0.987340 -1.404815 0.412517
v 0.950532 -1.381490 0.418471
v 0.976297 -1.351964 0.352576
v 0.950446 -1.354678 0.352576
v 1.001062 -1.344104 0.352576
v 0.981781 -1.378210 0.418471
v 0.950443 -1.354134 0.412429
v 1.022518 -1.393650 0.412517
v 0.976186 -1.351432 0.412429
v 0.950443 -1.354134 0.368001
v 1.011717 -1.368708 0.418471
v 1.054728 -1.375633 0.412517
v 0.976186 -1.351432 0.368001
v 0.950435 -1.351447 0.365790
v 0.975636 -1.348801 0.365790
v 1.000846 -1.343606 0.412429
v 1.000846 -1.343606 0.368001
v 0.999778 -1.341138 0.365790
v 1.039127 -1.353376 0.418471
v 1.023426 -1.330974 0.412429
v 1.023426 -1.330974 0.368001
v 1.021883 -1.328774 0.365790
v 1.082652 -1.351501 0.412517
v 1.062891 -1.332839 0.418471
v 1.105147 -1.322242 0.412517
v 1.043002 -1.314058 0.412429
v 1.082034 -1.307940 0.418471
v 1.121293 -1.289053 0.412517
v 1.043002 -1.314058 0.368001
v 1.041047 -1.312212 0.365790
v 1.058771 -1.293546 0.412429
v 1.095773 -1.279697 0.418471
v 1.058771 -1.293546 0.368001
v 1.056486 -1.292132 0.365790
v 1.130426 -1.253294 0.412517
v 1.070090 -1.270280 0.412429
v 1.103546 -1.249266 0.418471
v 1.132175 -1.216429 0.412517
v 1.070090 -1.270280 0.368001
v 1.067566 -1.269355 0.365790
v 1.076492 -1.245213 0.412429
v 1.105034 -1.217894 0.418471
v 1.076492 -1.245213 0.368001
v 1.073834 -1.244814 0.365790
v 1.126467 -1.179966 0.412517
v 1.077718 -1.219369 0.412429
v 1.077718 -1.219369 0.368001
v 1.075034 -1.219514 0.365790
v 1.100177 -1.186864 0.418471
v 1.073717 -1.193807 0.412429
v 1.073717 -1.193807 0.368001
v 1.071117 -1.194490 0.365790
v 1.064652 -1.169574 0.368001
v 1.062242 -1.170766 0.365790
v 1.064652 -1.169574 0.412429
v 1.089173 -1.157447 0.418471
v 1.113537 -1.145398 0.412517
v 1.050895 -1.147662 0.368001
v 1.048775 -1.149315 0.365790
v 1.050895 -1.147662 0.412429
v 1.072473 -1.130848 0.418471
v 1.093912 -1.114141 0.412517
v 1.033009 -1.128968 0.368001
v 1.031265 -1.131013 0.365790
v 1.033009 -1.128968 0.412429
v 1.050760 -1.108154 0.418471
v 1.068398 -1.087474 0.412517
v 1.011726 -1.114257 0.368001
v 1.010429 -1.116611 0.365790
v 1.011726 -1.114257 0.412429
v 1.024924 -1.090296 0.418471
v 1.038038 -1.066488 0.412517
v 0.987917 -1.104131 0.368001
v 0.987121 -1.106698 0.365790
v 0.987917 -1.104131 0.412429
v 0.996022 -1.078003 0.418471
v 1.004074 -1.052043 0.412517
v 0.962557 -1.099005 0.368001
v 0.962294 -1.101679 0.365790
v 0.962557 -1.099005 0.412429
v 0.965237 -1.071780 0.418471
v 0.967899 -1.044730 0.412517
v 0.936685 -1.099088 0.368001
v 0.936966 -1.101761 0.365790
v 0.936685 -1.099088 0.412429
v 0.933830 -1.071882 0.418471
v 0.930993 -1.044850 0.412517
v 0.911358 -1.104378 0.368001
v 0.912171 -1.106939 0.365790
v 0.911358 -1.104378 0.412429
v 0.903086 -1.078303 0.418471
v 0.894866 -1.052395 0.412517
v 0.887616 -1.114657 0.368001
v 0.888927 -1.117003 0.365790
v 0.887616 -1.114657 0.412429
v 0.874263 -1.090782 0.418471
v 0.860996 -1.067059 0.412517
v 0.866428 -1.129506 0.368001
v 0.868185 -1.131539 0.365790
v 0.866428 -1.129506 0.412429
v 0.848542 -1.108806 0.418471
v 0.830772 -1.088240 0.412517
v 0.848662 -1.148315 0.368001
v 0.850793 -1.149953 0.365790
v 0.848662 -1.148315 0.412429
v 0.826977 -1.131639 0.418471
v 0.805430 -1.115071 0.412517
v 0.835047 -1.170315 0.368001
v 0.837464 -1.171491 0.365790
v 0.835047 -1.170315 0.412429
v 0.810449 -1.158346 0.418471
v 0.786008 -1.146454 0.412517
v 0.826138 -1.194606 0.368001
v 0.828742 -1.195271 0.365790
v 0.826138 -1.194606 0.412429
v 0.799634 -1.187834 0.418471
v 0.773300 -1.181105 0.412517
v 0.822302 -1.220192 0.368001
v 0.824987 -1.220320 0.365790
v 0.822302 -1.220192 0.412429
v 0.794978 -1.218894 0.418471
v 0.767828 -1.217603 0.412517
v 0.823695 -1.246027 0.368001
v 0.826350 -1.245612 0.365790
v 0.823695 -1.246027 0.412429
v 0.796668 -1.250256 0.418471
v 0.769814 -1.254457 0.412517
v 0.830260 -1.271054 0.368001
v 0.832777 -1.270112 0.365790
v 0.830260 -1.271054 0.412429
v 0.804637 -1.280636 0.418471
v 0.779178 -1.290156 0.412517
v 0.841727 -1.294246 0.368001
v 0.844004 -1.292817 0.365790
v 0.841727 -1.294246 0.412429
v 0.818558 -1.308790 0.418471
v 0.795537 -1.323240 0.412517
v 0.857629 -1.314655 0.368001
v 0.859571 -1.312798 0.365790
v 0.857629 -1.314655 0.412429
v 0.837862 -1.333565 0.418471
v 0.818220 -1.352354 0.412517
v 0.877313 -1.331446 0.368001
v 0.878842 -1.329235 0.365790
v 0.877313 -1.331446 0.412429
v 0.861756 -1.353948 0.418471
v 0.846299 -1.376305 0.412517
v 0.899974 -1.343930 0.368001
v 0.901026 -1.341458 0.365790
v 0.899974 -1.343930 0.412429
v 0.889266 -1.369103 0.418471
v 0.878626 -1.394114 0.412517
v 0.924685 -1.351598 0.368001
v 0.925218 -1.348964 0.365790
v 0.950443 -1.354134 0.368001
v 0.950435 -1.351447 0.365790
v 0.950443 -1.354134 0.412429
v 0.924685 -1.351598 0.412429
v 0.950532 -1.381490 0.418471
v 0.919262 -1.378411 0.418471
v 0.950619 -1.408670 0.412517
v 0.913874 -1.405052 0.412517
v 0.950685 -1.428930 0.394468
v 0.909858 -1.424910 0.394468
v 0.950702 -1.434487 0.370474
v 0.870694 -1.412758 0.394468
v 0.908758 -1.430356 0.370474
v 0.950687 -1.429767 0.355857
v 0.909693 -1.425730 0.355857
v 0.950446 -1.354678 0.352576
v 0.868519 -1.417870 0.370474
v 0.834778 -1.392971 0.394468
v 0.924577 -1.352131 0.352576
v 0.950423 -1.347862 0.339177
v 0.870366 -1.413527 0.355857
v 0.831618 -1.397540 0.370474
v 0.803580 -1.366358 0.394468
v 0.925928 -1.345451 0.339177
v 0.950383 -1.335300 0.329058
v 0.899762 -1.344431 0.352576
v 0.928418 -1.333138 0.329058
v 0.950378 -1.333679 0.324730
v 0.902430 -1.338159 0.339177
v 0.834302 -1.393659 0.355857
v 0.877003 -1.331894 0.352576
v 0.799566 -1.370198 0.370474
v 0.802975 -1.366937 0.355857
v 0.778378 -1.334011 0.394468
v 0.773672 -1.336965 0.370474
v 0.760202 -1.297253 0.394468
v 0.749798 -1.257589 0.394468
v 0.754998 -1.299199 0.370474
v 0.777669 -1.334456 0.355857
v 0.857236 -1.315031 0.352576
v 0.747590 -1.216642 0.394468
v 0.744309 -1.258447 0.370474
v 0.759418 -1.297546 0.355857
v 0.841266 -1.294535 0.352576
v 0.753671 -1.176089 0.394468
v 0.742041 -1.216378 0.370474
v 0.748971 -1.257718 0.355857
v 0.829750 -1.271244 0.352576
v 0.767790 -1.137590 0.394468
v 0.748288 -1.174714 0.370474
v 0.746755 -1.216602 0.355857
v 0.823158 -1.246111 0.352576
v 0.789369 -1.102721 0.394468
v 0.762794 -1.135159 0.370474
v 0.752860 -1.175882 0.355857
v 0.821759 -1.220166 0.352576
v 0.817526 -1.072910 0.394468
v 0.784966 -1.099334 0.370474
v 0.767038 -1.137224 0.355857
v 0.825612 -1.194471 0.352576
v 0.851107 -1.049376 0.394468
v 0.813894 -1.068706 0.370474
v 0.788706 -1.102211 0.355857
v 0.834558 -1.170077 0.352576
v 0.888738 -1.033084 0.394468
v 0.848395 -1.044527 0.370474
v 0.816979 -1.072277 0.355857
v 0.848231 -1.147983 0.352576
v 0.928878 -1.024700 0.394468
v 0.887058 -1.027789 0.370474
v 0.850698 -1.048646 0.355857
v 0.866072 -1.129094 0.352576
v 0.969884 -1.024568 0.394468
v 0.928298 -1.019175 0.370474
v 1.010078 -1.032693 0.394468
v 0.970428 -1.019039 0.370474
v 0.888485 -1.032286 0.355857
v 0.928790 -1.023868 0.355857
v 0.887350 -1.114182 0.352576
v 0.911194 -1.103859 0.352576
v 0.969966 -1.023735 0.355857
v 1.047813 -1.048742 0.394468
v 0.936628 -1.098547 0.352576
v 1.081545 -1.072058 0.394468
v 1.109893 -1.101687 0.394468
v 1.131698 -1.136416 0.394468
v 0.913255 -1.110357 0.339177
v 0.917054 -1.122330 0.329058
v 0.890678 -1.120131 0.339177
v 0.896809 -1.131096 0.329058
v 0.917545 -1.123875 0.324730
v 0.897600 -1.132510 0.324730
v 0.870529 -1.134251 0.339177
v 0.878742 -1.143757 0.329058
v 0.879802 -1.144983 0.324730
v 0.853634 -1.152138 0.339177
v 0.863594 -1.159796 0.329058
v 0.864878 -1.160784 0.324730
v 0.840687 -1.173059 0.339177
v 0.851983 -1.178556 0.329058
v 0.853441 -1.179265 0.324730
v 0.832216 -1.196159 0.339177
v 0.844387 -1.199269 0.329058
v 0.845958 -1.199670 0.324730
v 0.828568 -1.220490 0.339177
v 0.841116 -1.221086 0.329058
v 0.842735 -1.221163 0.324730
v 0.829892 -1.245058 0.339177
v 0.842304 -1.243116 0.329058
v 0.843905 -1.242866 0.324730
v 0.836134 -1.268857 0.339177
v 0.847901 -1.264456 0.329058
v 0.849419 -1.263889 0.324730
v 0.847040 -1.290911 0.339177
v 0.857680 -1.284233 0.329058
v 0.859052 -1.283371 0.324730
v 0.862161 -1.310319 0.339177
v 0.871238 -1.301635 0.329058
v 0.872410 -1.300515 0.324730
v 0.880880 -1.326286 0.339177
v 0.888024 -1.315953 0.329058
v 0.907347 -1.326599 0.329058
v 0.888946 -1.314620 0.324730
v 0.907982 -1.325107 0.324730
v 0.928739 -1.331549 0.324730
v 0.950410 -1.343851 0.305117
v 0.926723 -1.341518 0.305117
v 0.950461 -1.359485 0.301469
v 0.904000 -1.334467 0.305117
v 0.923624 -1.356842 0.301469
v 0.950461 -1.359350 0.285880
v 0.883161 -1.322987 0.305117
v 0.897880 -1.348854 0.301469
v 0.923651 -1.356710 0.285880
v 0.950516 -1.376695 0.275055
v 0.865060 -1.307546 0.305117
v 0.874270 -1.335847 0.301469
v 0.897933 -1.348729 0.285880
v 0.920213 -1.373711 0.275055
v 0.950546 -1.385933 0.257632
v 0.918382 -1.382766 0.257632
v 0.950542 -1.384640 0.237987
v 0.891142 -1.364691 0.275055
v 0.918638 -1.381498 0.237987
v 0.950501 -1.371748 0.219145
v 0.887526 -1.373192 0.257632
v 0.874348 -1.335735 0.285880
v 0.864483 -1.350004 0.275055
v 0.853762 -1.318354 0.301469
v 0.853861 -1.318260 0.285880
v 0.850437 -1.288779 0.305117
v 0.837196 -1.297091 0.301469
v 0.839892 -1.267451 0.305117
v 0.833855 -1.244438 0.305117
v 0.825248 -1.272928 0.301469
v 0.837310 -1.297018 0.285880
v 0.841326 -1.330250 0.275055
v 0.832574 -1.220681 0.305117
v 0.818409 -1.246854 0.301469
v 0.825375 -1.272880 0.285880
v 0.822619 -1.306240 0.275055
v 0.836102 -1.197152 0.305117
v 0.816958 -1.219938 0.301469
v 0.818543 -1.246834 0.285880
v 0.809128 -1.278956 0.275055
v 0.844294 -1.174815 0.305117
v 0.820955 -1.193281 0.301469
v 0.817094 -1.219945 0.285880
v 0.801406 -1.249514 0.275055
v 0.856814 -1.154583 0.305117
v 0.830236 -1.167974 0.301469
v 0.821086 -1.193315 0.285880
v 0.799767 -1.219122 0.275055
v 0.873151 -1.137286 0.305117
v 0.844422 -1.145054 0.301469
v 0.830358 -1.168034 0.285880
v 0.804280 -1.189020 0.275055
v 0.892635 -1.123633 0.305117
v 0.862930 -1.125457 0.301469
v 0.844529 -1.145136 0.285880
v 0.814760 -1.160444 0.275055
v 0.914469 -1.114180 0.305117
v 0.885004 -1.109987 0.301469
v 0.863018 -1.125559 0.285880
v 0.830778 -1.134562 0.275055
v 0.937758 -1.109315 0.305117
v 0.909740 -1.099278 0.301469
v 0.885070 -1.110106 0.285880
v 0.851678 -1.112435 0.275055
v 0.909782 -1.099407 0.285880
v 0.936126 -1.093767 0.301469
v 0.876603 -1.094966 0.275055
v 0.961550 -1.109238 0.305117
v 0.936141 -1.093902 0.285880
v 0.981857 -1.123668 0.324730
v 0.963082 -1.093680 0.301469
v 0.984870 -1.113953 0.305117
v 1.002638 -1.130754 0.329058
v 1.001857 -1.132174 0.324730
v 1.006764 -1.123265 0.305117
v 0.989502 -1.099021 0.301469
v 1.026336 -1.136793 0.305117
v 1.014307 -1.109570 0.301469
v 0.963068 -1.093815 0.285880
v 0.989462 -1.099150 0.285880
v 1.042783 -1.153984 0.305117
v 1.036481 -1.124898 0.301469
v 1.014242 -1.109690 0.285880
v 1.055434 -1.174134 0.305117
v 1.055115 -1.144374 0.301469
v 1.063770 -1.196418 0.305117
v 1.069448 -1.167202 0.301469
v 1.036393 -1.125001 0.285880
v 1.055008 -1.144458 0.285880
v 1.067450 -1.219923 0.305117
v 1.078892 -1.192450 0.301469
v 1.069326 -1.167263 0.285880
v 1.066322 -1.243688 0.305117
v 1.083061 -1.219080 0.301469
v 1.078761 -1.192484 0.285880
v 1.081783 -1.246005 0.301469
v 1.082926 -1.219088 0.285880
v 1.060434 -1.266740 0.305117
v 1.081650 -1.245985 0.285880
v 1.041377 -1.282782 0.324730
v 1.075112 -1.272122 0.301469
v 1.050026 -1.288135 0.305117
v 1.029308 -1.301126 0.329058
v 1.028130 -1.300013 0.324730
v 1.019826 -1.325838 0.339177
v 1.012616 -1.315551 0.329058
v 0.998354 -1.337849 0.339177
v 0.974903 -1.345292 0.339177
v 0.950423 -1.347862 0.339177
v 0.993362 -1.326322 0.329058
v 0.972334 -1.332995 0.329058
v 0.950383 -1.335300 0.329058
v 1.011686 -1.314224 0.324730
v 0.992718 -1.324834 0.324730
v 0.972002 -1.331409 0.324730
v 0.950378 -1.333679 0.324730
v 1.035525 -1.306997 0.305117
v 1.017523 -1.322554 0.305117
v 0.996759 -1.334168 0.305117
v 0.974082 -1.341366 0.305117
v 0.950410 -1.343851 0.305117
v 0.977280 -1.356669 0.301469
v 0.950461 -1.359485 0.301469
v 1.002972 -1.348515 0.301469
v 1.026497 -1.335356 0.301469
v 1.046892 -1.317730 0.301469
v 0.977253 -1.356536 0.285880
v 0.950461 -1.359350 0.285880
v 1.002918 -1.348390 0.285880
v 1.026419 -1.335245 0.285880
v 1.046793 -1.317638 0.285880
v 0.980800 -1.373516 0.275055
v 0.950516 -1.376695 0.275055
v 1.009811 -1.364308 0.275055
v 1.036375 -1.349450 0.275055
v 1.059405 -1.329547 0.275055
v 0.982690 -1.382558 0.257632
v 0.950546 -1.385933 0.257632
v 1.013482 -1.372785 0.257632
v 1.041678 -1.357014 0.257632
v 1.066121 -1.335890 0.257632
v 0.982426 -1.381292 0.237987
v 0.950542 -1.384640 0.237987
v 1.012968 -1.371598 0.237987
v 1.040935 -1.355954 0.237987
v 1.065181 -1.335002 0.237987
v 0.979788 -1.368674 0.219145
v 0.950501 -1.371748 0.219145
v 1.007846 -1.359769 0.219145
v 1.033536 -1.345399 0.219145
v 1.055808 -1.326150 0.219145
v 0.971775 -1.330325 0.195784
v 0.950374 -1.332571 0.195784
v 0.992278 -1.323818 0.195784
v 1.011050 -1.313317 0.195784
v 1.027324 -1.299253 0.195784
v 0.960046 -1.274190 0.178843
v 0.950189 -1.275224 0.178843
v 0.969488 -1.271192 0.178843
v 0.978134 -1.266356 0.178843
v 0.985630 -1.259878 0.178843
v 0.960910 -1.278325 0.169823
v 0.950202 -1.279449 0.169823
v 0.971167 -1.275070 0.169823
v 0.980558 -1.269816 0.169823
v 0.988701 -1.262779 0.169823
v 0.960618 -1.276926 0.160346
v 0.950198 -1.278021 0.160346
v 0.970600 -1.273758 0.160346
v 0.979739 -1.268646 0.160346
v 0.987662 -1.261799 0.160346
v 0.957994 -1.264369 0.153936
v 0.950157 -1.265192 0.153936
v 0.965502 -1.261987 0.153936
v 0.972375 -1.258141 0.153936
v 0.978335 -1.252990 0.153936
v 0.957503 -1.262025 0.153936
v 0.950148 -1.262797 0.153936
v 0.964550 -1.259789 0.153936
v 0.971001 -1.256180 0.153936
v 0.976594 -1.251346 0.153936
v 0.958658 -1.267546 0.145142
v 0.950166 -1.268438 0.145142
v 0.966790 -1.264964 0.145142
v 0.974238 -1.260799 0.145142
v 0.980694 -1.255219 0.145142
v 0.958115 -1.264953 0.138011
v 0.950158 -1.265788 0.138011
v 0.956546 -1.257438 0.131884
v 0.950134 -1.258111 0.131884
v 0.962687 -1.255489 0.131884
v 0.965738 -1.262534 0.138011
v 0.968311 -1.252343 0.131884
v 0.972718 -1.258630 0.138011
v 0.973187 -1.248130 0.131884
v 0.978768 -1.253400 0.138011
v 0.977114 -1.243021 0.131884
v 0.983642 -1.247060 0.138011
v 0.979934 -1.237226 0.131884
v 0.985895 -1.248454 0.145142
v 0.987141 -1.239869 0.138011
v 0.981529 -1.230982 0.131884
v 0.981099 -1.245487 0.153936
v 0.989629 -1.240781 0.145142
v 0.989121 -1.232121 0.138011
v 0.981834 -1.224546 0.131884
v 0.983136 -1.246747 0.153936
v 0.984333 -1.238839 0.153936
v 0.991740 -1.232513 0.145142
v 0.989499 -1.224132 0.138011
v 0.980838 -1.218179 0.131884
v 0.994046 -1.253497 0.160346
v 0.986582 -1.239663 0.153936
v 0.995260 -1.254248 0.169823
v 0.998626 -1.244079 0.160346
v 0.986162 -1.231678 0.153936
v 0.988530 -1.232031 0.153936
v 0.992145 -1.223990 0.145142
v 0.986513 -1.224294 0.153936
v 0.988262 -1.216231 0.138011
v 0.978580 -1.212144 0.131884
v 0.990825 -1.215559 0.145142
v 0.985461 -1.208741 0.138011
v 0.975154 -1.206686 0.131884
v 0.981209 -1.201968 0.138011
v 0.970698 -1.202030 0.131884
v 0.987836 -1.207566 0.145142
v 0.985370 -1.216990 0.153936
v 0.988904 -1.224164 0.153936
v 0.975681 -1.196190 0.138011
v 0.965398 -1.198366 0.131884
v 0.983299 -1.200339 0.145142
v 0.982780 -1.210066 0.153936
v 0.987686 -1.216382 0.153936
v 0.969102 -1.191642 0.138011
v 0.959468 -1.195843 0.131884
v 0.977399 -1.194174 0.145142
v 0.978850 -1.203806 0.153936
v 0.984926 -1.209004 0.153936
v 0.961742 -1.188511 0.138011
v 0.953152 -1.194566 0.131884
v 0.970380 -1.189322 0.145142
v 0.973740 -1.198465 0.153936
v 0.980738 -1.202334 0.153936
v 0.953904 -1.186926 0.138011
v 0.946708 -1.194587 0.131884
v 0.962528 -1.185982 0.145142
v 0.967658 -1.194262 0.153936
v 0.975293 -1.196643 0.153936
v 0.945906 -1.186952 0.138011
v 0.940400 -1.195904 0.131884
v 0.954164 -1.184290 0.145142
v 0.960857 -1.191368 0.153936
v 0.968814 -1.192163 0.153936
v 0.938078 -1.188587 0.138011
v 0.934486 -1.198464 0.131884
v 0.945631 -1.184318 0.145142
v 0.930740 -1.191765 0.138011
v 0.929209 -1.202162 0.131884
v 0.937278 -1.186062 0.145142
v 0.953611 -1.189903 0.153936
v 0.946218 -1.189927 0.153936
v 0.961565 -1.189081 0.153936
v 0.953845 -1.187520 0.153936
v 0.938983 -1.191438 0.153936
v 0.929446 -1.189452 0.145142
v 0.924190 -1.196354 0.138011
v 0.924784 -1.206847 0.131884
v 0.945968 -1.187546 0.153936
v 0.918698 -1.202167 0.138011
v 0.921393 -1.212326 0.131884
v 0.922458 -1.194349 0.145142
v 0.932199 -1.194374 0.153936
v 0.938258 -1.189156 0.153936
v 0.914490 -1.208967 0.138011
v 0.919174 -1.218377 0.131884
v 0.916598 -1.200553 0.145142
v 0.911736 -1.216476 0.138011
v 0.918218 -1.224750 0.131884
v 0.912108 -1.207808 0.145142
v 0.926146 -1.198617 0.153936
v 0.921070 -1.203990 0.153936
v 0.910550 -1.224385 0.138011
v 0.918565 -1.231184 0.131884
v 0.909170 -1.215820 0.145142
v 0.917179 -1.210276 0.153936
v 0.910980 -1.232370 0.138011
v 0.920199 -1.237418 0.131884
v 0.907904 -1.224258 0.145142
v 0.913009 -1.240106 0.138011
v 0.923055 -1.243195 0.131884
v 0.908362 -1.232779 0.145142
v 0.914634 -1.217216 0.153936
v 0.913538 -1.224527 0.153936
v 0.916554 -1.247275 0.138011
v 0.927016 -1.248278 0.131884
v 0.910527 -1.241034 0.145142
v 0.913935 -1.231908 0.153936
v 0.921468 -1.253583 0.138011
v 0.931918 -1.252460 0.131884
v 0.914310 -1.248683 0.145142
v 0.927552 -1.258774 0.138011
v 0.937562 -1.255570 0.131884
v 0.919554 -1.255414 0.145142
v 0.915810 -1.239058 0.153936
v 0.919086 -1.245685 0.153936
v 0.934557 -1.262634 0.138011
v 0.943717 -1.257480 0.131884
v 0.926046 -1.260953 0.145142
v 0.923630 -1.251516 0.153936
v 0.942194 -1.265004 0.138011
v 0.950134 -1.258111 0.131884
v 0.950158 -1.265788 0.138011
v 0.933519 -1.265071 0.145142
v 0.941669 -1.267600 0.145142
v 0.950166 -1.268438 0.145142
v 0.929254 -1.256314 0.153936
v 0.935727 -1.259881 0.153936
v 0.942787 -1.262072 0.153936
v 0.950148 -1.262797 0.153936
v 0.942314 -1.264420 0.153936
v 0.950157 -1.265192 0.153936
v 0.934792 -1.262086 0.153936
v 0.927893 -1.258285 0.153936
v 0.921900 -1.253173 0.153936
v 0.939771 -1.276994 0.160346
v 0.950198 -1.278021 0.160346
v 0.929770 -1.273890 0.160346
v 0.920597 -1.268837 0.160346
v 0.912630 -1.262041 0.160346
v 0.939489 -1.278394 0.169823
v 0.950202 -1.279449 0.169823
v 0.929210 -1.275205 0.169823
v 0.919785 -1.270012 0.169823
v 0.911598 -1.263028 0.169823
v 0.940326 -1.274253 0.178843
v 0.950189 -1.275224 0.178843
v 0.930864 -1.271317 0.178843
v 0.922187 -1.266537 0.178843
v 0.914650 -1.260108 0.178843
v 0.928958 -1.330463 0.195784
v 0.950374 -1.332571 0.195784
v 0.908415 -1.324088 0.195784
v 0.889575 -1.313709 0.195784
v 0.873210 -1.299750 0.195784
v 0.921194 -1.368862 0.219145
v 0.893079 -1.360138 0.219145
v 0.888033 -1.372002 0.237987
v 0.867296 -1.345935 0.219145
v 0.859966 -1.356539 0.237987
v 0.859230 -1.357602 0.257632
v 0.834650 -1.336636 0.257632
v 0.835586 -1.335742 0.237987
v 0.814795 -1.311152 0.257632
v 0.844901 -1.326831 0.219145
v 0.815890 -1.310464 0.237987
v 0.826809 -1.303610 0.219145
v 0.800475 -1.282192 0.257632
v 0.801687 -1.281738 0.237987
v 0.792278 -1.250942 0.257632
v 0.790539 -1.218683 0.257632
v 0.793556 -1.250742 0.237987
v 0.813762 -1.277223 0.219145
v 0.859990 -1.282782 0.195784
v 0.908562 -1.252293 0.178843
v 0.850457 -1.263501 0.195784
v 0.904984 -1.254539 0.169823
v 0.904171 -1.243413 0.178843
v 0.806293 -1.248750 0.219145
v 0.844999 -1.242695 0.195784
v 0.791831 -1.218744 0.237987
v 0.804709 -1.219356 0.219145
v 0.795330 -1.186734 0.257632
v 0.796583 -1.187054 0.237987
v 0.806454 -1.156402 0.257632
v 0.823454 -1.128931 0.257632
v 0.807617 -1.156968 0.237987
v 0.809074 -1.190245 0.219145
v 0.843842 -1.221216 0.195784
v 0.845638 -1.105444 0.257632
v 0.824480 -1.129719 0.237987
v 0.819209 -1.162608 0.219145
v 0.847030 -1.199944 0.195784
v 0.901658 -1.233831 0.178843
v 0.901125 -1.223938 0.178843
v 0.900214 -1.244893 0.169823
v 0.897483 -1.234483 0.169823
v 0.906194 -1.253780 0.160346
v 0.901552 -1.244392 0.160346
v 0.917059 -1.246959 0.153936
v 0.913568 -1.239898 0.153936
v 0.898894 -1.234263 0.160346
v 0.911570 -1.232280 0.153936
v 0.896904 -1.223738 0.169823
v 0.898330 -1.223806 0.160346
v 0.911146 -1.224414 0.153936
v 0.902594 -1.214141 0.178843
v 0.898500 -1.213095 0.169823
v 0.899884 -1.213449 0.160346
v 0.912314 -1.216625 0.153936
v 0.915026 -1.209230 0.153936
v 0.903490 -1.203617 0.160346
v 0.902205 -1.202992 0.169823
v 0.906004 -1.204840 0.178843
v 0.919170 -1.202532 0.153936
v 0.909001 -1.194712 0.160346
v 0.907868 -1.193841 0.169823
v 0.911218 -1.196417 0.178843
v 0.924579 -1.196806 0.153936
v 0.916191 -1.187098 0.160346
v 0.915258 -1.186018 0.169823
v 0.918019 -1.189214 0.178843
v 0.931030 -1.192286 0.153936
v 0.924767 -1.181088 0.160346
v 0.934378 -1.176927 0.160346
v 0.944629 -1.174786 0.160346
v 0.924070 -1.179842 0.169823
v 0.933946 -1.175566 0.169823
v 0.944480 -1.173366 0.169823
v 0.955101 -1.174753 0.160346
v 0.955242 -1.173331 0.169823
v 0.965366 -1.176828 0.160346
v 0.965789 -1.175464 0.169823
v 0.975003 -1.180926 0.160346
v 0.975692 -1.179675 0.169823
v 0.983618 -1.186881 0.160346
v 0.984545 -1.185794 0.169823
v 0.990858 -1.194448 0.160346
v 0.991984 -1.193570 0.169823
v 0.996426 -1.203317 0.160346
v 0.997706 -1.202684 0.169823
v 1.000095 -1.213126 0.160346
v 1.001477 -1.212763 0.169823
v 1.001714 -1.223472 0.160346
v 1.003141 -1.223395 0.169823
v 1.001218 -1.233933 0.160346
v 1.002631 -1.234144 0.169823
v 0.999968 -1.244571 0.169823
v 0.991667 -1.252025 0.178843
v 0.996001 -1.243117 0.178843
v 1.040434 -1.282200 0.195784
v 0.998453 -1.233518 0.178843
v 1.049844 -1.262858 0.195784
v 1.073750 -1.302814 0.219145
v 0.998922 -1.223623 0.178843
v 1.055167 -1.242017 0.195784
v 1.086626 -1.276343 0.219145
v 1.084713 -1.309597 0.237987
v 1.085812 -1.310278 0.257632
v 1.098730 -1.280781 0.237987
v 1.077957 -1.305417 0.275055
v 1.099944 -1.281227 0.257632
v 1.093912 -1.247822 0.219145
v 1.106661 -1.249733 0.237987
v 1.056186 -1.220531 0.195784
v 1.095306 -1.218419 0.219145
v 0.997390 -1.213835 0.178843
v 1.052860 -1.199280 0.195784
v 0.993919 -1.204557 0.178843
v 0.988651 -1.196166 0.178843
v 1.045324 -1.179134 0.195784
v 1.090754 -1.189337 0.219145
v 1.108179 -1.217724 0.237987
v 0.981803 -1.189009 0.178843
v 1.033886 -1.160917 0.195784
v 1.080441 -1.161766 0.219145
v 1.103223 -1.186065 0.237987
v 0.973654 -1.183376 0.178843
v 1.019016 -1.145375 0.195784
v 1.064789 -1.136836 0.219145
v 1.091996 -1.156051 0.237987
v 0.964538 -1.179498 0.178843
v 1.001322 -1.133144 0.195784
v 1.044438 -1.115566 0.219145
v 1.074957 -1.128912 0.237987
v 0.954827 -1.177536 0.178843
v 0.981528 -1.124726 0.195784
v 1.020224 -1.098829 0.219145
v 1.052804 -1.105758 0.237987
v 0.944921 -1.177568 0.178843
v 0.960445 -1.120464 0.195784
v 0.993136 -1.087308 0.219145
v 1.026443 -1.087537 0.237987
v 0.935224 -1.179594 0.178843
v 0.938935 -1.120534 0.195784
v 0.926132 -1.183529 0.178843
v 0.917880 -1.124931 0.195784
v 0.898141 -1.133477 0.195784
v 0.880526 -1.145822 0.195784
v 0.906032 -1.087589 0.219145
v 0.865756 -1.161459 0.195784
v 0.879018 -1.099284 0.219145
v 0.854912 -1.116178 0.219145
v 0.854437 -1.179750 0.195784
v 0.834700 -1.137578 0.219145
v 0.846483 -1.106423 0.237987
v 0.872726 -1.088033 0.237987
v 0.872094 -1.086903 0.257632
v 0.902133 -1.075301 0.237987
v 0.901742 -1.074068 0.257632
v 0.904536 -1.082874 0.275055
v 0.934330 -1.076650 0.275055
v 0.933366 -1.067463 0.257632
v 0.964767 -1.076552 0.275055
v 0.933501 -1.068750 0.237987
v 0.965672 -1.067359 0.257632
v 0.994601 -1.082583 0.275055
v 0.934846 -1.081570 0.219145
v 0.965546 -1.068646 0.237987
v 0.964282 -1.081475 0.219145
v 0.996955 -1.074995 0.237987
v 0.997338 -1.073760 0.257632
v 1.027067 -1.086404 0.257632
v 1.022611 -1.094496 0.275055
v 1.047649 -1.111802 0.275055
v 1.053643 -1.104774 0.257632
v 1.068690 -1.133795 0.275055
v 1.075978 -1.128117 0.257632
v 1.084875 -1.159573 0.275055
v 1.093155 -1.155478 0.257632
v 1.095539 -1.188082 0.275055
v 1.104474 -1.185737 0.257632
v 1.100247 -1.218152 0.275055
v 1.109471 -1.217654 0.257632
v 1.098804 -1.248556 0.275055
v 1.107939 -1.249925 0.257632
v 1.091271 -1.278046 0.275055
v 1.074985 -1.272075 0.285880
v 1.063206 -1.296290 0.285880
v 1.063322 -1.296361 0.301469
v 0.975636 -1.348801 0.365790
v 0.999778 -1.341138 0.365790
v 1.021883 -1.328774 0.365790
v 0.925218 -1.348964 0.365790
v 0.950435 -1.351447 0.365790
v 0.901026 -1.341458 0.365790
v 1.056486 -1.292132 0.365790
v 1.041047 -1.312212 0.365790
v 0.859571 -1.312798 0.365790
v 0.878842 -1.329235 0.365790
v 1.067566 -1.269355 0.365790
v 1.073834 -1.244814 0.365790
v 0.824987 -1.220320 0.365790
v 1.075034 -1.219514 0.365790
v 0.832777 -1.270112 0.365790
v 0.826350 -1.245612 0.365790
v 0.844004 -1.292817 0.365790
v 0.962294 -1.101679 0.365790
v 0.936966 -1.101761 0.365790
v 0.912171 -1.106939 0.365790
v 1.010429 -1.116611 0.365790
v 0.987121 -1.106698 0.365790
v 0.888927 -1.117003 0.365790
v 0.868185 -1.131539 0.365790
v 0.837464 -1.171491 0.365790
v 0.850793 -1.149953 0.365790
v 1.048775 -1.149315 0.365790
v 1.031265 -1.131013 0.365790
v 1.071117 -1.194490 0.365790
v 1.062242 -1.170766 0.365790
v 0.824987 -1.220320 0.365790
v 0.828742 -1.195271 0.365790
v 1.075034 -1.219514 0.365790
v 0.962190 -1.102630 0.001188
v 0.937054 -1.102713 0.001188
v 0.936227 -1.094733 0.001188
v 0.962986 -1.094647 0.001188
v 0.986827 -1.107608 0.001188
v 0.910034 -1.100204 0.001188
v 0.912449 -1.107854 0.001188
v 0.989214 -1.099949 0.001188
v 1.009959 -1.117444 0.001188
v 0.885478 -1.110835 0.001188
v 0.889383 -1.117844 0.001188
v 1.013838 -1.110422 0.001188
v 1.030638 -1.131734 0.001188
v 0.863565 -1.126192 0.001188
v 0.868800 -1.132271 0.001188
v 1.035850 -1.125637 0.001188
v 1.048016 -1.149895 0.001188
v 0.845191 -1.145646 0.001188
v 0.851542 -1.150547 0.001188
v 1.054349 -1.144971 0.001188
v 1.061382 -1.171182 0.001188
v 0.831110 -1.168399 0.001188
v 0.838318 -1.171922 0.001188
v 1.068577 -1.167634 0.001188
v 1.070190 -1.194725 0.001188
v 0.821897 -1.193522 0.001188
v 0.829666 -1.195523 0.001188
v 1.077952 -1.192696 0.001188
v 1.074079 -1.219558 0.001188
v 0.817929 -1.219984 0.001188
v 0.825942 -1.220381 0.001188
v 1.082091 -1.219133 0.001188
v 1.072889 -1.244666 0.001188
v 0.819369 -1.246704 0.001188
v 0.827298 -1.245481 0.001188
v 1.080822 -1.245861 0.001188
v 1.066670 -1.269021 0.001188
v 0.826158 -1.272587 0.001188
v 0.833678 -1.269794 0.001188
v 1.074200 -1.271787 0.001188
v 1.055675 -1.291624 0.001188
v 0.838018 -1.296574 0.001188
v 0.844822 -1.292323 0.001188
v 1.062494 -1.295850 0.001188
v 1.040355 -1.311552 0.001188
v 0.854465 -1.317682 0.001188
v 0.860274 -1.312150 0.001188
v 1.046185 -1.317064 0.001188
v 1.021338 -1.327989 0.001188
v 0.874822 -1.335048 0.001188
v 0.879401 -1.328459 0.001188
v 1.025939 -1.334560 0.001188
v 0.999401 -1.340260 0.001188
v 0.898260 -1.347960 0.001188
v 0.901418 -1.340585 0.001188
v 1.002586 -1.347623 0.001188
v 0.975443 -1.347865 0.001188
v 0.923817 -1.355890 0.001188
v 0.925426 -1.348030 0.001188
v 0.950458 -1.358514 0.001188
v 0.950443 -1.350490 0.001188
v 0.950455 -1.357767 0.020359
v 0.923964 -1.355159 0.020359
v 0.950314 -1.313918 0.036323
v 0.898552 -1.347273 0.020359
v 0.932656 -1.312178 0.036323
v 0.950240 -1.290912 0.057310
v 0.875247 -1.334434 0.020359
v 0.915718 -1.306922 0.036323
v 0.937216 -1.289630 0.057310
v 0.950209 -1.281310 0.078589
v 0.855004 -1.317166 0.020359
v 0.900183 -1.298364 0.036323
v 0.924723 -1.285754 0.057310
v 0.939120 -1.280218 0.078589
v 0.950155 -1.264686 0.122906
v 0.838651 -1.296177 0.020359
v 0.886690 -1.286854 0.036323
v 0.913266 -1.279442 0.057310
v 0.928482 -1.276918 0.078589
v 0.942415 -1.263925 0.122906
v 0.950146 -1.262322 0.127350
v 0.942882 -1.261607 0.127350
v 0.950134 -1.258111 0.131884
v 0.943717 -1.257480 0.131884
v 0.934990 -1.261620 0.122906
v 0.935914 -1.259444 0.127350
v 0.937562 -1.255570 0.131884
v 0.918726 -1.271543 0.078589
v 0.928180 -1.257869 0.122906
v 0.929523 -1.255923 0.127350
v 0.931918 -1.252460 0.131884
v 0.903314 -1.270952 0.057310
v 0.910253 -1.264315 0.078589
v 0.922265 -1.252823 0.122906
v 0.923973 -1.251188 0.127350
v 0.927016 -1.248278 0.131884
v 0.919489 -1.245433 0.127350
v 0.923055 -1.243195 0.131884
v 0.917487 -1.246690 0.122906
v 0.903407 -1.255529 0.078589
v 0.895274 -1.260634 0.057311
v 0.916255 -1.238892 0.127350
v 0.920199 -1.237418 0.131884
v 0.914041 -1.239722 0.122906
v 0.898470 -1.245545 0.078589
v 0.889477 -1.248908 0.057310
v 0.914404 -1.231834 0.127350
v 0.918565 -1.231184 0.131884
v 0.912068 -1.232202 0.122906
v 0.895644 -1.234771 0.078589
v 0.886158 -1.236255 0.057310
v 0.914012 -1.224550 0.127350
v 0.918218 -1.224750 0.131884
v 0.911650 -1.224438 0.122906
v 0.895045 -1.223650 0.078589
v 0.885454 -1.223194 0.057310
v 0.915094 -1.217334 0.127350
v 0.919174 -1.218377 0.131884
v 0.912802 -1.216750 0.122906
v 0.896696 -1.212634 0.078589
v 0.887393 -1.210258 0.057310
v 0.917606 -1.210484 0.127350
v 0.921393 -1.212326 0.131884
v 0.915480 -1.209451 0.122906
v 0.900531 -1.202178 0.078589
v 0.891897 -1.197976 0.057310
v 0.921446 -1.204280 0.127350
v 0.924784 -1.206847 0.131884
v 0.919571 -1.202840 0.122906
v 0.906393 -1.192706 0.078589
v 0.898781 -1.186854 0.057310
v 0.926456 -1.198976 0.127350
v 0.929209 -1.202162 0.131884
v 0.924909 -1.197188 0.122906
v 0.914041 -1.184609 0.078589
v 0.907762 -1.177344 0.057310
v 0.932431 -1.194790 0.127350
v 0.934486 -1.198464 0.131884
v 0.931276 -1.192726 0.122906
v 0.923162 -1.178217 0.078589
v 0.918475 -1.169837 0.057310
v 0.939126 -1.191890 0.127350
v 0.940400 -1.195904 0.131884
v 0.938410 -1.189638 0.122906
v 0.933383 -1.173792 0.078589
v 0.930479 -1.164640 0.057310
v 0.946269 -1.190399 0.127350
v 0.946708 -1.194587 0.131884
v 0.946021 -1.188048 0.122906
v 0.944286 -1.171514 0.078589
v 0.943284 -1.161966 0.057310
v 0.953565 -1.190376 0.127350
v 0.953152 -1.194566 0.131884
v 0.953795 -1.188023 0.122906
v 0.955424 -1.171478 0.078589
v 0.956364 -1.161923 0.057310
v 0.960716 -1.191822 0.127350
v 0.959468 -1.195843 0.131884
v 0.961415 -1.189563 0.122906
v 0.966341 -1.173686 0.078589
v 0.969186 -1.164515 0.057310
v 0.967430 -1.194678 0.127350
v 0.965398 -1.198366 0.131884
v 0.968570 -1.192607 0.122906
v 0.976590 -1.178045 0.078589
v 0.981222 -1.169634 0.057310
v 0.973432 -1.198826 0.127350
v 0.970698 -1.202030 0.131884
v 0.974965 -1.197026 0.122906
v 0.985753 -1.184378 0.078589
v 0.991983 -1.177072 0.057310
v 0.978475 -1.204098 0.127350
v 0.975154 -1.206686 0.131884
v 0.980339 -1.202644 0.122906
v 0.993453 -1.192426 0.078589
v 1.001026 -1.186524 0.057310
v 0.982354 -1.210277 0.127350
v 0.978580 -1.212144 0.131884
v 0.984474 -1.209229 0.122906
v 0.999374 -1.201858 0.078589
v 1.007982 -1.197602 0.057310
v 0.984910 -1.217111 0.127350
v 0.980838 -1.218179 0.131884
v 0.987198 -1.216510 0.122906
v 1.003277 -1.212290 0.078589
v 1.012565 -1.209854 0.057310
v 0.986039 -1.224319 0.127350
v 0.981834 -1.224546 0.131884
v 0.988399 -1.224191 0.122906
v 1.004999 -1.223294 0.078589
v 1.014587 -1.222777 0.057310
v 0.985693 -1.231607 0.127350
v 0.981529 -1.230982 0.131884
v 0.988031 -1.231957 0.122906
v 1.004472 -1.234420 0.078589
v 1.013968 -1.235843 0.057310
v 0.983887 -1.238676 0.127350
v 0.979934 -1.237226 0.131884
v 0.986107 -1.239490 0.122906
v 1.001715 -1.245212 0.078589
v 1.010730 -1.248517 0.057310
v 0.980696 -1.245237 0.127350
v 0.977114 -1.243021 0.131884
v 0.982706 -1.246481 0.122906
v 0.996843 -1.255227 0.078589
v 1.005008 -1.260280 0.057310
v 0.976249 -1.251021 0.127350
v 0.973187 -1.248130 0.131884
v 0.977968 -1.252644 0.122906
v 0.990054 -1.264058 0.078589
v 0.997036 -1.270650 0.057310
v 0.970729 -1.255791 0.127350
v 0.968311 -1.252343 0.131884
v 0.972086 -1.257727 0.122906
v 0.981627 -1.271340 0.078589
v 0.987138 -1.279203 0.057310
v 0.964361 -1.259354 0.127350
v 0.962687 -1.255489 0.131884
v 0.965300 -1.261523 0.122906
v 0.971906 -1.276778 0.078589
v 0.975722 -1.285589 0.057310
v 0.957406 -1.261560 0.127350
v 0.956546 -1.257438 0.131884
v 0.950146 -1.262322 0.127350
v 0.950134 -1.258111 0.131884
v 0.950155 -1.264686 0.122906
v 0.957890 -1.263874 0.122906
v 0.950209 -1.281310 0.078589
v 0.961290 -1.280147 0.078589
v 0.950240 -1.290912 0.057310
v 0.963254 -1.289546 0.057310
v 0.950314 -1.313918 0.036323
v 0.967960 -1.312065 0.036323
v 0.950455 -1.357767 0.020359
v 0.984864 -1.306699 0.036323
v 0.976929 -1.354987 0.020359
v 0.950458 -1.358514 0.001188
v 0.977081 -1.355718 0.001188
v 0.950443 -1.350490 0.001188
v 1.002290 -1.346938 0.020359
v 1.000342 -1.298042 0.036323
v 1.025510 -1.333949 0.020359
v 1.013762 -1.286445 0.036323
v 1.045643 -1.316551 0.020359
v 1.024571 -1.272384 0.036323
v 1.061860 -1.295457 0.020359
v 1.032329 -1.256436 0.036323
v 1.073499 -1.271530 0.020359
v 1.036718 -1.239252 0.036323
v 1.080084 -1.245750 0.020359
v 1.037559 -1.221537 0.036323
v 1.081345 -1.219173 0.020359
v 1.034816 -1.204015 0.036323
v 1.077230 -1.192886 0.020359
v 1.028602 -1.187404 0.036323
v 1.067908 -1.167964 0.020359
v 1.019172 -1.172383 0.036323
v 1.053760 -1.145430 0.020359
v 1.006911 -1.159569 0.036323
v 1.035366 -1.126205 0.020359
v 0.992322 -1.149484 0.036323
v 1.013478 -1.111075 0.020359
v 0.976002 -1.142542 0.036323
v 0.988993 -1.100662 0.020359
v 0.958618 -1.139029 0.036323
v 0.962913 -1.095390 0.020359
v 0.940882 -1.139086 0.036323
v 0.936306 -1.095476 0.020359
v 0.923522 -1.142712 0.036323
v 0.910260 -1.100915 0.020359
v 0.907246 -1.149758 0.036323
v 0.885842 -1.111487 0.020359
v 0.892722 -1.159937 0.036323
v 0.864054 -1.126757 0.020359
v 0.880545 -1.172831 0.036323
v 0.845783 -1.146101 0.020359
v 0.871211 -1.187911 0.036323
v 0.831782 -1.168726 0.020359
v 0.865105 -1.204562 0.036323
v 0.822620 -1.193706 0.020359
v 0.862474 -1.222102 0.036323
v 0.818674 -1.220020 0.020359
v 0.863429 -1.239811 0.036323
v 0.820106 -1.246589 0.020359
v 0.867929 -1.256966 0.036323
v 0.826858 -1.272326 0.020359
v 0.875790 -1.272864 0.036323
v 1.096660 -1.373426 0.003713
v 1.096660 -1.080100 0.003713
v 0.803334 -1.080100 0.003713
v 1.096660 -1.080100 -0.032246
v 0.803334 -1.080100 -0.032246
v 1.096660 -1.373426 -0.032246
v 1.096660 -1.080100 -0.032246
v 0.803334 -1.080100 -0.032246
v 0.803334 -1.373426 -0.032246
v 0.803334 -1.373426 0.003713
v 0.803334 -1.080100 -0.032246
v 0.803334 -1.373426 -0.032246
v 0.803334 -1.373426 -0.032246
v 1.096660 -1.373426 -0.032246
vt 0.486900 0.491100
vt 0.486900 0.476300
vt 0.517900 0.476300
vt 0.455900 0.491100
vt 0.517900 0.472100
vt 0.517900 0.491100
vt 0.455900 0.476300
vt 0.455900 0.504800
vt 0.486900 0.472100
vt 0.424900 0.491100
vt 0.486900 0.504800
vt 0.424900 0.504800
vt 0.455900 0.573600
vt 0.424900 0.573600
vt 0.394000 0.573600
vt 0.394000 0.504800
vt 0.394000 0.491100
vt 0.394000 0.587700
vt 0.424900 0.587700
vt 0.455900 0.587700
vt 0.363000 0.587700
vt 0.363000 0.573600
vt 0.363000 0.504800
vt 0.332000 0.587700
vt 0.332000 0.573600
vt 0.332000 0.504800
vt 0.363000 0.491100
vt 0.301000 0.573600
vt 0.394000 0.476300
vt 0.301000 0.587700
vt 0.301000 0.610200
vt 0.301000 0.504800
vt 0.332000 0.491100
vt 0.363000 0.476300
vt 0.301000 0.491100
vt 0.332000 0.476300
vt 0.394000 0.472100
vt 0.363000 0.472100
vt 0.332000 0.472100
vt 0.301000 0.476300
vt 0.270000 0.504800
vt 0.270000 0.491100
vt 0.270000 0.573600
vt 0.239000 0.504800
vt 0.270000 0.587700
vt 0.239000 0.573600
vt 0.239000 0.587700
vt 0.270000 0.610200
vt 0.239000 0.610200
vt 0.208000 0.610200
vt 0.208000 0.587700
vt 0.208000 0.573600
vt 0.177100 0.610200
vt 0.177100 0.587700
vt 0.208000 0.504800
vt 0.177100 0.573600
vt 0.239000 0.491100
vt 0.177100 0.504800
vt 0.270000 0.476300
vt 0.208000 0.491100
vt 0.239000 0.476300
vt 0.301000 0.472100
vt 0.270000 0.472100
vt 0.208000 0.476300
vt 0.239000 0.472100
vt 0.177100 0.491100
vt 0.208000 0.472100
vt 0.177100 0.476300
vt 0.146100 0.504800
vt 0.146100 0.491100
vt 0.146100 0.573600
vt 0.115100 0.504800
vt 0.115100 0.573600
vt 0.146100 0.587700
vt 0.115100 0.587700
vt 0.146100 0.610200
vt 0.115100 0.610200
vt 0.084100 0.587700
vt 0.084100 0.610200
vt 0.084100 0.573600
vt 0.053100 0.610200
vt 0.053100 0.587700
vt 0.022100 0.610200
vt 0.022100 0.587700
vt 0.022100 0.635000
vt 0.053100 0.573600
vt 0.022100 0.573600
vt 0.053100 0.635000
vt 0.022100 0.660500
vt 0.053100 0.504800
vt 0.022100 0.504800
vt 0.084100 0.504800
vt 0.053100 0.660500
vt 0.022100 0.686100
vt 0.084100 0.635000
vt 0.053100 0.686100
vt 0.022100 0.726800
vt 0.084100 0.660500
vt 0.115100 0.635000
vt 0.053100 0.726800
vt 0.022100 0.730000
vt 0.053100 0.730000
vt 0.084100 0.686100
vt 0.084100 0.726800
vt 0.084100 0.730000
vt 0.115100 0.660500
vt 0.115100 0.686100
vt 0.115100 0.726800
vt 0.115100 0.730000
vt 0.146100 0.635000
vt 0.146100 0.660500
vt 0.177100 0.635000
vt 0.146100 0.686100
vt 0.177100 0.660500
vt 0.208000 0.635000
vt 0.146100 0.726800
vt 0.146100 0.730000
vt 0.177100 0.686100
vt 0.208000 0.660500
vt 0.177100 0.726800
vt 0.177100 0.730000
vt 0.239000 0.635000
vt 0.208000 0.686100
vt 0.239000 0.660500
vt 0.270000 0.635000
vt 0.208000 0.726800
vt 0.208000 0.730000
vt 0.239000 0.686100
vt 0.270000 0.660500
vt 0.239000 0.726800
vt 0.239000 0.730000
vt 0.301000 0.635000
vt 0.270000 0.686100
vt 0.270000 0.726800
vt 0.270000 0.730000
vt 0.301000 0.660500
vt 0.301000 0.686100
vt 0.301000 0.726800
vt 0.301000 0.730000
vt 0.332000 0.726800
vt 0.332000 0.730000
vt 0.332000 0.686100
vt 0.332000 0.660500
vt 0.332000 0.635000
vt 0.363000 0.726800
vt 0.363000 0.730000
vt 0.363000 0.686100
vt 0.363000 0.660500
vt 0.363000 0.635000
vt 0.394000 0.726800
vt 0.394000 0.730000
vt 0.394000 0.686100
vt 0.394000 0.660500
vt 0.394000 0.635000
vt 0.424900 0.726800
vt 0.424900 0.730000
vt 0.424900 0.686100
vt 0.424900 0.660500
vt 0.424900 0.635000
vt 0.455900 0.726800
vt 0.455900 0.730000
vt 0.455900 0.686100
vt 0.455900 0.660500
vt 0.455900 0.635000
vt 0.486900 0.726800
vt 0.486900 0.730000
vt 0.486900 0.686100
vt 0.486900 0.660500
vt 0.486900 0.635000
vt 0.517900 0.726800
vt 0.517900 0.730000
vt 0.517900 0.686100
vt 0.517900 0.660500
vt 0.517900 0.635000
vt 0.548900 0.726800
vt 0.548900 0.730000
vt 0.548900 0.686100
vt 0.548900 0.660500
vt 0.548900 0.635000
vt 0.579900 0.726800
vt 0.579900 0.730000
vt 0.579900 0.686100
vt 0.579900 0.660500
vt 0.579900 0.635000
vt 0.610900 0.726800
vt 0.610900 0.730000
vt 0.610900 0.686100
vt 0.610900 0.660500
vt 0.610900 0.635000
vt 0.641800 0.726800
vt 0.641800 0.730000
vt 0.641800 0.686100
vt 0.641800 0.660500
vt 0.641800 0.635000
vt 0.672800 0.726800
vt 0.672800 0.730000
vt 0.672800 0.686100
vt 0.672800 0.660500
vt 0.672800 0.635000
vt 0.703800 0.726800
vt 0.703800 0.730000
vt 0.703800 0.686100
vt 0.703800 0.660500
vt 0.703800 0.635000
vt 0.734800 0.726800
vt 0.734800 0.730000
vt 0.734800 0.686100
vt 0.734800 0.660500
vt 0.734800 0.635000
vt 0.765800 0.726800
vt 0.765800 0.730000
vt 0.765800 0.686100
vt 0.765800 0.660500
vt 0.765800 0.635000
vt 0.796800 0.726800
vt 0.796800 0.730000
vt 0.796800 0.686100
vt 0.796800 0.660500
vt 0.796800 0.635000
vt 0.827800 0.726800
vt 0.827800 0.730000
vt 0.827800 0.686100
vt 0.827800 0.660500
vt 0.827800 0.635000
vt 0.858700 0.726800
vt 0.858700 0.730000
vt 0.858700 0.686100
vt 0.858700 0.660500
vt 0.858700 0.635000
vt 0.889700 0.726800
vt 0.889700 0.730000
vt 0.889700 0.686100
vt 0.889700 0.660500
vt 0.889700 0.635000
vt 0.920700 0.726800
vt 0.920700 0.730000
vt 0.920700 0.686100
vt 0.920700 0.660500
vt 0.920700 0.635000
vt 0.951700 0.726800
vt 0.951700 0.730000
vt 0.978800 0.727200
vt 0.978800 0.730300
vt 0.978800 0.686500
vt 0.951700 0.686100
vt 0.978800 0.660900
vt 0.951700 0.660500
vt 0.978800 0.635400
vt 0.951700 0.635000
vt 0.978800 0.610600
vt 0.951700 0.610200
vt 0.978800 0.588000
vt 0.920700 0.610200
vt 0.951700 0.587700
vt 0.978800 0.574000
vt 0.951700 0.573600
vt 0.978800 0.505200
vt 0.920700 0.587700
vt 0.889700 0.610200
vt 0.951700 0.504800
vt 0.978800 0.491500
vt 0.920700 0.573600
vt 0.889700 0.587700
vt 0.858700 0.610200
vt 0.951700 0.491100
vt 0.978800 0.476700
vt 0.920700 0.504800
vt 0.951700 0.476300
vt 0.978800 0.472500
vt 0.920700 0.491100
vt 0.889700 0.573600
vt 0.889700 0.504800
vt 0.858700 0.587700
vt 0.858700 0.573600
vt 0.827800 0.610200
vt 0.827800 0.587700
vt 0.796800 0.610200
vt 0.765800 0.610200
vt 0.796800 0.587700
vt 0.827800 0.573600
vt 0.858700 0.504800
vt 0.734800 0.610200
vt 0.765800 0.587700
vt 0.796800 0.573600
vt 0.827800 0.504800
vt 0.703800 0.610200
vt 0.734800 0.587700
vt 0.765800 0.573600
vt 0.796800 0.504800
vt 0.672800 0.610200
vt 0.703800 0.587700
vt 0.734800 0.573600
vt 0.765800 0.504800
vt 0.641800 0.610200
vt 0.672800 0.587700
vt 0.703800 0.573600
vt 0.734800 0.504800
vt 0.610900 0.610200
vt 0.641800 0.587700
vt 0.672800 0.573600
vt 0.703800 0.504800
vt 0.579900 0.610200
vt 0.610900 0.587700
vt 0.641800 0.573600
vt 0.672800 0.504800
vt 0.548900 0.610200
vt 0.579900 0.587700
vt 0.610900 0.573600
vt 0.641800 0.504800
vt 0.517900 0.610200
vt 0.548900 0.587700
vt 0.579900 0.573600
vt 0.610900 0.504800
vt 0.486900 0.610200
vt 0.517900 0.587700
vt 0.455900 0.610200
vt 0.486900 0.587700
vt 0.548900 0.573600
vt 0.517900 0.573600
vt 0.579900 0.504800
vt 0.548900 0.504800
vt 0.486900 0.573600
vt 0.424900 0.610200
vt 0.517900 0.504800
vt 0.394000 0.610200
vt 0.363000 0.610200
vt 0.332000 0.610200
vt 0.548900 0.491100
vt 0.548900 0.476300
vt 0.579900 0.491100
vt 0.579900 0.476300
vt 0.548900 0.472100
vt 0.579900 0.472100
vt 0.610900 0.491100
vt 0.610900 0.476300
vt 0.610900 0.472100
vt 0.641800 0.491100
vt 0.641800 0.476300
vt 0.641800 0.472100
vt 0.672800 0.491100
vt 0.672800 0.476300
vt 0.672800 0.472100
vt 0.703800 0.491100
vt 0.703800 0.476300
vt 0.703800 0.472100
vt 0.734800 0.491100
vt 0.734800 0.476300
vt 0.734800 0.472100
vt 0.765800 0.491100
vt 0.765800 0.476300
vt 0.765800 0.472100
vt 0.796800 0.491100
vt 0.796800 0.476300
vt 0.796800 0.472100
vt 0.827800 0.491100
vt 0.827800 0.476300
vt 0.827800 0.472100
vt 0.858700 0.491100
vt 0.858700 0.476300
vt 0.858700 0.472100
vt 0.889700 0.491100
vt 0.889700 0.476300
vt 0.920700 0.476300
vt 0.889700 0.472100
vt 0.920700 0.472100
vt 0.951700 0.472100
vt 0.978800 0.452300
vt 0.951700 0.451900
vt 0.978800 0.437600
vt 0.920700 0.451900
vt 0.951700 0.437200
vt 0.978800 0.423300
vt 0.889700 0.451900
vt 0.920700 0.437200
vt 0.951700 0.422900
vt 0.978800 0.404600
vt 0.858700 0.451900
vt 0.889700 0.437200
vt 0.920700 0.422900
vt 0.951700 0.404200
vt 0.978800 0.386500
vt 0.951700 0.386100
vt 0.978800 0.368500
vt 0.920700 0.404200
vt 0.951700 0.368100
vt 0.978800 0.347600
vt 0.920700 0.386100
vt 0.889700 0.422900
vt 0.889700 0.404200
vt 0.858700 0.437200
vt 0.858700 0.422900
vt 0.827800 0.451900
vt 0.827800 0.437200
vt 0.796800 0.451900
vt 0.765800 0.451900
vt 0.796800 0.437200
vt 0.827800 0.422900
vt 0.858700 0.404200
vt 0.734800 0.451900
vt 0.765800 0.437200
vt 0.796800 0.422900
vt 0.827800 0.404200
vt 0.703800 0.451900
vt 0.734800 0.437200
vt 0.765800 0.422900
vt 0.796800 0.404200
vt 0.672800 0.451900
vt 0.703800 0.437200
vt 0.734800 0.422900
vt 0.765800 0.404200
vt 0.641800 0.451900
vt 0.672800 0.437200
vt 0.703800 0.422900
vt 0.734800 0.404200
vt 0.610900 0.451900
vt 0.641800 0.437200
vt 0.672800 0.422900
vt 0.703800 0.404200
vt 0.579900 0.451900
vt 0.610900 0.437200
vt 0.641800 0.422900
vt 0.672800 0.404200
vt 0.548900 0.451900
vt 0.579900 0.437200
vt 0.610900 0.422900
vt 0.641800 0.404200
vt 0.517900 0.451900
vt 0.548900 0.437200
vt 0.579900 0.422900
vt 0.610900 0.404200
vt 0.548900 0.422900
vt 0.517900 0.437200
vt 0.579900 0.404200
vt 0.486900 0.451900
vt 0.517900 0.422900
vt 0.455900 0.472100
vt 0.486900 0.437200
vt 0.455900 0.451900
vt 0.424900 0.476300
vt 0.424900 0.472100
vt 0.424900 0.451900
vt 0.455900 0.437200
vt 0.394000 0.451900
vt 0.424900 0.437200
vt 0.486900 0.422900
vt 0.455900 0.422900
vt 0.363000 0.451900
vt 0.394000 0.437200
vt 0.424900 0.422900
vt 0.332000 0.451900
vt 0.363000 0.437200
vt 0.301000 0.451900
vt 0.332000 0.437200
vt 0.394000 0.422900
vt 0.363000 0.422900
vt 0.270000 0.451900
vt 0.301000 0.437200
vt 0.332000 0.422900
vt 0.239000 0.451900
vt 0.270000 0.437200
vt 0.301000 0.422900
vt 0.239000 0.437200
vt 0.270000 0.422900
vt 0.208000 0.451900
vt 0.239000 0.422900
vt 0.177100 0.472100
vt 0.208000 0.437200
vt 0.177100 0.451900
vt 0.146100 0.476300
vt 0.146100 0.472100
vt 0.115100 0.491100
vt 0.115100 0.476300
vt 0.084100 0.491100
vt 0.053100 0.491100
vt 0.022100 0.491100
vt 0.084100 0.476300
vt 0.053100 0.476300
vt 0.022100 0.476300
vt 0.115100 0.472100
vt 0.084100 0.472100
vt 0.053100 0.472100
vt 0.022100 0.472100
vt 0.146100 0.451900
vt 0.115100 0.451900
vt 0.084100 0.451900
vt 0.053100 0.451900
vt 0.022100 0.451900
vt 0.053100 0.437200
vt 0.022100 0.437200
vt 0.084100 0.437200
vt 0.115100 0.437200
vt 0.146100 0.437200
vt 0.053100 0.422900
vt 0.022100 0.422900
vt 0.084100 0.422900
vt 0.115100 0.422900
vt 0.146100 0.422900
vt 0.053100 0.404200
vt 0.022100 0.404200
vt 0.084100 0.404200
vt 0.115100 0.404200
vt 0.146100 0.404200
vt 0.053100 0.386100
vt 0.022100 0.386100
vt 0.084100 0.386100
vt 0.115100 0.386100
vt 0.146100 0.386100
vt 0.053100 0.368100
vt 0.022100 0.368100
vt 0.084100 0.368100
vt 0.115100 0.368100
vt 0.146100 0.368100
vt 0.053100 0.347200
vt 0.022100 0.347200
vt 0.084100 0.347200
vt 0.115100 0.347200
vt 0.146100 0.347200
vt 0.053100 0.305500
vt 0.022100 0.305500
vt 0.084100 0.305500
vt 0.115100 0.305500
vt 0.146100 0.305500
vt 0.053100 0.256800
vt 0.022100 0.256800
vt 0.084100 0.256800
vt 0.115100 0.256800
vt 0.146100 0.256800
vt 0.053100 0.247700
vt 0.022100 0.247700
vt 0.084100 0.247700
vt 0.115100 0.247700
vt 0.146100 0.247700
vt 0.053100 0.238900
vt 0.022100 0.238900
vt 0.084100 0.238900
vt 0.115100 0.238900
vt 0.146100 0.238900
vt 0.053100 0.225800
vt 0.022100 0.225800
vt 0.084100 0.225800
vt 0.115100 0.225800
vt 0.146100 0.225800
vt 0.053100 0.223600
vt 0.022100 0.223600
vt 0.084100 0.223600
vt 0.115100 0.223600
vt 0.146100 0.223600
vt 0.053100 0.214100
vt 0.022100 0.214100
vt 0.084100 0.214100
vt 0.115100 0.214100
vt 0.146100 0.214100
vt 0.053100 0.207100
vt 0.022100 0.207100
vt 0.053100 0.198100
vt 0.022100 0.198100
vt 0.084100 0.198100
vt 0.084100 0.207100
vt 0.115100 0.198100
vt 0.115100 0.207100
vt 0.146100 0.198100
vt 0.146100 0.207100
vt 0.177000 0.198100
vt 0.177000 0.207100
vt 0.208000 0.198100
vt 0.177000 0.214100
vt 0.208000 0.207100
vt 0.239000 0.198100
vt 0.177000 0.223600
vt 0.208000 0.214100
vt 0.239000 0.207100
vt 0.270000 0.198100
vt 0.177100 0.225800
vt 0.208000 0.223600
vt 0.239000 0.214100
vt 0.270000 0.207100
vt 0.301000 0.198100
vt 0.177100 0.238900
vt 0.208000 0.225800
vt 0.177100 0.247700
vt 0.208000 0.238900
vt 0.239000 0.223600
vt 0.239000 0.225800
vt 0.270000 0.214100
vt 0.270000 0.223600
vt 0.301000 0.207100
vt 0.332000 0.198100
vt 0.301000 0.214100
vt 0.332000 0.207100
vt 0.363000 0.198100
vt 0.363000 0.207100
vt 0.393900 0.198100
vt 0.332000 0.214100
vt 0.301000 0.223600
vt 0.270000 0.225800
vt 0.393900 0.207100
vt 0.424900 0.198100
vt 0.363000 0.214100
vt 0.332000 0.223600
vt 0.301000 0.225800
vt 0.424900 0.207100
vt 0.455900 0.198100
vt 0.393900 0.214100
vt 0.363000 0.223600
vt 0.332000 0.225800
vt 0.455900 0.207100
vt 0.486900 0.198100
vt 0.424900 0.214100
vt 0.393900 0.223600
vt 0.363000 0.225800
vt 0.486900 0.207100
vt 0.517900 0.198100
vt 0.455900 0.214100
vt 0.424900 0.223600
vt 0.394000 0.225800
vt 0.517900 0.207100
vt 0.548900 0.198100
vt 0.486900 0.214100
vt 0.455900 0.223600
vt 0.424900 0.225800
vt 0.548900 0.207100
vt 0.579900 0.198100
vt 0.517900 0.214100
vt 0.579900 0.207100
vt 0.610800 0.198100
vt 0.548900 0.214100
vt 0.486900 0.223600
vt 0.517900 0.223600
vt 0.455900 0.225800
vt 0.486900 0.225800
vt 0.548900 0.223600
vt 0.579900 0.214100
vt 0.610800 0.207100
vt 0.641800 0.198100
vt 0.517900 0.225800
vt 0.641800 0.207100
vt 0.672800 0.198100
vt 0.610800 0.214100
vt 0.579900 0.223600
vt 0.548900 0.225800
vt 0.672800 0.207100
vt 0.703800 0.198100
vt 0.641800 0.214100
vt 0.703800 0.207100
vt 0.734800 0.198100
vt 0.672800 0.214100
vt 0.610800 0.223600
vt 0.641800 0.223600
vt 0.734800 0.207100
vt 0.765800 0.198100
vt 0.703800 0.214100
vt 0.672800 0.223600
vt 0.765800 0.207100
vt 0.796800 0.198100
vt 0.734800 0.214100
vt 0.796800 0.207100
vt 0.827700 0.198100
vt 0.765800 0.214100
vt 0.703800 0.223600
vt 0.734800 0.223600
vt 0.827700 0.207100
vt 0.858700 0.198100
vt 0.796800 0.214100
vt 0.765800 0.223600
vt 0.858700 0.207100
vt 0.889700 0.198100
vt 0.827700 0.214100
vt 0.889700 0.207100
vt 0.920700 0.198100
vt 0.858700 0.214100
vt 0.796800 0.223600
vt 0.827700 0.223600
vt 0.920700 0.207100
vt 0.951700 0.198100
vt 0.889700 0.214100
vt 0.858700 0.223600
vt 0.951700 0.207100
vt 0.978800 0.198500
vt 0.978800 0.207500
vt 0.920700 0.214100
vt 0.951700 0.214100
vt 0.978800 0.214400
vt 0.889700 0.223600
vt 0.920700 0.223600
vt 0.951700 0.223600
vt 0.978800 0.224000
vt 0.951700 0.225800
vt 0.978800 0.226200
vt 0.920700 0.225800
vt 0.889700 0.225800
vt 0.858700 0.225800
vt 0.951700 0.238900
vt 0.978800 0.239300
vt 0.920700 0.238900
vt 0.889700 0.238900
vt 0.858700 0.238900
vt 0.951700 0.247700
vt 0.978800 0.248100
vt 0.920700 0.247700
vt 0.889700 0.247700
vt 0.858700 0.247700
vt 0.951700 0.256800
vt 0.978800 0.257200
vt 0.920700 0.256800
vt 0.889700 0.256800
vt 0.858700 0.256800
vt 0.951700 0.305500
vt 0.978800 0.305900
vt 0.920700 0.305500
vt 0.889700 0.305500
vt 0.858700 0.305500
vt 0.951700 0.347200
vt 0.920700 0.347200
vt 0.920700 0.368100
vt 0.889700 0.347200
vt 0.889700 0.368100
vt 0.889700 0.386100
vt 0.858700 0.386100
vt 0.858700 0.368100
vt 0.827800 0.386100
vt 0.858700 0.347200
vt 0.827800 0.368100
vt 0.827800 0.347200
vt 0.796800 0.386100
vt 0.796800 0.368100
vt 0.765800 0.386100
vt 0.734800 0.386100
vt 0.765800 0.368100
vt 0.796800 0.347200
vt 0.827800 0.305500
vt 0.827800 0.256800
vt 0.796800 0.305500
vt 0.827800 0.247700
vt 0.796800 0.256800
vt 0.765800 0.347200
vt 0.765800 0.305500
vt 0.734800 0.368100
vt 0.734800 0.347200
vt 0.703800 0.386100
vt 0.703800 0.368100
vt 0.672800 0.386100
vt 0.641800 0.386100
vt 0.672800 0.368100
vt 0.703800 0.347200
vt 0.734800 0.305500
vt 0.610900 0.386100
vt 0.641800 0.368100
vt 0.672800 0.347200
vt 0.703800 0.305500
vt 0.765800 0.256800
vt 0.734800 0.256800
vt 0.796800 0.247700
vt 0.765800 0.247700
vt 0.827800 0.238900
vt 0.796800 0.238900
vt 0.827800 0.225800
vt 0.796800 0.225800
vt 0.765800 0.238900
vt 0.765800 0.225800
vt 0.734800 0.247700
vt 0.734800 0.238900
vt 0.734800 0.225800
vt 0.703800 0.256800
vt 0.703800 0.247700
vt 0.703800 0.238900
vt 0.703800 0.225800
vt 0.672800 0.225800
vt 0.672800 0.238900
vt 0.672800 0.247700
vt 0.672800 0.256800
vt 0.641800 0.225800
vt 0.641800 0.238900
vt 0.641800 0.247700
vt 0.641800 0.256800
vt 0.610900 0.225800
vt 0.610900 0.238900
vt 0.610900 0.247700
vt 0.610900 0.256800
vt 0.579900 0.225800
vt 0.579900 0.238900
vt 0.548900 0.238900
vt 0.517900 0.238900
vt 0.579900 0.247700
vt 0.548900 0.247700
vt 0.517900 0.247700
vt 0.486900 0.238900
vt 0.486900 0.247700
vt 0.455900 0.238900
vt 0.455900 0.247700
vt 0.424900 0.238900
vt 0.424900 0.247700
vt 0.394000 0.238900
vt 0.394000 0.247700
vt 0.363000 0.238900
vt 0.363000 0.247700
vt 0.332000 0.238900
vt 0.332000 0.247700
vt 0.301000 0.238900
vt 0.301000 0.247700
vt 0.270000 0.238900
vt 0.270000 0.247700
vt 0.239000 0.238900
vt 0.239000 0.247700
vt 0.208000 0.247700
vt 0.177100 0.256800
vt 0.208000 0.256800
vt 0.177100 0.305500
vt 0.239000 0.256800
vt 0.208000 0.305500
vt 0.177100 0.347200
vt 0.270000 0.256800
vt 0.239000 0.305500
vt 0.208000 0.347200
vt 0.177100 0.368100
vt 0.177100 0.386100
vt 0.208000 0.368100
vt 0.177100 0.404200
vt 0.208000 0.386100
vt 0.239000 0.347200
vt 0.239000 0.368100
vt 0.270000 0.305500
vt 0.270000 0.347200
vt 0.301000 0.256800
vt 0.301000 0.305500
vt 0.332000 0.256800
vt 0.363000 0.256800
vt 0.332000 0.305500
vt 0.301000 0.347200
vt 0.270000 0.368100
vt 0.394000 0.256800
vt 0.363000 0.305500
vt 0.332000 0.347200
vt 0.301000 0.368100
vt 0.424900 0.256800
vt 0.394000 0.305500
vt 0.363000 0.347200
vt 0.332000 0.368100
vt 0.455900 0.256800
vt 0.424900 0.305500
vt 0.394000 0.347200
vt 0.363000 0.368100
vt 0.486900 0.256800
vt 0.455900 0.305500
vt 0.424900 0.347200
vt 0.394000 0.368100
vt 0.517900 0.256800
vt 0.486900 0.305500
vt 0.455900 0.347200
vt 0.424900 0.368100
vt 0.548900 0.256800
vt 0.517900 0.305500
vt 0.579900 0.256800
vt 0.548900 0.305500
vt 0.579900 0.305500
vt 0.610900 0.305500
vt 0.548900 0.347200
vt 0.641800 0.305500
vt 0.579900 0.347200
vt 0.610900 0.347200
vt 0.672800 0.305500
vt 0.641800 0.347200
vt 0.610900 0.368100
vt 0.579900 0.368100
vt 0.579900 0.386100
vt 0.548900 0.368100
vt 0.548900 0.386100
vt 0.548900 0.404200
vt 0.517900 0.404200
vt 0.517900 0.386100
vt 0.486900 0.404200
vt 0.517900 0.368100
vt 0.486900 0.386100
vt 0.455900 0.404200
vt 0.517900 0.347200
vt 0.486900 0.368100
vt 0.486900 0.347200
vt 0.455900 0.368100
vt 0.455900 0.386100
vt 0.424900 0.386100
vt 0.424900 0.404200
vt 0.394000 0.404200
vt 0.394000 0.386100
vt 0.363000 0.404200
vt 0.363000 0.386100
vt 0.332000 0.404200
vt 0.332000 0.386100
vt 0.301000 0.404200
vt 0.301000 0.386100
vt 0.270000 0.404200
vt 0.270000 0.386100
vt 0.239000 0.404200
vt 0.239000 0.386100
vt 0.208000 0.404200
vt 0.208000 0.422900
vt 0.177100 0.422900
vt 0.177100 0.437200
vt 0.771000 0.840700
vt 0.774800 0.865600
vt 0.773600 0.890800
vt 0.748900 0.795700
vt 0.762200 0.817100
vt 0.731600 0.777500
vt 0.756200 0.937800
vt 0.767200 0.915200
vt 0.687800 0.753100
vt 0.710900 0.763100
vt 0.740700 0.957700
vt 0.721600 0.974100
vt 0.590300 0.763100
vt 0.699600 0.986300
vt 0.637900 0.748100
vt 0.613200 0.753200
vt 0.663100 0.748100
vt 0.544900 0.937800
vt 0.533800 0.915200
vt 0.527500 0.890800
vt 0.579400 0.974100
vt 0.560300 0.957700
vt 0.526200 0.865700
vt 0.530000 0.840800
vt 0.552000 0.795800
vt 0.538700 0.817100
vt 0.625500 0.993900
vt 0.601400 0.986300
vt 0.675600 0.993900
vt 0.650500 0.996400
vt 0.590100 0.763100
vt 0.569400 0.777500
vt 0.699600 0.986300
vt 0.486900 0.014100
vt 0.517900 0.014100
vt 0.517900 0.017300
vt 0.486900 0.017300
vt 0.455900 0.014100
vt 0.548900 0.017300
vt 0.548900 0.014100
vt 0.455900 0.017300
vt 0.424900 0.014100
vt 0.579900 0.017300
vt 0.579900 0.014100
vt 0.424900 0.017300
vt 0.394000 0.014100
vt 0.610900 0.017300
vt 0.610900 0.014100
vt 0.394000 0.017300
vt 0.363000 0.014100
vt 0.641800 0.017300
vt 0.641900 0.014100
vt 0.363000 0.017300
vt 0.332000 0.014100
vt 0.672800 0.017300
vt 0.672800 0.014100
vt 0.332000 0.017300
vt 0.301000 0.014100
vt 0.703800 0.017300
vt 0.703800 0.014100
vt 0.301000 0.017300
vt 0.270000 0.014100
vt 0.734800 0.017300
vt 0.734800 0.014100
vt 0.270000 0.017300
vt 0.239000 0.014100
vt 0.765800 0.017300
vt 0.765800 0.014100
vt 0.239000 0.017300
vt 0.208000 0.014100
vt 0.796800 0.017300
vt 0.796800 0.014100
vt 0.208000 0.017300
vt 0.177100 0.014100
vt 0.827800 0.017300
vt 0.827800 0.014100
vt 0.177100 0.017300
vt 0.146100 0.014100
vt 0.858700 0.017300
vt 0.858800 0.014100
vt 0.146100 0.017300
vt 0.115100 0.014100
vt 0.889700 0.017300
vt 0.889700 0.014100
vt 0.115100 0.017300
vt 0.084100 0.014100
vt 0.920700 0.017300
vt 0.920700 0.014100
vt 0.084100 0.017300
vt 0.053100 0.014100
vt 0.951700 0.017300
vt 0.951700 0.014100
vt 0.978800 0.017700
vt 0.978800 0.014500
vt 0.978800 0.031500
vt 0.951700 0.031100
vt 0.978800 0.060100
vt 0.920700 0.031100
vt 0.951700 0.059600
vt 0.978800 0.096000
vt 0.889700 0.031100
vt 0.920700 0.059600
vt 0.951700 0.095500
vt 0.978800 0.123000
vt 0.858700 0.031100
vt 0.889700 0.059600
vt 0.920700 0.095500
vt 0.951700 0.122500
vt 0.978800 0.184600
vt 0.827800 0.031100
vt 0.858700 0.059600
vt 0.889700 0.095500
vt 0.920700 0.122500
vt 0.951700 0.184300
vt 0.978800 0.190400
vt 0.951700 0.190000
vt 0.978800 0.198500
vt 0.951700 0.198100
vt 0.920700 0.184300
vt 0.920700 0.190000
vt 0.920700 0.198100
vt 0.889700 0.122500
vt 0.889700 0.184300
vt 0.889700 0.190000
vt 0.889700 0.198100
vt 0.858700 0.095500
vt 0.858700 0.122500
vt 0.858700 0.184300
vt 0.858700 0.190000
vt 0.858700 0.198100
vt 0.827700 0.190000
vt 0.827700 0.198100
vt 0.827800 0.184300
vt 0.827800 0.122500
vt 0.827800 0.095500
vt 0.796800 0.190000
vt 0.796800 0.198100
vt 0.796800 0.184300
vt 0.796800 0.122500
vt 0.796800 0.095500
vt 0.765800 0.190000
vt 0.765800 0.198100
vt 0.765800 0.184300
vt 0.765800 0.122500
vt 0.765800 0.095500
vt 0.734800 0.190000
vt 0.734800 0.198100
vt 0.734800 0.184300
vt 0.734800 0.122500
vt 0.734800 0.095500
vt 0.703800 0.190000
vt 0.703800 0.198100
vt 0.703800 0.184300
vt 0.703800 0.122500
vt 0.703800 0.095500
vt 0.672800 0.190000
vt 0.672800 0.198100
vt 0.672800 0.184300
vt 0.672800 0.122500
vt 0.672800 0.095500
vt 0.641800 0.190000
vt 0.641800 0.198100
vt 0.641800 0.184300
vt 0.641800 0.122500
vt 0.641800 0.095500
vt 0.610800 0.190000
vt 0.610800 0.198100
vt 0.610900 0.184300
vt 0.610900 0.122500
vt 0.610900 0.095500
vt 0.579900 0.190000
vt 0.579900 0.198100
vt 0.579900 0.184300
vt 0.579900 0.122500
vt 0.579900 0.095500
vt 0.548900 0.190000
vt 0.548900 0.198100
vt 0.548900 0.184300
vt 0.548900 0.122500
vt 0.548900 0.095500
vt 0.517900 0.190000
vt 0.517900 0.198100
vt 0.517900 0.184300
vt 0.517900 0.122500
vt 0.517900 0.095500
vt 0.486900 0.190000
vt 0.486900 0.198100
vt 0.486900 0.184300
vt 0.486900 0.122500
vt 0.486900 0.095500
vt 0.455900 0.190000
vt 0.455900 0.198100
vt 0.455900 0.184300
vt 0.455900 0.122500
vt 0.455900 0.095500
vt 0.424900 0.190000
vt 0.424900 0.198100
vt 0.424900 0.184300
vt 0.424900 0.122500
vt 0.424900 0.095500
vt 0.393900 0.190000
vt 0.393900 0.198100
vt 0.394000 0.184300
vt 0.394000 0.122500
vt 0.394000 0.095500
vt 0.363000 0.190000
vt 0.363000 0.198100
vt 0.363000 0.184300
vt 0.363000 0.122500
vt 0.363000 0.095500
vt 0.332000 0.190000
vt 0.332000 0.198100
vt 0.332000 0.184300
vt 0.332000 0.122500
vt 0.332000 0.095500
vt 0.301000 0.190000
vt 0.301000 0.198100
vt 0.301000 0.184300
vt 0.301000 0.122500
vt 0.301000 0.095500
vt 0.270000 0.190000
vt 0.270000 0.198100
vt 0.270000 0.184300
vt 0.270000 0.122500
vt 0.270000 0.095500
vt 0.239000 0.190000
vt 0.239000 0.198100
vt 0.239000 0.184300
vt 0.239000 0.122500
vt 0.239000 0.095500
vt 0.208000 0.190000
vt 0.208000 0.198100
vt 0.208000 0.184300
vt 0.208000 0.122500
vt 0.208000 0.095500
vt 0.177000 0.190000
vt 0.177000 0.198100
vt 0.177100 0.184300
vt 0.177100 0.122500
vt 0.177100 0.095500
vt 0.146100 0.190000
vt 0.146100 0.198100
vt 0.146100 0.184300
vt 0.146100 0.122500
vt 0.146100 0.095500
vt 0.115100 0.190000
vt 0.115100 0.198100
vt 0.115100 0.184300
vt 0.115100 0.122500
vt 0.115100 0.095500
vt 0.084100 0.190000
vt 0.084100 0.198100
vt 0.084100 0.184300
vt 0.084100 0.122500
vt 0.084100 0.095500
vt 0.053100 0.190000
vt 0.053100 0.198100
vt 0.022100 0.190000
vt 0.022100 0.198100
vt 0.022100 0.184300
vt 0.053100 0.184300
vt 0.022100 0.122500
vt 0.053100 0.122500
vt 0.022100 0.095500
vt 0.053100 0.095500
vt 0.022100 0.059600
vt 0.053100 0.059600
vt 0.022100 0.031100
vt 0.084100 0.059600
vt 0.053100 0.031100
vt 0.022100 0.017300
vt 0.053100 0.017300
vt 0.022100 0.014100
vt 0.084100 0.031100
vt 0.115100 0.059600
vt 0.115100 0.031100
vt 0.146100 0.059600
vt 0.146100 0.031100
vt 0.177100 0.059600
vt 0.177100 0.031100
vt 0.208000 0.059600
vt 0.208000 0.031100
vt 0.239000 0.059600
vt 0.239000 0.031100
vt 0.270000 0.059600
vt 0.270000 0.031100
vt 0.301000 0.059600
vt 0.301000 0.031100
vt 0.332000 0.059600
vt 0.332000 0.031100
vt 0.363000 0.059600
vt 0.363000 0.031100
vt 0.394000 0.059600
vt 0.394000 0.031100
vt 0.424900 0.059600
vt 0.424900 0.031100
vt 0.455900 0.059600
vt 0.455900 0.031100
vt 0.486900 0.059600
vt 0.486900 0.031100
vt 0.517900 0.059600
vt 0.517900 0.031100
vt 0.548900 0.059600
vt 0.548900 0.031100
vt 0.579900 0.059600
vt 0.579900 0.031100
vt 0.610900 0.059600
vt 0.610900 0.031100
vt 0.641800 0.059600
vt 0.641800 0.031100
vt 0.672800 0.059600
vt 0.672800 0.031100
vt 0.703800 0.059600
vt 0.703800 0.031100
vt 0.734800 0.059600
vt 0.734800 0.031100
vt 0.765800 0.059600
vt 0.765800 0.031100
vt 0.796800 0.059600
vt 0.796800 0.031100
vt 0.827800 0.059600
vt 0.240300 0.768800
vt 0.240300 0.966200
vt 0.042900 0.966200
vt 0.240300 0.990300
vt 0.042900 0.990300
vt 0.264500 0.768800
vt 0.264500 0.966200
vt 0.461900 0.966200
vt 0.461900 0.768800
vt 0.042900 0.768800
vt 0.018700 0.966200
vt 0.018700 0.768800
vt 0.042900 0.744600
vt 0.240300 0.744600
vn 0.076604 0.778037 -0.623530
vn 0.078801 0.800812 -0.593709
vn -0.083999 0.800294 -0.593695
vn 0.231606 0.746718 -0.623515
vn -0.104205 0.992646 0.061603
vn -0.081603 0.777532 -0.623526
vn 0.238411 0.768536 -0.593728
vn 0.153303 0.494211 -0.855718
vn 0.097800 0.993298 0.061600
vn 0.377203 0.684806 -0.623505
vn 0.050700 0.514995 -0.855692
vn 0.249693 0.453288 -0.855677
vn 0.186208 0.600124 -0.777932
vn 0.303200 0.550400 -0.777900
vn 0.407715 0.478117 -0.777928
vn 0.335803 0.393703 -0.855707
vn 0.507327 0.594832 -0.623533
vn 0.648321 0.760224 -0.041701
vn 0.481991 0.875183 -0.041699
vn 0.295994 0.954279 -0.041699
vn 0.788116 0.614112 -0.041701
vn 0.495625 0.386220 -0.777940
vn 0.408192 0.318094 -0.855684
vn 0.895601 0.442900 -0.041700
vn 0.563217 0.278608 -0.777923
vn 0.463810 0.229405 -0.855718
vn 0.616715 0.480512 -0.623515
vn 0.607803 0.159501 -0.777904
vn 0.522178 0.612274 -0.593675
vn 0.966409 0.253602 -0.041700
vn 0.836703 0.219601 0.501702
vn 0.500509 0.131302 -0.855716
vn 0.700799 0.346599 -0.623499
vn 0.634715 0.494612 -0.593714
vn 0.756218 0.198405 -0.623515
vn 0.721304 0.356702 -0.593704
vn 0.647697 0.759396 0.061700
vn 0.787293 0.613494 0.061599
vn 0.894660 0.442480 0.061597
vn 0.778328 0.204207 -0.593721
vn 0.516705 0.027900 -0.855709
vn 0.780693 0.042100 -0.623495
vn 0.627429 0.033902 -0.777936
vn 0.511789 -0.076698 -0.855681
vn 0.997675 0.053899 -0.041699
vn 0.621421 -0.093103 -0.777926
vn 0.988093 -0.148099 -0.041700
vn 0.863789 0.046599 0.501694
vn 0.855492 -0.128199 0.501695
vn 0.812177 -0.297792 0.501686
vn 0.938082 -0.343894 -0.041699
vn 0.589931 -0.216311 -0.777940
vn 0.735594 -0.455196 0.501696
vn 0.849634 -0.525721 -0.041702
vn 0.485890 -0.178096 -0.855683
vn 0.534326 -0.330616 -0.777938
vn 0.773191 -0.115899 -0.623493
vn 0.440007 -0.272304 -0.855713
vn 0.803510 0.043401 -0.593707
vn 0.734028 -0.269110 -0.623524
vn 0.795806 -0.119201 -0.593704
vn 0.965417 0.253304 0.061701
vn 0.996650 0.053803 0.061603
vn 0.755504 -0.277002 -0.593703
vn 0.987076 -0.147896 0.061699
vn 0.664813 -0.411408 -0.623512
vn 0.937089 -0.343596 0.061699
vn 0.684295 -0.423397 -0.593696
vn 0.376202 -0.355302 -0.855706
vn 0.568404 -0.536804 -0.623505
vn 0.456823 -0.431421 -0.777939
vn 0.296994 -0.423792 -0.855684
vn 0.360623 -0.514533 -0.777950
vn 0.726403 -0.686003 -0.041700
vn 0.573474 -0.818162 -0.041698
vn 0.628920 -0.593919 0.501716
vn 0.496489 -0.708384 0.501689
vn 0.396989 -0.916875 -0.041699
vn 0.343797 -0.793792 0.501695
vn 0.249707 -0.576616 -0.777921
vn 0.176894 -0.846772 0.501683
vn 0.204304 -0.978019 -0.041701
vn 0.002800 -0.865028 0.501716
vn 0.003200 -0.999125 -0.041701
vn 0.001500 -0.467180 0.884161
vn 0.128501 -0.615104 -0.777904
vn 0.002000 -0.628334 -0.777942
vn 0.095497 -0.457288 0.884176
vn 0.000000 -0.013000 0.999916
vn 0.105802 -0.506511 -0.855718
vn 0.001700 -0.517492 -0.855687
vn 0.205598 -0.474894 -0.855690
vn 0.002700 -0.012700 0.999916
vn -0.002500 0.762765 0.646671
vn 0.185596 -0.428691 0.884182
vn -0.155991 0.746656 0.646662
vn -0.002900 0.909033 0.416715
vn 0.005200 -0.011900 0.999916
vn 0.268091 -0.382587 0.884169
vn -0.185905 0.889826 0.416712
vn -0.001200 0.356498 0.934295
vn -0.072899 0.348994 0.934285
vn -0.303086 0.699968 0.646671
vn -0.361201 0.834203 0.416701
vn -0.141701 0.327102 0.934305
vn 0.007500 -0.010600 0.999916
vn -0.437797 0.624595 0.646695
vn -0.521788 0.744383 0.416691
vn -0.204602 0.291902 0.934308
vn 0.339691 -0.320691 0.884176
vn 0.009500 -0.008900 0.999915
vn 0.397285 -0.245791 0.884167
vn -0.554582 0.523683 0.646679
vn 0.011100 -0.006800 0.999915
vn 0.438592 -0.160797 0.884184
vn -0.660924 0.624122 0.416715
vn -0.259196 0.244797 0.934287
vn -0.648650 0.401369 0.646650
vn 0.012200 -0.004500 0.999915
vn -0.773024 0.478315 0.416713
vn -0.303194 0.187596 0.934281
vn 0.461990 -0.069199 0.884181
vn -0.716156 0.262584 0.646661
vn 0.012900 -0.001900 0.999915
vn 0.466484 0.025199 0.884170
vn -0.853497 0.312899 0.416698
vn -0.334701 0.122700 0.934302
vn -0.754359 0.112994 0.646665
vn 0.013000 0.000700 0.999915
vn -0.899007 0.134701 0.416703
vn -0.352595 0.052799 0.934286
vn 0.451880 0.118595 0.884161
vn -0.761663 -0.041098 0.646669
vn -0.907719 -0.049001 0.416709
vn -0.355996 -0.019200 0.934290
vn 0.012600 0.003300 0.999915
vn -0.737829 -0.193608 0.646625
vn -0.879287 -0.230697 0.416694
vn -0.344889 -0.090497 0.934271
vn -0.814822 -0.403011 0.416711
vn -0.319506 -0.158003 0.934318
vn -0.683684 -0.338192 0.646685
vn 0.011700 0.005800 0.999915
vn 0.418780 0.207090 0.884159
vn -0.717005 -0.558804 0.416703
vn -0.281201 -0.219101 0.934302
vn -0.601661 -0.468869 0.646658
vn 0.010300 0.008000 0.999915
vn 0.368484 0.287188 0.884162
vn -0.589879 -0.691676 0.416685
vn -0.231298 -0.271297 0.934291
vn -0.494973 -0.580368 0.646665
vn 0.008400 0.009900 0.999916
vn 0.303182 0.355479 0.884147
vn -0.438578 -0.796259 0.416679
vn -0.171997 -0.312295 0.934285
vn -0.368000 -0.668099 0.646699
vn 0.006300 0.011400 0.999915
vn 0.225393 0.409188 0.884174
vn -0.269309 -0.868229 0.416714
vn -0.105600 -0.340499 0.934296
vn -0.225999 -0.728497 0.646697
vn 0.003900 0.012400 0.999916
vn 0.138396 0.446187 0.884174
vn -0.089097 -0.904673 0.416688
vn -0.034900 -0.354797 0.934292
vn -0.074699 -0.759087 0.646689
vn 0.001300 0.012900 0.999916
vn 0.045799 0.464891 0.884183
vn 0.094898 -0.904081 0.416691
vn 0.037199 -0.354593 0.934281
vn 0.079599 -0.758588 0.646690
vn -0.001400 0.012900 0.999916
vn -0.048799 0.464590 0.884180
vn 0.274896 -0.866486 0.416694
vn 0.107800 -0.339800 0.934299
vn 0.230686 -0.727057 0.646662
vn -0.003900 0.012400 0.999916
vn -0.141295 0.445285 0.884170
vn 0.443702 -0.793403 0.416702
vn 0.173997 -0.311194 0.934282
vn 0.372303 -0.665705 0.646705
vn -0.006300 0.011300 0.999916
vn -0.227999 0.407697 0.884194
vn 0.594330 -0.687834 0.416721
vn 0.233095 -0.269794 0.934279
vn 0.498679 -0.577176 0.646673
vn -0.008500 0.009800 0.999916
vn -0.305394 0.353493 0.884182
vn 0.720625 -0.554119 0.416715
vn 0.282600 -0.217300 0.934301
vn 0.604707 -0.465005 0.646607
vn -0.010300 0.007900 0.999916
vn -0.370292 0.284794 0.884181
vn 0.817422 -0.397711 0.416711
vn 0.320594 -0.155997 0.934283
vn 0.685888 -0.333694 0.646689
vn -0.011700 0.005700 0.999915
vn -0.420085 0.204393 0.884168
vn 0.880748 -0.225087 0.416676
vn 0.345398 -0.088299 0.934293
vn 0.739053 -0.188813 0.646646
vn -0.012600 0.003200 0.999915
vn -0.452590 0.115698 0.884181
vn 0.908014 -0.043201 0.416706
vn 0.356098 -0.016900 0.934296
vn 0.761891 -0.036200 0.646693
vn -0.013000 0.000600 0.999915
vn -0.466596 0.022200 0.884192
vn 0.898117 0.140503 0.416708
vn 0.352200 0.055100 0.934301
vn 0.753587 0.117898 0.646689
vn -0.012800 -0.002000 0.999916
vn -0.461499 -0.072200 0.884198
vn 0.851470 0.318389 0.416685
vn 0.333988 0.124895 0.934266
vn 0.714501 0.267200 0.646601
vn -0.012200 -0.004600 0.999915
vn -0.437585 -0.163594 0.884170
vn 0.769914 0.483309 0.416708
vn 0.301904 0.189503 0.934314
vn 0.646069 0.405480 0.646669
vn -0.011000 -0.006900 0.999916
vn -0.395682 -0.248389 0.884160
vn 0.656886 0.628387 0.416691
vn 0.257595 0.246496 0.934283
vn 0.551176 0.527277 0.646672
vn -0.009400 -0.009000 0.999915
vn -0.337592 -0.322892 0.884179
vn 0.516966 0.747750 0.416672
vn 0.202793 0.293290 0.934268
vn 0.433793 0.627389 0.646689
vn -0.007400 -0.010700 0.999915
vn -0.265688 -0.384282 0.884159
vn 0.355894 0.836485 0.416692
vn 0.139601 0.328002 0.934305
vn 0.298593 0.701884 0.646685
vn -0.005100 -0.012000 0.999915
vn -0.182893 -0.429884 0.884166
vn 0.180201 0.891004 0.416702
vn 0.070700 0.349401 0.934302
vn -0.002900 0.909033 0.416715
vn -0.001200 0.356498 0.934295
vn -0.002500 0.762765 0.646671
vn 0.151190 0.747649 0.646656
vn 0.000000 -0.013000 0.999916
vn -0.002600 -0.012700 0.999916
vn 0.001500 -0.467180 0.884161
vn -0.092597 -0.457887 0.884175
vn 0.002800 -0.865028 0.501716
vn -0.171399 -0.847893 0.501696
vn 0.003200 -0.999125 -0.041701
vn -0.338605 -0.796012 0.501708
vn -0.198003 -0.979314 -0.041701
vn 0.002000 -0.628334 -0.777942
vn -0.124502 -0.615912 -0.777915
vn 0.001700 -0.517492 -0.855687
vn -0.391101 -0.919403 -0.041700
vn -0.491924 -0.711535 0.501725
vn -0.102600 -0.507200 -0.855700
vn 0.002500 -0.781812 -0.623510
vn -0.246005 -0.578212 -0.777916
vn -0.568215 -0.821822 -0.041701
vn -0.625082 -0.597983 0.501686
vn -0.154903 -0.766315 -0.623512
vn 0.002600 -0.804605 -0.593804
vn -0.202596 -0.476192 -0.855685
vn -0.159503 -0.788713 -0.593710
vn 0.003200 -0.998096 0.061600
vn -0.306012 -0.719427 -0.623524
vn -0.357323 -0.516833 -0.777949
vn -0.294292 -0.425688 -0.855676
vn -0.721968 -0.690669 -0.041698
vn -0.454032 -0.434330 -0.777954
vn -0.732632 -0.459920 0.501722
vn -0.846214 -0.531209 -0.041701
vn -0.810226 -0.303010 0.501716
vn -0.854634 -0.133705 0.501720
vn -0.935819 -0.350007 -0.041701
vn -0.532203 -0.334102 -0.777905
vn -0.373905 -0.357705 -0.855712
vn -0.864074 0.041099 0.501685
vn -0.987127 -0.154404 -0.041701
vn -0.588528 -0.220110 -0.777937
vn -0.438298 -0.275099 -0.855696
vn -0.838102 0.214200 0.501701
vn -0.998005 0.047400 -0.041700
vn -0.620816 -0.097102 -0.777920
vn -0.484694 -0.181298 -0.855689
vn -0.777824 0.378512 0.501716
vn -0.968039 0.247310 -0.041702
vn -0.627632 0.029802 -0.777940
vn -0.511287 -0.079998 -0.855679
vn -0.685723 0.527318 0.501717
vn -0.898437 0.437118 -0.041702
vn -0.608807 0.155602 -0.777909
vn -0.516897 0.024600 -0.855694
vn -0.565607 0.654508 0.501706
vn -0.792046 0.609035 -0.041702
vn -0.565022 0.274911 -0.777930
vn -0.501391 0.128098 -0.855685
vn -0.422204 0.755007 0.501705
vn -0.653218 0.756021 -0.041701
vn -0.498120 0.383015 -0.777931
vn -0.465304 0.226402 -0.855707
vn -0.261608 0.824526 0.501716
vn -0.487706 0.872011 -0.041701
vn -0.410823 0.475426 -0.777943
vn -0.410207 0.315406 -0.855716
vn -0.090301 0.860312 0.501707
vn -0.302209 0.952329 -0.041701
vn -0.306710 0.548418 -0.777925
vn -0.338297 0.391596 -0.855692
vn 0.084699 0.860889 0.501694
vn -0.104297 0.993672 -0.041699
vn 0.256300 0.826200 0.501700
vn 0.097902 0.994322 -0.041701
vn -0.190009 0.598927 -0.777935
vn -0.065602 0.624921 -0.777927
vn -0.252604 0.451606 -0.855712
vn -0.156503 0.493210 -0.855717
vn 0.061602 0.625324 -0.777930
vn 0.417393 0.757687 0.501691
vn -0.053999 0.514686 -0.855677
vn 0.561303 0.658204 0.501703
vn 0.682320 0.531716 0.501715
vn 0.775392 0.383496 0.501695
vn -0.236405 0.745215 -0.623512
vn -0.243399 0.766995 -0.593696
vn -0.381618 0.682333 -0.623530
vn -0.392801 0.702301 -0.593701
vn -0.301885 0.951352 0.061597
vn -0.487206 0.871112 0.061601
vn -0.511109 0.591610 -0.623511
vn -0.526095 0.608894 -0.593694
vn -0.652597 0.755197 0.061600
vn -0.619784 0.476588 -0.623484
vn -0.637866 0.490474 -0.593769
vn -0.791223 0.608417 0.061602
vn -0.703002 0.342101 -0.623502
vn -0.723581 0.352091 -0.593685
vn -0.897497 0.436698 0.061600
vn -0.757500 0.193500 -0.623500
vn -0.779625 0.199206 -0.593719
vn -0.967028 0.247107 0.061602
vn -0.780926 0.037101 -0.623521
vn -0.803787 0.038199 -0.593690
vn -0.996969 0.047399 0.061698
vn -0.772421 -0.120803 -0.623517
vn -0.795008 -0.124401 -0.593706
vn -0.986096 -0.154299 0.061700
vn -0.732307 -0.273802 -0.623506
vn -0.753696 -0.281898 -0.593697
vn -0.934875 -0.349591 0.061598
vn -0.662149 -0.415631 -0.623546
vn -0.681522 -0.427814 -0.593719
vn -0.845386 -0.530592 0.061599
vn -0.564929 -0.540428 -0.623532
vn -0.581471 -0.556172 -0.593771
vn -0.721241 -0.689939 0.061604
vn -0.444600 -0.643100 -0.623500
vn -0.457603 -0.661904 -0.593703
vn -0.315016 -0.740438 -0.593731
vn -0.567599 -0.820998 0.061600
vn -0.390720 -0.918446 0.061603
vn -0.197801 -0.978305 0.061600
vn 0.001900 -0.596393 0.802690
vn -0.118197 -0.584584 0.802678
vn 0.002600 -0.800513 0.599310
vn -0.233496 -0.548791 0.802688
vn -0.158705 -0.784622 0.599317
vn 0.002800 -0.868891 0.494995
vn -0.339188 -0.490582 0.802671
vn -0.313406 -0.736615 0.599312
vn -0.172209 -0.851642 0.495025
vn 0.002400 -0.739191 0.673492
vn -0.430983 -0.412284 0.802668
vn -0.455202 -0.658503 0.599303
vn -0.340118 -0.799543 0.495026
vn -0.146503 -0.724513 0.673512
vn 0.003200 -0.978589 0.205798
vn -0.193995 -0.959174 0.205794
vn 0.003100 -0.946874 -0.321591
vn -0.289305 -0.680211 0.673510
vn -0.187697 -0.928087 -0.321596
vn 0.002200 -0.691945 -0.721947
vn -0.383096 -0.900491 0.205798
vn -0.494111 -0.714716 0.495011
vn -0.420317 -0.608025 0.673528
vn -0.578479 -0.553379 0.599278
vn -0.627899 -0.600599 0.494999
vn -0.505099 -0.317099 0.802698
vn -0.678007 -0.425604 0.599306
vn -0.558600 -0.208900 0.802700
vn -0.589204 -0.092201 0.802706
vn -0.749806 -0.280402 0.599305
vn -0.735927 -0.461917 0.495018
vn -0.534131 -0.510930 0.673539
vn -0.595704 0.028300 0.802705
vn -0.790906 -0.123701 0.599305
vn -0.813843 -0.304316 0.495026
vn -0.626023 -0.393014 0.673525
vn -0.577810 0.147603 0.802714
vn -0.799614 0.038001 0.599311
vn -0.858395 -0.134299 0.495097
vn -0.692331 -0.258912 0.673530
vn -0.536296 0.260898 0.802694
vn -0.775600 0.198200 0.599300
vn -0.867912 0.041201 0.495007
vn -0.730307 -0.114201 0.673506
vn -0.472800 0.363500 0.802700
vn -0.719831 0.350215 0.599326
vn -0.841834 0.215109 0.495020
vn -0.738329 0.035101 0.673527
vn -0.389896 0.451295 0.802692
vn -0.634593 0.487995 0.599294
vn -0.781297 0.380199 0.494998
vn -0.716139 0.183010 0.673537
vn -0.291102 0.520503 0.802705
vn -0.523405 0.605706 0.599306
vn -0.688818 0.529614 0.495013
vn -0.664695 0.323397 0.673495
vn -0.180394 0.568482 0.802674
vn -0.390702 0.698704 0.599303
vn -0.568118 0.657421 0.495016
vn -0.585923 0.450618 0.673527
vn -0.062201 0.593111 0.802715
vn -0.242107 0.763022 0.599317
vn -0.424120 0.758336 0.495024
vn -0.483301 0.559301 0.673501
vn -0.262799 0.828198 0.494999
vn -0.083603 0.796130 0.599323
vn -0.360812 0.645122 0.673523
vn 0.058401 0.593506 0.802708
vn -0.090704 0.864134 0.495020
vn 0.295698 0.953293 0.061600
vn 0.078399 0.796685 0.599289
vn 0.176701 0.569602 0.802702
vn 0.388192 0.704786 -0.593788
vn 0.481610 0.874218 0.061601
vn 0.287700 0.522400 0.802700
vn 0.237196 0.764586 0.599289
vn 0.386994 0.453793 0.802688
vn 0.386201 0.701203 0.599302
vn 0.085101 0.864712 0.495007
vn 0.257398 0.829894 0.494997
vn 0.470400 0.366600 0.802700
vn 0.519489 0.609087 0.599287
vn 0.419194 0.761090 0.494993
vn 0.534592 0.264396 0.802687
vn 0.631404 0.492103 0.599303
vn 0.576882 0.151395 0.802675
vn 0.717577 0.354889 0.599281
vn 0.563815 0.661117 0.495013
vn 0.685326 0.534120 0.495019
vn 0.595507 0.032100 0.802709
vn 0.774303 0.203201 0.599303
vn 0.778826 0.385213 0.495016
vn 0.589798 -0.088400 0.802698
vn 0.799373 0.043199 0.599280
vn 0.840435 0.220509 0.495020
vn 0.791694 -0.118599 0.599295
vn 0.867581 0.046799 0.495089
vn 0.559910 -0.205304 0.802715
vn 0.859253 -0.128793 0.495073
vn 0.848756 -0.525173 0.061697
vn 0.751593 -0.275597 0.599295
vn 0.507113 -0.313808 0.802721
vn 0.585011 -0.552511 -0.593712
vn 0.725674 -0.685276 0.061598
vn 0.448713 -0.640219 -0.623519
vn 0.461905 -0.658906 -0.593706
vn 0.310708 -0.717418 -0.623516
vn 0.159900 -0.765298 -0.623499
vn 0.002500 -0.781812 -0.623510
vn 0.319802 -0.738405 -0.593704
vn 0.164596 -0.787683 -0.593687
vn 0.002600 -0.804605 -0.593804
vn 0.572903 -0.817305 0.061600
vn 0.396608 -0.915919 0.061601
vn 0.204102 -0.977010 0.061601
vn 0.003200 -0.998096 0.061600
vn 0.433594 -0.409495 0.802689
vn 0.342295 -0.488392 0.802688
vn 0.236996 -0.547291 0.802687
vn 0.121998 -0.583790 0.802687
vn 0.001900 -0.596393 0.802690
vn 0.163701 -0.783605 0.599304
vn 0.002600 -0.800513 0.599310
vn 0.318102 -0.734605 0.599304
vn 0.459504 -0.655506 0.599306
vn 0.582016 -0.549615 0.599317
vn 0.177704 -0.850520 0.495012
vn 0.002800 -0.868891 0.494995
vn 0.345310 -0.797322 0.495014
vn 0.498710 -0.711515 0.495010
vn 0.631737 -0.596535 0.495029
vn 0.151206 -0.723530 0.673528
vn 0.002400 -0.739191 0.673492
vn 0.293707 -0.678316 0.673516
vn 0.424296 -0.605294 0.673493
vn 0.537412 -0.507511 0.673514
vn 0.200103 -0.957916 0.205803
vn 0.003200 -0.978589 0.205798
vn 0.388900 -0.898000 0.205800
vn 0.561716 -0.801323 0.205806
vn 0.711487 -0.671888 0.205796
vn 0.193613 -0.926862 -0.321622
vn 0.003100 -0.946874 -0.321591
vn 0.376297 -0.868893 -0.321597
vn 0.543483 -0.775375 -0.321590
vn 0.688417 -0.650116 -0.321608
vn 0.141507 -0.677335 -0.721937
vn 0.002200 -0.691945 -0.721947
vn 0.275001 -0.635003 -0.721904
vn 0.397211 -0.566616 -0.721921
vn 0.503108 -0.475107 -0.721911
vn 0.083396 -0.398982 -0.913159
vn 0.001300 -0.407585 -0.913166
vn 0.161996 -0.373990 -0.913175
vn 0.233892 -0.333789 -0.913170
vn 0.296298 -0.279798 -0.913193
vn 0.184697 -0.883884 -0.429692
vn 0.002900 -0.902955 -0.429726
vn 0.358808 -0.828618 -0.429709
vn 0.518303 -0.739404 -0.429702
vn 0.656489 -0.619989 -0.429693
vn 0.202493 -0.969066 0.141095
vn 0.003200 -0.989976 0.141197
vn 0.393386 -0.908467 0.141195
vn 0.568193 -0.810691 0.141198
vn 0.719785 -0.679686 0.141197
vn 0.167402 -0.801412 -0.574209
vn 0.002700 -0.818707 -0.574205
vn 0.325304 -0.751309 -0.574206
vn 0.469912 -0.670418 -0.574215
vn 0.595222 -0.562121 -0.574222
vn 0.049799 -0.238398 -0.969890
vn 0.000800 -0.243594 -0.969877
vn 0.096799 -0.223497 -0.969886
vn 0.139799 -0.199399 -0.969895
vn 0.177098 -0.167198 -0.969887
vn 0.176503 -0.844815 -0.505109
vn 0.002800 -0.863068 -0.505081
vn 0.342993 -0.791984 -0.505090
vn 0.495407 -0.706710 -0.505107
vn 0.627482 -0.592583 -0.505086
vn 0.203409 -0.973544 0.104105
vn 0.003200 -0.994562 0.104096
vn 0.395192 -0.912681 0.104098
vn 0.570829 -0.814442 0.104105
vn 0.723077 -0.682879 0.104097
vn 0.166906 -0.798627 -0.578219
vn 0.002600 -0.815894 -0.578196
vn 0.127601 -0.610707 -0.781508
vn 0.002000 -0.623840 -0.781550
vn 0.247906 -0.572514 -0.781518
vn 0.324204 -0.748710 -0.578208
vn 0.358101 -0.510901 -0.781501
vn 0.468305 -0.668108 -0.578206
vn 0.453615 -0.428314 -0.781525
vn 0.593192 -0.560193 -0.578193
vn 0.530512 -0.328308 -0.781518
vn 0.693810 -0.429306 -0.578208
vn 0.585722 -0.214808 -0.781529
vn 0.845747 -0.523329 0.104106
vn 0.766009 -0.280903 -0.578207
vn 0.617010 -0.092401 -0.781512
vn 0.733921 -0.454113 -0.505115
vn 0.933773 -0.342390 0.104097
vn 0.806892 -0.120899 -0.578194
vn 0.622939 0.033602 -0.781549
vn 0.207099 -0.128100 -0.969897
vn 0.810308 -0.297103 -0.505105
vn 0.983584 -0.147398 0.104098
vn 0.814705 0.044000 -0.578204
vn 0.603432 0.158309 -0.781542
vn 0.696204 -0.430802 -0.574203
vn 0.228696 -0.083799 -0.969884
vn 0.841883 -0.520889 0.141097
vn 0.768694 -0.281798 -0.574195
vn 0.853523 -0.127903 -0.505113
vn 0.240895 -0.036099 -0.969880
vn 0.993121 0.053601 0.104102
vn 0.861805 0.046500 -0.505103
vn 0.789183 0.207096 -0.578188
vn 0.559213 0.276606 -0.781518
vn 0.962007 0.252402 0.104101
vn 0.731321 0.361711 -0.578217
vn 0.492106 0.383504 -0.781509
vn 0.643588 0.501490 -0.578189
vn 0.404811 0.474713 -0.781521
vn 0.891499 0.440900 0.104100
vn 0.834809 0.219002 -0.505106
vn 0.243197 0.013100 -0.969888
vn 0.529479 0.620776 -0.578177
vn 0.301016 0.546428 -0.781541
vn 0.784514 0.611311 0.104102
vn 0.773613 0.382607 -0.505109
vn 0.235596 0.061799 -0.969884
vn 0.393706 0.714611 -0.578209
vn 0.184812 0.595838 -0.781550
vn 0.645409 0.756710 0.104101
vn 0.680785 0.530488 -0.505089
vn 0.218297 0.107999 -0.969888
vn 0.241789 0.779265 -0.578174
vn 0.061104 0.620841 -0.781552
vn 0.479911 0.871119 0.104102
vn 0.560111 0.656613 -0.505110
vn 0.192098 0.149699 -0.969891
vn 0.079898 0.811982 -0.578188
vn -0.065104 0.620438 -0.781548
vn 0.294701 0.949902 0.104100
vn 0.416389 0.755981 -0.505087
vn 0.158000 0.185299 -0.969897
vn -0.085103 0.811430 -0.578221
vn -0.188613 0.594641 -0.781554
vn 0.097498 0.989777 0.104098
vn 0.255703 0.824309 -0.505105
vn 0.117499 0.213299 -0.969896
vn -0.246701 0.777703 -0.578202
vn -0.304509 0.544516 -0.781522
vn -0.103804 0.989135 0.104104
vn -0.398207 0.712113 -0.578210
vn -0.407899 0.472099 -0.781499
vn -0.300706 0.948018 0.104102
vn 0.084600 0.858903 -0.505102
vn -0.090103 0.858333 -0.505120
vn 0.072199 0.232598 -0.969890
vn 0.023900 0.242396 -0.969883
vn -0.260989 0.822666 -0.505079
vn -0.485388 0.868079 0.104098
vn -0.533396 0.617396 -0.578196
vn -0.494525 0.380319 -0.781539
vn -0.025400 0.242199 -0.969894
vn -0.646719 0.497414 -0.578217
vn -0.561002 0.273001 -0.781503
vn -0.650199 0.752599 0.104100
vn -0.421201 0.753301 -0.505101
vn -0.073700 0.232099 -0.969896
vn -0.733625 0.357012 -0.578219
vn -0.604427 0.154507 -0.781534
vn -0.788396 0.606297 0.104099
vn -0.790496 0.201999 -0.578197
vn -0.623140 0.029602 -0.781550
vn -0.894296 0.435198 0.104100
vn -0.564272 0.653067 -0.505075
vn -0.684187 0.526090 -0.505091
vn -0.814981 0.038799 -0.578187
vn -0.616405 -0.096401 -0.781506
vn -0.963588 0.246297 0.104099
vn -0.776016 0.377708 -0.505110
vn -0.806095 -0.126099 -0.578196
vn -0.584332 -0.218512 -0.781543
vn -0.993446 0.047202 0.104105
vn -0.764201 -0.285800 -0.578200
vn -0.528425 -0.331615 -0.781536
vn -0.982618 -0.153703 0.104102
vn -0.836190 0.213697 -0.505094
vn -0.862090 0.041000 -0.505094
vn -0.691090 -0.433693 -0.578191
vn -0.450823 -0.431222 -0.781541
vn -0.931587 -0.348295 0.104099
vn -0.852692 -0.133399 -0.505095
vn -0.589588 -0.563989 -0.578189
vn -0.354818 -0.513126 -0.781540
vn -0.842401 -0.528700 0.104100
vn -0.464003 -0.671105 -0.578204
vn -0.244218 -0.574043 -0.781558
vn -0.718692 -0.687492 0.104099
vn -0.808391 -0.302297 -0.505095
vn -0.731006 -0.458804 -0.505104
vn -0.319395 -0.750788 -0.578191
vn -0.123701 -0.611507 -0.781509
vn -0.565592 -0.818089 0.104099
vn -0.623682 -0.596582 -0.505085
vn -0.161701 -0.799707 -0.578205
vn 0.002000 -0.623840 -0.781550
vn 0.002600 -0.815894 -0.578196
vn -0.389388 -0.915173 0.104097
vn -0.197204 -0.974820 0.104102
vn 0.003200 -0.994562 0.104096
vn -0.490808 -0.709911 -0.505108
vn -0.337891 -0.794178 -0.505086
vn -0.171104 -0.845922 -0.505113
vn 0.002800 -0.863068 -0.505081
vn -0.048300 -0.238698 -0.969892
vn 0.000800 -0.243594 -0.969877
vn -0.095300 -0.224099 -0.969896
vn -0.138499 -0.200299 -0.969896
vn -0.175996 -0.168397 -0.969880
vn -0.162296 -0.802479 -0.574185
vn 0.002700 -0.818707 -0.574205
vn -0.320494 -0.753386 -0.574189
vn -0.465610 -0.673415 -0.574212
vn -0.591618 -0.565917 -0.574217
vn -0.196208 -0.970342 0.141206
vn 0.003200 -0.989976 0.141197
vn -0.387497 -0.910993 0.141199
vn -0.563003 -0.814304 0.141201
vn -0.715400 -0.684300 0.141200
vn -0.179008 -0.885041 -0.429720
vn 0.002900 -0.902955 -0.429726
vn -0.353500 -0.830900 -0.429700
vn -0.513519 -0.742727 -0.429716
vn -0.652492 -0.624193 -0.429695
vn -0.080797 -0.399487 -0.913171
vn 0.001300 -0.407585 -0.913166
vn -0.159592 -0.375080 -0.913151
vn -0.231789 -0.335285 -0.913158
vn -0.294497 -0.281697 -0.913191
vn -0.137107 -0.678237 -0.721939
vn -0.270912 -0.636728 -0.721931
vn -0.370698 -0.871296 -0.321599
vn -0.393506 -0.569208 -0.721911
vn -0.538475 -0.778863 -0.321585
vn -0.556480 -0.804972 0.205793
vn -0.707101 -0.676501 0.205800
vn -0.684225 -0.654524 -0.321612
vn -0.828810 -0.520306 0.205803
vn -0.500022 -0.478321 -0.721932
vn -0.801983 -0.503389 -0.321593
vn -0.586099 -0.367899 -0.721899
vn -0.916590 -0.342796 0.205798
vn -0.886881 -0.331693 -0.321593
vn -0.966825 -0.151304 0.205805
vn -0.977489 0.046499 0.205798
vn -0.935491 -0.146399 -0.321597
vn -0.648122 -0.242408 -0.721925
vn -0.345190 -0.216694 -0.913174
vn -0.764778 -0.480086 -0.429688
vn -0.381781 -0.142793 -0.913156
vn -0.838495 -0.526297 0.141199
vn -0.845744 -0.316316 -0.429722
vn -0.683586 -0.106998 -0.721985
vn -0.402686 -0.062998 -0.913168
vn -0.945805 0.045000 -0.321602
vn -0.691209 0.032800 -0.721910
vn -0.948121 0.242305 0.205804
vn -0.917403 0.234401 -0.321601
vn -0.879952 0.428177 0.205789
vn -0.775788 0.596491 0.205797
vn -0.851420 0.414310 -0.321608
vn -0.670427 0.171307 -0.721929
vn -0.407092 0.019300 -0.913183
vn -0.639788 0.740486 0.205796
vn -0.750605 0.577204 -0.321602
vn -0.622231 0.302715 -0.721936
vn -0.394888 0.100897 -0.913172
vn -0.892112 -0.139602 -0.429706
vn -0.901942 0.042902 -0.429720
vn -0.927270 -0.346789 0.141095
vn -0.978087 -0.152998 0.141198
vn -0.693402 -0.435301 -0.574201
vn -0.766822 -0.286808 -0.574217
vn -0.206296 -0.129498 -0.969883
vn -0.228099 -0.085299 -0.969894
vn -0.808879 -0.126597 -0.574185
vn -0.240599 -0.037600 -0.969896
vn -0.988866 0.046998 0.141195
vn -0.817794 0.038900 -0.574196
vn -0.243296 0.011600 -0.969883
vn -0.874857 0.223515 -0.429728
vn -0.959164 0.245091 0.141195
vn -0.793216 0.202704 -0.574212
vn -0.235996 0.060299 -0.969882
vn -0.218997 0.106598 -0.969885
vn -0.736199 0.358199 -0.574199
vn -0.890214 0.433107 0.141202
vn -0.811963 0.395082 -0.429681
vn -0.193096 0.148497 -0.969878
vn -0.648998 0.499098 -0.574198
vn -0.784776 0.603482 0.141196
vn -0.715817 0.550413 -0.429710
vn -0.159199 0.184298 -0.969892
vn -0.535291 0.619490 -0.574191
vn -0.647281 0.749079 0.141096
vn -0.590407 0.683208 -0.429705
vn -0.118898 0.212596 -0.969880
vn -0.399592 0.714586 -0.574189
vn -0.247596 0.780386 -0.574190
vn -0.085503 0.814225 -0.574218
vn -0.483227 0.864049 0.141108
vn -0.299406 0.943619 0.141203
vn -0.103298 0.984578 0.141197
vn 0.080199 0.814785 -0.574189
vn 0.097002 0.985217 0.141202
vn 0.242590 0.781967 -0.574176
vn 0.293310 0.945532 0.141205
vn 0.395007 0.717113 -0.574211
vn 0.477624 0.867143 0.141207
vn 0.531303 0.622903 -0.574203
vn 0.642424 0.753228 0.141205
vn 0.645809 0.503207 -0.574208
vn 0.780894 0.608496 0.141199
vn 0.733869 0.362985 -0.574176
vn 0.887378 0.438889 0.141197
vn 0.791903 0.207801 -0.574202
vn 0.957558 0.251289 0.141194
vn 0.817518 0.044101 -0.574212
vn 0.988539 0.053402 0.141206
vn 0.809686 -0.121298 -0.574190
vn 0.979053 -0.146693 0.141193
vn 0.929489 -0.340796 0.141098
vn 0.767846 -0.475129 -0.429726
vn 0.847799 -0.310799 -0.429699
vn 0.346587 -0.214492 -0.913165
vn 0.893003 -0.133800 -0.429701
vn 0.382685 -0.140295 -0.913165
vn 0.588423 -0.364114 -0.721928
vn 0.901647 0.048703 -0.429722
vn 0.403086 -0.060398 -0.913167
vn 0.649704 -0.238201 -0.721904
vn 0.805209 -0.498206 -0.321604
vn 0.832187 -0.514892 0.205797
vn 0.889019 -0.325907 -0.321607
vn 0.628605 -0.388903 0.673506
vn 0.918778 -0.336892 0.205795
vn 0.684330 -0.102504 -0.721932
vn 0.936421 -0.140303 -0.321607
vn 0.406986 0.021999 -0.913169
vn 0.690894 0.037300 -0.721993
vn 0.873399 0.229200 -0.429700
vn 0.394196 0.103399 -0.913191
vn 0.809396 0.400298 -0.429698
vn 0.712237 0.555029 -0.429722
vn 0.365294 0.180697 -0.913186
vn 0.669321 0.175606 -0.721923
vn 0.945501 0.051000 -0.321600
vn 0.585932 0.687038 -0.429724
vn 0.321492 0.250494 -0.913179
vn 0.620227 0.306813 -0.721931
vn 0.915880 0.240295 -0.321593
vn 0.435619 0.790935 -0.429719
vn 0.264493 0.310091 -0.913174
vn 0.545823 0.425318 -0.721930
vn 0.848721 0.419810 -0.321608
vn 0.267509 0.862429 -0.429715
vn 0.196597 0.356994 -0.913184
vn 0.449013 0.526515 -0.721921
vn 0.746896 0.581997 -0.321598
vn 0.088403 0.898628 -0.429713
vn 0.120795 0.389284 -0.913163
vn 0.333813 0.606125 -0.721929
vn 0.614434 0.720440 -0.321618
vn -0.094204 0.898036 -0.429717
vn 0.039899 0.405592 -0.913183
vn 0.205005 0.660915 -0.721917
vn 0.456801 0.829401 -0.321600
vn -0.273096 0.860687 -0.429694
vn -0.042498 0.405382 -0.913159
vn -0.440709 0.788116 -0.429709
vn -0.123296 0.388487 -0.913168
vn -0.198898 0.355697 -0.913192
vn -0.266491 0.308390 -0.913169
vn -0.209312 0.659537 -0.721941
vn -0.323087 0.248490 -0.913163
vn -0.337721 0.603937 -0.721945
vn -0.452409 0.523610 -0.721914
vn -0.366491 0.178296 -0.913178
vn -0.548526 0.421820 -0.721934
vn -0.619074 0.716470 -0.321587
vn -0.462202 0.826403 -0.321601
vn -0.477691 0.854084 0.205796
vn -0.286406 0.902519 -0.321607
vn -0.295987 0.932760 0.205791
vn -0.223514 0.704544 0.673542
vn -0.077103 0.735130 0.673527
vn -0.102105 0.973251 0.205811
vn 0.072402 0.735618 0.673516
vn -0.098801 0.941706 -0.321602
vn 0.095898 0.973885 0.205797
vn 0.219000 0.706000 0.673500
vn -0.072201 0.688210 -0.721910
vn 0.092802 0.942315 -0.321605
vn 0.067803 0.688632 -0.721934
vn 0.280519 0.904361 -0.321622
vn 0.289891 0.934672 0.205794
vn 0.472094 0.857190 0.205798
vn 0.356619 0.647435 0.673536
vn 0.479621 0.562425 0.673530
vn 0.634998 0.744597 0.205799
vn 0.583035 0.454327 0.673541
vn 0.771906 0.601504 0.205801
vn 0.662535 0.327717 0.673535
vn 0.877193 0.433797 0.205798
vn 0.714992 0.187598 0.673493
vn 0.946539 0.248410 0.205808
vn 0.738108 0.039800 0.673507
vn 0.977170 0.052798 0.205794
vn 0.731017 -0.109503 0.673516
vn 0.967793 -0.144999 0.205798
vn 0.694015 -0.254405 0.673514
vn 0.815794 -0.299098 0.494996
vn 0.738889 -0.457193 0.494993
vn 0.680726 -0.421216 0.599323
vn -0.072899 0.348994 0.934285
vn -0.141701 0.327102 0.934305
vn -0.204602 0.291902 0.934308
vn 0.070700 0.349401 0.934302
vn -0.001200 0.356498 0.934295
vn 0.139601 0.328002 0.934305
vn -0.303194 0.187596 0.934281
vn -0.259196 0.244797 0.934287
vn 0.257595 0.246496 0.934283
vn 0.202793 0.293290 0.934268
vn -0.334701 0.122700 0.934302
vn -0.352595 0.052799 0.934286
vn 0.356098 -0.016900 0.934296
vn -0.355996 -0.019200 0.934290
vn 0.333988 0.124895 0.934266
vn 0.352200 0.055100 0.934301
vn 0.301904 0.189503 0.934314
vn -0.034900 -0.354797 0.934292
vn 0.037199 -0.354593 0.934281
vn 0.107800 -0.339800 0.934299
vn -0.171997 -0.312295 0.934285
vn -0.105600 -0.340499 0.934296
vn 0.173997 -0.311194 0.934282
vn 0.233095 -0.269794 0.934279
vn 0.320594 -0.155997 0.934283
vn 0.282600 -0.217300 0.934301
vn -0.281201 -0.219101 0.934302
vn -0.231298 -0.271297 0.934291
vn -0.344889 -0.090497 0.934271
vn -0.319506 -0.158003 0.934318
vn 0.356098 -0.016900 0.934296
vn 0.345398 -0.088299 0.934293
vn -0.355996 -0.019200 0.934290
vn -0.000000 0.000000 -1.000000
vn -0.000000 -0.000000 -1.000000
vn -0.077399 0.737594 -0.670794
vn 0.072599 0.738087 -0.670788
vn 0.000000 0.000000 -1.000000
vn -0.224301 0.706903 -0.670803
vn 0.000000 0.000000 -1.000000
vn 0.219692 0.708375 -0.670776
vn 0.000000 0.000000 -1.000000
vn -0.361997 0.647296 -0.670795
vn 0.000000 0.000000 -1.000000
vn 0.357805 0.649609 -0.670809
vn 0.000000 0.000000 -1.000000
vn -0.484889 0.561187 -0.670785
vn 0.000000 0.000000 -1.000000
vn 0.481286 0.564284 -0.670781
vn 0.000000 0.000000 -1.000000
vn -0.587902 0.452102 -0.670802
vn 0.000000 0.000000 -1.000000
vn 0.584988 0.455890 -0.670786
vn 0.000000 0.000000 -1.000000
vn -0.666891 0.324495 -0.670790
vn 0.000000 0.000000 -1.000000
vn 0.664786 0.328793 -0.670786
vn 0.000000 0.000000 -1.000000
vn -0.718576 0.183594 -0.670777
vn -0.000000 -0.000000 -1.000000
vn 0.717380 0.188195 -0.670782
vn -0.000000 0.000000 -1.000000
vn -0.740801 0.035200 -0.670801
vn -0.000000 0.000000 -1.000000
vn 0.740577 0.039999 -0.670780
vn -0.000000 0.000000 -1.000000
vn -0.732717 -0.114603 -0.670815
vn -0.000000 -0.000000 -1.000000
vn 0.733473 -0.109896 -0.670775
vn 0.000000 0.000000 -1.000000
vn -0.694673 -0.259790 -0.670774
vn -0.000000 0.000000 -1.000000
vn 0.696306 -0.255302 -0.670805
vn 0.000000 0.000000 -1.000000
vn -0.628175 -0.394284 -0.670773
vn 0.000000 0.000000 -1.000000
vn 0.630697 -0.390198 -0.670796
vn 0.000000 0.000000 -1.000000
vn -0.535894 -0.512694 -0.670792
vn 0.000000 0.000000 -1.000000
vn 0.539202 -0.509202 -0.670802
vn 0.000000 0.000000 -1.000000
vn -0.421777 -0.610067 -0.670763
vn 0.000000 0.000000 -1.000000
vn 0.425699 -0.607298 -0.670798
vn 0.000000 0.000000 -1.000000
vn -0.290292 -0.682482 -0.670782
vn 0.000000 0.000000 -1.000000
vn 0.294695 -0.680587 -0.670788
vn -0.000000 -0.000000 -1.000000
vn -0.147003 -0.726913 -0.670812
vn -0.000000 -0.000000 -1.000000
vn 0.002400 -0.741664 -0.670767
vn -0.000000 -0.000000 -1.000000
vn 0.002600 -0.819694 0.572796
vn -0.162503 -0.803417 0.572812
vn 0.001600 -0.508601 0.861001
vn -0.320899 -0.754197 0.572897
vn -0.100801 -0.498504 0.861007
vn 0.002600 -0.804902 0.593402
vn -0.466098 -0.674197 0.572897
vn -0.199101 -0.468003 0.861006
vn -0.159506 -0.788929 0.593422
vn 0.003000 -0.924079 0.382191
vn -0.592279 -0.566580 0.572880
vn -0.289198 -0.418397 0.860993
vn -0.315116 -0.740637 0.593430
vn -0.183110 -0.905748 0.382220
vn 0.003000 -0.912213 0.409706
vn -0.694183 -0.435789 0.572886
vn -0.367500 -0.351600 0.861000
vn -0.457702 -0.662104 0.593403
vn -0.361716 -0.850337 0.382216
vn -0.180804 -0.894119 0.409709
vn 0.002600 -0.817430 0.576021
vn -0.162005 -0.801223 0.576017
vn 0.002400 -0.732674 0.680576
vn -0.145192 -0.718160 0.680562
vn -0.357106 -0.839414 0.409707
vn -0.320003 -0.752207 0.576006
vn -0.286889 -0.674175 0.680575
vn -0.525505 -0.760108 0.382204
vn -0.518699 -0.750399 0.409699
vn -0.464893 -0.672390 0.575991
vn -0.416707 -0.602710 0.680511
vn -0.581611 -0.556410 0.593411
vn -0.667712 -0.638811 0.382207
vn -0.659182 -0.630583 0.409689
vn -0.590721 -0.565021 0.576021
vn -0.529466 -0.506467 0.680556
vn -0.692375 -0.434585 0.575980
vn -0.620620 -0.389513 0.680522
vn -0.772604 -0.485002 0.409702
vn -0.782672 -0.491282 0.382186
vn -0.681681 -0.427888 0.593484
vn -0.765643 -0.286316 0.576033
vn -0.686277 -0.256591 0.680577
vn -0.854401 -0.319600 0.409701
vn -0.865522 -0.323708 0.382210
vn -0.753916 -0.281906 0.593413
vn -0.807576 -0.126296 0.576083
vn -0.723927 -0.113204 0.680525
vn -0.901247 -0.141007 0.409721
vn -0.912983 -0.142797 0.382193
vn -0.795223 -0.124404 0.593417
vn -0.816519 0.038801 0.576013
vn -0.731911 0.034801 0.680511
vn -0.911193 0.043300 0.409697
vn -0.923031 0.043901 0.382213
vn -0.804000 0.038200 0.593400
vn -0.791998 0.202399 0.575998
vn -0.709920 0.181405 0.680519
vn -0.883826 0.225807 0.409712
vn -0.895305 0.228801 0.382202
vn -0.779826 0.199307 0.593420
vn -0.735018 0.357709 0.576014
vn -0.658794 0.320597 0.680594
vn -0.820289 0.399095 0.409694
vn -0.830929 0.404314 0.382213
vn -0.723733 0.352216 0.593427
vn -0.648006 0.498304 0.576005
vn -0.580775 0.446681 0.680571
vn -0.723157 0.556067 0.409675
vn -0.732522 0.563317 0.382211
vn -0.638046 0.490635 0.593443
vn -0.534396 0.618495 0.576095
vn -0.478996 0.554395 0.680594
vn -0.596423 0.690227 0.409716
vn -0.604195 0.699195 0.382197
vn -0.526229 0.609033 0.593432
vn -0.399017 0.713430 0.576024
vn -0.357702 0.639503 0.680503
vn -0.445282 0.796168 0.409683
vn -0.451098 0.806496 0.382198
vn -0.392900 0.702500 0.593400
vn -0.247195 0.779186 0.575989
vn -0.221591 0.698370 0.680571
vn -0.275899 0.869498 0.409699
vn -0.279499 0.880798 0.382199
vn -0.243405 0.767214 0.593411
vn -0.085299 0.812991 0.575994
vn -0.076502 0.728723 0.680522
vn -0.095203 0.907232 0.409715
vn -0.096403 0.919032 0.382213
vn -0.084001 0.800508 0.593406
vn 0.080101 0.813511 0.576007
vn 0.071796 0.729162 0.680565
vn 0.089303 0.907832 0.409714
vn 0.090503 0.919632 0.382213
vn 0.078803 0.801026 0.593420
vn 0.242209 0.780728 0.576020
vn 0.217107 0.699824 0.680523
vn 0.270289 0.871265 0.409684
vn 0.273796 0.882589 0.382195
vn 0.238511 0.768736 0.593428
vn 0.394403 0.716006 0.576005
vn 0.353485 0.641772 0.680571
vn 0.440113 0.799023 0.409712
vn 0.445813 0.809423 0.382211
vn 0.388314 0.705026 0.593422
vn 0.530509 0.621911 0.576010
vn 0.475471 0.557466 0.680558
vn 0.591908 0.694109 0.409705
vn 0.599616 0.703119 0.382210
vn 0.522312 0.612414 0.593414
vn 0.644817 0.502413 0.576015
vn 0.577993 0.450395 0.680492
vn 0.719529 0.560723 0.409717
vn 0.728902 0.568001 0.382201
vn 0.634916 0.494713 0.593415
vn 0.732715 0.362407 0.576012
vn 0.656813 0.324806 0.680513
vn 0.817689 0.404395 0.409695
vn 0.828329 0.409614 0.382213
vn 0.721503 0.356801 0.593402
vn 0.790685 0.207496 0.575989
vn 0.708724 0.186006 0.680523
vn 0.882344 0.231512 0.409721
vn 0.893824 0.234506 0.382210
vn 0.778530 0.204308 0.593422
vn 0.816243 0.044002 0.576030
vn 0.731595 0.039500 0.680595
vn 0.910894 0.049200 0.409697
vn 0.922731 0.049802 0.382213
vn 0.803724 0.043401 0.593418
vn 0.808363 -0.121194 0.576074
vn 0.724629 -0.108604 0.680527
vn 0.902137 -0.135206 0.409717
vn 0.913886 -0.136898 0.382194
vn 0.796011 -0.119302 0.593408
vn 0.767493 -0.281397 0.575995
vn 0.687937 -0.252214 0.680537
vn 0.856482 -0.313993 0.409691
vn 0.867603 -0.318101 0.382201
vn 0.755704 -0.277101 0.593403
vn 0.695126 -0.430116 0.576021
vn 0.623014 -0.385509 0.680615
vn 0.775714 -0.480009 0.409707
vn 0.785820 -0.486212 0.382210
vn 0.684441 -0.423526 0.593436
vn 0.594326 -0.561224 0.576025
vn 0.532701 -0.503001 0.680602
vn 0.663220 -0.626319 0.409712
vn 0.671806 -0.634506 0.382203
vn 0.585215 -0.552614 0.593415
vn 0.469195 -0.669393 0.575994
vn 0.420492 -0.599989 0.680588
vn 0.523595 -0.746993 0.409696
vn 0.530401 -0.756702 0.382201
vn 0.462005 -0.659106 0.593406
vn 0.324813 -0.750130 0.576023
vn 0.291180 -0.672354 0.680554
vn 0.362501 -0.837101 0.409701
vn 0.367197 -0.847993 0.382197
vn 0.319812 -0.738628 0.593422
vn 0.167209 -0.800143 0.576031
vn 0.149798 -0.717188 0.680589
vn 0.002600 -0.817430 0.576021
vn 0.002400 -0.732674 0.680576
vn 0.003000 -0.912213 0.409706
vn 0.186605 -0.892925 0.409711
vn 0.003000 -0.924079 0.382191
vn 0.189008 -0.904537 0.382216
vn 0.002600 -0.804902 0.593402
vn 0.164600 -0.787899 0.593399
vn 0.001600 -0.508601 0.861001
vn 0.104003 -0.497814 0.861025
vn 0.002600 -0.819694 0.572796
vn 0.202103 -0.466706 0.861011
vn 0.167610 -0.802350 0.572836
vn 0.002400 -0.741664 -0.670767
vn 0.151695 -0.725978 -0.670779
vn -0.000000 -0.000000 -1.000000
vn 0.325702 -0.752206 0.572804
vn 0.291900 -0.416500 0.861001
vn 0.470478 -0.671168 0.572873
vn 0.369797 -0.349198 0.860994
vn 0.595884 -0.562784 0.572884
vn 0.432503 -0.267602 0.861006
vn 0.696985 -0.431291 0.572888
vn 0.477503 -0.175101 0.861006
vn 0.769570 -0.282089 0.572877
vn 0.502996 -0.075399 0.860993
vn 0.810580 -0.121497 0.572886
vn 0.507891 0.027400 0.860985
vn 0.818455 0.044198 0.572868
vn 0.491912 0.129103 0.861020
vn 0.792796 0.207999 0.572897
vn 0.455896 0.225498 0.860993
vn 0.734679 0.363389 0.572883
vn 0.401200 0.312600 0.860999
vn 0.646503 0.503802 0.572903
vn 0.330002 0.387002 0.861004
vn 0.531864 0.623658 0.572862
vn 0.245398 0.445497 0.860995
vn 0.395497 0.717895 0.572896
vn 0.150697 0.485792 0.860986
vn 0.242788 0.782861 0.572872
vn 0.049799 0.506190 0.860983
vn 0.080299 0.815688 0.572892
vn -0.053101 0.505807 0.861011
vn -0.085497 0.815169 0.572878
vn -0.153800 0.484798 0.860997
vn -0.247888 0.781262 0.572872
vn -0.248297 0.443895 0.860991
vn -0.400082 0.715367 0.572874
vn -0.332509 0.384810 0.861022
vn -0.535886 0.620184 0.572885
vn -0.403202 0.310001 0.861004
vn -0.649782 0.499586 0.572884
vn -0.457311 0.222506 0.861021
vn -0.737008 0.358604 0.572906
vn -0.492794 0.125899 0.860990
vn -0.794109 0.202902 0.572906
vn -0.508009 0.024100 0.861015
vn -0.818701 0.038900 0.572901
vn -0.502499 -0.078600 0.860998
vn -0.809829 -0.126705 0.572820
vn -0.476401 -0.178100 0.861001
vn -0.767698 -0.287099 0.572899
vn -0.430794 -0.270397 0.860989
vn 0.577350 -0.577350 0.577350
vn 0.577350 0.577350 0.577350
vn -0.577350 0.577350 0.577350
vn 0.577350 0.577350 -0.577350
vn -0.577350 0.577350 -0.577350
vn 0.577350 -0.577350 -0.577350
vn 0.577350 0.577350 -0.577350
vn -0.577350 0.577350 -0.577350
vn -0.577350 -0.577350 -0.577350
vn -0.577350 -0.577350 0.577350
vn -0.577350 0.577350 -0.577350
vn -0.577350 -0.577350 -0.577350
vn -0.577350 -0.577350 -0.577350
vn 0.577350 -0.577350 -0.577350
f 1/1/1 2/2/2 3/3/3
f 4/4/4 2/2/2 1/1/1
f 2/2/2 5/5/5 3/3/3
f 1/1/1 3/3/3 6/6/6
f 4/4/4 7/7/7 2/2/2
f 8/8/8 4/4/4 1/1/1
f 7/7/7 9/9/9 2/2/2
f 2/2/2 9/9/9 5/5/5
f 10/10/10 7/7/7 4/4/4
f 8/8/8 1/1/1 11/11/11
f 11/11/11 1/1/1 6/6/6
f 12/12/12 4/4/4 8/8/8
f 12/12/12 10/10/10 4/4/4
f 13/13/13 8/8/8 11/11/11
f 14/14/14 12/12/12 8/8/8
f 14/14/14 8/8/8 13/13/13
f 15/15/15 12/12/12 14/14/14
f 16/16/16 10/10/10 12/12/12
f 15/15/15 16/16/16 12/12/12
f 16/16/16 17/17/17 10/10/10
f 18/18/18 15/15/15 14/14/14
f 19/19/19 14/14/14 13/13/13
f 18/18/18 14/14/14 19/19/19
f 19/19/19 13/13/13 20/20/20
f 21/21/21 15/15/15 18/18/18
f 22/22/22 16/16/16 15/15/15
f 21/21/21 22/22/22 15/15/15
f 22/22/22 23/23/23 16/16/16
f 23/23/23 17/17/17 16/16/16
f 24/24/24 22/22/22 21/21/21
f 25/25/25 23/23/23 22/22/22
f 24/24/24 25/25/25 22/22/22
f 25/25/25 26/26/26 23/23/23
f 23/23/23 27/27/27 17/17/17
f 26/26/26 27/27/27 23/23/23
f 28/28/28 26/26/26 25/25/25
f 27/27/27 29/29/29 17/17/17
f 30/30/30 25/25/25 24/24/24
f 30/30/30 28/28/28 25/25/25
f 31/31/31 30/30/30 24/24/24
f 28/28/28 32/32/32 26/26/26
f 26/26/26 33/33/33 27/27/27
f 32/32/32 33/33/33 26/26/26
f 33/33/33 34/34/34 27/27/27
f 27/27/27 34/34/34 29/29/29
f 32/32/32 35/35/35 33/33/33
f 33/33/33 36/36/36 34/34/34
f 35/35/35 36/36/36 33/33/33
f 34/34/34 37/37/37 29/29/29
f 36/36/36 38/38/38 34/34/34
f 34/34/34 38/38/38 37/37/37
f 36/36/36 39/39/39 38/38/38
f 35/35/35 40/40/40 36/36/36
f 40/40/40 39/39/39 36/36/36
f 41/41/41 35/35/35 32/32/32
f 42/42/42 40/40/40 35/35/35
f 41/41/41 42/42/42 35/35/35
f 43/43/43 41/41/41 32/32/32
f 43/43/43 32/32/32 28/28/28
f 44/44/44 42/42/42 41/41/41
f 45/45/45 43/43/43 28/28/28
f 45/45/45 28/28/28 30/30/30
f 46/46/46 41/41/41 43/43/43
f 46/46/46 44/44/44 41/41/41
f 47/47/47 43/43/43 45/45/45
f 47/47/47 46/46/46 43/43/43
f 48/48/48 45/45/45 30/30/30
f 49/49/49 47/47/47 45/45/45
f 49/49/49 45/45/45 48/48/48
f 48/48/48 30/30/30 31/31/31
f 50/50/50 47/47/47 49/49/49
f 51/51/51 46/46/46 47/47/47
f 50/50/50 51/51/51 47/47/47
f 51/51/51 52/52/52 46/46/46
f 52/52/52 44/44/44 46/46/46
f 53/53/53 51/51/51 50/50/50
f 54/54/54 52/52/52 51/51/51
f 53/53/53 54/54/54 51/51/51
f 52/52/52 55/55/55 44/44/44
f 54/54/54 56/56/56 52/52/52
f 56/56/56 55/55/55 52/52/52
f 55/55/55 57/57/57 44/44/44
f 44/44/44 57/57/57 42/42/42
f 56/56/56 58/58/58 55/55/55
f 57/57/57 59/59/59 42/42/42
f 42/42/42 59/59/59 40/40/40
f 55/55/55 60/60/60 57/57/57
f 58/58/58 60/60/60 55/55/55
f 57/57/57 61/61/61 59/59/59
f 60/60/60 61/61/61 57/57/57
f 59/59/59 62/62/62 40/40/40
f 40/40/40 62/62/62 39/39/39
f 61/61/61 63/63/63 59/59/59
f 59/59/59 63/63/63 62/62/62
f 60/60/60 64/64/64 61/61/61
f 61/61/61 65/65/65 63/63/63
f 64/64/64 65/65/65 61/61/61
f 66/66/66 64/64/64 60/60/60
f 58/58/58 66/66/66 60/60/60
f 64/64/64 67/67/67 65/65/65
f 66/66/66 68/68/68 64/64/64
f 68/68/68 67/67/67 64/64/64
f 69/69/69 66/66/66 58/58/58
f 70/70/70 68/68/68 66/66/66
f 69/69/69 70/70/70 66/66/66
f 71/71/71 69/69/69 58/58/58
f 71/71/71 58/58/58 56/56/56
f 72/72/72 70/70/70 69/69/69
f 73/73/73 69/69/69 71/71/71
f 73/73/73 72/72/72 69/69/69
f 74/74/74 71/71/71 56/56/56
f 74/74/74 56/56/56 54/54/54
f 75/75/75 73/73/73 71/71/71
f 75/75/75 71/71/71 74/74/74
f 76/76/76 74/74/74 54/54/54
f 76/76/76 54/54/54 53/53/53
f 77/77/77 75/75/75 74/74/74
f 77/77/77 74/74/74 76/76/76
f 78/78/78 73/73/73 75/75/75
f 79/79/79 75/75/75 77/77/77
f 79/79/79 78/78/78 75/75/75
f 78/78/78 80/80/80 73/73/73
f 80/80/80 72/72/72 73/73/73
f 81/81/81 78/78/78 79/79/79
f 82/82/82 80/80/80 78/78/78
f 81/81/81 82/82/82 78/78/78
f 83/83/83 82/82/82 81/81/81
f 83/83/83 84/84/84 82/82/82
f 85/85/85 83/83/83 81/81/81
f 84/84/84 86/86/86 82/82/82
f 82/82/82 86/86/86 80/80/80
f 84/84/84 87/87/87 86/86/86
f 85/85/85 81/81/81 88/88/88
f 88/88/88 81/81/81 79/79/79
f 89/89/89 85/85/85 88/88/88
f 87/87/87 90/90/90 86/86/86
f 87/87/87 91/91/91 90/90/90
f 86/86/86 92/92/92 80/80/80
f 86/86/86 90/90/90 92/92/92
f 80/80/80 92/92/92 72/72/72
f 89/89/89 88/88/88 93/93/93
f 94/94/94 89/89/89 93/93/93
f 88/88/88 79/79/79 95/95/95
f 93/93/93 88/88/88 95/95/95
f 95/95/95 79/79/79 77/77/77
f 94/94/94 93/93/93 96/96/96
f 97/97/97 94/94/94 96/96/96
f 93/93/93 95/95/95 98/98/98
f 96/96/96 93/93/93 98/98/98
f 95/95/95 77/77/77 99/99/99
f 98/98/98 95/95/95 99/99/99
f 99/99/99 77/77/77 76/76/76
f 97/97/97 96/96/96 100/100/100
f 101/101/101 97/97/97 100/100/100
f 101/101/101 100/100/100 102/102/102
f 100/100/100 96/96/96 103/103/103
f 96/96/96 98/98/98 103/103/103
f 102/102/102 100/100/100 104/104/104
f 100/100/100 103/103/103 104/104/104
f 102/102/102 104/104/104 105/105/105
f 103/103/103 98/98/98 106/106/106
f 98/98/98 99/99/99 106/106/106
f 104/104/104 103/103/103 107/107/107
f 103/103/103 106/106/106 107/107/107
f 105/105/105 104/104/104 108/108/108
f 104/104/104 107/107/107 108/108/108
f 105/105/105 108/108/108 109/109/109
f 106/106/106 99/99/99 110/110/110
f 99/99/99 76/76/76 110/110/110
f 110/110/110 76/76/76 53/53/53
f 106/106/106 110/110/110 111/111/111
f 107/107/107 106/106/106 111/111/111
f 110/110/110 53/53/53 112/112/112
f 111/111/111 110/110/110 112/112/112
f 112/112/112 53/53/53 50/50/50
f 107/107/107 111/111/111 113/113/113
f 108/108/108 107/107/107 113/113/113
f 111/111/111 112/112/112 114/114/114
f 113/113/113 111/111/111 114/114/114
f 112/112/112 50/50/50 115/115/115
f 114/114/114 112/112/112 115/115/115
f 115/115/115 50/50/50 49/49/49
f 109/109/109 108/108/108 116/116/116
f 108/108/108 113/113/113 116/116/116
f 109/109/109 116/116/116 117/117/117
f 113/113/113 114/114/114 118/118/118
f 116/116/116 113/113/113 118/118/118
f 114/114/114 115/115/115 119/119/119
f 118/118/118 114/114/114 119/119/119
f 117/117/117 116/116/116 120/120/120
f 116/116/116 118/118/118 120/120/120
f 117/117/117 120/120/120 121/121/121
f 115/115/115 49/49/49 122/122/122
f 119/119/119 115/115/115 122/122/122
f 122/122/122 49/49/49 48/48/48
f 118/118/118 119/119/119 123/123/123
f 120/120/120 118/118/118 123/123/123
f 119/119/119 122/122/122 124/124/124
f 123/123/123 119/119/119 124/124/124
f 122/122/122 48/48/48 125/125/125
f 124/124/124 122/122/122 125/125/125
f 125/125/125 48/48/48 31/31/31
f 121/121/121 120/120/120 126/126/126
f 120/120/120 123/123/123 126/126/126
f 121/121/121 126/126/126 127/127/127
f 123/123/123 124/124/124 128/128/128
f 126/126/126 123/123/123 128/128/128
f 124/124/124 125/125/125 129/129/129
f 128/128/128 124/124/124 129/129/129
f 127/127/127 126/126/126 130/130/130
f 126/126/126 128/128/128 130/130/130
f 127/127/127 130/130/130 131/131/131
f 129/129/129 125/125/125 132/132/132
f 125/125/125 31/31/31 132/132/132
f 128/128/128 129/129/129 133/133/133
f 130/130/130 128/128/128 133/133/133
f 131/131/131 130/130/130 134/134/134
f 130/130/130 133/133/133 134/134/134
f 131/131/131 134/134/134 135/135/135
f 133/133/133 129/129/129 136/136/136
f 129/129/129 132/132/132 136/136/136
f 134/134/134 133/133/133 137/137/137
f 133/133/133 136/136/136 137/137/137
f 135/135/135 134/134/134 138/138/138
f 134/134/134 137/137/137 138/138/138
f 135/135/135 138/138/138 139/139/139
f 139/139/139 138/138/138 140/140/140
f 139/139/139 140/140/140 141/141/141
f 138/138/138 137/137/137 142/142/142
f 138/138/138 142/142/142 140/140/140
f 137/137/137 136/136/136 143/143/143
f 137/137/137 143/143/143 142/142/142
f 136/136/136 144/144/144 143/143/143
f 136/136/136 132/132/132 144/144/144
f 141/141/141 140/140/140 145/145/145
f 141/141/141 145/145/145 146/146/146
f 140/140/140 142/142/142 147/147/147
f 140/140/140 147/147/147 145/145/145
f 142/142/142 143/143/143 148/148/148
f 142/142/142 148/148/148 147/147/147
f 143/143/143 149/149/149 148/148/148
f 143/143/143 144/144/144 149/149/149
f 146/146/146 145/145/145 150/150/150
f 146/146/146 150/150/150 151/151/151
f 145/145/145 147/147/147 152/152/152
f 145/145/145 152/152/152 150/150/150
f 147/147/147 148/148/148 153/153/153
f 147/147/147 153/153/153 152/152/152
f 148/148/148 154/154/154 153/153/153
f 148/148/148 149/149/149 154/154/154
f 151/151/151 150/150/150 155/155/155
f 151/151/151 155/155/155 156/156/156
f 150/150/150 152/152/152 157/157/157
f 150/150/150 157/157/157 155/155/155
f 152/152/152 153/153/153 158/158/158
f 152/152/152 158/158/158 157/157/157
f 153/153/153 159/159/159 158/158/158
f 153/153/153 154/154/154 159/159/159
f 156/156/156 155/155/155 160/160/160
f 156/156/156 160/160/160 161/161/161
f 155/155/155 157/157/157 162/162/162
f 155/155/155 162/162/162 160/160/160
f 157/157/157 158/158/158 163/163/163
f 157/157/157 163/163/163 162/162/162
f 158/158/158 164/164/164 163/163/163
f 158/158/158 159/159/159 164/164/164
f 161/161/161 160/160/160 165/165/165
f 161/161/161 165/165/165 166/166/166
f 160/160/160 162/162/162 167/167/167
f 160/160/160 167/167/167 165/165/165
f 162/162/162 163/163/163 168/168/168
f 162/162/162 168/168/168 167/167/167
f 163/163/163 169/169/169 168/168/168
f 163/163/163 164/164/164 169/169/169
f 166/166/166 165/165/165 170/170/170
f 166/166/166 170/170/170 171/171/171
f 165/165/165 167/167/167 172/172/172
f 165/165/165 172/172/172 170/170/170
f 167/167/167 168/168/168 173/173/173
f 167/167/167 173/173/173 172/172/172
f 168/168/168 174/174/174 173/173/173
f 168/168/168 169/169/169 174/174/174
f 175/175/175 171/171/171 170/170/170
f 175/175/175 176/176/176 171/171/171
f 177/177/177 170/170/170 172/172/172
f 177/177/177 175/175/175 170/170/170
f 178/178/178 172/172/172 173/173/173
f 178/178/178 177/177/177 172/172/172
f 179/179/179 178/178/178 173/173/173
f 179/179/179 173/173/173 174/174/174
f 180/180/180 176/176/176 175/175/175
f 180/180/180 181/181/181 176/176/176
f 182/182/182 175/175/175 177/177/177
f 182/182/182 180/180/180 175/175/175
f 183/183/183 177/177/177 178/178/178
f 183/183/183 182/182/182 177/177/177
f 184/184/184 183/183/183 178/178/178
f 184/184/184 178/178/178 179/179/179
f 185/185/185 181/181/181 180/180/180
f 185/185/185 186/186/186 181/181/181
f 187/187/187 180/180/180 182/182/182
f 187/187/187 185/185/185 180/180/180
f 188/188/188 182/182/182 183/183/183
f 188/188/188 187/187/187 182/182/182
f 189/189/189 188/188/188 183/183/183
f 189/189/189 183/183/183 184/184/184
f 190/190/190 186/186/186 185/185/185
f 190/190/190 191/191/191 186/186/186
f 192/192/192 185/185/185 187/187/187
f 192/192/192 190/190/190 185/185/185
f 193/193/193 187/187/187 188/188/188
f 193/193/193 192/192/192 187/187/187
f 194/194/194 193/193/193 188/188/188
f 194/194/194 188/188/188 189/189/189
f 195/195/195 191/191/191 190/190/190
f 195/195/195 196/196/196 191/191/191
f 197/197/197 190/190/190 192/192/192
f 197/197/197 195/195/195 190/190/190
f 198/198/198 192/192/192 193/193/193
f 198/198/198 197/197/197 192/192/192
f 199/199/199 198/198/198 193/193/193
f 199/199/199 193/193/193 194/194/194
f 200/200/200 196/196/196 195/195/195
f 200/200/200 201/201/201 196/196/196
f 202/202/202 195/195/195 197/197/197
f 202/202/202 200/200/200 195/195/195
f 203/203/203 197/197/197 198/198/198
f 203/203/203 202/202/202 197/197/197
f 204/204/204 203/203/203 198/198/198
f 204/204/204 198/198/198 199/199/199
f 205/205/205 201/201/201 200/200/200
f 205/205/205 206/206/206 201/201/201
f 207/207/207 200/200/200 202/202/202
f 207/207/207 205/205/205 200/200/200
f 208/208/208 202/202/202 203/203/203
f 208/208/208 207/207/207 202/202/202
f 209/209/209 208/208/208 203/203/203
f 209/209/209 203/203/203 204/204/204
f 210/210/210 206/206/206 205/205/205
f 210/210/210 211/211/211 206/206/206
f 212/212/212 205/205/205 207/207/207
f 212/212/212 210/210/210 205/205/205
f 213/213/213 207/207/207 208/208/208
f 213/213/213 212/212/212 207/207/207
f 214/214/214 213/213/213 208/208/208
f 214/214/214 208/208/208 209/209/209
f 215/215/215 211/211/211 210/210/210
f 215/215/215 216/216/216 211/211/211
f 217/217/217 210/210/210 212/212/212
f 217/217/217 215/215/215 210/210/210
f 218/218/218 212/212/212 213/213/213
f 218/218/218 217/217/217 212/212/212
f 219/219/219 218/218/218 213/213/213
f 219/219/219 213/213/213 214/214/214
f 220/220/220 216/216/216 215/215/215
f 220/220/220 221/221/221 216/216/216
f 222/222/222 215/215/215 217/217/217
f 222/222/222 220/220/220 215/215/215
f 223/223/223 217/217/217 218/218/218
f 223/223/223 222/222/222 217/217/217
f 224/224/224 223/223/223 218/218/218
f 224/224/224 218/218/218 219/219/219
f 225/225/225 221/221/221 220/220/220
f 225/225/225 226/226/226 221/221/221
f 227/227/227 220/220/220 222/222/222
f 227/227/227 225/225/225 220/220/220
f 228/228/228 222/222/222 223/223/223
f 228/228/228 227/227/227 222/222/222
f 229/229/229 228/228/228 223/223/223
f 229/229/229 223/223/223 224/224/224
f 230/230/230 226/226/226 225/225/225
f 230/230/230 231/231/231 226/226/226
f 232/232/232 225/225/225 227/227/227
f 232/232/232 230/230/230 225/225/225
f 233/233/233 227/227/227 228/228/228
f 233/233/233 232/232/232 227/227/227
f 234/234/234 233/233/233 228/228/228
f 234/234/234 228/228/228 229/229/229
f 235/235/235 231/231/231 230/230/230
f 235/235/235 236/236/236 231/231/231
f 237/237/237 230/230/230 232/232/232
f 237/237/237 235/235/235 230/230/230
f 238/238/238 232/232/232 233/233/233
f 238/238/238 237/237/237 232/232/232
f 239/239/239 238/238/238 233/233/233
f 239/239/239 233/233/233 234/234/234
f 240/240/240 236/236/236 235/235/235
f 240/240/240 241/241/241 236/236/236
f 242/242/242 241/241/241 240/240/240
f 242/242/242 243/243/243 241/241/241
f 244/244/244 242/242/242 240/240/240
f 245/245/245 240/240/240 235/235/235
f 244/244/244 240/240/240 245/245/245
f 245/245/245 235/235/235 237/237/237
f 246/246/246 244/244/244 245/245/245
f 247/247/247 245/245/245 237/237/237
f 246/246/246 245/245/245 247/247/247
f 247/247/247 237/237/237 238/238/238
f 248/248/248 246/246/246 247/247/247
f 249/249/249 247/247/247 238/238/238
f 248/248/248 247/247/247 249/249/249
f 249/249/249 238/238/238 239/239/239
f 250/250/250 248/248/248 249/249/249
f 250/250/250 249/249/249 251/251/251
f 251/251/251 249/249/249 239/239/239
f 252/252/252 250/250/250 251/251/251
f 251/251/251 239/239/239 253/253/253
f 252/252/252 251/251/251 254/254/254
f 254/254/254 251/251/251 253/253/253
f 255/255/255 252/252/252 254/254/254
f 253/253/253 239/239/239 234/234/234
f 255/255/255 254/254/254 256/256/256
f 257/257/257 255/255/255 256/256/256
f 254/254/254 253/253/253 258/258/258
f 256/256/256 254/254/254 258/258/258
f 253/253/253 234/234/234 259/259/259
f 258/258/258 253/253/253 259/259/259
f 259/259/259 234/234/234 229/229/229
f 257/257/257 256/256/256 260/260/260
f 261/261/261 257/257/257 260/260/260
f 256/256/256 258/258/258 262/262/262
f 260/260/260 256/256/256 262/262/262
f 258/258/258 259/259/259 263/263/263
f 262/262/262 258/258/258 263/263/263
f 259/259/259 229/229/229 264/264/264
f 263/263/263 259/259/259 264/264/264
f 264/264/264 229/229/229 224/224/224
f 261/261/261 260/260/260 265/265/265
f 266/266/266 261/261/261 265/265/265
f 260/260/260 262/262/262 267/267/267
f 265/265/265 260/260/260 267/267/267
f 266/266/266 265/265/265 268/268/268
f 269/269/269 266/266/266 268/268/268
f 265/265/265 267/267/267 270/270/270
f 268/268/268 265/265/265 270/270/270
f 267/267/267 262/262/262 271/271/271
f 262/262/262 263/263/263 271/271/271
f 270/270/270 267/267/267 272/272/272
f 267/267/267 271/271/271 272/272/272
f 271/271/271 263/263/263 273/273/273
f 263/263/263 264/264/264 273/273/273
f 272/272/272 271/271/271 274/274/274
f 271/271/271 273/273/273 274/274/274
f 273/273/273 264/264/264 275/275/275
f 264/264/264 224/224/224 275/275/275
f 275/275/275 224/224/224 219/219/219
f 273/273/273 275/275/275 276/276/276
f 274/274/274 273/273/273 276/276/276
f 275/275/275 219/219/219 277/277/277
f 276/276/276 275/275/275 277/277/277
f 277/277/277 219/219/219 214/214/214
f 277/277/277 214/214/214 278/278/278
f 278/278/278 214/214/214 209/209/209
f 276/276/276 277/277/277 279/279/279
f 279/279/279 277/277/277 278/278/278
f 274/274/274 276/276/276 280/280/280
f 280/280/280 276/276/276 279/279/279
f 281/281/281 274/274/274 280/280/280
f 272/272/272 274/274/274 281/281/281
f 278/278/278 209/209/209 282/282/282
f 282/282/282 209/209/209 204/204/204
f 279/279/279 278/278/278 283/283/283
f 283/283/283 278/278/278 282/282/282
f 280/280/280 279/279/279 284/284/284
f 284/284/284 279/279/279 283/283/283
f 285/285/285 280/280/280 284/284/284
f 281/281/281 280/280/280 285/285/285
f 282/282/282 204/204/204 286/286/286
f 286/286/286 204/204/204 199/199/199
f 283/283/283 282/282/282 287/287/287
f 287/287/287 282/282/282 286/286/286
f 284/284/284 283/283/283 288/288/288
f 288/288/288 283/283/283 287/287/287
f 289/289/289 284/284/284 288/288/288
f 285/285/285 284/284/284 289/289/289
f 286/286/286 199/199/199 290/290/290
f 290/290/290 199/199/199 194/194/194
f 287/287/287 286/286/286 291/291/291
f 291/291/291 286/286/286 290/290/290
f 288/288/288 287/287/287 292/292/292
f 292/292/292 287/287/287 291/291/291
f 293/293/293 288/288/288 292/292/292
f 289/289/289 288/288/288 293/293/293
f 290/290/290 194/194/194 294/294/294
f 294/294/294 194/194/194 189/189/189
f 291/291/291 290/290/290 295/295/295
f 295/295/295 290/290/290 294/294/294
f 292/292/292 291/291/291 296/296/296
f 296/296/296 291/291/291 295/295/295
f 297/297/297 292/292/292 296/296/296
f 293/293/293 292/292/292 297/297/297
f 294/294/294 189/189/189 298/298/298
f 298/298/298 189/189/189 184/184/184
f 295/295/295 294/294/294 299/299/299
f 299/299/299 294/294/294 298/298/298
f 296/296/296 295/295/295 300/300/300
f 300/300/300 295/295/295 299/299/299
f 301/301/301 296/296/296 300/300/300
f 297/297/297 296/296/296 301/301/301
f 298/298/298 184/184/184 302/302/302
f 302/302/302 184/184/184 179/179/179
f 299/299/299 298/298/298 303/303/303
f 303/303/303 298/298/298 302/302/302
f 300/300/300 299/299/299 304/304/304
f 304/304/304 299/299/299 303/303/303
f 305/305/305 300/300/300 304/304/304
f 301/301/301 300/300/300 305/305/305
f 302/302/302 179/179/179 306/306/306
f 306/306/306 179/179/179 174/174/174
f 303/303/303 302/302/302 307/307/307
f 307/307/307 302/302/302 306/306/306
f 304/304/304 303/303/303 308/308/308
f 308/308/308 303/303/303 307/307/307
f 309/309/309 304/304/304 308/308/308
f 305/305/305 304/304/304 309/309/309
f 306/306/306 174/174/174 310/310/310
f 169/169/169 310/310/310 174/174/174
f 307/307/307 306/306/306 311/311/311
f 311/311/311 306/306/306 310/310/310
f 308/308/308 307/307/307 312/312/312
f 312/312/312 307/307/307 311/311/311
f 313/313/313 308/308/308 312/312/312
f 309/309/309 308/308/308 313/313/313
f 169/169/169 314/314/314 310/310/310
f 164/164/164 314/314/314 169/169/169
f 311/311/311 310/310/310 315/315/315
f 314/314/314 315/315/315 310/310/310
f 164/164/164 316/316/316 314/314/314
f 159/159/159 316/316/316 164/164/164
f 314/314/314 317/317/317 315/315/315
f 316/316/316 317/317/317 314/314/314
f 318/318/318 311/311/311 315/315/315
f 312/312/312 311/311/311 318/318/318
f 317/317/317 319/319/319 315/315/315
f 318/318/318 315/315/315 319/319/319
f 320/320/320 312/312/312 318/318/318
f 313/313/313 312/312/312 320/320/320
f 321/321/321 318/318/318 319/319/319
f 320/320/320 318/318/318 321/321/321
f 317/317/317 322/322/322 319/319/319
f 316/316/316 20/20/20 317/317/317
f 20/20/20 322/322/322 317/317/317
f 20/20/20 13/13/13 322/322/322
f 13/13/13 11/11/11 322/322/322
f 323/323/323 20/20/20 316/316/316
f 159/159/159 323/323/323 316/316/316
f 323/323/323 19/19/19 20/20/20
f 154/154/154 323/323/323 159/159/159
f 322/322/322 11/11/11 324/324/324
f 322/322/322 324/324/324 319/319/319
f 321/321/321 319/319/319 324/324/324
f 11/11/11 6/6/6 324/324/324
f 154/154/154 325/325/325 323/323/323
f 325/325/325 19/19/19 323/323/323
f 149/149/149 325/325/325 154/154/154
f 325/325/325 18/18/18 19/19/19
f 149/149/149 326/326/326 325/325/325
f 326/326/326 18/18/18 325/325/325
f 144/144/144 326/326/326 149/149/149
f 326/326/326 21/21/21 18/18/18
f 144/144/144 327/327/327 326/326/326
f 327/327/327 21/21/21 326/326/326
f 132/132/132 327/327/327 144/144/144
f 327/327/327 24/24/24 21/21/21
f 132/132/132 31/31/31 327/327/327
f 31/31/31 24/24/24 327/327/327
f 328/328/328 324/324/324 6/6/6
f 328/328/328 321/321/321 324/324/324
f 329/329/329 328/328/328 6/6/6
f 329/329/329 6/6/6 3/3/3
f 330/330/330 321/321/321 328/328/328
f 330/330/330 320/320/320 321/321/321
f 331/331/331 328/328/328 329/329/329
f 331/331/331 330/330/330 328/328/328
f 332/332/332 329/329/329 3/3/3
f 332/332/332 3/3/3 5/5/5
f 333/333/333 331/331/331 329/329/329
f 333/333/333 329/329/329 332/332/332
f 334/334/334 320/320/320 330/330/330
f 334/334/334 313/313/313 320/320/320
f 335/335/335 330/330/330 331/331/331
f 335/335/335 334/334/334 330/330/330
f 336/336/336 331/331/331 333/333/333
f 336/336/336 335/335/335 331/331/331
f 337/337/337 313/313/313 334/334/334
f 337/337/337 309/309/309 313/313/313
f 338/338/338 334/334/334 335/335/335
f 338/338/338 337/337/337 334/334/334
f 339/339/339 335/335/335 336/336/336
f 339/339/339 338/338/338 335/335/335
f 340/340/340 309/309/309 337/337/337
f 340/340/340 305/305/305 309/309/309
f 341/341/341 337/337/337 338/338/338
f 341/341/341 340/340/340 337/337/337
f 342/342/342 338/338/338 339/339/339
f 342/342/342 341/341/341 338/338/338
f 343/343/343 305/305/305 340/340/340
f 343/343/343 301/301/301 305/305/305
f 344/344/344 340/340/340 341/341/341
f 344/344/344 343/343/343 340/340/340
f 345/345/345 341/341/341 342/342/342
f 345/345/345 344/344/344 341/341/341
f 346/346/346 301/301/301 343/343/343
f 346/346/346 297/297/297 301/301/301
f 347/347/347 343/343/343 344/344/344
f 347/347/347 346/346/346 343/343/343
f 348/348/348 344/344/344 345/345/345
f 348/348/348 347/347/347 344/344/344
f 349/349/349 297/297/297 346/346/346
f 349/349/349 293/293/293 297/297/297
f 350/350/350 346/346/346 347/347/347
f 350/350/350 349/349/349 346/346/346
f 351/351/351 347/347/347 348/348/348
f 351/351/351 350/350/350 347/347/347
f 352/352/352 293/293/293 349/349/349
f 352/352/352 289/289/289 293/293/293
f 353/353/353 349/349/349 350/350/350
f 353/353/353 352/352/352 349/349/349
f 354/354/354 350/350/350 351/351/351
f 354/354/354 353/353/353 350/350/350
f 355/355/355 289/289/289 352/352/352
f 355/355/355 285/285/285 289/289/289
f 356/356/356 352/352/352 353/353/353
f 356/356/356 355/355/355 352/352/352
f 357/357/357 353/353/353 354/354/354
f 357/357/357 356/356/356 353/353/353
f 358/358/358 285/285/285 355/355/355
f 358/358/358 281/281/281 285/285/285
f 359/359/359 355/355/355 356/356/356
f 359/359/359 358/358/358 355/355/355
f 360/360/360 356/356/356 357/357/357
f 360/360/360 359/359/359 356/356/356
f 361/361/361 281/281/281 358/358/358
f 361/361/361 272/272/272 281/281/281
f 270/270/270 272/272/272 361/361/361
f 362/362/362 361/361/361 358/358/358
f 362/362/362 358/358/358 359/359/359
f 363/363/363 270/270/270 361/361/361
f 363/363/363 361/361/361 362/362/362
f 268/268/268 270/270/270 363/363/363
f 364/364/364 362/362/362 359/359/359
f 364/364/364 359/359/359 360/360/360
f 365/365/365 363/363/363 362/362/362
f 365/365/365 362/362/362 364/364/364
f 366/366/366 268/268/268 363/363/363
f 366/366/366 363/363/363 365/365/365
f 269/269/269 268/268/268 366/366/366
f 367/367/367 269/269/269 366/366/366
f 367/367/367 366/366/366 368/368/368
f 368/368/368 366/366/366 365/365/365
f 369/369/369 367/367/367 368/368/368
f 370/370/370 365/365/365 364/364/364
f 368/368/368 365/365/365 370/370/370
f 369/369/369 368/368/368 371/371/371
f 371/371/371 368/368/368 370/370/370
f 372/372/372 369/369/369 371/371/371
f 370/370/370 364/364/364 373/373/373
f 373/373/373 364/364/364 360/360/360
f 371/371/371 370/370/370 374/374/374
f 374/374/374 370/370/370 373/373/373
f 372/372/372 371/371/371 375/375/375
f 375/375/375 371/371/371 374/374/374
f 376/376/376 372/372/372 375/375/375
f 373/373/373 360/360/360 377/377/377
f 377/377/377 360/360/360 357/357/357
f 374/374/374 373/373/373 378/378/378
f 378/378/378 373/373/373 377/377/377
f 375/375/375 374/374/374 379/379/379
f 379/379/379 374/374/374 378/378/378
f 376/376/376 375/375/375 380/380/380
f 380/380/380 375/375/375 379/379/379
f 381/381/381 376/376/376 380/380/380
f 381/381/381 380/380/380 382/382/382
f 383/383/383 381/381/381 382/382/382
f 380/380/380 379/379/379 384/384/384
f 382/382/382 380/380/380 384/384/384
f 383/383/383 382/382/382 385/385/385
f 386/386/386 383/383/383 385/385/385
f 382/382/382 384/384/384 387/387/387
f 385/385/385 382/382/382 387/387/387
f 384/384/384 379/379/379 388/388/388
f 379/379/379 378/378/378 388/388/388
f 387/387/387 384/384/384 389/389/389
f 384/384/384 388/388/388 389/389/389
f 388/388/388 378/378/378 390/390/390
f 378/378/378 377/377/377 390/390/390
f 389/389/389 388/388/388 391/391/391
f 388/388/388 390/390/390 391/391/391
f 390/390/390 377/377/377 392/392/392
f 377/377/377 357/357/357 392/392/392
f 392/392/392 357/357/357 354/354/354
f 390/390/390 392/392/392 393/393/393
f 391/391/391 390/390/390 393/393/393
f 392/392/392 354/354/354 394/394/394
f 393/393/393 392/392/392 394/394/394
f 394/394/394 354/354/354 351/351/351
f 394/394/394 351/351/351 395/395/395
f 395/395/395 351/351/351 348/348/348
f 393/393/393 394/394/394 396/396/396
f 396/396/396 394/394/394 395/395/395
f 391/391/391 393/393/393 397/397/397
f 397/397/397 393/393/393 396/396/396
f 398/398/398 391/391/391 397/397/397
f 389/389/389 391/391/391 398/398/398
f 395/395/395 348/348/348 399/399/399
f 399/399/399 348/348/348 345/345/345
f 396/396/396 395/395/395 400/400/400
f 400/400/400 395/395/395 399/399/399
f 397/397/397 396/396/396 401/401/401
f 401/401/401 396/396/396 400/400/400
f 402/402/402 397/397/397 401/401/401
f 398/398/398 397/397/397 402/402/402
f 399/399/399 345/345/345 403/403/403
f 403/403/403 345/345/345 342/342/342
f 400/400/400 399/399/399 404/404/404
f 404/404/404 399/399/399 403/403/403
f 401/401/401 400/400/400 405/405/405
f 405/405/405 400/400/400 404/404/404
f 406/406/406 401/401/401 405/405/405
f 402/402/402 401/401/401 406/406/406
f 403/403/403 342/342/342 407/407/407
f 407/407/407 342/342/342 339/339/339
f 404/404/404 403/403/403 408/408/408
f 408/408/408 403/403/403 407/407/407
f 405/405/405 404/404/404 409/409/409
f 409/409/409 404/404/404 408/408/408
f 410/410/410 405/405/405 409/409/409
f 406/406/406 405/405/405 410/410/410
f 407/407/407 339/339/339 411/411/411
f 411/411/411 339/339/339 336/336/336
f 408/408/408 407/407/407 412/412/412
f 412/412/412 407/407/407 411/411/411
f 409/409/409 408/408/408 413/413/413
f 413/413/413 408/408/408 412/412/412
f 414/414/414 409/409/409 413/413/413
f 410/410/410 409/409/409 414/414/414
f 411/411/411 336/336/336 415/415/415
f 415/415/415 336/336/336 333/333/333
f 412/412/412 411/411/411 416/416/416
f 416/416/416 411/411/411 415/415/415
f 413/413/413 412/412/412 417/417/417
f 417/417/417 412/412/412 416/416/416
f 418/418/418 413/413/413 417/417/417
f 414/414/414 413/413/413 418/418/418
f 415/415/415 333/333/333 419/419/419
f 419/419/419 333/333/333 332/332/332
f 416/416/416 415/415/415 420/420/420
f 420/420/420 415/415/415 419/419/419
f 417/417/417 416/416/416 421/421/421
f 421/421/421 416/416/416 420/420/420
f 422/422/422 417/417/417 421/421/421
f 418/418/418 417/417/417 422/422/422
f 419/419/419 332/332/332 423/423/423
f 423/423/423 332/332/332 5/5/5
f 420/420/420 419/419/419 424/424/424
f 424/424/424 419/419/419 423/423/423
f 421/421/421 420/420/420 425/425/425
f 425/425/425 420/420/420 424/424/424
f 426/426/426 421/421/421 425/425/425
f 422/422/422 421/421/421 426/426/426
f 423/423/423 5/5/5 427/427/427
f 9/9/9 427/427/427 5/5/5
f 424/424/424 423/423/423 428/428/428
f 428/428/428 423/423/423 427/427/427
f 425/425/425 424/424/424 429/429/429
f 429/429/429 424/424/424 428/428/428
f 430/430/430 425/425/425 429/429/429
f 426/426/426 425/425/425 430/430/430
f 429/429/429 428/428/428 431/431/431
f 428/428/428 427/427/427 432/432/432
f 431/431/431 428/428/428 432/432/432
f 433/433/433 429/429/429 431/431/431
f 430/430/430 429/429/429 433/433/433
f 434/434/434 432/432/432 427/427/427
f 9/9/9 434/434/434 427/427/427
f 431/431/431 432/432/432 435/435/435
f 436/436/436 434/434/434 9/9/9
f 7/7/7 436/436/436 9/9/9
f 434/434/434 437/437/437 432/432/432
f 437/437/437 435/435/435 432/432/432
f 436/436/436 438/438/438 434/434/434
f 438/438/438 437/437/437 434/434/434
f 439/439/439 436/436/436 7/7/7
f 10/10/10 439/439/439 7/7/7
f 17/17/17 439/439/439 10/10/10
f 17/17/17 29/29/29 439/439/439
f 439/439/439 440/440/440 436/436/436
f 29/29/29 440/440/440 439/439/439
f 440/440/440 438/438/438 436/436/436
f 29/29/29 37/37/37 440/440/440
f 440/440/440 441/441/441 438/438/438
f 37/37/37 441/441/441 440/440/440
f 441/441/441 442/442/442 438/438/438
f 438/438/438 442/442/442 437/437/437
f 37/37/37 443/443/443 441/441/441
f 38/38/38 443/443/443 37/37/37
f 441/441/441 444/444/444 442/442/442
f 443/443/443 444/444/444 441/441/441
f 442/442/442 445/445/445 437/437/437
f 437/437/437 445/445/445 435/435/435
f 444/444/444 446/446/446 442/442/442
f 442/442/442 446/446/446 445/445/445
f 38/38/38 447/447/447 443/443/443
f 39/39/39 447/447/447 38/38/38
f 443/443/443 448/448/448 444/444/444
f 447/447/447 448/448/448 443/443/443
f 444/444/444 449/449/449 446/446/446
f 448/448/448 449/449/449 444/444/444
f 39/39/39 450/450/450 447/447/447
f 62/62/62 450/450/450 39/39/39
f 447/447/447 451/451/451 448/448/448
f 450/450/450 451/451/451 447/447/447
f 62/62/62 452/452/452 450/450/450
f 63/63/63 452/452/452 62/62/62
f 450/450/450 453/453/453 451/451/451
f 452/452/452 453/453/453 450/450/450
f 451/451/451 454/454/454 448/448/448
f 448/448/448 454/454/454 449/449/449
f 453/453/453 455/455/455 451/451/451
f 451/451/451 455/455/455 454/454/454
f 63/63/63 456/456/456 452/452/452
f 65/65/65 456/456/456 63/63/63
f 452/452/452 457/457/457 453/453/453
f 456/456/456 457/457/457 452/452/452
f 453/453/453 458/458/458 455/455/455
f 457/457/457 458/458/458 453/453/453
f 65/65/65 459/459/459 456/456/456
f 67/67/67 459/459/459 65/65/65
f 456/456/456 460/460/460 457/457/457
f 459/459/459 460/460/460 456/456/456
f 457/457/457 461/461/461 458/458/458
f 460/460/460 461/461/461 457/457/457
f 459/459/459 462/462/462 460/460/460
f 460/460/460 463/463/463 461/461/461
f 462/462/462 463/463/463 460/460/460
f 464/464/464 462/462/462 459/459/459
f 67/67/67 464/464/464 459/459/459
f 462/462/462 465/465/465 463/463/463
f 466/466/466 464/464/464 67/67/67
f 68/68/68 466/466/466 67/67/67
f 464/464/464 467/467/467 462/462/462
f 467/467/467 465/465/465 462/462/462
f 466/466/466 468/468/468 464/464/464
f 468/468/468 467/467/467 464/464/464
f 469/469/469 466/466/466 68/68/68
f 70/70/70 469/469/469 68/68/68
f 470/470/470 468/468/468 466/466/466
f 469/469/469 470/470/470 466/466/466
f 471/471/471 469/469/469 70/70/70
f 72/72/72 471/471/471 70/70/70
f 92/92/92 471/471/471 72/72/72
f 471/471/471 472/472/472 469/469/469
f 472/472/472 470/470/470 469/469/469
f 92/92/92 473/473/473 471/471/471
f 473/473/473 472/472/472 471/471/471
f 90/90/90 473/473/473 92/92/92
f 90/90/90 474/474/474 473/473/473
f 91/91/91 474/474/474 90/90/90
f 91/91/91 475/475/475 474/474/474
f 474/474/474 476/476/476 473/473/473
f 473/473/473 476/476/476 472/472/472
f 475/475/475 477/477/477 474/474/474
f 474/474/474 477/477/477 476/476/476
f 475/475/475 478/478/478 477/477/477
f 476/476/476 479/479/479 472/472/472
f 472/472/472 479/479/479 470/470/470
f 477/477/477 480/480/480 476/476/476
f 476/476/476 480/480/480 479/479/479
f 478/478/478 481/481/481 477/477/477
f 477/477/477 481/481/481 480/480/480
f 478/478/478 482/482/482 481/481/481
f 479/479/479 483/483/483 470/470/470
f 470/470/470 483/483/483 468/468/468
f 480/480/480 484/484/484 479/479/479
f 479/479/479 484/484/484 483/483/483
f 481/481/481 485/485/485 480/480/480
f 480/480/480 485/485/485 484/484/484
f 482/482/482 486/486/486 481/481/481
f 481/481/481 486/486/486 485/485/485
f 482/482/482 487/487/487 486/486/486
f 487/487/487 488/488/488 486/486/486
f 487/487/487 489/489/489 488/488/488
f 486/486/486 490/490/490 485/485/485
f 486/486/486 488/488/488 490/490/490
f 485/485/485 491/491/491 484/484/484
f 485/485/485 490/490/490 491/491/491
f 484/484/484 491/491/491 492/492/492
f 484/484/484 492/492/492 483/483/483
f 489/489/489 493/493/493 488/488/488
f 489/489/489 494/494/494 493/493/493
f 488/488/488 495/495/495 490/490/490
f 488/488/488 493/493/493 495/495/495
f 490/490/490 496/496/496 491/491/491
f 490/490/490 495/495/495 496/496/496
f 491/491/491 497/497/497 492/492/492
f 491/491/491 496/496/496 497/497/497
f 494/494/494 498/498/498 493/493/493
f 494/494/494 499/499/499 498/498/498
f 493/493/493 500/500/500 495/495/495
f 493/493/493 498/498/498 500/500/500
f 495/495/495 501/501/501 496/496/496
f 495/495/495 500/500/500 501/501/501
f 496/496/496 502/502/502 497/497/497
f 496/496/496 501/501/501 502/502/502
f 499/499/499 503/503/503 498/498/498
f 499/499/499 504/504/504 503/503/503
f 498/498/498 505/505/505 500/500/500
f 498/498/498 503/503/503 505/505/505
f 500/500/500 506/506/506 501/501/501
f 500/500/500 505/505/505 506/506/506
f 501/501/501 507/507/507 502/502/502
f 501/501/501 506/506/506 507/507/507
f 504/504/504 508/508/508 503/503/503
f 504/504/504 509/509/509 508/508/508
f 503/503/503 510/510/510 505/505/505
f 503/503/503 508/508/508 510/510/510
f 505/505/505 511/511/511 506/506/506
f 505/505/505 510/510/510 511/511/511
f 506/506/506 512/512/512 507/507/507
f 506/506/506 511/511/511 512/512/512
f 509/509/509 513/513/513 508/508/508
f 509/509/509 514/514/514 513/513/513
f 508/508/508 515/515/515 510/510/510
f 508/508/508 513/513/513 515/515/515
f 510/510/510 516/516/516 511/511/511
f 510/510/510 515/515/515 516/516/516
f 511/511/511 517/517/517 512/512/512
f 511/511/511 516/516/516 517/517/517
f 514/514/514 518/518/518 513/513/513
f 514/514/514 519/519/519 518/518/518
f 513/513/513 520/520/520 515/515/515
f 513/513/513 518/518/518 520/520/520
f 515/515/515 521/521/521 516/516/516
f 515/515/515 520/520/520 521/521/521
f 516/516/516 522/522/522 517/517/517
f 516/516/516 521/521/521 522/522/522
f 519/519/519 523/523/523 518/518/518
f 519/519/519 524/524/524 523/523/523
f 518/518/518 525/525/525 520/520/520
f 518/518/518 523/523/523 525/525/525
f 520/520/520 526/526/526 521/521/521
f 520/520/520 525/525/525 526/526/526
f 521/521/521 527/527/527 522/522/522
f 521/521/521 526/526/526 527/527/527
f 524/524/524 528/528/528 523/523/523
f 524/524/524 529/529/529 528/528/528
f 523/523/523 530/530/530 525/525/525
f 523/523/523 528/528/528 530/530/530
f 525/525/525 531/531/531 526/526/526
f 525/525/525 530/530/530 531/531/531
f 526/526/526 532/532/532 527/527/527
f 526/526/526 531/531/531 532/532/532
f 529/529/529 533/533/533 528/528/528
f 529/529/529 534/534/534 533/533/533
f 528/528/528 535/535/535 530/530/530
f 528/528/528 533/533/533 535/535/535
f 530/530/530 536/536/536 531/531/531
f 530/530/530 535/535/535 536/536/536
f 531/531/531 537/537/537 532/532/532
f 531/531/531 536/536/536 537/537/537
f 534/534/534 538/538/538 533/533/533
f 534/534/534 539/539/539 538/538/538
f 533/533/533 540/540/540 535/535/535
f 533/533/533 538/538/538 540/540/540
f 535/535/535 541/541/541 536/536/536
f 535/535/535 540/540/540 541/541/541
f 536/536/536 542/542/542 537/537/537
f 536/536/536 541/541/541 542/542/542
f 539/539/539 543/543/543 538/538/538
f 539/539/539 544/544/544 543/543/543
f 538/538/538 545/545/545 540/540/540
f 538/538/538 543/543/543 545/545/545
f 540/540/540 546/546/546 541/541/541
f 540/540/540 545/545/545 546/546/546
f 541/541/541 547/547/547 542/542/542
f 541/541/541 546/546/546 547/547/547
f 544/544/544 548/548/548 543/543/543
f 544/544/544 549/549/549 548/548/548
f 543/543/543 550/550/550 545/545/545
f 543/543/543 548/548/548 550/550/550
f 545/545/545 551/551/551 546/546/546
f 545/545/545 550/550/550 551/551/551
f 546/546/546 552/552/552 547/547/547
f 546/546/546 551/551/551 552/552/552
f 549/549/549 553/553/553 548/548/548
f 549/549/549 554/554/554 553/553/553
f 554/554/554 555/555/555 553/553/553
f 554/554/554 556/556/556 555/555/555
f 553/553/553 555/555/555 557/557/557
f 548/548/548 553/553/553 558/558/558
f 553/553/553 557/557/557 558/558/558
f 548/548/548 558/558/558 550/550/550
f 558/558/558 557/557/557 559/559/559
f 550/550/550 558/558/558 560/560/560
f 558/558/558 559/559/559 560/560/560
f 550/550/550 560/560/560 551/551/551
f 560/560/560 559/559/559 561/561/561
f 551/551/551 560/560/560 562/562/562
f 560/560/560 561/561/561 562/562/562
f 551/551/551 562/562/562 552/552/552
f 562/562/562 561/561/561 563/563/563
f 562/562/562 563/563/563 564/564/564
f 552/552/552 562/562/562 564/564/564
f 564/564/564 563/563/563 565/565/565
f 552/552/552 564/564/564 566/566/566
f 547/547/547 552/552/552 566/566/566
f 564/564/564 565/565/565 567/567/567
f 566/566/566 564/564/564 567/567/567
f 567/567/567 565/565/565 568/568/568
f 547/547/547 566/566/566 569/569/569
f 542/542/542 547/547/547 569/569/569
f 566/566/566 567/567/567 570/570/570
f 569/569/569 566/566/566 570/570/570
f 567/567/567 568/568/568 571/571/571
f 570/570/570 567/567/567 571/571/571
f 571/571/571 568/568/568 572/572/572
f 542/542/542 569/569/569 573/573/573
f 537/537/537 542/542/542 573/573/573
f 569/569/569 570/570/570 574/574/574
f 573/573/573 569/569/569 574/574/574
f 570/570/570 571/571/571 575/575/575
f 574/574/574 570/570/570 575/575/575
f 571/571/571 572/572/572 576/576/576
f 575/575/575 571/571/571 576/576/576
f 576/576/576 572/572/572 577/577/577
f 537/537/537 573/573/573 578/578/578
f 532/532/532 537/537/537 578/578/578
f 573/573/573 574/574/574 579/579/579
f 578/578/578 573/573/573 579/579/579
f 532/532/532 578/578/578 580/580/580
f 527/527/527 532/532/532 580/580/580
f 578/578/578 579/579/579 581/581/581
f 580/580/580 578/578/578 581/581/581
f 579/579/579 574/574/574 582/582/582
f 574/574/574 575/575/575 582/582/582
f 581/581/581 579/579/579 583/583/583
f 579/579/579 582/582/582 583/583/583
f 582/582/582 575/575/575 584/584/584
f 575/575/575 576/576/576 584/584/584
f 583/583/583 582/582/582 585/585/585
f 582/582/582 584/584/584 585/585/585
f 584/584/584 576/576/576 586/586/586
f 576/576/576 577/577/577 586/586/586
f 586/586/586 577/577/577 587/587/587
f 584/584/584 586/586/586 588/588/588
f 585/585/585 584/584/584 588/588/588
f 586/586/586 587/587/587 589/589/589
f 588/588/588 586/586/586 589/589/589
f 589/589/589 587/587/587 590/590/590
f 589/589/589 590/590/590 591/591/591
f 591/591/591 590/590/590 592/592/592
f 588/588/588 589/589/589 593/593/593
f 593/593/593 589/589/589 591/591/591
f 585/585/585 588/588/588 594/594/594
f 594/594/594 588/588/588 593/593/593
f 595/595/595 585/585/585 594/594/594
f 583/583/583 585/585/585 595/595/595
f 591/591/591 592/592/592 596/596/596
f 596/596/596 592/592/592 597/597/597
f 593/593/593 591/591/591 598/598/598
f 598/598/598 591/591/591 596/596/596
f 594/594/594 593/593/593 599/599/599
f 599/599/599 593/593/593 598/598/598
f 600/600/600 594/594/594 599/599/599
f 595/595/595 594/594/594 600/600/600
f 596/596/596 597/597/597 601/601/601
f 601/601/601 597/597/597 602/602/602
f 598/598/598 596/596/596 603/603/603
f 603/603/603 596/596/596 601/601/601
f 599/599/599 598/598/598 604/604/604
f 604/604/604 598/598/598 603/603/603
f 605/605/605 599/599/599 604/604/604
f 600/600/600 599/599/599 605/605/605
f 601/601/601 602/602/602 606/606/606
f 606/606/606 602/602/602 607/607/607
f 603/603/603 601/601/601 608/608/608
f 608/608/608 601/601/601 606/606/606
f 604/604/604 603/603/603 609/609/609
f 609/609/609 603/603/603 608/608/608
f 610/610/610 604/604/604 609/609/609
f 605/605/605 604/604/604 610/610/610
f 606/606/606 607/607/607 611/611/611
f 611/611/611 607/607/607 612/612/612
f 608/608/608 606/606/606 613/613/613
f 613/613/613 606/606/606 611/611/611
f 609/609/609 608/608/608 614/614/614
f 614/614/614 608/608/608 613/613/613
f 615/615/615 609/609/609 614/614/614
f 610/610/610 609/609/609 615/615/615
f 611/611/611 612/612/612 616/616/616
f 617/617/617 616/616/616 612/612/612
f 613/613/613 611/611/611 618/618/618
f 618/618/618 611/611/611 616/616/616
f 614/614/614 613/613/613 619/619/619
f 619/619/619 613/613/613 618/618/618
f 620/620/620 614/614/614 619/619/619
f 615/615/615 614/614/614 620/620/620
f 617/617/617 621/621/621 616/616/616
f 622/622/622 621/621/621 617/617/617
f 618/618/618 616/616/616 623/623/623
f 621/621/621 623/623/623 616/616/616
f 622/622/622 624/624/624 621/621/621
f 625/625/625 624/624/624 622/622/622
f 621/621/621 626/626/626 623/623/623
f 624/624/624 626/626/626 621/621/621
f 627/627/627 618/618/618 623/623/623
f 619/619/619 618/618/618 627/627/627
f 626/626/626 628/628/628 623/623/623
f 627/627/627 623/623/623 628/628/628
f 629/629/629 619/619/619 627/627/627
f 620/620/620 619/619/619 629/629/629
f 630/630/630 627/627/627 628/628/628
f 629/629/629 627/627/627 630/630/630
f 626/626/626 631/631/631 628/628/628
f 624/624/624 632/632/632 626/626/626
f 632/632/632 631/631/631 626/626/626
f 625/625/625 633/633/633 624/624/624
f 633/633/633 632/632/632 624/624/624
f 634/634/634 633/633/633 625/625/625
f 630/630/630 628/628/628 635/635/635
f 631/631/631 635/635/635 628/628/628
f 634/634/634 636/636/636 633/633/633
f 637/637/637 636/636/636 634/634/634
f 633/633/633 638/638/638 632/632/632
f 636/636/636 638/638/638 633/633/633
f 632/632/632 639/639/639 631/631/631
f 638/638/638 639/639/639 632/632/632
f 639/639/639 640/640/640 631/631/631
f 631/631/631 640/640/640 635/635/635
f 637/637/637 641/641/641 636/636/636
f 642/642/642 641/641/641 637/637/637
f 636/636/636 643/643/643 638/638/638
f 641/641/641 643/643/643 636/636/636
f 642/642/642 644/644/644 641/641/641
f 645/645/645 644/644/644 642/642/642
f 641/641/641 646/646/646 643/643/643
f 644/644/644 646/646/646 641/641/641
f 643/643/643 647/647/647 638/638/638
f 638/638/638 647/647/647 639/639/639
f 646/646/646 648/648/648 643/643/643
f 643/643/643 648/648/648 647/647/647
f 645/645/645 649/649/649 644/644/644
f 650/650/650 649/649/649 645/645/645
f 644/644/644 651/651/651 646/646/646
f 649/649/649 651/651/651 644/644/644
f 646/646/646 652/652/652 648/648/648
f 651/651/651 652/652/652 646/646/646
f 650/650/650 653/653/653 649/649/649
f 654/654/654 653/653/653 650/650/650
f 649/649/649 655/655/655 651/651/651
f 653/653/653 655/655/655 649/649/649
f 654/654/654 656/656/656 653/653/653
f 657/657/657 656/656/656 654/654/654
f 653/653/653 658/658/658 655/655/655
f 656/656/656 658/658/658 653/653/653
f 655/655/655 659/659/659 651/651/651
f 651/651/651 659/659/659 652/652/652
f 658/658/658 660/660/660 655/655/655
f 655/655/655 660/660/660 659/659/659
f 657/657/657 661/661/661 656/656/656
f 662/662/662 661/661/661 657/657/657
f 656/656/656 663/663/663 658/658/658
f 661/661/661 663/663/663 656/656/656
f 658/658/658 664/664/664 660/660/660
f 663/663/663 664/664/664 658/658/658
f 662/662/662 665/665/665 661/661/661
f 666/666/666 665/665/665 662/662/662
f 661/661/661 667/667/667 663/663/663
f 665/665/665 667/667/667 661/661/661
f 666/666/666 668/668/668 665/665/665
f 669/669/669 668/668/668 666/666/666
f 665/665/665 670/670/670 667/667/667
f 668/668/668 670/670/670 665/665/665
f 667/667/667 671/671/671 663/663/663
f 663/663/663 671/671/671 664/664/664
f 670/670/670 672/672/672 667/667/667
f 667/667/667 672/672/672 671/671/671
f 669/669/669 673/673/673 668/668/668
f 674/674/674 673/673/673 669/669/669
f 668/668/668 675/675/675 670/670/670
f 673/673/673 675/675/675 668/668/668
f 670/670/670 676/676/676 672/672/672
f 675/675/675 676/676/676 670/670/670
f 674/674/674 677/677/677 673/673/673
f 678/678/678 677/677/677 674/674/674
f 678/678/678 679/679/679 677/677/677
f 677/677/677 680/680/680 673/673/673
f 673/673/673 680/680/680 675/675/675
f 679/679/679 681/681/681 677/677/677
f 677/677/677 681/681/681 680/680/680
f 679/679/679 682/682/682 681/681/681
f 680/680/680 683/683/683 675/675/675
f 675/675/675 683/683/683 676/676/676
f 681/681/681 684/684/684 680/680/680
f 680/680/680 684/684/684 683/683/683
f 682/682/682 685/685/685 681/681/681
f 681/681/681 685/685/685 684/684/684
f 682/682/682 686/686/686 685/685/685
f 686/686/686 687/687/687 685/685/685
f 686/686/686 688/688/688 687/687/687
f 685/685/685 689/689/689 684/684/684
f 685/685/685 687/687/687 689/689/689
f 684/684/684 690/690/690 683/683/683
f 684/684/684 689/689/689 690/690/690
f 683/683/683 690/690/690 691/691/691
f 683/683/683 691/691/691 676/676/676
f 688/688/688 692/692/692 687/687/687
f 688/688/688 693/693/693 692/692/692
f 687/687/687 694/694/694 689/689/689
f 687/687/687 692/692/692 694/694/694
f 689/689/689 695/695/695 690/690/690
f 689/689/689 694/694/694 695/695/695
f 690/690/690 696/696/696 691/691/691
f 690/690/690 695/695/695 696/696/696
f 693/693/693 697/697/697 692/692/692
f 693/693/693 698/698/698 697/697/697
f 692/692/692 699/699/699 694/694/694
f 692/692/692 697/697/697 699/699/699
f 694/694/694 700/700/700 695/695/695
f 694/694/694 699/699/699 700/700/700
f 695/695/695 701/701/701 696/696/696
f 695/695/695 700/700/700 701/701/701
f 698/698/698 702/702/702 697/697/697
f 698/698/698 703/703/703 702/702/702
f 697/697/697 704/704/704 699/699/699
f 697/697/697 702/702/702 704/704/704
f 699/699/699 705/705/705 700/700/700
f 699/699/699 704/704/704 705/705/705
f 700/700/700 706/706/706 701/701/701
f 700/700/700 705/705/705 706/706/706
f 703/703/703 707/707/707 702/702/702
f 703/703/703 708/708/708 707/707/707
f 702/702/702 709/709/709 704/704/704
f 702/702/702 707/707/707 709/709/709
f 704/704/704 710/710/710 705/705/705
f 704/704/704 709/709/709 710/710/710
f 705/705/705 711/711/711 706/706/706
f 705/705/705 710/710/710 711/711/711
f 708/708/708 712/712/712 707/707/707
f 708/708/708 386/386/386 712/712/712
f 386/386/386 385/385/385 712/712/712
f 707/707/707 712/712/712 713/713/713
f 707/707/707 713/713/713 709/709/709
f 712/712/712 385/385/385 714/714/714
f 712/712/712 714/714/714 713/713/713
f 385/385/385 387/387/387 714/714/714
f 709/709/709 713/713/713 715/715/715
f 709/709/709 715/715/715 710/710/710
f 713/713/713 714/714/714 716/716/716
f 713/713/713 716/716/716 715/715/715
f 714/714/714 387/387/387 717/717/717
f 714/714/714 717/717/717 716/716/716
f 387/387/387 389/389/389 717/717/717
f 717/717/717 389/389/389 398/398/398
f 717/717/717 398/398/398 718/718/718
f 716/716/716 717/717/717 718/718/718
f 718/718/718 398/398/398 402/402/402
f 716/716/716 718/718/718 719/719/719
f 715/715/715 716/716/716 719/719/719
f 718/718/718 402/402/402 720/720/720
f 719/719/719 718/718/718 720/720/720
f 720/720/720 402/402/402 406/406/406
f 715/715/715 719/719/719 721/721/721
f 710/710/710 715/715/715 721/721/721
f 710/710/710 721/721/721 711/711/711
f 721/721/721 719/719/719 722/722/722
f 719/719/719 720/720/720 722/722/722
f 711/711/711 721/721/721 723/723/723
f 721/721/721 722/722/722 723/723/723
f 720/720/720 406/406/406 724/724/724
f 722/722/722 720/720/720 724/724/724
f 724/724/724 406/406/406 410/410/410
f 722/722/722 724/724/724 725/725/725
f 723/723/723 722/722/722 725/725/725
f 724/724/724 410/410/410 726/726/726
f 725/725/725 724/724/724 726/726/726
f 726/726/726 410/410/410 414/414/414
f 726/726/726 414/414/414 727/727/727
f 727/727/727 414/414/414 418/418/418
f 725/725/725 726/726/726 728/728/728
f 728/728/728 726/726/726 727/727/727
f 723/723/723 725/725/725 729/729/729
f 729/729/729 725/725/725 728/728/728
f 711/711/711 723/723/723 730/730/730
f 730/730/730 723/723/723 729/729/729
f 706/706/706 711/711/711 730/730/730
f 706/706/706 730/730/730 731/731/731
f 701/701/701 706/706/706 731/731/731
f 730/730/730 729/729/729 732/732/732
f 731/731/731 730/730/730 732/732/732
f 701/701/701 731/731/731 733/733/733
f 696/696/696 701/701/701 733/733/733
f 731/731/731 732/732/732 734/734/734
f 733/733/733 731/731/731 734/734/734
f 732/732/732 729/729/729 735/735/735
f 729/729/729 728/728/728 735/735/735
f 734/734/734 732/732/732 736/736/736
f 732/732/732 735/735/735 736/736/736
f 735/735/735 728/728/728 737/737/737
f 728/728/728 727/727/727 737/737/737
f 736/736/736 735/735/735 738/738/738
f 735/735/735 737/737/737 738/738/738
f 737/737/737 727/727/727 739/739/739
f 727/727/727 418/418/418 739/739/739
f 739/739/739 418/418/418 422/422/422
f 737/737/737 739/739/739 740/740/740
f 738/738/738 737/737/737 740/740/740
f 739/739/739 422/422/422 741/741/741
f 740/740/740 739/739/739 741/741/741
f 741/741/741 422/422/422 426/426/426
f 741/741/741 426/426/426 742/742/742
f 742/742/742 426/426/426 430/430/430
f 740/740/740 741/741/741 743/743/743
f 743/743/743 741/741/741 742/742/742
f 738/738/738 740/740/740 744/744/744
f 744/744/744 740/740/740 743/743/743
f 745/745/745 738/738/738 744/744/744
f 736/736/736 738/738/738 745/745/745
f 742/742/742 430/430/430 746/746/746
f 746/746/746 430/430/430 433/433/433
f 743/743/743 742/742/742 747/747/747
f 747/747/747 742/742/742 746/746/746
f 744/744/744 743/743/743 748/748/748
f 748/748/748 743/743/743 747/747/747
f 749/749/749 744/744/744 748/748/748
f 745/745/745 744/744/744 749/749/749
f 750/750/750 736/736/736 745/745/745
f 734/734/734 736/736/736 750/750/750
f 751/751/751 745/745/745 749/749/749
f 750/750/750 745/745/745 751/751/751
f 752/752/752 734/734/734 750/750/750
f 733/733/733 734/734/734 752/752/752
f 753/753/753 750/750/750 751/751/751
f 752/752/752 750/750/750 753/753/753
f 754/754/754 733/733/733 752/752/752
f 696/696/696 733/733/733 754/754/754
f 691/691/691 696/696/696 754/754/754
f 754/754/754 752/752/752 755/755/755
f 755/755/755 752/752/752 753/753/753
f 691/691/691 754/754/754 756/756/756
f 756/756/756 754/754/754 755/755/755
f 676/676/676 691/691/691 756/756/756
f 676/676/676 756/756/756 672/672/672
f 672/672/672 756/756/756 757/757/757
f 756/756/756 755/755/755 757/757/757
f 672/672/672 757/757/757 671/671/671
f 755/755/755 753/753/753 758/758/758
f 757/757/757 755/755/755 758/758/758
f 671/671/671 757/757/757 759/759/759
f 757/757/757 758/758/758 759/759/759
f 671/671/671 759/759/759 664/664/664
f 758/758/758 753/753/753 760/760/760
f 753/753/753 751/751/751 760/760/760
f 759/759/759 758/758/758 761/761/761
f 758/758/758 760/760/760 761/761/761
f 664/664/664 759/759/759 762/762/762
f 759/759/759 761/761/761 762/762/762
f 664/664/664 762/762/762 660/660/660
f 760/760/760 751/751/751 763/763/763
f 751/751/751 749/749/749 763/763/763
f 761/761/761 760/760/760 764/764/764
f 760/760/760 763/763/763 764/764/764
f 762/762/762 761/761/761 765/765/765
f 761/761/761 764/764/764 765/765/765
f 660/660/660 762/762/762 766/766/766
f 762/762/762 765/765/765 766/766/766
f 660/660/660 766/766/766 659/659/659
f 659/659/659 766/766/766 767/767/767
f 659/659/659 767/767/767 652/652/652
f 766/766/766 765/765/765 768/768/768
f 766/766/766 768/768/768 767/767/767
f 765/765/765 764/764/764 769/769/769
f 765/765/765 769/769/769 768/768/768
f 764/764/764 770/770/770 769/769/769
f 764/764/764 763/763/763 770/770/770
f 652/652/652 767/767/767 771/771/771
f 652/652/652 771/771/771 648/648/648
f 767/767/767 768/768/768 772/772/772
f 767/767/767 772/772/772 771/771/771
f 768/768/768 769/769/769 773/773/773
f 768/768/768 773/773/773 772/772/772
f 769/769/769 774/774/774 773/773/773
f 769/769/769 770/770/770 774/774/774
f 648/648/648 771/771/771 775/775/775
f 648/648/648 775/775/775 647/647/647
f 771/771/771 772/772/772 776/776/776
f 771/771/771 776/776/776 775/775/775
f 772/772/772 773/773/773 777/777/777
f 772/772/772 777/777/777 776/776/776
f 773/773/773 778/778/778 777/777/777
f 773/773/773 774/774/774 778/778/778
f 647/647/647 775/775/775 779/779/779
f 647/647/647 779/779/779 639/639/639
f 639/639/639 779/779/779 640/640/640
f 775/775/775 780/780/780 779/779/779
f 775/775/775 776/776/776 780/780/780
f 779/779/779 781/781/781 640/640/640
f 779/779/779 780/780/780 781/781/781
f 640/640/640 781/781/781 782/782/782
f 640/640/640 782/782/782 635/635/635
f 776/776/776 783/783/783 780/780/780
f 776/776/776 777/777/777 783/783/783
f 780/780/780 784/784/784 781/781/781
f 780/780/780 783/783/783 784/784/784
f 781/781/781 785/785/785 782/782/782
f 781/781/781 784/784/784 785/785/785
f 786/786/786 635/635/635 782/782/782
f 786/786/786 630/630/630 635/635/635
f 787/787/787 782/782/782 785/785/785
f 787/787/787 786/786/786 782/782/782
f 788/788/788 630/630/630 786/786/786
f 788/788/788 629/629/629 630/630/630
f 789/789/789 786/786/786 787/787/787
f 789/789/789 788/788/788 786/786/786
f 790/790/790 629/629/629 788/788/788
f 790/790/790 620/620/620 629/629/629
f 791/791/791 788/788/788 789/789/789
f 791/791/791 790/790/790 788/788/788
f 792/792/792 620/620/620 790/790/790
f 792/792/792 615/615/615 620/620/620
f 793/793/793 790/790/790 791/791/791
f 793/793/793 792/792/792 790/790/790
f 794/794/794 615/615/615 792/792/792
f 794/794/794 610/610/610 615/615/615
f 795/795/795 792/792/792 793/793/793
f 795/795/795 794/794/794 792/792/792
f 796/796/796 610/610/610 794/794/794
f 796/796/796 605/605/605 610/610/610
f 797/797/797 794/794/794 795/795/795
f 797/797/797 796/796/796 794/794/794
f 798/798/798 605/605/605 796/796/796
f 798/798/798 600/600/600 605/605/605
f 799/799/799 796/796/796 797/797/797
f 799/799/799 798/798/798 796/796/796
f 800/800/800 600/600/600 798/798/798
f 800/800/800 595/595/595 600/600/600
f 801/801/801 798/798/798 799/799/799
f 801/801/801 800/800/800 798/798/798
f 802/802/802 595/595/595 800/800/800
f 802/802/802 583/583/583 595/595/595
f 581/581/581 583/583/583 802/802/802
f 803/803/803 802/802/802 800/800/800
f 803/803/803 800/800/800 801/801/801
f 804/804/804 581/581/581 802/802/802
f 804/804/804 802/802/802 803/803/803
f 580/580/580 581/581/581 804/804/804
f 805/805/805 580/580/580 804/804/804
f 527/527/527 580/580/580 805/805/805
f 522/522/522 527/527/527 805/805/805
f 805/805/805 804/804/804 806/806/806
f 806/806/806 804/804/804 803/803/803
f 522/522/522 805/805/805 807/807/807
f 807/807/807 805/805/805 806/806/806
f 517/517/517 522/522/522 807/807/807
f 806/806/806 803/803/803 808/808/808
f 808/808/808 803/803/803 801/801/801
f 807/807/807 806/806/806 809/809/809
f 809/809/809 806/806/806 808/808/808
f 517/517/517 807/807/807 810/810/810
f 810/810/810 807/807/807 809/809/809
f 512/512/512 517/517/517 810/810/810
f 808/808/808 801/801/801 811/811/811
f 811/811/811 801/801/801 799/799/799
f 809/809/809 808/808/808 812/812/812
f 812/812/812 808/808/808 811/811/811
f 810/810/810 809/809/809 813/813/813
f 813/813/813 809/809/809 812/812/812
f 512/512/512 810/810/810 814/814/814
f 814/814/814 810/810/810 813/813/813
f 507/507/507 512/512/512 814/814/814
f 507/507/507 814/814/814 815/815/815
f 502/502/502 507/507/507 815/815/815
f 814/814/814 813/813/813 816/816/816
f 815/815/815 814/814/814 816/816/816
f 502/502/502 815/815/815 817/817/817
f 497/497/497 502/502/502 817/817/817
f 815/815/815 816/816/816 818/818/818
f 817/817/817 815/815/815 818/818/818
f 816/816/816 813/813/813 819/819/819
f 813/813/813 812/812/812 819/819/819
f 818/818/818 816/816/816 820/820/820
f 816/816/816 819/819/819 820/820/820
f 819/819/819 812/812/812 821/821/821
f 812/812/812 811/811/811 821/821/821
f 820/820/820 819/819/819 822/822/822
f 819/819/819 821/821/821 822/822/822
f 821/821/821 811/811/811 823/823/823
f 811/811/811 799/799/799 823/823/823
f 823/823/823 799/799/799 797/797/797
f 821/821/821 823/823/823 824/824/824
f 822/822/822 821/821/821 824/824/824
f 823/823/823 797/797/797 825/825/825
f 824/824/824 823/823/823 825/825/825
f 825/825/825 797/797/797 795/795/795
f 825/825/825 795/795/795 826/826/826
f 826/826/826 795/795/795 793/793/793
f 824/824/824 825/825/825 827/827/827
f 827/827/827 825/825/825 826/826/826
f 822/822/822 824/824/824 828/828/828
f 828/828/828 824/824/824 827/827/827
f 829/829/829 822/822/822 828/828/828
f 820/820/820 822/822/822 829/829/829
f 826/826/826 793/793/793 830/830/830
f 830/830/830 793/793/793 791/791/791
f 827/827/827 826/826/826 831/831/831
f 831/831/831 826/826/826 830/830/830
f 828/828/828 827/827/827 832/832/832
f 832/832/832 827/827/827 831/831/831
f 833/833/833 828/828/828 832/832/832
f 829/829/829 828/828/828 833/833/833
f 830/830/830 791/791/791 834/834/834
f 834/834/834 791/791/791 789/789/789
f 831/831/831 830/830/830 835/835/835
f 835/835/835 830/830/830 834/834/834
f 832/832/832 831/831/831 836/836/836
f 836/836/836 831/831/831 835/835/835
f 837/837/837 832/832/832 836/836/836
f 833/833/833 832/832/832 837/837/837
f 834/834/834 789/789/789 838/838/838
f 838/838/838 789/789/789 787/787/787
f 835/835/835 834/834/834 839/839/839
f 839/839/839 834/834/834 838/838/838
f 836/836/836 835/835/835 840/840/840
f 840/840/840 835/835/835 839/839/839
f 841/841/841 836/836/836 840/840/840
f 837/837/837 836/836/836 841/841/841
f 838/838/838 787/787/787 842/842/842
f 842/842/842 787/787/787 785/785/785
f 839/839/839 838/838/838 843/843/843
f 843/843/843 838/838/838 842/842/842
f 840/840/840 839/839/839 844/844/844
f 844/844/844 839/839/839 843/843/843
f 845/845/845 840/840/840 844/844/844
f 841/841/841 840/840/840 845/845/845
f 842/842/842 785/785/785 846/846/846
f 784/784/784 846/846/846 785/785/785
f 843/843/843 842/842/842 847/847/847
f 847/847/847 842/842/842 846/846/846
f 844/844/844 843/843/843 848/848/848
f 848/848/848 843/843/843 847/847/847
f 849/849/849 844/844/844 848/848/848
f 845/845/845 844/844/844 849/849/849
f 784/784/784 850/850/850 846/846/846
f 783/783/783 850/850/850 784/784/784
f 847/847/847 846/846/846 851/851/851
f 850/850/850 851/851/851 846/846/846
f 783/783/783 852/852/852 850/850/850
f 777/777/777 852/852/852 783/783/783
f 777/777/777 778/778/778 852/852/852
f 852/852/852 853/853/853 850/850/850
f 850/850/850 853/853/853 851/851/851
f 778/778/778 854/854/854 852/852/852
f 852/852/852 854/854/854 853/853/853
f 778/778/778 855/855/855 854/854/854
f 774/774/774 855/855/855 778/778/778
f 854/854/854 856/856/856 853/853/853
f 774/774/774 857/857/857 855/855/855
f 770/770/770 857/857/857 774/774/774
f 855/855/855 858/858/858 854/854/854
f 854/854/854 858/858/858 856/856/856
f 857/857/857 859/859/859 855/855/855
f 855/855/855 859/859/859 858/858/858
f 770/770/770 860/860/860 857/857/857
f 763/763/763 860/860/860 770/770/770
f 763/763/763 749/749/749 860/860/860
f 749/749/749 748/748/748 860/860/860
f 860/860/860 861/861/861 857/857/857
f 860/860/860 748/748/748 861/861/861
f 857/857/857 861/861/861 859/859/859
f 748/748/748 747/747/747 861/861/861
f 861/861/861 747/747/747 862/862/862
f 861/861/861 862/862/862 859/859/859
f 747/747/747 746/746/746 862/862/862
f 859/859/859 862/862/862 863/863/863
f 859/859/859 863/863/863 858/858/858
f 862/862/862 746/746/746 864/864/864
f 862/862/862 864/864/864 863/863/863
f 746/746/746 433/433/433 864/864/864
f 858/858/858 863/863/863 865/865/865
f 858/858/858 865/865/865 856/856/856
f 863/863/863 864/864/864 866/866/866
f 863/863/863 866/866/866 865/865/865
f 864/864/864 433/433/433 867/867/867
f 864/864/864 867/867/867 866/866/866
f 433/433/433 431/431/431 867/867/867
f 867/867/867 431/431/431 435/435/435
f 867/867/867 435/435/435 868/868/868
f 866/866/866 867/867/867 868/868/868
f 445/445/445 868/868/868 435/435/435
f 865/865/865 866/866/866 869/869/869
f 866/866/866 868/868/868 869/869/869
f 445/445/445 870/870/870 868/868/868
f 870/870/870 869/869/869 868/868/868
f 446/446/446 870/870/870 445/445/445
f 865/865/865 869/869/869 871/871/871
f 856/856/856 865/865/865 871/871/871
f 870/870/870 872/872/872 869/869/869
f 872/872/872 871/871/871 869/869/869
f 446/446/446 873/873/873 870/870/870
f 873/873/873 872/872/872 870/870/870
f 449/449/449 873/873/873 446/446/446
f 856/856/856 871/871/871 874/874/874
f 853/853/853 856/856/856 874/874/874
f 853/853/853 874/874/874 851/851/851
f 875/875/875 874/874/874 871/871/871
f 872/872/872 875/875/875 871/871/871
f 876/876/876 851/851/851 874/874/874
f 875/875/875 876/876/876 874/874/874
f 876/876/876 847/847/847 851/851/851
f 848/848/848 847/847/847 876/876/876
f 877/877/877 848/848/848 876/876/876
f 877/877/877 876/876/876 875/875/875
f 849/849/849 848/848/848 877/877/877
f 878/878/878 875/875/875 872/872/872
f 878/878/878 877/877/877 875/875/875
f 873/873/873 878/878/878 872/872/872
f 879/879/879 849/849/849 877/877/877
f 879/879/879 877/877/877 878/878/878
f 880/880/880 878/878/878 873/873/873
f 880/880/880 879/879/879 878/878/878
f 449/449/449 880/880/880 873/873/873
f 454/454/454 880/880/880 449/449/449
f 454/454/454 881/881/881 880/880/880
f 881/881/881 879/879/879 880/880/880
f 455/455/455 881/881/881 454/454/454
f 882/882/882 849/849/849 879/879/879
f 881/881/881 882/882/882 879/879/879
f 882/882/882 845/845/845 849/849/849
f 455/455/455 883/883/883 881/881/881
f 883/883/883 882/882/882 881/881/881
f 458/458/458 883/883/883 455/455/455
f 884/884/884 845/845/845 882/882/882
f 883/883/883 884/884/884 882/882/882
f 884/884/884 841/841/841 845/845/845
f 458/458/458 885/885/885 883/883/883
f 885/885/885 884/884/884 883/883/883
f 461/461/461 885/885/885 458/458/458
f 886/886/886 841/841/841 884/884/884
f 885/885/885 886/886/886 884/884/884
f 886/886/886 837/837/837 841/841/841
f 461/461/461 887/887/887 885/885/885
f 887/887/887 886/886/886 885/885/885
f 463/463/463 887/887/887 461/461/461
f 888/888/888 837/837/837 886/886/886
f 887/887/887 888/888/888 886/886/886
f 888/888/888 833/833/833 837/837/837
f 463/463/463 889/889/889 887/887/887
f 889/889/889 888/888/888 887/887/887
f 465/465/465 889/889/889 463/463/463
f 890/890/890 833/833/833 888/888/888
f 889/889/889 890/890/890 888/888/888
f 890/890/890 829/829/829 833/833/833
f 465/465/465 891/891/891 889/889/889
f 891/891/891 890/890/890 889/889/889
f 892/892/892 829/829/829 890/890/890
f 891/891/891 892/892/892 890/890/890
f 892/892/892 820/820/820 829/829/829
f 818/818/818 820/820/820 892/892/892
f 893/893/893 818/818/818 892/892/892
f 893/893/893 892/892/892 891/891/891
f 817/817/817 818/818/818 893/893/893
f 894/894/894 891/891/891 465/465/465
f 894/894/894 893/893/893 891/891/891
f 467/467/467 894/894/894 465/465/465
f 895/895/895 817/817/817 893/893/893
f 895/895/895 893/893/893 894/894/894
f 497/497/497 817/817/817 895/895/895
f 492/492/492 497/497/497 895/895/895
f 896/896/896 895/895/895 894/894/894
f 492/492/492 895/895/895 896/896/896
f 896/896/896 894/894/894 467/467/467
f 483/483/483 492/492/492 896/896/896
f 468/468/468 896/896/896 467/467/467
f 483/483/483 896/896/896 468/468/468
f 897/897/897 898/898/898 899/899/899
f 897/897/897 900/900/900 901/901/901
f 897/897/897 902/902/902 900/900/900
f 897/897/897 899/899/899 903/903/903
f 899/899/899 904/904/904 903/903/903
f 905/905/905 902/902/902 897/897/897
f 903/903/903 905/905/905 897/897/897
f 905/905/905 906/906/906 902/902/902
f 903/903/903 907/907/907 908/908/908
f 903/903/903 908/908/908 909/909/909
f 903/903/903 909/909/909 905/905/905
f 908/908/908 910/910/910 909/909/909
f 909/909/909 911/911/911 905/905/905
f 909/909/909 912/912/912 911/911/911
f 911/911/911 913/913/913 905/905/905
f 914/914/914 915/915/915 916/916/916
f 914/914/914 916/916/916 917/917/917
f 918/918/918 914/914/914 917/917/917
f 916/916/916 919/919/919 920/920/920
f 916/916/916 920/920/920 921/921/921
f 921/921/921 917/917/917 916/916/916
f 920/920/920 922/922/922 921/921/921
f 923/923/923 924/924/924 917/917/917
f 925/925/925 923/923/923 917/917/917
f 921/921/921 925/925/925 917/917/917
f 925/925/925 926/926/926 923/923/923
f 921/921/921 927/927/927 925/925/925
f 921/921/921 928/928/928 927/927/927
f 927/927/927 929/929/929 925/925/925
f 930/930/930 931/931/931 932/932/932
f 930/930/930 932/932/932 933/933/933
f 934/934/934 930/930/930 933/933/933
f 935/935/935 932/932/932 931/931/931
f 935/935/935 931/931/931 936/936/936
f 934/934/934 933/933/933 937/937/937
f 938/938/938 934/934/934 937/937/937
f 939/939/939 935/935/935 936/936/936
f 939/939/939 936/936/936 940/940/940
f 938/938/938 937/937/937 941/941/941
f 942/942/942 938/938/938 941/941/941
f 943/943/943 939/939/939 940/940/940
f 943/943/943 940/940/940 944/944/944
f 942/942/942 941/941/941 945/945/945
f 946/946/946 942/942/942 945/945/945
f 947/947/947 943/943/943 944/944/944
f 947/947/947 944/944/944 948/948/948
f 946/946/946 945/945/945 949/949/949
f 950/950/950 946/946/946 949/949/949
f 951/951/951 947/947/947 948/948/948
f 951/951/951 948/948/948 952/952/952
f 950/950/950 949/949/949 953/953/953
f 954/954/954 950/950/950 953/953/953
f 955/955/955 951/951/951 952/952/952
f 955/955/955 952/952/952 956/956/956
f 954/954/954 953/953/953 957/957/957
f 958/958/958 954/954/954 957/957/957
f 959/959/959 955/955/955 956/956/956
f 959/959/959 956/956/956 960/960/960
f 958/958/958 957/957/957 961/961/961
f 962/962/962 958/958/958 961/961/961
f 963/963/963 959/959/959 960/960/960
f 963/963/963 960/960/960 964/964/964
f 962/962/962 961/961/961 965/965/965
f 966/966/966 962/962/962 965/965/965
f 967/967/967 963/963/963 964/964/964
f 967/967/967 964/964/964 968/968/968
f 966/966/966 965/965/965 969/969/969
f 970/970/970 966/966/966 969/969/969
f 971/971/971 967/967/967 968/968/968
f 971/971/971 968/968/968 972/972/972
f 970/970/970 969/969/969 973/973/973
f 974/974/974 970/970/970 973/973/973
f 975/975/975 971/971/971 972/972/972
f 975/975/975 972/972/972 976/976/976
f 974/974/974 973/973/973 977/977/977
f 978/978/978 974/974/974 977/977/977
f 979/979/979 975/975/975 976/976/976
f 979/979/979 976/976/976 980/980/980
f 978/978/978 977/977/977 981/981/981
f 982/982/982 978/978/978 981/981/981
f 983/983/983 979/979/979 980/980/980
f 983/983/983 980/980/980 984/984/984
f 982/982/982 981/981/981 985/985/985
f 986/986/986 982/982/982 985/985/985
f 987/987/987 983/983/983 984/984/984
f 987/987/987 984/984/984 988/988/988
f 989/989/989 987/987/987 988/988/988
f 989/989/989 988/988/988 990/990/990
f 991/991/991 987/987/987 989/989/989
f 991/991/991 992/992/992 987/987/987
f 992/992/992 983/983/983 987/987/987
f 993/993/993 992/992/992 991/991/991
f 992/992/992 994/994/994 983/983/983
f 994/994/994 979/979/979 983/983/983
f 993/993/993 995/995/995 992/992/992
f 995/995/995 994/994/994 992/992/992
f 996/996/996 995/995/995 993/993/993
f 994/994/994 997/997/997 979/979/979
f 997/997/997 975/975/975 979/979/979
f 995/995/995 998/998/998 994/994/994
f 998/998/998 997/997/997 994/994/994
f 996/996/996 999/999/999 995/995/995
f 999/999/999 998/998/998 995/995/995
f 1000/1000/1000 999/999/999 996/996/996
f 997/997/997 1001/1001/1001 975/975/975
f 1001/1001/1001 971/971/971 975/975/975
f 998/998/998 1002/1002/1002 997/997/997
f 1002/1002/1002 1001/1001/1001 997/997/997
f 999/999/999 1003/1003/1003 998/998/998
f 1003/1003/1003 1002/1002/1002 998/998/998
f 1000/1000/1000 1004/1004/1004 999/999/999
f 1004/1004/1004 1003/1003/1003 999/999/999
f 1005/1005/1005 1004/1004/1004 1000/1000/1000
f 1001/1001/1001 1006/1006/1006 971/971/971
f 1006/1006/1006 967/967/967 971/971/971
f 1002/1002/1002 1007/1007/1007 1001/1001/1001
f 1007/1007/1007 1006/1006/1006 1001/1001/1001
f 1003/1003/1003 1008/1008/1008 1002/1002/1002
f 1008/1008/1008 1007/1007/1007 1002/1002/1002
f 1004/1004/1004 1009/1009/1009 1003/1003/1003
f 1009/1009/1009 1008/1008/1008 1003/1003/1003
f 1005/1005/1005 1010/1010/1010 1004/1004/1004
f 1010/1010/1010 1009/1009/1009 1004/1004/1004
f 1011/1011/1011 1010/1010/1010 1005/1005/1005
f 1011/1011/1011 1012/1012/1012 1010/1010/1010
f 1013/1013/1013 1012/1012/1012 1011/1011/1011
f 1013/1013/1013 1014/1014/1014 1012/1012/1012
f 1012/1012/1012 1015/1015/1015 1010/1010/1010
f 1010/1010/1010 1015/1015/1015 1009/1009/1009
f 1014/1014/1014 1016/1016/1016 1012/1012/1012
f 1012/1012/1012 1016/1016/1016 1015/1015/1015
f 1014/1014/1014 1017/1017/1017 1016/1016/1016
f 1015/1015/1015 1018/1018/1018 1009/1009/1009
f 1009/1009/1009 1018/1018/1018 1008/1008/1008
f 1016/1016/1016 1019/1019/1019 1015/1015/1015
f 1015/1015/1015 1019/1019/1019 1018/1018/1018
f 1017/1017/1017 1020/1020/1020 1016/1016/1016
f 1016/1016/1016 1020/1020/1020 1019/1019/1019
f 1017/1017/1017 1021/1021/1021 1020/1020/1020
f 1018/1018/1018 1022/1022/1022 1008/1008/1008
f 1008/1008/1008 1022/1022/1022 1007/1007/1007
f 1019/1019/1019 1023/1023/1023 1018/1018/1018
f 1018/1018/1018 1023/1023/1023 1022/1022/1022
f 1020/1020/1020 1024/1024/1024 1019/1019/1019
f 1019/1019/1019 1024/1024/1024 1023/1023/1023
f 1021/1021/1021 1025/1025/1025 1020/1020/1020
f 1020/1020/1020 1025/1025/1025 1024/1024/1024
f 1021/1021/1021 1026/1026/1026 1025/1025/1025
f 1026/1026/1026 1027/1027/1027 1025/1025/1025
f 1026/1026/1026 1028/1028/1028 1027/1027/1027
f 1025/1025/1025 1029/1029/1029 1024/1024/1024
f 1025/1025/1025 1027/1027/1027 1029/1029/1029
f 1024/1024/1024 1030/1030/1030 1023/1023/1023
f 1024/1024/1024 1029/1029/1029 1030/1030/1030
f 1023/1023/1023 1030/1030/1030 1031/1031/1031
f 1023/1023/1023 1031/1031/1031 1022/1022/1022
f 1028/1028/1028 1032/1032/1032 1027/1027/1027
f 1028/1028/1028 1033/1033/1033 1032/1032/1032
f 1027/1027/1027 1034/1034/1034 1029/1029/1029
f 1027/1027/1027 1032/1032/1032 1034/1034/1034
f 1029/1029/1029 1035/1035/1035 1030/1030/1030
f 1029/1029/1029 1034/1034/1034 1035/1035/1035
f 1030/1030/1030 1036/1036/1036 1031/1031/1031
f 1030/1030/1030 1035/1035/1035 1036/1036/1036
f 1033/1033/1033 1037/1037/1037 1032/1032/1032
f 1033/1033/1033 1038/1038/1038 1037/1037/1037
f 1032/1032/1032 1039/1039/1039 1034/1034/1034
f 1032/1032/1032 1037/1037/1037 1039/1039/1039
f 1034/1034/1034 1040/1040/1040 1035/1035/1035
f 1034/1034/1034 1039/1039/1039 1040/1040/1040
f 1035/1035/1035 1041/1041/1041 1036/1036/1036
f 1035/1035/1035 1040/1040/1040 1041/1041/1041
f 1038/1038/1038 1042/1042/1042 1037/1037/1037
f 1038/1038/1038 1043/1043/1043 1042/1042/1042
f 1037/1037/1037 1044/1044/1044 1039/1039/1039
f 1037/1037/1037 1042/1042/1042 1044/1044/1044
f 1039/1039/1039 1045/1045/1045 1040/1040/1040
f 1039/1039/1039 1044/1044/1044 1045/1045/1045
f 1040/1040/1040 1046/1046/1046 1041/1041/1041
f 1040/1040/1040 1045/1045/1045 1046/1046/1046
f 1043/1043/1043 1047/1047/1047 1042/1042/1042
f 1043/1043/1043 1048/1048/1048 1047/1047/1047
f 1042/1042/1042 1049/1049/1049 1044/1044/1044
f 1042/1042/1042 1047/1047/1047 1049/1049/1049
f 1044/1044/1044 1050/1050/1050 1045/1045/1045
f 1044/1044/1044 1049/1049/1049 1050/1050/1050
f 1045/1045/1045 1051/1051/1051 1046/1046/1046
f 1045/1045/1045 1050/1050/1050 1051/1051/1051
f 1048/1048/1048 1052/1052/1052 1047/1047/1047
f 1048/1048/1048 1053/1053/1053 1052/1052/1052
f 1047/1047/1047 1054/1054/1054 1049/1049/1049
f 1047/1047/1047 1052/1052/1052 1054/1054/1054
f 1049/1049/1049 1055/1055/1055 1050/1050/1050
f 1049/1049/1049 1054/1054/1054 1055/1055/1055
f 1050/1050/1050 1056/1056/1056 1051/1051/1051
f 1050/1050/1050 1055/1055/1055 1056/1056/1056
f 1053/1053/1053 1057/1057/1057 1052/1052/1052
f 1053/1053/1053 1058/1058/1058 1057/1057/1057
f 1052/1052/1052 1059/1059/1059 1054/1054/1054
f 1052/1052/1052 1057/1057/1057 1059/1059/1059
f 1054/1054/1054 1060/1060/1060 1055/1055/1055
f 1054/1054/1054 1059/1059/1059 1060/1060/1060
f 1055/1055/1055 1061/1061/1061 1056/1056/1056
f 1055/1055/1055 1060/1060/1060 1061/1061/1061
f 1058/1058/1058 1062/1062/1062 1057/1057/1057
f 1058/1058/1058 1063/1063/1063 1062/1062/1062
f 1057/1057/1057 1064/1064/1064 1059/1059/1059
f 1057/1057/1057 1062/1062/1062 1064/1064/1064
f 1059/1059/1059 1065/1065/1065 1060/1060/1060
f 1059/1059/1059 1064/1064/1064 1065/1065/1065
f 1060/1060/1060 1066/1066/1066 1061/1061/1061
f 1060/1060/1060 1065/1065/1065 1066/1066/1066
f 1063/1063/1063 1067/1067/1067 1062/1062/1062
f 1063/1063/1063 1068/1068/1068 1067/1067/1067
f 1062/1062/1062 1069/1069/1069 1064/1064/1064
f 1062/1062/1062 1067/1067/1067 1069/1069/1069
f 1064/1064/1064 1070/1070/1070 1065/1065/1065
f 1064/1064/1064 1069/1069/1069 1070/1070/1070
f 1065/1065/1065 1071/1071/1071 1066/1066/1066
f 1065/1065/1065 1070/1070/1070 1071/1071/1071
f 1068/1068/1068 1072/1072/1072 1067/1067/1067
f 1068/1068/1068 1073/1073/1073 1072/1072/1072
f 1067/1067/1067 1074/1074/1074 1069/1069/1069
f 1067/1067/1067 1072/1072/1072 1074/1074/1074
f 1069/1069/1069 1075/1075/1075 1070/1070/1070
f 1069/1069/1069 1074/1074/1074 1075/1075/1075
f 1070/1070/1070 1076/1076/1076 1071/1071/1071
f 1070/1070/1070 1075/1075/1075 1076/1076/1076
f 1073/1073/1073 1077/1077/1077 1072/1072/1072
f 1073/1073/1073 1078/1078/1078 1077/1077/1077
f 1072/1072/1072 1079/1079/1079 1074/1074/1074
f 1072/1072/1072 1077/1077/1077 1079/1079/1079
f 1074/1074/1074 1080/1080/1080 1075/1075/1075
f 1074/1074/1074 1079/1079/1079 1080/1080/1080
f 1075/1075/1075 1081/1081/1081 1076/1076/1076
f 1075/1075/1075 1080/1080/1080 1081/1081/1081
f 1082/1082/1082 1077/1077/1077 1078/1078/1078
f 1082/1082/1082 1078/1078/1078 1083/1083/1083
f 1084/1084/1084 1079/1079/1079 1077/1077/1077
f 1084/1084/1084 1077/1077/1077 1082/1082/1082
f 1085/1085/1085 1080/1080/1080 1079/1079/1079
f 1085/1085/1085 1079/1079/1079 1084/1084/1084
f 1086/1086/1086 1080/1080/1080 1085/1085/1085
f 1086/1086/1086 1081/1081/1081 1080/1080/1080
f 1087/1087/1087 1082/1082/1082 1083/1083/1083
f 1087/1087/1087 1083/1083/1083 1088/1088/1088
f 1089/1089/1089 1084/1084/1084 1082/1082/1082
f 1089/1089/1089 1082/1082/1082 1087/1087/1087
f 1090/1090/1090 1085/1085/1085 1084/1084/1084
f 1090/1090/1090 1084/1084/1084 1089/1089/1089
f 1091/1091/1091 1085/1085/1085 1090/1090/1090
f 1091/1091/1091 1086/1086/1086 1085/1085/1085
f 1092/1092/1092 1087/1087/1087 1088/1088/1088
f 1092/1092/1092 1088/1088/1088 1093/1093/1093
f 1094/1094/1094 1089/1089/1089 1087/1087/1087
f 1094/1094/1094 1087/1087/1087 1092/1092/1092
f 1095/1095/1095 1090/1090/1090 1089/1089/1089
f 1095/1095/1095 1089/1089/1089 1094/1094/1094
f 1096/1096/1096 1090/1090/1090 1095/1095/1095
f 1096/1096/1096 1091/1091/1091 1090/1090/1090
f 1097/1097/1097 1092/1092/1092 1093/1093/1093
f 1097/1097/1097 1093/1093/1093 1098/1098/1098
f 1099/1099/1099 1094/1094/1094 1092/1092/1092
f 1099/1099/1099 1092/1092/1092 1097/1097/1097
f 1100/1100/1100 1095/1095/1095 1094/1094/1094
f 1100/1100/1100 1094/1094/1094 1099/1099/1099
f 1101/1101/1101 1095/1095/1095 1100/1100/1100
f 1101/1101/1101 1096/1096/1096 1095/1095/1095
f 1102/1102/1102 1097/1097/1097 1098/1098/1098
f 1102/1102/1102 1098/1098/1098 1103/1103/1103
f 1104/1104/1104 1099/1099/1099 1097/1097/1097
f 1104/1104/1104 1097/1097/1097 1102/1102/1102
f 1105/1105/1105 1100/1100/1100 1099/1099/1099
f 1105/1105/1105 1099/1099/1099 1104/1104/1104
f 1106/1106/1106 1100/1100/1100 1105/1105/1105
f 1106/1106/1106 1101/1101/1101 1100/1100/1100
f 1107/1107/1107 1102/1102/1102 1103/1103/1103
f 1107/1107/1107 1103/1103/1103 1108/1108/1108
f 1109/1109/1109 1104/1104/1104 1102/1102/1102
f 1109/1109/1109 1102/1102/1102 1107/1107/1107
f 1110/1110/1110 1105/1105/1105 1104/1104/1104
f 1110/1110/1110 1104/1104/1104 1109/1109/1109
f 1111/1111/1111 1105/1105/1105 1110/1110/1110
f 1111/1111/1111 1106/1106/1106 1105/1105/1105
f 1112/1112/1112 1107/1107/1107 1108/1108/1108
f 1112/1112/1112 1108/1108/1108 1113/1113/1113
f 1114/1114/1114 1109/1109/1109 1107/1107/1107
f 1114/1114/1114 1107/1107/1107 1112/1112/1112
f 1115/1115/1115 1110/1110/1110 1109/1109/1109
f 1115/1115/1115 1109/1109/1109 1114/1114/1114
f 1116/1116/1116 1110/1110/1110 1115/1115/1115
f 1116/1116/1116 1111/1111/1111 1110/1110/1110
f 1117/1117/1117 1112/1112/1112 1113/1113/1113
f 1117/1117/1117 1113/1113/1113 1118/1118/1118
f 1119/1119/1119 1114/1114/1114 1112/1112/1112
f 1119/1119/1119 1112/1112/1112 1117/1117/1117
f 1120/1120/1120 1115/1115/1115 1114/1114/1114
f 1120/1120/1120 1114/1114/1114 1119/1119/1119
f 1121/1121/1121 1115/1115/1115 1120/1120/1120
f 1121/1121/1121 1116/1116/1116 1115/1115/1115
f 1122/1122/1122 1117/1117/1117 1118/1118/1118
f 1122/1122/1122 1118/1118/1118 1123/1123/1123
f 1124/1124/1124 1119/1119/1119 1117/1117/1117
f 1124/1124/1124 1117/1117/1117 1122/1122/1122
f 1125/1125/1125 1120/1120/1120 1119/1119/1119
f 1125/1125/1125 1119/1119/1119 1124/1124/1124
f 1126/1126/1126 1120/1120/1120 1125/1125/1125
f 1126/1126/1126 1121/1121/1121 1120/1120/1120
f 1127/1127/1127 1122/1122/1122 1123/1123/1123
f 1127/1127/1127 1123/1123/1123 1128/1128/1128
f 1129/1129/1129 1124/1124/1124 1122/1122/1122
f 1129/1129/1129 1122/1122/1122 1127/1127/1127
f 1130/1130/1130 1125/1125/1125 1124/1124/1124
f 1130/1130/1130 1124/1124/1124 1129/1129/1129
f 1131/1131/1131 1125/1125/1125 1130/1130/1130
f 1131/1131/1131 1126/1126/1126 1125/1125/1125
f 1132/1132/1132 1127/1127/1127 1128/1128/1128
f 1132/1132/1132 1128/1128/1128 1133/1133/1133
f 1134/1134/1134 1129/1129/1129 1127/1127/1127
f 1134/1134/1134 1127/1127/1127 1132/1132/1132
f 1135/1135/1135 1130/1130/1130 1129/1129/1129
f 1135/1135/1135 1129/1129/1129 1134/1134/1134
f 1136/1136/1136 1130/1130/1130 1135/1135/1135
f 1136/1136/1136 1131/1131/1131 1130/1130/1130
f 1137/1137/1137 1132/1132/1132 1133/1133/1133
f 1137/1137/1137 1133/1133/1133 1138/1138/1138
f 1139/1139/1139 1134/1134/1134 1132/1132/1132
f 1139/1139/1139 1132/1132/1132 1137/1137/1137
f 1140/1140/1140 1135/1135/1135 1134/1134/1134
f 1140/1140/1140 1134/1134/1134 1139/1139/1139
f 1141/1141/1141 1135/1135/1135 1140/1140/1140
f 1141/1141/1141 1136/1136/1136 1135/1135/1135
f 1142/1142/1142 1137/1137/1137 1138/1138/1138
f 1142/1142/1142 1138/1138/1138 1143/1143/1143
f 1144/1144/1144 1139/1139/1139 1137/1137/1137
f 1144/1144/1144 1137/1137/1137 1142/1142/1142
f 1145/1145/1145 1140/1140/1140 1139/1139/1139
f 1145/1145/1145 1139/1139/1139 1144/1144/1144
f 1146/1146/1146 1140/1140/1140 1145/1145/1145
f 1146/1146/1146 1141/1141/1141 1140/1140/1140
f 1147/1147/1147 1142/1142/1142 1143/1143/1143
f 1147/1147/1147 1143/1143/1143 1148/1148/1148
f 1149/1149/1149 1144/1144/1144 1142/1142/1142
f 1149/1149/1149 1142/1142/1142 1147/1147/1147
f 1150/1150/1150 1145/1145/1145 1144/1144/1144
f 1150/1150/1150 1144/1144/1144 1149/1149/1149
f 1151/1151/1151 1145/1145/1145 1150/1150/1150
f 1151/1151/1151 1146/1146/1146 1145/1145/1145
f 1152/1152/1152 1147/1147/1147 1148/1148/1148
f 1152/1152/1152 1148/1148/1148 1153/1153/1153
f 1154/1154/1154 1152/1152/1152 1153/1153/1153
f 1154/1154/1154 1153/1153/1153 1155/1155/1155
f 1156/1156/1156 1152/1152/1152 1154/1154/1154
f 1157/1157/1157 1147/1147/1147 1152/1152/1152
f 1156/1156/1156 1157/1157/1157 1152/1152/1152
f 1157/1157/1157 1149/1149/1149 1147/1147/1147
f 1158/1158/1158 1157/1157/1157 1156/1156/1156
f 1159/1159/1159 1149/1149/1149 1157/1157/1157
f 1158/1158/1158 1159/1159/1159 1157/1157/1157
f 1159/1159/1159 1150/1150/1150 1149/1149/1149
f 1160/1160/1160 1159/1159/1159 1158/1158/1158
f 1161/1161/1161 1150/1150/1150 1159/1159/1159
f 1160/1160/1160 1161/1161/1161 1159/1159/1159
f 1161/1161/1161 1151/1151/1151 1150/1150/1150
f 1162/1162/1162 1161/1161/1161 1160/1160/1160
f 1162/1162/1162 1163/1163/1163 1161/1161/1161
f 1163/1163/1163 1151/1151/1151 1161/1161/1161
f 1164/1164/1164 1163/1163/1163 1162/1162/1162
f 1163/1163/1163 1165/1165/1165 1151/1151/1151
f 1164/1164/1164 1166/1166/1166 1163/1163/1163
f 1166/1166/1166 1165/1165/1165 1163/1163/1163
f 1167/1167/1167 1166/1166/1166 1164/1164/1164
f 1165/1165/1165 1146/1146/1146 1151/1151/1151
f 1167/1167/1167 1168/1168/1168 1166/1166/1166
f 1169/1169/1169 1168/1168/1168 1167/1167/1167
f 1169/1169/1169 986/986/986 1168/1168/1168
f 986/986/986 985/985/985 1168/1168/1168
f 1168/1168/1168 1170/1170/1170 1166/1166/1166
f 1166/1166/1166 1170/1170/1170 1165/1165/1165
f 1168/1168/1168 985/985/985 1170/1170/1170
f 1165/1165/1165 1171/1171/1171 1146/1146/1146
f 1170/1170/1170 1171/1171/1171 1165/1165/1165
f 1171/1171/1171 1141/1141/1141 1146/1146/1146
f 985/985/985 1172/1172/1172 1170/1170/1170
f 1170/1170/1170 1172/1172/1172 1171/1171/1171
f 985/985/985 981/981/981 1172/1172/1172
f 1171/1171/1171 1173/1173/1173 1141/1141/1141
f 1172/1172/1172 1173/1173/1173 1171/1171/1171
f 1173/1173/1173 1136/1136/1136 1141/1141/1141
f 981/981/981 1174/1174/1174 1172/1172/1172
f 1172/1172/1172 1174/1174/1174 1173/1173/1173
f 981/981/981 977/977/977 1174/1174/1174
f 1173/1173/1173 1175/1175/1175 1136/1136/1136
f 1174/1174/1174 1175/1175/1175 1173/1173/1173
f 1175/1175/1175 1131/1131/1131 1136/1136/1136
f 977/977/977 1176/1176/1176 1174/1174/1174
f 1174/1174/1174 1176/1176/1176 1175/1175/1175
f 977/977/977 973/973/973 1176/1176/1176
f 1175/1175/1175 1177/1177/1177 1131/1131/1131
f 1176/1176/1176 1177/1177/1177 1175/1175/1175
f 1177/1177/1177 1126/1126/1126 1131/1131/1131
f 973/973/973 1178/1178/1178 1176/1176/1176
f 1176/1176/1176 1178/1178/1178 1177/1177/1177
f 973/973/973 969/969/969 1178/1178/1178
f 1177/1177/1177 1179/1179/1179 1126/1126/1126
f 1178/1178/1178 1179/1179/1179 1177/1177/1177
f 1179/1179/1179 1121/1121/1121 1126/1126/1126
f 969/969/969 1180/1180/1180 1178/1178/1178
f 1178/1178/1178 1180/1180/1180 1179/1179/1179
f 969/969/969 965/965/965 1180/1180/1180
f 1179/1179/1179 1181/1181/1181 1121/1121/1121
f 1180/1180/1180 1181/1181/1181 1179/1179/1179
f 1181/1181/1181 1116/1116/1116 1121/1121/1121
f 965/965/965 1182/1182/1182 1180/1180/1180
f 1180/1180/1180 1182/1182/1182 1181/1181/1181
f 965/965/965 961/961/961 1182/1182/1182
f 1181/1181/1181 1183/1183/1183 1116/1116/1116
f 1182/1182/1182 1183/1183/1183 1181/1181/1181
f 1183/1183/1183 1111/1111/1111 1116/1116/1116
f 961/961/961 1184/1184/1184 1182/1182/1182
f 1182/1182/1182 1184/1184/1184 1183/1183/1183
f 961/961/961 957/957/957 1184/1184/1184
f 1183/1183/1183 1185/1185/1185 1111/1111/1111
f 1184/1184/1184 1185/1185/1185 1183/1183/1183
f 1185/1185/1185 1106/1106/1106 1111/1111/1111
f 957/957/957 1186/1186/1186 1184/1184/1184
f 1184/1184/1184 1186/1186/1186 1185/1185/1185
f 957/957/957 953/953/953 1186/1186/1186
f 1185/1185/1185 1187/1187/1187 1106/1106/1106
f 1186/1186/1186 1187/1187/1187 1185/1185/1185
f 1187/1187/1187 1101/1101/1101 1106/1106/1106
f 953/953/953 1188/1188/1188 1186/1186/1186
f 1186/1186/1186 1188/1188/1188 1187/1187/1187
f 953/953/953 949/949/949 1188/1188/1188
f 1187/1187/1187 1189/1189/1189 1101/1101/1101
f 1188/1188/1188 1189/1189/1189 1187/1187/1187
f 1189/1189/1189 1096/1096/1096 1101/1101/1101
f 949/949/949 1190/1190/1190 1188/1188/1188
f 1188/1188/1188 1190/1190/1190 1189/1189/1189
f 949/949/949 945/945/945 1190/1190/1190
f 1189/1189/1189 1191/1191/1191 1096/1096/1096
f 1190/1190/1190 1191/1191/1191 1189/1189/1189
f 1191/1191/1191 1091/1091/1091 1096/1096/1096
f 945/945/945 1192/1192/1192 1190/1190/1190
f 1190/1190/1190 1192/1192/1192 1191/1191/1191
f 945/945/945 941/941/941 1192/1192/1192
f 1191/1191/1191 1193/1193/1193 1091/1091/1091
f 1192/1192/1192 1193/1193/1193 1191/1191/1191
f 1193/1193/1193 1086/1086/1086 1091/1091/1091
f 941/941/941 1194/1194/1194 1192/1192/1192
f 1192/1192/1192 1194/1194/1194 1193/1193/1193
f 941/941/941 937/937/937 1194/1194/1194
f 1193/1193/1193 1195/1195/1195 1086/1086/1086
f 1194/1194/1194 1195/1195/1195 1193/1193/1193
f 1195/1195/1195 1081/1081/1081 1086/1086/1086
f 937/937/937 1196/1196/1196 1194/1194/1194
f 1194/1194/1194 1196/1196/1196 1195/1195/1195
f 937/937/937 933/933/933 1196/1196/1196
f 1195/1195/1195 1197/1197/1197 1081/1081/1081
f 1196/1196/1196 1197/1197/1197 1195/1195/1195
f 1076/1076/1076 1081/1081/1081 1197/1197/1197
f 933/933/933 1198/1198/1198 1196/1196/1196
f 1196/1196/1196 1198/1198/1198 1197/1197/1197
f 933/933/933 932/932/932 1198/1198/1198
f 1076/1076/1076 1197/1197/1197 1199/1199/1199
f 1199/1199/1199 1197/1197/1197 1198/1198/1198
f 1071/1071/1071 1076/1076/1076 1199/1199/1199
f 1200/1200/1200 1198/1198/1198 932/932/932
f 1199/1199/1199 1198/1198/1198 1200/1200/1200
f 1200/1200/1200 932/932/932 935/935/935
f 1071/1071/1071 1199/1199/1199 1201/1201/1201
f 1201/1201/1201 1199/1199/1199 1200/1200/1200
f 1066/1066/1066 1071/1071/1071 1201/1201/1201
f 1202/1202/1202 1200/1200/1200 935/935/935
f 1201/1201/1201 1200/1200/1200 1202/1202/1202
f 1202/1202/1202 935/935/935 939/939/939
f 1066/1066/1066 1201/1201/1201 1203/1203/1203
f 1203/1203/1203 1201/1201/1201 1202/1202/1202
f 1061/1061/1061 1066/1066/1066 1203/1203/1203
f 1204/1204/1204 1202/1202/1202 939/939/939
f 1203/1203/1203 1202/1202/1202 1204/1204/1204
f 1204/1204/1204 939/939/939 943/943/943
f 1061/1061/1061 1203/1203/1203 1205/1205/1205
f 1205/1205/1205 1203/1203/1203 1204/1204/1204
f 1056/1056/1056 1061/1061/1061 1205/1205/1205
f 1206/1206/1206 1204/1204/1204 943/943/943
f 1205/1205/1205 1204/1204/1204 1206/1206/1206
f 1206/1206/1206 943/943/943 947/947/947
f 1056/1056/1056 1205/1205/1205 1207/1207/1207
f 1207/1207/1207 1205/1205/1205 1206/1206/1206
f 1051/1051/1051 1056/1056/1056 1207/1207/1207
f 1208/1208/1208 1206/1206/1206 947/947/947
f 1207/1207/1207 1206/1206/1206 1208/1208/1208
f 1208/1208/1208 947/947/947 951/951/951
f 1051/1051/1051 1207/1207/1207 1209/1209/1209
f 1209/1209/1209 1207/1207/1207 1208/1208/1208
f 1046/1046/1046 1051/1051/1051 1209/1209/1209
f 1210/1210/1210 1208/1208/1208 951/951/951
f 1209/1209/1209 1208/1208/1208 1210/1210/1210
f 1210/1210/1210 951/951/951 955/955/955
f 1046/1046/1046 1209/1209/1209 1211/1211/1211
f 1211/1211/1211 1209/1209/1209 1210/1210/1210
f 1041/1041/1041 1046/1046/1046 1211/1211/1211
f 1212/1212/1212 1210/1210/1210 955/955/955
f 1211/1211/1211 1210/1210/1210 1212/1212/1212
f 1212/1212/1212 955/955/955 959/959/959
f 1041/1041/1041 1211/1211/1211 1213/1213/1213
f 1213/1213/1213 1211/1211/1211 1212/1212/1212
f 1036/1036/1036 1041/1041/1041 1213/1213/1213
f 1214/1214/1214 1212/1212/1212 959/959/959
f 1213/1213/1213 1212/1212/1212 1214/1214/1214
f 1214/1214/1214 959/959/959 963/963/963
f 1036/1036/1036 1213/1213/1213 1215/1215/1215
f 1215/1215/1215 1213/1213/1213 1214/1214/1214
f 1031/1031/1031 1036/1036/1036 1215/1215/1215
f 1216/1216/1216 1214/1214/1214 963/963/963
f 1215/1215/1215 1214/1214/1214 1216/1216/1216
f 1216/1216/1216 963/963/963 967/967/967
f 1006/1006/1006 1216/1216/1216 967/967/967
f 1217/1217/1217 1215/1215/1215 1216/1216/1216
f 1217/1217/1217 1216/1216/1216 1006/1006/1006
f 1031/1031/1031 1215/1215/1215 1217/1217/1217
f 1007/1007/1007 1217/1217/1217 1006/1006/1006
f 1022/1022/1022 1031/1031/1031 1217/1217/1217
f 1022/1022/1022 1217/1217/1217 1007/1007/1007
f 1218/1218/1218 1219/1219/1219 1220/1220/1220
f 1221/1221/1221 1220/1220/1220 1219/1219/1219
f 1221/1221/1221 1222/1222/1222 1220/1220/1220
f 1223/1223/1223 1219/1219/1219 1218/1218/1218
f 1223/1223/1223 1224/1224/1224 1219/1219/1219
f 1225/1225/1225 1224/1224/1224 1223/1223/1223
f 1225/1225/1225 1223/1223/1223 1226/1226/1226
f 1218/1218/1218 1220/1220/1220 1227/1227/1227
f 1228/1228/1228 1227/1227/1227 1220/1220/1220
f 1228/1228/1228 1229/1229/1229 1227/1227/1227
f 1230/1230/1230 1218/1218/1218 1227/1227/1227
f 1230/1230/1230 1231/1231/1231 1218/1218/1218
