o Sponza_Mesh_067
v 1.356875 -1.628981 0.140292
v 1.363975 -1.630544 -0.002471
v 1.416126 -1.620963 -0.000413
v 1.411749 -1.635803 0.142356
v 1.404657 -1.635453 0.285555
v 1.350292 -1.626259 0.283463
v 1.461925 -1.624975 0.144047
v 1.464257 -1.607675 0.001546
v 1.504766 -1.594231 0.003497
v 1.344409 -1.623319 0.427090
v 1.455354 -1.627288 0.287302
v 1.503530 -1.612142 0.145762
v 1.538962 -1.586272 0.005142
v 1.449125 -1.628409 0.430957
v 1.398282 -1.634350 0.429126
v 1.392563 -1.632790 0.535161
v 1.339159 -1.620358 0.533181
v 1.498180 -1.615975 0.288947
v 1.536135 -1.603415 0.147343
v 1.574709 -1.583951 0.006544
v 1.569451 -1.600996 0.148775
v 1.531474 -1.607037 0.290436
v 1.618150 -1.579859 0.008056
v 1.492761 -1.618926 0.432610
v 1.564050 -1.604297 0.291865
v 1.526970 -1.610393 0.434051
v 1.607109 -1.605834 0.293247
v 1.559320 -1.607222 0.435506
v 1.522448 -1.613216 0.540206
v 1.487429 -1.620847 0.538810
v 1.443394 -1.628653 0.537106
v 1.482378 -1.621733 0.630675
v 1.438244 -1.628260 0.628902
v 1.517682 -1.615229 0.632122
v 1.513156 -1.616681 0.777178
v 1.550435 -1.612607 0.633522
v 1.555005 -1.609798 0.541602
v 1.589335 -1.617114 0.635003
v 1.594602 -1.613304 0.543166
v 1.600490 -1.610142 0.436930
v 1.641494 -1.616094 0.636871
v 1.647155 -1.608658 0.545038
v 1.653454 -1.599634 0.438710
v 1.685422 -1.567961 0.548118
v 1.682886 -1.576328 0.640244
v 1.680460 -1.583802 0.785436
v 1.635815 -1.622399 0.782168
v 1.685505 -1.536082 0.643320
v 1.678133 -1.590692 0.889798
v 1.584288 -1.620017 0.780276
v 1.630052 -1.627527 0.886618
v 1.546106 -1.614764 0.778670
v 1.579562 -1.622114 0.884644
v 1.542010 -1.616393 0.882878
v 1.508802 -1.617676 0.881267
v 1.575120 -1.623508 1.030954
v 1.538051 -1.617588 1.028986
v 1.504525 -1.618249 1.027223
v 1.477595 -1.622062 0.775670
v 1.624235 -1.631465 1.033082
v 1.570860 -1.624256 1.177795
v 1.534117 -1.618366 1.175571
v 1.500230 -1.618426 1.173612
v 1.530041 -1.618728 1.322630
v 1.495782 -1.618209 1.320411
v 1.464261 -1.620562 1.171713
v 1.459863 -1.619442 1.318282
v 1.468603 -1.621406 1.025496
v 1.416826 -1.621475 1.315826
v 1.473018 -1.621929 0.879667
v 1.420891 -1.623048 1.169482
v 1.424926 -1.624611 1.023438
v 1.433503 -1.627349 0.773834
v 1.429088 -1.626080 0.877738
v 1.382810 -1.629290 0.771687
v 1.387439 -1.631105 0.626850
v 1.334396 -1.617526 0.624913
v 1.330012 -1.614864 0.769743
v 1.378558 -1.627437 0.875494
v 1.325930 -1.612383 0.873554
v 1.374555 -1.625626 1.021094
v 1.322034 -1.610098 1.019168
v 1.370633 -1.623930 1.167055
v 1.318169 -1.607991 1.165159
v 1.366594 -1.622399 1.313361
v 1.314143 -1.606035 1.311535
v 1.362169 -1.621089 1.459990
v 1.309703 -1.604183 1.458333
v 1.412505 -1.619971 1.462390
v 1.356972 -1.620090 1.606906
v 1.304482 -1.602376 1.605635
v 1.455225 -1.618086 1.465141
v 1.407626 -1.618634 1.609035
v 1.350320 -1.619639 1.753958
v 1.297887 -1.600519 1.753607
v 1.401833 -1.617614 1.755494
v 1.450065 -1.616486 1.612190
v 1.490993 -1.617568 1.467582
v 1.342786 -1.621914 1.901451
v 1.290283 -1.598639 1.902498
v 1.397202 -1.616759 1.903290
v 1.347729 -1.626208 2.053542
v 1.287924 -1.598695 2.054563
v 1.345707 -1.595139 2.124972
v 1.296006 -1.599266 2.134934
v 1.389034 -1.594242 2.051961
v 1.344696 -1.579604 2.160686
v 1.300046 -1.599553 2.175119
v 1.381190 -1.566542 2.118847
v 1.377267 -1.552691 2.152290
v 1.373345 -1.538841 2.185732
v 1.343685 -1.564070 2.196402
v 1.393798 -1.569599 2.190043
v 1.400194 -1.576696 2.155601
v 1.433750 -1.578474 2.197998
v 1.406591 -1.583793 2.121159
v 1.439222 -1.584644 2.162627
v 1.419383 -1.597987 2.052274
v 1.444694 -1.590815 2.127254
v 1.475429 -1.589601 2.171018
v 1.469900 -1.583713 2.206919
v 1.480958 -1.595490 2.135117
v 1.513996 -1.594896 2.182837
v 1.508578 -1.589074 2.219730
v 1.519415 -1.600718 2.145944
v 1.551422 -1.601845 2.198904
v 1.546019 -1.595650 2.237735
v 1.591661 -1.607594 2.218622
v 1.579952 -1.602321 2.260006
v 1.603370 -1.612867 2.177238
v 1.556823 -1.608039 2.160074
v 1.626789 -1.623412 2.094469
v 1.567627 -1.620426 2.082410
v 1.530252 -1.612363 2.072159
v 1.644473 -1.624670 1.935709
v 1.581802 -1.627550 1.928120
v 1.622770 -1.587663 2.084744
v 1.492016 -1.607266 2.063314
v 1.543467 -1.617686 1.921363
v 1.455638 -1.603156 2.056510
v 1.505971 -1.613279 1.915259
v 1.436592 -1.609617 1.907119
v 1.470326 -1.610964 1.910526
v 1.444003 -1.614433 1.759339
v 1.478992 -1.614682 1.762773
v 1.485567 -1.616457 1.615059
v 1.514218 -1.616478 1.766514
v 1.520490 -1.617972 1.618126
v 1.525603 -1.618635 1.470156
v 1.551330 -1.621021 1.771100
v 1.557290 -1.622929 1.621757
v 1.562222 -1.623992 1.473154
v 1.566634 -1.624415 1.325184
v 1.591611 -1.632114 1.776060
v 1.599456 -1.634753 1.625649
v 1.606222 -1.635884 1.476348
v 1.612430 -1.635668 1.327894
v 1.618378 -1.634182 1.180161
v 1.675817 -1.596985 1.036231
v 1.673337 -1.602646 1.183365
v 1.670478 -1.607725 1.331279
v 1.666919 -1.612418 1.480097
v 1.662110 -1.616787 1.630069
v 1.660452 -1.565902 1.333515
v 1.666037 -1.560371 1.185924
v 1.671332 -1.554696 1.038990
v 1.673920 -1.547919 1.187430
v 1.676310 -1.548813 0.892684
v 1.678600 -1.540245 1.040768
v 1.683336 -1.532772 0.894647
v 1.680985 -1.542650 0.788414
v 1.688099 -1.525429 0.790478
v 1.692879 -1.518023 0.645433
v 1.697597 -1.510478 0.553374
v 1.707472 -1.529778 0.791637
v 1.711703 -1.522223 0.646658
v 1.716102 -1.514846 0.554716
v 1.689828 -1.528989 0.551115
v 1.720531 -1.508133 0.448949
v 1.701736 -1.503458 0.447572
v 1.691938 -1.520975 0.445226
v 1.686684 -1.557230 0.441987
v 1.705894 -1.496558 0.304162
v 1.659364 -1.589160 0.295232
v 1.693800 -1.512624 0.301805
v 1.687545 -1.546034 0.298598
v 1.614422 -1.600135 0.150154
v 1.664777 -1.577211 0.152374
v 1.659109 -1.554796 0.010525
v 1.688086 -1.534291 0.155748
v 1.674566 -1.516626 0.013954
v 1.686961 -1.486605 0.017150
v 1.695650 -1.504036 0.158889
v 1.712525 -1.469682 0.019712
v 1.710127 -1.489769 0.161282
v 1.741569 -1.478684 0.021114
v 1.729688 -1.495562 0.162650
v 1.759179 -1.504237 0.021556
v 1.725111 -1.501686 0.305520
v 1.746204 -1.514610 0.163482
v 1.774527 -1.537790 0.021624
v 1.743287 -1.519722 0.306307
v 1.762817 -1.545510 0.163999
v 1.802758 -1.574460 0.021481
v 1.740071 -1.525409 0.449770
v 1.761917 -1.548692 0.306853
v 1.792915 -1.585573 0.164063
v 1.848360 -1.605409 0.163910
v 1.851571 -1.587421 0.021434
v 1.791747 -1.586502 0.307112
v 1.844354 -1.608986 0.307103
v 1.896551 -1.585513 0.164490
v 1.888719 -1.564148 0.022510
v 1.894799 -1.593432 0.307730
v 1.923587 -1.559761 0.165832
v 1.914578 -1.540066 0.024126
v 1.946551 -1.528383 0.025214
v 1.948454 -1.546322 0.167110
v 1.981535 -1.535654 0.025513
v 1.924070 -1.566650 0.309060
v 1.893081 -1.600107 0.451410
v 1.977242 -1.550926 0.167766
v 2.017272 -1.547973 0.025431
v 1.948558 -1.550974 0.310218
v 1.924139 -1.572689 0.452704
v 1.976570 -1.554238 0.310781
v 2.011435 -1.564282 0.167826
v 2.055569 -1.570463 0.167839
v 2.057904 -1.549967 0.025695
v 2.099491 -1.562615 0.168642
v 2.098277 -1.541423 0.026805
v 2.052892 -1.575532 0.311086
v 2.134748 -1.539467 0.027874
v 2.009435 -1.567362 0.310929
v 2.133167 -1.556569 0.169881
v 2.166127 -1.551691 0.028289
v 2.098424 -1.568629 0.311877
v 2.160444 -1.564406 0.170710
v 2.202802 -1.566782 0.028281
v 2.133172 -1.560490 0.313002
v 2.050864 -1.579737 0.454778
v 2.097347 -1.573714 0.455545
v 2.008051 -1.570520 0.454549
v 2.049310 -1.583462 0.560872
v 1.975886 -1.557834 0.454360
v 2.007031 -1.573720 0.560496
v 1.975146 -1.561508 0.560327
v 1.948304 -1.555452 0.453829
v 1.947876 -1.559642 0.559923
v 1.924123 -1.578134 0.558903
v 1.973838 -1.566031 0.652209
v 1.946436 -1.563395 0.651970
v 2.006386 -1.578204 0.652383
v 2.005983 -1.582394 0.797450
v 2.048894 -1.587018 0.652878
v 1.972658 -1.570470 0.797247
v 2.096306 -1.578265 0.561697
v 2.133008 -1.564251 0.456627
v 2.095651 -1.581388 0.653803
v 2.160018 -1.565815 0.313758
v 2.132818 -1.567956 0.562679
v 2.159648 -1.567550 0.457383
v 2.195899 -1.581539 0.170877
v 2.192861 -1.582758 0.314022
v 2.246668 -1.585797 0.170898
v 2.248201 -1.564213 0.028790
v 2.242723 -1.591558 0.314160
v 2.287668 -1.573529 0.171893
v 2.286034 -1.551766 0.030210
v 2.318037 -1.553608 0.031035
v 2.239280 -1.596123 0.457870
v 2.286435 -1.580475 0.315087
v 2.315894 -1.570563 0.172974
v 2.351767 -1.567174 0.031217
v 2.347003 -1.581122 0.173590
v 2.315798 -1.575243 0.316040
v 2.399249 -1.571237 0.031192
v 2.284931 -1.586523 0.458747
v 2.345854 -1.583463 0.316595
v 2.315351 -1.579838 0.459681
v 2.283347 -1.591920 0.564966
v 2.394202 -1.594446 0.316686
v 2.344802 -1.586095 0.460256
v 2.314728 -1.584231 0.565770
v 2.398348 -1.589803 0.173586
v 2.448026 -1.560876 0.174357
v 2.436867 -1.540630 0.032439
v 2.447019 -1.570828 0.317487
v 2.468775 -1.525991 0.176118
v 2.454686 -1.508046 0.034485
v 2.477388 -1.487435 0.035750
v 2.470143 -1.534686 0.319257
v 2.484933 -1.506678 0.177390
v 2.509900 -1.482041 0.036106
v 2.470775 -1.542667 0.462830
v 2.485497 -1.513917 0.320441
v 2.508952 -1.502152 0.177858
v 2.541966 -1.495305 0.035586
v 2.535830 -1.513272 0.177471
v 2.568674 -1.517483 0.034700
v 2.508802 -1.509181 0.320781
v 2.485345 -1.520854 0.463977
v 2.561674 -1.533144 0.176790
v 2.598404 -1.542163 0.033634
v 2.535839 -1.520394 0.320337
v 2.508233 -1.516354 0.464240
v 2.484795 -1.527430 0.570077
v 2.592725 -1.557886 0.175861
v 2.640809 -1.560804 0.032500
v 2.562674 -1.539643 0.319652
v 2.535675 -1.527682 0.463769
v 2.507321 -1.523526 0.570171
v 2.563587 -1.546236 0.463142
v 2.594139 -1.563044 0.318814
v 2.639443 -1.578880 0.174674
v 2.535410 -1.534955 0.569545
v 2.695237 -1.572082 0.174113
v 2.688797 -1.552046 0.032098
v 2.731454 -1.541634 0.174772
v 2.717850 -1.522315 0.033060
v 2.753361 -1.514610 0.175779
v 2.740751 -1.495718 0.034222
v 2.770433 -1.477103 0.034689
v 2.733119 -1.549885 0.317994
v 2.777439 -1.498112 0.176230
v 2.804074 -1.474910 0.034229
v 2.755382 -1.522478 0.318930
v 2.695376 -1.579318 0.317228
v 2.734446 -1.557093 0.461643
v 2.639812 -1.583782 0.317738
v 2.695616 -1.586040 0.460880
v 2.595534 -1.568155 0.462410
v 2.640214 -1.588517 0.461412
v 2.735667 -1.563667 0.567854
v 2.564511 -1.552718 0.568925
v 2.596987 -1.573031 0.568360
v 2.695830 -1.592399 0.567088
v 2.640663 -1.592915 0.567586
v 2.535071 -1.542859 0.661342
v 2.565458 -1.559661 0.660882
v 2.598387 -1.578369 0.660394
v 2.534953 -1.550563 0.806258
v 2.505853 -1.531114 0.661893
v 2.566568 -1.566121 0.805918
v 2.504367 -1.538678 0.806782
v 2.482877 -1.533695 0.662001
v 2.535020 -1.558042 0.910232
v 2.480798 -1.539826 0.806996
v 2.502914 -1.546218 0.910726
v 2.471110 -1.550175 0.569019
v 2.469172 -1.555377 0.661218
v 2.445441 -1.579607 0.461105
v 2.443489 -1.587609 0.567389
v 2.390622 -1.598467 0.460379
v 2.343863 -1.588731 0.566305
v 2.387512 -1.601971 0.566613
v 2.442130 -1.593519 0.659474
v 2.467214 -1.560316 0.806357
v 2.385495 -1.606141 0.658558
v 2.440899 -1.599127 0.804706
v 2.478646 -1.545881 0.911078
v 2.465115 -1.564969 0.910612
v 2.342416 -1.592763 0.658313
v 2.383466 -1.609923 0.803865
v 2.439726 -1.604503 0.909071
v 2.313142 -1.588109 0.657879
v 2.341054 -1.596305 0.803566
v 2.381504 -1.613233 0.908302
v 2.311699 -1.591671 0.803068
v 2.281674 -1.595338 0.657110
v 2.236306 -1.600023 0.564089
v 2.280177 -1.598487 0.802288
v 2.310376 -1.594990 0.907332
v 2.234751 -1.603420 0.656093
v 2.190611 -1.584046 0.457687
v 2.188834 -1.585459 0.563760
v 2.159387 -1.569417 0.563394
v 2.132064 -1.570678 0.654807
v 2.158257 -1.571874 0.655396
v 2.187067 -1.588596 0.655618
v 2.233456 -1.606617 0.801275
v 2.185342 -1.591671 0.800769
v 2.278759 -1.601381 0.906541
v 2.232331 -1.609595 0.905538
v 2.231348 -1.612318 1.051722
v 2.183614 -1.594731 0.904999
v 2.156444 -1.576132 0.904796
v 2.277357 -1.604034 1.052697
v 2.181842 -1.597816 1.051154
v 2.230471 -1.614729 1.198401
v 2.309135 -1.598126 1.053502
v 2.275911 -1.606462 1.199318
v 2.339853 -1.599473 0.907914
v 2.338835 -1.602338 1.054194
v 2.379667 -1.616010 1.054715
v 2.307939 -1.601129 1.200146
v 2.274375 -1.608685 1.346379
v 2.338014 -1.604960 1.200982
v 2.306763 -1.604030 1.347245
v 2.229666 -1.616765 1.345565
v 2.272714 -1.610724 1.493837
v 2.180015 -1.600954 1.197825
v 2.228895 -1.618375 1.493194
v 2.178151 -1.604170 1.345026
v 2.155790 -1.578006 1.050969
v 2.155280 -1.579769 1.197668
v 2.176310 -1.607489 1.492782
v 2.154900 -1.581504 1.344919
v 2.131284 -1.582337 1.196823
v 2.131563 -1.585703 1.343941
v 2.131167 -1.579211 1.050214
v 2.092850 -1.596691 1.342622
v 2.093492 -1.593704 1.195619
v 2.131246 -1.576263 0.904106
v 2.094053 -1.590653 1.049091
v 2.157259 -1.574099 0.800554
v 2.131540 -1.573434 0.799918
v 2.094576 -1.587573 0.903042
v 2.095098 -1.584483 0.798893
v 2.048551 -1.590311 0.797977
v 2.048239 -1.593361 0.902122
v 2.005779 -1.586329 0.901558
v 1.971623 -1.574854 0.901329
v 2.047954 -1.596173 1.048147
v 2.005761 -1.590032 1.047536
v 1.970741 -1.579222 1.047286
v 1.944961 -1.567016 0.797057
v 1.943476 -1.570571 0.901220
v 1.922959 -1.581277 0.651136
v 1.921842 -1.584079 0.796323
v 1.941944 -1.574140 1.047290
v 1.891429 -1.606069 0.557718
v 1.890525 -1.610101 0.649864
v 1.920676 -1.586539 0.900621
v 1.889941 -1.613906 0.795115
v 1.841172 -1.611907 0.450844
v 1.838645 -1.614274 0.557149
v 1.837231 -1.616867 0.649182
v 1.791097 -1.587979 0.450765
v 1.790885 -1.589698 0.556755
v 1.790778 -1.592599 0.648830
v 1.760850 -1.552676 0.450378
v 1.759874 -1.556954 0.556131
v 1.736987 -1.531357 0.555490
v 1.733889 -1.538218 0.647482
v 1.758727 -1.562303 0.648218
v 1.731258 -1.545185 0.792490
v 1.703421 -1.537539 0.895682
v 1.757992 -1.567455 0.793338
v 1.729034 -1.552252 0.896562
v 1.699626 -1.545542 1.041639
v 1.790863 -1.595167 0.794085
v 1.757615 -1.572448 0.897530
v 1.727215 -1.559399 1.042535
v 1.696154 -1.553792 1.188080
v 1.757539 -1.577289 1.043625
v 1.791194 -1.597448 0.898430
v 1.836010 -1.619131 0.794506
v 1.725807 -1.566581 1.188977
v 1.693099 -1.562264 1.334994
v 1.889551 -1.617534 0.899491
v 1.669334 -1.555859 1.334634
v 1.919375 -1.588668 1.046873
v 1.834967 -1.620968 0.898954
v 1.889294 -1.620942 1.045855
v 1.791743 -1.599462 1.044697
v 1.834112 -1.622286 1.045368
v 1.889100 -1.624066 1.192813
v 1.757707 -1.581990 1.190190
v 1.792490 -1.601254 1.191459
v 1.833479 -1.623011 1.192334
v 1.724805 -1.573733 1.335868
v 1.758057 -1.586571 1.337210
v 1.690555 -1.570903 1.482354
v 1.724185 -1.580771 1.483171
v 1.793407 -1.602895 1.338711
v 1.758525 -1.591057 1.484663
v 1.664857 -1.564120 1.482387
v 1.688598 -1.579618 1.630124
v 1.723893 -1.587604 1.630831
v 1.654634 -1.571341 1.481850
v 1.660390 -1.572756 1.630682
v 1.686892 -1.588150 1.778282
v 1.648472 -1.576598 1.631064
v 1.655526 -1.581704 1.779578
v 1.641668 -1.581450 1.781333
v 1.655178 -1.620915 1.781653
v 1.634483 -1.585050 1.933023
v 1.649507 -1.589474 1.929071
v 1.640579 -1.602310 2.077437
v 1.647796 -1.606254 2.152049
v 1.618894 -1.597058 2.162140
v 1.684247 -1.605557 2.073748
v 1.684907 -1.596547 1.926559
v 1.691998 -1.613257 2.146054
v 1.723750 -1.605102 2.073852
v 1.723102 -1.600130 1.926701
v 1.723543 -1.594073 1.778736
v 1.759048 -1.595475 1.632534
v 1.759295 -1.599668 1.780825
v 1.794474 -1.604464 1.486444
v 1.795669 -1.606041 1.634650
v 1.759265 -1.603277 1.929424
v 1.796655 -1.607575 1.783399
v 1.833107 -1.623102 1.339858
v 1.833021 -1.622554 1.487944
v 1.888883 -1.626829 1.340405
v 1.833211 -1.621408 1.636597
v 1.888534 -1.629132 1.488688
v 1.916134 -1.592056 1.341010
v 1.833344 -1.619691 1.785891
v 1.914155 -1.593409 1.488932
v 1.887954 -1.630874 1.637779
v 1.911950 -1.594578 1.637478
v 1.917874 -1.590492 1.193665
v 1.940341 -1.577810 1.193838
v 1.938658 -1.581664 1.340851
v 1.936894 -1.585782 1.488318
v 1.970035 -1.583597 1.193682
v 1.969541 -1.587990 1.340495
v 2.005923 -1.593516 1.193946
v 1.969303 -1.592387 1.487698
v 2.006256 -1.596790 1.340760
v 2.047697 -1.598744 1.194619
v 2.047472 -1.601074 1.341521
v 2.006738 -1.599854 1.487937
v 1.969309 -1.596729 1.635262
v 2.047287 -1.603180 1.488828
v 2.007288 -1.602719 1.635394
v 2.092094 -1.599566 1.490094
v 2.047119 -1.605112 1.636485
v 2.007457 -1.605646 1.782903
v 2.131942 -1.589368 1.491577
v 2.091203 -1.602306 1.638005
v 2.046686 -1.607256 1.784366
v 2.154621 -1.583321 1.492766
v 2.132338 -1.593361 1.639741
v 2.090045 -1.605131 1.786283
v 2.007159 -1.609807 1.930014
v 2.046055 -1.610671 1.932042
v 1.968970 -1.600917 1.783066
v 2.007123 -1.617989 2.075214
v 1.935045 -1.590209 1.636248
v 1.932919 -1.594468 1.784789
v 1.967587 -1.606078 1.930594
v 1.909566 -1.595478 1.786742
v 1.929662 -1.597351 1.933430
v 1.966247 -1.614997 2.075858
v 1.907316 -1.595107 1.937212
v 1.886758 -1.631872 1.787847
v 1.922496 -1.608327 2.080432
v 1.885674 -1.631071 1.939576
v 1.833390 -1.617682 1.936306
v 1.797230 -1.608650 1.932760
v 1.900977 -1.593610 2.087734
v 1.833265 -1.614847 2.089067
v 1.758612 -1.605183 2.078255
v 1.796673 -1.608322 2.083054
v 1.722487 -1.596102 2.147014
v 1.754675 -1.596271 2.151133
v 1.793277 -1.598970 2.157282
v 1.885502 -1.625694 2.095595
v 1.830941 -1.604712 2.166388
v 1.752705 -1.591815 2.187571
v 1.791578 -1.594294 2.194396
v 1.750736 -1.587359 2.224011
v 1.789880 -1.589617 2.231511
v 1.721224 -1.587102 2.220175
v 1.829779 -1.599646 2.205048
v 1.828617 -1.594578 2.243709
v 1.721855 -1.591602 2.183595
v 1.699747 -1.620956 2.218359
v 1.695872 -1.617107 2.182206
v 1.651404 -1.608227 2.189355
v 1.655013 -1.610200 2.226661
v 1.616956 -1.601756 2.200838
v 1.615018 -1.606454 2.239536
v 1.869304 -1.608042 2.218842
v 1.863905 -1.602157 2.259926
v 1.897062 -1.611055 2.240326
v 1.874703 -1.613926 2.177760
v 1.898040 -1.606694 2.202178
v 1.935365 -1.620004 2.227730
v 1.899019 -1.602332 2.164031
v 1.932148 -1.617085 2.190905
v 1.973951 -1.642505 2.217007
v 1.928931 -1.614166 2.154081
v 1.972025 -1.635628 2.181720
v 1.970099 -1.628750 2.146433
v 2.005734 -1.615941 2.148260
v 2.005040 -1.614918 2.184783
v 2.004346 -1.613894 2.221307
v 2.045098 -1.617304 2.079094
v 2.040565 -1.615747 2.151900
v 2.038298 -1.614967 2.188304
v 2.036031 -1.614188 2.224706
v 2.088855 -1.608909 1.934775
v 2.087179 -1.615191 2.083467
v 2.082113 -1.613644 2.157567
v 2.079580 -1.612870 2.194617
v 2.077047 -1.612096 2.231667
v 2.132456 -1.597673 1.788486
v 2.132383 -1.602602 1.938082
v 2.130656 -1.609699 2.089147
v 2.124514 -1.608950 2.166005
v 2.121443 -1.608575 2.204434
v 2.118372 -1.608200 2.242863
v 2.152969 -1.601275 2.218940
v 2.153642 -1.602259 2.260459
v 2.190254 -1.593590 2.246733
v 2.152296 -1.600291 2.177421
v 2.186057 -1.602367 2.208078
v 2.232783 -1.591374 2.237701
v 2.150952 -1.598324 2.094382
v 2.181860 -1.611143 2.169425
v 2.230977 -1.597448 2.200713
v 2.258746 -1.564046 2.229563
v 2.153025 -1.590963 1.941234
v 2.173466 -1.628698 2.092117
v 2.259651 -1.576006 2.194251
v 2.229170 -1.603522 2.163724
v 2.281233 -1.584949 2.233136
v 2.225556 -1.615670 2.089746
v 2.260556 -1.587966 2.158941
v 2.284870 -1.591645 2.197330
v 2.323431 -1.596731 2.203256
v 2.320679 -1.591192 2.240021
v 2.288507 -1.598340 2.161523
v 2.262367 -1.611884 2.088320
v 2.170914 -1.618985 1.939374
v 2.326183 -1.602270 2.166492
v 2.226342 -1.621187 1.938774
v 2.153929 -1.587812 1.790628
v 2.172972 -1.614666 1.790050
v 2.154384 -1.585353 1.641284
v 2.174600 -1.610954 1.641118
v 2.227233 -1.620286 1.789653
v 2.228139 -1.619524 1.641251
v 2.266307 -1.614998 1.938177
v 2.268855 -1.614210 1.789667
v 2.270905 -1.612584 1.641629
v 2.305577 -1.606854 1.494774
v 2.304347 -1.609605 1.642712
v 2.302870 -1.612110 1.791085
v 2.300576 -1.613649 1.939978
v 2.337391 -1.607383 1.348272
v 2.336952 -1.609655 1.496055
v 2.378005 -1.618208 1.201695
v 2.376559 -1.619789 1.349250
v 2.336667 -1.611811 1.644323
v 2.375344 -1.620744 1.497391
v 2.435303 -1.622445 1.498368
v 2.336271 -1.613762 1.793136
v 2.374342 -1.621086 1.646130
v 2.335058 -1.614902 1.942604
v 2.373372 -1.620829 1.795535
v 2.433957 -1.625612 1.647547
v 2.295783 -1.611730 2.089911
v 2.331688 -1.613349 2.092963
v 2.372087 -1.619957 1.946014
v 2.369519 -1.617321 2.098642
v 2.432129 -1.627865 1.797760
v 2.430028 -1.627742 1.949682
v 2.364828 -1.606583 2.175179
v 2.426957 -1.623255 2.105927
v 2.362482 -1.601214 2.213446
v 2.360136 -1.595846 2.251715
v 2.412946 -1.612765 2.187677
v 2.405942 -1.607519 2.228551
v 2.398936 -1.602274 2.269427
v 2.432762 -1.609324 2.249927
v 2.433763 -1.604446 2.211844
v 2.469895 -1.614483 2.238643
v 2.434764 -1.599567 2.173761
v 2.465923 -1.611727 2.201589
v 2.515227 -1.623741 2.230710
v 2.436767 -1.589811 2.097595
v 2.461951 -1.608971 2.164535
v 2.511199 -1.619961 2.194598
v 2.540860 -1.593005 2.195331
v 2.540092 -1.587984 2.231826
v 2.444502 -1.588663 1.947106
v 2.454007 -1.603459 2.090427
v 2.447508 -1.587250 1.796493
v 2.461038 -1.589921 1.943150
v 2.499115 -1.608623 2.086265
v 2.507171 -1.616182 2.158487
v 2.450686 -1.584206 1.647290
v 2.464433 -1.584676 1.794438
v 2.497635 -1.598701 1.939889
v 2.543164 -1.608067 2.085849
v 2.541628 -1.598026 2.158837
v 2.498135 -1.590932 1.792186
v 2.540367 -1.602587 1.938765
v 2.466803 -1.577931 1.645851
v 2.538973 -1.596910 1.791254
v 2.454116 -1.580834 1.498797
v 2.498227 -1.583749 1.644254
v 2.469330 -1.571010 1.497957
v 2.436471 -1.618656 1.350027
v 2.457294 -1.577242 1.350904
v 2.437551 -1.614342 1.202405
v 2.438620 -1.609597 1.055434
v 2.460190 -1.573415 1.203587
v 2.462790 -1.569331 1.056828
v 2.471771 -1.564426 1.350532
v 2.474133 -1.558098 1.203568
v 2.476424 -1.551943 1.057079
v 2.498620 -1.576326 1.496706
v 2.499335 -1.568811 1.349570
v 2.500334 -1.561277 1.202845
v 2.501550 -1.553747 1.056558
v 2.537906 -1.591205 1.643681
v 2.537087 -1.585226 1.496251
v 2.536335 -1.578895 1.349136
v 2.535719 -1.572237 1.202402
v 2.535276 -1.565274 1.056092
v 2.567790 -1.572139 0.910018
v 2.569084 -1.577753 1.056014
v 2.570410 -1.583006 1.202467
v 2.599756 -1.583132 0.805566
v 2.601137 -1.587409 0.909821
v 2.641940 -1.601852 0.804910
v 2.602539 -1.591264 1.055993
v 2.642946 -1.608676 1.055671
v 2.603970 -1.594765 1.202652
v 2.571724 -1.587937 1.349360
v 2.572988 -1.592587 1.496663
v 2.605431 -1.597982 1.349793
v 2.574167 -1.597000 1.644348
v 2.606919 -1.600985 1.497405
v 2.643484 -1.611209 1.202575
v 2.644108 -1.613150 1.350032
v 2.575546 -1.601198 1.792387
v 2.608434 -1.603828 1.645489
v 2.644850 -1.614516 1.498058
v 2.701711 -1.624342 1.498107
v 2.645719 -1.615334 1.646675
v 2.610228 -1.606497 1.794068
v 2.577124 -1.604796 1.940828
v 2.578283 -1.606799 2.089596
v 2.612053 -1.608398 1.943256
v 2.574114 -1.597790 2.162330
v 2.612846 -1.608607 2.093295
v 2.646985 -1.615717 1.795938
v 2.648595 -1.615509 1.946174
v 2.702184 -1.626926 1.647169
v 2.702869 -1.628646 1.797229
v 2.704275 -1.628309 1.948982
v 2.649783 -1.613856 2.098639
v 2.609328 -1.599494 2.167246
v 2.572028 -1.593286 2.198696
v 2.569943 -1.588782 2.235063
v 2.607569 -1.594939 2.204222
v 2.605810 -1.590383 2.241197
v 2.647243 -1.604211 2.175479
v 2.645972 -1.599387 2.213900
v 2.644702 -1.594565 2.252320
v 2.705961 -1.623654 2.105112
v 2.694899 -1.612958 2.187280
v 2.689368 -1.607611 2.228364
v 2.683837 -1.602264 2.269448
v 2.718262 -1.608578 2.249859
v 2.718772 -1.604166 2.211659
v 2.755486 -1.613009 2.238329
v 2.719283 -1.599752 2.173459
v 2.751439 -1.610597 2.201204
v 2.801008 -1.620990 2.230249
v 2.720303 -1.590926 2.097058
v 2.747391 -1.608184 2.164079
v 2.796777 -1.617678 2.194015
v 2.825898 -1.590715 2.194028
v 2.825238 -1.585246 2.230541
v 2.726372 -1.591209 1.946345
v 2.739297 -1.603359 2.089830
v 2.792546 -1.614367 2.157782
v 2.826558 -1.596186 2.157515
v 2.727688 -1.590870 1.795763
v 2.745067 -1.590313 1.942318
v 2.784083 -1.607743 2.085314
v 2.827877 -1.607126 2.084489
v 2.781752 -1.597847 1.938691
v 2.747294 -1.585536 1.793562
v 2.729410 -1.589023 1.646594
v 2.781368 -1.589948 1.790920
v 2.824175 -1.601044 1.937058
v 2.748679 -1.579616 1.644947
v 2.731423 -1.586814 1.498102
v 2.701099 -1.621097 1.349820
v 2.700382 -1.617282 1.202221
v 2.733123 -1.584377 1.350175
v 2.750193 -1.573591 1.496998
v 2.780918 -1.582586 1.642923
v 2.751578 -1.567874 1.349518
v 2.821921 -1.594467 1.789435
v 2.780738 -1.575027 1.495335
v 2.820249 -1.587634 1.641772
v 2.858154 -1.597954 1.790091
v 2.734435 -1.581693 1.202808
v 2.780732 -1.567394 1.348162
v 2.699585 -1.612988 1.055251
v 2.752843 -1.562410 1.202500
v 2.735339 -1.578725 1.055986
v 2.642450 -1.605550 0.909311
v 2.698723 -1.608295 0.908872
v 2.697800 -1.603274 0.804479
v 2.735856 -1.575446 0.909696
v 2.641369 -1.597620 0.659628
v 2.696813 -1.597978 0.659214
v 2.736035 -1.571839 0.805356
v 2.735947 -1.567906 0.660121
v 2.753999 -1.557111 1.055958
v 2.755051 -1.551899 0.909903
v 2.780855 -1.559747 1.201411
v 2.781041 -1.552106 1.055104
v 2.755982 -1.546691 0.805762
v 2.781233 -1.544464 0.909260
v 2.816038 -1.565039 1.200412
v 2.814712 -1.556931 1.054118
v 2.817418 -1.572895 1.347150
v 2.851600 -1.579467 1.346799
v 2.818837 -1.580446 1.494291
v 2.849239 -1.572634 1.199886
v 2.853837 -1.585958 1.494155
v 2.855912 -1.592139 1.641927
v 2.886087 -1.593973 1.494362
v 2.883107 -1.589053 1.346646
v 2.880055 -1.583840 1.199445
v 2.914459 -1.603872 1.198495
v 2.889004 -1.598649 1.642594
v 2.876942 -1.578270 1.052763
v 2.846805 -1.565446 1.053444
v 2.813436 -1.548603 0.908290
v 2.873778 -1.572272 0.906608
v 2.781375 -1.536836 0.805310
v 2.844335 -1.557893 0.907490
v 2.812206 -1.540102 0.804365
v 2.756771 -1.541415 0.660703
v 2.781419 -1.529218 0.660422
v 2.757343 -1.536067 0.568719
v 2.811010 -1.531458 0.659509
v 2.756567 -1.529574 0.462516
v 2.781317 -1.521596 0.568746
v 2.780543 -1.513974 0.462679
v 2.841873 -1.549971 0.803457
v 2.809864 -1.522703 0.567830
v 2.779311 -1.506145 0.319210
v 2.808496 -1.514150 0.461996
v 2.804602 -1.496848 0.175783
v 2.806770 -1.505512 0.318624
v 2.831873 -1.488664 0.033056
v 2.828508 -1.507510 0.174846
v 2.855575 -1.513539 0.031402
v 2.831731 -1.516027 0.317604
v 2.851795 -1.528885 0.173548
v 2.885944 -1.544855 0.029102
v 2.834547 -1.524578 0.460970
v 2.856312 -1.536368 0.316231
v 2.884427 -1.560834 0.171366
v 2.932982 -1.559587 0.026505
v 2.837150 -1.533014 0.566680
v 2.860327 -1.543822 0.459640
v 2.889619 -1.566509 0.314112
v 2.938702 -1.578665 0.168532
v 2.987285 -1.556532 0.167268
v 2.972411 -1.537771 0.025590
v 2.943032 -1.584222 0.311548
v 3.013362 -1.525740 0.167423
v 2.996307 -1.508339 0.026015
v 2.992117 -1.563150 0.310534
v 3.024213 -1.486008 0.025855
v 3.036058 -1.504795 0.167348
v 3.057787 -1.478734 0.024598
v 2.894136 -1.572374 0.457574
v 2.947081 -1.589901 0.455139
v 2.864148 -1.550994 0.565378
v 2.898239 -1.577994 0.563477
v 2.950765 -1.595662 0.561186
v 2.839460 -1.541675 0.658509
v 2.867362 -1.558715 0.657313
v 2.870579 -1.565778 0.802403
v 2.905232 -1.590327 0.800707
v 2.901877 -1.584487 0.655467
v 2.958903 -1.607204 0.798652
v 2.908407 -1.595513 0.905107
v 2.911461 -1.600030 1.051507
v 2.966042 -1.617445 1.049615
v 2.969311 -1.621880 1.196743
v 2.962588 -1.612514 0.903122
v 3.009574 -1.586520 1.196352
v 3.008885 -1.584569 1.049354
v 3.007555 -1.582346 0.902894
v 2.954954 -1.601569 0.653348
v 3.005611 -1.579866 0.798392
v 3.026920 -1.559586 1.048606
v 3.003088 -1.577113 0.653002
v 3.026899 -1.555326 0.902394
v 3.026640 -1.551217 0.798103
v 2.999991 -1.574099 0.560530
v 3.026767 -1.564039 1.195322
v 2.996263 -1.568899 0.454274
v 3.026104 -1.547208 0.652900
v 3.025177 -1.543386 0.560725
v 3.022150 -1.537998 0.454362
v 3.018379 -1.532175 0.310666
v 3.044504 -1.518322 0.453886
v 3.040808 -1.511549 0.310372
v 3.047392 -1.525035 0.560113
v 3.048893 -1.531843 0.651848
v 3.074287 -1.524607 0.558359
v 3.050024 -1.538800 0.796841
v 3.076743 -1.533390 0.649958
v 3.079087 -1.542243 0.794847
v 3.050952 -1.545878 0.900910
v 3.081394 -1.550917 0.898826
v 3.109409 -1.553360 0.792860
v 3.113243 -1.561730 0.896882
v 3.105493 -1.544416 0.647936
v 3.051759 -1.553114 1.046883
v 3.083751 -1.559379 1.044715
v 3.117015 -1.569550 1.042834
v 3.052540 -1.560474 1.193344
v 3.086223 -1.567571 1.191098
v 3.120714 -1.576822 1.189275
v 3.088831 -1.575407 1.337966
v 3.053396 -1.567880 1.340295
v 3.124333 -1.583548 1.336175
v 3.026504 -1.568724 1.342546
v 3.091617 -1.582842 1.485283
v 3.009639 -1.588208 1.343896
v 3.054460 -1.575243 1.487733
v 3.026217 -1.573633 1.490305
v 2.972452 -1.625676 1.344550
v 3.009221 -1.589604 1.492039
v 2.917452 -1.607052 1.346086
v 2.975543 -1.628611 1.493099
v 2.920498 -1.609600 1.494310
v 2.923662 -1.611564 1.643216
v 3.008607 -1.590543 1.640878
v 2.978730 -1.630348 1.642510
v 2.892134 -1.603010 1.791361
v 2.927204 -1.612996 1.792847
v 3.025998 -1.578604 1.638639
v 2.860781 -1.602987 1.938698
v 2.895410 -1.606506 1.940825
v 2.862969 -1.605850 2.087914
v 2.858943 -1.596768 2.160777
v 2.897520 -1.607626 2.091399
v 2.856931 -1.592227 2.197209
v 2.854918 -1.587686 2.233641
v 2.894274 -1.598629 2.165629
v 2.892651 -1.594130 2.202744
v 2.891027 -1.589632 2.239859
v 2.930910 -1.598816 2.212732
v 2.929808 -1.594083 2.251415
v 2.932011 -1.603548 2.174049
v 2.934214 -1.613013 2.096682
v 2.931161 -1.613994 1.943493
v 2.974199 -1.607493 2.227779
v 2.968609 -1.602233 2.269435
v 3.002572 -1.608867 2.247787
v 2.979789 -1.612754 2.186122
v 3.002746 -1.604202 2.209211
v 3.040439 -1.613298 2.234580
v 2.990969 -1.623275 2.102809
v 3.002920 -1.599537 2.170635
v 3.035399 -1.610963 2.197150
v 3.079979 -1.616748 2.224304
v 2.987063 -1.628826 1.945609
v 3.003267 -1.590206 2.093481
v 3.030358 -1.608629 2.159720
v 3.076233 -1.615102 2.187978
v 3.124362 -1.628157 2.216431
v 2.982431 -1.630616 1.793066
v 3.008590 -1.590039 1.941827
v 3.008279 -1.590806 1.790612
v 3.020276 -1.603960 2.084860
v 3.024977 -1.587831 1.936614
v 3.025939 -1.583435 1.787605
v 3.072488 -1.613455 2.151652
v 3.064998 -1.610162 2.078999
v 3.059408 -1.598885 1.931441
v 3.057534 -1.589645 1.783761
v 3.055831 -1.582458 1.635622
v 3.094650 -1.589900 1.632963
v 3.098219 -1.596774 1.780774
v 3.102922 -1.603794 1.928458
v 3.107850 -1.611601 2.073986
v 3.147149 -1.609758 2.072898
v 3.116107 -1.619879 2.145209
v 3.140710 -1.605956 1.926466
v 3.135761 -1.600930 1.778815
v 3.120235 -1.624019 2.180820
v 3.146737 -1.602004 2.145862
v 3.146531 -1.598126 2.182343
v 3.146325 -1.594250 2.218826
v 3.131619 -1.595547 1.631071
v 3.167179 -1.600926 1.630383
v 3.127920 -1.589775 1.483472
v 3.162994 -1.596561 1.482417
v 3.158871 -1.591765 1.334865
v 3.198455 -1.606329 1.481668
v 3.171751 -1.604838 1.778711
v 3.203565 -1.608903 1.630273
v 3.154645 -1.586527 1.187768
v 3.193511 -1.603274 1.333638
v 3.231705 -1.622883 1.480626
v 3.150242 -1.580786 1.041162
v 3.188567 -1.599781 1.186184
v 3.226109 -1.622178 1.332019
v 3.183527 -1.595754 1.039306
v 3.145635 -1.574501 0.895064
v 3.220695 -1.620642 1.184145
v 3.178336 -1.591157 0.892980
v 3.140827 -1.567568 0.790909
v 3.172964 -1.585865 0.788662
v 3.215277 -1.618248 1.036982
v 3.209766 -1.615010 0.890490
v 3.135765 -1.559907 0.645889
v 3.130537 -1.551510 0.553957
v 3.167313 -1.579879 0.643524
v 3.101626 -1.535042 0.556195
v 3.161368 -1.573075 0.551521
v 3.204095 -1.610876 0.786046
v 3.071143 -1.516230 0.452438
v 3.067335 -1.508032 0.309078
v 3.097586 -1.525869 0.450486
v 3.125201 -1.542669 0.448282
v 3.062853 -1.500104 0.166239
v 3.088633 -1.486022 0.022706
v 3.093278 -1.516674 0.307190
v 3.088659 -1.507607 0.164417
v 3.116803 -1.503374 0.020418
v 3.114413 -1.523762 0.162217
v 3.143683 -1.530367 0.017670
v 3.119842 -1.533362 0.304959
v 3.141316 -1.548431 0.159673
v 3.169892 -1.562208 0.014649
v 3.148135 -1.557458 0.302369
v 3.169400 -1.579342 0.156787
v 3.203821 -1.587399 0.011400
v 3.154790 -1.565708 0.445758
v 3.177544 -1.586904 0.299467
v 3.185059 -1.593821 0.442894
v 3.208042 -1.606607 0.153361
v 3.248190 -1.590613 0.008498
v 3.216713 -1.613019 0.296194
v 3.260383 -1.609783 0.150206
v 3.287433 -1.570492 0.007078
v 3.303479 -1.586384 0.148774
v 3.321015 -1.553825 0.006012
v 3.269874 -1.614454 0.293294
v 3.224942 -1.619139 0.439689
v 3.192108 -1.599803 0.548782
v 3.198240 -1.605808 0.640798
v 3.232629 -1.624821 0.545586
v 3.248062 -1.634937 0.783124
v 3.240360 -1.630280 0.637804
v 3.279048 -1.617894 0.436993
v 3.287681 -1.619973 0.543040
v 3.296337 -1.619247 0.635787
v 3.311429 -1.587512 0.292096
v 3.318011 -1.587311 0.435886
v 3.323520 -1.586187 0.542174
v 3.337381 -1.566447 0.291289
v 3.331989 -1.566890 0.148093
v 3.352310 -1.551755 0.004698
v 3.355672 -1.564494 0.147248
v 3.383033 -1.562997 0.003291
v 3.341201 -1.565785 0.434953
v 3.359389 -1.564573 0.290260
v 3.361887 -1.565256 0.433814
v 3.380924 -1.575720 0.145986
v 3.418630 -1.584713 0.001732
v 3.383594 -1.577321 0.288937
v 3.385651 -1.579741 0.432420
v 3.414994 -1.598862 0.144350
v 3.461116 -1.609841 0.000164
v 3.418011 -1.602221 0.287304
v 3.421106 -1.605670 0.430818
v 3.458983 -1.624570 0.142793
v 3.507363 -1.634795 -0.001234
v 3.512980 -1.635214 0.141287
v 3.464187 -1.626834 0.285871
v 3.519212 -1.633763 0.284378
v 3.469486 -1.628453 0.429438
v 3.525219 -1.631283 0.427893
v 3.474756 -1.629277 0.535177
v 3.530853 -1.628108 0.533650
v 3.424385 -1.608964 0.536529
v 3.387295 -1.582727 0.538236
v 3.480112 -1.628953 0.627293
v 3.535940 -1.624263 0.625622
v 3.540261 -1.620542 0.770406
v 3.428251 -1.612457 0.628546
v 3.485015 -1.627911 0.772109
v 3.388176 -1.587464 0.629914
v 3.363295 -1.566545 0.539984
v 3.432466 -1.614987 0.773509
v 3.343822 -1.564968 0.541313
v 3.363100 -1.568870 0.631547
v 3.389803 -1.592186 0.774877
v 3.344036 -1.564541 0.633228
v 3.362811 -1.571948 0.776494
v 3.392107 -1.596649 0.878866
v 3.325270 -1.582142 0.634733
v 3.343593 -1.564790 0.778278
v 3.362701 -1.575607 0.880490
v 3.325842 -1.578668 0.779944
v 3.342899 -1.565714 0.882394
v 3.303634 -1.616672 0.781237
v 3.325691 -1.575765 0.884234
v 3.363000 -1.579773 1.026362
v 3.342131 -1.567330 1.028411
v 3.395108 -1.600716 1.024690
v 3.255604 -1.638613 0.887618
v 3.309305 -1.612949 0.885789
v 3.325111 -1.573508 1.030466
v 3.313339 -1.608595 1.032306
v 3.262959 -1.641315 1.034142
v 3.324339 -1.571967 1.177254
v 3.315762 -1.604010 1.179404
v 3.270142 -1.643087 1.181323
v 3.341444 -1.569686 1.174907
v 3.323524 -1.571146 1.324606
v 3.277293 -1.643740 1.329248
v 3.316699 -1.599375 1.327120
v 3.284757 -1.642960 1.478066
v 3.316258 -1.594778 1.475503
v 3.322887 -1.571247 1.472531
v 3.292882 -1.640149 1.627930
v 3.340914 -1.577035 1.469238
v 3.340949 -1.572863 1.321859
v 3.314946 -1.590422 1.624624
v 3.322827 -1.572679 1.621057
v 3.341781 -1.582414 1.616959
v 3.323713 -1.575982 1.770222
v 3.343653 -1.589850 1.764515
v 3.314186 -1.586780 1.774781
v 3.346870 -1.606770 1.911336
v 3.329107 -1.594318 1.919098
v 3.391135 -1.616503 1.906997
v 3.379645 -1.610262 1.760410
v 3.373007 -1.601511 1.613445
v 3.430608 -1.620530 1.902805
v 3.368682 -1.595053 1.466350
v 3.422463 -1.616698 1.757747
v 3.414460 -1.613879 1.610937
v 3.365739 -1.589453 1.319351
v 3.408169 -1.610778 1.464129
v 3.363944 -1.584390 1.172662
v 3.403052 -1.607687 1.317395
v 3.398763 -1.604370 1.170884
v 3.455203 -1.618121 1.461926
v 3.450223 -1.618040 1.315449
v 3.445646 -1.617872 1.169154
v 3.460897 -1.618279 1.608489
v 3.506238 -1.620034 1.459783
v 3.467567 -1.618736 1.754884
v 3.511413 -1.618724 1.606546
v 3.476440 -1.620074 1.900399
v 3.517713 -1.617590 1.753577
v 3.563821 -1.603671 1.605058
v 3.559050 -1.605866 1.458098
v 3.569671 -1.601693 1.752567
v 3.501771 -1.621505 1.313326
v 3.554984 -1.608284 1.311574
v 3.497681 -1.623116 1.167195
v 3.551325 -1.610947 1.165419
v 3.525910 -1.616733 1.900737
v 3.577312 -1.600008 1.901026
v 3.441203 -1.617474 1.023138
v 3.493646 -1.624797 1.021367
v 3.547764 -1.613874 1.019604
v 3.436810 -1.616598 0.877438
v 3.489482 -1.626446 0.875859
v 3.544135 -1.617072 0.874124
v 3.533829 -1.617587 2.048667
v 3.584271 -1.599545 2.052693
v 3.488737 -1.623629 2.045144
v 3.530535 -1.612977 2.122902
v 3.581163 -1.600933 2.132494
v 3.487001 -1.620823 2.118011
v 3.442998 -1.637503 2.043623
v 3.452799 -1.646146 2.114295
v 3.398375 -1.631310 2.049243
v 3.406975 -1.648504 2.117419
v 3.361238 -1.622361 2.057829
v 3.411275 -1.657102 2.151507
v 3.457699 -1.650469 2.149632
v 3.373362 -1.632130 2.128578
v 3.335544 -1.617802 2.067055
v 3.319823 -1.602082 1.926660
v 3.415574 -1.665699 2.185596
v 3.462599 -1.654790 2.184969
v 3.379424 -1.637015 2.163952
v 3.385486 -1.641899 2.199327
v 3.486133 -1.619421 2.154444
v 3.485265 -1.618018 2.190877
v 3.528889 -1.610672 2.160018
v 3.527243 -1.608367 2.197136
v 3.579610 -1.601626 2.172394
v 3.578056 -1.602321 2.212295
v 3.343523 -1.622477 2.177486
v 3.351953 -1.627117 2.214297
v 3.335091 -1.617837 2.140675
v 3.313825 -1.607390 2.194703
v 3.314870 -1.614258 2.233471
v 3.337366 -1.649917 2.155934
v 3.315788 -1.611919 2.078398
v 3.295048 -1.606587 2.217575
v 3.288030 -1.601991 2.259946
v 3.254007 -1.596483 2.242355
v 3.302066 -1.611182 2.175203
v 3.254898 -1.601438 2.203173
v 3.215051 -1.592769 2.229635
v 3.316102 -1.620372 2.090461
v 3.255790 -1.606393 2.163991
v 3.216339 -1.597275 2.192287
v 3.176060 -1.592050 2.222322
v 3.310073 -1.628475 1.932174
v 3.257573 -1.616302 2.085625
v 3.217625 -1.601782 2.154940
v 3.177559 -1.596218 2.185800
v 3.179059 -1.600388 2.149278
v 3.220198 -1.610795 2.080246
v 3.182057 -1.608727 2.076235
v 3.251593 -1.619774 1.931668
v 3.215265 -1.611953 1.929283
v 3.177064 -1.607926 1.927426
v 3.209127 -1.610921 1.779446
v 3.244342 -1.621694 1.780326
v 3.237705 -1.622756 1.630044
v 3.301446 -1.635169 1.779019
v 1.618894 -1.597058 2.162140
v 1.603370 -1.612867 2.177238
v 1.626789 -1.623412 2.094469
v 1.622770 -1.587663 2.084744
v 1.616956 -1.601756 2.200838
v 1.591661 -1.607594 2.218622
v 1.615018 -1.606454 2.239536
v 1.579952 -1.602321 2.260006
v 1.356875 -1.628981 0.140292
v 1.407141 -1.608834 0.142219
v 1.416126 -1.620963 -0.000413
v 1.416126 -1.620963 -0.000413
v 1.363975 -1.630544 -0.002471
v 1.356875 -1.628981 0.140292
v 1.407141 -1.608834 0.142219
v 1.454958 -1.598519 0.144300
v 1.464257 -1.607675 0.001546
v 1.416126 -1.620963 -0.000413
v 1.504766 -1.594231 0.003497
v 1.350292 -1.626259 0.283463
v 1.356875 -1.628981 0.140292
v 1.401360 -1.608295 0.285258
v 1.344409 -1.623319 0.427090
v 1.495951 -1.585857 0.146242
v 1.538962 -1.586272 0.005142
v 1.449651 -1.600529 0.287343
v 1.396038 -1.607085 0.428778
v 1.391152 -1.605471 0.534708
v 1.339159 -1.620358 0.533181
v 1.444614 -1.601423 0.430881
v 1.491124 -1.589542 0.289266
v 1.531588 -1.576442 0.147906
v 1.574709 -1.583951 0.006544
v 1.386658 -1.603758 0.626508
v 1.334396 -1.617526 0.624913
v 1.382491 -1.601934 0.771341
v 1.330012 -1.614864 0.769743
v 1.435471 -1.601042 0.628699
v 1.439887 -1.601520 0.536848
v 1.378562 -1.600079 0.875153
v 1.325930 -1.612383 0.873554
v 1.431339 -1.600075 0.773586
v 1.477904 -1.594742 0.630638
v 1.374776 -1.598270 1.020767
v 1.322034 -1.610098 1.019168
v 1.427422 -1.598773 0.877462
v 1.473925 -1.594950 0.775574
v 1.371000 -1.596574 1.166752
v 1.318169 -1.607991 1.165159
v 1.423636 -1.597283 1.023148
v 1.470118 -1.594724 0.879528
v 1.367064 -1.595045 1.313088
v 1.314143 -1.606035 1.311535
v 1.419858 -1.595710 1.169190
v 1.466403 -1.594136 1.025321
v 1.362734 -1.593735 1.459757
v 1.309703 -1.604183 1.458333
v 1.415921 -1.594131 1.315538
v 1.357666 -1.592739 1.606737
v 1.462662 -1.593250 1.171506
v 1.304482 -1.602376 1.605635
v 1.411593 -1.592626 1.462114
v 1.458742 -1.592107 1.318048
v 1.406539 -1.591296 1.608786
v 1.351299 -1.592296 1.754009
v 1.297887 -1.600519 1.753607
v 1.400215 -1.590303 1.755338
v 1.454414 -1.590738 1.464878
v 1.449343 -1.589137 1.611884
v 1.392958 -1.589766 1.901883
v 1.344172 -1.594592 1.901893
v 1.290283 -1.598639 1.902498
v 1.341900 -1.599642 2.050576
v 1.287924 -1.598695 2.054563
v 1.380227 -1.569046 2.045947
v 1.342793 -1.581855 2.123490
v 1.296006 -1.599266 2.134934
v 1.423027 -1.571029 2.049351
v 1.343238 -1.572962 2.159946
v 1.300046 -1.599553 2.175119
v 1.343685 -1.564070 2.196402
v 1.304087 -1.599839 2.215305
v 1.373345 -1.538841 2.185732
v 1.375066 -1.546392 2.150786
v 1.393798 -1.569599 2.190043
v 1.376786 -1.553943 2.115839
v 1.401106 -1.569957 2.154870
v 1.408413 -1.570314 2.119698
v 1.440134 -1.577873 2.162298
v 1.433750 -1.578474 2.197998
v 1.446518 -1.577273 2.126598
v 1.476326 -1.582825 2.170758
v 1.469900 -1.583713 2.206919
v 1.482750 -1.581938 2.134596
v 1.515240 -1.588173 2.182632
v 1.508578 -1.589074 2.219730
v 1.521903 -1.587273 2.145534
v 1.553030 -1.595198 2.198751
v 1.546019 -1.595650 2.237735
v 1.587159 -1.602491 2.217926
v 1.579952 -1.602321 2.260006
v 1.594367 -1.602662 2.175845
v 1.560039 -1.594746 2.159766
v 1.608781 -1.603003 2.091683
v 1.574059 -1.593840 2.081796
v 1.535229 -1.585472 2.071338
v 1.623387 -1.607325 1.933948
v 1.495601 -1.580162 2.062272
v 1.587495 -1.600790 1.927831
v 1.605137 -1.566765 2.085654
v 1.548633 -1.590822 1.920891
v 1.632214 -1.606107 1.780270
v 1.459286 -1.576073 2.055196
v 1.508649 -1.586060 1.914537
v 1.595556 -1.605040 1.775889
v 1.556753 -1.594205 1.770868
v 1.471936 -1.583672 1.909460
v 1.516678 -1.589231 1.766165
v 1.435151 -1.582363 1.905199
v 1.479859 -1.587341 1.762279
v 1.442986 -1.587097 1.758836
v 1.486173 -1.589104 1.614823
v 1.522974 -1.590726 1.617995
v 1.562982 -1.596167 1.621718
v 1.491243 -1.590210 1.467430
v 1.528058 -1.591386 1.470135
v 1.568012 -1.597252 1.473244
v 1.495556 -1.590850 1.320319
v 1.532387 -1.591470 1.322695
v 1.572302 -1.597649 1.325384
v 1.499439 -1.591077 1.173574
v 1.536280 -1.591091 1.175714
v 1.576178 -1.597419 1.178102
v 1.503107 -1.590926 1.027238
v 1.539946 -1.590295 1.029207
v 1.579859 -1.596565 1.031371
v 1.506711 -1.590396 0.881336
v 1.543534 -1.589077 0.883180
v 1.583502 -1.595044 0.885174
v 1.510364 -1.589464 0.777308
v 1.547158 -1.587426 0.779061
v 1.587214 -1.592822 0.780925
v 1.514154 -1.588098 0.632323
v 1.550897 -1.585255 0.634014
v 1.591066 -1.589820 0.635778
v 1.482124 -1.594006 0.538767
v 1.518142 -1.586198 0.540431
v 1.486530 -1.592286 0.432798
v 1.522306 -1.583436 0.434452
v 1.526749 -1.580093 0.290925
v 1.568363 -1.573666 0.149464
v 1.563486 -1.576950 0.292501
v 1.608818 -1.573374 0.151139
v 1.618150 -1.579859 0.008056
v 1.558997 -1.579869 0.436058
v 1.603899 -1.578678 0.294145
v 1.645952 -1.557383 0.153378
v 1.659109 -1.554796 0.010525
v 1.674566 -1.516626 0.013954
v 1.554809 -1.582443 0.542078
v 1.599332 -1.582818 0.437714
v 1.595093 -1.585955 0.543780
v 1.642742 -1.567450 0.296207
v 1.639234 -1.576278 0.439643
v 1.631486 -1.590643 0.637663
v 1.635477 -1.583922 0.545644
v 1.662530 -1.524535 0.156342
v 1.686961 -1.486605 0.017150
v 1.662050 -1.536116 0.299054
v 1.672674 -1.489194 0.159489
v 1.712525 -1.469682 0.019712
v 1.661366 -1.546866 0.442377
v 1.669475 -1.500103 0.302170
v 1.703564 -1.463234 0.162463
v 1.741569 -1.478684 0.021114
v 1.743084 -1.471747 0.164042
v 1.759179 -1.504237 0.021556
v 1.697074 -1.470682 0.305272
v 1.666673 -1.510477 0.445419
v 1.736984 -1.477080 0.306981
v 1.768375 -1.498604 0.164352
v 1.774527 -1.537790 0.021624
v 1.691005 -1.478312 0.448604
v 1.764139 -1.502044 0.307410
v 1.786014 -1.531008 0.164327
v 1.809594 -1.563886 0.164379
v 1.802758 -1.574460 0.021481
v 1.784285 -1.532947 0.307447
v 1.731147 -1.482959 0.450426
v 1.759664 -1.506349 0.450942
v 1.847480 -1.578074 0.164644
v 1.851571 -1.587421 0.021434
v 1.888719 -1.564148 0.022510
v 1.685323 -1.486047 0.554415
v 1.725602 -1.489239 0.556342
v 1.881113 -1.562952 0.165592
v 1.914578 -1.540066 0.024126
v 1.808814 -1.565122 0.307519
v 1.845726 -1.581669 0.307777
v 1.907760 -1.537475 0.167044
v 1.946551 -1.528383 0.025214
v 1.880704 -1.569998 0.308615
v 1.943920 -1.519358 0.168090
v 1.981535 -1.535654 0.025513
v 1.907618 -1.544808 0.309986
v 1.844297 -1.584733 0.451450
v 1.880126 -1.576022 0.452203
v 1.808148 -1.566586 0.451177
v 1.843186 -1.587298 0.557608
v 1.782186 -1.535562 0.451054
v 1.807611 -1.568054 0.557300
v 1.780024 -1.538472 0.557113
v 1.755312 -1.511090 0.556920
v 1.720501 -1.496362 0.648193
v 1.751078 -1.516973 0.648800
v 1.777643 -1.542554 0.649075
v 1.806889 -1.570492 0.649354
v 1.747153 -1.522954 0.793790
v 1.715691 -1.503726 0.793160
v 1.775545 -1.546484 0.794159
v 1.842320 -1.589990 0.649721
v 1.711171 -1.511344 0.897209
v 1.806386 -1.572642 0.794548
v 1.743501 -1.529066 0.897852
v 1.773648 -1.550293 0.898323
v 1.878894 -1.585341 0.650376
v 1.841686 -1.592370 0.794979
v 1.806053 -1.574478 0.898834
v 1.740128 -1.535311 1.043816
v 1.771898 -1.554012 1.044396
v 1.706956 -1.519227 1.043174
v 1.737057 -1.541673 1.190247
v 1.841269 -1.594347 0.899351
v 1.805823 -1.576005 1.045048
v 1.878406 -1.589102 0.795593
v 1.770256 -1.557690 1.190945
v 1.841060 -1.595825 1.045682
v 1.703082 -1.527369 1.189626
v 1.805628 -1.577257 1.191766
v 1.878096 -1.592691 0.899922
v 1.841055 -1.596722 1.192557
v 1.877921 -1.596060 1.046222
v 1.903079 -1.565591 0.900906
v 1.901634 -1.567842 1.047114
v 1.904419 -1.562987 0.796650
v 1.936476 -1.547338 1.047860
v 1.937223 -1.543941 0.901793
v 1.905707 -1.560046 0.651500
v 1.938051 -1.540550 0.797643
v 1.977442 -1.548132 0.902106
v 1.879583 -1.581412 0.558292
v 1.907315 -1.551128 0.453490
v 1.907016 -1.556790 0.559490
v 1.942480 -1.524314 0.311122
v 1.941189 -1.529046 0.454650
v 1.938981 -1.537078 0.652577
v 1.984054 -1.524436 0.168409
v 1.982796 -1.527607 0.311513
v 2.018421 -1.537838 0.168518
v 2.017272 -1.547973 0.025431
v 2.057904 -1.549967 0.025695
v 1.978367 -1.543723 0.798045
v 2.054925 -1.543130 0.168862
v 2.098277 -1.541423 0.026805
v 2.017121 -1.541112 0.311626
v 2.094681 -1.535705 0.169770
v 2.134748 -1.539467 0.027874
v 2.053318 -1.548189 0.311938
v 1.981583 -1.531084 0.455098
v 2.015999 -1.544349 0.455226
v 1.940026 -1.533442 0.560636
v 1.980452 -1.534679 0.561121
v 1.979364 -1.539248 0.653038
v 2.015011 -1.547561 0.561263
v 2.051988 -1.552410 0.455535
v 2.013139 -1.555998 0.798196
v 2.013991 -1.551935 0.653181
v 2.050875 -1.556156 0.561584
v 2.049346 -1.562970 0.798600
v 2.093248 -1.541779 0.312784
v 2.092048 -1.546883 0.456338
v 2.050042 -1.559691 0.653545
v 2.090153 -1.554592 0.654344
v 2.091034 -1.551426 0.562362
v 2.089435 -1.557721 0.799425
v 2.129031 -1.543491 0.655311
v 2.012422 -1.559797 0.902261
v 2.048763 -1.566012 0.902706
v 2.011817 -1.563358 1.048200
v 1.976580 -1.552503 1.048049
v 2.011310 -1.566699 1.194574
v 1.975779 -1.556857 1.194438
v 2.048276 -1.568820 1.048693
v 2.088857 -1.560822 0.903568
v 1.935796 -1.550836 1.194416
v 2.010888 -1.569831 1.341352
v 1.975046 -1.561200 1.341248
v 1.900056 -1.569730 1.193862
v 1.935169 -1.554534 1.341449
v 2.047873 -1.571390 1.195126
v 1.877834 -1.599135 1.193100
v 1.898363 -1.571255 1.341167
v 2.088398 -1.563889 1.049611
v 2.088042 -1.566897 1.196133
v 2.047542 -1.573718 1.341990
v 2.010543 -1.572766 1.488494
v 2.087766 -1.569812 1.343128
v 1.974399 -1.565517 1.488448
v 2.047273 -1.575823 1.489262
v 2.010241 -1.575525 1.635938
v 1.934581 -1.558527 1.488943
v 1.973825 -1.569754 1.635990
v 2.047032 -1.577756 1.636918
v 1.896617 -1.572410 1.489057
v 2.009674 -1.578384 1.783572
v 1.933990 -1.562877 1.636878
v 1.973042 -1.573872 1.783812
v 2.087550 -1.572591 1.490593
v 2.046528 -1.579902 1.784932
v 2.008710 -1.582516 1.931169
v 2.087357 -1.575222 1.638522
v 2.126642 -1.558795 1.344489
v 2.126672 -1.562526 1.492152
v 2.126773 -1.555356 1.197349
v 2.163341 -1.555484 1.345422
v 2.127080 -1.552163 1.050725
v 2.163590 -1.553706 1.198154
v 2.163939 -1.551892 1.051451
v 2.127562 -1.549157 0.904610
v 2.164416 -1.549964 0.905287
v 2.193959 -1.573292 1.051726
v 2.195351 -1.570024 0.905584
v 2.128212 -1.546282 0.800419
v 2.165044 -1.547875 0.801065
v 2.165841 -1.545592 0.655934
v 2.196697 -1.566786 0.801373
v 2.198051 -1.563546 0.656248
v 2.166831 -1.543094 0.563920
v 2.235142 -1.579316 0.801878
v 2.236484 -1.576123 0.656731
v 2.199472 -1.560257 0.564248
v 2.237946 -1.572718 0.564702
v 2.276197 -1.568539 0.657680
v 2.233879 -1.582285 0.906102
v 2.273553 -1.574525 0.907022
v 2.232658 -1.584994 1.052244
v 2.274838 -1.571658 0.802814
v 2.309765 -1.567643 0.907905
v 2.310965 -1.564328 0.803690
v 2.272311 -1.577146 1.053135
v 2.231441 -1.587390 1.198875
v 2.308614 -1.570776 1.054034
v 2.192479 -1.576606 1.198386
v 2.271092 -1.579534 1.199715
v 2.230201 -1.589413 1.345984
v 2.190897 -1.579967 1.345579
v 2.269880 -1.581698 1.346736
v 2.307494 -1.573777 1.200645
v 2.345140 -1.575721 1.054750
v 2.228915 -1.591018 1.493555
v 2.268663 -1.583667 1.494157
v 2.306386 -1.576676 1.347716
v 2.344071 -1.578284 1.201482
v 2.189221 -1.583373 1.493331
v 2.267427 -1.585448 1.641912
v 2.227565 -1.592172 1.641557
v 2.163143 -1.557327 1.493304
v 2.187498 -1.586832 1.641677
v 2.126812 -1.566571 1.640353
v 2.162925 -1.559367 1.641879
v 2.086929 -1.577956 1.786916
v 2.126739 -1.570926 1.789185
v 2.045687 -1.583332 1.933050
v 2.086233 -1.581692 1.935738
v 2.162408 -1.561809 1.791329
v 2.006991 -1.590777 2.078057
v 2.185626 -1.590416 1.790670
v 2.225961 -1.592958 1.789948
v 2.044000 -1.590010 2.080653
v 2.126336 -1.575935 1.939005
v 2.084595 -1.587994 2.084953
v 2.161468 -1.564960 1.942287
v 2.124856 -1.582999 2.090587
v 2.183249 -1.594584 1.940373
v 2.223683 -1.593957 1.938819
v 2.181229 -1.602464 2.091780
v 2.219610 -1.589015 2.088081
v 2.260101 -1.584725 2.085909
v 2.263699 -1.587765 1.937885
v 2.265966 -1.587004 1.789891
v 2.160075 -1.572615 2.096477
v 2.185742 -1.598026 2.169256
v 2.304133 -1.582249 1.643128
v 2.302751 -1.584752 1.791398
v 2.300592 -1.586290 1.939885
v 2.340876 -1.584779 1.644669
v 2.339542 -1.586599 1.793371
v 2.297094 -1.584482 2.087818
v 2.305273 -1.579500 1.495222
v 2.341969 -1.582762 1.496454
v 2.343024 -1.580614 1.348719
v 2.380796 -1.593935 1.497717
v 2.381531 -1.592888 1.349669
v 2.382375 -1.591204 1.202206
v 2.383359 -1.588907 1.055315
v 2.422797 -1.591306 1.202808
v 2.421862 -1.595525 1.350332
v 2.380115 -1.594342 1.646362
v 2.420862 -1.599206 1.498561
v 2.435165 -1.561152 1.351050
v 2.432394 -1.564199 1.498928
v 2.419733 -1.602240 1.647607
v 2.379231 -1.594103 1.795649
v 2.429627 -1.566739 1.647422
v 2.337506 -1.587651 1.942513
v 2.377598 -1.593158 1.945850
v 2.334031 -1.586108 2.091959
v 2.289163 -1.584716 2.160477
v 2.374290 -1.590392 2.097830
v 2.418304 -1.604255 1.797666
v 2.416470 -1.603982 1.949204
v 2.427496 -1.568592 1.796555
v 2.426056 -1.568458 1.946860
v 2.327355 -1.588650 2.165991
v 2.413492 -1.599491 2.104342
v 2.425577 -1.564903 2.099316
v 2.367213 -1.593119 2.174773
v 2.429169 -1.587114 2.174622
v 2.406214 -1.600883 2.186884
v 2.324016 -1.589922 2.203006
v 2.363674 -1.594482 2.213244
v 2.285199 -1.584832 2.196807
v 2.320679 -1.591192 2.240021
v 2.281233 -1.584949 2.233136
v 2.360136 -1.595846 2.251715
v 2.258746 -1.564046 2.229563
v 2.402575 -1.601578 2.228154
v 2.398936 -1.602274 2.269427
v 2.432762 -1.609324 2.249927
v 2.430965 -1.598218 2.212275
v 2.469895 -1.614483 2.238643
v 2.467538 -1.605133 2.202417
v 2.515227 -1.623741 2.230710
v 2.465181 -1.595782 2.166191
v 2.511656 -1.613182 2.195392
v 2.540092 -1.587984 2.231826
v 2.460466 -1.577080 2.093738
v 2.500944 -1.581509 2.089441
v 2.462479 -1.562628 1.944399
v 2.508086 -1.602625 2.160075
v 2.540474 -1.586182 2.195635
v 2.540856 -1.584381 2.159444
v 2.462610 -1.557391 1.795325
v 2.501951 -1.571738 1.941596
v 2.541620 -1.580778 2.087062
v 2.502493 -1.563949 1.793402
v 2.462886 -1.550872 1.646868
v 2.542340 -1.575319 1.939860
v 2.502855 -1.556812 1.645506
v 2.463427 -1.544313 1.498950
v 2.542526 -1.569802 1.792296
v 2.503518 -1.549439 1.497999
v 2.464012 -1.538206 1.351474
v 2.542590 -1.564268 1.644715
v 2.504265 -1.541930 1.350871
v 2.437826 -1.557654 1.203762
v 2.542911 -1.558514 1.497330
v 2.579026 -1.565912 1.497428
v 2.464703 -1.532430 1.204468
v 2.543297 -1.552460 1.350255
v 2.505088 -1.534366 1.204155
v 2.440307 -1.553743 1.057038
v 2.465527 -1.526862 1.057950
v 2.423722 -1.586654 1.055919
v 2.384485 -1.586044 0.908982
v 2.424675 -1.581661 0.909623
v 2.346255 -1.572879 0.908533
v 2.385743 -1.582669 0.804619
v 2.347439 -1.569710 0.804253
v 2.442583 -1.549451 0.910862
v 2.425684 -1.576396 0.805311
v 2.312235 -1.560773 0.658561
v 2.348713 -1.566147 0.659076
v 2.387109 -1.578841 0.659382
v 2.277669 -1.565165 0.565663
v 2.313598 -1.556906 0.566560
v 2.350104 -1.562103 0.567039
v 2.426755 -1.570898 0.660120
v 2.388555 -1.574639 0.567306
v 2.444673 -1.544812 0.806645
v 2.427865 -1.565159 0.568068
v 2.466482 -1.521389 0.911929
v 2.446635 -1.539867 0.661538
v 2.467545 -1.515906 0.807838
v 2.505962 -1.526777 1.057878
v 2.506859 -1.519177 0.912059
v 2.543772 -1.546114 1.203560
v 2.544342 -1.539488 1.057286
v 2.579017 -1.561578 1.350154
v 2.578984 -1.557038 1.203298
v 2.614342 -1.572119 1.350282
v 2.578934 -1.552243 1.056883
v 2.545001 -1.532597 0.911462
v 2.613776 -1.569229 1.203185
v 2.578879 -1.547143 0.910932
v 2.507752 -1.511562 0.808131
v 2.613123 -1.566041 1.056578
v 2.651038 -1.584917 1.203049
v 2.468677 -1.510323 0.662842
v 2.545731 -1.525447 0.807525
v 2.508612 -1.503927 0.663263
v 2.448571 -1.534675 0.569573
v 2.469815 -1.504555 0.570986
v 2.428485 -1.558155 0.462025
v 2.448299 -1.527086 0.463652
v 2.509408 -1.496277 0.571489
v 2.546511 -1.518039 0.662647
v 2.470671 -1.497790 0.465104
v 2.390181 -1.571123 0.461171
v 2.447785 -1.518946 0.320235
v 2.351422 -1.559557 0.460910
v 2.428743 -1.550492 0.318491
v 2.391914 -1.567195 0.317523
v 2.315228 -1.552490 0.460518
v 2.352768 -1.557000 0.317256
v 2.393717 -1.562850 0.174418
v 2.279090 -1.559809 0.459647
v 2.317021 -1.547925 0.316942
v 2.354092 -1.554701 0.174118
v 2.280611 -1.553763 0.316123
v 2.239661 -1.568776 0.458621
v 2.318983 -1.543394 0.173871
v 2.351767 -1.567174 0.031217
v 2.318037 -1.553608 0.031035
v 2.399249 -1.571237 0.031192
v 2.436867 -1.540630 0.032439
v 2.282255 -1.546739 0.173155
v 2.286034 -1.551766 0.030210
v 2.428325 -1.541927 0.175530
v 2.454686 -1.508046 0.034485
v 2.446643 -1.509956 0.177395
v 2.477388 -1.487435 0.035750
v 2.471609 -1.482823 0.178798
v 2.509900 -1.482041 0.036106
v 2.471305 -1.490559 0.321694
v 2.511294 -1.474925 0.179194
v 2.541966 -1.495305 0.035586
v 2.549088 -1.489362 0.178529
v 2.510834 -1.481932 0.322163
v 2.568674 -1.517483 0.034700
v 2.510179 -1.489098 0.465607
v 2.548663 -1.496255 0.321513
v 2.578513 -1.511591 0.177517
v 2.598404 -1.542163 0.033634
v 2.548047 -1.503310 0.464973
v 2.578775 -1.517540 0.320544
v 2.607245 -1.534706 0.176495
v 2.643861 -1.551895 0.175601
v 2.640809 -1.560804 0.032500
v 2.608292 -1.539642 0.319566
v 2.688797 -1.552046 0.032098
v 2.578864 -1.523557 0.464062
v 2.644867 -1.556909 0.318688
v 2.684043 -1.547149 0.175395
v 2.717850 -1.522315 0.033060
v 2.547322 -1.510360 0.570869
v 2.578867 -1.529454 0.570030
v 2.609226 -1.544479 0.463152
v 2.711708 -1.522750 0.176207
v 2.740751 -1.495718 0.034222
v 2.685214 -1.553945 0.318434
v 2.645798 -1.561748 0.462310
v 2.610107 -1.549038 0.569206
v 2.686224 -1.560368 0.462018
v 2.713760 -1.530586 0.319174
v 2.735133 -1.494268 0.177360
v 2.770433 -1.477103 0.034689
v 2.646705 -1.566243 0.568416
v 2.768999 -1.472140 0.177901
v 2.804074 -1.474910 0.034229
v 2.737174 -1.502099 0.320232
v 2.715255 -1.537620 0.462699
v 2.809390 -1.469951 0.177270
v 2.831873 -1.488664 0.033056
v 2.771115 -1.480089 0.320778
v 2.738538 -1.509026 0.463666
v 2.843260 -1.484485 0.175746
v 2.855575 -1.513539 0.031402
v 2.811534 -1.478612 0.320133
v 2.772931 -1.487736 0.464158
v 2.774542 -1.495118 0.569999
v 2.813372 -1.487270 0.463486
v 2.845669 -1.492508 0.318669
v 2.870679 -1.509089 0.173812
v 2.899138 -1.537767 0.171655
v 2.885944 -1.544855 0.029102
v 2.874267 -1.515731 0.316787
v 2.847723 -1.500625 0.462086
v 2.937183 -1.551370 0.169629
v 2.932982 -1.559587 0.026505
v 2.903906 -1.543181 0.314638
v 2.972411 -1.537771 0.025590
v 2.877400 -1.522452 0.460280
v 2.941906 -1.556907 0.312650
v 2.970308 -1.535141 0.168922
v 2.996307 -1.508339 0.026015
v 2.908018 -1.548805 0.458173
v 2.975424 -1.541518 0.311941
v 2.993805 -1.506691 0.169211
v 3.024213 -1.486008 0.025855
v 2.945997 -1.562584 0.456234
v 2.998878 -1.513039 0.312122
v 3.024335 -1.480134 0.169073
v 3.057787 -1.478734 0.024598
v 2.979547 -1.547276 0.455537
v 3.029558 -1.486659 0.311950
v 3.064103 -1.472811 0.167698
v 3.088633 -1.486022 0.022706
v 3.002834 -1.518663 0.455633
v 3.069567 -1.480802 0.310530
v 3.099620 -1.482565 0.165562
v 3.116803 -1.503374 0.020418
v 3.034144 -1.493042 0.455362
v 3.104702 -1.491839 0.308344
v 3.130908 -1.501946 0.162958
v 3.143683 -1.530367 0.017670
v 3.074382 -1.489101 0.453874
v 3.135959 -1.511266 0.305742
v 3.160717 -1.529140 0.159887
v 3.169892 -1.562208 0.014649
v 3.038192 -1.499295 0.561264
v 3.109189 -1.501118 0.451649
v 3.078581 -1.497618 0.559681
v 3.140697 -1.520134 0.449068
v 3.006047 -1.523849 0.561656
v 3.082103 -1.506600 0.651413
v 3.113161 -1.510265 0.557439
v 3.041708 -1.505475 0.653133
v 2.983019 -1.552668 0.561658
v 3.007544 -1.527122 0.653691
v 3.085139 -1.515599 0.796266
v 3.044904 -1.511954 0.798120
v 2.985178 -1.556446 0.653828
v 3.008914 -1.530390 0.798874
v 2.949645 -1.568349 0.562318
v 2.986867 -1.559949 0.799130
v 2.952919 -1.574305 0.654382
v 2.911790 -1.554236 0.564212
v 2.914961 -1.560470 0.656204
v 2.955940 -1.580022 0.799622
v 2.880302 -1.528930 0.566254
v 2.882739 -1.536101 0.658142
v 2.918000 -1.566139 0.801382
v 2.849542 -1.508654 0.567958
v 2.851230 -1.517006 0.659738
v 2.885143 -1.542630 0.803189
v 2.816491 -1.504695 0.661002
v 2.814975 -1.495865 0.569289
v 2.852828 -1.524928 0.804649
v 2.854333 -1.532451 0.908649
v 2.817832 -1.513366 0.805825
v 2.776120 -1.502410 0.661774
v 2.739511 -1.515334 0.569586
v 2.716510 -1.544153 0.568718
v 2.739718 -1.520034 0.661505
v 2.777559 -1.509777 0.806653
v 2.687150 -1.566472 0.568091
v 2.819031 -1.521860 0.909718
v 2.716496 -1.548675 0.660758
v 2.739916 -1.524558 0.806556
v 2.688009 -1.572090 0.660142
v 2.716314 -1.552885 0.805928
v 2.778867 -1.517239 0.910595
v 2.740163 -1.528958 0.910697
v 2.688814 -1.577446 0.805334
v 2.647580 -1.570987 0.660464
v 2.610869 -1.554034 0.661175
v 2.648432 -1.575284 0.805662
v 2.715910 -1.556727 0.910198
v 2.578818 -1.535806 0.661897
v 2.611644 -1.558500 0.806276
v 2.578833 -1.541683 0.806879
v 2.612405 -1.562485 0.910466
v 2.649283 -1.579066 0.909972
v 2.650147 -1.582287 1.056238
v 2.689570 -1.582523 0.909646
v 2.690270 -1.587272 1.055933
v 2.715249 -1.560158 1.056419
v 2.740522 -1.533315 1.056763
v 2.690906 -1.591623 1.202799
v 2.714320 -1.563150 1.203178
v 2.741033 -1.537744 1.203326
v 2.780049 -1.524796 1.056434
v 2.781110 -1.532421 1.202734
v 2.820118 -1.530147 1.055514
v 2.821118 -1.538189 1.201775
v 2.782058 -1.540098 1.349481
v 2.855739 -1.539610 1.054573
v 2.857043 -1.546435 1.200985
v 2.822049 -1.545962 1.348476
v 2.858241 -1.552946 1.347868
v 2.891662 -1.559074 1.200129
v 2.889646 -1.554048 1.053476
v 2.887460 -1.548591 0.907355
v 2.893483 -1.563745 1.347307
v 2.920944 -1.571202 0.905710
v 2.895086 -1.568143 1.495004
v 2.923813 -1.575623 1.052032
v 2.926613 -1.579364 1.198938
v 2.929334 -1.582409 1.346448
v 2.931939 -1.584749 1.494589
v 2.966143 -1.599059 1.345090
v 2.963827 -1.595084 1.197419
v 2.968377 -1.602210 1.493487
v 2.961374 -1.590498 1.050408
v 2.989051 -1.570193 1.344279
v 2.958752 -1.585438 0.904012
v 2.989160 -1.568309 1.196814
v 2.988860 -1.565934 1.049906
v 2.988098 -1.563122 0.903540
v 3.010238 -1.533637 0.903156
v 3.011610 -1.536923 1.049370
v 3.013148 -1.540322 1.196100
v 3.014927 -1.543947 1.343342
v 3.047816 -1.518728 0.902182
v 3.050472 -1.525813 1.048150
v 3.052914 -1.533145 1.194600
v 3.055184 -1.540607 1.341527
v 3.087814 -1.524356 0.900200
v 3.090239 -1.532834 1.046047
v 3.092523 -1.540978 1.192383
v 3.094731 -1.548719 1.339198
v 3.128082 -1.550494 1.190331
v 3.125456 -1.543548 1.043938
v 3.130615 -1.556938 1.337180
v 3.122704 -1.536083 0.898032
v 3.163479 -1.560643 1.188463
v 3.119774 -1.528068 0.794054
v 3.160323 -1.555362 1.041890
v 3.156941 -1.549598 0.895827
v 3.116602 -1.519444 0.649172
v 3.153305 -1.543233 0.791706
v 3.145175 -1.528415 0.554906
v 3.149374 -1.536186 0.646718
v 3.172555 -1.544903 0.446086
v 3.178245 -1.551546 0.551997
v 3.166719 -1.537382 0.302702
v 3.202088 -1.572407 0.443042
v 3.183457 -1.557794 0.643895
v 3.187776 -1.559072 0.156778
v 3.203821 -1.587399 0.011400
v 3.195179 -1.565987 0.299607
v 3.217390 -1.580899 0.153914
v 3.248190 -1.590613 0.008498
v 3.254137 -1.583176 0.151477
v 3.287433 -1.570492 0.007078
v 3.225341 -1.587061 0.296786
v 3.232656 -1.592894 0.440263
v 3.208689 -1.578042 0.549010
v 3.239399 -1.598321 0.546290
v 3.269478 -1.592282 0.437997
v 3.262145 -1.588234 0.294430
v 3.289224 -1.563064 0.149998
v 3.321015 -1.553825 0.006012
v 3.323135 -1.541009 0.148650
v 3.352310 -1.551755 0.004698
v 3.295468 -1.565310 0.293024
v 3.300487 -1.566312 0.436616
v 3.327698 -1.540862 0.291687
v 3.331413 -1.540238 0.435244
v 3.304553 -1.566476 0.542683
v 3.359840 -1.537454 0.147186
v 3.393885 -1.551625 0.145839
v 3.383033 -1.562997 0.003291
v 3.364439 -1.537683 0.290298
v 3.368258 -1.538648 0.433922
v 3.429461 -1.575639 0.144341
v 3.418630 -1.584713 0.001732
v 3.397597 -1.553816 0.288960
v 3.461116 -1.609841 0.000164
v 3.471700 -1.600345 0.142660
v 3.507363 -1.634795 -0.001234
v 3.512980 -1.635214 0.141287
v 3.432393 -1.578946 0.287404
v 3.475575 -1.601957 0.285717
v 3.519212 -1.633763 0.284378
v 3.479291 -1.602910 0.429246
v 3.525219 -1.631283 0.427893
v 3.435007 -1.582106 0.430942
v 3.400409 -1.556702 0.432552
v 3.482885 -1.603153 0.535170
v 3.530853 -1.628108 0.533650
v 3.535940 -1.624263 0.625622
v 3.437478 -1.584943 0.536892
v 3.486427 -1.602334 0.626943
v 3.540261 -1.620542 0.770406
v 3.402542 -1.560011 0.538558
v 3.439769 -1.587640 0.628714
v 3.489790 -1.600974 0.771731
v 3.544135 -1.617072 0.874124
v 3.371327 -1.540390 0.539997
v 3.403452 -1.564771 0.630406
v 3.442262 -1.589440 0.773582
v 3.493015 -1.599318 0.875477
v 3.547764 -1.613874 1.019604
v 3.496179 -1.597557 1.020998
v 3.551325 -1.610947 1.165419
v 3.444921 -1.590469 0.877434
v 3.404477 -1.569097 0.775318
v 3.373338 -1.543501 0.631944
v 3.499389 -1.595811 1.166854
v 3.554984 -1.608284 1.311574
v 3.447741 -1.590906 1.023086
v 3.405757 -1.572939 0.879248
v 3.374728 -1.547323 0.776952
v 3.502767 -1.594165 1.313024
v 3.559050 -1.605866 1.458098
v 3.450745 -1.590992 1.169086
v 3.407410 -1.576280 1.025018
v 3.375731 -1.551555 0.880984
v 3.506592 -1.592677 1.459530
v 3.563821 -1.603671 1.605058
v 3.454002 -1.590942 1.315389
v 3.409500 -1.579207 1.171176
v 3.376606 -1.556041 1.026874
v 3.412087 -1.581863 1.317677
v 3.457752 -1.590880 1.461899
v 3.511146 -1.591366 1.606354
v 3.516776 -1.590247 1.753490
v 3.569671 -1.601693 1.752567
v 3.462260 -1.590953 1.608514
v 3.415368 -1.584384 1.464442
v 3.467852 -1.591378 1.755074
v 3.524103 -1.589433 1.900938
v 3.577312 -1.600008 1.901026
v 3.475095 -1.592766 1.901416
v 3.419570 -1.587004 1.611349
v 3.425017 -1.589462 1.758194
v 3.530642 -1.590421 2.049310
v 3.584271 -1.599545 2.052693
v 3.481955 -1.597218 2.047395
v 3.432127 -1.593268 1.904539
v 3.528942 -1.599394 2.123223
v 3.581163 -1.600933 2.132494
v 3.483610 -1.607618 2.119136
v 3.441167 -1.610673 2.048661
v 3.528092 -1.603881 2.160179
v 3.579610 -1.601626 2.172394
v 3.484438 -1.612818 2.155006
v 3.485265 -1.618018 2.190877
v 3.527243 -1.608367 2.197136
v 3.451883 -1.632731 2.116815
v 3.457241 -1.643761 2.150892
v 3.462599 -1.654790 2.184969
v 3.415574 -1.665699 2.185596
v 3.412894 -1.650562 2.152689
v 3.410214 -1.635425 2.119782
v 3.381434 -1.630527 2.164760
v 3.385486 -1.641899 2.199327
v 3.377382 -1.619154 2.130194
v 3.404854 -1.605150 2.053966
v 3.369277 -1.596409 2.061061
v 3.395426 -1.589526 1.908543
v 3.359271 -1.582478 1.913509
v 3.388524 -1.584404 1.761469
v 3.356765 -1.565871 1.765799
v 3.384243 -1.576577 1.614221
v 3.352828 -1.557393 1.617670
v 3.381159 -1.570711 1.466946
v 3.349918 -1.551206 1.469802
v 3.379046 -1.565554 1.319897
v 3.347615 -1.546332 1.322322
v 3.377629 -1.560704 1.173187
v 3.345511 -1.542632 1.175277
v 3.343417 -1.540001 1.028690
v 3.341291 -1.538402 0.882579
v 3.305606 -1.554323 1.030362
v 3.305528 -1.557271 0.884120
v 3.339109 -1.537800 0.778374
v 3.305531 -1.560337 0.779850
v 3.336856 -1.538139 0.633249
v 3.305303 -1.563438 0.634694
v 3.286015 -1.595743 0.781586
v 3.281603 -1.596198 0.636284
v 3.289296 -1.594290 0.886018
v 3.245480 -1.603408 0.638317
v 3.276098 -1.595210 0.544142
v 3.334466 -1.539257 0.541263
v 3.214386 -1.583721 0.640980
v 3.251192 -1.607760 0.783541
v 3.219834 -1.588497 0.786155
v 3.256607 -1.611273 0.887937
v 3.188351 -1.563244 0.788993
v 3.225059 -1.592324 0.890514
v 3.192872 -1.567980 0.893270
v 3.291454 -1.592177 1.032431
v 3.261765 -1.613982 1.034362
v 3.230095 -1.595248 1.036926
v 3.197106 -1.572002 1.039555
v 3.306086 -1.551586 1.177180
v 3.292483 -1.589634 1.179437
v 3.307289 -1.549123 1.324588
v 3.266704 -1.615945 1.181433
v 3.292454 -1.586698 1.327069
v 3.309703 -1.547274 1.472639
v 3.234983 -1.597309 1.184003
v 3.271522 -1.616996 1.329222
v 3.291426 -1.583291 1.475414
v 3.313862 -1.546833 1.621394
v 3.201054 -1.575437 1.186399
v 3.239750 -1.598462 1.331784
v 3.204744 -1.578326 1.333819
v 3.166443 -1.565482 1.335526
v 3.276423 -1.616901 1.477882
v 3.244462 -1.598682 1.480279
v 3.208241 -1.580779 1.481808
v 3.169306 -1.569946 1.483042
v 3.133134 -1.562934 1.484426
v 3.211695 -1.582779 1.630355
v 3.249178 -1.597922 1.629556
v 3.172217 -1.574040 1.630962
v 3.096970 -1.556038 1.486458
v 3.135767 -1.568519 1.631982
v 3.175454 -1.577735 1.779221
v 3.057395 -1.548066 1.488925
v 3.099366 -1.562973 1.634098
v 3.138757 -1.573748 1.779696
v 3.017010 -1.547881 1.491108
v 3.059708 -1.555398 1.636767
v 3.102131 -1.569722 1.781978
v 3.142195 -1.578650 1.927316
v 3.062331 -1.562736 1.784977
v 3.105254 -1.576566 1.929801
v 3.019469 -1.552046 1.639421
v 3.064923 -1.572152 1.933306
v 2.988717 -1.571492 1.492358
v 2.988493 -1.571998 1.641162
v 3.022458 -1.556306 1.788319
v 2.970643 -1.604212 1.642743
v 2.988899 -1.571496 1.790865
v 3.026180 -1.560530 1.937958
v 3.067686 -1.583066 2.081674
v 2.934372 -1.586389 1.643399
v 2.896471 -1.572334 1.643206
v 2.936834 -1.587386 1.792910
v 2.897957 -1.576282 1.791887
v 2.860313 -1.565154 1.642928
v 2.861480 -1.570812 1.791024
v 2.973291 -1.604828 1.793161
v 2.899659 -1.579479 1.941127
v 2.939339 -1.587886 1.943327
v 2.990471 -1.569539 1.941880
v 2.976587 -1.603552 1.945390
v 3.027439 -1.577745 2.088030
v 2.993022 -1.564915 2.095457
v 2.940585 -1.586412 2.096093
v 2.979079 -1.598662 2.101627
v 2.900391 -1.580419 2.091045
v 2.935196 -1.590247 2.173754
v 2.895709 -1.585026 2.165452
v 2.863346 -1.578495 2.087606
v 2.859132 -1.583091 2.160623
v 2.862822 -1.575713 1.939453
v 2.826323 -1.579834 2.085607
v 2.825860 -1.573763 1.938282
v 2.824751 -1.567280 1.790646
v 2.825780 -1.582539 2.158074
v 2.825510 -1.583892 2.194307
v 2.785432 -1.570788 1.940392
v 2.785659 -1.580600 2.088366
v 2.793334 -1.600795 2.159307
v 2.745703 -1.562985 1.943481
v 2.745147 -1.576818 2.092977
v 2.784560 -1.562803 1.792161
v 2.744403 -1.558341 1.794377
v 2.709459 -1.569704 1.946256
v 2.709575 -1.570366 1.795975
v 2.743332 -1.552799 1.645868
v 2.783644 -1.555391 1.644200
v 2.823735 -1.560526 1.643003
v 2.710411 -1.569337 1.646864
v 2.692287 -1.601421 1.647399
v 2.742495 -1.547352 1.497896
v 2.782901 -1.547785 1.496646
v 2.822922 -1.553422 1.495574
v 2.859332 -1.559176 1.495195
v 2.741700 -1.542373 1.350374
v 2.713146 -1.565685 1.350490
v 2.711799 -1.567752 1.498377
v 2.691463 -1.595494 1.350284
v 2.691927 -1.598794 1.498450
v 2.651954 -1.586941 1.350414
v 2.614801 -1.574788 1.497858
v 2.652876 -1.588361 1.498351
v 2.578997 -1.570079 1.645084
v 2.615139 -1.577305 1.645905
v 2.579177 -1.574088 1.793082
v 2.653768 -1.589185 1.646879
v 2.615630 -1.579678 1.794403
v 2.654847 -1.589510 1.796020
v 2.579274 -1.577526 1.941394
v 2.616099 -1.581339 1.943403
v 2.578621 -1.579442 2.089289
v 2.574283 -1.584113 2.162176
v 2.615639 -1.581392 2.092886
v 2.572113 -1.586447 2.198620
v 2.569943 -1.588782 2.235063
v 2.610725 -1.585888 2.167042
v 2.608267 -1.588135 2.204119
v 2.605810 -1.590383 2.241197
v 2.655842 -1.587182 2.098063
v 2.655898 -1.589142 1.946035
v 2.647486 -1.592718 2.213756
v 2.644702 -1.594565 2.252320
v 2.650272 -1.590873 2.175192
v 2.686502 -1.601409 2.228052
v 2.683837 -1.602264 2.269448
v 2.718262 -1.608578 2.249859
v 2.689167 -1.600554 2.186657
v 2.716186 -1.597847 2.212077
v 2.755486 -1.613009 2.238329
v 2.694497 -1.598842 2.103867
v 2.714109 -1.587116 2.174294
v 2.752902 -1.603962 2.201991
v 2.801008 -1.620990 2.230249
v 2.693859 -1.603010 1.948728
v 2.709955 -1.565654 2.098729
v 2.750317 -1.594914 2.165653
v 2.797171 -1.610893 2.194778
v 2.825238 -1.585246 2.230541
v 2.692872 -1.603178 1.797322
v 2.857025 -1.585388 2.197132
v 2.854918 -1.587686 2.233641
v 2.893368 -1.587329 2.202655
v 2.891027 -1.589632 2.239859
v 2.932503 -1.592166 2.212585
v 2.929808 -1.594083 2.251415
v 2.973844 -1.600447 2.185531
v 2.971226 -1.601340 2.227483
v 2.968609 -1.602233 2.269435
v 3.002572 -1.608867 2.247787
v 3.000185 -1.597879 2.209705
v 3.040439 -1.613298 2.234580
v 2.997797 -1.586890 2.171622
v 3.037189 -1.604410 2.197942
v 3.079979 -1.616748 2.224304
v 3.033939 -1.595522 2.161305
v 3.076905 -1.608327 2.188647
v 3.124362 -1.628157 2.216431
v 3.073832 -1.599906 2.152989
v 3.120354 -1.617221 2.181575
v 3.146325 -1.594250 2.218826
v 3.116346 -1.606285 2.146718
v 3.108329 -1.584412 2.077003
v 3.146070 -1.591312 2.182709
v 3.177643 -1.589379 2.185758
v 3.176060 -1.592050 2.222322
v 3.145815 -1.588374 2.146592
v 3.145305 -1.582499 2.074358
v 3.179226 -1.586709 2.149195
v 3.182393 -1.581369 2.076068
v 3.179221 -1.580654 1.927745
v 3.215393 -1.584288 1.779428
v 3.219663 -1.584950 1.929056
v 3.254074 -1.596131 1.779682
v 3.223080 -1.583593 2.079694
v 3.259323 -1.593541 1.930860
v 3.287500 -1.611632 1.778686
v 3.219066 -1.588181 2.154665
v 3.263320 -1.589569 2.084700
v 3.293872 -1.606430 1.931840
v 3.290010 -1.590077 2.089419
v 3.281691 -1.615185 1.627601
v 3.258663 -1.593026 2.163527
v 3.287267 -1.589367 2.174682
v 3.302585 -1.573872 2.082214
v 3.256335 -1.594754 2.202942
v 3.290751 -1.601270 2.217314
v 3.217059 -1.590474 2.192150
v 3.215051 -1.592769 2.229635
v 3.254007 -1.596483 2.242355
v 3.288030 -1.601991 2.259946
v 3.291711 -1.569850 1.927234
v 3.289511 -1.574966 1.775075
v 3.333960 -1.576714 2.070449
v 3.289927 -1.579347 1.624639
v 3.320247 -1.548851 1.770915
v 3.329389 -1.555806 1.921211
v 3.341495 -1.605868 2.142373
v 3.306760 -1.582903 2.157842
v 3.346724 -1.616493 2.178335
v 3.310703 -1.601380 2.195658
v 3.351953 -1.627117 2.214297
v 3.314870 -1.614258 2.233471
v 1.663912 -1.520218 0.551158
v 1.660422 -1.556845 0.548280
v 1.680186 -1.493800 0.646240
v 1.659284 -1.528279 0.642961
v 1.657958 -1.565053 0.640237
v 1.655542 -1.572504 0.785358
v 1.627484 -1.596347 0.782863
v 1.623480 -1.600975 0.887214
v 1.654520 -1.535721 0.787986
v 1.653253 -1.579310 0.889649
v 1.619473 -1.604527 1.033570
v 1.649647 -1.542691 0.892196
v 1.650989 -1.585492 1.035984
v 1.615421 -1.606985 1.180530
v 1.611238 -1.608334 1.328135
v 1.648583 -1.590998 1.182987
v 1.644522 -1.549268 1.038446
v 1.670878 -1.508426 0.895446
v 1.639132 -1.555436 1.185336
v 1.675374 -1.501221 0.791266
v 1.666715 -1.515616 1.041605
v 1.662922 -1.522883 1.188327
v 1.633515 -1.561146 1.332903
v 1.645850 -1.595819 1.330734
v 1.659540 -1.530331 1.335610
v 1.699595 -1.535731 1.336546
v 1.606762 -1.608530 1.476459
v 1.642546 -1.600008 1.479342
v 1.601693 -1.607485 1.625624
v 1.638226 -1.603480 1.629039
v 1.627749 -1.566300 1.481217
v 1.656584 -1.538062 1.483441
v 1.621806 -1.570511 1.630388
v 1.654035 -1.546168 1.631798
v 1.696531 -1.544250 1.483908
v 1.693910 -1.552824 1.631666
v 1.651475 -1.554666 1.780636
v 1.615586 -1.573225 1.780544
v 1.609875 -1.573153 1.931795
v 1.648808 -1.562149 1.930274
v 1.644886 -1.575458 2.080440
v 1.649950 -1.592829 2.153550
v 1.610077 -1.586609 2.162595
v 1.685607 -1.578399 2.076774
v 1.692677 -1.599678 2.147566
v 1.652481 -1.601514 2.190106
v 1.612547 -1.596531 2.201065
v 1.655013 -1.610200 2.226661
v 1.615018 -1.606454 2.239536
v 1.699747 -1.620956 2.218359
v 1.696212 -1.610317 2.182963
v 1.721224 -1.587102 2.220175
v 1.721609 -1.584774 2.183934
v 1.721994 -1.582447 2.147692
v 1.753007 -1.584982 2.187520
v 1.750736 -1.587359 2.224011
v 1.755279 -1.582605 2.151031
v 1.792502 -1.587517 2.194280
v 1.789880 -1.589617 2.231511
v 1.795123 -1.585417 2.157050
v 1.831542 -1.593039 2.204880
v 1.828617 -1.594578 2.243709
v 1.834469 -1.591499 2.166052
v 1.866691 -1.601730 2.218491
v 1.863905 -1.602157 2.259926
v 1.897062 -1.611055 2.240326
v 1.869477 -1.601303 2.177055
v 1.895738 -1.600263 2.202552
v 1.935365 -1.620004 2.227730
v 1.933961 -1.610537 2.191698
v 1.973951 -1.642505 2.217007
v 1.894416 -1.589471 2.164779
v 1.875048 -1.600449 2.094185
v 1.972967 -1.628923 2.182692
v 2.004346 -1.613894 2.221307
v 1.932556 -1.601071 2.155667
v 1.891770 -1.567889 2.089233
v 1.840322 -1.588421 2.088395
v 1.875903 -1.605520 1.939093
v 1.800367 -1.581217 2.082591
v 1.841803 -1.591650 1.936057
v 1.759821 -1.577850 2.078050
v 1.802502 -1.581803 1.932802
v 1.722763 -1.577793 2.075210
v 1.762330 -1.576094 1.929953
v 1.688647 -1.569498 1.928263
v 1.725486 -1.572895 1.927781
v 1.691376 -1.561201 1.779755
v 1.727805 -1.567072 1.779891
v 1.764227 -1.572765 1.781514
v 1.729870 -1.560932 1.632030
v 1.765827 -1.568978 1.633261
v 1.803776 -1.581159 1.783588
v 1.804638 -1.580194 1.634885
v 1.842164 -1.593792 1.785785
v 1.842014 -1.595503 1.636560
v 1.805081 -1.579245 1.486693
v 1.841582 -1.596567 1.487985
v 1.767222 -1.565126 1.485400
v 1.841241 -1.596979 1.339987
v 1.731921 -1.554557 1.484403
v 1.805399 -1.578305 1.338983
v 1.768699 -1.561377 1.337953
v 1.734315 -1.548110 1.337123
v 1.877774 -1.601826 1.340596
v 1.877666 -1.604023 1.488770
v 1.894909 -1.573174 1.637562
v 1.877430 -1.605619 1.637730
v 1.933183 -1.567114 1.785302
v 1.893279 -1.573494 1.786714
v 1.876747 -1.606410 1.787660
v 1.891987 -1.572448 1.936849
v 1.932371 -1.570140 1.934310
v 1.929748 -1.582138 2.083603
v 1.971887 -1.579094 1.932004
v 1.970014 -1.588178 2.079748
v 1.971983 -1.615342 2.148378
v 2.005669 -1.602335 2.149682
v 2.005007 -1.608114 2.185494
v 2.040016 -1.602099 2.152680
v 2.038023 -1.608144 2.188694
v 2.036031 -1.614188 2.224706
v 2.080821 -1.600046 2.158310
v 2.078934 -1.606071 2.194989
v 2.077047 -1.612096 2.231667
v 2.121615 -1.595600 2.166725
v 2.119993 -1.601900 2.204794
v 2.118372 -1.608200 2.242863
v 2.156859 -1.587437 2.178468
v 2.155250 -1.594848 2.219464
v 2.153642 -1.602259 2.260459
v 2.190254 -1.593590 2.246733
v 2.187998 -1.595808 2.207994
v 2.232783 -1.591374 2.237701
v 2.229491 -1.590785 2.200296
v 2.226197 -1.590195 2.162890
v 2.259085 -1.569216 2.193649
v 2.259423 -1.574386 2.157735
v 2.166127 -1.551691 0.028289
v 2.170227 -1.538858 0.171047
v 2.203294 -1.555202 0.171362
v 2.202802 -1.566782 0.028281
v 2.248201 -1.564213 0.028790
v 2.134610 -1.529258 0.170657
v 2.132756 -1.533143 0.313726
v 2.169001 -1.539975 0.314189
v 2.131248 -1.536956 0.457298
v 2.130033 -1.540746 0.563322
v 2.167851 -1.541452 0.457826
v 2.200529 -1.558551 0.458147
v 2.201775 -1.556894 0.314501
v 2.241552 -1.564237 0.315014
v 2.243601 -1.558630 0.171954
v 1.615018 -1.606454 2.239536
v 1.612547 -1.596531 2.201065
v 1.587159 -1.602491 2.217926
v 1.579952 -1.602321 2.260006
v 1.594367 -1.602662 2.175845
v 1.610077 -1.586609 2.162595
v 1.608781 -1.603003 2.091683
v 1.605137 -1.566765 2.085654
v 3.314870 -1.614258 2.233471
v 3.310703 -1.601380 2.195658
v 3.290751 -1.601270 2.217314
v 3.288030 -1.601991 2.259946
v 3.287267 -1.589367 2.174682
v 3.306760 -1.582903 2.157842
v 3.290010 -1.590077 2.089419
v 3.302585 -1.573872 2.082214
v 1.343685 -1.564070 2.196402
v 1.304087 -1.599839 2.215305
v 1.300046 -1.599553 2.175119
v 1.300046 -1.599553 2.175119
v 1.344696 -1.579604 2.160686
v 1.343685 -1.564070 2.196402
v 3.527243 -1.608367 2.197136
v 3.578056 -1.602321 2.212295
v 3.579610 -1.601626 2.172394
v 3.579610 -1.601626 2.172394
v 3.528092 -1.603881 2.160179
v 3.527243 -1.608367 2.197136
vt 0.025500 0.062900
vt 0.025500 0.000000
vt 0.040200 0.000000
vt 0.040200 0.062900
vt 0.040200 0.125800
vt 0.025500 0.125800
vt 0.054900 0.062900
vt 0.054900 0.000000
vt 0.069600 0.000000
vt 0.025500 0.188600
vt 0.054900 0.125800
vt 0.069600 0.062900
vt 0.084300 0.000000
vt 0.054900 0.188600
vt 0.040200 0.188600
vt 0.040200 0.251500
vt 0.025500 0.251500
vt 0.069600 0.125800
vt 0.084300 0.062900
vt 0.099000 0.000000
vt 0.099000 0.062900
vt 0.084300 0.125800
vt 0.113700 0.000000
vt 0.069600 0.188600
vt 0.099000 0.125800
vt 0.084300 0.188600
vt 0.113700 0.125800
vt 0.099000 0.188600
vt 0.084300 0.251500
vt 0.069600 0.251500
vt 0.054900 0.251500
vt 0.069600 0.314400
vt 0.054900 0.314400
vt 0.084300 0.314400
vt 0.084300 0.377300
vt 0.099000 0.314400
vt 0.099000 0.251500
vt 0.113700 0.314400
vt 0.113700 0.251500
vt 0.113700 0.188600
vt 0.128400 0.314400
vt 0.128400 0.251500
vt 0.128400 0.188600
vt 0.143100 0.251500
vt 0.143100 0.314400
vt 0.143100 0.377300
vt 0.128400 0.377300
vt 0.157800 0.314400
vt 0.143100 0.440100
vt 0.113700 0.377300
vt 0.128400 0.440100
vt 0.099000 0.377300
vt 0.113700 0.440100
vt 0.099000 0.440100
vt 0.084300 0.440100
vt 0.113700 0.503000
vt 0.099000 0.503000
vt 0.084300 0.503000
vt 0.069600 0.377300
vt 0.128400 0.503000
vt 0.113700 0.565900
vt 0.099000 0.565900
vt 0.084300 0.565900
vt 0.099000 0.628800
vt 0.084300 0.628800
vt 0.069600 0.565900
vt 0.069600 0.628800
vt 0.069600 0.503000
vt 0.054900 0.628800
vt 0.069600 0.440100
vt 0.054900 0.565900
vt 0.054900 0.503000
vt 0.054900 0.377300
vt 0.054900 0.440100
vt 0.040200 0.377300
vt 0.040200 0.314400
vt 0.025500 0.314400
vt 0.025500 0.377300
vt 0.040200 0.440100
vt 0.025500 0.440100
vt 0.040200 0.503000
vt 0.025500 0.503000
vt 0.040200 0.565900
vt 0.025500 0.565900
vt 0.040200 0.628800
vt 0.025500 0.628800
vt 0.040200 0.691700
vt 0.025500 0.691700
vt 0.054900 0.691700
vt 0.040200 0.754500
vt 0.025500 0.754500
vt 0.069600 0.691700
vt 0.054900 0.754500
vt 0.040200 0.817400
vt 0.025500 0.817400
vt 0.054900 0.817400
vt 0.069600 0.754500
vt 0.084300 0.691700
vt 0.040200 0.880300
vt 0.025500 0.880300
vt 0.054900 0.880300
vt 0.040200 0.943200
vt 0.025500 0.943200
vt 0.040200 0.974600
vt 0.025500 0.974600
vt 0.054900 0.943200
vt 0.040200 0.990300
vt 0.025500 0.990300
vt 0.054900 0.974600
vt 0.054900 0.990300
vt 0.054900 1.006100
vt 0.040200 1.006100
vt 0.069600 1.006100
vt 0.069600 0.990300
vt 0.084300 1.006100
vt 0.069600 0.974600
vt 0.084300 0.990300
vt 0.069600 0.943200
vt 0.084300 0.974600
vt 0.099000 0.990300
vt 0.099000 1.006100
vt 0.099000 0.974600
vt 0.113700 0.990300
vt 0.113700 1.006100
vt 0.113700 0.974600
vt 0.128400 0.990300
vt 0.128400 1.006100
vt 0.143100 0.990300
vt 0.143100 1.006100
vt 0.143100 0.974600
vt 0.128400 0.974600
vt 0.143100 0.943200
vt 0.128400 0.943200
vt 0.113700 0.943200
vt 0.143100 0.880300
vt 0.128400 0.880300
vt 0.157800 0.943200
vt 0.099000 0.943200
vt 0.113700 0.880300
vt 0.084300 0.943200
vt 0.099000 0.880300
vt 0.069600 0.880300
vt 0.084300 0.880300
vt 0.069600 0.817400
vt 0.084300 0.817400
vt 0.084300 0.754500
vt 0.099000 0.817400
vt 0.099000 0.754500
vt 0.099000 0.691700
vt 0.113700 0.817400
vt 0.113700 0.754500
vt 0.113700 0.691700
vt 0.113700 0.628800
vt 0.128400 0.817400
vt 0.128400 0.754500
vt 0.128400 0.691700
vt 0.128400 0.628800
vt 0.128400 0.565900
vt 0.143100 0.503000
vt 0.143100 0.565900
vt 0.143100 0.628800
vt 0.143100 0.691700
vt 0.143100 0.754500
vt 0.157800 0.628800
vt 0.157800 0.565900
vt 0.157800 0.503000
vt 0.172500 0.565900
vt 0.157800 0.440100
vt 0.172500 0.503000
vt 0.172500 0.440100
vt 0.157800 0.377300
vt 0.172500 0.377300
vt 0.172500 0.314400
vt 0.172500 0.251500
vt 0.187200 0.377300
vt 0.187200 0.314400
vt 0.187200 0.251500
vt 0.157800 0.251500
vt 0.187200 0.188600
vt 0.172500 0.188600
vt 0.157800 0.188600
vt 0.143100 0.188600
vt 0.172500 0.125800
vt 0.128400 0.125800
vt 0.157800 0.125800
vt 0.143100 0.125800
vt 0.113700 0.062900
vt 0.128400 0.062900
vt 0.128400 0.000000
vt 0.143100 0.062900
vt 0.143100 0.000000
vt 0.157800 0.000000
vt 0.157800 0.062900
vt 0.172500 0.000000
vt 0.172500 0.062900
vt 0.187200 0.000000
vt 0.187200 0.062900
vt 0.201900 0.000000
vt 0.187200 0.125800
vt 0.201900 0.062900
vt 0.216600 0.000000
vt 0.201900 0.125800
vt 0.216600 0.062900
vt 0.231300 0.000000
vt 0.201900 0.188600
vt 0.216600 0.125800
vt 0.231300 0.062900
vt 0.246000 0.062900
vt 0.246000 0.000000
vt 0.231300 0.125800
vt 0.246000 0.125800
vt 0.260700 0.062900
vt 0.260700 0.000000
vt 0.260700 0.125800
vt 0.275400 0.062900
vt 0.275400 0.000000
vt 0.290100 0.000000
vt 0.290100 0.062900
vt 0.304800 0.000000
vt 0.275400 0.125800
vt 0.260700 0.188600
vt 0.304800 0.062900
vt 0.319400 0.000000
vt 0.290100 0.125800
vt 0.275400 0.188600
vt 0.304800 0.125800
vt 0.319400 0.062900
vt 0.334100 0.062900
vt 0.334100 0.000000
vt 0.348800 0.062900
vt 0.348800 0.000000
vt 0.334100 0.125800
vt 0.363500 0.000000
vt 0.319400 0.125800
vt 0.363500 0.062900
vt 0.378200 0.000000
vt 0.348800 0.125800
vt 0.378200 0.062900
vt 0.392900 0.000000
vt 0.363500 0.125800
vt 0.334100 0.188600
vt 0.348800 0.188600
vt 0.319400 0.188600
vt 0.334100 0.251500
vt 0.304800 0.188600
vt 0.319400 0.251500
vt 0.304800 0.251500
vt 0.290100 0.188600
vt 0.290100 0.251500
vt 0.275400 0.251500
vt 0.304800 0.314400
vt 0.290100 0.314400
vt 0.319400 0.314400
vt 0.319400 0.377300
vt 0.334100 0.314400
vt 0.304800 0.377300
vt 0.348800 0.251500
vt 0.363500 0.188600
vt 0.348800 0.314400
vt 0.378200 0.125800
vt 0.363500 0.251500
vt 0.378200 0.188600
vt 0.392900 0.062900
vt 0.392900 0.125800
vt 0.407600 0.062900
vt 0.407600 0.000000
vt 0.407600 0.125800
vt 0.422300 0.062900
vt 0.422300 0.000000
vt 0.437000 0.000000
vt 0.407600 0.188600
vt 0.422300 0.125800
vt 0.437000 0.062900
vt 0.451700 0.000000
vt 0.451700 0.062900
vt 0.437000 0.125800
vt 0.466400 0.000000
vt 0.422300 0.188600
vt 0.451700 0.125800
vt 0.437000 0.188600
vt 0.422300 0.251500
vt 0.466400 0.125800
vt 0.451700 0.188600
vt 0.437000 0.251500
vt 0.466400 0.062900
vt 0.481100 0.062900
vt 0.481100 0.000000
vt 0.481100 0.125800
vt 0.495800 0.062900
vt 0.495800 0.000000
vt 0.510500 0.000000
vt 0.495800 0.125800
vt 0.510500 0.062900
vt 0.525200 0.000000
vt 0.495800 0.188600
vt 0.510500 0.125800
vt 0.525200 0.062900
vt 0.539900 0.000000
vt 0.539900 0.062900
vt 0.554600 0.000000
vt 0.525200 0.125800
vt 0.510500 0.188600
vt 0.554600 0.062900
vt 0.569300 0.000000
vt 0.539900 0.125800
vt 0.525200 0.188600
vt 0.510500 0.251500
vt 0.569300 0.062900
vt 0.584000 0.000000
vt 0.554600 0.125800
vt 0.539900 0.188600
vt 0.525200 0.251500
vt 0.554600 0.188600
vt 0.569300 0.125800
vt 0.584000 0.062900
vt 0.539900 0.251500
vt 0.598700 0.062900
vt 0.598700 0.000000
vt 0.613400 0.062900
vt 0.613400 0.000000
vt 0.628100 0.062900
vt 0.628100 0.000000
vt 0.642800 0.000000
vt 0.613400 0.125800
vt 0.642800 0.062900
vt 0.657400 0.000000
vt 0.628100 0.125800
vt 0.598700 0.125800
vt 0.613400 0.188600
vt 0.584000 0.125800
vt 0.598700 0.188600
vt 0.569300 0.188600
vt 0.584000 0.188600
vt 0.613400 0.251500
vt 0.554600 0.251500
vt 0.569300 0.251500
vt 0.598700 0.251500
vt 0.584000 0.251500
vt 0.539900 0.314400
vt 0.554600 0.314400
vt 0.569300 0.314400
vt 0.539900 0.377300
vt 0.525200 0.314400
vt 0.554600 0.377300
vt 0.525200 0.377300
vt 0.510500 0.314400
vt 0.539900 0.440100
vt 0.510500 0.377300
vt 0.525200 0.440100
vt 0.495800 0.251500
vt 0.495800 0.314400
vt 0.481100 0.188600
vt 0.481100 0.251500
vt 0.466400 0.188600
vt 0.451700 0.251500
vt 0.466400 0.251500
vt 0.481100 0.314400
vt 0.495800 0.377300
vt 0.466400 0.314400
vt 0.481100 0.377300
vt 0.510500 0.440100
vt 0.495800 0.440100
vt 0.451700 0.314400
vt 0.466400 0.377300
vt 0.481100 0.440100
vt 0.437000 0.314400
vt 0.451700 0.377300
vt 0.466400 0.440100
vt 0.437000 0.377300
vt 0.422300 0.314400
vt 0.407600 0.251500
vt 0.422300 0.377300
vt 0.437000 0.440100
vt 0.407600 0.314400
vt 0.392900 0.188600
vt 0.392900 0.251500
vt 0.378200 0.251500
vt 0.363500 0.314400
vt 0.378200 0.314400
vt 0.392900 0.314400
vt 0.407600 0.377300
vt 0.392900 0.377300
vt 0.422300 0.440100
vt 0.407600 0.440100
vt 0.407600 0.503000
vt 0.392900 0.440100
vt 0.378200 0.440100
vt 0.422300 0.503000
vt 0.392900 0.503000
vt 0.407600 0.565900
vt 0.437000 0.503000
vt 0.422300 0.565900
vt 0.451700 0.440100
vt 0.451700 0.503000
vt 0.466400 0.503000
vt 0.437000 0.565900
vt 0.422300 0.628800
vt 0.451700 0.565900
vt 0.437000 0.628800
vt 0.407600 0.628800
vt 0.422300 0.691700
vt 0.392900 0.565900
vt 0.407600 0.691700
vt 0.392900 0.628800
vt 0.378200 0.503000
vt 0.378200 0.565900
vt 0.392900 0.691700
vt 0.378200 0.628800
vt 0.363500 0.565900
vt 0.363500 0.628800
vt 0.363500 0.503000
vt 0.348800 0.628800
vt 0.348800 0.565900
vt 0.363500 0.440100
vt 0.348800 0.503000
vt 0.378200 0.377300
vt 0.363500 0.377300
vt 0.348800 0.440100
vt 0.348800 0.377300
vt 0.334100 0.377300
vt 0.334100 0.440100
vt 0.319400 0.440100
vt 0.304800 0.440100
vt 0.334100 0.503000
vt 0.319400 0.503000
vt 0.304800 0.503000
vt 0.290100 0.377300
vt 0.290100 0.440100
vt 0.275400 0.314400
vt 0.275400 0.377300
vt 0.290100 0.503000
vt 0.260700 0.251500
vt 0.260700 0.314400
vt 0.275400 0.440100
vt 0.260700 0.377300
vt 0.246000 0.188600
vt 0.246000 0.251500
vt 0.246000 0.314400
vt 0.231300 0.188600
vt 0.231300 0.251500
vt 0.231300 0.314400
vt 0.216600 0.188600
vt 0.216600 0.251500
vt 0.201900 0.251500
vt 0.201900 0.314400
vt 0.216600 0.314400
vt 0.201900 0.377300
vt 0.187200 0.440100
vt 0.216600 0.377300
vt 0.201900 0.440100
vt 0.187200 0.503000
vt 0.231300 0.377300
vt 0.216600 0.440100
vt 0.201900 0.503000
vt 0.187200 0.565900
vt 0.216600 0.503000
vt 0.231300 0.440100
vt 0.246000 0.377300
vt 0.201900 0.565900
vt 0.187200 0.628800
vt 0.260700 0.440100
vt 0.172500 0.628800
vt 0.275400 0.503000
vt 0.246000 0.440100
vt 0.260700 0.503000
vt 0.231300 0.503000
vt 0.246000 0.503000
vt 0.260700 0.565900
vt 0.216600 0.565900
vt 0.231300 0.565900
vt 0.246000 0.565900
vt 0.201900 0.628800
vt 0.216600 0.628800
vt 0.187200 0.691700
vt 0.201900 0.691700
vt 0.231300 0.628800
vt 0.216600 0.691700
vt 0.172500 0.691700
vt 0.187200 0.754500
vt 0.201900 0.754500
vt 0.157800 0.691700
vt 0.172500 0.754500
vt 0.187200 0.817400
vt 0.157800 0.754500
vt 0.172500 0.817400
vt 0.157800 0.817400
vt 0.143100 0.817400
vt 0.157800 0.880300
vt 0.172500 0.880300
vt 0.172500 0.943200
vt 0.172500 0.974600
vt 0.157800 0.974600
vt 0.187200 0.943200
vt 0.187200 0.880300
vt 0.187200 0.974600
vt 0.201900 0.943200
vt 0.201900 0.880300
vt 0.201900 0.817400
vt 0.216600 0.754500
vt 0.216600 0.817400
vt 0.231300 0.691700
vt 0.231300 0.754500
vt 0.216600 0.880300
vt 0.231300 0.817400
vt 0.246000 0.628800
vt 0.246000 0.691700
vt 0.260700 0.628800
vt 0.246000 0.754500
vt 0.260700 0.691700
vt 0.275400 0.628800
vt 0.246000 0.817400
vt 0.275400 0.691700
vt 0.260700 0.754500
vt 0.275400 0.754500
vt 0.275400 0.565900
vt 0.290100 0.565900
vt 0.290100 0.628800
vt 0.290100 0.691700
vt 0.304800 0.565900
vt 0.304800 0.628800
vt 0.319400 0.565900
vt 0.304800 0.691700
vt 0.319400 0.628800
vt 0.334100 0.565900
vt 0.334100 0.628800
vt 0.319400 0.691700
vt 0.304800 0.754500
vt 0.334100 0.691700
vt 0.319400 0.754500
vt 0.348800 0.691700
vt 0.334100 0.754500
vt 0.319400 0.817400
vt 0.363500 0.691700
vt 0.348800 0.754500
vt 0.334100 0.817400
vt 0.378200 0.691700
vt 0.363500 0.754500
vt 0.348800 0.817400
vt 0.319400 0.880300
vt 0.334100 0.880300
vt 0.304800 0.817400
vt 0.319400 0.943200
vt 0.290100 0.754500
vt 0.290100 0.817400
vt 0.304800 0.880300
vt 0.275400 0.817400
vt 0.290100 0.880300
vt 0.304800 0.943200
vt 0.275400 0.880300
vt 0.260700 0.817400
vt 0.290100 0.943200
vt 0.260700 0.880300
vt 0.246000 0.880300
vt 0.231300 0.880300
vt 0.275400 0.943200
vt 0.246000 0.943200
vt 0.216600 0.943200
vt 0.231300 0.943200
vt 0.201900 0.974600
vt 0.216600 0.974600
vt 0.231300 0.974600
vt 0.260700 0.943200
vt 0.246000 0.974600
vt 0.216600 0.990300
vt 0.231300 0.990300
vt 0.216600 1.006100
vt 0.231300 1.006100
vt 0.201900 1.006100
vt 0.246000 0.990300
vt 0.246000 1.006100
vt 0.201900 0.990300
vt 0.187200 1.006100
vt 0.187200 0.990300
vt 0.172500 0.990300
vt 0.172500 1.006100
vt 0.157800 0.990300
vt 0.157800 1.006100
vt 0.260700 0.990300
vt 0.260700 1.006100
vt 0.275400 1.006100
vt 0.260700 0.974600
vt 0.275400 0.990300
vt 0.290100 1.006100
vt 0.275400 0.974600
vt 0.290100 0.990300
vt 0.304800 1.006100
vt 0.290100 0.974600
vt 0.304800 0.990300
vt 0.304800 0.974600
vt 0.319400 0.974600
vt 0.319400 0.990300
vt 0.319400 1.006100
vt 0.334100 0.943200
vt 0.334100 0.974600
vt 0.334100 0.990300
vt 0.334100 1.006100
vt 0.348800 0.880300
vt 0.348800 0.943200
vt 0.348800 0.974600
vt 0.348800 0.990300
vt 0.348800 1.006100
vt 0.363500 0.817400
vt 0.363500 0.880300
vt 0.363500 0.943200
vt 0.363500 0.974600
vt 0.363500 0.990300
vt 0.363500 1.006100
vt 0.378200 0.990300
vt 0.378200 1.006100
vt 0.392900 1.006100
vt 0.378200 0.974600
vt 0.392900 0.990300
vt 0.407600 1.006100
vt 0.378200 0.943200
vt 0.392900 0.974600
vt 0.407600 0.990300
vt 0.422300 1.006100
vt 0.378200 0.880300
vt 0.392900 0.943200
vt 0.422300 0.990300
vt 0.407600 0.974600
vt 0.437000 1.006100
vt 0.407600 0.943200
vt 0.422300 0.974600
vt 0.437000 0.990300
vt 0.451700 0.990300
vt 0.451700 1.006100
vt 0.437000 0.974600
vt 0.422300 0.943200
vt 0.392900 0.880300
vt 0.451700 0.974600
vt 0.407600 0.880300
vt 0.378200 0.817400
vt 0.392900 0.817400
vt 0.378200 0.754500
vt 0.392900 0.754500
vt 0.407600 0.817400
vt 0.407600 0.754500
vt 0.422300 0.880300
vt 0.422300 0.817400
vt 0.422300 0.754500
vt 0.437000 0.691700
vt 0.437000 0.754500
vt 0.437000 0.817400
vt 0.437000 0.880300
vt 0.451700 0.628800
vt 0.451700 0.691700
vt 0.466400 0.565900
vt 0.466400 0.628800
vt 0.451700 0.754500
vt 0.466400 0.691700
vt 0.481100 0.691700
vt 0.451700 0.817400
vt 0.466400 0.754500
vt 0.451700 0.880300
vt 0.466400 0.817400
vt 0.481100 0.754500
vt 0.437000 0.943200
vt 0.451700 0.943200
vt 0.466400 0.880300
vt 0.466400 0.943200
vt 0.481100 0.817400
vt 0.481100 0.880300
vt 0.466400 0.974600
vt 0.481100 0.943200
vt 0.466400 0.990300
vt 0.466400 1.006100
vt 0.481100 0.974600
vt 0.481100 0.990300
vt 0.481100 1.006100
vt 0.495800 1.006100
vt 0.495800 0.990300
vt 0.510500 1.006100
vt 0.495800 0.974600
vt 0.510500 0.990300
vt 0.525200 1.006100
vt 0.495800 0.943200
vt 0.510500 0.974600
vt 0.525200 0.990300
vt 0.539900 0.990300
vt 0.539900 1.006100
vt 0.495800 0.880300
vt 0.510500 0.943200
vt 0.495800 0.817400
vt 0.510500 0.880300
vt 0.525200 0.943200
vt 0.525200 0.974600
vt 0.495800 0.754500
vt 0.510500 0.817400
vt 0.525200 0.880300
vt 0.539900 0.943200
vt 0.539900 0.974600
vt 0.525200 0.817400
vt 0.539900 0.880300
vt 0.510500 0.754500
vt 0.539900 0.817400
vt 0.495800 0.691700
vt 0.525200 0.754500
vt 0.510500 0.691700
vt 0.481100 0.628800
vt 0.495800 0.628800
vt 0.481100 0.565900
vt 0.481100 0.503000
vt 0.495800 0.565900
vt 0.495800 0.503000
vt 0.510500 0.628800
vt 0.510500 0.565900
vt 0.510500 0.503000
vt 0.525200 0.691700
vt 0.525200 0.628800
vt 0.525200 0.565900
vt 0.525200 0.503000
vt 0.539900 0.754500
vt 0.539900 0.691700
vt 0.539900 0.628800
vt 0.539900 0.565900
vt 0.539900 0.503000
vt 0.554600 0.440100
vt 0.554600 0.503000
vt 0.554600 0.565900
vt 0.569300 0.377300
vt 0.569300 0.440100
vt 0.584000 0.377300
vt 0.569300 0.503000
vt 0.584000 0.503000
vt 0.569300 0.565900
vt 0.554600 0.628800
vt 0.554600 0.691700
vt 0.569300 0.628800
vt 0.554600 0.754500
vt 0.569300 0.691700
vt 0.584000 0.565900
vt 0.584000 0.628800
vt 0.554600 0.817400
vt 0.569300 0.754500
vt 0.584000 0.691700
vt 0.598700 0.691700
vt 0.584000 0.754500
vt 0.569300 0.817400
vt 0.554600 0.880300
vt 0.554600 0.943200
vt 0.569300 0.880300
vt 0.554600 0.974600
vt 0.569300 0.943200
vt 0.584000 0.817400
vt 0.584000 0.880300
vt 0.598700 0.754500
vt 0.598700 0.817400
vt 0.598700 0.880300
vt 0.584000 0.943200
vt 0.569300 0.974600
vt 0.554600 0.990300
vt 0.554600 1.006100
vt 0.569300 0.990300
vt 0.569300 1.006100
vt 0.584000 0.974600
vt 0.584000 0.990300
vt 0.584000 1.006100
vt 0.598700 0.943200
vt 0.598700 0.974600
vt 0.598700 0.990300
vt 0.598700 1.006100
vt 0.613400 1.006100
vt 0.613400 0.990300
vt 0.628100 1.006100
vt 0.613400 0.974600
vt 0.628100 0.990300
vt 0.642800 1.006100
vt 0.613400 0.943200
vt 0.628100 0.974600
vt 0.642800 0.990300
vt 0.657400 0.990300
vt 0.657400 1.006100
vt 0.613400 0.880300
vt 0.628100 0.943200
vt 0.642800 0.974600
vt 0.657400 0.974600
vt 0.613400 0.817400
vt 0.628100 0.880300
vt 0.642800 0.943200
vt 0.657400 0.943200
vt 0.642800 0.880300
vt 0.628100 0.817400
vt 0.613400 0.754500
vt 0.642800 0.817400
vt 0.657400 0.880300
vt 0.628100 0.754500
vt 0.613400 0.691700
vt 0.598700 0.628800
vt 0.598700 0.565900
vt 0.613400 0.628800
vt 0.628100 0.691700
vt 0.642800 0.754500
vt 0.628100 0.628800
vt 0.657400 0.817400
vt 0.642800 0.691700
vt 0.657400 0.754500
vt 0.672100 0.817400
vt 0.613400 0.565900
vt 0.642800 0.628800
vt 0.598700 0.503000
vt 0.628100 0.565900
vt 0.613400 0.503000
vt 0.584000 0.440100
vt 0.598700 0.440100
vt 0.598700 0.377300
vt 0.613400 0.440100
vt 0.584000 0.314400
vt 0.598700 0.314400
vt 0.613400 0.377300
vt 0.613400 0.314400
vt 0.628100 0.503000
vt 0.628100 0.440100
vt 0.642800 0.565900
vt 0.642800 0.503000
vt 0.628100 0.377300
vt 0.642800 0.440100
vt 0.657400 0.565900
vt 0.657400 0.503000
vt 0.657400 0.628800
vt 0.672100 0.628800
vt 0.657400 0.691700
vt 0.672100 0.565900
vt 0.672100 0.691700
vt 0.672100 0.754500
vt 0.686800 0.691700
vt 0.686800 0.628800
vt 0.686800 0.565900
vt 0.701500 0.565900
vt 0.686800 0.754500
vt 0.686800 0.503000
vt 0.672100 0.503000
vt 0.657400 0.440100
vt 0.686800 0.440100
vt 0.642800 0.377300
vt 0.672100 0.440100
vt 0.657400 0.377300
vt 0.628100 0.314400
vt 0.642800 0.314400
vt 0.628100 0.251500
vt 0.657400 0.314400
vt 0.628100 0.188600
vt 0.642800 0.251500
vt 0.642800 0.188600
vt 0.672100 0.377300
vt 0.657400 0.251500
vt 0.642800 0.125800
vt 0.657400 0.188600
vt 0.657400 0.062900
vt 0.657400 0.125800
vt 0.672100 0.000000
vt 0.672100 0.062900
vt 0.686800 0.000000
vt 0.672100 0.125800
vt 0.686800 0.062900
vt 0.701500 0.000000
vt 0.672100 0.188600
vt 0.686800 0.125800
vt 0.701500 0.062900
vt 0.716200 0.000000
vt 0.672100 0.251500
vt 0.686800 0.188600
vt 0.701500 0.125800
vt 0.716200 0.062900
vt 0.730900 0.062900
vt 0.730900 0.000000
vt 0.716200 0.125800
vt 0.745600 0.062900
vt 0.745600 0.000000
vt 0.730900 0.125800
vt 0.760300 0.000000
vt 0.760300 0.062900
vt 0.775000 0.000000
vt 0.701500 0.188600
vt 0.716200 0.188600
vt 0.686800 0.251500
vt 0.701500 0.251500
vt 0.716200 0.251500
vt 0.672100 0.314400
vt 0.686800 0.314400
vt 0.686800 0.377300
vt 0.701500 0.377300
vt 0.701500 0.314400
vt 0.716200 0.377300
vt 0.701500 0.440100
vt 0.701500 0.503000
vt 0.716200 0.503000
vt 0.716200 0.565900
vt 0.716200 0.440100
vt 0.730900 0.565900
vt 0.730900 0.503000
vt 0.730900 0.440100
vt 0.716200 0.314400
vt 0.730900 0.377300
vt 0.745600 0.503000
vt 0.730900 0.314400
vt 0.745600 0.440100
vt 0.745600 0.377300
vt 0.730900 0.251500
vt 0.745600 0.565900
vt 0.730900 0.188600
vt 0.745600 0.314400
vt 0.745600 0.251500
vt 0.745600 0.188600
vt 0.745600 0.125800
vt 0.760300 0.188600
vt 0.760300 0.125800
vt 0.760300 0.251500
vt 0.760300 0.314400
vt 0.775000 0.251500
vt 0.760300 0.377300
vt 0.775000 0.314400
vt 0.775000 0.377300
vt 0.760300 0.440100
vt 0.775000 0.440100
vt 0.789700 0.377300
vt 0.789700 0.440100
vt 0.789700 0.314400
vt 0.760300 0.503000
vt 0.775000 0.503000
vt 0.789700 0.503000
vt 0.760300 0.565900
vt 0.775000 0.565900
vt 0.789700 0.565900
vt 0.775000 0.628800
vt 0.760300 0.628800
vt 0.789700 0.628800
vt 0.745600 0.628800
vt 0.775000 0.691700
vt 0.730900 0.628800
vt 0.760300 0.691700
vt 0.745600 0.691700
vt 0.716200 0.628800
vt 0.730900 0.691700
vt 0.701500 0.628800
vt 0.716200 0.691700
vt 0.701500 0.691700
vt 0.701500 0.754500
vt 0.730900 0.754500
vt 0.716200 0.754500
vt 0.686800 0.817400
vt 0.701500 0.817400
vt 0.745600 0.754500
vt 0.672100 0.880300
vt 0.686800 0.880300
vt 0.672100 0.943200
vt 0.672100 0.974600
vt 0.686800 0.943200
vt 0.672100 0.990300
vt 0.672100 1.006100
vt 0.686800 0.974600
vt 0.686800 0.990300
vt 0.686800 1.006100
vt 0.701500 0.990300
vt 0.701500 1.006100
vt 0.701500 0.974600
vt 0.701500 0.943200
vt 0.701500 0.880300
vt 0.716200 0.990300
vt 0.716200 1.006100
vt 0.730900 1.006100
vt 0.716200 0.974600
vt 0.730900 0.990300
vt 0.745600 1.006100
vt 0.716200 0.943200
vt 0.730900 0.974600
vt 0.745600 0.990300
vt 0.760300 1.006100
vt 0.716200 0.880300
vt 0.730900 0.943200
vt 0.745600 0.974600
vt 0.760300 0.990300
vt 0.775000 1.006100
vt 0.716200 0.817400
vt 0.730900 0.880300
vt 0.730900 0.817400
vt 0.745600 0.943200
vt 0.745600 0.880300
vt 0.745600 0.817400
vt 0.760300 0.974600
vt 0.760300 0.943200
vt 0.760300 0.880300
vt 0.760300 0.817400
vt 0.760300 0.754500
vt 0.775000 0.754500
vt 0.775000 0.817400
vt 0.775000 0.880300
vt 0.775000 0.943200
vt 0.789700 0.943200
vt 0.775000 0.974600
vt 0.789700 0.880300
vt 0.789700 0.817400
vt 0.775000 0.990300
vt 0.789700 0.974600
vt 0.789700 0.990300
vt 0.789700 1.006100
vt 0.789700 0.754500
vt 0.804400 0.754500
vt 0.789700 0.691700
vt 0.804400 0.691700
vt 0.804400 0.628800
vt 0.819100 0.691700
vt 0.804400 0.817400
vt 0.819100 0.754500
vt 0.804400 0.565900
vt 0.819100 0.628800
vt 0.833800 0.691700
vt 0.804400 0.503000
vt 0.819100 0.565900
vt 0.833800 0.628800
vt 0.819100 0.503000
vt 0.804400 0.440100
vt 0.833800 0.565900
vt 0.819100 0.440100
vt 0.804400 0.377300
vt 0.819100 0.377300
vt 0.833800 0.503000
vt 0.833800 0.440100
vt 0.804400 0.314400
vt 0.804400 0.251500
vt 0.819100 0.314400
vt 0.789700 0.251500
vt 0.819100 0.251500
vt 0.833800 0.377300
vt 0.775000 0.188600
vt 0.775000 0.125800
vt 0.789700 0.188600
vt 0.804400 0.188600
vt 0.775000 0.062900
vt 0.789700 0.000000
vt 0.789700 0.125800
vt 0.789700 0.062900
vt 0.804400 0.000000
vt 0.804400 0.062900
vt 0.819100 0.000000
vt 0.804400 0.125800
vt 0.819100 0.062900
vt 0.833800 0.000000
vt 0.819100 0.125800
vt 0.833800 0.062900
vt 0.848500 0.000000
vt 0.819100 0.188600
vt 0.833800 0.125800
vt 0.833800 0.188600
vt 0.848500 0.062900
vt 0.863200 0.000000
vt 0.848500 0.125800
vt 0.863200 0.062900
vt 0.877900 0.000000
vt 0.877900 0.062900
vt 0.892600 0.000000
vt 0.863200 0.125800
vt 0.848500 0.188600
vt 0.833800 0.251500
vt 0.833800 0.314400
vt 0.848500 0.251500
vt 0.848500 0.377300
vt 0.848500 0.314400
vt 0.863200 0.188600
vt 0.863200 0.251500
vt 0.863200 0.314400
vt 0.877900 0.125800
vt 0.877900 0.188600
vt 0.877900 0.251500
vt 0.892600 0.125800
vt 0.892600 0.062900
vt 0.907300 0.000000
vt 0.907300 0.062900
vt 0.922000 0.000000
vt 0.892600 0.188600
vt 0.907300 0.125800
vt 0.907300 0.188600
vt 0.922000 0.062900
vt 0.936700 0.000000
vt 0.922000 0.125800
vt 0.922000 0.188600
vt 0.936700 0.062900
vt 0.951400 0.000000
vt 0.936700 0.125800
vt 0.936700 0.188600
vt 0.951400 0.062900
vt 0.966100 0.000000
vt 0.966100 0.062900
vt 0.951400 0.125800
vt 0.966100 0.125800
vt 0.951400 0.188600
vt 0.966100 0.188600
vt 0.951400 0.251500
vt 0.966100 0.251500
vt 0.936700 0.251500
vt 0.922000 0.251500
vt 0.951400 0.314400
vt 0.966100 0.314400
vt 0.966100 0.377300
vt 0.936700 0.314400
vt 0.951400 0.377300
vt 0.922000 0.314400
vt 0.907300 0.251500
vt 0.936700 0.377300
vt 0.892600 0.251500
vt 0.907300 0.314400
vt 0.922000 0.377300
vt 0.892600 0.314400
vt 0.907300 0.377300
vt 0.922000 0.440100
vt 0.877900 0.314400
vt 0.892600 0.377300
vt 0.907300 0.440100
vt 0.877900 0.377300
vt 0.892600 0.440100
vt 0.863200 0.377300
vt 0.877900 0.440100
vt 0.907300 0.503000
vt 0.892600 0.503000
vt 0.922000 0.503000
vt 0.848500 0.440100
vt 0.863200 0.440100
vt 0.877900 0.503000
vt 0.863200 0.503000
vt 0.848500 0.503000
vt 0.877900 0.565900
vt 0.863200 0.565900
vt 0.848500 0.565900
vt 0.892600 0.565900
vt 0.877900 0.628800
vt 0.848500 0.628800
vt 0.863200 0.628800
vt 0.848500 0.691700
vt 0.863200 0.691700
vt 0.877900 0.691700
vt 0.848500 0.754500
vt 0.892600 0.691700
vt 0.892600 0.628800
vt 0.863200 0.754500
vt 0.877900 0.754500
vt 0.892600 0.754500
vt 0.877900 0.817400
vt 0.892600 0.817400
vt 0.863200 0.817400
vt 0.892600 0.880300
vt 0.877900 0.880300
vt 0.907300 0.880300
vt 0.907300 0.817400
vt 0.907300 0.754500
vt 0.922000 0.880300
vt 0.907300 0.691700
vt 0.922000 0.817400
vt 0.922000 0.754500
vt 0.907300 0.628800
vt 0.922000 0.691700
vt 0.907300 0.565900
vt 0.922000 0.628800
vt 0.922000 0.565900
vt 0.936700 0.691700
vt 0.936700 0.628800
vt 0.936700 0.565900
vt 0.936700 0.754500
vt 0.951400 0.691700
vt 0.936700 0.817400
vt 0.951400 0.754500
vt 0.936700 0.880300
vt 0.951400 0.817400
vt 0.966100 0.754500
vt 0.966100 0.691700
vt 0.966100 0.817400
vt 0.951400 0.628800
vt 0.966100 0.628800
vt 0.951400 0.565900
vt 0.966100 0.565900
vt 0.951400 0.880300
vt 0.966100 0.880300
vt 0.936700 0.503000
vt 0.951400 0.503000
vt 0.966100 0.503000
vt 0.936700 0.440100
vt 0.951400 0.440100
vt 0.966100 0.440100
vt 0.951400 0.943200
vt 0.966100 0.943200
vt 0.936700 0.943200
vt 0.951400 0.974600
vt 0.966100 0.974600
vt 0.936700 0.974600
vt 0.922000 0.943200
vt 0.922000 0.974600
vt 0.907300 0.943200
vt 0.907300 0.974600
vt 0.892600 0.943200
vt 0.907300 0.990300
vt 0.922000 0.990300
vt 0.892600 0.974600
vt 0.877900 0.943200
vt 0.863200 0.880300
vt 0.907300 1.006100
vt 0.922000 1.006100
vt 0.892600 0.990300
vt 0.892600 1.006100
vt 0.936700 0.990300
vt 0.936700 1.006100
vt 0.951400 0.990300
vt 0.951400 1.006100
vt 0.966100 0.990300
vt 0.966100 1.006100
vt 0.877900 0.990300
vt 0.877900 1.006100
vt 0.877900 0.974600
vt 0.863200 0.990300
vt 0.863200 1.006100
vt 0.863200 0.974600
vt 0.863200 0.943200
vt 0.848500 0.990300
vt 0.848500 1.006100
vt 0.833800 1.006100
vt 0.848500 0.974600
vt 0.833800 0.990300
vt 0.819100 1.006100
vt 0.848500 0.943200
vt 0.833800 0.974600
vt 0.819100 0.990300
vt 0.804400 1.006100
vt 0.848500 0.880300
vt 0.833800 0.943200
vt 0.819100 0.974600
vt 0.804400 0.990300
vt 0.804400 0.974600
vt 0.819100 0.943200
vt 0.804400 0.943200
vt 0.833800 0.880300
vt 0.819100 0.880300
vt 0.804400 0.880300
vt 0.819100 0.817400
vt 0.833800 0.817400
vt 0.833800 0.754500
vt 0.848500 0.817400
vt 0.157800 0.974600
vt 0.143100 0.974600
vt 0.143100 0.943200
vt 0.157800 0.943200
vt 0.157800 0.990300
vt 0.143100 0.990300
vt 0.157800 1.006100
vt 0.143100 1.006100
vt 0.025500 0.062900
vt 0.040200 0.062900
vt 0.040200 0.000000
vt 0.040200 0.000000
vt 0.025500 0.000000
vt 0.025500 0.062900
vt 0.040200 0.062900
vt 0.054900 0.062900
vt 0.054900 0.000000
vt 0.040200 0.000000
vt 0.069600 0.000000
vt 0.025500 0.125800
vt 0.025500 0.062900
vt 0.040200 0.125800
vt 0.025500 0.188600
vt 0.069600 0.062900
vt 0.084300 0.000000
vt 0.054900 0.125800
vt 0.040200 0.188600
vt 0.040200 0.251500
vt 0.025500 0.251500
vt 0.054900 0.188600
vt 0.069600 0.125800
vt 0.084300 0.062900
vt 0.099000 0.000000
vt 0.040200 0.314400
vt 0.025500 0.314400
vt 0.040200 0.377300
vt 0.025500 0.377300
vt 0.054900 0.314400
vt 0.054900 0.251500
vt 0.040200 0.440100
vt 0.025500 0.440100
vt 0.054900 0.377300
vt 0.069600 0.314400
vt 0.040200 0.503000
vt 0.025500 0.503000
vt 0.054900 0.440100
vt 0.069600 0.377300
vt 0.040200 0.565900
vt 0.025500 0.565900
vt 0.054900 0.503000
vt 0.069600 0.440100
vt 0.040200 0.628800
vt 0.025500 0.628800
vt 0.054900 0.565900
vt 0.069600 0.503000
vt 0.040200 0.691700
vt 0.025500 0.691700
vt 0.054900 0.628800
vt 0.040200 0.754500
vt 0.069600 0.565900
vt 0.025500 0.754500
vt 0.054900 0.691700
vt 0.069600 0.628800
vt 0.054900 0.754500
vt 0.040200 0.817400
vt 0.025500 0.817400
vt 0.054900 0.817400
vt 0.069600 0.691700
vt 0.069600 0.754500
vt 0.054900 0.880300
vt 0.040200 0.880300
vt 0.025500 0.880300
vt 0.040200 0.943200
vt 0.025500 0.943200
vt 0.054900 0.943200
vt 0.040200 0.974600
vt 0.025500 0.974600
vt 0.069600 0.943200
vt 0.040200 0.990300
vt 0.025500 0.990300
vt 0.040200 1.006100
vt 0.025500 1.006100
vt 0.054900 1.006100
vt 0.054900 0.990300
vt 0.069600 1.006100
vt 0.054900 0.974600
vt 0.069600 0.990300
vt 0.069600 0.974600
vt 0.084300 0.990300
vt 0.084300 1.006100
vt 0.084300 0.974600
vt 0.099000 0.990300
vt 0.099000 1.006100
vt 0.099000 0.974600
vt 0.113700 0.990300
vt 0.113700 1.006100
vt 0.113700 0.974600
vt 0.128400 0.990300
vt 0.128400 1.006100
vt 0.143100 0.990300
vt 0.143100 1.006100
vt 0.143100 0.974600
vt 0.128400 0.974600
vt 0.143100 0.943200
vt 0.128400 0.943200
vt 0.113700 0.943200
vt 0.143100 0.880300
vt 0.099000 0.943200
vt 0.128400 0.880300
vt 0.157800 0.943200
vt 0.113700 0.880300
vt 0.143100 0.817400
vt 0.084300 0.943200
vt 0.099000 0.880300
vt 0.128400 0.817400
vt 0.113700 0.817400
vt 0.084300 0.880300
vt 0.099000 0.817400
vt 0.069600 0.880300
vt 0.084300 0.817400
vt 0.069600 0.817400
vt 0.084300 0.754500
vt 0.099000 0.754500
vt 0.113700 0.754500
vt 0.084300 0.691700
vt 0.099000 0.691700
vt 0.113700 0.691700
vt 0.084300 0.628800
vt 0.099000 0.628800
vt 0.113700 0.628800
vt 0.084300 0.565900
vt 0.099000 0.565900
vt 0.113700 0.565900
vt 0.084300 0.503000
vt 0.099000 0.503000
vt 0.113700 0.503000
vt 0.084300 0.440100
vt 0.099000 0.440100
vt 0.113700 0.440100
vt 0.084300 0.377300
vt 0.099000 0.377300
vt 0.113700 0.377300
vt 0.084300 0.314400
vt 0.099000 0.314400
vt 0.113700 0.314400
vt 0.069600 0.251500
vt 0.084300 0.251500
vt 0.069600 0.188600
vt 0.084300 0.188600
vt 0.084300 0.125800
vt 0.099000 0.062900
vt 0.099000 0.125800
vt 0.113700 0.062900
vt 0.113700 0.000000
vt 0.099000 0.188600
vt 0.113700 0.125800
vt 0.128400 0.062900
vt 0.128400 0.000000
vt 0.143100 0.000000
vt 0.099000 0.251500
vt 0.113700 0.188600
vt 0.113700 0.251500
vt 0.128400 0.125800
vt 0.128400 0.188600
vt 0.128400 0.314400
vt 0.128400 0.251500
vt 0.143100 0.062900
vt 0.157800 0.000000
vt 0.143100 0.125800
vt 0.157800 0.062900
vt 0.172500 0.000000
vt 0.143100 0.188600
vt 0.157800 0.125800
vt 0.172500 0.062900
vt 0.187200 0.000000
vt 0.187200 0.062900
vt 0.201900 0.000000
vt 0.172500 0.125800
vt 0.157800 0.188600
vt 0.187200 0.125800
vt 0.201900 0.062900
vt 0.216600 0.000000
vt 0.172500 0.188600
vt 0.201900 0.125800
vt 0.216600 0.062900
vt 0.231300 0.062900
vt 0.231300 0.000000
vt 0.216600 0.125800
vt 0.187200 0.188600
vt 0.201900 0.188600
vt 0.246000 0.062900
vt 0.246000 0.000000
vt 0.260700 0.000000
vt 0.172500 0.251500
vt 0.187200 0.251500
vt 0.260700 0.062900
vt 0.275400 0.000000
vt 0.231300 0.125800
vt 0.246000 0.125800
vt 0.275400 0.062900
vt 0.290100 0.000000
vt 0.260700 0.125800
vt 0.290100 0.062900
vt 0.304800 0.000000
vt 0.275400 0.125800
vt 0.246000 0.188600
vt 0.260700 0.188600
vt 0.231300 0.188600
vt 0.246000 0.251500
vt 0.216600 0.188600
vt 0.231300 0.251500
vt 0.216600 0.251500
vt 0.201900 0.251500
vt 0.187200 0.314400
vt 0.201900 0.314400
vt 0.216600 0.314400
vt 0.231300 0.314400
vt 0.201900 0.377300
vt 0.187200 0.377300
vt 0.216600 0.377300
vt 0.246000 0.314400
vt 0.187200 0.440100
vt 0.231300 0.377300
vt 0.201900 0.440100
vt 0.216600 0.440100
vt 0.260700 0.314400
vt 0.246000 0.377300
vt 0.231300 0.440100
vt 0.201900 0.503000
vt 0.216600 0.503000
vt 0.187200 0.503000
vt 0.201900 0.565900
vt 0.246000 0.440100
vt 0.231300 0.503000
vt 0.260700 0.377300
vt 0.216600 0.565900
vt 0.246000 0.503000
vt 0.187200 0.565900
vt 0.231300 0.565900
vt 0.260700 0.440100
vt 0.246000 0.565900
vt 0.260700 0.503000
vt 0.275400 0.440100
vt 0.275400 0.503000
vt 0.275400 0.377300
vt 0.290100 0.503000
vt 0.290100 0.440100
vt 0.275400 0.314400
vt 0.290100 0.377300
vt 0.304800 0.440100
vt 0.260700 0.251500
vt 0.275400 0.188600
vt 0.275400 0.251500
vt 0.290100 0.125800
vt 0.290100 0.188600
vt 0.290100 0.314400
vt 0.304800 0.062900
vt 0.304800 0.125800
vt 0.319400 0.062900
vt 0.319400 0.000000
vt 0.334100 0.000000
vt 0.304800 0.377300
vt 0.334100 0.062900
vt 0.348800 0.000000
vt 0.319400 0.125800
vt 0.348800 0.062900
vt 0.363500 0.000000
vt 0.334100 0.125800
vt 0.304800 0.188600
vt 0.319400 0.188600
vt 0.290100 0.251500
vt 0.304800 0.251500
vt 0.304800 0.314400
vt 0.319400 0.251500
vt 0.334100 0.188600
vt 0.319400 0.377300
vt 0.319400 0.314400
vt 0.334100 0.251500
vt 0.334100 0.377300
vt 0.348800 0.125800
vt 0.348800 0.188600
vt 0.334100 0.314400
vt 0.348800 0.314400
vt 0.348800 0.251500
vt 0.348800 0.377300
vt 0.363500 0.314400
vt 0.319400 0.440100
vt 0.334100 0.440100
vt 0.319400 0.503000
vt 0.304800 0.503000
vt 0.319400 0.565900
vt 0.304800 0.565900
vt 0.334100 0.503000
vt 0.348800 0.440100
vt 0.290100 0.565900
vt 0.319400 0.628800
vt 0.304800 0.628800
vt 0.275400 0.565900
vt 0.290100 0.628800
vt 0.334100 0.565900
vt 0.260700 0.565900
vt 0.275400 0.628800
vt 0.348800 0.503000
vt 0.348800 0.565900
vt 0.334100 0.628800
vt 0.319400 0.691700
vt 0.348800 0.628800
vt 0.304800 0.691700
vt 0.334100 0.691700
vt 0.319400 0.754500
vt 0.290100 0.691700
vt 0.304800 0.754500
vt 0.334100 0.754500
vt 0.275400 0.691700
vt 0.319400 0.817400
vt 0.290100 0.754500
vt 0.304800 0.817400
vt 0.348800 0.691700
vt 0.334100 0.817400
vt 0.319400 0.880300
vt 0.348800 0.754500
vt 0.363500 0.628800
vt 0.363500 0.691700
vt 0.363500 0.565900
vt 0.378200 0.628800
vt 0.363500 0.503000
vt 0.378200 0.565900
vt 0.378200 0.503000
vt 0.363500 0.440100
vt 0.378200 0.440100
vt 0.392900 0.503000
vt 0.392900 0.440100
vt 0.363500 0.377300
vt 0.378200 0.377300
vt 0.378200 0.314400
vt 0.392900 0.377300
vt 0.392900 0.314400
vt 0.378200 0.251500
vt 0.407600 0.377300
vt 0.407600 0.314400
vt 0.392900 0.251500
vt 0.407600 0.251500
vt 0.422300 0.314400
vt 0.407600 0.440100
vt 0.422300 0.440100
vt 0.407600 0.503000
vt 0.422300 0.377300
vt 0.437000 0.440100
vt 0.437000 0.377300
vt 0.422300 0.503000
vt 0.407600 0.565900
vt 0.437000 0.503000
vt 0.392900 0.565900
vt 0.422300 0.565900
vt 0.407600 0.628800
vt 0.392900 0.628800
vt 0.422300 0.628800
vt 0.437000 0.565900
vt 0.451700 0.503000
vt 0.407600 0.691700
vt 0.422300 0.691700
vt 0.437000 0.628800
vt 0.451700 0.565900
vt 0.392900 0.691700
vt 0.422300 0.754500
vt 0.407600 0.754500
vt 0.378200 0.691700
vt 0.392900 0.754500
vt 0.363500 0.754500
vt 0.378200 0.754500
vt 0.348800 0.817400
vt 0.363500 0.817400
vt 0.334100 0.880300
vt 0.348800 0.880300
vt 0.378200 0.817400
vt 0.319400 0.943200
vt 0.392900 0.817400
vt 0.407600 0.817400
vt 0.334100 0.943200
vt 0.363500 0.880300
vt 0.348800 0.943200
vt 0.378200 0.880300
vt 0.363500 0.943200
vt 0.392900 0.880300
vt 0.407600 0.880300
vt 0.392900 0.943200
vt 0.407600 0.943200
vt 0.422300 0.943200
vt 0.422300 0.880300
vt 0.422300 0.817400
vt 0.378200 0.943200
vt 0.392900 0.974600
vt 0.437000 0.754500
vt 0.437000 0.817400
vt 0.437000 0.880300
vt 0.451700 0.754500
vt 0.451700 0.817400
vt 0.437000 0.943200
vt 0.437000 0.691700
vt 0.451700 0.691700
vt 0.451700 0.628800
vt 0.466400 0.691700
vt 0.466400 0.628800
vt 0.466400 0.565900
vt 0.466400 0.503000
vt 0.481100 0.565900
vt 0.481100 0.628800
vt 0.466400 0.754500
vt 0.481100 0.691700
vt 0.495800 0.628800
vt 0.495800 0.691700
vt 0.481100 0.754500
vt 0.466400 0.817400
vt 0.495800 0.754500
vt 0.451700 0.880300
vt 0.466400 0.880300
vt 0.451700 0.943200
vt 0.437000 0.974600
vt 0.466400 0.943200
vt 0.481100 0.817400
vt 0.481100 0.880300
vt 0.495800 0.817400
vt 0.495800 0.880300
vt 0.451700 0.974600
vt 0.481100 0.943200
vt 0.495800 0.943200
vt 0.466400 0.974600
vt 0.495800 0.974600
vt 0.481100 0.974600
vt 0.451700 0.990300
vt 0.466400 0.990300
vt 0.437000 0.990300
vt 0.451700 1.006100
vt 0.437000 1.006100
vt 0.466400 1.006100
vt 0.422300 1.006100
vt 0.481100 0.990300
vt 0.481100 1.006100
vt 0.495800 1.006100
vt 0.495800 0.990300
vt 0.510500 1.006100
vt 0.510500 0.990300
vt 0.525200 1.006100
vt 0.510500 0.974600
vt 0.525200 0.990300
vt 0.539900 1.006100
vt 0.510500 0.943200
vt 0.525200 0.943200
vt 0.510500 0.880300
vt 0.525200 0.974600
vt 0.539900 0.990300
vt 0.539900 0.974600
vt 0.510500 0.817400
vt 0.525200 0.880300
vt 0.539900 0.943200
vt 0.525200 0.817400
vt 0.510500 0.754500
vt 0.539900 0.880300
vt 0.525200 0.754500
vt 0.510500 0.691700
vt 0.539900 0.817400
vt 0.525200 0.691700
vt 0.510500 0.628800
vt 0.539900 0.754500
vt 0.525200 0.628800
vt 0.495800 0.565900
vt 0.539900 0.691700
vt 0.554600 0.691700
vt 0.510500 0.565900
vt 0.539900 0.628800
vt 0.525200 0.565900
vt 0.495800 0.503000
vt 0.510500 0.503000
vt 0.481100 0.503000
vt 0.466400 0.440100
vt 0.481100 0.440100
vt 0.451700 0.440100
vt 0.466400 0.377300
vt 0.451700 0.377300
vt 0.495800 0.440100
vt 0.481100 0.377300
vt 0.437000 0.314400
vt 0.451700 0.314400
vt 0.466400 0.314400
vt 0.422300 0.251500
vt 0.437000 0.251500
vt 0.451700 0.251500
vt 0.481100 0.314400
vt 0.466400 0.251500
vt 0.495800 0.377300
vt 0.481100 0.251500
vt 0.510500 0.440100
vt 0.495800 0.314400
vt 0.510500 0.377300
vt 0.525200 0.503000
vt 0.525200 0.440100
vt 0.539900 0.565900
vt 0.539900 0.503000
vt 0.554600 0.628800
vt 0.554600 0.565900
vt 0.569300 0.628800
vt 0.554600 0.503000
vt 0.539900 0.440100
vt 0.569300 0.565900
vt 0.554600 0.440100
vt 0.525200 0.377300
vt 0.569300 0.503000
vt 0.584000 0.565900
vt 0.510500 0.314400
vt 0.539900 0.377300
vt 0.525200 0.314400
vt 0.495800 0.251500
vt 0.510500 0.251500
vt 0.481100 0.188600
vt 0.495800 0.188600
vt 0.525200 0.251500
vt 0.539900 0.314400
vt 0.510500 0.188600
vt 0.466400 0.188600
vt 0.495800 0.125800
vt 0.451700 0.188600
vt 0.481100 0.125800
vt 0.466400 0.125800
vt 0.437000 0.188600
vt 0.451700 0.125800
vt 0.466400 0.062900
vt 0.422300 0.188600
vt 0.437000 0.125800
vt 0.451700 0.062900
vt 0.422300 0.125800
vt 0.407600 0.188600
vt 0.437000 0.062900
vt 0.451700 0.000000
vt 0.437000 0.000000
vt 0.466400 0.000000
vt 0.481100 0.000000
vt 0.422300 0.062900
vt 0.422300 0.000000
vt 0.481100 0.062900
vt 0.495800 0.000000
vt 0.495800 0.062900
vt 0.510500 0.000000
vt 0.510500 0.062900
vt 0.525200 0.000000
vt 0.510500 0.125800
vt 0.525200 0.062900
vt 0.539900 0.000000
vt 0.539900 0.062900
vt 0.525200 0.125800
vt 0.554600 0.000000
vt 0.525200 0.188600
vt 0.539900 0.125800
vt 0.554600 0.062900
vt 0.569300 0.000000
vt 0.539900 0.188600
vt 0.554600 0.125800
vt 0.569300 0.062900
vt 0.584000 0.062900
vt 0.584000 0.000000
vt 0.569300 0.125800
vt 0.598700 0.000000
vt 0.554600 0.188600
vt 0.584000 0.125800
vt 0.598700 0.062900
vt 0.613400 0.000000
vt 0.539900 0.251500
vt 0.554600 0.251500
vt 0.569300 0.188600
vt 0.613400 0.062900
vt 0.628100 0.000000
vt 0.598700 0.125800
vt 0.584000 0.188600
vt 0.569300 0.251500
vt 0.598700 0.188600
vt 0.613400 0.125800
vt 0.628100 0.062900
vt 0.642800 0.000000
vt 0.584000 0.251500
vt 0.642800 0.062900
vt 0.657400 0.000000
vt 0.628100 0.125800
vt 0.613400 0.188600
vt 0.657400 0.062900
vt 0.672100 0.000000
vt 0.642800 0.125800
vt 0.628100 0.188600
vt 0.672100 0.062900
vt 0.686800 0.000000
vt 0.657400 0.125800
vt 0.642800 0.188600
vt 0.642800 0.251500
vt 0.657400 0.188600
vt 0.672100 0.125800
vt 0.686800 0.062900
vt 0.701500 0.062900
vt 0.701500 0.000000
vt 0.686800 0.125800
vt 0.672100 0.188600
vt 0.716200 0.062900
vt 0.716200 0.000000
vt 0.701500 0.125800
vt 0.730900 0.000000
vt 0.686800 0.188600
vt 0.716200 0.125800
vt 0.730900 0.062900
vt 0.745600 0.000000
vt 0.701500 0.188600
vt 0.730900 0.125800
vt 0.745600 0.062900
vt 0.760300 0.000000
vt 0.716200 0.188600
vt 0.745600 0.125800
vt 0.760300 0.062900
vt 0.775000 0.000000
vt 0.730900 0.188600
vt 0.760300 0.125800
vt 0.775000 0.062900
vt 0.789700 0.000000
vt 0.745600 0.188600
vt 0.775000 0.125800
vt 0.789700 0.062900
vt 0.804400 0.000000
vt 0.760300 0.188600
vt 0.789700 0.125800
vt 0.804400 0.062900
vt 0.819100 0.000000
vt 0.775000 0.188600
vt 0.804400 0.125800
vt 0.819100 0.062900
vt 0.833800 0.000000
vt 0.760300 0.251500
vt 0.789700 0.188600
vt 0.775000 0.251500
vt 0.804400 0.188600
vt 0.745600 0.251500
vt 0.775000 0.314400
vt 0.789700 0.251500
vt 0.760300 0.314400
vt 0.730900 0.251500
vt 0.745600 0.314400
vt 0.775000 0.377300
vt 0.760300 0.377300
vt 0.730900 0.314400
vt 0.745600 0.377300
vt 0.716200 0.251500
vt 0.730900 0.377300
vt 0.716200 0.314400
vt 0.701500 0.251500
vt 0.701500 0.314400
vt 0.716200 0.377300
vt 0.686800 0.251500
vt 0.686800 0.314400
vt 0.701500 0.377300
vt 0.672100 0.251500
vt 0.672100 0.314400
vt 0.686800 0.377300
vt 0.657400 0.314400
vt 0.657400 0.251500
vt 0.672100 0.377300
vt 0.672100 0.440100
vt 0.657400 0.377300
vt 0.642800 0.314400
vt 0.628100 0.251500
vt 0.613400 0.251500
vt 0.628100 0.314400
vt 0.642800 0.377300
vt 0.598700 0.251500
vt 0.657400 0.440100
vt 0.613400 0.314400
vt 0.628100 0.377300
vt 0.598700 0.314400
vt 0.613400 0.377300
vt 0.642800 0.440100
vt 0.628100 0.440100
vt 0.598700 0.377300
vt 0.584000 0.314400
vt 0.569300 0.314400
vt 0.584000 0.377300
vt 0.613400 0.440100
vt 0.554600 0.314400
vt 0.569300 0.377300
vt 0.554600 0.377300
vt 0.569300 0.440100
vt 0.584000 0.440100
vt 0.584000 0.503000
vt 0.598700 0.440100
vt 0.598700 0.503000
vt 0.613400 0.503000
vt 0.628100 0.503000
vt 0.598700 0.565900
vt 0.613400 0.565900
vt 0.628100 0.565900
vt 0.642800 0.503000
vt 0.642800 0.565900
vt 0.657400 0.503000
vt 0.657400 0.565900
vt 0.642800 0.628800
vt 0.672100 0.503000
vt 0.672100 0.565900
vt 0.657400 0.628800
vt 0.672100 0.628800
vt 0.686800 0.565900
vt 0.686800 0.503000
vt 0.686800 0.440100
vt 0.686800 0.628800
vt 0.701500 0.440100
vt 0.686800 0.691700
vt 0.701500 0.503000
vt 0.701500 0.565900
vt 0.701500 0.628800
vt 0.701500 0.691700
vt 0.716200 0.628800
vt 0.716200 0.565900
vt 0.716200 0.691700
vt 0.716200 0.503000
vt 0.730900 0.628800
vt 0.716200 0.440100
vt 0.730900 0.565900
vt 0.730900 0.503000
vt 0.730900 0.440100
vt 0.745600 0.440100
vt 0.745600 0.503000
vt 0.745600 0.565900
vt 0.745600 0.628800
vt 0.760300 0.440100
vt 0.760300 0.503000
vt 0.760300 0.565900
vt 0.760300 0.628800
vt 0.775000 0.440100
vt 0.775000 0.503000
vt 0.775000 0.565900
vt 0.775000 0.628800
vt 0.789700 0.565900
vt 0.789700 0.503000
vt 0.789700 0.628800
vt 0.789700 0.440100
vt 0.804400 0.565900
vt 0.789700 0.377300
vt 0.804400 0.503000
vt 0.804400 0.440100
vt 0.789700 0.314400
vt 0.804400 0.377300
vt 0.804400 0.251500
vt 0.804400 0.314400
vt 0.819100 0.188600
vt 0.819100 0.251500
vt 0.819100 0.125800
vt 0.833800 0.188600
vt 0.819100 0.314400
vt 0.833800 0.062900
vt 0.848500 0.000000
vt 0.833800 0.125800
vt 0.848500 0.062900
vt 0.863200 0.000000
vt 0.863200 0.062900
vt 0.877900 0.000000
vt 0.848500 0.125800
vt 0.848500 0.188600
vt 0.833800 0.251500
vt 0.848500 0.251500
vt 0.863200 0.188600
vt 0.863200 0.125800
vt 0.877900 0.062900
vt 0.892600 0.000000
vt 0.892600 0.062900
vt 0.907300 0.000000
vt 0.877900 0.125800
vt 0.877900 0.188600
vt 0.892600 0.125800
vt 0.892600 0.188600
vt 0.877900 0.251500
vt 0.907300 0.062900
vt 0.922000 0.062900
vt 0.922000 0.000000
vt 0.907300 0.125800
vt 0.907300 0.188600
vt 0.936700 0.062900
vt 0.936700 0.000000
vt 0.922000 0.125800
vt 0.951400 0.000000
vt 0.951400 0.062900
vt 0.966100 0.000000
vt 0.966100 0.062900
vt 0.936700 0.125800
vt 0.951400 0.125800
vt 0.966100 0.125800
vt 0.951400 0.188600
vt 0.966100 0.188600
vt 0.936700 0.188600
vt 0.922000 0.188600
vt 0.951400 0.251500
vt 0.966100 0.251500
vt 0.966100 0.314400
vt 0.936700 0.251500
vt 0.951400 0.314400
vt 0.966100 0.377300
vt 0.922000 0.251500
vt 0.936700 0.314400
vt 0.951400 0.377300
vt 0.966100 0.440100
vt 0.907300 0.251500
vt 0.922000 0.314400
vt 0.936700 0.377300
vt 0.951400 0.440100
vt 0.966100 0.503000
vt 0.951400 0.503000
vt 0.966100 0.565900
vt 0.936700 0.440100
vt 0.922000 0.377300
vt 0.907300 0.314400
vt 0.951400 0.565900
vt 0.966100 0.628800
vt 0.936700 0.503000
vt 0.922000 0.440100
vt 0.907300 0.377300
vt 0.951400 0.628800
vt 0.966100 0.691700
vt 0.936700 0.565900
vt 0.922000 0.503000
vt 0.907300 0.440100
vt 0.951400 0.691700
vt 0.966100 0.754500
vt 0.936700 0.628800
vt 0.922000 0.565900
vt 0.907300 0.503000
vt 0.922000 0.628800
vt 0.936700 0.691700
vt 0.951400 0.754500
vt 0.951400 0.817400
vt 0.966100 0.817400
vt 0.936700 0.754500
vt 0.922000 0.691700
vt 0.936700 0.817400
vt 0.951400 0.880300
vt 0.966100 0.880300
vt 0.936700 0.880300
vt 0.922000 0.754500
vt 0.922000 0.817400
vt 0.951400 0.943200
vt 0.966100 0.943200
vt 0.936700 0.943200
vt 0.922000 0.880300
vt 0.951400 0.974600
vt 0.966100 0.974600
vt 0.936700 0.974600
vt 0.922000 0.943200
vt 0.951400 0.990300
vt 0.966100 0.990300
vt 0.936700 0.990300
vt 0.936700 1.006100
vt 0.951400 1.006100
vt 0.922000 0.974600
vt 0.922000 0.990300
vt 0.922000 1.006100
vt 0.907300 1.006100
vt 0.907300 0.990300
vt 0.907300 0.974600
vt 0.892600 0.990300
vt 0.892600 1.006100
vt 0.892600 0.974600
vt 0.907300 0.943200
vt 0.892600 0.943200
vt 0.907300 0.880300
vt 0.892600 0.880300
vt 0.907300 0.817400
vt 0.892600 0.817400
vt 0.907300 0.754500
vt 0.892600 0.754500
vt 0.907300 0.691700
vt 0.892600 0.691700
vt 0.907300 0.628800
vt 0.892600 0.628800
vt 0.907300 0.565900
vt 0.892600 0.565900
vt 0.892600 0.503000
vt 0.892600 0.440100
vt 0.877900 0.503000
vt 0.877900 0.440100
vt 0.892600 0.377300
vt 0.877900 0.377300
vt 0.892600 0.314400
vt 0.877900 0.314400
vt 0.863200 0.377300
vt 0.863200 0.314400
vt 0.863200 0.440100
vt 0.848500 0.314400
vt 0.863200 0.251500
vt 0.892600 0.251500
vt 0.833800 0.314400
vt 0.848500 0.377300
vt 0.833800 0.377300
vt 0.848500 0.440100
vt 0.819100 0.377300
vt 0.833800 0.440100
vt 0.819100 0.440100
vt 0.863200 0.503000
vt 0.848500 0.503000
vt 0.833800 0.503000
vt 0.819100 0.503000
vt 0.877900 0.565900
vt 0.863200 0.565900
vt 0.877900 0.628800
vt 0.848500 0.565900
vt 0.863200 0.628800
vt 0.877900 0.691700
vt 0.833800 0.565900
vt 0.848500 0.628800
vt 0.863200 0.691700
vt 0.877900 0.754500
vt 0.819100 0.565900
vt 0.833800 0.628800
vt 0.819100 0.628800
vt 0.804400 0.628800
vt 0.848500 0.691700
vt 0.833800 0.691700
vt 0.819100 0.691700
vt 0.804400 0.691700
vt 0.789700 0.691700
vt 0.819100 0.754500
vt 0.833800 0.754500
vt 0.804400 0.754500
vt 0.775000 0.691700
vt 0.789700 0.754500
vt 0.804400 0.817400
vt 0.760300 0.691700
vt 0.775000 0.754500
vt 0.789700 0.817400
vt 0.745600 0.691700
vt 0.760300 0.754500
vt 0.775000 0.817400
vt 0.789700 0.880300
vt 0.760300 0.817400
vt 0.775000 0.880300
vt 0.745600 0.754500
vt 0.760300 0.880300
vt 0.730900 0.691700
vt 0.730900 0.754500
vt 0.745600 0.817400
vt 0.716200 0.754500
vt 0.730900 0.817400
vt 0.745600 0.880300
vt 0.760300 0.943200
vt 0.701500 0.754500
vt 0.686800 0.754500
vt 0.701500 0.817400
vt 0.686800 0.817400
vt 0.672100 0.754500
vt 0.672100 0.817400
vt 0.716200 0.817400
vt 0.686800 0.880300
vt 0.701500 0.880300
vt 0.730900 0.880300
vt 0.716200 0.880300
vt 0.745600 0.943200
vt 0.730900 0.943200
vt 0.701500 0.943200
vt 0.716200 0.943200
vt 0.686800 0.943200
vt 0.701500 0.974600
vt 0.686800 0.974600
vt 0.672100 0.943200
vt 0.672100 0.974600
vt 0.672100 0.880300
vt 0.657400 0.943200
vt 0.657400 0.880300
vt 0.657400 0.817400
vt 0.657400 0.974600
vt 0.657400 0.990300
vt 0.642800 0.880300
vt 0.642800 0.943200
vt 0.642800 0.974600
vt 0.628100 0.880300
vt 0.628100 0.943200
vt 0.642800 0.817400
vt 0.628100 0.817400
vt 0.613400 0.880300
vt 0.613400 0.817400
vt 0.628100 0.754500
vt 0.642800 0.754500
vt 0.657400 0.754500
vt 0.613400 0.754500
vt 0.598700 0.754500
vt 0.628100 0.691700
vt 0.642800 0.691700
vt 0.657400 0.691700
vt 0.672100 0.691700
vt 0.628100 0.628800
vt 0.613400 0.628800
vt 0.613400 0.691700
vt 0.598700 0.628800
vt 0.598700 0.691700
vt 0.584000 0.628800
vt 0.569300 0.691700
vt 0.584000 0.691700
vt 0.554600 0.754500
vt 0.569300 0.754500
vt 0.554600 0.817400
vt 0.584000 0.754500
vt 0.569300 0.817400
vt 0.584000 0.817400
vt 0.554600 0.880300
vt 0.569300 0.880300
vt 0.554600 0.943200
vt 0.554600 0.974600
vt 0.569300 0.943200
vt 0.554600 0.990300
vt 0.554600 1.006100
vt 0.569300 0.974600
vt 0.569300 0.990300
vt 0.569300 1.006100
vt 0.584000 0.943200
vt 0.584000 0.880300
vt 0.584000 0.990300
vt 0.584000 1.006100
vt 0.584000 0.974600
vt 0.598700 0.990300
vt 0.598700 1.006100
vt 0.613400 1.006100
vt 0.598700 0.974600
vt 0.613400 0.990300
vt 0.628100 1.006100
vt 0.598700 0.943200
vt 0.613400 0.974600
vt 0.628100 0.990300
vt 0.642800 1.006100
vt 0.598700 0.880300
vt 0.613400 0.943200
vt 0.628100 0.974600
vt 0.642800 0.990300
vt 0.657400 1.006100
vt 0.598700 0.817400
vt 0.672100 0.990300
vt 0.672100 1.006100
vt 0.686800 0.990300
vt 0.686800 1.006100
vt 0.701500 0.990300
vt 0.701500 1.006100
vt 0.716200 0.974600
vt 0.716200 0.990300
vt 0.716200 1.006100
vt 0.730900 1.006100
vt 0.730900 0.990300
vt 0.745600 1.006100
vt 0.730900 0.974600
vt 0.745600 0.990300
vt 0.760300 1.006100
vt 0.745600 0.974600
vt 0.760300 0.990300
vt 0.775000 1.006100
vt 0.760300 0.974600
vt 0.775000 0.990300
vt 0.789700 1.006100
vt 0.775000 0.974600
vt 0.775000 0.943200
vt 0.789700 0.990300
vt 0.804400 0.990300
vt 0.804400 1.006100
vt 0.789700 0.974600
vt 0.789700 0.943200
vt 0.804400 0.974600
vt 0.804400 0.943200
vt 0.804400 0.880300
vt 0.819100 0.817400
vt 0.819100 0.880300
vt 0.833800 0.817400
vt 0.819100 0.943200
vt 0.833800 0.880300
vt 0.848500 0.817400
vt 0.819100 0.974600
vt 0.833800 0.943200
vt 0.848500 0.880300
vt 0.848500 0.943200
vt 0.848500 0.754500
vt 0.833800 0.974600
vt 0.848500 0.974600
vt 0.863200 0.943200
vt 0.833800 0.990300
vt 0.848500 0.990300
vt 0.819100 0.990300
vt 0.819100 1.006100
vt 0.833800 1.006100
vt 0.848500 1.006100
vt 0.863200 0.880300
vt 0.863200 0.817400
vt 0.877900 0.943200
vt 0.863200 0.754500
vt 0.877900 0.817400
vt 0.877900 0.880300
vt 0.877900 0.974600
vt 0.863200 0.974600
vt 0.877900 0.990300
vt 0.863200 0.990300
vt 0.877900 1.006100
vt 0.863200 1.006100
vt 0.157800 0.251500
vt 0.143100 0.251500
vt 0.172500 0.314400
vt 0.157800 0.314400
vt 0.143100 0.314400
vt 0.143100 0.377300
vt 0.128400 0.377300
vt 0.128400 0.440100
vt 0.157800 0.377300
vt 0.143100 0.440100
vt 0.128400 0.503000
vt 0.157800 0.440100
vt 0.143100 0.503000
vt 0.128400 0.565900
vt 0.128400 0.628800
vt 0.143100 0.565900
vt 0.157800 0.503000
vt 0.172500 0.440100
vt 0.157800 0.565900
vt 0.172500 0.377300
vt 0.172500 0.503000
vt 0.172500 0.565900
vt 0.157800 0.628800
vt 0.143100 0.628800
vt 0.172500 0.628800
vt 0.187200 0.628800
vt 0.128400 0.691700
vt 0.143100 0.691700
vt 0.128400 0.754500
vt 0.143100 0.754500
vt 0.157800 0.691700
vt 0.172500 0.691700
vt 0.157800 0.754500
vt 0.172500 0.754500
vt 0.187200 0.691700
vt 0.187200 0.754500
vt 0.172500 0.817400
vt 0.157800 0.817400
vt 0.157800 0.880300
vt 0.172500 0.880300
vt 0.172500 0.943200
vt 0.172500 0.974600
vt 0.157800 0.974600
vt 0.187200 0.943200
vt 0.187200 0.974600
vt 0.172500 0.990300
vt 0.157800 0.990300
vt 0.172500 1.006100
vt 0.157800 1.006100
vt 0.187200 1.006100
vt 0.187200 0.990300
vt 0.201900 1.006100
vt 0.201900 0.990300
vt 0.201900 0.974600
vt 0.216600 0.990300
vt 0.216600 1.006100
vt 0.216600 0.974600
vt 0.231300 0.990300
vt 0.231300 1.006100
vt 0.231300 0.974600
vt 0.246000 0.990300
vt 0.246000 1.006100
vt 0.246000 0.974600
vt 0.260700 0.990300
vt 0.260700 1.006100
vt 0.275400 1.006100
vt 0.260700 0.974600
vt 0.275400 0.990300
vt 0.290100 1.006100
vt 0.290100 0.990300
vt 0.304800 1.006100
vt 0.275400 0.974600
vt 0.260700 0.943200
vt 0.304800 0.990300
vt 0.319400 1.006100
vt 0.290100 0.974600
vt 0.275400 0.943200
vt 0.246000 0.943200
vt 0.260700 0.880300
vt 0.231300 0.943200
vt 0.246000 0.880300
vt 0.216600 0.943200
vt 0.231300 0.880300
vt 0.201900 0.943200
vt 0.216600 0.880300
vt 0.187200 0.880300
vt 0.201900 0.880300
vt 0.187200 0.817400
vt 0.201900 0.817400
vt 0.216600 0.817400
vt 0.201900 0.754500
vt 0.216600 0.754500
vt 0.231300 0.817400
vt 0.231300 0.754500
vt 0.246000 0.817400
vt 0.246000 0.754500
vt 0.231300 0.691700
vt 0.246000 0.691700
vt 0.216600 0.691700
vt 0.246000 0.628800
vt 0.201900 0.691700
vt 0.231300 0.628800
vt 0.216600 0.628800
vt 0.201900 0.628800
vt 0.260700 0.628800
vt 0.260700 0.691700
vt 0.275400 0.754500
vt 0.260700 0.754500
vt 0.290100 0.817400
vt 0.275400 0.817400
vt 0.260700 0.817400
vt 0.275400 0.880300
vt 0.290100 0.880300
vt 0.290100 0.943200
vt 0.304800 0.880300
vt 0.304800 0.943200
vt 0.304800 0.974600
vt 0.319400 0.974600
vt 0.319400 0.990300
vt 0.334100 0.974600
vt 0.334100 0.990300
vt 0.334100 1.006100
vt 0.348800 0.974600
vt 0.348800 0.990300
vt 0.348800 1.006100
vt 0.363500 0.974600
vt 0.363500 0.990300
vt 0.363500 1.006100
vt 0.378200 0.974600
vt 0.378200 0.990300
vt 0.378200 1.006100
vt 0.392900 1.006100
vt 0.392900 0.990300
vt 0.407600 1.006100
vt 0.407600 0.990300
vt 0.407600 0.974600
vt 0.422300 0.990300
vt 0.422300 0.974600
vt 0.378200 0.000000
vt 0.378200 0.062900
vt 0.392900 0.062900
vt 0.392900 0.000000
vt 0.407600 0.000000
vt 0.363500 0.062900
vt 0.363500 0.125800
vt 0.378200 0.125800
vt 0.363500 0.188600
vt 0.363500 0.251500
vt 0.378200 0.188600
vt 0.392900 0.188600
vt 0.392900 0.125800
vt 0.407600 0.125800
vt 0.407600 0.062900
vt 0.157800 1.006100
vt 0.157800 0.990300
vt 0.143100 0.990300
vt 0.143100 1.006100
vt 0.143100 0.974600
vt 0.157800 0.974600
vt 0.143100 0.943200
vt 0.157800 0.943200
vt 0.863200 1.006100
vt 0.863200 0.990300
vt 0.848500 0.990300
vt 0.848500 1.006100
vt 0.848500 0.974600
vt 0.863200 0.974600
vt 0.848500 0.943200
vt 0.863200 0.943200
vt 0.040200 1.006100
vt 0.025500 1.006100
vt 0.025500 0.990300
vt 0.025500 0.990300
vt 0.040200 0.990300
vt 0.040200 1.006100
vt 0.951400 1.006100
vt 0.966100 1.006100
vt 0.966100 0.990300
vt 0.966100 0.990300
vt 0.951400 0.990300
vt 0.951400 1.006100
vn -0.093198 -0.994876 -0.039199
vn 0.179898 -0.983488 0.019700
vn 0.185102 -0.980910 -0.059601
vn 0.043999 -0.997667 -0.052198
vn -0.006200 -0.999952 0.007600
vn -0.167208 -0.985846 0.012201
vn 0.258597 -0.964390 -0.055499
vn 0.293486 -0.949556 -0.110495
vn 0.272602 -0.955205 -0.115201
vn -0.200804 -0.979620 0.004700
vn 0.212110 -0.977245 -0.001000
vn 0.275701 -0.959203 -0.062600
vn 0.152900 -0.981099 -0.118600
vn 0.166507 -0.986040 0.000300
vn -0.044999 -0.998970 0.005900
vn -0.073999 -0.997180 0.012500
vn -0.230805 -0.972920 0.012500
vn 0.255700 -0.966699 -0.010500
vn 0.168602 -0.983411 -0.066901
vn 0.083698 -0.989681 -0.116298
vn 0.049902 -0.995742 -0.077503
vn 0.171895 -0.984969 -0.016999
vn 0.301286 -0.943757 -0.136194
vn 0.226793 -0.973871 -0.011800
vn 0.025501 -0.999444 -0.021501
vn 0.170209 -0.985251 -0.017601
vn 0.131406 -0.990847 -0.030901
vn 0.015199 -0.999557 -0.025599
vn 0.159203 -0.987119 -0.015800
vn 0.194403 -0.980918 -0.002800
vn 0.128103 -0.991724 0.008600
vn 0.164399 -0.986392 0.002200
vn 0.100200 -0.994899 0.011700
vn 0.133195 -0.991059 -0.007800
vn 0.105104 -0.994439 -0.006600
vn -0.016600 -0.999627 -0.021701
vn 0.007300 -0.999544 -0.029301
vn -0.048799 -0.998188 -0.035200
vn -0.003100 -0.999146 -0.041202
vn 0.056097 -0.997751 -0.036698
vn 0.382289 -0.923372 -0.035199
vn 0.441476 -0.896252 -0.042798
vn 0.526311 -0.849318 -0.040701
vn 0.910835 -0.412716 -0.006800
vn 0.906776 -0.421589 -0.004400
vn 0.907839 -0.419318 0.000700
vn 0.328812 -0.943935 -0.029501
vn 0.974151 -0.225212 0.017601
vn 0.903098 -0.429299 0.010800
vn -0.093503 -0.995231 -0.027801
vn 0.269803 -0.962812 -0.014100
vn -0.039598 -0.999061 -0.017599
vn -0.127398 -0.991687 -0.018100
vn -0.055101 -0.998415 -0.011500
vn 0.079097 -0.996867 -0.000100
vn -0.155292 -0.987747 -0.015499
vn -0.069198 -0.997570 -0.008100
vn 0.053299 -0.998579 -0.000400
vn 0.133800 -0.991000 0.004200
vn 0.214806 -0.976529 -0.015800
vn -0.178302 -0.983909 -0.011500
vn -0.078798 -0.996877 -0.005200
vn 0.030201 -0.999543 0.001500
vn -0.085197 -0.996361 -0.002300
vn 0.009200 -0.999952 0.003400
vn 0.058498 -0.998259 0.007600
vn 0.041101 -0.999118 0.008600
vn 0.080503 -0.996734 0.006400
vn 0.032900 -0.999403 0.010600
vn 0.106200 -0.994298 0.009700
vn 0.037701 -0.999232 0.010700
vn 0.047002 -0.998839 0.010600
vn 0.076800 -0.996995 0.010100
vn 0.060199 -0.998078 0.014700
vn -0.112895 -0.993558 0.009900
vn -0.096999 -0.995194 0.013400
vn -0.250207 -0.968128 0.011200
vn -0.265611 -0.964038 0.009000
vn -0.125798 -0.991986 0.011800
vn -0.276309 -0.961030 0.008600
vn -0.132801 -0.991106 0.008500
vn -0.284516 -0.958654 0.005800
vn -0.138001 -0.990404 0.007500
vn -0.291609 -0.956528 0.004300
vn -0.141307 -0.989947 0.006100
vn -0.298895 -0.954283 0.002400
vn -0.143898 -0.989585 0.004000
vn -0.308206 -0.951320 -0.000300
vn 0.033100 -0.999401 0.010100
vn -0.146404 -0.989224 0.001200
vn -0.322308 -0.946623 -0.004800
vn 0.029700 -0.999513 0.009600
vn 0.038800 -0.999199 0.009800
vn -0.149896 -0.988675 -0.007300
vn -0.350095 -0.936588 -0.015400
vn 0.054897 -0.998451 0.009100
vn 0.026400 -0.999589 0.011200
vn -0.008500 -0.999948 0.005600
vn -0.163303 -0.986421 -0.017500
vn -0.407110 -0.913322 -0.010200
vn 0.145005 -0.988833 0.034401
vn 0.085497 -0.971362 0.221691
vn -0.324909 -0.939126 0.111703
vn 0.328600 -0.888499 0.320300
vn 0.202398 -0.976891 0.068699
vn 0.232306 -0.943825 0.235006
vn 0.515588 -0.796481 0.315892
vn 0.395005 -0.917512 -0.046301
vn 0.013700 -0.939308 0.342803
vn -0.079897 -0.937465 0.338787
vn 0.006200 -0.930037 0.367414
vn 0.678229 -0.666628 0.309213
vn -0.560196 -0.820395 0.114599
vn -0.475297 -0.871795 0.118599
vn -0.200296 -0.969580 0.140697
vn -0.364796 -0.916691 0.163098
vn -0.190199 -0.971495 0.141499
vn -0.129695 -0.982863 0.130995
vn -0.174591 -0.973848 0.145392
vn -0.170603 -0.976117 0.134502
vn -0.175195 -0.975672 0.131796
vn -0.163599 -0.977191 0.135399
vn -0.203294 -0.971171 0.124496
vn -0.206902 -0.970510 0.123701
vn -0.202903 -0.971213 0.124802
vn -0.204494 -0.971669 0.118496
vn -0.220404 -0.969719 0.105202
vn -0.198396 -0.976481 0.084398
vn -0.229602 -0.971507 0.058800
vn -0.150695 -0.983967 0.095397
vn -0.182103 -0.975818 0.120902
vn 0.362692 -0.925179 0.111797
vn -0.140196 -0.987172 0.076398
vn -0.192404 -0.978522 0.074002
vn 0.794827 -0.602820 0.069702
vn -0.094101 -0.995407 0.017600
vn -0.015500 -0.999010 0.041700
vn -0.139702 -0.986717 0.082901
vn -0.188293 -0.981964 0.017099
vn -0.134401 -0.986305 0.095600
vn -0.097003 -0.994934 0.026401
vn 0.059300 -0.996795 0.053700
vn -0.055898 -0.997861 0.033899
vn 0.037002 -0.999144 0.018501
vn -0.031901 -0.999325 0.018200
vn -0.021901 -0.999723 0.008600
vn -0.088896 -0.995959 0.012799
vn -0.089804 -0.995948 0.004800
vn -0.088904 -0.996040 0.000800
vn -0.195398 -0.980690 0.008200
vn -0.201594 -0.979469 0.001100
vn -0.201496 -0.979483 -0.003600
vn -0.193706 -0.981030 -0.007600
vn -0.039802 -0.999140 0.011600
vn 0.009300 -0.999944 0.005100
vn 0.057602 -0.998339 -0.000700
vn 0.107598 -0.994177 -0.005900
vn 0.159896 -0.987073 -0.011000
vn 0.901985 -0.431693 0.008000
vn 0.901073 -0.433487 0.012500
vn 0.899122 -0.437311 0.018400
vn 0.893607 -0.448103 0.025900
vn 0.881478 -0.470788 0.036799
vn 0.970480 -0.240695 0.015300
vn 0.981111 -0.192202 0.021900
vn 0.984025 -0.176704 0.021701
vn 0.364402 -0.930606 -0.034400
vn 0.983202 -0.180800 0.025000
vn 0.415808 -0.908917 -0.031201
vn 0.450806 -0.891912 -0.035600
vn 0.979503 -0.200201 0.022200
vn 0.458426 -0.888051 -0.034802
vn 0.470487 -0.881576 -0.038299
vn 0.453103 -0.890306 -0.045300
vn -0.385481 -0.920155 -0.068697
vn -0.406999 -0.910499 -0.073100
vn -0.431711 -0.898322 -0.081502
vn 0.966177 -0.257294 0.017400
vn -0.462686 -0.884274 -0.063098
vn 0.399782 -0.915559 -0.043898
vn 0.946423 -0.322908 -0.003700
vn 0.921658 -0.387582 -0.018099
vn 0.331208 -0.942722 -0.039701
vn 0.607803 -0.793303 -0.035300
vn 0.914800 -0.403800 -0.009300
vn 0.929003 -0.369701 -0.016600
vn 0.216889 -0.972150 -0.088795
vn 0.684412 -0.724112 -0.085101
vn 0.756109 -0.637607 -0.147502
vn 0.931719 -0.357207 -0.065601
vn 0.921870 -0.363888 -0.133196
vn 0.783113 -0.606510 -0.137402
vn 0.868581 -0.491889 -0.060099
vn 0.167307 -0.974442 -0.149906
vn 0.253496 -0.963085 -0.090599
vn -0.576187 -0.804282 -0.145397
vn -0.537903 -0.837705 -0.094401
vn -0.858690 -0.497294 -0.123899
vn -0.496506 -0.866510 -0.051401
vn -0.819866 -0.567476 -0.076097
vn -0.849230 -0.517518 -0.104804
vn -0.777008 -0.628306 -0.038600
vn -0.838904 -0.540702 -0.062300
vn -0.557615 -0.822123 -0.114803
vn -0.731011 -0.680510 -0.050301
vn -0.812719 -0.582214 -0.022701
vn -0.594479 -0.801671 -0.062598
vn 0.023800 -0.996900 -0.075000
vn 0.137701 -0.979505 -0.147001
vn -0.606487 -0.794982 -0.013300
vn -0.055801 -0.998210 -0.021500
vn 0.551394 -0.829790 -0.086099
vn 0.607484 -0.780080 -0.149796
vn 0.502179 -0.864164 -0.032199
vn 0.582995 -0.807793 -0.087099
vn 0.524091 -0.838385 -0.149797
vn 0.087796 -0.986352 -0.139293
vn 0.170400 -0.982098 -0.080300
vn -0.260099 -0.958697 -0.115100
vn 0.607522 -0.793629 -0.032701
vn 0.460315 -0.887029 -0.035901
vn -0.257909 -0.963535 -0.071303
vn -0.197801 -0.972006 -0.126801
vn 0.225509 -0.973738 -0.031301
vn 0.621308 -0.782811 -0.034400
vn -0.243793 -0.969473 -0.026199
vn -0.254708 -0.964128 -0.074702
vn 0.023501 -0.996247 -0.083304
vn 0.078997 -0.986259 -0.145094
vn 0.173204 -0.981323 -0.083702
vn 0.134200 -0.979900 -0.147600
vn -0.015301 -0.999445 -0.029601
vn -0.141299 -0.980992 -0.132999
vn -0.278903 -0.960009 -0.024400
vn -0.049598 -0.996164 -0.072097
vn -0.363715 -0.925539 -0.105304
vn 0.186793 -0.981862 -0.032499
vn -0.350414 -0.934639 -0.060502
vn -0.181099 -0.975693 -0.123399
vn 0.016299 -0.999564 -0.024599
vn -0.041001 -0.998614 -0.033000
vn 0.191292 -0.980958 -0.033599
vn -0.287806 -0.957219 -0.030001
vn -0.055302 -0.997636 -0.040801
vn -0.227802 -0.973208 -0.031200
vn -0.290186 -0.956053 -0.041898
vn -0.215400 -0.975601 -0.042500
vn 0.264703 -0.963713 -0.034500
vn 0.289708 -0.956426 -0.036301
vn 0.631469 -0.774962 -0.026099
vn -0.223108 -0.974037 -0.038401
vn 0.275097 -0.960991 -0.028600
vn -0.278509 -0.959732 -0.036701
vn -0.260802 -0.964807 -0.033600
vn -0.041702 -0.998643 -0.031201
vn -0.230500 -0.972399 -0.036200
vn 0.191893 -0.980763 -0.035799
vn 0.067402 -0.997325 -0.028301
vn 0.201492 -0.979161 -0.025399
vn -0.326310 -0.945129 -0.015900
vn 0.108301 -0.993707 -0.028600
vn -0.297991 -0.954372 -0.019399
vn -0.268896 -0.960787 -0.067699
vn -0.323815 -0.945943 -0.018301
vn 0.111002 -0.990315 -0.083401
vn 0.186091 -0.971155 -0.149093
vn 0.043798 -0.998563 -0.030899
vn 0.191892 -0.977561 -0.086897
vn 0.135605 -0.979033 -0.152005
vn -0.201699 -0.970293 -0.133599
vn -0.014100 -0.999270 -0.035499
vn 0.207299 -0.977596 -0.036500
vn -0.108198 -0.991182 -0.076499
vn -0.225413 -0.968258 -0.108006
vn -0.240590 -0.967960 -0.071897
vn -0.045499 -0.998477 -0.031199
vn 0.272788 -0.952357 -0.136394
vn 0.209702 -0.976910 -0.040900
vn -0.240598 -0.970391 -0.021300
vn 0.003300 -0.999368 -0.035399
vn 0.205190 -0.978053 -0.036198
vn 0.093701 -0.995212 -0.027800
vn -0.229495 -0.972881 -0.028899
vn 0.040901 -0.998437 -0.038101
vn 0.172993 -0.981258 -0.084896
vn 0.707802 -0.700602 -0.090400
vn 0.762712 -0.628110 -0.154103
vn 0.656511 -0.753413 -0.036901
vn 0.813207 -0.575005 -0.089801
vn 0.781511 -0.604509 -0.154302
vn 0.443176 -0.882952 -0.154892
vn 0.823942 -0.565629 -0.034402
vn 0.506993 -0.856588 -0.095999
vn -0.110397 -0.983677 -0.142097
vn 0.829572 -0.557482 -0.031999
vn 0.538491 -0.841487 -0.043899
vn -0.102097 -0.990170 -0.095597
vn -0.513594 -0.848190 -0.129598
vn -0.500993 -0.861287 -0.084799
vn -0.634597 -0.763596 -0.119199
vn -0.096501 -0.994111 -0.049301
vn 0.554130 -0.831245 -0.044402
vn -0.615681 -0.784476 -0.074398
vn -0.523009 -0.844314 -0.116602
vn -0.487417 -0.872130 -0.042601
vn -0.099505 -0.993351 -0.057903
vn 0.560496 -0.826395 -0.054000
vn -0.519313 -0.851520 -0.072302
vn -0.123599 -0.983189 -0.134398
vn -0.590195 -0.806594 -0.032800
vn -0.470725 -0.880746 -0.052003
vn -0.107901 -0.991313 -0.075201
vn -0.559587 -0.827781 -0.040499
vn -0.506725 -0.861643 -0.028301
vn -0.153307 -0.984745 -0.082304
vn -0.452098 -0.889396 -0.067700
vn 0.398583 -0.912261 -0.094396
vn 0.458792 -0.874384 -0.157997
vn 0.714477 -0.692577 -0.099297
vn 0.732202 -0.662602 -0.157601
vn 0.674112 -0.731413 -0.103002
vn 0.646792 -0.746290 -0.157198
vn 0.306209 -0.938727 -0.158204
vn 0.701275 -0.711575 -0.043298
vn 0.316288 -0.942565 -0.107396
vn -0.197499 -0.969097 -0.147800
vn 0.676565 -0.734862 -0.047298
vn 0.363604 -0.930509 -0.044100
vn 0.695308 -0.717308 -0.044901
vn -0.174699 -0.983993 -0.035200
vn 0.337003 -0.940207 -0.049400
vn -0.490509 -0.870815 -0.032901
vn -0.193600 -0.980301 -0.039100
vn 0.693094 -0.719594 -0.042500
vn -0.525585 -0.849076 -0.053199
vn -0.471283 -0.880967 -0.042298
vn 0.315608 -0.947425 -0.052701
vn -0.209006 -0.976827 -0.046101
vn -0.431927 -0.899857 -0.060804
vn -0.489712 -0.870622 -0.046901
vn -0.450592 -0.891984 -0.036499
vn -0.404201 -0.913003 -0.055200
vn -0.132300 -0.989102 -0.064600
vn -0.447889 -0.893079 -0.042499
vn -0.158297 -0.985579 -0.059799
vn 0.532412 -0.845619 -0.038301
vn -0.373788 -0.925970 -0.053498
vn 0.491017 -0.870330 -0.037801
vn -0.179694 -0.981970 -0.058698
vn 0.832623 -0.553215 -0.026301
vn 0.829799 -0.557899 -0.013500
vn 0.609515 -0.791719 -0.040901
vn 0.565001 -0.824201 -0.038300
vn 0.026101 -0.999039 -0.035201
vn -0.219907 -0.974729 -0.039301
vn -0.024699 -0.998761 -0.043198
vn 0.555397 -0.830996 -0.031300
vn 0.829547 -0.558331 -0.010901
vn -0.042598 -0.998354 -0.038398
vn 0.552718 -0.832927 -0.027101
vn 0.454015 -0.890230 -0.036901
vn 0.827414 -0.561509 -0.009700
vn -0.227099 -0.973195 -0.036300
vn -0.064299 -0.997388 -0.032900
vn 0.546006 -0.837408 -0.025000
vn 0.036002 -0.998849 -0.031702
vn -0.231398 -0.972393 -0.030100
vn -0.086999 -0.995783 -0.029100
vn 0.029000 -0.999209 -0.027200
vn 0.196893 -0.980064 -0.026599
vn -0.060102 -0.997637 -0.033301
vn 0.191197 -0.981285 -0.022900
vn 0.024900 -0.999392 -0.024400
vn -0.065003 -0.997440 -0.029801
vn -0.362019 -0.931950 -0.020301
vn -0.389302 -0.920705 -0.027300
vn -0.272485 -0.961848 -0.024499
vn 0.120702 -0.992415 -0.023300
vn -0.280399 -0.959495 -0.027300
vn -0.401590 -0.915278 -0.031499
vn -0.063703 -0.997641 -0.025601
vn -0.417115 -0.908532 -0.024201
vn 0.186603 -0.982215 -0.020800
vn -0.060697 -0.997856 -0.024499
vn -0.053899 -0.998377 -0.018400
vn -0.432416 -0.901233 -0.028201
vn -0.291215 -0.956349 -0.024301
vn 0.180991 -0.983351 -0.016199
vn -0.447997 -0.893793 -0.020800
vn -0.044199 -0.998885 -0.016600
vn 0.021000 -0.999591 -0.019400
vn 0.172597 -0.984883 -0.014700
vn -0.232198 -0.972291 -0.027100
vn -0.229098 -0.973192 -0.020300
vn -0.109297 -0.993777 -0.021499
vn 0.018399 -0.999665 -0.018199
vn 0.161205 -0.986829 -0.013500
vn -0.220598 -0.975191 -0.018400
vn 0.015900 -0.999726 -0.017200
vn -0.031999 -0.999378 -0.014800
vn 0.145903 -0.989224 -0.012200
vn -0.464992 -0.885085 -0.020200
vn -0.017999 -0.999757 -0.012699
vn -0.481000 -0.876499 -0.019700
vn -0.296186 -0.954955 -0.018299
vn -0.296213 -0.954943 -0.018501
vn -0.494217 -0.869129 -0.019101
vn -0.292612 -0.956040 -0.019101
vn 0.196505 -0.980323 -0.018800
vn 0.223100 -0.974600 -0.019500
vn 0.172199 -0.984892 -0.018300
vn 0.185802 -0.982411 -0.018600
vn 0.199695 -0.979676 -0.018900
vn 0.151098 -0.988285 -0.021500
vn 0.207606 -0.978026 -0.019101
vn -0.286792 -0.957774 -0.020499
vn 0.134103 -0.990723 -0.022001
vn 0.210005 -0.977425 -0.023201
vn 0.208105 -0.977824 -0.023501
vn -0.028201 -0.999229 -0.027301
vn -0.018600 -0.999502 -0.025500
vn -0.241504 -0.969917 -0.030601
vn -0.234906 -0.971423 -0.034001
vn -0.011200 -0.999737 -0.020001
vn -0.219597 -0.975288 -0.024300
vn -0.234809 -0.971638 -0.028001
vn 0.251992 -0.967369 -0.026399
vn 0.229190 -0.973056 -0.025199
vn 0.634523 -0.772728 -0.016501
vn 0.637901 -0.770002 -0.013400
vn 0.197899 -0.979993 -0.021200
vn 0.422908 -0.905618 -0.031701
vn 0.416013 -0.909029 -0.024501
vn 0.639988 -0.768286 -0.012300
vn 0.415517 -0.909336 -0.021301
vn -0.117905 -0.992638 -0.027701
vn -0.163204 -0.986127 -0.030301
vn -0.178793 -0.983559 -0.025399
vn -0.603969 -0.796759 -0.019899
vn -0.595311 -0.803015 -0.027801
vn -0.577285 -0.816178 -0.024399
vn -0.775909 -0.630107 -0.030500
vn -0.734198 -0.677598 -0.042600
vn -0.683915 -0.726516 -0.066601
vn -0.641907 -0.764408 -0.060301
vn -0.691415 -0.721415 -0.038801
vn -0.590893 -0.804691 -0.057599
vn -0.367211 -0.927627 -0.068302
vn -0.640107 -0.767409 -0.036700
vn -0.538010 -0.841116 -0.055401
vn -0.348093 -0.935682 -0.057699
vn -0.556197 -0.830795 -0.020600
vn -0.586771 -0.809060 -0.033498
vn -0.477886 -0.877174 -0.046799
vn -0.326290 -0.943470 -0.058298
vn -0.525019 -0.850630 -0.028001
vn -0.533580 -0.845568 -0.017499
vn -0.196997 -0.980184 -0.020800
vn -0.414688 -0.908775 -0.046499
vn -0.300596 -0.951986 -0.057999
vn 0.413987 -0.910072 -0.019599
vn 0.288892 -0.956373 -0.043499
vn 0.638870 -0.769264 -0.008800
vn -0.215701 -0.976303 -0.017500
vn 0.413703 -0.910306 -0.013900
vn -0.506667 -0.862044 -0.012999
vn -0.234794 -0.971976 -0.011600
vn 0.410798 -0.911696 -0.007400
vn -0.458806 -0.888111 -0.027500
vn -0.473980 -0.880462 -0.011400
vn -0.250008 -0.968233 -0.004600
vn -0.349206 -0.935916 -0.046001
vn -0.388978 -0.920848 -0.027098
vn -0.269611 -0.961239 -0.057702
vn -0.283108 -0.958027 -0.045101
vn -0.434104 -0.900807 -0.010000
vn -0.317492 -0.947877 -0.026999
vn 0.181807 -0.982340 -0.044202
vn -0.230996 -0.971284 -0.056999
vn -0.218299 -0.974894 -0.043900
vn 0.944060 -0.329386 0.015999
vn 0.040598 -0.997949 -0.049497
vn -0.181897 -0.981883 -0.053099
vn 0.890567 -0.454683 0.012400
vn -0.109797 -0.992577 -0.052299
vn 0.804584 -0.593788 0.007700
vn 0.855304 -0.516203 0.044600
vn 0.680110 -0.733110 0.000800
vn -0.239298 -0.968894 -0.063100
vn -0.391696 -0.918290 -0.057599
vn -0.268399 -0.961596 -0.057400
vn -0.298210 -0.949731 -0.095303
vn -0.041300 -0.995291 -0.087699
vn -0.142602 -0.988317 -0.053801
vn 0.140102 -0.988317 -0.060001
vn 0.028500 -0.999593 -0.001400
vn -0.093999 -0.994888 -0.036900
vn -0.158192 -0.986650 -0.038698
vn -0.247199 -0.968597 -0.026700
vn -0.179603 -0.983414 -0.025300
vn -0.385608 -0.922618 -0.009100
vn -0.327415 -0.944842 -0.008500
vn -0.111596 -0.993566 -0.019299
vn -0.260513 -0.965447 -0.006800
vn -0.261498 -0.965194 -0.004400
vn -0.269897 -0.962888 -0.001200
vn 0.406590 -0.913578 -0.007700
vn -0.270597 -0.962691 0.001700
vn 0.402300 -0.915499 -0.004000
vn 0.616512 -0.787315 -0.006900
vn -0.262692 -0.964871 0.004200
vn 0.589520 -0.807727 -0.006600
vn 0.395114 -0.918632 0.000300
vn 0.549001 -0.835802 -0.005700
vn 0.631906 -0.775007 -0.007700
vn 0.161296 -0.986674 -0.021399
vn 0.116900 -0.992898 -0.022100
vn 0.064099 -0.997679 -0.023000
vn -0.229503 -0.972914 -0.027700
vn -0.217897 -0.975587 -0.027400
vn -0.195103 -0.980515 -0.022900
vn -0.199292 -0.979563 -0.027199
vn -0.167700 -0.985601 -0.021600
vn -0.005700 -0.999811 -0.018600
vn -0.001700 -0.999851 -0.017199
vn -0.137905 -0.990235 -0.020401
vn -0.172401 -0.984704 -0.025200
vn 0.001400 -0.999871 -0.016000
vn -0.108602 -0.993922 -0.018000
vn 0.165604 -0.986023 -0.018300
vn 0.003900 -0.999866 -0.015899
vn -0.083302 -0.996218 -0.024700
vn 0.250007 -0.968027 -0.020501
vn 0.139996 -0.989972 -0.018899
vn 0.006300 -0.999764 -0.020799
vn -0.284701 -0.958404 -0.020200
vn 0.274788 -0.961260 -0.021699
vn 0.113804 -0.993235 -0.023101
vn -0.059302 -0.997339 -0.042402
vn 0.013700 -0.999229 -0.036801
vn -0.149007 -0.988347 -0.031101
vn 0.001500 -0.998693 -0.051100
vn 0.002500 -0.999723 -0.023401
vn -0.066801 -0.997508 -0.022700
vn -0.158393 -0.986359 -0.044798
vn 0.499431 -0.866353 -0.001300
vn -0.160192 -0.986251 -0.040598
vn -0.122705 -0.984437 -0.125805
vn 0.429423 -0.903048 -0.010001
vn 0.381809 -0.924222 0.006000
vn -0.387091 -0.919880 -0.063099
vn 0.382081 -0.923855 0.022499
vn -0.241889 -0.970255 0.009800
vn -0.192191 -0.981357 -0.001400
vn 0.261207 -0.965025 -0.022301
vn -0.200408 -0.977041 0.072303
vn -0.052701 -0.997011 0.056501
vn -0.140503 -0.988124 0.062202
vn 0.275911 -0.957337 0.085903
vn -0.055201 -0.991322 0.119303
vn -0.133599 -0.983889 0.118799
vn 0.420418 -0.905538 0.057002
vn -0.202910 -0.972049 0.118106
vn -0.053901 -0.991418 0.119102
vn -0.127600 -0.984697 0.118700
vn -0.054901 -0.991327 0.119403
vn -0.128696 -0.984373 0.120197
vn 0.427620 -0.896341 0.117105
vn -0.204995 -0.971576 0.118397
vn -0.215506 -0.969528 0.116503
vn 0.397397 -0.913794 0.083999
vn 0.322312 -0.945034 -0.055002
vn 0.253900 -0.963400 -0.086000
vn -0.223705 -0.973322 -0.051001
vn -0.198206 -0.978530 -0.056502
vn -0.186693 -0.977265 -0.100496
vn -0.132604 -0.983127 -0.126004
vn -0.140603 -0.987122 0.076302
vn -0.230010 -0.967143 0.108305
vn -0.173209 -0.984249 -0.035402
vn 0.067100 -0.993299 0.094100
vn -0.074199 -0.996092 -0.047900
vn -0.388007 -0.919917 -0.056601
vn 0.097701 -0.995112 -0.014400
vn -0.395000 -0.916600 -0.061800
vn 0.066301 -0.992110 -0.106401
vn -0.390916 -0.917836 -0.069003
vn 0.039500 -0.988303 -0.147300
vn -0.023000 -0.991713 -0.126402
vn 0.203111 -0.979155 0.001100
vn 0.302814 -0.953044 0.003400
vn 0.339591 -0.940075 0.030599
vn 0.033899 -0.999385 -0.009000
vn 0.024401 -0.999421 0.023701
vn 0.020700 -0.999507 0.023600
vn 0.019099 -0.999564 0.022499
vn 0.096699 -0.994691 -0.035200
vn 0.090100 -0.995897 -0.008500
vn 0.077698 -0.996678 0.024399
vn 0.073002 -0.997028 0.024601
vn 0.071903 -0.997142 0.023201
vn 0.295992 -0.954874 -0.024599
vn 0.323710 -0.945629 -0.031601
vn 0.314606 -0.949217 -0.003200
vn 0.211098 -0.977389 0.012200
vn 0.168094 -0.985666 0.014400
vn 0.151296 -0.988471 0.005900
vn 0.136798 -0.990387 0.020500
vn 0.201006 -0.979231 -0.026501
vn 0.120101 -0.982510 0.142301
vn 0.016100 -0.999411 0.030300
vn 0.030899 -0.984770 0.171095
vn 0.431518 -0.891237 0.139606
vn -0.178702 -0.982910 0.044200
vn -0.110504 -0.981139 0.158606
vn 0.412988 -0.897173 0.156595
vn 0.034599 -0.963767 0.264491
vn -0.238508 -0.970633 -0.031401
vn -0.332188 -0.939266 0.086197
vn 0.005400 -0.963767 0.266691
vn 0.341797 -0.926192 0.159199
vn -0.410682 -0.896560 0.165893
vn 0.181194 -0.977265 0.110096
vn 0.007500 -0.964928 0.262408
vn -0.326110 -0.931329 0.162105
vn -0.152000 -0.978600 0.138700
vn -0.163101 -0.977604 0.133001
vn -0.213404 -0.959518 0.183803
vn 0.035499 -0.988780 0.145097
vn -0.489294 -0.871988 -0.015100
vn -0.133399 -0.981096 0.140199
vn 0.051502 -0.998638 0.008300
vn -0.257903 -0.965810 -0.026400
vn -0.499712 -0.865920 -0.021701
vn -0.272686 -0.961851 -0.021999
vn -0.501520 -0.864935 -0.019101
vn 0.018100 -0.999796 -0.009000
vn -0.002000 -0.999942 -0.010600
vn 0.096599 -0.995292 0.007900
vn 0.104995 -0.994449 -0.006900
vn 0.126304 -0.991934 -0.010700
vn 0.013000 -0.999781 -0.016400
vn 0.009300 -0.999840 -0.015301
vn 0.005200 -0.999920 -0.011500
vn -0.000600 -0.999994 0.003500
vn -0.205791 -0.978457 -0.016499
vn -0.183906 -0.982834 -0.014701
vn -0.129206 -0.991447 -0.018401
vn -0.145003 -0.989319 -0.014900
vn -0.154600 -0.987897 -0.012600
vn -0.152398 -0.988289 -0.007700
vn 0.531711 -0.846918 -0.003600
vn -0.119795 -0.992761 -0.008600
vn -0.152706 -0.988240 -0.007900
vn -0.088903 -0.996035 0.003400
vn -0.148207 -0.988950 -0.003600
vn 0.526106 -0.850410 -0.004000
vn -0.026699 -0.995081 0.095398
vn -0.090597 -0.992572 0.081198
vn -0.132704 -0.991131 0.007000
vn -0.116904 -0.990138 0.077203
vn 0.516918 -0.856031 0.002700
vn 0.517596 -0.855294 0.023800
vn -0.144693 -0.981550 0.124994
vn 0.536190 -0.841584 0.065099
vn -0.161496 -0.978976 0.124597
vn -0.176696 -0.977275 0.117097
vn 0.149799 -0.984594 0.090199
vn -0.083697 -0.994263 0.066598
vn -0.180793 -0.978961 0.094596
vn -0.109295 -0.992855 -0.047898
vn -0.002100 -0.998619 -0.052501
vn -0.205810 -0.975947 -0.071903
vn 0.178402 -0.983913 -0.009400
vn -0.230605 -0.970921 -0.064301
vn 0.311310 -0.948431 -0.059702
vn 0.314400 -0.949199 -0.013200
vn -0.273505 -0.959119 -0.072701
vn 0.239506 -0.966926 -0.087702
vn 0.381501 -0.919202 0.097600
vn 0.412117 -0.902137 0.127705
vn 0.519024 -0.854540 -0.019401
vn -0.389487 -0.919669 -0.050098
vn 0.624775 -0.780768 -0.007600
vn -0.153096 -0.986874 -0.051399
vn -0.065902 -0.994334 -0.083403
vn 0.116098 -0.991082 -0.065399
vn 0.697865 -0.716165 -0.009600
vn -0.017701 -0.999147 -0.037302
vn -0.158599 -0.986096 -0.049600
vn 0.048401 -0.998820 0.004100
vn 0.271408 -0.957328 0.099303
vn -0.163100 -0.985499 -0.046800
vn -0.079596 -0.996151 -0.036698
vn 0.095798 -0.994679 -0.037899
vn -0.133900 -0.990300 -0.037100
vn 0.753596 -0.657296 -0.007400
vn -0.182792 -0.982056 -0.046398
vn 0.197101 -0.979704 -0.036500
vn 0.536766 -0.843647 -0.011899
vn 0.789288 -0.613991 -0.006300
vn 0.539405 -0.841908 -0.015300
vn 0.542527 -0.839841 -0.018201
vn 0.810455 -0.585768 -0.006200
vn 0.822021 -0.569414 -0.007000
vn 0.280297 -0.959290 -0.034600
vn 0.348298 -0.936796 -0.033200
vn 0.404489 -0.913976 -0.032199
vn -0.200704 -0.978519 -0.047101
vn -0.208493 -0.976865 -0.047598
vn -0.206992 -0.977164 -0.047998
vn -0.197098 -0.979188 -0.048399
vn -0.174505 -0.983930 -0.037801
vn -0.216404 -0.975517 -0.039201
vn -0.258396 -0.965186 -0.040599
vn -0.299100 -0.953301 -0.041900
vn -0.337598 -0.940294 -0.043300
vn -0.406092 -0.912982 -0.039399
vn -0.360003 -0.932409 -0.031800
vn -0.313200 -0.949201 -0.030400
vn -0.429102 -0.902703 -0.031600
vn -0.407615 -0.912734 -0.027701
vn -0.221806 -0.974526 -0.033201
vn -0.383493 -0.923284 -0.021900
vn -0.240692 -0.970366 -0.021399
vn -0.356410 -0.934126 -0.019501
vn -0.266194 -0.963480 -0.029099
vn -0.220190 -0.975055 -0.027999
vn -0.324595 -0.945684 -0.017900
vn -0.176003 -0.984019 -0.027001
vn -0.287813 -0.957544 -0.016501
vn -0.248706 -0.968423 -0.017400
vn -0.253908 -0.967129 -0.013900
vn -0.132199 -0.990895 -0.025500
vn -0.245095 -0.969381 -0.015100
vn -0.252304 -0.967613 -0.008200
vn 0.358992 -0.933280 -0.010600
vn -0.244293 -0.969672 -0.007500
vn -0.197198 -0.980288 -0.012200
vn -0.078301 -0.996717 -0.020600
vn -0.019201 -0.998044 0.059503
vn -0.147003 -0.989122 -0.005300
vn -0.037401 -0.991738 0.122705
vn -0.106795 -0.992451 0.060297
vn -0.230799 -0.972997 -0.003100
vn -0.206008 -0.978537 0.005200
vn 0.364017 -0.931344 -0.009500
vn 0.372216 -0.928139 -0.003700
vn 0.397906 -0.917315 0.014300
vn -0.167207 -0.983539 0.068503
vn -0.106704 -0.987335 0.117404
vn -0.045502 -0.991449 0.122306
vn -0.052700 -0.991398 0.119800
vn -0.104498 -0.987584 0.117298
vn -0.106898 -0.987279 0.117698
vn -0.173704 -0.978224 0.113603
vn -0.179006 -0.977232 0.113904
vn -0.190905 -0.975324 0.110903
vn 0.452010 -0.890720 0.048001
vn 0.106702 -0.990318 0.088802
vn -0.092399 -0.993087 0.072399
vn -0.185308 -0.977341 0.102304
vn -0.083998 -0.995771 -0.037199
vn 0.009900 -0.998769 -0.048599
vn -0.179000 -0.981798 -0.063500
vn 0.164801 -0.986205 -0.015500
vn -0.201301 -0.977904 -0.056400
vn 0.327906 -0.943317 -0.051301
vn 0.291405 -0.956316 -0.023300
vn -0.242297 -0.968388 -0.059299
vn 0.255604 -0.963614 -0.078201
vn 0.369512 -0.923229 0.105403
vn 0.396606 -0.908215 0.133602
vn 0.493198 -0.869696 -0.019600
vn -0.338904 -0.939711 -0.045701
vn 0.134207 -0.989650 -0.050803
vn 0.264494 -0.958377 0.107497
vn 0.581966 -0.813152 -0.009999
vn -0.074802 -0.996132 -0.046101
vn -0.052599 -0.995285 -0.081499
vn 0.049901 -0.998721 0.008200
vn -0.135004 -0.989633 -0.049002
vn 0.066703 -0.997240 -0.032601
vn 0.639607 -0.768608 -0.012000
vn -0.119196 -0.991767 -0.046798
vn -0.067299 -0.996882 -0.041199
vn 0.180597 -0.982983 -0.033599
vn 0.682290 -0.730989 -0.011600
vn 0.353785 -0.935160 -0.017699
vn 0.347180 -0.937547 -0.021699
vn 0.707603 -0.706503 -0.012300
vn 0.279311 -0.959637 -0.032901
vn -0.109399 -0.992896 -0.046800
vn 0.363310 -0.931126 -0.031801
vn -0.105498 -0.993485 -0.043099
vn -0.093201 -0.994509 -0.047600
vn -0.128499 -0.990693 -0.044900
vn -0.120502 -0.992120 -0.034301
vn 0.719822 -0.694021 -0.013800
vn -0.065102 -0.996724 -0.048001
vn 0.340798 -0.939794 -0.025400
vn 0.434599 -0.900097 -0.030800
vn 0.722787 -0.690888 -0.015900
vn -0.230700 -0.972601 -0.028700
vn 0.334692 -0.941677 -0.034999
vn 0.328904 -0.943611 -0.037700
vn 0.718733 -0.694932 -0.022201
vn -0.212991 -0.976259 -0.039398
vn 0.321097 -0.945991 -0.044700
vn 0.711880 -0.701880 -0.024299
vn 0.701160 -0.712360 -0.030298
vn 0.495299 -0.868198 -0.030200
vn 0.547797 -0.835896 -0.034600
vn -0.026100 -0.998492 -0.048300
vn 0.021400 -0.998594 -0.048500
vn 0.589195 -0.807193 -0.035900
vn 0.076201 -0.995410 -0.057901
vn -0.185305 -0.981428 -0.049601
vn -0.198707 -0.978736 -0.050902
vn -0.169299 -0.984296 -0.050000
vn -0.242191 -0.969362 -0.040998
vn -0.150305 -0.987536 -0.046702
vn -0.286300 -0.957300 -0.040100
vn -0.199107 -0.979233 -0.038201
vn -0.159307 -0.986543 -0.036802
vn -0.329102 -0.944005 -0.023400
vn -0.379408 -0.924918 -0.024000
vn -0.422808 -0.905817 -0.027001
vn -0.410323 -0.911751 -0.018601
vn -0.272592 -0.961871 -0.022299
vn -0.461407 -0.886813 -0.025800
vn -0.328204 -0.943712 -0.041101
vn -0.209099 -0.975996 -0.060900
vn -0.498792 -0.866185 -0.030499
vn 0.131699 -0.989491 -0.059699
vn -0.367896 -0.928591 -0.048700
vn -0.211996 -0.975080 -0.065399
vn 0.628798 -0.776698 -0.036800
vn 0.192598 -0.979292 -0.062399
vn 0.658303 -0.751003 -0.051300
vn -0.209091 -0.975459 -0.068997
vn 0.669212 -0.741513 -0.048101
vn 0.246600 -0.966101 -0.076400
vn 0.279999 -0.957797 -0.065000
vn -0.400701 -0.914502 -0.055900
vn -0.200208 -0.976440 -0.080503
vn 0.305586 -0.950457 -0.056997
vn -0.194095 -0.978774 -0.065798
vn -0.189597 -0.976685 -0.100698
vn -0.189705 -0.980327 -0.054502
vn -0.589316 -0.798422 -0.123403
vn -0.551476 -0.830564 -0.077697
vn -0.717570 -0.689271 -0.099996
vn -0.520503 -0.853005 -0.038200
vn -0.688292 -0.723191 -0.056999
vn -0.523597 -0.845595 -0.103999
vn -0.490420 -0.870135 -0.048502
vn -0.655091 -0.755290 -0.019800
vn -0.518918 -0.852630 -0.061202
vn 0.086698 -0.985479 -0.145997
vn -0.459505 -0.885909 -0.063401
vn -0.621895 -0.782593 -0.028200
vn -0.502667 -0.864244 -0.020199
vn 0.050699 -0.994776 -0.088598
vn 0.602303 -0.791104 -0.106701
vn 0.631506 -0.756707 -0.169102
vn 0.041601 -0.998317 -0.040401
vn 0.716507 -0.689106 -0.108401
vn 0.694886 -0.698786 -0.169797
vn 0.594486 -0.802481 -0.051099
vn 0.424893 -0.890884 -0.160597
vn 0.438213 -0.892127 -0.109903
vn -0.020300 -0.989209 -0.145101
vn -0.488410 -0.872218 -0.026301
vn 0.039599 -0.998072 -0.047799
vn -0.588713 -0.807317 -0.040701
vn -0.476392 -0.878385 -0.038599
vn 0.046798 -0.997361 -0.055498
vn -0.434117 -0.899236 -0.054002
vn -0.562302 -0.826203 -0.034700
vn -0.530886 -0.846577 -0.038299
vn -0.445387 -0.894773 -0.031799
vn -0.458812 -0.887924 -0.032901
vn 0.114698 -0.992487 -0.042599
vn -0.433094 -0.900988 -0.025500
vn -0.423983 -0.905463 -0.019399
vn 0.175408 -0.984048 -0.029701
vn 0.204008 -0.978637 -0.025501
vn 0.146802 -0.988316 -0.041001
vn 0.726666 -0.686768 -0.017499
vn 0.714020 -0.699819 -0.020701
vn 0.692407 -0.720908 -0.029400
vn 0.083399 -0.995286 -0.049499
vn 0.667101 -0.744301 -0.031500
vn 0.560700 -0.827500 -0.029300
vn 0.634978 -0.771473 -0.040399
vn 0.610386 -0.791382 -0.033799
vn 0.648225 -0.760630 -0.035301
vn 0.603986 -0.795381 -0.050699
vn 0.499889 -0.865580 -0.029699
vn 0.595894 -0.801191 -0.054799
vn 0.679992 -0.732291 -0.036900
vn 0.703203 -0.709003 -0.053100
vn 0.713204 -0.698904 -0.053600
vn 0.719593 -0.692393 -0.052699
vn 0.384682 -0.920856 -0.063597
vn 0.419677 -0.905851 -0.057497
vn 0.338794 -0.937883 -0.074799
vn 0.264998 -0.962491 -0.058199
vn -0.175796 -0.981379 -0.077398
vn 0.181493 -0.981762 -0.056598
vn -0.210308 -0.975336 -0.067003
vn -0.232493 -0.970671 -0.061198
vn 0.105001 -0.993005 -0.054000
vn -0.243612 -0.968046 -0.059503
vn -0.381082 -0.922957 -0.054097
vn -0.348205 -0.936214 -0.047501
vn -0.411002 -0.910004 -0.054500
vn 0.030600 -0.998487 -0.045699
vn -0.242891 -0.968865 -0.047998
vn -0.307498 -0.950695 -0.040300
vn -0.034899 -0.998368 -0.045199
vn -0.233205 -0.971320 -0.046401
vn -0.268196 -0.962587 -0.038699
vn -0.216492 -0.975265 -0.044598
vn -0.088598 -0.995073 -0.044499
vn -0.228699 -0.972798 -0.036900
vn 0.427103 -0.903705 -0.030000
vn -0.195091 -0.979855 -0.042698
vn 0.728588 -0.684788 -0.015000
vn -0.129098 -0.990682 -0.043399
vn 0.339985 -0.939959 -0.029799
vn 0.232802 -0.972308 -0.020500
vn 0.716285 -0.697685 -0.013100
vn -0.392110 -0.919822 -0.013300
vn 0.263207 -0.964624 -0.014900
vn -0.367903 -0.929808 -0.010200
vn -0.333298 -0.942794 -0.007200
vn 0.685794 -0.727694 -0.012200
vn 0.297612 -0.954639 -0.009600
vn -0.211593 -0.977167 -0.019299
vn -0.287310 -0.957833 -0.002900
vn 0.233388 -0.971948 -0.029098
vn -0.073998 -0.996876 -0.027599
vn -0.153596 -0.988072 -0.011100
vn -0.019899 -0.998060 0.058998
vn -0.052800 -0.990902 0.123800
vn -0.108996 -0.992360 0.057798
vn -0.069603 -0.989950 0.123106
vn -0.082497 -0.989569 0.118096
vn -0.111796 -0.986962 0.115796
vn -0.111403 -0.987028 0.115603
vn -0.115102 -0.986616 0.115502
vn -0.187399 -0.975992 0.110999
vn -0.201403 -0.973614 0.107301
vn -0.180601 -0.977307 0.110701
vn -0.173993 -0.982362 0.068497
vn -0.231599 -0.972794 0.005800
vn -0.102998 -0.992483 0.066099
vn -0.196695 -0.975675 0.096797
vn -0.091200 -0.995001 -0.040700
vn 0.109699 -0.990593 0.081799
vn 0.007400 -0.998772 -0.048999
vn -0.145997 -0.987180 -0.064499
vn 0.476127 -0.878250 0.044503
vn 0.167904 -0.985724 -0.012500
vn -0.178898 -0.982591 -0.050100
vn -0.173804 -0.984320 -0.030101
vn 0.399887 -0.916470 0.013200
vn 0.275401 -0.961102 -0.020900
vn -0.245094 -0.968178 -0.050599
vn -0.166106 -0.985436 -0.036401
vn 0.321709 -0.944625 -0.064702
vn 0.339885 -0.940459 -0.003900
vn 0.535001 -0.844301 -0.030500
vn 0.633809 -0.773410 -0.011100
vn -0.398713 -0.916329 -0.037001
vn -0.085404 -0.995251 -0.046702
vn 0.096598 -0.994877 -0.029799
vn -0.146000 -0.988500 -0.039400
vn -0.112098 -0.990983 -0.073399
vn -0.208296 -0.976683 -0.051999
vn -0.181895 -0.982274 -0.045299
vn -0.158704 -0.986424 -0.042201
vn -0.170809 -0.984451 -0.041002
vn -0.142397 -0.988981 -0.040499
vn -0.085600 -0.995304 -0.045200
vn -0.004500 -0.996084 -0.088299
vn 0.061301 -0.998108 -0.004700
vn 0.156095 -0.985166 -0.071298
vn -0.060400 -0.997793 -0.027600
vn -0.113098 -0.993084 -0.031500
vn 0.255694 -0.961879 -0.096998
vn 0.309201 -0.948402 0.070200
vn 0.428693 -0.900985 0.066699
vn 0.461513 -0.881524 0.099603
vn -0.152902 -0.987614 -0.035201
vn -0.184201 -0.982608 -0.023500
vn -0.189895 -0.981177 -0.035099
vn -0.230105 -0.972821 -0.025901
vn -0.274097 -0.961390 -0.024500
vn -0.357395 -0.933886 -0.011200
vn -0.134295 -0.990763 -0.018799
vn -0.296901 -0.954904 -0.003000
vn -0.320590 -0.946870 -0.025699
vn -0.410395 -0.911889 -0.005800
vn -0.396407 -0.918016 0.010400
vn -0.366684 -0.929960 -0.026799
vn -0.456896 -0.889492 -0.007100
vn -0.445312 -0.895323 0.009700
vn -0.497079 -0.867664 -0.008500
vn -0.412918 -0.910341 -0.027901
vn -0.480098 -0.877196 0.005700
vn -0.531195 -0.847193 -0.009800
vn -0.454709 -0.889719 -0.040501
vn -0.560909 -0.827713 -0.016500
vn -0.508408 -0.861113 0.002300
vn -0.534298 -0.845296 0.000500
vn -0.498597 -0.866194 -0.033300
vn -0.536697 -0.842595 -0.044600
vn -0.591565 -0.806152 -0.012999
vn -0.430720 -0.900142 -0.065003
vn -0.615618 -0.787823 -0.018701
vn -0.556697 -0.830695 -0.005800
vn -0.137298 -0.988587 -0.061999
vn -0.097504 -0.993844 -0.052602
vn -0.434992 -0.898983 -0.051099
vn -0.569626 -0.821137 -0.035502
vn -0.060099 -0.992687 -0.104699
vn -0.390024 -0.910957 -0.134308
vn -0.428394 -0.902587 -0.042599
vn -0.413374 -0.905943 -0.091594
vn -0.623128 -0.772734 -0.120805
vn -0.610294 -0.788692 -0.074199
vn -0.739643 -0.665239 -0.101906
vn -0.593964 -0.803951 -0.029498
vn -0.710877 -0.701178 -0.054798
vn -0.688290 -0.719189 -0.094999
vn -0.679386 -0.733685 -0.011900
vn -0.663303 -0.746803 -0.048100
vn -0.351482 -0.928653 -0.118594
vn -0.647677 -0.761773 -0.014699
vn -0.634068 -0.773261 -0.004900
vn -0.610830 -0.791739 -0.006100
vn -0.333988 -0.939967 -0.070098
vn 0.190199 -0.970296 -0.149499
vn -0.304302 -0.952305 -0.022700
vn 0.211889 -0.972348 -0.098195
vn 0.443295 -0.883291 -0.152598
vn 0.516015 -0.851624 -0.092003
vn 0.265806 -0.956122 -0.123203
vn 0.267712 -0.962543 -0.042902
vn -0.272806 -0.961720 -0.025901
vn -0.593019 -0.805126 -0.010000
vn -0.574492 -0.818488 -0.006000
vn -0.236094 -0.971177 -0.032799
vn -0.101501 -0.994605 -0.021400
vn -0.171297 -0.984983 -0.021600
vn 0.334215 -0.941441 -0.044602
vn 0.408692 -0.911582 -0.044599
vn 0.528020 -0.849132 -0.013000
vn 0.588307 -0.807910 -0.034300
vn 0.651386 -0.758084 -0.031699
vn 0.708676 -0.705276 -0.019099
vn 0.374006 -0.927315 -0.014400
vn 0.342096 -0.937490 -0.063899
vn -0.144197 -0.985682 -0.087398
vn -0.160605 -0.985932 -0.046302
vn -0.440314 -0.894228 -0.080502
vn 0.376306 -0.926414 -0.012300
vn -0.201190 -0.979552 -0.001100
vn -0.258898 -0.965893 -0.004800
vn -0.486686 -0.872274 -0.047699
vn -0.519204 -0.849706 -0.091801
vn -0.525921 -0.850533 -0.000700
vn -0.554476 -0.832164 -0.007800
vn -0.534588 -0.843481 -0.052499
vn -0.491771 -0.865249 -0.097494
vn -0.530300 -0.847799 -0.004300
vn -0.512288 -0.858779 -0.007700
vn -0.368690 -0.928974 -0.032799
vn -0.413402 -0.907504 -0.074400
vn -0.185393 -0.982664 0.000900
vn -0.303810 -0.952733 -0.000200
vn -0.116003 -0.993221 0.007400
vn -0.243688 -0.969852 0.001700
vn -0.039198 -0.999157 0.012199
vn -0.179603 -0.983716 0.006700
vn 0.032501 -0.999243 0.021401
vn -0.479596 -0.877393 -0.013000
vn -0.568315 -0.822522 -0.021801
vn -0.112504 -0.993436 0.020701
vn 0.084597 -0.995967 0.029899
vn 0.132602 -0.991112 0.010700
vn -0.421104 -0.907009 0.002300
vn -0.054201 -0.998527 0.002600
vn -0.562216 -0.826824 -0.016600
vn -0.331306 -0.943417 -0.014200
vn -0.357003 -0.934008 -0.013300
vn 0.347815 -0.937539 -0.006700
vn -0.414184 -0.910065 -0.015299
vn -0.537903 -0.842704 -0.022600
vn 0.260587 -0.965451 0.000300
vn -0.476524 -0.878945 -0.019501
vn -0.499403 -0.866305 -0.010600
vn 0.736904 -0.675904 0.011200
vn 0.150694 -0.988560 -0.006300
vn -0.512599 -0.858398 -0.019900
vn 0.746116 -0.665814 0.001500
vn 0.035199 -0.999366 -0.005400
vn 0.640203 -0.768004 -0.017600
vn 0.738335 -0.674432 0.001300
vn -0.526616 -0.849925 -0.017401
vn -0.092398 -0.995680 -0.009200
vn -0.445704 -0.895109 -0.011300
vn -0.014200 -0.999899 -0.000900
vn 0.722045 -0.691844 -0.001700
vn 0.709702 -0.704502 -0.000600
vn 0.787148 -0.616737 -0.005800
vn 0.069297 -0.997556 -0.008900
vn 0.654208 -0.756309 -0.003000
vn 0.842451 -0.538769 -0.002200
vn 0.147199 -0.989094 -0.005000
vn -0.218205 -0.975822 -0.012600
vn 0.573787 -0.818981 -0.006200
vn 0.227306 -0.973824 0.000200
vn 0.882042 -0.471169 0.001000
vn 0.314991 -0.949074 0.006200
vn 0.905477 -0.424389 0.002100
vn 0.469491 -0.882884 -0.009700
vn 0.418017 -0.908438 0.001700
vn -0.426001 -0.904502 -0.020000
vn -0.333890 -0.942473 -0.016200
vn 0.908080 -0.418791 -0.002400
vn 0.331511 -0.943331 -0.015100
vn -0.488221 -0.872338 -0.025801
vn 0.118596 -0.991362 -0.055998
vn -0.523895 -0.850992 -0.036700
vn 0.866878 -0.495587 -0.053999
vn -0.419410 -0.904422 -0.078202
vn 0.009800 -0.994179 -0.107298
vn -0.180094 -0.980367 -0.080297
vn -0.329012 -0.943934 -0.027201
vn -0.404702 -0.914104 -0.025100
vn -0.054099 -0.995980 -0.071399
vn -0.457689 -0.888878 -0.020400
vn -0.102103 -0.994531 -0.022001
vn -0.193696 -0.980979 -0.012700
vn -0.496711 -0.867719 -0.018500
vn -0.264904 -0.964215 -0.010700
vn -0.520109 -0.853915 -0.017800
vn -0.329412 -0.944134 -0.009900
vn -0.389694 -0.920887 -0.010300
vn -0.097702 -0.995216 0.000600
vn -0.142807 -0.989749 0.001600
vn -0.190902 -0.981608 0.001700
vn -0.054899 -0.998485 -0.003700
vn 0.111396 -0.993764 0.004900
vn -0.015799 -0.999855 -0.006300
vn 0.134796 -0.990873 -0.001200
vn 0.046600 -0.998108 -0.040100
vn 0.160002 -0.987112 -0.003000
vn 0.275989 -0.961160 -0.001300
vn 0.257212 -0.966343 0.004800
vn 0.294392 -0.955675 -0.004200
vn 0.087404 -0.996149 0.006900
vn 0.239092 -0.970967 0.007600
vn 0.060602 -0.998128 0.008300
vn 0.218804 -0.975720 0.009800
vn 0.192308 -0.981240 -0.013601
vn 0.312600 -0.949799 -0.012800
vn -0.242794 -0.970077 0.001100
vn 0.029301 -0.999530 0.009000
vn 0.194892 -0.980757 0.011500
vn -0.298701 -0.954304 0.009000
vn -0.007400 -0.999798 0.018700
vn 0.169708 -0.985249 0.022001
vn 0.238794 -0.970774 0.023999
vn 0.314507 -0.949122 0.015900
vn 0.235395 -0.971479 -0.028599
vn 0.211791 -0.975861 0.053298
vn 0.211605 -0.977324 0.007800
vn 0.416405 -0.908911 0.022100
vn 0.072700 -0.989196 -0.127300
vn 0.316005 -0.939614 -0.131402
vn -0.209200 -0.966501 -0.148700
vn -0.223001 -0.960004 -0.169301
vn -0.263308 -0.957430 -0.118304
vn -0.230211 -0.956045 -0.181608
vn 0.452127 -0.878452 -0.154609
vn -0.413414 -0.908832 -0.055802
vn -0.264303 -0.961511 -0.075101
vn 0.779375 -0.620780 -0.084897
vn -0.237610 -0.959042 -0.154207
vn 0.560080 -0.819570 -0.120896
vn -0.480077 -0.875857 -0.048998
vn -0.505192 -0.862687 -0.023500
vn 0.512714 -0.858324 0.020101
vn 0.538801 -0.840802 0.052400
vn 0.191100 -0.979902 0.057200
vn 0.175200 -0.983201 0.051200
vn 0.154496 -0.987976 0.005900
vn 0.121797 -0.992476 -0.012500
vn -0.110797 -0.969573 0.218294
vn -0.419295 -0.906290 -0.053199
vn 0.482400 -0.840200 -0.247700
vn -0.230391 -0.960964 0.153194
vn -0.354200 -0.931801 -0.079300
vn 0.326585 -0.944856 0.024299
vn 0.593386 -0.797681 -0.107697
vn -0.204697 -0.978585 0.021700
vn -0.261092 -0.963372 0.061198
vn -0.163304 -0.980821 0.106402
vn -0.327899 -0.927696 0.178499
vn -0.145307 -0.982750 0.114406
vn -0.094402 -0.988516 0.118002
vn 0.262996 -0.941285 -0.211697
vn -0.131193 -0.984746 0.114294
vn -0.092995 -0.988852 0.116294
vn 0.004700 -0.993319 0.115302
vn 0.516776 -0.855960 0.016599
vn -0.118504 -0.989734 0.079903
vn -0.099996 -0.988156 0.116395
vn 0.001700 -0.993594 0.112999
vn -0.007200 -0.993558 0.113095
vn -0.110601 -0.991711 0.065401
vn -0.019699 -0.998270 0.055398
vn -0.181903 -0.982915 0.028100
vn -0.159803 -0.987116 0.008100
vn -0.078297 -0.996863 -0.011600
vn -0.228203 -0.973613 0.000600
vn -0.262001 -0.964805 0.022500
vn -0.335097 -0.942091 0.013200
vn 0.513584 -0.857974 -0.010600
vn 0.848583 -0.497790 0.179196
vn 0.663500 -0.739300 0.114900
vn 0.993987 0.022800 0.107099
vn 0.989499 0.129000 0.065200
vn 0.392391 -0.917478 0.065298
vn 0.131394 -0.990358 0.043898
vn 0.031900 -0.999312 0.018900
vn -0.051699 -0.992385 0.111798
vn -0.366722 0.924755 -0.101706
vn -0.290410 0.955233 -0.056502
vn -0.366722 0.924755 -0.101706
vn -0.179898 0.983488 -0.019700
vn -0.179898 0.983488 -0.019700
vn -0.179898 0.983488 -0.019700
vn -0.290410 0.955233 -0.056502
vn -0.249494 0.967579 -0.039299
vn -0.280309 0.955931 -0.087303
vn -0.261104 0.960313 -0.098101
vn -0.265212 0.961245 -0.075304
vn -0.335517 0.941647 -0.027001
vn -0.370701 0.928104 -0.034700
vn -0.246697 0.968987 -0.014300
vn -0.298991 0.953871 -0.027099
vn -0.270887 0.962056 -0.032698
vn -0.145195 0.986765 -0.072197
vn -0.207295 0.978276 0.002000
vn -0.210201 0.977505 -0.017300
vn -0.180407 0.983339 -0.022301
vn -0.270587 0.961953 -0.037798
vn -0.164204 0.986421 -0.003200
vn -0.254691 0.966964 0.010600
vn -0.164396 0.985977 -0.028699
vn -0.070002 0.995524 -0.063502
vn -0.157505 0.987234 -0.023701
vn -0.252001 0.967204 -0.031800
vn -0.140204 0.989927 -0.019701
vn -0.236610 0.971241 -0.026601
vn -0.101505 0.994746 -0.013301
vn -0.128402 0.991719 -0.002700
vn -0.129204 0.991430 -0.019301
vn -0.225809 0.973838 -0.025501
vn -0.078901 0.996817 -0.011400
vn -0.163991 0.986446 -0.005500
vn -0.120401 0.992607 -0.015300
vn -0.217398 0.975890 -0.019400
vn -0.061098 0.998062 -0.011800
vn -0.133701 0.991010 -0.004900
vn -0.114996 0.993262 -0.014399
vn -0.209795 0.977578 -0.018100
vn -0.047102 0.998834 -0.010600
vn -0.106401 0.994308 -0.005500
vn -0.111300 0.993697 -0.013400
vn -0.201700 0.979298 -0.017100
vn -0.037801 0.999228 -0.010700
vn -0.080403 0.996742 -0.006400
vn -0.108195 0.994054 -0.012299
vn -0.191203 0.981415 -0.016300
vn -0.033100 0.999396 -0.010600
vn -0.104704 0.994440 -0.011200
vn -0.058398 0.998265 -0.007500
vn -0.175105 0.984429 -0.015400
vn -0.033300 0.999394 -0.010100
vn -0.041001 0.999123 -0.008500
vn -0.039099 0.999187 -0.009800
vn -0.100800 0.994898 -0.004200
vn -0.143503 0.989618 -0.008000
vn -0.055501 0.998422 -0.008500
vn -0.029600 0.999516 -0.009600
vn -0.026400 0.999589 -0.011200
vn -0.115795 0.990957 -0.067797
vn -0.119201 0.992608 -0.022800
vn -0.064401 0.997911 0.005200
vn -0.322116 0.941145 -0.102405
vn -0.059197 0.995852 -0.069097
vn -0.258509 0.960534 -0.102704
vn -0.483194 0.860489 -0.161498
vn -0.409694 0.912187 -0.008100
vn 0.085998 0.995673 -0.035199
vn -0.584295 0.795793 -0.159099
vn -0.575470 0.817758 0.010299
vn -0.636280 0.761477 -0.123696
vn -0.649805 0.756806 0.070701
vn 0.039600 0.978688 -0.201498
vn 0.044102 0.985935 -0.161206
vn 0.506896 0.861293 0.035100
vn -0.077999 0.981581 -0.174397
vn 0.415014 0.908831 0.042301
vn 0.287516 0.957754 0.006500
vn 0.157706 0.986639 0.040902
vn 0.166801 0.984807 0.048300
vn 0.141604 0.989131 0.039601
vn 0.124595 0.991164 0.045498
vn 0.126606 0.990848 0.046802
vn 0.121103 0.991624 0.044901
vn 0.143903 0.988422 0.048101
vn 0.142292 0.988746 0.046197
vn 0.149999 0.987496 0.048500
vn 0.176807 0.983340 0.042202
vn 0.170107 0.984738 0.036801
vn 0.185499 0.982094 0.032900
vn 0.176201 0.984006 0.026200
vn 0.203292 0.978460 0.035899
vn 0.192003 0.980416 0.043801
vn -0.235598 0.971693 -0.017500
vn 0.223501 0.974506 0.019600
vn 0.170995 0.985170 0.014200
vn -0.763267 0.644472 -0.045598
vn 0.121397 0.992575 0.007600
vn 0.208090 0.978052 -0.010599
vn -0.361707 0.930517 0.057501
vn 0.188793 0.981865 -0.017299
vn -0.838109 0.543906 -0.041700
vn 0.122398 0.992481 0.000900
vn 0.097895 0.994847 -0.026399
vn 0.144204 0.989529 -0.006200
vn 0.198205 0.980124 -0.008500
vn 0.058800 0.997508 -0.039000
vn 0.089897 0.995869 -0.012800
vn -0.063700 0.996294 -0.057800
vn 0.031701 0.999334 -0.018101
vn -0.037201 0.999138 -0.018401
vn 0.022200 0.999717 -0.008600
vn 0.090796 0.995858 -0.004800
vn 0.208101 0.978106 -0.001400
vn 0.009100 0.999943 -0.005500
vn 0.089697 0.995969 -0.000800
vn 0.211611 0.977349 0.003300
vn -0.008300 0.999960 -0.003400
vn 0.085801 0.996309 0.002400
vn 0.207194 0.978273 0.007300
vn -0.028899 0.999581 -0.001400
vn 0.079096 0.996853 0.005200
vn 0.194392 0.980860 0.011200
vn -0.051798 0.998658 0.000500
vn 0.069198 0.997570 0.008100
vn 0.173195 0.984770 0.015200
vn -0.076902 0.997032 0.003700
vn 0.055099 0.998386 0.013800
vn 0.142794 0.989461 0.023999
vn -0.101403 0.994833 0.005000
vn 0.038900 0.999108 0.016400
vn 0.106900 0.993900 0.027100
vn -0.130098 0.991482 0.006200
vn 0.015900 0.999669 0.020199
vn 0.064703 0.997448 0.030201
vn -0.193494 0.981070 0.007900
vn -0.156096 0.987574 0.018200
vn -0.225292 0.974267 0.006900
vn -0.167394 0.985763 0.015799
vn -0.171198 0.985090 0.017000
vn -0.040702 0.998848 -0.025401
vn -0.025000 0.999390 0.024400
vn -0.205401 0.978405 -0.023100
vn -0.302513 0.952040 -0.045902
vn -0.014400 0.999611 0.023900
vn -0.124504 0.991630 0.034201
vn -0.687085 0.726285 -0.020600
vn -0.758905 0.648604 -0.058100
vn -0.918864 0.389185 -0.064997
vn -0.007900 0.999513 0.030200
vn -0.050902 0.998148 0.033302
vn 0.014200 0.998633 0.050302
vn -0.604723 0.795631 0.035801
vn -0.518203 0.854404 0.038200
vn -0.365195 0.930488 0.028700
vn -0.429109 0.901218 0.060601
vn -0.927165 0.373786 -0.025499
vn -0.775493 0.629094 -0.053400
vn -0.927207 0.374203 0.016100
vn -0.836594 0.547196 -0.026200
vn -0.152895 0.987465 -0.039199
vn -0.921995 0.386998 0.012600
vn -0.886966 0.461682 0.011900
vn -0.241708 0.970332 -0.005800
vn 0.584528 0.810639 -0.034502
vn 0.494178 0.869361 -0.000600
vn 0.862107 0.503304 -0.058800
vn -0.327485 0.944056 0.038898
vn -0.921994 0.387197 -0.002400
vn 0.434812 0.899025 0.051901
vn 0.809731 0.586522 -0.018101
vn 0.852206 0.516804 -0.081601
vn -0.390204 0.920009 0.036400
vn 0.762907 0.645306 0.039400
vn 0.844928 0.533818 -0.033701
vn 0.605812 0.794616 -0.039701
vn 0.558704 0.825905 -0.075700
vn 0.815714 0.578010 0.022700
vn 0.388395 0.919289 0.063699
vn 0.716601 0.695601 0.051200
vn -0.039502 0.998938 -0.023701
vn -0.149594 0.986358 -0.068697
vn -0.598075 0.799666 -0.053298
vn -0.444876 0.894251 0.048997
vn 0.348110 0.934127 0.078902
vn -0.554301 0.832302 -0.004900
vn -0.522903 0.851504 -0.038900
vn 0.617493 0.786391 0.017100
vn 0.047401 0.998516 0.026800
vn -0.571832 0.820345 -0.006500
vn -0.082899 0.995283 -0.050399
vn -0.509584 0.859773 0.033399
vn -0.167409 0.985754 -0.016201
vn 0.261289 0.962960 -0.066597
vn -0.596633 0.801844 0.032802
vn 0.111195 0.993453 0.026199
vn -0.468188 0.882978 0.033899
vn 0.616622 0.787028 0.019101
vn 0.165105 0.985630 0.035701
vn 0.777832 0.627726 0.030601
vn 0.607021 0.794227 0.027001
vn 0.735295 0.676395 0.042800
vn 0.669797 0.739497 0.067200
vn 0.321707 0.944021 0.073002
vn 0.628903 0.775103 0.060800
vn 0.692074 0.720773 0.038999
vn 0.588518 0.808125 0.024101
vn 0.579913 0.812618 0.057901
vn 0.299793 0.951578 0.067998
vn 0.640424 0.767129 0.037001
vn 0.187401 0.982007 0.023300
vn 0.282500 0.957001 0.065900
vn 0.566505 0.823808 0.020300
vn 0.529425 0.846539 0.055503
vn 0.586703 0.809105 0.033600
vn -0.428205 0.903411 0.022100
vn 0.207410 0.978050 0.020001
vn 0.542980 0.839569 0.017199
vn 0.471904 0.880407 0.046800
vn 0.524826 0.850742 0.028201
vn 0.267903 0.961811 0.056101
vn 0.411186 0.910370 0.046398
vn 0.229604 0.973118 0.018000
vn 0.514615 0.857325 0.012900
vn -0.424586 0.905171 0.019799
vn 0.458685 0.888170 0.027599
vn 0.254009 0.967134 0.011500
vn 0.253191 0.965765 0.056498
vn 0.480195 0.877090 0.011200
vn -0.421184 0.906766 0.019499
vn 0.276891 0.960867 0.008100
vn -0.419117 0.907838 0.013101
vn -0.638566 0.769459 0.012899
vn -0.643005 0.765806 0.009300
vn -0.632903 0.774104 0.014000
vn -0.201203 0.979316 0.021400
vn -0.229707 0.972931 0.025301
vn -0.627792 0.778191 0.017200
vn -0.251311 0.967543 0.026501
vn 0.209493 0.977267 0.032599
vn -0.433519 0.900339 0.038102
vn -0.611119 0.790825 0.033601
vn -0.621905 0.782606 0.027600
vn -0.223693 0.974170 0.030899
vn -0.261498 0.964594 0.034300
vn -0.272786 0.961650 0.028599
vn 0.244503 0.969313 -0.025500
vn 0.224503 0.974113 0.026500
vn 0.249798 0.968091 -0.020000
vn 0.188695 0.979473 -0.070898
vn -0.071100 0.995699 -0.059400
vn 0.205998 0.977890 0.036000
vn -0.018900 0.999789 -0.008000
vn -0.127597 0.990777 -0.045599
vn 0.277788 0.960257 0.027199
vn -0.165998 0.986086 -0.008900
vn 0.148603 0.987218 -0.057601
vn 0.016501 0.999336 0.032501
vn 0.206508 0.977938 0.031501
vn 0.287989 0.957164 0.029999
vn -0.286290 0.957467 0.035999
vn 0.192496 0.980381 0.042399
vn 0.198990 0.979249 0.038398
vn 0.290189 0.956065 0.041598
vn 0.040901 0.998618 0.033001
vn 0.260886 0.964749 0.034598
vn 0.278005 0.959916 0.035701
vn 0.055298 0.997672 0.039899
vn 0.029399 0.999161 0.028499
vn -0.183306 0.982532 0.032101
vn -0.189502 0.981312 0.033400
vn 0.042401 0.998626 0.030801
vn -0.200793 0.979264 0.026899
vn -0.191291 0.980951 0.033798
vn -0.207108 0.978038 0.023401
vn -0.110399 0.993588 0.024400
vn 0.243913 0.969351 0.029402
vn 0.019100 0.999492 0.025500
vn 0.223312 0.974452 0.024001
vn 0.209505 0.977421 0.027501
vn 0.199296 0.979679 0.022600
vn 0.205995 0.978178 0.027099
vn 0.011800 0.999732 0.019901
vn -0.208893 0.977666 0.023099
vn -0.168997 0.985380 0.021600
vn 0.172091 0.984849 0.021399
vn 0.197392 0.979958 0.026799
vn -0.644697 0.764396 0.008000
vn -0.132197 0.990975 0.022199
vn 0.006400 0.999808 0.018500
vn -0.415513 0.909529 0.010300
vn -0.641987 0.766684 0.007000
vn -0.206704 0.978219 0.019000
vn -0.199196 0.979779 0.018800
vn 0.002500 0.999851 0.017101
vn 0.142204 0.989629 0.020301
vn -0.185802 0.982413 0.018500
vn 0.182991 0.982752 0.026699
vn -0.000500 0.999874 0.015900
vn 0.110804 0.993637 0.020201
vn -0.091404 0.995546 0.023101
vn 0.162393 0.986357 0.026999
vn -0.003200 0.999870 0.015800
vn -0.632577 0.774472 0.006200
vn 0.083500 0.996202 0.024700
vn -0.046902 0.998632 0.023101
vn 0.144294 0.989059 0.030699
vn -0.166107 0.985940 0.018201
vn -0.005800 0.999769 0.020699
vn 0.058598 0.997368 0.042699
vn -0.140598 0.989886 0.018900
vn -0.179800 0.983500 0.020000
vn -0.192610 0.981051 0.021001
vn -0.164904 0.986123 0.019200
vn 0.310598 0.950294 0.021700
vn -0.149400 0.988600 0.018700
vn 0.303701 0.952603 0.017700
vn 0.297790 0.954469 0.017599
vn -0.134595 0.990661 0.021799
vn 0.290811 0.956537 0.021601
vn 0.442001 0.896803 0.019500
vn 0.429012 0.902925 0.026001
vn -0.121702 0.992318 0.022200
vn 0.284203 0.958512 0.022000
vn 0.276493 0.960677 0.025499
vn 0.415423 0.909251 0.026201
vn 0.401197 0.915494 0.030200
vn 0.269501 0.962704 0.023900
vn 0.061000 0.997797 0.026100
vn 0.063601 0.997515 0.030300
vn 0.386110 0.921925 0.031201
vn 0.059999 0.997385 0.040299
vn -0.199199 0.979593 0.026800
vn 0.056599 0.998086 0.024900
vn -0.189704 0.981623 0.020700
vn 0.048902 0.998647 0.017701
vn -0.194007 0.980735 0.022801
vn -0.023201 0.999431 0.024501
vn -0.027701 0.999246 0.027201
vn -0.184404 0.982720 0.016000
vn 0.038101 0.999131 0.016901
vn -0.019001 0.999629 0.019501
vn 0.453394 0.891088 0.019900
vn -0.176305 0.984226 0.014700
vn 0.023500 0.999611 0.015000
vn 0.460805 0.887209 0.022800
vn -0.164903 0.986219 0.013400
vn -0.016300 0.999702 0.018200
vn 0.230396 0.972885 0.020300
vn 0.006200 0.999898 0.012900
vn -0.149107 0.988748 0.012001
vn -0.013799 0.999757 0.017199
vn 0.221402 0.975011 0.018300
vn 0.464090 0.885580 0.019200
vn -0.128605 0.991640 0.010500
vn -0.014101 0.999842 0.010800
vn 0.315688 0.948663 0.019499
vn 0.463099 0.886099 0.019200
vn -0.202006 0.979128 0.022401
vn 0.316006 0.948518 0.021300
vn -0.113903 0.993223 0.023101
vn -0.208996 0.977581 0.025600
vn -0.013400 0.999233 0.036801
vn -0.095798 0.994778 0.035199
vn 0.313483 0.949249 0.025599
vn 0.026000 0.994111 0.105201
vn 0.453615 0.890929 0.021901
vn -0.039699 0.999169 0.009200
vn -0.042899 0.993880 0.101798
vn -0.220998 0.974692 0.033700
vn -0.099898 0.989980 0.099798
vn 0.310999 0.949697 0.036800
vn -0.218403 0.971016 0.097102
vn 0.433082 0.901163 0.018599
vn -0.079501 0.996807 -0.007400
vn 0.320387 0.947260 0.007100
vn -0.233808 0.972232 -0.010000
vn -0.039600 0.997695 -0.055100
vn -0.096996 0.995254 -0.007800
vn -0.106202 0.994321 0.006800
vn 0.289189 0.955063 0.064997
vn 0.135998 0.990688 0.006400
vn -0.007800 0.999854 0.015199
vn -0.004400 0.999925 0.011400
vn 0.000600 0.999994 -0.003400
vn 0.153803 0.988021 0.012600
vn 0.119598 0.992785 0.008600
vn 0.019300 0.999809 -0.003000
vn -0.011100 0.999804 0.016400
vn 0.183309 0.982947 0.014601
vn 0.205908 0.978436 0.016301
vn 0.199293 0.979868 0.011900
vn 0.181706 0.983234 0.015301
vn 0.162206 0.986638 0.015301
vn 0.139692 0.989946 0.022199
vn -0.544498 0.838697 0.010400
vn -0.537309 0.843314 0.011000
vn 0.210990 0.977451 0.008500
vn -0.530974 0.847358 0.007200
vn -0.802207 0.597006 0.006900
vn -0.786216 0.617913 0.006900
vn -0.522089 0.852882 0.004000
vn 0.214101 0.976803 0.004200
vn -0.761509 0.648108 0.007800
vn 0.089498 0.995981 -0.003400
vn 0.201398 0.979491 -0.006000
vn 0.080104 0.996745 0.009100
vn 0.210597 0.977288 -0.023600
vn 0.167105 0.985830 0.014700
vn -0.505586 0.862776 -0.001200
vn -0.492777 0.870059 -0.012999
vn -0.723500 0.690300 0.005700
vn -0.657528 0.753232 0.017301
vn 0.102997 0.993873 0.040099
vn -0.464790 0.884381 0.042899
vn -0.414917 0.903038 0.111205
vn 0.145104 0.988424 0.044301
vn -0.160202 0.967912 0.193602
vn -0.096902 0.992524 0.074202
vn 0.116800 0.992296 0.041300
vn 0.135902 0.989713 0.044701
vn 0.344796 0.938489 0.018800
vn 0.123796 0.991264 0.045498
vn 0.414892 0.908183 0.055399
vn 0.133998 0.990087 0.042099
vn -0.059400 0.998005 -0.021400
vn 0.108101 0.991107 0.077601
vn 0.182801 0.982606 0.032700
vn 0.173897 0.965184 0.195397
vn 0.054199 0.974488 0.217797
vn 0.229196 0.943584 0.238996
vn 0.234791 0.942764 0.236791
vn -0.311006 0.904017 0.293306
vn 0.238504 0.940118 0.243505
vn -0.289513 0.919842 0.264712
vn -0.395585 0.912465 0.104496
vn 0.220491 0.965960 0.135294
vn 0.033301 0.990217 0.135502
vn 0.027199 0.998354 0.050498
vn -0.181807 0.947035 0.264710
vn -0.336097 0.938491 0.079199
vn -0.216898 0.971293 0.097699
vn -0.074101 0.996619 0.035501
vn 0.152301 0.987104 0.049300
vn -0.017999 0.998870 0.043999
vn 0.152001 0.987309 0.046000
vn -0.151607 0.987744 0.037102
vn 0.078898 0.996177 0.037499
vn 0.164196 0.985378 0.045499
vn -0.221993 0.974369 0.036399
vn 0.133900 0.990296 0.037200
vn 0.173395 0.983773 0.046099
vn -0.287211 0.957235 0.034801
vn 0.174602 0.983909 0.037900
vn 0.174006 0.983636 0.046702
vn -0.811923 0.583717 0.007500
vn 0.214294 0.975874 0.041799
vn 0.222491 0.974461 0.030399
vn -0.346188 0.937567 0.033499
vn 0.253587 0.966452 0.040798
vn 0.167393 0.984760 0.047198
vn -0.817323 0.576117 0.008500
vn -0.398292 0.916683 0.032499
vn -0.551380 0.834069 0.017599
vn 0.113301 0.993111 0.029900
vn -0.555597 0.831096 0.024300
vn 0.233800 0.971901 0.027300
vn 0.087303 0.995638 0.032901
vn 0.233503 0.971914 0.029300
vn -0.819976 0.572283 0.011500
vn -0.562902 0.826102 0.026400
vn -0.034700 0.998892 0.031800
vn 0.230099 0.972497 0.036100
vn 0.062201 0.997309 0.038800
vn -0.204000 0.978198 0.038900
vn -0.039899 0.998485 0.037899
vn 0.224600 0.973698 0.038300
vn -0.565786 0.823980 0.030699
vn 0.036000 0.998100 0.050000
vn -0.820582 0.571388 0.012700
vn -0.571228 0.819540 0.045302
vn -0.445105 0.894710 0.037100
vn -0.821092 0.570594 0.015200
vn -0.480993 0.875887 0.038299
vn 0.155107 0.986745 0.047702
vn 0.137501 0.988808 0.057900
vn 0.292785 0.955251 0.042098
vn 0.329190 0.943271 0.043299
vn 0.268489 0.962761 0.031699
vn 0.313801 0.949002 0.030400
vn 0.327390 0.944671 0.020299
vn 0.360507 0.932218 0.031701
vn 0.362415 0.930439 0.054202
vn 0.361189 0.932272 0.020299
vn 0.408614 0.911932 0.037601
vn 0.118301 0.991206 0.059300
vn 0.389205 0.920912 0.021000
vn 0.280402 0.959708 0.018300
vn -0.519376 0.853660 0.038898
vn 0.390293 0.919082 0.054399
vn 0.095200 0.993405 0.063900
vn -0.822517 0.568011 0.028801
vn -0.544916 0.836724 0.054402
vn -0.613726 0.788433 0.041402
vn -0.820173 0.571081 0.034399
vn 0.074303 0.994434 0.074703
vn 0.417584 0.906766 0.058298
vn -0.536488 0.842681 0.045499
vn -0.021800 0.999181 0.034099
vn -0.813996 0.579797 0.035300
vn 0.234595 0.971678 0.028399
vn -0.662287 0.748286 0.037999
vn -0.089297 0.995468 0.032699
vn -0.003100 0.999368 0.035399
vn 0.244391 0.969362 0.024699
vn -0.179296 0.983577 -0.020700
vn -0.207192 0.977562 0.037999
vn 0.045100 0.998498 0.031100
vn 0.252094 0.967177 -0.031899
vn -0.205400 0.978001 0.036400
vn 0.016800 0.999327 0.032601
vn 0.110905 0.993648 -0.019101
vn 0.235705 0.969519 -0.066901
vn 0.206195 0.976975 -0.054799
vn -0.294103 0.953409 -0.067201
vn -0.758535 0.649230 -0.055903
vn -0.186603 0.982418 -0.005900
vn -0.127895 0.990961 -0.040498
vn -0.711789 0.702389 -0.002300
vn -0.783158 0.620667 -0.037898
vn -0.804393 0.594095 -0.002000
vn -0.441788 0.896376 -0.036499
vn -0.489696 0.871893 0.000900
vn 0.110202 0.992821 -0.046501
vn -0.521083 0.852371 0.043999
vn 0.084701 0.996406 -0.000500
vn 0.512323 0.856839 -0.057903
vn 0.485880 0.873964 -0.010400
vn 0.073597 0.996059 0.049498
vn 0.632913 0.771016 -0.070401
vn 0.071401 0.995707 0.058900
vn 0.470794 0.881190 0.043099
vn 0.613796 0.789195 -0.020600
vn 0.523414 0.849023 -0.072102
vn 0.454223 0.889345 0.052403
vn 0.588802 0.807603 0.033000
vn 0.527813 0.849021 -0.024001
vn 0.155394 0.987762 -0.013399
vn 0.114604 0.991334 -0.064202
vn 0.514707 0.856912 0.027900
vn -0.464606 0.883912 -0.053301
vn 0.558319 0.828628 0.040701
vn 0.181203 0.982816 0.035201
vn -0.408891 0.912580 0.002600
vn -0.731703 0.680603 -0.037300
vn 0.436707 0.897015 0.068201
vn 0.524588 0.849680 0.053399
vn 0.497328 0.866950 0.032602
vn -0.717612 0.696412 0.006600
vn -0.652375 0.757271 -0.030799
vn -0.370216 0.927840 0.045302
vn 0.201009 0.978844 0.038202
vn 0.477394 0.877690 0.041900
vn -0.340297 0.938993 0.049900
vn -0.705762 0.707062 0.044298
vn -0.666799 0.745199 0.007600
vn -0.309108 0.950426 -0.033801
vn 0.219992 0.974265 0.049098
vn -0.311012 0.950338 0.011400
vn 0.194997 0.979883 -0.042499
vn -0.666471 0.744067 0.046698
vn -0.700878 0.711777 0.046299
vn 0.177598 0.984091 0.004800
vn 0.585392 0.808189 -0.064399
vn -0.300394 0.952182 0.055799
vn -0.658983 0.750481 0.050199
vn 0.539502 0.841803 -0.017500
vn 0.709765 0.698666 -0.089996
vn 0.177308 0.982645 0.054502
vn -0.279313 0.958045 0.064303
vn -0.249791 0.965064 0.079097
vn 0.182005 0.981226 0.063802
vn 0.511581 0.858368 0.038599
vn 0.685887 0.726787 -0.036599
vn 0.533289 0.845183 -0.035599
vn 0.521282 0.849071 -0.085697
vn 0.655893 0.754592 0.019900
vn 0.483297 0.874095 0.048800
vn -0.061399 0.998084 -0.007700
vn -0.104100 0.993100 -0.054000
vn 0.519099 0.854498 0.019200
vn -0.639199 0.768498 -0.028900
vn 0.622722 0.781928 0.028401
vn -0.042002 0.998247 0.041702
vn -0.618735 0.785445 0.015601
vn -0.703888 0.709988 -0.021400
vn 0.504784 0.862872 0.025399
vn -0.609002 0.791403 0.052900
vn -0.714923 0.699022 0.015901
vn -0.433095 0.900791 -0.031700
vn -0.037999 0.998186 0.046699
vn -0.713896 0.698296 0.052300
vn -0.434296 0.900692 0.011900
vn 0.010500 0.998909 -0.045500
vn -0.610608 0.790110 0.053701
vn -0.413412 0.908827 0.055902
vn 0.043602 0.999035 0.005300
vn 0.381086 0.922866 -0.055598
vn -0.706117 0.705917 0.055501
vn 0.082697 0.995170 0.052898
vn 0.400781 0.916157 -0.005500
vn 0.615616 0.785020 -0.069002
vn -0.381689 0.922073 0.063998
vn 0.420320 0.906342 0.043302
vn 0.603207 0.797309 -0.021000
vn 0.731099 0.676599 -0.087800
vn 0.121302 0.990715 0.061401
vn 0.589909 0.807012 0.027200
vn 0.706382 0.706682 -0.040299
vn 0.677832 0.728935 -0.095905
vn -0.337600 0.937901 0.079800
vn 0.427194 0.902687 0.051599
vn 0.156401 0.984208 0.082901
vn 0.566603 0.823105 0.038200
vn -0.693602 0.718302 0.054400
vn 0.189808 0.979539 0.066903
vn 0.424185 0.903168 0.065998
vn -0.265395 0.962382 0.058199
vn -0.618799 0.783799 0.052400
vn -0.671274 0.740271 0.037299
vn 0.214809 0.974743 0.061103
vn -0.189507 0.980235 0.056802
vn -0.650021 0.758825 0.040701
vn -0.639914 0.767617 0.035701
vn -0.043798 0.997464 0.056098
vn -0.681095 0.731495 0.032000
vn -0.080898 0.995478 0.049799
vn 0.493592 0.868885 0.037499
vn 0.478605 0.877410 0.033000
vn -0.114405 0.992542 0.042102
vn 0.589698 0.806598 0.040700
vn 0.563496 0.825394 0.034600
vn 0.468502 0.882904 0.031400
vn 0.454492 0.888485 0.063499
vn 0.430814 0.900829 0.053902
vn 0.532172 0.845756 0.038598
vn 0.196694 0.978069 0.068498
vn 0.187496 0.978778 0.082698
vn 0.400415 0.914735 0.054102
vn 0.367118 0.928945 0.047802
vn 0.200701 0.977605 0.063300
vn -0.198409 0.978144 0.062203
vn -0.647800 0.760000 0.052500
vn -0.698907 0.713907 0.043200
vn -0.619505 0.784106 0.037300
vn -0.143201 0.987904 0.059500
vn -0.318612 0.946235 0.055902
vn 0.200292 0.977760 0.062197
vn -0.707221 0.706321 0.030801
vn -0.581335 0.812849 0.036402
vn -0.326695 0.944086 0.044399
vn -0.717310 0.696310 0.024900
vn -0.092596 0.994054 0.057297
vn -0.541001 0.840302 0.034800
vn -0.334994 0.941482 0.037299
vn 0.228796 0.972685 0.039199
vn 0.457606 0.888512 0.033800
vn 0.240612 0.970047 0.033402
vn -0.724203 0.689203 0.023000
vn 0.489221 0.871138 0.042202
vn 0.435402 0.899605 0.033700
vn 0.450099 0.891899 0.043900
vn 0.413199 0.910298 0.025000
vn 0.252799 0.967096 0.028600
vn 0.267510 0.963335 0.020601
vn -0.341098 0.939394 0.034500
vn -0.347692 0.937278 0.024899
vn -0.728955 0.684358 0.016699
vn -0.489683 0.871370 0.030399
vn -0.354090 0.934973 0.021099
vn -0.728591 0.684791 0.014700
vn -0.430282 0.902162 0.030999
vn -0.041998 0.997964 0.047998
vn 0.003100 0.998862 0.047598
vn 0.193808 0.979739 0.050502
vn 0.182494 0.981970 0.049299
vn 0.042200 0.997994 0.047200
vn 0.325185 0.944757 0.041098
vn 0.283811 0.958037 0.040202
vn 0.166706 0.984833 0.048102
vn 0.241408 0.969632 0.039201
vn 0.424701 0.905002 0.024500
vn 0.465293 0.884786 0.025600
vn 0.501313 0.864822 0.027701
vn 0.378999 0.925096 0.023600
vn 0.460107 0.887514 0.024900
vn 0.328513 0.944039 0.029501
vn 0.455593 0.889986 0.019000
vn 0.449197 0.893295 0.015700
vn 0.440005 0.897911 0.012300
vn 0.421598 0.906695 0.012600
vn -0.239006 0.970824 0.019400
vn -0.208906 0.977629 0.024501
vn -0.269290 0.962965 0.013500
vn -0.178502 0.983512 0.029000
vn -0.743661 0.668365 0.015999
vn -0.147995 0.988167 0.040299
vn -0.738690 0.673791 0.018500
vn -0.725787 0.687587 0.021400
vn -0.705187 0.708387 0.029999
vn -0.603076 0.796968 0.033799
vn -0.554530 0.831644 0.029402
vn -0.494293 0.868788 0.029700
vn -0.421916 0.906135 0.030101
vn -0.120100 0.991303 0.053800
vn -0.053203 0.997551 0.045402
vn 0.006400 0.998976 0.044799
vn 0.057698 0.997373 0.043799
vn 0.229103 0.971613 0.059001
vn 0.232390 0.971457 0.047598
vn 0.226409 0.972941 0.046102
vn 0.212702 0.976108 0.044400
vn 0.268409 0.962531 0.038601
vn 0.307289 0.950767 0.040199
vn 0.229006 0.972725 0.036901
vn 0.344800 0.937300 0.050800
vn 0.322209 0.946325 0.025501
vn 0.375919 0.925248 0.051003
vn 0.368102 0.929405 0.026600
vn 0.414298 0.909495 0.034300
vn 0.406384 0.912064 0.054698
vn 0.455297 0.889694 0.033900
vn 0.536086 0.842979 0.044699
vn 0.498720 0.866135 0.033001
vn 0.648317 0.761120 0.019501
vn 0.615791 0.787688 0.018700
vn 0.679416 0.733717 0.007300
vn 0.621703 0.783204 0.008800
vn 0.591791 0.805988 0.012900
vn 0.665886 0.744584 -0.046799
vn 0.341412 0.936933 -0.074803
vn 0.643522 0.765427 0.001100
vn 0.338411 0.940631 -0.026301
vn -0.202195 0.978474 -0.041299
vn -0.226904 0.973917 0.001100
vn -0.454801 0.889901 -0.035100
vn 0.315303 0.948811 0.018500
vn 0.286510 0.957632 0.029201
vn 0.604987 0.796182 0.009200
vn 0.244398 0.969393 0.023400
vn -0.352604 0.934611 0.046601
vn -0.280599 0.959198 0.034700
vn -0.520599 0.853798 -0.002500
vn -0.272389 0.959760 -0.068297
vn -0.332401 0.942602 -0.031800
vn 0.138794 0.985461 -0.097996
vn -0.584100 0.811300 0.024900
vn -0.639016 0.768519 0.032201
vn -0.357396 0.933890 0.010800
vn -0.363307 0.931619 0.009700
vn -0.683099 0.730199 0.013600
vn 0.146903 0.987621 -0.055001
vn 0.472284 0.879569 -0.057498
vn 0.432827 0.896057 -0.098706
vn 0.180398 0.983591 0.002100
vn 0.231602 0.972810 0.000400
vn 0.530169 0.846550 -0.047697
vn 0.509892 0.855186 -0.093098
vn 0.514611 0.857419 0.002700
vn 0.487116 0.868328 -0.093403
vn 0.564811 0.824516 -0.034101
vn 0.512602 0.855103 -0.077700
vn 0.638495 0.769394 -0.018900
vn 0.528702 0.848803 0.002800
vn 0.534189 0.845283 -0.011800
vn 0.581190 0.813387 -0.024900
vn 0.478600 0.877999 -0.007700
vn 0.515196 0.856493 -0.031500
vn 0.510386 0.859876 0.010900
vn 0.544095 0.838992 0.007300
vn 0.416505 0.908611 -0.030800
vn 0.459405 0.886409 -0.056801
vn 0.413494 0.909787 -0.036199
vn 0.478375 0.878155 0.001200
vn 0.356104 0.934309 -0.016000
vn 0.365596 0.930189 -0.033000
vn 0.554632 0.831848 0.020301
vn 0.420392 0.907283 0.010400
vn 0.299412 0.953937 -0.018901
vn 0.332387 0.942663 -0.030099
vn 0.293092 0.955775 0.024299
vn 0.550231 0.834746 0.021101
vn 0.357416 0.933943 0.002200
vn 0.257199 0.966198 -0.017600
vn 0.303904 0.952413 -0.023500
vn 0.220113 0.975358 -0.015101
vn 0.281595 0.959281 -0.022000
vn 0.298804 0.954312 0.002100
vn 0.529827 0.847943 0.016601
vn 0.366884 0.930158 0.014199
vn 0.190304 0.981618 -0.014500
vn 0.262595 0.964680 -0.020900
vn 0.241100 0.970500 -0.001100
vn 0.494821 0.868836 0.016601
vn 0.427386 0.903871 0.018899
vn 0.164400 0.986299 -0.013700
vn 0.245191 0.969266 -0.020099
vn 0.188803 0.982013 -0.001900
vn 0.447026 0.894451 0.011201
vn 0.466907 0.884113 0.018500
vn 0.141004 0.989928 -0.012700
vn 0.227104 0.973717 -0.017300
vn 0.140595 0.990066 -0.001700
vn 0.391217 0.920241 0.010300
vn 0.488893 0.872188 0.016500
vn 0.330187 0.943863 0.010000
vn 0.095701 0.995410 -0.000800
vn 0.119596 0.992768 -0.010400
vn 0.094500 0.995502 -0.006700
vn 0.209292 0.977665 -0.019199
vn 0.051698 0.998662 0.001500
vn 0.264202 0.964407 0.010800
vn 0.013600 0.999871 0.008500
vn 0.061600 0.998100 0.001300
vn 0.191907 0.981336 -0.012300
vn -0.033900 0.999187 0.021800
vn 0.191097 0.981486 0.012900
vn 0.096400 0.995102 0.021900
vn 0.012400 0.997815 0.064901
vn 0.136797 0.989878 0.037799
vn -0.206291 0.972959 0.103896
vn 0.037702 0.997840 0.053802
vn -0.075300 0.991702 0.104200
vn -0.002300 0.999237 0.039001
vn -0.382587 0.907769 0.171994
vn -0.109101 0.971313 0.211303
vn -0.130401 0.985507 0.108501
vn -0.047398 0.998756 0.015499
vn -0.484006 0.860810 0.157302
vn -0.531492 0.829788 0.170198
vn -0.238408 0.964731 0.111604
vn -0.374305 0.867811 0.326804
vn -0.495621 0.805435 0.325014
vn -0.567821 0.752827 0.332912
vn 0.260500 0.904600 0.337400
vn 0.249189 0.898059 0.362484
vn 0.241310 0.904936 0.350514
vn 0.520108 0.825413 0.219503
vn 0.552917 0.811025 0.191106
vn 0.474308 0.844115 0.250004
vn 0.227404 0.944015 0.239004
vn 0.425610 0.886721 0.180504
vn 0.171307 0.981841 0.081503
vn 0.444890 0.893679 0.058399
vn 0.329390 0.943773 0.028199
vn 0.449178 0.892655 0.037498
vn 0.402902 0.914904 0.024900
vn 0.389575 0.920642 0.025498
vn 0.450003 0.892806 0.019900
vn 0.315599 0.948696 0.019300
vn 0.479679 0.877262 0.017899
vn 0.232092 0.972566 0.015799
vn 0.492519 0.870134 0.017101
vn 0.140094 0.990057 0.012699
vn 0.041600 0.999088 0.009600
vn -0.062097 0.998053 0.005800
vn -0.702794 0.711394 -0.000000
vn -0.724438 0.689336 -0.002100
vn -0.162595 0.986667 0.007200
vn -0.729683 0.683784 -0.001300
vn -0.259909 0.965633 -0.000200
vn -0.714318 0.699818 0.002000
vn -0.642695 0.765994 0.014000
vn -0.539426 0.841540 0.028801
vn -0.726508 0.687007 0.014400
vn 0.175301 0.984208 0.024600
vn -0.430816 0.901934 0.030201
vn -0.342920 0.939256 0.014301
vn 0.590214 0.807220 0.006600
vn 0.104400 0.994400 0.016400
vn 0.576428 0.817139 0.003800
vn 0.023600 0.999592 0.016100
vn 0.563207 0.826210 0.013200
vn 0.560823 0.827934 0.001500
vn 0.533617 0.845627 0.013000
vn -0.794209 0.607607 0.006800
vn -0.055601 0.998423 0.007700
vn 0.543921 0.839133 -0.002300
vn 0.497079 0.867663 0.008600
vn -0.658220 0.752823 0.001700
vn -0.843433 0.537221 0.003800
vn -0.586517 0.809924 0.004500
vn -0.138200 0.990399 0.003200
vn -0.877102 0.480301 0.001400
vn -0.478791 0.877884 0.008900
vn 0.525299 0.850899 -0.005700
vn -0.223902 0.974608 -0.002800
vn -0.896517 0.443008 0.001000
vn -0.329502 0.944006 0.016800
vn 0.456697 0.889593 0.007200
vn 0.502199 0.864698 -0.009700
vn 0.410108 0.912018 0.005900
vn 0.275802 0.960907 0.024300
vn -0.317113 0.948339 -0.009600
vn 0.469900 0.882600 -0.014500
vn 0.356408 0.934320 0.004400
vn 0.229509 0.973037 0.022901
vn 0.190204 0.981120 0.035001
vn 0.296402 0.955008 0.010300
vn 0.419310 0.907721 -0.014900
vn 0.185104 0.982421 0.024201
vn 0.193400 0.980199 0.042500
vn 0.151403 0.987918 0.033101
vn 0.136994 0.990354 0.020799
vn 0.099701 0.994105 0.042600
vn 0.170307 0.984538 0.041002
vn 0.111498 0.993186 0.033900
vn -0.337899 0.940698 0.030200
vn 0.134101 0.990107 0.041300
vn 0.142397 0.988977 0.040599
vn 0.060398 0.997773 0.028299
vn 0.163296 0.985573 0.044499
vn 0.084597 0.995367 0.045698
vn -0.242288 0.969753 0.029599
vn 0.194897 0.979486 0.051199
vn -0.739409 0.673109 0.014100
vn -0.724086 0.689587 0.013000
vn -0.130497 0.990973 0.030699
vn -0.301298 0.953494 0.008300
vn -0.696116 0.717817 0.012700
vn 0.015200 0.998583 0.050999
vn 0.121500 0.978798 0.164900
vn 0.391896 0.919989 0.006100
vn 0.272896 0.961785 0.022300
vn 0.351912 0.936031 0.002300
vn 0.212801 0.976907 0.019200
vn 0.162008 0.986050 0.038202
vn 0.121599 0.991993 0.034100
vn -0.338188 0.941067 0.004600
vn 0.155301 0.987806 0.011000
vn 0.298890 0.954269 -0.006000
vn -0.637024 0.770229 0.030801
vn -0.384214 0.923234 -0.004200
vn 0.241703 0.962510 0.123101
vn -0.375508 0.919519 0.116102
vn 0.226702 0.973709 0.022300
vn -0.403107 0.913016 0.062501
vn 0.099698 0.994484 0.032599
vn 0.182592 0.981558 0.056598
vn 0.082599 0.994487 0.064599
vn 0.011700 0.999364 0.033699
vn 0.031801 0.997637 0.060902
vn 0.074602 0.996831 0.027601
vn -0.019100 0.999025 0.039801
vn 0.066899 0.996880 0.041899
vn 0.105597 0.993475 0.043099
vn -0.207604 0.974119 0.089402
vn -0.321797 0.944090 0.071699
vn 0.128699 0.990492 0.048600
vn 0.020201 0.990748 0.134206
vn -0.197908 0.948038 0.249110
vn -0.000500 0.998876 0.047399
vn 0.203506 0.969929 0.133504
vn 0.108997 0.992973 0.046099
vn -0.110801 0.993311 0.032500
vn -0.596887 0.802083 0.019700
vn -0.651599 0.758499 0.009900
vn -0.200907 0.979034 0.033601
vn 0.094199 0.994490 0.046000
vn 0.127395 0.990762 0.046498
vn -0.684509 0.728909 0.011800
vn -0.365281 0.930853 0.009100
vn -0.284593 0.958077 0.033099
vn 0.073102 0.996230 0.046701
vn 0.147494 0.987960 0.046698
vn 0.201295 0.978676 0.040899
vn -0.361595 0.931786 0.032000
vn -0.722278 0.691479 0.013100
vn -0.708205 0.705905 0.012000
vn -0.360207 0.932718 0.017000
vn -0.363603 0.931507 0.009400
vn 0.290612 0.956739 0.014001
vn 0.288088 0.957460 0.016599
vn 0.295292 0.955374 0.008000
vn 0.176603 0.983915 0.026900
vn 0.245001 0.969404 0.015200
vn 0.132704 0.990830 0.025401
vn 0.294204 0.955714 0.007400
vn 0.197505 0.980226 0.012200
vn 0.287310 0.957833 0.003000
vn 0.078599 0.996691 0.020700
vn 0.147898 0.988988 0.005400
vn 0.010300 0.999392 0.033300
vn 0.015800 0.997926 0.062402
vn 0.096804 0.994836 0.030501
vn 0.022000 0.997790 0.062699
vn 0.027800 0.997517 0.064701
vn 0.077497 0.994962 0.063598
vn 0.069901 0.995512 0.063801
vn 0.067800 0.995795 0.061600
vn 0.215105 0.976322 0.022901
vn 0.266903 0.963710 -0.005000
vn 0.152992 0.986651 0.055797
vn 0.148003 0.987722 0.050001
vn 0.173206 0.983332 0.055302
vn 0.118200 0.990000 0.077000
vn 0.188006 0.981633 0.032401
vn 0.152895 0.969866 0.189693
vn -0.058102 0.995337 0.077003
vn 0.045701 0.975719 0.214204
vn 0.206111 0.950650 0.231912
vn -0.389196 0.919289 0.058599
vn -0.142505 0.970434 0.194807
vn 0.211892 0.949966 0.229492
vn -0.324993 0.901879 0.284593
vn -0.381806 0.924215 -0.007200
vn -0.380891 0.917478 0.114697
vn 0.219895 0.947878 0.230595
vn -0.303809 0.918027 0.254807
vn -0.377413 0.920531 0.100903
vn -0.368092 0.929781 0.004000
vn 0.046601 0.997025 0.061402
vn 0.058102 0.996140 0.065803
vn 0.076298 0.994971 0.064898
vn 0.075197 0.995164 0.063198
vn 0.162005 0.985131 0.057202
vn 0.157708 0.986152 0.051303
vn -0.052598 0.995268 0.081697
vn 0.132903 0.987919 0.079702
vn 0.200409 0.979146 0.033302
vn 0.166491 0.967547 0.190090
vn 0.056697 0.975452 0.212789
vn 0.184093 0.955862 0.228991
vn -0.137701 0.971607 0.192401
vn 0.198101 0.955104 0.220301
vn 0.207305 0.955623 0.209305
vn 0.225810 0.949141 0.219410
vn 0.195911 0.956353 0.216812
vn -0.320704 0.898213 0.300604
vn 0.172603 0.960016 0.220404
vn -0.298902 0.913105 0.277302
vn -0.450288 0.883877 0.126497
vn -0.212009 0.939140 0.270312
vn -0.024799 0.989470 0.142596
vn -0.385112 0.916528 0.108003
vn -0.025899 0.997076 0.071898
vn -0.032101 0.997141 0.068403
vn -0.254905 0.958918 0.124502
vn -0.032001 0.998017 0.054201
vn -0.013800 0.997331 0.071702
vn 0.011299 0.999255 0.036898
vn 0.078802 0.996823 0.011600
vn 0.229006 0.973425 -0.000700
vn 0.160695 0.986969 -0.008300
vn 0.353885 0.935060 -0.020699
vn 0.100404 0.994643 0.024601
vn 0.282504 0.958813 -0.029500
vn -0.516727 0.856145 -0.002800
vn 0.069102 0.995631 0.062802
vn 0.093103 0.995635 -0.006500
vn -0.589231 0.807942 0.006100
vn -0.254092 0.965968 -0.048398
vn -0.418796 0.907990 -0.012800
vn -0.005200 0.999415 0.033801
vn -0.074897 0.993856 0.081496
vn -0.212299 0.972095 0.099800
vn 0.073101 0.993210 0.090501
vn 0.126706 0.984544 0.120905
vn 0.055299 0.996474 0.063098
vn 0.050698 0.996958 0.059198
vn 0.124895 0.991259 0.042498
vn 0.146593 0.988853 0.026099
vn -0.819268 0.569377 0.067897
vn -0.885768 0.463583 0.022499
vn 0.303909 0.936227 0.176405
vn -0.901415 0.432907 0.006600
vn -0.129596 0.990768 0.039799
vn 0.169796 0.984479 0.044399
vn 0.480902 0.852903 0.203201
vn 0.558506 0.812309 0.168002
vn 0.476795 0.853191 0.211498
vn 0.468295 0.839590 0.275297
vn 0.453393 0.867487 0.204697
vn 0.429512 0.868224 0.248407
vn -0.946143 0.323715 -0.004800
vn -0.915143 0.402819 0.015801
vn -0.468909 0.882317 0.040501
vn -0.958397 0.285199 -0.011700
vn -0.911942 0.410319 0.000400
vn -0.912713 0.408506 -0.008800
vn -0.305398 0.951792 0.028700
vn -0.239995 0.970379 0.027699
vn -0.965641 0.258911 -0.022401
vn -0.909409 0.415904 -0.000100
vn -0.174094 0.984568 0.017799
vn -0.974016 0.225804 -0.017500
vn -0.907427 0.420113 -0.009000
vn -0.108105 0.994048 0.013501
vn -0.043600 0.999010 0.008800
vn -0.904767 0.425684 -0.013799
vn -0.979918 0.198404 -0.019900
vn -0.458608 0.888015 0.033301
vn -0.983360 0.180393 -0.021499
vn -0.462410 0.885919 0.036401
vn -0.434400 0.900200 0.030600
vn -0.401982 0.915060 0.032799
vn -0.984007 0.177401 -0.016100
vn -0.900149 0.435123 -0.020001
vn -0.361199 0.931497 0.043000
vn 0.236501 0.969905 0.057900
vn 0.019700 0.999798 0.004100
vn -0.890782 0.453591 -0.027599
vn 0.081804 0.996648 -0.000900
vn -0.872921 0.486411 -0.037601
vn -0.980925 0.193305 -0.020501
vn -0.310001 0.949903 0.039800
vn -0.971890 0.234498 -0.021000
vn -0.243993 0.968871 0.041899
vn 0.214898 0.975192 0.053100
vn 0.189001 0.980407 0.055500
vn -0.162494 0.985862 0.040898
vn -0.949898 0.311999 -0.018700
vn -0.893371 0.449285 -0.005600
vn -0.056799 0.997178 0.049099
vn 0.146305 0.980231 0.133204
vn 0.200993 0.953968 0.222592
vn 0.195300 0.953801 0.228300
vn 0.010100 0.989987 0.140798
vn -0.202703 0.944913 0.257004
vn 0.212092 0.952166 0.219992
vn 0.177099 0.956893 0.230198
vn 0.215189 0.952252 0.216589
vn 0.165708 0.957444 0.236311
vn -0.319997 0.902393 0.288598
vn -0.301296 0.916688 0.262496
vn -0.418687 0.901173 0.112197
vn -0.354106 0.930816 0.090502
vn -0.223607 0.968632 0.108404
vn 0.027100 0.997485 0.065499
vn 0.026299 0.997571 0.064498
vn 0.030700 0.997393 0.065300
vn 0.089797 0.994072 0.061298
vn 0.085803 0.994634 0.057802
vn 0.101595 0.992948 0.061097
vn 0.177106 0.982936 0.049702
vn 0.169599 0.984596 0.042500
vn 0.201603 0.978216 0.049501
vn 0.165605 0.983531 0.072402
vn 0.233504 0.972016 0.025700
vn 0.240804 0.952915 0.184303
vn -0.016999 0.997260 0.071997
vn 0.127107 0.969053 0.211612
vn 0.413610 0.883022 0.221806
vn 0.402212 0.885426 0.232907
vn -0.076101 0.937412 0.339804
vn -0.077701 0.978117 0.193003
vn -0.352904 0.934312 0.050201
vn -0.084801 0.941107 0.327302
vn -0.325217 0.925649 0.193410
vn 0.367984 0.898461 0.239490
vn -0.339196 0.933989 0.112299
vn 0.251094 0.967778 0.018900
vn -0.356785 0.934061 -0.015299
vn 0.129104 0.991230 0.028201
vn 0.307501 0.951504 -0.009100
vn 0.041999 0.998473 0.035899
vn 0.192692 0.981258 0.001500
vn -0.000000 0.998784 0.049299
vn 0.112002 0.993520 0.019300
vn 0.133198 0.989682 0.052799
vn 0.093798 0.994881 0.037599
vn 0.158198 0.985886 0.054799
vn 0.160701 0.986109 0.042000
vn 0.180298 0.983289 0.025200
vn 0.223102 0.973810 0.043800
vn 0.247811 0.968443 0.026601
vn 0.260301 0.965503 0.006900
vn 0.327803 0.944707 0.008600
vn 0.322399 0.946596 -0.003900
vn 0.321712 0.946836 -0.001400
vn 0.387679 0.921750 0.009100
vn 0.312896 0.949786 0.001500
vn 0.317883 0.947748 0.026899
vn 0.297292 0.954774 0.004800
vn 0.285096 0.957587 0.041799
vn 0.438290 0.898779 0.009900
vn 0.389013 0.920831 0.027201
vn 0.347606 0.936517 0.045901
vn -0.409818 0.912140 0.007100
vn -0.400701 0.916203 0.003400
vn -0.614217 0.789122 0.004900
vn -0.387283 0.921960 -0.000700
vn 0.003600 0.999754 0.021899
vn -0.587107 0.809509 0.000600
vn -0.367381 0.930052 -0.005800
vn -0.541704 0.840505 0.010400
vn 0.078002 0.996130 0.040501
vn 0.268499 0.951196 0.152099
vn 0.155503 0.986819 0.044801
vn 0.093096 0.978957 0.181592
vn -0.034799 0.946679 0.320293
vn -0.160601 0.967404 0.195801
vn -0.267407 0.947224 0.176805
vn -0.045101 0.985825 0.161604
vn -0.043598 0.985861 0.161794
vn -0.043799 0.985786 0.162198
vn -0.105796 0.981964 0.156694
vn -0.106094 0.981949 0.156592
vn -0.108998 0.981678 0.156296
vn -0.207392 0.966061 0.153994
vn -0.197797 0.968087 0.153898
vn -0.201299 0.966996 0.156199
vn 0.013100 0.990989 0.133299
vn -0.133606 0.982244 0.131706
vn -0.205409 0.964442 0.166307
vn -0.077399 0.996889 0.014900
vn 0.005400 0.999970 -0.005600
vn -0.397394 0.917187 0.029100
vn -0.396219 0.918045 0.014301
vn -0.345498 0.938396 0.006700
vn -0.046599 0.995274 -0.085198
vn -0.026100 0.993992 -0.106299
vn 0.368300 0.926701 -0.074700
vn 0.350592 0.935777 -0.037499
vn 0.260488 0.965056 -0.028499
vn 0.165492 0.982953 -0.080096
vn -0.172491 0.983151 -0.060497
vn 0.053799 0.998273 -0.023599
vn -0.013400 0.999613 0.024400
vn 0.322093 0.946578 0.015700
vn -0.061799 0.997687 0.028300
vn -0.099100 0.994700 0.027400
vn 0.294094 0.955582 0.019300
vn 0.357410 0.933725 0.020401
vn 0.319585 0.947355 0.019599
vn -0.038701 0.998719 0.032601
vn -0.102402 0.994717 -0.007200
vn 0.050298 0.991858 0.116995
vn -0.277401 0.954003 0.113700
vn -0.048702 0.994150 0.096405
vn 0.127301 0.991704 0.017800
vn -0.578485 0.813280 0.062698
vn -0.796420 0.604715 -0.006000
vn -0.999606 0.025200 0.012400
vn -0.994833 -0.093403 0.039801
vn 0.397483 0.907461 0.136094
vn 0.236808 0.926130 0.293609
vn 0.344697 0.918491 0.193798
vn 0.450780 0.891560 0.043798
vn 0.008500 0.961293 0.275398
vn -0.265806 0.955221 0.130003
vn -0.708722 0.698321 0.100303
vn -0.758282 0.641085 0.118397
vn 0.649805 -0.756806 -0.070701
vn 0.649805 -0.756806 -0.070701
vn 0.649805 -0.756806 -0.070701
vn 0.475304 -0.801807 0.362203
vn 0.515588 -0.796481 0.315892
vn 0.475304 -0.801807 0.362203
vn -0.121797 0.992476 0.012500
vn -0.121797 0.992476 0.012500
vn -0.121797 0.992476 0.012500
vn -0.071398 0.990372 0.118597
vn -0.130401 0.985507 0.108501
vn -0.071398 0.990372 0.118597
f 1/1/1 2/2/2 3/3/3
f 1/1/1 3/3/3 4/4/4
f 5/5/5 1/1/1 4/4/4
f 5/5/5 6/6/6 1/1/1
f 7/7/7 4/4/4 3/3/3
f 7/7/7 3/3/3 8/8/8
f 7/7/7 8/8/8 9/9/9
f 5/5/5 10/10/10 6/6/6
f 11/11/11 4/4/4 7/7/7
f 11/11/11 5/5/5 4/4/4
f 7/7/7 9/9/9 12/12/12
f 11/11/11 7/7/7 12/12/12
f 12/12/12 9/9/9 13/13/13
f 5/5/5 11/11/11 14/14/14
f 5/5/5 15/15/15 10/10/10
f 5/5/5 14/14/14 15/15/15
f 10/10/10 15/15/15 16/16/16
f 10/10/10 16/16/16 17/17/17
f 11/11/11 12/12/12 18/18/18
f 18/18/18 14/14/14 11/11/11
f 12/12/12 13/13/13 19/19/19
f 18/18/18 12/12/12 19/19/19
f 19/19/19 13/13/13 20/20/20
f 19/19/19 20/20/20 21/21/21
f 18/18/18 19/19/19 22/22/22
f 22/22/22 19/19/19 21/21/21
f 21/21/21 20/20/20 23/23/23
f 22/22/22 24/24/24 18/18/18
f 18/18/18 24/24/24 14/14/14
f 22/22/22 21/21/21 25/25/25
f 22/22/22 26/26/26 24/24/24
f 25/25/25 26/26/26 22/22/22
f 27/27/27 25/25/25 21/21/21
f 25/25/25 28/28/28 26/26/26
f 27/27/27 28/28/28 25/25/25
f 24/24/24 26/26/26 29/29/29
f 28/28/28 29/29/29 26/26/26
f 14/14/14 24/24/24 30/30/30
f 24/24/24 29/29/29 30/30/30
f 14/14/14 30/30/30 31/31/31
f 15/15/15 14/14/14 31/31/31
f 15/15/15 31/31/31 16/16/16
f 31/31/31 30/30/30 32/32/32
f 33/33/33 16/16/16 31/31/31
f 31/31/31 32/32/32 33/33/33
f 30/30/30 34/34/34 32/32/32
f 30/30/30 29/29/29 34/34/34
f 32/32/32 34/34/34 35/35/35
f 36/36/36 34/34/34 29/29/29
f 36/36/36 35/35/35 34/34/34
f 36/36/36 29/29/29 37/37/37
f 28/28/28 37/37/37 29/29/29
f 38/38/38 36/36/36 37/37/37
f 28/28/28 39/39/39 37/37/37
f 38/38/38 37/37/37 39/39/39
f 28/28/28 40/40/40 39/39/39
f 27/27/27 40/40/40 28/28/28
f 39/39/39 41/41/41 38/38/38
f 40/40/40 42/42/42 39/39/39
f 39/39/39 42/42/42 41/41/41
f 40/40/40 43/43/43 42/42/42
f 27/27/27 43/43/43 40/40/40
f 43/43/43 44/44/44 42/42/42
f 42/42/42 45/45/45 41/41/41
f 42/42/42 44/44/44 45/45/45
f 41/41/41 45/45/45 46/46/46
f 38/38/38 41/41/41 47/47/47
f 41/41/41 46/46/46 47/47/47
f 48/48/48 46/46/46 45/45/45
f 48/48/48 45/45/45 44/44/44
f 47/47/47 46/46/46 49/49/49
f 38/38/38 47/47/47 50/50/50
f 50/50/50 36/36/36 38/38/38
f 50/50/50 47/47/47 51/51/51
f 47/47/47 49/49/49 51/51/51
f 50/50/50 52/52/52 36/36/36
f 36/36/36 52/52/52 35/35/35
f 53/53/53 52/52/52 50/50/50
f 50/50/50 51/51/51 53/53/53
f 54/54/54 35/35/35 52/52/52
f 53/53/53 54/54/54 52/52/52
f 54/54/54 55/55/55 35/35/35
f 56/56/56 53/53/53 51/51/51
f 53/53/53 57/57/57 54/54/54
f 53/53/53 56/56/56 57/57/57
f 54/54/54 57/57/57 58/58/58
f 54/54/54 58/58/58 55/55/55
f 59/59/59 35/35/35 55/55/55
f 32/32/32 35/35/35 59/59/59
f 33/33/33 32/32/32 59/59/59
f 56/56/56 51/51/51 60/60/60
f 60/60/60 51/51/51 49/49/49
f 61/61/61 56/56/56 60/60/60
f 56/56/56 62/62/62 57/57/57
f 56/56/56 61/61/61 62/62/62
f 57/57/57 62/62/62 63/63/63
f 57/57/57 63/63/63 58/58/58
f 61/61/61 64/64/64 62/62/62
f 62/62/62 65/65/65 63/63/63
f 62/62/62 64/64/64 65/65/65
f 66/66/66 58/58/58 63/63/63
f 67/67/67 63/63/63 65/65/65
f 67/67/67 66/66/66 63/63/63
f 66/66/66 68/68/68 58/58/58
f 68/68/68 55/55/55 58/58/58
f 69/69/69 66/66/66 67/67/67
f 68/68/68 70/70/70 55/55/55
f 59/59/59 55/55/55 70/70/70
f 71/71/71 68/68/68 66/66/66
f 69/69/69 71/71/71 66/66/66
f 72/72/72 70/70/70 68/68/68
f 71/71/71 72/72/72 68/68/68
f 73/73/73 59/59/59 70/70/70
f 33/33/33 59/59/59 73/73/73
f 72/72/72 74/74/74 70/70/70
f 73/73/73 70/70/70 74/74/74
f 33/33/33 73/73/73 75/75/75
f 74/74/74 75/75/75 73/73/73
f 33/33/33 75/75/75 76/76/76
f 33/33/33 76/76/76 16/16/16
f 76/76/76 17/17/17 16/16/16
f 76/76/76 77/77/77 17/17/17
f 75/75/75 77/77/77 76/76/76
f 75/75/75 78/78/78 77/77/77
f 79/79/79 78/78/78 75/75/75
f 74/74/74 79/79/79 75/75/75
f 79/79/79 80/80/80 78/78/78
f 74/74/74 81/81/81 79/79/79
f 81/81/81 80/80/80 79/79/79
f 74/74/74 72/72/72 81/81/81
f 81/81/81 82/82/82 80/80/80
f 72/72/72 83/83/83 81/81/81
f 83/83/83 82/82/82 81/81/81
f 72/72/72 71/71/71 83/83/83
f 83/83/83 84/84/84 82/82/82
f 71/71/71 85/85/85 83/83/83
f 85/85/85 84/84/84 83/83/83
f 71/71/71 69/69/69 85/85/85
f 85/85/85 86/86/86 84/84/84
f 87/87/87 86/86/86 85/85/85
f 69/69/69 87/87/87 85/85/85
f 87/87/87 88/88/88 86/86/86
f 69/69/69 89/89/89 87/87/87
f 90/90/90 88/88/88 87/87/87
f 89/89/89 90/90/90 87/87/87
f 89/89/89 69/69/69 67/67/67
f 90/90/90 91/91/91 88/88/88
f 89/89/89 67/67/67 92/92/92
f 92/92/92 67/67/67 65/65/65
f 89/89/89 93/93/93 90/90/90
f 93/93/93 89/89/89 92/92/92
f 94/94/94 91/91/91 90/90/90
f 94/94/94 95/95/95 91/91/91
f 96/96/96 90/90/90 93/93/93
f 96/96/96 94/94/94 90/90/90
f 93/93/93 92/92/92 97/97/97
f 96/96/96 93/93/93 97/97/97
f 92/92/92 65/65/65 98/98/98
f 97/97/97 92/92/92 98/98/98
f 64/64/64 98/98/98 65/65/65
f 99/99/99 95/95/95 94/94/94
f 99/99/99 100/100/100 95/95/95
f 101/101/101 99/99/99 94/94/94
f 101/101/101 94/94/94 96/96/96
f 102/102/102 100/100/100 99/99/99
f 101/101/101 102/102/102 99/99/99
f 102/102/102 103/103/103 100/100/100
f 104/104/104 103/103/103 102/102/102
f 104/104/104 105/105/105 103/103/103
f 106/106/106 104/104/104 102/102/102
f 101/101/101 106/106/106 102/102/102
f 107/107/107 105/105/105 104/104/104
f 107/107/107 108/108/108 105/105/105
f 106/106/106 109/109/109 104/104/104
f 109/109/109 107/107/107 104/104/104
f 109/109/109 110/110/110 107/107/107
f 111/111/111 107/107/107 110/110/110
f 111/111/111 112/112/112 107/107/107
f 110/110/110 113/113/113 111/111/111
f 110/110/110 114/114/114 113/113/113
f 109/109/109 114/114/114 110/110/110
f 114/114/114 115/115/115 113/113/113
f 109/109/109 116/116/116 114/114/114
f 106/106/106 116/116/116 109/109/109
f 114/114/114 117/117/117 115/115/115
f 116/116/116 117/117/117 114/114/114
f 106/106/106 118/118/118 116/116/116
f 101/101/101 118/118/118 106/106/106
f 116/116/116 119/119/119 117/117/117
f 118/118/118 119/119/119 116/116/116
f 120/120/120 115/115/115 117/117/117
f 120/120/120 121/121/121 115/115/115
f 122/122/122 117/117/117 119/119/119
f 122/122/122 120/120/120 117/117/117
f 123/123/123 121/121/121 120/120/120
f 123/123/123 124/124/124 121/121/121
f 125/125/125 120/120/120 122/122/122
f 125/125/125 123/123/123 120/120/120
f 124/124/124 123/123/123 126/126/126
f 124/124/124 126/126/126 127/127/127
f 127/127/127 126/126/126 128/128/128
f 127/127/127 128/128/128 129/129/129
f 126/126/126 130/130/130 128/128/128
f 123/123/123 131/131/131 126/126/126
f 126/126/126 131/131/131 130/130/130
f 123/123/123 125/125/125 131/131/131
f 131/131/131 132/132/132 130/130/130
f 125/125/125 133/133/133 131/131/131
f 131/131/131 133/133/133 132/132/132
f 125/125/125 134/134/134 133/133/133
f 134/134/134 125/125/125 122/122/122
f 133/133/133 135/135/135 132/132/132
f 134/134/134 136/136/136 133/133/133
f 133/133/133 136/136/136 135/135/135
f 137/137/137 132/132/132 135/135/135
f 134/134/134 122/122/122 138/138/138
f 138/138/138 122/122/122 119/119/119
f 134/134/134 139/139/139 136/136/136
f 139/139/139 134/134/134 138/138/138
f 138/138/138 119/119/119 140/140/140
f 118/118/118 140/140/140 119/119/119
f 139/139/139 138/138/138 141/141/141
f 141/141/141 138/138/138 140/140/140
f 142/142/142 140/140/140 118/118/118
f 101/101/101 142/142/142 118/118/118
f 141/141/141 140/140/140 143/143/143
f 142/142/142 143/143/143 140/140/140
f 101/101/101 144/144/144 142/142/142
f 101/101/101 96/96/96 144/144/144
f 96/96/96 97/97/97 144/144/144
f 142/142/142 144/144/144 145/145/145
f 142/142/142 145/145/145 143/143/143
f 144/144/144 97/97/97 146/146/146
f 144/144/144 146/146/146 145/145/145
f 97/97/97 98/98/98 146/146/146
f 147/147/147 143/143/143 145/145/145
f 147/147/147 141/141/141 143/143/143
f 148/148/148 145/145/145 146/146/146
f 148/148/148 147/147/147 145/145/145
f 149/149/149 146/146/146 98/98/98
f 149/149/149 148/148/148 146/146/146
f 64/64/64 149/149/149 98/98/98
f 150/150/150 141/141/141 147/147/147
f 150/150/150 139/139/139 141/141/141
f 151/151/151 147/147/147 148/148/148
f 151/151/151 150/150/150 147/147/147
f 152/152/152 148/148/148 149/149/149
f 152/152/152 151/151/151 148/148/148
f 153/153/153 149/149/149 64/64/64
f 153/153/153 152/152/152 149/149/149
f 61/61/61 153/153/153 64/64/64
f 139/139/139 150/150/150 154/154/154
f 139/139/139 154/154/154 136/136/136
f 150/150/150 151/151/151 155/155/155
f 150/150/150 155/155/155 154/154/154
f 151/151/151 152/152/152 156/156/156
f 151/151/151 156/156/156 155/155/155
f 152/152/152 153/153/153 157/157/157
f 152/152/152 157/157/157 156/156/156
f 153/153/153 61/61/61 158/158/158
f 153/153/153 158/158/158 157/157/157
f 61/61/61 60/60/60 158/158/158
f 158/158/158 60/60/60 159/159/159
f 60/60/60 49/49/49 159/159/159
f 157/157/157 158/158/158 160/160/160
f 158/158/158 159/159/159 160/160/160
f 156/156/156 157/157/157 161/161/161
f 157/157/157 160/160/160 161/161/161
f 156/156/156 161/161/161 162/162/162
f 155/155/155 156/156/156 162/162/162
f 155/155/155 162/162/162 163/163/163
f 154/154/154 155/155/155 163/163/163
f 164/164/164 162/162/162 161/161/161
f 165/165/165 161/161/161 160/160/160
f 165/165/165 164/164/164 161/161/161
f 166/166/166 165/165/165 160/160/160
f 166/166/166 160/160/160 159/159/159
f 167/167/167 164/164/164 165/165/165
f 168/168/168 166/166/166 159/159/159
f 168/168/168 159/159/159 49/49/49
f 169/169/169 165/165/165 166/166/166
f 169/169/169 167/167/167 165/165/165
f 170/170/170 166/166/166 168/168/168
f 170/170/170 169/169/169 166/166/166
f 171/171/171 168/168/168 49/49/49
f 171/171/171 49/49/49 46/46/46
f 48/48/48 171/171/171 46/46/46
f 172/172/172 168/168/168 171/171/171
f 172/172/172 170/170/170 168/168/168
f 173/173/173 171/171/171 48/48/48
f 173/173/173 172/172/172 171/171/171
f 174/174/174 173/173/173 48/48/48
f 170/170/170 172/172/172 175/175/175
f 172/172/172 173/173/173 176/176/176
f 172/172/172 176/176/176 175/175/175
f 173/173/173 177/177/177 176/176/176
f 173/173/173 174/174/174 177/177/177
f 174/174/174 48/48/48 178/178/178
f 48/48/48 44/44/44 178/178/178
f 179/179/179 177/177/177 174/174/174
f 180/180/180 174/174/174 178/178/178
f 179/179/179 174/174/174 180/180/180
f 181/181/181 178/178/178 44/44/44
f 180/180/180 178/178/178 181/181/181
f 181/181/181 44/44/44 182/182/182
f 43/43/43 182/182/182 44/44/44
f 183/183/183 180/180/180 181/181/181
f 184/184/184 182/182/182 43/43/43
f 27/27/27 184/184/184 43/43/43
f 185/185/185 181/181/181 182/182/182
f 183/183/183 181/181/181 185/185/185
f 184/184/184 186/186/186 182/182/182
f 185/185/185 182/182/182 186/186/186
f 184/184/184 27/27/27 187/187/187
f 27/27/27 21/21/21 187/187/187
f 21/21/21 23/23/23 187/187/187
f 184/184/184 187/187/187 188/188/188
f 188/188/188 187/187/187 23/23/23
f 186/186/186 184/184/184 188/188/188
f 188/188/188 23/23/23 189/189/189
f 190/190/190 188/188/188 189/189/189
f 186/186/186 188/188/188 190/190/190
f 190/190/190 189/189/189 191/191/191
f 190/190/190 191/191/191 192/192/192
f 186/186/186 190/190/190 193/193/193
f 190/190/190 192/192/192 193/193/193
f 186/186/186 193/193/193 185/185/185
f 193/193/193 192/192/192 194/194/194
f 185/185/185 193/193/193 195/195/195
f 193/193/193 194/194/194 195/195/195
f 185/185/185 195/195/195 183/183/183
f 195/195/195 194/194/194 196/196/196
f 195/195/195 196/196/196 197/197/197
f 183/183/183 195/195/195 197/197/197
f 197/197/197 196/196/196 198/198/198
f 183/183/183 197/197/197 199/199/199
f 199/199/199 180/180/180 183/183/183
f 199/199/199 179/179/179 180/180/180
f 197/197/197 198/198/198 200/200/200
f 199/199/199 197/197/197 200/200/200
f 200/200/200 198/198/198 201/201/201
f 202/202/202 179/179/179 199/199/199
f 199/199/199 200/200/200 202/202/202
f 200/200/200 201/201/201 203/203/203
f 202/202/202 200/200/200 203/203/203
f 203/203/203 201/201/201 204/204/204
f 202/202/202 205/205/205 179/179/179
f 205/205/205 177/177/177 179/179/179
f 202/202/202 203/203/203 206/206/206
f 206/206/206 205/205/205 202/202/202
f 203/203/203 204/204/204 207/207/207
f 206/206/206 203/203/203 207/207/207
f 208/208/208 207/207/207 204/204/204
f 208/208/208 204/204/204 209/209/209
f 206/206/206 207/207/207 210/210/210
f 211/211/211 207/207/207 208/208/208
f 211/211/211 210/210/210 207/207/207
f 212/212/212 208/208/208 209/209/209
f 212/212/212 209/209/209 213/213/213
f 214/214/214 208/208/208 212/212/212
f 214/214/214 211/211/211 208/208/208
f 215/215/215 212/212/212 213/213/213
f 214/214/214 212/212/212 215/215/215
f 215/215/215 213/213/213 216/216/216
f 215/215/215 216/216/216 217/217/217
f 215/215/215 217/217/217 218/218/218
f 218/218/218 217/217/217 219/219/219
f 214/214/214 215/215/215 220/220/220
f 220/220/220 215/215/215 218/218/218
f 220/220/220 221/221/221 214/214/214
f 211/211/211 214/214/214 221/221/221
f 218/218/218 219/219/219 222/222/222
f 222/222/222 219/219/219 223/223/223
f 220/220/220 218/218/218 224/224/224
f 224/224/224 218/218/218 222/222/222
f 224/224/224 225/225/225 220/220/220
f 220/220/220 225/225/225 221/221/221
f 224/224/224 222/222/222 226/226/226
f 222/222/222 223/223/223 227/227/227
f 226/226/226 222/222/222 227/227/227
f 228/228/228 227/227/227 223/223/223
f 228/228/228 223/223/223 229/229/229
f 230/230/230 228/228/228 229/229/229
f 230/230/230 229/229/229 231/231/231
f 232/232/232 227/227/227 228/228/228
f 232/232/232 228/228/228 230/230/230
f 230/230/230 231/231/231 233/233/233
f 232/232/232 234/234/234 227/227/227
f 226/226/226 227/227/227 234/234/234
f 230/230/230 233/233/233 235/235/235
f 235/235/235 233/233/233 236/236/236
f 232/232/232 230/230/230 237/237/237
f 237/237/237 230/230/230 235/235/235
f 235/235/235 236/236/236 238/238/238
f 238/238/238 236/236/236 239/239/239
f 237/237/237 235/235/235 240/240/240
f 240/240/240 235/235/235 238/238/238
f 237/237/237 241/241/241 232/232/232
f 240/240/240 242/242/242 237/237/237
f 237/237/237 242/242/242 241/241/241
f 232/232/232 241/241/241 243/243/243
f 232/232/232 243/243/243 234/234/234
f 242/242/242 244/244/244 241/241/241
f 234/234/234 243/243/243 245/245/245
f 234/234/234 245/245/245 226/226/226
f 241/241/241 246/246/246 243/243/243
f 241/241/241 244/244/244 246/246/246
f 243/243/243 247/247/247 245/245/245
f 243/243/243 246/246/246 247/247/247
f 226/226/226 245/245/245 248/248/248
f 226/226/226 248/248/248 224/224/224
f 224/224/224 248/248/248 225/225/225
f 245/245/245 249/249/249 248/248/248
f 245/245/245 247/247/247 249/249/249
f 248/248/248 250/250/250 225/225/225
f 248/248/248 249/249/249 250/250/250
f 221/221/221 225/225/225 250/250/250
f 249/249/249 247/247/247 251/251/251
f 251/251/251 247/247/247 246/246/246
f 252/252/252 250/250/250 249/249/249
f 249/249/249 251/251/251 252/252/252
f 251/251/251 246/246/246 253/253/253
f 244/244/244 253/253/253 246/246/246
f 251/251/251 253/253/253 254/254/254
f 244/244/244 255/255/255 253/253/253
f 255/255/255 254/254/254 253/253/253
f 252/252/252 251/251/251 256/256/256
f 251/251/251 254/254/254 256/256/256
f 257/257/257 255/255/255 244/244/244
f 242/242/242 257/257/257 244/244/244
f 258/258/258 257/257/257 242/242/242
f 240/240/240 258/258/258 242/242/242
f 257/257/257 259/259/259 255/255/255
f 260/260/260 258/258/258 240/240/240
f 240/240/240 238/238/238 260/260/260
f 258/258/258 261/261/261 257/257/257
f 259/259/259 257/257/257 261/261/261
f 260/260/260 262/262/262 258/258/258
f 262/262/262 261/261/261 258/258/258
f 260/260/260 238/238/238 263/263/263
f 238/238/238 239/239/239 263/263/263
f 264/264/264 262/262/262 260/260/260
f 260/260/260 263/263/263 264/264/264
f 265/265/265 263/263/263 239/239/239
f 265/265/265 239/239/239 266/266/266
f 267/267/267 263/263/263 265/265/265
f 267/267/267 264/264/264 263/263/263
f 268/268/268 265/265/265 266/266/266
f 267/267/267 265/265/265 268/268/268
f 268/268/268 266/266/266 269/269/269
f 268/268/268 269/269/269 270/270/270
f 264/264/264 267/267/267 271/271/271
f 267/267/267 268/268/268 272/272/272
f 272/272/272 271/271/271 267/267/267
f 268/268/268 270/270/270 273/273/273
f 272/272/272 268/268/268 273/273/273
f 273/273/273 270/270/270 274/274/274
f 273/273/273 274/274/274 275/275/275
f 272/272/272 273/273/273 276/276/276
f 276/276/276 273/273/273 275/275/275
f 275/275/275 274/274/274 277/277/277
f 276/276/276 278/278/278 272/272/272
f 272/272/272 278/278/278 271/271/271
f 276/276/276 275/275/275 279/279/279
f 276/276/276 280/280/280 278/278/278
f 279/279/279 280/280/280 276/276/276
f 271/271/271 278/278/278 281/281/281
f 280/280/280 281/281/281 278/278/278
f 282/282/282 279/279/279 275/275/275
f 279/279/279 283/283/283 280/280/280
f 282/282/282 283/283/283 279/279/279
f 283/283/283 284/284/284 280/280/280
f 280/280/280 284/284/284 281/281/281
f 282/282/282 275/275/275 285/285/285
f 275/275/275 277/277/277 285/285/285
f 286/286/286 285/285/285 277/277/277
f 286/286/286 277/277/277 287/287/287
f 288/288/288 282/282/282 285/285/285
f 288/288/288 285/285/285 286/286/286
f 289/289/289 286/286/286 287/287/287
f 289/289/289 287/287/287 290/290/290
f 289/289/289 290/290/290 291/291/291
f 292/292/292 286/286/286 289/289/289
f 292/292/292 288/288/288 286/286/286
f 289/289/289 291/291/291 293/293/293
f 292/292/292 289/289/289 293/293/293
f 293/293/293 291/291/291 294/294/294
f 288/288/288 292/292/292 295/295/295
f 292/292/292 293/293/293 296/296/296
f 296/296/296 295/295/295 292/292/292
f 293/293/293 294/294/294 297/297/297
f 296/296/296 293/293/293 297/297/297
f 297/297/297 294/294/294 298/298/298
f 297/297/297 298/298/298 299/299/299
f 299/299/299 298/298/298 300/300/300
f 296/296/296 297/297/297 301/301/301
f 301/301/301 297/297/297 299/299/299
f 301/301/301 302/302/302 296/296/296
f 296/296/296 302/302/302 295/295/295
f 299/299/299 300/300/300 303/303/303
f 303/303/303 300/300/300 304/304/304
f 301/301/301 299/299/299 305/305/305
f 305/305/305 299/299/299 303/303/303
f 301/301/301 306/306/306 302/302/302
f 305/305/305 306/306/306 301/301/301
f 295/295/295 302/302/302 307/307/307
f 306/306/306 307/307/307 302/302/302
f 303/303/303 304/304/304 308/308/308
f 308/308/308 304/304/304 309/309/309
f 305/305/305 303/303/303 310/310/310
f 310/310/310 303/303/303 308/308/308
f 305/305/305 311/311/311 306/306/306
f 310/310/310 311/311/311 305/305/305
f 311/311/311 312/312/312 306/306/306
f 306/306/306 312/312/312 307/307/307
f 310/310/310 313/313/313 311/311/311
f 310/310/310 308/308/308 314/314/314
f 314/314/314 313/313/313 310/310/310
f 314/314/314 308/308/308 315/315/315
f 308/308/308 309/309/309 315/315/315
f 311/311/311 316/316/316 312/312/312
f 313/313/313 316/316/316 311/311/311
f 317/317/317 315/315/315 309/309/309
f 317/317/317 309/309/309 318/318/318
f 319/319/319 317/317/317 318/318/318
f 319/319/319 318/318/318 320/320/320
f 321/321/321 319/319/319 320/320/320
f 321/321/321 320/320/320 322/322/322
f 321/321/321 322/322/322 323/323/323
f 324/324/324 319/319/319 321/321/321
f 324/324/324 317/317/317 319/319/319
f 321/321/321 323/323/323 325/325/325
f 325/325/325 323/323/323 326/326/326
f 324/324/324 321/321/321 327/327/327
f 327/327/327 321/321/321 325/325/325
f 324/324/324 328/328/328 317/317/317
f 328/328/328 315/315/315 317/317/317
f 328/328/328 324/324/324 329/329/329
f 327/327/327 329/329/329 324/324/324
f 328/328/328 330/330/330 315/315/315
f 314/314/314 315/315/315 330/330/330
f 330/330/330 328/328/328 331/331/331
f 328/328/328 329/329/329 331/331/331
f 330/330/330 332/332/332 314/314/314
f 314/314/314 332/332/332 313/313/313
f 330/330/330 331/331/331 333/333/333
f 330/330/330 333/333/333 332/332/332
f 331/331/331 329/329/329 334/334/334
f 332/332/332 335/335/335 313/313/313
f 313/313/313 335/335/335 316/316/316
f 333/333/333 336/336/336 332/332/332
f 332/332/332 336/336/336 335/335/335
f 333/333/333 331/331/331 337/337/337
f 331/331/331 334/334/334 337/337/337
f 333/333/333 338/338/338 336/336/336
f 333/333/333 337/337/337 338/338/338
f 339/339/339 316/316/316 335/335/335
f 312/312/312 316/316/316 339/339/339
f 336/336/336 340/340/340 335/335/335
f 339/339/339 335/335/335 340/340/340
f 336/336/336 341/341/341 340/340/340
f 338/338/338 341/341/341 336/336/336
f 342/342/342 339/339/339 340/340/340
f 312/312/312 339/339/339 343/343/343
f 343/343/343 339/339/339 342/342/342
f 343/343/343 307/307/307 312/312/312
f 342/342/342 340/340/340 344/344/344
f 341/341/341 344/344/344 340/340/340
f 343/343/343 342/342/342 345/345/345
f 343/343/343 346/346/346 307/307/307
f 345/345/345 346/346/346 343/343/343
f 345/345/345 342/342/342 347/347/347
f 347/347/347 342/342/342 344/344/344
f 345/345/345 348/348/348 346/346/346
f 345/345/345 347/347/347 349/349/349
f 349/349/349 348/348/348 345/345/345
f 346/346/346 350/350/350 307/307/307
f 295/295/295 307/307/307 350/350/350
f 348/348/348 351/351/351 346/346/346
f 346/346/346 351/351/351 350/350/350
f 352/352/352 295/295/295 350/350/350
f 288/288/288 295/295/295 352/352/352
f 282/282/282 288/288/288 352/352/352
f 352/352/352 350/350/350 353/353/353
f 353/353/353 350/350/350 351/351/351
f 282/282/282 352/352/352 354/354/354
f 354/354/354 352/352/352 353/353/353
f 282/282/282 354/354/354 283/283/283
f 354/354/354 355/355/355 283/283/283
f 283/283/283 355/355/355 284/284/284
f 354/354/354 353/353/353 356/356/356
f 354/354/354 356/356/356 355/355/355
f 353/353/353 351/351/351 357/357/357
f 356/356/356 353/353/353 357/357/357
f 357/357/357 351/351/351 358/358/358
f 348/348/348 358/358/358 351/351/351
f 356/356/356 357/357/357 359/359/359
f 359/359/359 355/355/355 356/356/356
f 357/357/357 358/358/358 360/360/360
f 359/359/359 357/357/357 360/360/360
f 361/361/361 358/358/358 348/348/348
f 349/349/349 361/361/361 348/348/348
f 360/360/360 358/358/358 362/362/362
f 361/361/361 362/362/362 358/358/358
f 359/359/359 363/363/363 355/355/355
f 363/363/363 284/284/284 355/355/355
f 359/359/359 360/360/360 364/364/364
f 364/364/364 363/363/363 359/359/359
f 360/360/360 362/362/362 365/365/365
f 364/364/364 360/360/360 365/365/365
f 363/363/363 366/366/366 284/284/284
f 364/364/364 367/367/367 363/363/363
f 367/367/367 366/366/366 363/363/363
f 281/281/281 284/284/284 366/366/366
f 368/368/368 367/367/367 364/364/364
f 364/364/364 365/365/365 368/368/368
f 367/367/367 369/369/369 366/366/366
f 281/281/281 366/366/366 370/370/370
f 370/370/370 366/366/366 369/369/369
f 371/371/371 281/281/281 370/370/370
f 271/271/271 281/281/281 371/371/371
f 370/370/370 369/369/369 372/372/372
f 367/367/367 373/373/373 369/369/369
f 372/372/372 369/369/369 373/373/373
f 374/374/374 370/370/370 372/372/372
f 371/371/371 370/370/370 374/374/374
f 375/375/375 271/271/271 371/371/371
f 264/264/264 271/271/271 375/375/375
f 264/264/264 375/375/375 262/262/262
f 375/375/375 371/371/371 376/376/376
f 374/374/374 376/376/376 371/371/371
f 375/375/375 377/377/377 262/262/262
f 375/375/375 376/376/376 377/377/377
f 262/262/262 377/377/377 261/261/261
f 378/378/378 261/261/261 377/377/377
f 259/259/259 261/261/261 378/378/378
f 376/376/376 379/379/379 377/377/377
f 378/378/378 377/377/377 379/379/379
f 374/374/374 380/380/380 376/376/376
f 376/376/376 380/380/380 379/379/379
f 381/381/381 380/380/380 374/374/374
f 374/374/374 372/372/372 381/381/381
f 382/382/382 379/379/379 380/380/380
f 381/381/381 382/382/382 380/380/380
f 381/381/381 372/372/372 383/383/383
f 372/372/372 373/373/373 383/383/383
f 381/381/381 383/383/383 384/384/384
f 384/384/384 382/382/382 381/381/381
f 385/385/385 384/384/384 383/383/383
f 384/384/384 386/386/386 382/382/382
f 385/385/385 386/386/386 384/384/384
f 382/382/382 386/386/386 387/387/387
f 385/385/385 383/383/383 388/388/388
f 388/388/388 383/383/383 373/373/373
f 385/385/385 389/389/389 386/386/386
f 389/389/389 387/387/387 386/386/386
f 390/390/390 385/385/385 388/388/388
f 390/390/390 389/389/389 385/385/385
f 388/388/388 373/373/373 391/391/391
f 390/390/390 388/388/388 392/392/392
f 392/392/392 388/388/388 391/391/391
f 393/393/393 391/391/391 373/373/373
f 367/367/367 393/393/393 373/373/373
f 368/368/368 393/393/393 367/367/367
f 393/393/393 394/394/394 391/391/391
f 395/395/395 393/393/393 368/368/368
f 395/395/395 394/394/394 393/393/393
f 392/392/392 391/391/391 396/396/396
f 394/394/394 396/396/396 391/391/391
f 397/397/397 392/392/392 396/396/396
f 390/390/390 392/392/392 397/397/397
f 394/394/394 398/398/398 396/396/396
f 395/395/395 398/398/398 394/394/394
f 397/397/397 396/396/396 399/399/399
f 398/398/398 399/399/399 396/396/396
f 390/390/390 397/397/397 400/400/400
f 401/401/401 397/397/397 399/399/399
f 400/400/400 397/397/397 401/401/401
f 400/400/400 402/402/402 390/390/390
f 390/390/390 402/402/402 389/389/389
f 400/400/400 401/401/401 403/403/403
f 400/400/400 404/404/404 402/402/402
f 403/403/403 404/404/404 400/400/400
f 402/402/402 405/405/405 389/389/389
f 389/389/389 405/405/405 387/387/387
f 404/404/404 406/406/406 402/402/402
f 402/402/402 406/406/406 405/405/405
f 403/403/403 407/407/407 404/404/404
f 404/404/404 408/408/408 406/406/406
f 407/407/407 408/408/408 404/404/404
f 409/409/409 405/405/405 406/406/406
f 410/410/410 406/406/406 408/408/408
f 410/410/410 409/409/409 406/406/406
f 409/409/409 411/411/411 405/405/405
f 411/411/411 387/387/387 405/405/405
f 412/412/412 409/409/409 410/410/410
f 413/413/413 411/411/411 409/409/409
f 412/412/412 413/413/413 409/409/409
f 411/411/411 414/414/414 387/387/387
f 413/413/413 415/415/415 411/411/411
f 415/415/415 414/414/414 411/411/411
f 414/414/414 416/416/416 387/387/387
f 382/382/382 387/387/387 416/416/416
f 382/382/382 416/416/416 379/379/379
f 417/417/417 379/379/379 416/416/416
f 414/414/414 417/417/417 416/416/416
f 417/417/417 378/378/378 379/379/379
f 415/415/415 418/418/418 414/414/414
f 418/418/418 417/417/417 414/414/414
f 419/419/419 378/378/378 417/417/417
f 418/418/418 419/419/419 417/417/417
f 419/419/419 259/259/259 378/378/378
f 259/259/259 419/419/419 420/420/420
f 259/259/259 420/420/420 255/255/255
f 255/255/255 420/420/420 254/254/254
f 419/419/419 421/421/421 420/420/420
f 419/419/419 418/418/418 421/421/421
f 420/420/420 422/422/422 254/254/254
f 420/420/420 421/421/421 422/422/422
f 423/423/423 254/254/254 422/422/422
f 423/423/423 256/256/256 254/254/254
f 418/418/418 424/424/424 421/421/421
f 418/418/418 415/415/415 424/424/424
f 421/421/421 425/425/425 422/422/422
f 421/421/421 424/424/424 425/425/425
f 426/426/426 423/423/423 422/422/422
f 426/426/426 422/422/422 425/425/425
f 427/427/427 256/256/256 423/423/423
f 252/252/252 256/256/256 427/427/427
f 428/428/428 423/423/423 426/426/426
f 427/427/427 423/423/423 428/428/428
f 427/427/427 429/429/429 252/252/252
f 252/252/252 429/429/429 250/250/250
f 428/428/428 430/430/430 427/427/427
f 427/427/427 430/430/430 429/429/429
f 428/428/428 426/426/426 431/431/431
f 429/429/429 432/432/432 250/250/250
f 221/221/221 250/250/250 432/432/432
f 430/430/430 433/433/433 429/429/429
f 429/429/429 433/433/433 432/432/432
f 428/428/428 434/434/434 430/430/430
f 431/431/431 434/434/434 428/428/428
f 430/430/430 435/435/435 433/433/433
f 434/434/434 435/435/435 430/430/430
f 436/436/436 221/221/221 432/432/432
f 211/211/211 221/221/221 436/436/436
f 437/437/437 432/432/432 433/433/433
f 436/436/436 432/432/432 437/437/437
f 438/438/438 433/433/433 435/435/435
f 437/437/437 433/433/433 438/438/438
f 211/211/211 436/436/436 439/439/439
f 211/211/211 439/439/439 210/210/210
f 436/436/436 437/437/437 440/440/440
f 436/436/436 440/440/440 439/439/439
f 441/441/441 437/437/437 438/438/438
f 441/441/441 440/440/440 437/437/437
f 210/210/210 439/439/439 442/442/442
f 210/210/210 442/442/442 206/206/206
f 206/206/206 442/442/442 205/205/205
f 439/439/439 443/443/443 442/442/442
f 439/439/439 440/440/440 443/443/443
f 442/442/442 444/444/444 205/205/205
f 442/442/442 443/443/443 444/444/444
f 205/205/205 444/444/444 177/177/177
f 176/176/176 177/177/177 444/444/444
f 176/176/176 444/444/444 445/445/445
f 443/443/443 445/445/445 444/444/444
f 175/175/175 176/176/176 445/445/445
f 440/440/440 446/446/446 443/443/443
f 443/443/443 446/446/446 445/445/445
f 440/440/440 441/441/441 446/446/446
f 175/175/175 445/445/445 447/447/447
f 446/446/446 447/447/447 445/445/445
f 448/448/448 175/175/175 447/447/447
f 170/170/170 175/175/175 448/448/448
f 169/169/169 170/170/170 448/448/448
f 446/446/446 449/449/449 447/447/447
f 441/441/441 449/449/449 446/446/446
f 448/448/448 447/447/447 450/450/450
f 449/449/449 450/450/450 447/447/447
f 169/169/169 448/448/448 451/451/451
f 451/451/451 448/448/448 450/450/450
f 167/167/167 169/169/169 451/451/451
f 441/441/441 452/452/452 449/449/449
f 452/452/452 441/441/441 438/438/438
f 449/449/449 453/453/453 450/450/450
f 452/452/452 453/453/453 449/449/449
f 451/451/451 450/450/450 454/454/454
f 453/453/453 454/454/454 450/450/450
f 455/455/455 451/451/451 454/454/454
f 167/167/167 451/451/451 455/455/455
f 453/453/453 456/456/456 454/454/454
f 452/452/452 457/457/457 453/453/453
f 457/457/457 456/456/456 453/453/453
f 452/452/452 438/438/438 458/458/458
f 457/457/457 452/452/452 458/458/458
f 438/438/438 435/435/435 458/458/458
f 455/455/455 454/454/454 459/459/459
f 456/456/456 459/459/459 454/454/454
f 460/460/460 455/455/455 459/459/459
f 167/167/167 455/455/455 460/460/460
f 458/458/458 435/435/435 461/461/461
f 434/434/434 461/461/461 435/435/435
f 167/167/167 460/460/460 462/462/462
f 167/167/167 462/462/462 164/164/164
f 463/463/463 461/461/461 434/434/434
f 431/431/431 463/463/463 434/434/434
f 458/458/458 461/461/461 464/464/464
f 457/457/457 458/458/458 464/464/464
f 463/463/463 465/465/465 461/461/461
f 464/464/464 461/461/461 465/465/465
f 466/466/466 457/457/457 464/464/464
f 457/457/457 466/466/466 456/456/456
f 464/464/464 465/465/465 467/467/467
f 466/466/466 464/464/464 467/467/467
f 467/467/467 465/465/465 468/468/468
f 466/466/466 469/469/469 456/456/456
f 456/456/456 469/469/469 459/459/459
f 470/470/470 466/466/466 467/467/467
f 466/466/466 470/470/470 469/469/469
f 470/470/470 467/467/467 471/471/471
f 467/467/467 468/468/468 471/471/471
f 469/469/469 472/472/472 459/459/459
f 460/460/460 459/459/459 472/472/472
f 470/470/470 473/473/473 469/469/469
f 469/469/469 473/473/473 472/472/472
f 474/474/474 460/460/460 472/472/472
f 462/462/462 460/460/460 474/474/474
f 473/473/473 475/475/475 472/472/472
f 474/474/474 472/472/472 475/475/475
f 470/470/470 476/476/476 473/473/473
f 476/476/476 470/470/470 471/471/471
f 473/473/473 477/477/477 475/475/475
f 476/476/476 477/477/477 473/473/473
f 462/462/462 474/474/474 478/478/478
f 478/478/478 164/164/164 462/462/462
f 479/479/479 474/474/474 475/475/475
f 478/478/478 474/474/474 479/479/479
f 477/477/477 480/480/480 475/475/475
f 479/479/479 475/475/475 480/480/480
f 478/478/478 481/481/481 164/164/164
f 164/164/164 481/481/481 162/162/162
f 478/478/478 479/479/479 482/482/482
f 482/482/482 481/481/481 478/478/478
f 483/483/483 479/479/479 480/480/480
f 482/482/482 479/479/479 483/483/483
f 481/481/481 163/163/163 162/162/162
f 482/482/482 484/484/484 481/481/481
f 481/481/481 484/484/484 163/163/163
f 485/485/485 484/484/484 482/482/482
f 482/482/482 483/483/483 485/485/485
f 486/486/486 163/163/163 484/484/484
f 485/485/485 486/486/486 484/484/484
f 486/486/486 487/487/487 163/163/163
f 154/154/154 163/163/163 487/487/487
f 136/136/136 154/154/154 487/487/487
f 136/136/136 487/487/487 135/135/135
f 488/488/488 135/135/135 487/487/487
f 488/488/488 487/487/487 486/486/486
f 137/137/137 135/135/135 488/488/488
f 489/489/489 486/486/486 485/485/485
f 489/489/489 488/488/488 486/486/486
f 490/490/490 137/137/137 488/488/488
f 490/490/490 488/488/488 489/489/489
f 491/491/491 137/137/137 490/490/490
f 491/491/491 492/492/492 137/137/137
f 489/489/489 493/493/493 490/490/490
f 485/485/485 494/494/494 489/489/489
f 489/489/489 494/494/494 493/493/493
f 485/485/485 483/483/483 494/494/494
f 490/490/490 493/493/493 495/495/495
f 490/490/490 495/495/495 491/491/491
f 494/494/494 496/496/496 493/493/493
f 495/495/495 493/493/493 496/496/496
f 483/483/483 497/497/497 494/494/494
f 494/494/494 497/497/497 496/496/496
f 483/483/483 498/498/498 497/497/497
f 483/483/483 480/480/480 498/498/498
f 499/499/499 498/498/498 480/480/480
f 477/477/477 499/499/499 480/480/480
f 500/500/500 497/497/497 498/498/498
f 499/499/499 500/500/500 498/498/498
f 501/501/501 499/499/499 477/477/477
f 476/476/476 501/501/501 477/477/477
f 502/502/502 500/500/500 499/499/499
f 501/501/501 502/502/502 499/499/499
f 500/500/500 503/503/503 497/497/497
f 503/503/503 496/496/496 497/497/497
f 502/502/502 504/504/504 500/500/500
f 504/504/504 503/503/503 500/500/500
f 501/501/501 476/476/476 505/505/505
f 476/476/476 471/471/471 505/505/505
f 505/505/505 471/471/471 468/468/468
f 501/501/501 505/505/505 506/506/506
f 502/502/502 501/501/501 506/506/506
f 505/505/505 468/468/468 507/507/507
f 506/506/506 505/505/505 507/507/507
f 502/502/502 506/506/506 508/508/508
f 504/504/504 502/502/502 508/508/508
f 506/506/506 507/507/507 509/509/509
f 508/508/508 506/506/506 509/509/509
f 510/510/510 507/507/507 468/468/468
f 504/504/504 508/508/508 511/511/511
f 512/512/512 509/509/509 507/507/507
f 512/512/512 507/507/507 510/510/510
f 508/508/508 509/509/509 513/513/513
f 511/511/511 508/508/508 513/513/513
f 514/514/514 509/509/509 512/512/512
f 514/514/514 513/513/513 509/509/509
f 510/510/510 468/468/468 515/515/515
f 515/515/515 468/468/468 465/465/465
f 515/515/515 465/465/465 463/463/463
f 516/516/516 515/515/515 463/463/463
f 516/516/516 463/463/463 431/431/431
f 517/517/517 510/510/510 515/515/515
f 517/517/517 515/515/515 516/516/516
f 518/518/518 510/510/510 517/517/517
f 518/518/518 512/512/512 510/510/510
f 431/431/431 519/519/519 516/516/516
f 431/431/431 426/426/426 519/519/519
f 519/519/519 426/426/426 425/425/425
f 516/516/516 519/519/519 520/520/520
f 516/516/516 520/520/520 517/517/517
f 519/519/519 425/425/425 521/521/521
f 520/520/520 519/519/519 521/521/521
f 424/424/424 521/521/521 425/425/425
f 517/517/517 520/520/520 522/522/522
f 517/517/517 522/522/522 518/518/518
f 520/520/520 521/521/521 523/523/523
f 522/522/522 520/520/520 523/523/523
f 424/424/424 524/524/524 521/521/521
f 524/524/524 523/523/523 521/521/521
f 415/415/415 524/524/524 424/424/424
f 415/415/415 413/413/413 524/524/524
f 413/413/413 525/525/525 524/524/524
f 524/524/524 525/525/525 523/523/523
f 413/413/413 412/412/412 525/525/525
f 522/522/522 523/523/523 526/526/526
f 525/525/525 526/526/526 523/523/523
f 527/527/527 522/522/522 526/526/526
f 518/518/518 522/522/522 527/527/527
f 525/525/525 528/528/528 526/526/526
f 412/412/412 528/528/528 525/525/525
f 528/528/528 529/529/529 526/526/526
f 527/527/527 526/526/526 529/529/529
f 412/412/412 530/530/530 528/528/528
f 530/530/530 412/412/412 410/410/410
f 528/528/528 531/531/531 529/529/529
f 530/530/530 531/531/531 528/528/528
f 527/527/527 529/529/529 532/532/532
f 531/531/531 532/532/532 529/529/529
f 530/530/530 410/410/410 533/533/533
f 533/533/533 410/410/410 408/408/408
f 530/530/530 534/534/534 531/531/531
f 534/534/534 530/530/530 533/533/533
f 531/531/531 535/535/535 532/532/532
f 534/534/534 535/535/535 531/531/531
f 533/533/533 408/408/408 536/536/536
f 407/407/407 536/536/536 408/408/408
f 534/534/534 533/533/533 537/537/537
f 537/537/537 533/533/533 536/536/536
f 534/534/534 538/538/538 535/535/535
f 538/538/538 534/534/534 537/537/537
f 535/535/535 539/539/539 532/532/532
f 538/538/538 540/540/540 535/535/535
f 535/535/535 540/540/540 539/539/539
f 541/541/541 532/532/532 539/539/539
f 527/527/527 532/532/532 541/541/541
f 540/540/540 542/542/542 539/539/539
f 543/543/543 527/527/527 541/541/541
f 518/518/518 527/527/527 543/543/543
f 543/543/543 512/512/512 518/518/518
f 543/543/543 514/514/514 512/512/512
f 543/543/543 541/541/541 544/544/544
f 544/544/544 514/514/514 543/543/543
f 541/541/541 539/539/539 545/545/545
f 544/544/544 541/541/541 545/545/545
f 545/545/545 539/539/539 542/542/542
f 544/544/544 546/546/546 514/514/514
f 546/546/546 513/513/513 514/514/514
f 544/544/544 545/545/545 547/547/547
f 547/547/547 546/546/546 544/544/544
f 547/547/547 545/545/545 548/548/548
f 545/545/545 542/542/542 548/548/548
f 547/547/547 549/549/549 546/546/546
f 546/546/546 550/550/550 513/513/513
f 549/549/549 550/550/550 546/546/546
f 511/511/511 513/513/513 550/550/550
f 551/551/551 549/549/549 547/547/547
f 547/547/547 548/548/548 551/551/551
f 549/549/549 552/552/552 550/550/550
f 553/553/553 511/511/511 550/550/550
f 553/553/553 550/550/550 552/552/552
f 554/554/554 511/511/511 553/553/553
f 554/554/554 504/504/504 511/511/511
f 504/504/504 554/554/554 503/503/503
f 555/555/555 552/552/552 549/549/549
f 551/551/551 555/555/555 549/549/549
f 556/556/556 553/553/553 552/552/552
f 554/554/554 557/557/557 503/503/503
f 503/503/503 557/557/557 496/496/496
f 558/558/558 554/554/554 553/553/553
f 554/554/554 558/558/558 557/557/557
f 558/558/558 553/553/553 556/556/556
f 557/557/557 559/559/559 496/496/496
f 495/495/495 496/496/496 559/559/559
f 558/558/558 560/560/560 557/557/557
f 557/557/557 560/560/560 559/559/559
f 561/561/561 558/558/558 556/556/556
f 558/558/558 561/561/561 560/560/560
f 556/556/556 552/552/552 562/562/562
f 555/555/555 562/562/562 552/552/552
f 561/561/561 556/556/556 563/563/563
f 563/563/563 556/556/556 562/562/562
f 561/561/561 564/564/564 560/560/560
f 565/565/565 561/561/561 563/563/563
f 561/561/561 565/565/565 564/564/564
f 565/565/565 566/566/566 564/564/564
f 565/565/565 567/567/567 566/566/566
f 564/564/564 566/566/566 568/568/568
f 567/567/567 565/565/565 569/569/569
f 565/565/565 563/563/563 569/569/569
f 567/567/567 569/569/569 570/570/570
f 564/564/564 568/568/568 571/571/571
f 560/560/560 564/564/564 571/571/571
f 572/572/572 571/571/571 568/568/568
f 560/560/560 571/571/571 559/559/559
f 573/573/573 559/559/559 571/571/571
f 572/572/572 573/573/573 571/571/571
f 573/573/573 495/495/495 559/559/559
f 491/491/491 495/495/495 573/573/573
f 574/574/574 573/573/573 572/572/572
f 491/491/491 573/573/573 574/574/574
f 574/574/574 492/492/492 491/491/491
f 574/574/574 572/572/572 575/575/575
f 574/574/574 576/576/576 492/492/492
f 575/575/575 576/576/576 574/574/574
f 575/575/575 577/577/577 576/576/576
f 570/570/570 569/569/569 578/578/578
f 570/570/570 578/578/578 579/579/579
f 580/580/580 579/579/579 578/578/578
f 569/569/569 581/581/581 578/578/578
f 569/569/569 563/563/563 581/581/581
f 580/580/580 578/578/578 582/582/582
f 582/582/582 578/578/578 581/581/581
f 583/583/583 580/580/580 582/582/582
f 563/563/563 562/562/562 581/581/581
f 584/584/584 581/581/581 562/562/562
f 582/582/582 581/581/581 584/584/584
f 584/584/584 562/562/562 555/555/555
f 583/583/583 582/582/582 585/585/585
f 585/585/585 582/582/582 584/584/584
f 585/585/585 586/586/586 583/583/583
f 587/587/587 584/584/584 555/555/555
f 585/585/585 584/584/584 587/587/587
f 587/587/587 555/555/555 551/551/551
f 585/585/585 588/588/588 586/586/586
f 587/587/587 588/588/588 585/585/585
f 551/551/551 589/589/589 587/587/587
f 587/587/587 589/589/589 588/588/588
f 551/551/551 548/548/548 589/589/589
f 589/589/589 548/548/548 542/542/542
f 588/588/588 589/589/589 590/590/590
f 589/589/589 542/542/542 590/590/590
f 586/586/586 588/588/588 591/591/591
f 588/588/588 590/590/590 591/591/591
f 586/586/586 591/591/591 592/592/592
f 593/593/593 590/590/590 542/542/542
f 540/540/540 593/593/593 542/542/542
f 594/594/594 591/591/591 590/590/590
f 593/593/593 594/594/594 590/590/590
f 595/595/595 592/592/592 591/591/591
f 594/594/594 595/595/595 591/591/591
f 595/595/595 596/596/596 592/592/592
f 597/597/597 593/593/593 540/540/540
f 538/538/538 597/597/597 540/540/540
f 598/598/598 594/594/594 593/593/593
f 597/597/597 598/598/598 593/593/593
f 599/599/599 595/595/595 594/594/594
f 598/598/598 599/599/599 594/594/594
f 600/600/600 596/596/596 595/595/595
f 599/599/599 600/600/600 595/595/595
f 600/600/600 601/601/601 596/596/596
f 597/597/597 538/538/538 602/602/602
f 538/538/538 537/537/537 602/602/602
f 598/598/598 597/597/597 603/603/603
f 597/597/597 602/602/602 603/603/603
f 599/599/599 598/598/598 604/604/604
f 598/598/598 603/603/603 604/604/604
f 600/600/600 599/599/599 605/605/605
f 599/599/599 604/604/604 605/605/605
f 601/601/601 600/600/600 606/606/606
f 600/600/600 605/605/605 606/606/606
f 601/601/601 606/606/606 607/607/607
f 607/607/607 606/606/606 608/608/608
f 607/607/607 608/608/608 609/609/609
f 610/610/610 609/609/609 608/608/608
f 606/606/606 611/611/611 608/608/608
f 606/606/606 605/605/605 611/611/611
f 610/610/610 608/608/608 612/612/612
f 612/612/612 608/608/608 611/611/611
f 613/613/613 610/610/610 612/612/612
f 605/605/605 614/614/614 611/611/611
f 605/605/605 604/604/604 614/614/614
f 612/612/612 611/611/611 615/615/615
f 615/615/615 611/611/611 614/614/614
f 613/613/613 612/612/612 616/616/616
f 616/616/616 612/612/612 615/615/615
f 616/616/616 617/617/617 613/613/613
f 604/604/604 618/618/618 614/614/614
f 604/604/604 603/603/603 618/618/618
f 615/615/615 614/614/614 619/619/619
f 619/619/619 614/614/614 618/618/618
f 616/616/616 620/620/620 617/617/617
f 616/616/616 615/615/615 621/621/621
f 621/621/621 620/620/620 616/616/616
f 620/620/620 622/622/622 617/617/617
f 623/623/623 621/621/621 615/615/615
f 623/623/623 615/615/615 619/619/619
f 621/621/621 624/624/624 620/620/620
f 623/623/623 624/624/624 621/621/621
f 620/620/620 625/625/625 622/622/622
f 624/624/624 625/625/625 620/620/620
f 626/626/626 622/622/622 625/625/625
f 626/626/626 627/627/627 622/622/622
f 624/624/624 628/628/628 625/625/625
f 623/623/623 629/629/629 624/624/624
f 629/629/629 628/628/628 624/624/624
f 623/623/623 619/619/619 630/630/630
f 619/619/619 618/618/618 630/630/630
f 631/631/631 626/626/626 625/625/625
f 631/631/631 625/625/625 628/628/628
f 623/623/623 630/630/630 632/632/632
f 632/632/632 629/629/629 623/623/623
f 630/630/630 618/618/618 633/633/633
f 603/603/603 633/633/633 618/618/618
f 603/603/603 602/602/602 633/633/633
f 630/630/630 633/633/633 634/634/634
f 632/632/632 630/630/630 634/634/634
f 602/602/602 635/635/635 633/633/633
f 634/634/634 633/633/633 635/635/635
f 602/602/602 537/537/537 635/635/635
f 537/537/537 536/536/536 635/635/635
f 636/636/636 635/635/635 536/536/536
f 634/634/634 635/635/635 636/636/636
f 636/636/636 536/536/536 407/407/407
f 632/632/632 634/634/634 637/637/637
f 637/637/637 634/634/634 636/636/636
f 638/638/638 636/636/636 407/407/407
f 637/637/637 636/636/636 638/638/638
f 638/638/638 407/407/407 403/403/403
f 637/637/637 639/639/639 632/632/632
f 632/632/632 639/639/639 629/629/629
f 638/638/638 640/640/640 637/637/637
f 637/637/637 640/640/640 639/639/639
f 403/403/403 641/641/641 638/638/638
f 638/638/638 641/641/641 640/640/640
f 403/403/403 401/401/401 641/641/641
f 641/641/641 401/401/401 642/642/642
f 401/401/401 399/399/399 642/642/642
f 640/640/640 641/641/641 643/643/643
f 641/641/641 642/642/642 643/643/643
f 639/639/639 640/640/640 644/644/644
f 640/640/640 643/643/643 644/644/644
f 639/639/639 644/644/644 645/645/645
f 629/629/629 639/639/639 645/645/645
f 646/646/646 642/642/642 399/399/399
f 398/398/398 646/646/646 399/399/399
f 647/647/647 643/643/643 642/642/642
f 646/646/646 647/647/647 642/642/642
f 648/648/648 646/646/646 398/398/398
f 395/395/395 648/648/648 398/398/398
f 649/649/649 647/647/647 646/646/646
f 648/648/648 649/649/649 646/646/646
f 647/647/647 650/650/650 643/643/643
f 650/650/650 644/644/644 643/643/643
f 649/649/649 651/651/651 647/647/647
f 651/651/651 650/650/650 647/647/647
f 649/649/649 652/652/652 651/651/651
f 650/650/650 653/653/653 644/644/644
f 653/653/653 645/645/645 644/644/644
f 651/651/651 654/654/654 650/650/650
f 654/654/654 653/653/653 650/650/650
f 654/654/654 651/651/651 652/652/652
f 653/653/653 655/655/655 645/645/645
f 654/654/654 656/656/656 653/653/653
f 656/656/656 655/655/655 653/653/653
f 656/656/656 654/654/654 657/657/657
f 654/654/654 652/652/652 657/657/657
f 655/655/655 658/658/658 645/645/645
f 629/629/629 645/645/645 658/658/658
f 629/629/629 658/658/658 628/628/628
f 659/659/659 628/628/628 658/658/658
f 655/655/655 659/659/659 658/658/658
f 659/659/659 631/631/631 628/628/628
f 660/660/660 659/659/659 655/655/655
f 656/656/656 660/660/660 655/655/655
f 661/661/661 631/631/631 659/659/659
f 660/660/660 661/661/661 659/659/659
f 660/660/660 656/656/656 662/662/662
f 656/656/656 657/657/657 662/662/662
f 661/661/661 660/660/660 663/663/663
f 660/660/660 662/662/662 663/663/663
f 661/661/661 664/664/664 631/631/631
f 664/664/664 626/626/626 631/631/631
f 661/661/661 663/663/663 665/665/665
f 664/664/664 661/661/661 665/665/665
f 664/664/664 666/666/666 626/626/626
f 666/666/666 627/627/627 626/626/626
f 666/666/666 667/667/667 627/627/627
f 666/666/666 664/664/664 668/668/668
f 664/664/664 665/665/665 668/668/668
f 667/667/667 666/666/666 669/669/669
f 666/666/666 668/668/668 669/669/669
f 667/667/667 669/669/669 670/670/670
f 669/669/669 671/671/671 670/670/670
f 669/669/669 672/672/672 671/671/671
f 668/668/668 672/672/672 669/669/669
f 673/673/673 671/671/671 672/672/672
f 665/665/665 674/674/674 668/668/668
f 668/668/668 674/674/674 672/672/672
f 673/673/673 672/672/672 675/675/675
f 675/675/675 672/672/672 674/674/674
f 676/676/676 673/673/673 675/675/675
f 665/665/665 677/677/677 674/674/674
f 663/663/663 677/677/677 665/665/665
f 675/675/675 674/674/674 678/678/678
f 678/678/678 674/674/674 677/677/677
f 676/676/676 675/675/675 679/679/679
f 679/679/679 675/675/675 678/678/678
f 676/676/676 679/679/679 680/680/680
f 676/676/676 680/680/680 681/681/681
f 663/663/663 682/682/682 677/677/677
f 662/662/662 682/682/682 663/663/663
f 678/678/678 677/677/677 683/683/683
f 683/683/683 677/677/677 682/682/682
f 662/662/662 684/684/684 682/682/682
f 657/657/657 684/684/684 662/662/662
f 683/683/683 682/682/682 685/685/685
f 685/685/685 682/682/682 684/684/684
f 686/686/686 678/678/678 683/683/683
f 686/686/686 683/683/683 685/685/685
f 686/686/686 687/687/687 678/678/678
f 679/679/679 678/678/678 687/687/687
f 657/657/657 688/688/688 684/684/684
f 652/652/652 688/688/688 657/657/657
f 685/685/685 684/684/684 689/689/689
f 689/689/689 684/684/684 688/688/688
f 686/686/686 685/685/685 690/690/690
f 690/690/690 685/685/685 689/689/689
f 690/690/690 691/691/691 686/686/686
f 687/687/687 686/686/686 691/691/691
f 679/679/679 687/687/687 692/692/692
f 687/687/687 691/691/691 692/692/692
f 679/679/679 692/692/692 680/680/680
f 690/690/690 689/689/689 693/693/693
f 690/690/690 694/694/694 691/691/691
f 693/693/693 694/694/694 690/690/690
f 693/693/693 689/689/689 695/695/695
f 689/689/689 688/688/688 695/695/695
f 693/693/693 696/696/696 694/694/694
f 695/695/695 688/688/688 697/697/697
f 652/652/652 697/697/697 688/688/688
f 693/693/693 695/695/695 698/698/698
f 698/698/698 696/696/696 693/693/693
f 695/695/695 697/697/697 699/699/699
f 698/698/698 695/695/695 699/699/699
f 700/700/700 697/697/697 652/652/652
f 649/649/649 700/700/700 652/652/652
f 648/648/648 700/700/700 649/649/649
f 700/700/700 701/701/701 697/697/697
f 699/699/699 697/697/697 701/701/701
f 648/648/648 702/702/702 700/700/700
f 702/702/702 701/701/701 700/700/700
f 395/395/395 702/702/702 648/648/648
f 395/395/395 703/703/703 702/702/702
f 368/368/368 703/703/703 395/395/395
f 368/368/368 365/365/365 703/703/703
f 703/703/703 704/704/704 702/702/702
f 702/702/702 704/704/704 701/701/701
f 365/365/365 705/705/705 703/703/703
f 703/703/703 705/705/705 704/704/704
f 365/365/365 362/362/362 705/705/705
f 706/706/706 701/701/701 704/704/704
f 699/699/699 701/701/701 706/706/706
f 707/707/707 704/704/704 705/705/705
f 706/706/706 704/704/704 707/707/707
f 708/708/708 705/705/705 362/362/362
f 707/707/707 705/705/705 708/708/708
f 708/708/708 362/362/362 361/361/361
f 709/709/709 699/699/699 706/706/706
f 698/698/698 699/699/699 709/709/709
f 710/710/710 706/706/706 707/707/707
f 709/709/709 706/706/706 710/710/710
f 711/711/711 707/707/707 708/708/708
f 710/710/710 707/707/707 711/711/711
f 712/712/712 708/708/708 361/361/361
f 711/711/711 708/708/708 712/712/712
f 712/712/712 361/361/361 349/349/349
f 709/709/709 713/713/713 698/698/698
f 698/698/698 713/713/713 696/696/696
f 710/710/710 714/714/714 709/709/709
f 709/709/709 714/714/714 713/713/713
f 711/711/711 715/715/715 710/710/710
f 710/710/710 715/715/715 714/714/714
f 712/712/712 716/716/716 711/711/711
f 711/711/711 716/716/716 715/715/715
f 349/349/349 717/717/717 712/712/712
f 712/712/712 717/717/717 716/716/716
f 349/349/349 347/347/347 717/717/717
f 717/717/717 347/347/347 718/718/718
f 347/347/347 344/344/344 718/718/718
f 716/716/716 717/717/717 719/719/719
f 717/717/717 718/718/718 719/719/719
f 715/715/715 716/716/716 720/720/720
f 716/716/716 719/719/719 720/720/720
f 721/721/721 718/718/718 344/344/344
f 341/341/341 721/721/721 344/344/344
f 722/722/722 719/719/719 718/718/718
f 721/721/721 722/722/722 718/718/718
f 723/723/723 721/721/721 341/341/341
f 723/723/723 722/722/722 721/721/721
f 722/722/722 724/724/724 719/719/719
f 724/724/724 720/720/720 719/719/719
f 725/725/725 724/724/724 722/722/722
f 724/724/724 726/726/726 720/720/720
f 725/725/725 726/726/726 724/724/724
f 726/726/726 727/727/727 720/720/720
f 715/715/715 720/720/720 727/727/727
f 714/714/714 715/715/715 727/727/727
f 714/714/714 727/727/727 728/728/728
f 713/713/713 714/714/714 728/728/728
f 726/726/726 729/729/729 727/727/727
f 729/729/729 728/728/728 727/727/727
f 713/713/713 728/728/728 730/730/730
f 696/696/696 713/713/713 730/730/730
f 729/729/729 731/731/731 728/728/728
f 731/731/731 730/730/730 728/728/728
f 732/732/732 729/729/729 726/726/726
f 725/725/725 732/732/732 726/726/726
f 733/733/733 731/731/731 729/729/729
f 732/732/732 733/733/733 729/729/729
f 696/696/696 730/730/730 734/734/734
f 694/694/694 696/696/696 734/734/734
f 731/731/731 735/735/735 730/730/730
f 735/735/735 734/734/734 730/730/730
f 733/733/733 736/736/736 731/731/731
f 736/736/736 735/735/735 731/731/731
f 733/733/733 737/737/737 736/736/736
f 736/736/736 738/738/738 735/735/735
f 738/738/738 736/736/736 737/737/737
f 735/735/735 739/739/739 734/734/734
f 738/738/738 739/739/739 735/735/735
f 694/694/694 734/734/734 740/740/740
f 739/739/739 740/740/740 734/734/734
f 691/691/691 694/694/694 740/740/740
f 691/691/691 740/740/740 741/741/741
f 692/692/692 691/691/691 741/741/741
f 739/739/739 742/742/742 740/740/740
f 742/742/742 741/741/741 740/740/740
f 692/692/692 741/741/741 743/743/743
f 680/680/680 692/692/692 743/743/743
f 742/742/742 744/744/744 741/741/741
f 744/744/744 743/743/743 741/741/741
f 745/745/745 742/742/742 739/739/739
f 738/738/738 745/745/745 739/739/739
f 746/746/746 744/744/744 742/742/742
f 745/745/745 746/746/746 742/742/742
f 745/745/745 738/738/738 747/747/747
f 746/746/746 745/745/745 748/748/748
f 745/745/745 747/747/747 748/748/748
f 738/738/738 737/737/737 747/747/747
f 746/746/746 748/748/748 749/749/749
f 746/746/746 750/750/750 744/744/744
f 750/750/750 746/746/746 749/749/749
f 750/750/750 751/751/751 744/744/744
f 744/744/744 751/751/751 743/743/743
f 680/680/680 743/743/743 752/752/752
f 751/751/751 752/752/752 743/743/743
f 681/681/681 680/680/680 752/752/752
f 681/681/681 752/752/752 753/753/753
f 754/754/754 753/753/753 752/752/752
f 751/751/751 754/754/754 752/752/752
f 754/754/754 755/755/755 753/753/753
f 756/756/756 754/754/754 751/751/751
f 750/750/750 756/756/756 751/751/751
f 757/757/757 755/755/755 754/754/754
f 756/756/756 757/757/757 754/754/754
f 757/757/757 758/758/758 755/755/755
f 756/756/756 750/750/750 759/759/759
f 750/750/750 749/749/749 759/759/759
f 757/757/757 756/756/756 760/760/760
f 756/756/756 759/759/759 760/760/760
f 758/758/758 757/757/757 761/761/761
f 757/757/757 760/760/760 761/761/761
f 758/758/758 761/761/761 762/762/762
f 761/761/761 763/763/763 762/762/762
f 761/761/761 764/764/764 763/763/763
f 760/760/760 764/764/764 761/761/761
f 765/765/765 763/763/763 764/764/764
f 759/759/759 766/766/766 760/760/760
f 760/760/760 766/766/766 764/764/764
f 765/765/765 764/764/764 767/767/767
f 767/767/767 764/764/764 766/766/766
f 768/768/768 765/765/765 767/767/767
f 759/759/759 769/769/769 766/766/766
f 749/749/749 769/769/769 759/759/759
f 767/767/767 766/766/766 770/770/770
f 770/770/770 766/766/766 769/769/769
f 768/768/768 767/767/767 771/771/771
f 771/771/771 767/767/767 770/770/770
f 768/768/768 771/771/771 772/772/772
f 768/768/768 772/772/772 773/773/773
f 749/749/749 774/774/774 769/769/769
f 748/748/748 774/774/774 749/749/749
f 770/770/770 769/769/769 775/775/775
f 775/775/775 769/769/769 774/774/774
f 771/771/771 770/770/770 776/776/776
f 776/776/776 770/770/770 775/775/775
f 771/771/771 776/776/776 777/777/777
f 771/771/771 777/777/777 772/772/772
f 748/748/748 778/778/778 774/774/774
f 747/747/747 778/778/778 748/748/748
f 775/775/775 774/774/774 779/779/779
f 779/779/779 774/774/774 778/778/778
f 776/776/776 775/775/775 780/780/780
f 780/780/780 775/775/775 779/779/779
f 776/776/776 780/780/780 781/781/781
f 776/776/776 781/781/781 777/777/777
f 780/780/780 779/779/779 782/782/782
f 782/782/782 781/781/781 780/780/780
f 779/779/779 778/778/778 783/783/783
f 782/782/782 779/779/779 783/783/783
f 747/747/747 784/784/784 778/778/778
f 783/783/783 778/778/778 784/784/784
f 737/737/737 784/784/784 747/747/747
f 782/782/782 783/783/783 785/785/785
f 782/782/782 786/786/786 781/781/781
f 785/785/785 786/786/786 782/782/782
f 785/785/785 783/783/783 787/787/787
f 783/783/783 784/784/784 787/787/787
f 737/737/737 788/788/788 784/784/784
f 787/787/787 784/784/784 788/788/788
f 789/789/789 788/788/788 737/737/737
f 733/733/733 789/789/789 737/737/737
f 732/732/732 789/789/789 733/733/733
f 732/732/732 790/790/790 789/789/789
f 725/725/725 790/790/790 732/732/732
f 789/789/789 791/791/791 788/788/788
f 790/790/790 791/791/791 789/789/789
f 787/787/787 788/788/788 792/792/792
f 792/792/792 788/788/788 791/791/791
f 793/793/793 787/787/787 792/792/792
f 785/785/785 787/787/787 793/793/793
f 792/792/792 791/791/791 794/794/794
f 793/793/793 795/795/795 785/785/785
f 785/785/785 795/795/795 786/786/786
f 793/793/793 792/792/792 796/796/796
f 796/796/796 792/792/792 794/794/794
f 793/793/793 797/797/797 795/795/795
f 796/796/796 797/797/797 793/793/793
f 786/786/786 795/795/795 798/798/798
f 794/794/794 791/791/791 799/799/799
f 790/790/790 799/799/799 791/791/791
f 796/796/796 794/794/794 800/800/800
f 801/801/801 799/799/799 790/790/790
f 725/725/725 801/801/801 790/790/790
f 794/794/794 799/799/799 802/802/802
f 800/800/800 794/794/794 802/802/802
f 801/801/801 803/803/803 799/799/799
f 802/802/802 799/799/799 803/803/803
f 804/804/804 801/801/801 725/725/725
f 725/725/725 722/722/722 804/804/804
f 723/723/723 804/804/804 722/722/722
f 804/804/804 805/805/805 801/801/801
f 723/723/723 805/805/805 804/804/804
f 805/805/805 803/803/803 801/801/801
f 723/723/723 806/806/806 805/805/805
f 805/805/805 807/807/807 803/803/803
f 806/806/806 807/807/807 805/805/805
f 808/808/808 806/806/806 723/723/723
f 723/723/723 341/341/341 808/808/808
f 338/338/338 808/808/808 341/341/341
f 338/338/338 809/809/809 808/808/808
f 808/808/808 809/809/809 806/806/806
f 338/338/338 337/337/337 809/809/809
f 806/806/806 810/810/810 807/807/807
f 809/809/809 810/810/810 806/806/806
f 337/337/337 811/811/811 809/809/809
f 809/809/809 811/811/811 810/810/810
f 337/337/337 334/334/334 811/811/811
f 812/812/812 803/803/803 807/807/807
f 802/802/802 803/803/803 812/812/812
f 813/813/813 807/807/807 810/810/810
f 812/812/812 807/807/807 813/813/813
f 814/814/814 802/802/802 812/812/812
f 800/800/800 802/802/802 814/814/814
f 815/815/815 812/812/812 813/813/813
f 814/814/814 812/812/812 815/815/815
f 813/813/813 810/810/810 816/816/816
f 816/816/816 810/810/810 811/811/811
f 815/815/815 813/813/813 817/817/817
f 817/817/817 813/813/813 816/816/816
f 815/815/815 818/818/818 814/814/814
f 817/817/817 819/819/819 815/815/815
f 815/815/815 819/819/819 818/818/818
f 814/814/814 818/818/818 820/820/820
f 814/814/814 820/820/820 800/800/800
f 818/818/818 821/821/821 820/820/820
f 800/800/800 820/820/820 822/822/822
f 822/822/822 820/820/820 821/821/821
f 800/800/800 822/822/822 796/796/796
f 796/796/796 822/822/822 797/797/797
f 819/819/819 823/823/823 818/818/818
f 818/818/818 823/823/823 821/821/821
f 797/797/797 822/822/822 824/824/824
f 822/822/822 821/821/821 824/824/824
f 797/797/797 824/824/824 825/825/825
f 795/795/795 797/797/797 825/825/825
f 795/795/795 825/825/825 798/798/798
f 826/826/826 825/825/825 824/824/824
f 827/827/827 824/824/824 821/821/821
f 827/827/827 826/826/826 824/824/824
f 828/828/828 827/827/827 821/821/821
f 828/828/828 821/821/821 823/823/823
f 829/829/829 827/827/827 828/828/828
f 830/830/830 798/798/798 825/825/825
f 826/826/826 830/830/830 825/825/825
f 831/831/831 828/828/828 823/823/823
f 829/829/829 828/828/828 831/831/831
f 831/831/831 823/823/823 832/832/832
f 819/819/819 832/832/832 823/823/823
f 833/833/833 832/832/832 819/819/819
f 817/817/817 833/833/833 819/819/819
f 834/834/834 831/831/831 832/832/832
f 835/835/835 833/833/833 817/817/817
f 817/817/817 816/816/816 835/835/835
f 833/833/833 836/836/836 832/832/832
f 834/834/834 832/832/832 836/836/836
f 835/835/835 837/837/837 833/833/833
f 835/835/835 816/816/816 838/838/838
f 816/816/816 811/811/811 838/838/838
f 838/838/838 811/811/811 334/334/334
f 835/835/835 838/838/838 839/839/839
f 839/839/839 837/837/837 835/835/835
f 838/838/838 334/334/334 840/840/840
f 839/839/839 838/838/838 840/840/840
f 329/329/329 840/840/840 334/334/334
f 839/839/839 841/841/841 837/837/837
f 329/329/329 842/842/842 840/840/840
f 327/327/327 842/842/842 329/329/329
f 839/839/839 840/840/840 843/843/843
f 842/842/842 843/843/843 840/840/840
f 843/843/843 841/841/841 839/839/839
f 327/327/327 844/844/844 842/842/842
f 842/842/842 844/844/844 843/843/843
f 833/833/833 837/837/837 845/845/845
f 841/841/841 845/845/845 837/837/837
f 833/833/833 845/845/845 836/836/836
f 843/843/843 846/846/846 841/841/841
f 844/844/844 846/846/846 843/843/843
f 327/327/327 847/847/847 844/844/844
f 327/327/327 325/325/325 847/847/847
f 844/844/844 848/848/848 846/846/846
f 847/847/847 325/325/325 849/849/849
f 325/325/325 326/326/326 849/849/849
f 850/850/850 844/844/844 847/847/847
f 850/850/850 848/848/848 844/844/844
f 847/847/847 849/849/849 850/850/850
f 849/849/849 326/326/326 851/851/851
f 849/849/849 851/851/851 852/852/852
f 850/850/850 849/849/849 852/852/852
f 852/852/852 851/851/851 853/853/853
f 854/854/854 848/848/848 850/850/850
f 850/850/850 852/852/852 854/854/854
f 852/852/852 853/853/853 855/855/855
f 854/854/854 852/852/852 855/855/855
f 855/855/855 853/853/853 856/856/856
f 854/854/854 857/857/857 848/848/848
f 857/857/857 846/846/846 848/848/848
f 854/854/854 855/855/855 858/858/858
f 858/858/858 857/857/857 854/854/854
f 855/855/855 856/856/856 859/859/859
f 858/858/858 855/855/855 859/859/859
f 859/859/859 856/856/856 860/860/860
f 857/857/857 861/861/861 846/846/846
f 841/841/841 846/846/846 861/861/861
f 858/858/858 862/862/862 857/857/857
f 862/862/862 861/861/861 857/857/857
f 858/858/858 859/859/859 863/863/863
f 863/863/863 862/862/862 858/858/858
f 859/859/859 860/860/860 864/864/864
f 863/863/863 859/859/859 864/864/864
f 865/865/865 864/864/864 860/860/860
f 865/865/865 860/860/860 866/866/866
f 863/863/863 864/864/864 867/867/867
f 868/868/868 865/865/865 866/866/866
f 868/868/868 866/866/866 869/869/869
f 870/870/870 864/864/864 865/865/865
f 870/870/870 867/867/867 864/864/864
f 870/870/870 865/865/865 868/868/868
f 868/868/868 869/869/869 871/871/871
f 868/868/868 871/871/871 872/872/872
f 872/872/872 871/871/871 873/873/873
f 867/867/867 874/874/874 863/863/863
f 863/863/863 874/874/874 862/862/862
f 867/867/867 875/875/875 874/874/874
f 870/870/870 875/875/875 867/867/867
f 874/874/874 876/876/876 862/862/862
f 862/862/862 876/876/876 861/861/861
f 875/875/875 877/877/877 874/874/874
f 874/874/874 877/877/877 876/876/876
f 875/875/875 878/878/878 877/877/877
f 876/876/876 879/879/879 861/861/861
f 841/841/841 861/861/861 879/879/879
f 841/841/841 879/879/879 845/845/845
f 876/876/876 880/880/880 879/879/879
f 877/877/877 880/880/880 876/876/876
f 881/881/881 845/845/845 879/879/879
f 881/881/881 879/879/879 880/880/880
f 881/881/881 836/836/836 845/845/845
f 881/881/881 834/834/834 836/836/836
f 882/882/882 881/881/881 880/880/880
f 882/882/882 834/834/834 881/881/881
f 877/877/877 883/883/883 880/880/880
f 882/882/882 880/880/880 883/883/883
f 883/883/883 877/877/877 878/878/878
f 883/883/883 884/884/884 882/882/882
f 882/882/882 885/885/885 834/834/834
f 885/885/885 882/882/882 884/884/884
f 886/886/886 834/834/834 885/885/885
f 886/886/886 831/831/831 834/834/834
f 829/829/829 831/831/831 886/886/886
f 885/885/885 887/887/887 886/886/886
f 886/886/886 888/888/888 829/829/829
f 886/886/886 887/887/887 888/888/888
f 885/885/885 889/889/889 887/887/887
f 885/885/885 884/884/884 889/889/889
f 887/887/887 890/890/890 888/888/888
f 889/889/889 891/891/891 887/887/887
f 887/887/887 891/891/891 890/890/890
f 884/884/884 892/892/892 889/889/889
f 889/889/889 892/892/892 891/891/891
f 883/883/883 893/893/893 884/884/884
f 883/883/883 878/878/878 893/893/893
f 884/884/884 894/894/894 892/892/892
f 893/893/893 894/894/894 884/884/884
f 895/895/895 891/891/891 892/892/892
f 878/878/878 896/896/896 893/893/893
f 893/893/893 896/896/896 894/894/894
f 897/897/897 892/892/892 894/894/894
f 895/895/895 892/892/892 897/897/897
f 898/898/898 894/894/894 896/896/896
f 897/897/897 894/894/894 898/898/898
f 878/878/878 899/899/899 896/896/896
f 900/900/900 891/891/891 895/895/895
f 900/900/900 890/890/890 891/891/891
f 901/901/901 899/899/899 878/878/878
f 901/901/901 878/878/878 875/875/875
f 870/870/870 901/901/901 875/875/875
f 902/902/902 896/896/896 899/899/899
f 898/898/898 896/896/896 902/902/902
f 901/901/901 903/903/903 899/899/899
f 902/902/902 899/899/899 903/903/903
f 870/870/870 904/904/904 901/901/901
f 901/901/901 904/904/904 903/903/903
f 870/870/870 905/905/905 904/904/904
f 870/870/870 868/868/868 905/905/905
f 905/905/905 868/868/868 872/872/872
f 905/905/905 906/906/906 904/904/904
f 905/905/905 872/872/872 907/907/907
f 905/905/905 907/907/907 906/906/906
f 904/904/904 908/908/908 903/903/903
f 904/904/904 906/906/906 908/908/908
f 909/909/909 903/903/903 908/908/908
f 909/909/909 902/902/902 903/903/903
f 906/906/906 910/910/910 908/908/908
f 911/911/911 902/902/902 909/909/909
f 911/911/911 898/898/898 902/902/902
f 908/908/908 912/912/912 909/909/909
f 908/908/908 910/910/910 912/912/912
f 909/909/909 913/913/913 911/911/911
f 909/909/909 912/912/912 913/913/913
f 914/914/914 898/898/898 911/911/911
f 914/914/914 897/897/897 898/898/898
f 911/911/911 913/913/913 915/915/915
f 911/911/911 915/915/915 914/914/914
f 912/912/912 916/916/916 913/913/913
f 913/913/913 917/917/917 915/915/915
f 913/913/913 916/916/916 917/917/917
f 912/912/912 918/918/918 916/916/916
f 910/910/910 918/918/918 912/912/912
f 919/919/919 897/897/897 914/914/914
f 919/919/919 895/895/895 897/897/897
f 914/914/914 915/915/915 920/920/920
f 914/914/914 920/920/920 919/919/919
f 915/915/915 921/921/921 920/920/920
f 915/915/915 917/917/917 921/921/921
f 922/922/922 895/895/895 919/919/919
f 922/922/922 900/900/900 895/895/895
f 919/919/919 920/920/920 923/923/923
f 919/919/919 923/923/923 922/922/922
f 920/920/920 924/924/924 923/923/923
f 920/920/920 921/921/921 924/924/924
f 922/922/922 923/923/923 925/925/925
f 926/926/926 900/900/900 922/922/922
f 922/922/922 925/925/925 926/926/926
f 923/923/923 927/927/927 925/925/925
f 923/923/923 924/924/924 927/927/927
f 926/926/926 928/928/928 900/900/900
f 928/928/928 890/890/890 900/900/900
f 926/926/926 925/925/925 929/929/929
f 928/928/928 930/930/930 890/890/890
f 888/888/888 890/890/890 930/930/930
f 931/931/931 928/928/928 926/926/926
f 926/926/926 929/929/929 931/931/931
f 932/932/932 930/930/930 928/928/928
f 931/931/931 932/932/932 928/928/928
f 888/888/888 930/930/930 933/933/933
f 829/829/829 888/888/888 933/933/933
f 932/932/932 934/934/934 930/930/930
f 933/933/933 930/930/930 934/934/934
f 829/829/829 933/933/933 935/935/935
f 829/829/829 935/935/935 827/827/827
f 935/935/935 826/826/826 827/827/827
f 935/935/935 933/933/933 936/936/936
f 933/933/933 934/934/934 936/936/936
f 935/935/935 937/937/937 826/826/826
f 935/935/935 936/936/936 937/937/937
f 937/937/937 830/830/830 826/826/826
f 938/938/938 937/937/937 936/936/936
f 937/937/937 938/938/938 830/830/830
f 936/936/936 934/934/934 939/939/939
f 938/938/938 936/936/936 940/940/940
f 936/936/936 939/939/939 940/940/940
f 938/938/938 941/941/941 830/830/830
f 830/830/830 941/941/941 798/798/798
f 942/942/942 938/938/938 940/940/940
f 938/938/938 942/942/942 941/941/941
f 943/943/943 939/939/939 934/934/934
f 943/943/943 934/934/934 932/932/932
f 941/941/941 944/944/944 798/798/798
f 786/786/786 798/798/798 944/944/944
f 781/781/781 786/786/786 944/944/944
f 941/941/941 945/945/945 944/944/944
f 942/942/942 945/945/945 941/941/941
f 781/781/781 944/944/944 946/946/946
f 945/945/945 946/946/946 944/944/944
f 777/777/777 781/781/781 946/946/946
f 777/777/777 946/946/946 947/947/947
f 772/772/772 777/777/777 947/947/947
f 945/945/945 948/948/948 946/946/946
f 948/948/948 947/947/947 946/946/946
f 772/772/772 947/947/947 949/949/949
f 773/773/773 772/772/772 949/949/949
f 773/773/773 949/949/949 950/950/950
f 951/951/951 949/949/949 947/947/947
f 948/948/948 951/951/951 947/947/947
f 952/952/952 950/950/950 949/949/949
f 951/951/951 952/952/952 949/949/949
f 952/952/952 953/953/953 950/950/950
f 954/954/954 953/953/953 952/952/952
f 954/954/954 955/955/955 953/953/953
f 956/956/956 952/952/952 951/951/951
f 956/956/956 954/954/954 952/952/952
f 957/957/957 951/951/951 948/948/948
f 957/957/957 956/956/956 951/951/951
f 958/958/958 948/948/948 945/945/945
f 958/958/958 957/957/957 948/948/948
f 942/942/942 958/958/958 945/945/945
f 955/955/955 954/954/954 959/959/959
f 955/955/955 959/959/959 960/960/960
f 959/959/959 961/961/961 960/960/960
f 954/954/954 962/962/962 959/959/959
f 954/954/954 956/956/956 962/962/962
f 959/959/959 963/963/963 961/961/961
f 962/962/962 963/963/963 959/959/959
f 964/964/964 961/961/961 963/963/963
f 956/956/956 965/965/965 962/962/962
f 956/956/956 957/957/957 965/965/965
f 962/962/962 966/966/966 963/963/963
f 965/965/965 966/966/966 962/962/962
f 964/964/964 963/963/963 967/967/967
f 967/967/967 963/963/963 966/966/966
f 968/968/968 964/964/964 967/967/967
f 957/957/957 969/969/969 965/965/965
f 957/957/957 958/958/958 969/969/969
f 965/965/965 970/970/970 966/966/966
f 969/969/969 970/970/970 965/965/965
f 967/967/967 966/966/966 971/971/971
f 971/971/971 966/966/966 970/970/970
f 968/968/968 967/967/967 972/972/972
f 972/972/972 967/967/967 971/971/971
f 972/972/972 973/973/973 968/968/968
f 958/958/958 974/974/974 969/969/969
f 958/958/958 942/942/942 974/974/974
f 942/942/942 940/940/940 974/974/974
f 974/974/974 975/975/975 969/969/969
f 969/969/969 975/975/975 970/970/970
f 940/940/940 976/976/976 974/974/974
f 974/974/974 976/976/976 975/975/975
f 940/940/940 939/939/939 976/976/976
f 977/977/977 970/970/970 975/975/975
f 971/971/971 970/970/970 977/977/977
f 978/978/978 975/975/975 976/976/976
f 977/977/977 975/975/975 978/978/978
f 979/979/979 976/976/976 939/939/939
f 978/978/978 976/976/976 979/979/979
f 979/979/979 939/939/939 943/943/943
f 980/980/980 971/971/971 977/977/977
f 972/972/972 971/971/971 980/980/980
f 981/981/981 977/977/977 978/978/978
f 980/980/980 977/977/977 981/981/981
f 982/982/982 978/978/978 979/979/979
f 981/981/981 978/978/978 982/982/982
f 983/983/983 979/979/979 943/943/943
f 982/982/982 979/979/979 983/983/983
f 983/983/983 943/943/943 984/984/984
f 984/984/984 943/943/943 932/932/932
f 984/984/984 932/932/932 931/931/931
f 931/931/931 985/985/985 984/984/984
f 931/931/931 929/929/929 985/985/985
f 984/984/984 986/986/986 983/983/983
f 984/984/984 985/985/985 986/986/986
f 983/983/983 987/987/987 982/982/982
f 983/983/983 986/986/986 987/987/987
f 982/982/982 987/987/987 988/988/988
f 982/982/982 988/988/988 981/981/981
f 987/987/987 989/989/989 988/988/988
f 981/981/981 988/988/988 990/990/990
f 990/990/990 988/988/988 989/989/989
f 981/981/981 990/990/990 980/980/980
f 986/986/986 991/991/991 987/987/987
f 987/987/987 991/991/991 989/989/989
f 986/986/986 992/992/992 991/991/991
f 985/985/985 992/992/992 986/986/986
f 980/980/980 990/990/990 993/993/993
f 980/980/980 993/993/993 972/972/972
f 972/972/972 993/993/993 973/973/973
f 993/993/993 990/990/990 994/994/994
f 990/990/990 989/989/989 994/994/994
f 973/973/973 993/993/993 995/995/995
f 993/993/993 994/994/994 995/995/995
f 973/973/973 995/995/995 996/996/996
f 985/985/985 997/997/997 992/992/992
f 929/929/929 997/997/997 985/985/985
f 998/998/998 992/992/992 997/997/997
f 929/929/929 999/999/999 997/997/997
f 998/998/998 997/997/997 999/999/999
f 925/925/925 999/999/999 929/929/929
f 925/925/925 927/927/927 999/999/999
f 1000/1000/1000 999/999/999 927/927/927
f 998/998/998 999/999/999 1000/1000/1000
f 1000/1000/1000 927/927/927 1001/1001/1001
f 1001/1001/1001 927/927/927 924/924/924
f 1002/1002/1002 998/998/998 1000/1000/1000
f 1002/1002/1002 1000/1000/1000 1001/1001/1001
f 998/998/998 1003/1003/1003 992/992/992
f 1003/1003/1003 991/991/991 992/992/992
f 1002/1002/1002 1004/1004/1004 998/998/998
f 1004/1004/1004 1003/1003/1003 998/998/998
f 1001/1001/1001 924/924/924 1005/1005/1005
f 1005/1005/1005 924/924/924 921/921/921
f 1002/1002/1002 1001/1001/1001 1006/1006/1006
f 1006/1006/1006 1001/1001/1001 1005/1005/1005
f 1004/1004/1004 1002/1002/1002 1007/1007/1007
f 1006/1006/1006 1007/1007/1007 1002/1002/1002
f 1005/1005/1005 921/921/921 1008/1008/1008
f 1008/1008/1008 921/921/921 917/917/917
f 1006/1006/1006 1005/1005/1005 1009/1009/1009
f 1009/1009/1009 1005/1005/1005 1008/1008/1008
f 1009/1009/1009 1010/1010/1010 1006/1006/1006
f 1006/1006/1006 1010/1010/1010 1007/1007/1007
f 1009/1009/1009 1008/1008/1008 1011/1011/1011
f 1008/1008/1008 917/917/917 1012/1012/1012
f 1011/1011/1011 1008/1008/1008 1012/1012/1012
f 1011/1011/1011 1013/1013/1013 1009/1009/1009
f 1009/1009/1009 1013/1013/1013 1010/1010/1010
f 1011/1011/1011 1012/1012/1012 1014/1014/1014
f 1015/1015/1015 1012/1012/1012 917/917/917
f 1015/1015/1015 917/917/917 916/916/916
f 1016/1016/1016 1014/1014/1014 1012/1012/1012
f 1016/1016/1016 1012/1012/1012 1015/1015/1015
f 1015/1015/1015 916/916/916 918/918/918
f 1014/1014/1014 1017/1017/1017 1011/1011/1011
f 1011/1011/1011 1017/1017/1017 1013/1013/1013
f 1014/1014/1014 1018/1018/1018 1017/1017/1017
f 1016/1016/1016 1018/1018/1018 1014/1014/1014
f 1015/1015/1015 918/918/918 1019/1019/1019
f 1016/1016/1016 1015/1015/1015 1019/1019/1019
f 1020/1020/1020 1019/1019/1019 918/918/918
f 1016/1016/1016 1019/1019/1019 1021/1021/1021
f 1020/1020/1020 918/918/918 1022/1022/1022
f 910/910/910 1022/1022/1022 918/918/918
f 1023/1023/1023 1019/1019/1019 1020/1020/1020
f 1023/1023/1023 1021/1021/1021 1019/1019/1019
f 1021/1021/1021 1024/1024/1024 1016/1016/1016
f 1016/1016/1016 1024/1024/1024 1018/1018/1018
f 1025/1025/1025 1022/1022/1022 910/910/910
f 906/906/906 1025/1025/1025 910/910/910
f 907/907/907 1025/1025/1025 906/906/906
f 907/907/907 1026/1026/1026 1025/1025/1025
f 1026/1026/1026 907/907/907 872/872/872
f 1025/1025/1025 1027/1027/1027 1022/1022/1022
f 1026/1026/1026 1027/1027/1027 1025/1025/1025
f 1028/1028/1028 1022/1022/1022 1027/1027/1027
f 1028/1028/1028 1020/1020/1020 1022/1022/1022
f 1026/1026/1026 872/872/872 1029/1029/1029
f 872/872/872 873/873/873 1029/1029/1029
f 1029/1029/1029 873/873/873 1030/1030/1030
f 1031/1031/1031 1026/1026/1026 1029/1029/1029
f 1026/1026/1026 1031/1031/1031 1027/1027/1027
f 1029/1029/1029 1030/1030/1030 1032/1032/1032
f 1031/1031/1031 1029/1029/1029 1032/1032/1032
f 1032/1032/1032 1030/1030/1030 1033/1033/1033
f 1032/1032/1032 1033/1033/1033 1034/1034/1034
f 1031/1031/1031 1032/1032/1032 1034/1034/1034
f 1034/1034/1034 1033/1033/1033 1035/1035/1035
f 1036/1036/1036 1027/1027/1027 1031/1031/1031
f 1031/1031/1031 1034/1034/1034 1036/1036/1036
f 1036/1036/1036 1028/1028/1028 1027/1027/1027
f 1034/1034/1034 1035/1035/1035 1037/1037/1037
f 1036/1036/1036 1034/1034/1034 1037/1037/1037
f 1037/1037/1037 1035/1035/1035 1038/1038/1038
f 1039/1039/1039 1028/1028/1028 1036/1036/1036
f 1036/1036/1036 1037/1037/1037 1039/1039/1039
f 1037/1037/1037 1038/1038/1038 1040/1040/1040
f 1039/1039/1039 1037/1037/1037 1040/1040/1040
f 1040/1040/1040 1038/1038/1038 1041/1041/1041
f 1039/1039/1039 1042/1042/1042 1028/1028/1028
f 1042/1042/1042 1020/1020/1020 1028/1028/1028
f 1042/1042/1042 1023/1023/1023 1020/1020/1020
f 1043/1043/1043 1042/1042/1042 1039/1039/1039
f 1039/1039/1039 1040/1040/1040 1043/1043/1043
f 1044/1044/1044 1023/1023/1023 1042/1042/1042
f 1043/1043/1043 1044/1044/1044 1042/1042/1042
f 1040/1040/1040 1041/1041/1041 1045/1045/1045
f 1043/1043/1043 1040/1040/1040 1045/1045/1045
f 1045/1045/1045 1041/1041/1041 1046/1046/1046
f 1043/1043/1043 1045/1045/1045 1047/1047/1047
f 1047/1047/1047 1044/1044/1044 1043/1043/1043
f 1045/1045/1045 1046/1046/1046 1048/1048/1048
f 1047/1047/1047 1045/1045/1045 1048/1048/1048
f 1048/1048/1048 1046/1046/1046 1049/1049/1049
f 1048/1048/1048 1049/1049/1049 1050/1050/1050
f 1050/1050/1050 1049/1049/1049 1051/1051/1051
f 1047/1047/1047 1048/1048/1048 1052/1052/1052
f 1052/1052/1052 1048/1048/1048 1050/1050/1050
f 1047/1047/1047 1053/1053/1053 1044/1044/1044
f 1052/1052/1052 1053/1053/1053 1047/1047/1047
f 1044/1044/1044 1054/1054/1054 1023/1023/1023
f 1053/1053/1053 1054/1054/1054 1044/1044/1044
f 1021/1021/1021 1023/1023/1023 1054/1054/1054
f 1021/1021/1021 1054/1054/1054 1055/1055/1055
f 1021/1021/1021 1055/1055/1055 1024/1024/1024
f 1053/1053/1053 1056/1056/1056 1054/1054/1054
f 1055/1055/1055 1054/1054/1054 1056/1056/1056
f 1055/1055/1055 1057/1057/1057 1024/1024/1024
f 1018/1018/1018 1024/1024/1024 1057/1057/1057
f 1055/1055/1055 1056/1056/1056 1058/1058/1058
f 1055/1055/1055 1058/1058/1058 1057/1057/1057
f 1059/1059/1059 1056/1056/1056 1053/1053/1053
f 1052/1052/1052 1059/1059/1059 1053/1053/1053
f 1060/1060/1060 1058/1058/1058 1056/1056/1056
f 1059/1059/1059 1060/1060/1060 1056/1056/1056
f 1061/1061/1061 1057/1057/1057 1058/1058/1058
f 1060/1060/1060 1061/1061/1061 1058/1058/1058
f 1062/1062/1062 1059/1059/1059 1052/1052/1052
f 1052/1052/1052 1050/1050/1050 1062/1062/1062
f 1063/1063/1063 1060/1060/1060 1059/1059/1059
f 1062/1062/1062 1063/1063/1063 1059/1059/1059
f 1063/1063/1063 1064/1064/1064 1060/1060/1060
f 1064/1064/1064 1061/1061/1061 1060/1060/1060
f 1065/1065/1065 1063/1063/1063 1062/1062/1062
f 1062/1062/1062 1050/1050/1050 1066/1066/1066
f 1062/1062/1062 1066/1066/1066 1065/1065/1065
f 1050/1050/1050 1051/1051/1051 1066/1066/1066
f 1066/1066/1066 1051/1051/1051 1067/1067/1067
f 1066/1066/1066 1067/1067/1067 1068/1068/1068
f 1065/1065/1065 1066/1066/1066 1068/1068/1068
f 1068/1068/1068 1067/1067/1067 1069/1069/1069
f 1065/1065/1065 1070/1070/1070 1063/1063/1063
f 1070/1070/1070 1064/1064/1064 1063/1063/1063
f 1065/1065/1065 1068/1068/1068 1071/1071/1071
f 1065/1065/1065 1072/1072/1072 1070/1070/1070
f 1065/1065/1065 1071/1071/1071 1072/1072/1072
f 1068/1068/1068 1069/1069/1069 1073/1073/1073
f 1073/1073/1073 1069/1069/1069 1074/1074/1074
f 1075/1075/1075 1071/1071/1071 1068/1068/1068
f 1075/1075/1075 1068/1068/1068 1073/1073/1073
f 1071/1071/1071 1076/1076/1076 1072/1072/1072
f 1071/1071/1071 1075/1075/1075 1076/1076/1076
f 1073/1073/1073 1074/1074/1074 1077/1077/1077
f 1077/1077/1077 1074/1074/1074 1078/1078/1078
f 1079/1079/1079 1075/1075/1075 1073/1073/1073
f 1079/1079/1079 1073/1073/1073 1077/1077/1077
f 1075/1075/1075 1080/1080/1080 1076/1076/1076
f 1075/1075/1075 1079/1079/1079 1080/1080/1080
f 1077/1077/1077 1078/1078/1078 1081/1081/1081
f 1079/1079/1079 1077/1077/1077 1081/1081/1081
f 1081/1081/1081 1078/1078/1078 1082/1082/1082
f 1081/1081/1081 1082/1082/1082 1083/1083/1083
f 1079/1079/1079 1081/1081/1081 1084/1084/1084
f 1084/1084/1084 1081/1081/1081 1083/1083/1083
f 1084/1084/1084 1080/1080/1080 1079/1079/1079
f 1084/1084/1084 1083/1083/1083 1085/1085/1085
f 1085/1085/1085 1086/1086/1086 1084/1084/1084
f 1084/1084/1084 1086/1086/1086 1080/1080/1080
f 1085/1085/1085 1087/1087/1087 1086/1086/1086
f 1087/1087/1087 1088/1088/1088 1086/1086/1086
f 1087/1087/1087 1089/1089/1089 1088/1088/1088
f 1086/1086/1086 1090/1090/1090 1080/1080/1080
f 1086/1086/1086 1088/1088/1088 1090/1090/1090
f 1080/1080/1080 1090/1090/1090 1091/1091/1091
f 1080/1080/1080 1091/1091/1091 1076/1076/1076
f 1072/1072/1072 1076/1076/1076 1091/1091/1091
f 1092/1092/1092 1088/1088/1088 1089/1089/1089
f 1092/1092/1092 1089/1089/1089 1093/1093/1093
f 1092/1092/1092 1093/1093/1093 1094/1094/1094
f 1095/1095/1095 1088/1088/1088 1092/1092/1092
f 1095/1095/1095 1090/1090/1090 1088/1088/1088
f 1092/1092/1092 1094/1094/1094 1096/1096/1096
f 1095/1095/1095 1092/1092/1092 1096/1096/1096
f 1090/1090/1090 1095/1095/1095 1097/1097/1097
f 1090/1090/1090 1097/1097/1097 1091/1091/1091
f 1072/1072/1072 1091/1091/1091 1098/1098/1098
f 1097/1097/1097 1098/1098/1098 1091/1091/1091
f 1070/1070/1070 1072/1072/1072 1098/1098/1098
f 1099/1099/1099 1097/1097/1097 1095/1095/1095
f 1095/1095/1095 1096/1096/1096 1099/1099/1099
f 1070/1070/1070 1098/1098/1098 1100/1100/1100
f 1070/1070/1070 1100/1100/1100 1064/1064/1064
f 1097/1097/1097 1101/1101/1101 1098/1098/1098
f 1100/1100/1100 1098/1098/1098 1101/1101/1101
f 1102/1102/1102 1101/1101/1101 1097/1097/1097
f 1099/1099/1099 1102/1102/1102 1097/1097/1097
f 1100/1100/1100 1101/1101/1101 1103/1103/1103
f 1064/1064/1064 1100/1100/1100 1103/1103/1103
f 1102/1102/1102 1104/1104/1104 1101/1101/1101
f 1103/1103/1103 1101/1101/1101 1104/1104/1104
f 1099/1099/1099 1105/1105/1105 1102/1102/1102
f 1105/1105/1105 1104/1104/1104 1102/1102/1102
f 1064/1064/1064 1103/1103/1103 1106/1106/1106
f 1064/1064/1064 1106/1106/1106 1061/1061/1061
f 1103/1103/1103 1104/1104/1104 1107/1107/1107
f 1106/1106/1106 1103/1103/1103 1107/1107/1107
f 1107/1107/1107 1104/1104/1104 1108/1108/1108
f 1105/1105/1105 1108/1108/1108 1104/1104/1104
f 1106/1106/1106 1107/1107/1107 1109/1109/1109
f 1109/1109/1109 1061/1061/1061 1106/1106/1106
f 1107/1107/1107 1108/1108/1108 1110/1110/1110
f 1109/1109/1109 1107/1107/1107 1110/1110/1110
f 1109/1109/1109 1111/1111/1111 1061/1061/1061
f 1061/1061/1061 1111/1111/1111 1057/1057/1057
f 1109/1109/1109 1110/1110/1110 1112/1112/1112
f 1112/1112/1112 1111/1111/1111 1109/1109/1109
f 1110/1110/1110 1108/1108/1108 1113/1113/1113
f 1112/1112/1112 1110/1110/1110 1114/1114/1114
f 1110/1110/1110 1113/1113/1113 1114/1114/1114
f 1115/1115/1115 1113/1113/1113 1108/1108/1108
f 1115/1115/1115 1108/1108/1108 1105/1105/1105
f 1111/1111/1111 1116/1116/1116 1057/1057/1057
f 1018/1018/1018 1057/1057/1057 1116/1116/1116
f 1112/1112/1112 1117/1117/1117 1111/1111/1111
f 1111/1111/1111 1117/1117/1117 1116/1116/1116
f 1118/1118/1118 1117/1117/1117 1112/1112/1112
f 1112/1112/1112 1114/1114/1114 1118/1118/1118
f 1119/1119/1119 1116/1116/1116 1117/1117/1117
f 1118/1118/1118 1119/1119/1119 1117/1117/1117
f 1018/1018/1018 1116/1116/1116 1120/1120/1120
f 1119/1119/1119 1120/1120/1120 1116/1116/1116
f 1018/1018/1018 1120/1120/1120 1017/1017/1017
f 1121/1121/1121 1119/1119/1119 1118/1118/1118
f 1122/1122/1122 1120/1120/1120 1119/1119/1119
f 1121/1121/1121 1122/1122/1122 1119/1119/1119
f 1017/1017/1017 1120/1120/1120 1123/1123/1123
f 1122/1122/1122 1123/1123/1123 1120/1120/1120
f 1017/1017/1017 1123/1123/1123 1013/1013/1013
f 1118/1118/1118 1124/1124/1124 1121/1121/1121
f 1118/1118/1118 1114/1114/1114 1124/1124/1124
f 1125/1125/1125 1122/1122/1122 1121/1121/1121
f 1013/1013/1013 1123/1123/1123 1126/1126/1126
f 1013/1013/1013 1126/1126/1126 1010/1010/1010
f 1127/1127/1127 1123/1123/1123 1122/1122/1122
f 1127/1127/1127 1126/1126/1126 1123/1123/1123
f 1125/1125/1125 1127/1127/1127 1122/1122/1122
f 1010/1010/1010 1126/1126/1126 1128/1128/1128
f 1010/1010/1010 1128/1128/1128 1007/1007/1007
f 1129/1129/1129 1126/1126/1126 1127/1127/1127
f 1129/1129/1129 1128/1128/1128 1126/1126/1126
f 1130/1130/1130 1127/1127/1127 1125/1125/1125
f 1130/1130/1130 1129/1129/1129 1127/1127/1127
f 1007/1007/1007 1128/1128/1128 1131/1131/1131
f 1125/1125/1125 1132/1132/1132 1130/1130/1130
f 1121/1121/1121 1133/1133/1133 1125/1125/1125
f 1125/1125/1125 1133/1133/1133 1132/1132/1132
f 1121/1121/1121 1124/1124/1124 1133/1133/1133
f 1134/1134/1134 1128/1128/1128 1129/1129/1129
f 1134/1134/1134 1131/1131/1131 1128/1128/1128
f 1135/1135/1135 1129/1129/1129 1130/1130/1130
f 1135/1135/1135 1134/1134/1134 1129/1129/1129
f 1130/1130/1130 1136/1136/1136 1135/1135/1135
f 1130/1130/1130 1132/1132/1132 1136/1136/1136
f 1137/1137/1137 1134/1134/1134 1135/1135/1135
f 1135/1135/1135 1136/1136/1136 1138/1138/1138
f 1135/1135/1135 1138/1138/1138 1137/1137/1137
f 1137/1137/1137 1139/1139/1139 1134/1134/1134
f 1139/1139/1139 1131/1131/1131 1134/1134/1134
f 1137/1137/1137 1138/1138/1138 1140/1140/1140
f 1141/1141/1141 1139/1139/1139 1137/1137/1137
f 1137/1137/1137 1140/1140/1140 1141/1141/1141
f 1138/1138/1138 1142/1142/1142 1140/1140/1140
f 1136/1136/1136 1143/1143/1143 1138/1138/1138
f 1138/1138/1138 1143/1143/1143 1142/1142/1142
f 1136/1136/1136 1144/1144/1144 1143/1143/1143
f 1132/1132/1132 1144/1144/1144 1136/1136/1136
f 1145/1145/1145 1142/1142/1142 1143/1143/1143
f 1132/1132/1132 1146/1146/1146 1144/1144/1144
f 1133/1133/1133 1146/1146/1146 1132/1132/1132
f 1147/1147/1147 1143/1143/1143 1144/1144/1144
f 1145/1145/1145 1143/1143/1143 1147/1147/1147
f 1148/1148/1148 1144/1144/1144 1146/1146/1146
f 1147/1147/1147 1144/1144/1144 1148/1148/1148
f 1133/1133/1133 1149/1149/1149 1146/1146/1146
f 1124/1124/1124 1149/1149/1149 1133/1133/1133
f 1148/1148/1148 1146/1146/1146 1150/1150/1150
f 1150/1150/1150 1146/1146/1146 1149/1149/1149
f 1124/1124/1124 1151/1151/1151 1149/1149/1149
f 1114/1114/1114 1151/1151/1151 1124/1124/1124
f 1114/1114/1114 1113/1113/1113 1151/1151/1151
f 1152/1152/1152 1149/1149/1149 1151/1151/1151
f 1150/1150/1150 1149/1149/1149 1152/1152/1152
f 1153/1153/1153 1151/1151/1151 1113/1113/1113
f 1152/1152/1152 1151/1151/1151 1153/1153/1153
f 1153/1153/1153 1113/1113/1113 1115/1115/1115
f 1154/1154/1154 1150/1150/1150 1152/1152/1152
f 1155/1155/1155 1152/1152/1152 1153/1153/1153
f 1154/1154/1154 1152/1152/1152 1155/1155/1155
f 1156/1156/1156 1153/1153/1153 1115/1115/1115
f 1155/1155/1155 1153/1153/1153 1156/1156/1156
f 1157/1157/1157 1150/1150/1150 1154/1154/1154
f 1157/1157/1157 1148/1148/1148 1150/1150/1150
f 1155/1155/1155 1158/1158/1158 1154/1154/1154
f 1159/1159/1159 1148/1148/1148 1157/1157/1157
f 1159/1159/1159 1147/1147/1147 1148/1148/1148
f 1154/1154/1154 1160/1160/1160 1157/1157/1157
f 1159/1159/1159 1157/1157/1157 1160/1160/1160
f 1154/1154/1154 1158/1158/1158 1160/1160/1160
f 1161/1161/1161 1147/1147/1147 1159/1159/1159
f 1161/1161/1161 1145/1145/1145 1147/1147/1147
f 1159/1159/1159 1160/1160/1160 1162/1162/1162
f 1161/1161/1161 1159/1159/1159 1162/1162/1162
f 1158/1158/1158 1163/1163/1163 1160/1160/1160
f 1162/1162/1162 1160/1160/1160 1163/1163/1163
f 1158/1158/1158 1164/1164/1164 1163/1163/1163
f 1162/1162/1162 1163/1163/1163 1165/1165/1165
f 1166/1166/1166 1164/1164/1164 1158/1158/1158
f 1155/1155/1155 1166/1166/1166 1158/1158/1158
f 1166/1166/1166 1167/1167/1167 1164/1164/1164
f 1156/1156/1156 1166/1166/1166 1155/1155/1155
f 1168/1168/1168 1167/1167/1167 1166/1166/1166
f 1156/1156/1156 1168/1168/1168 1166/1166/1166
f 1168/1168/1168 1169/1169/1169 1167/1167/1167
f 1170/1170/1170 1162/1162/1162 1165/1165/1165
f 1161/1161/1161 1162/1162/1162 1170/1170/1170
f 1170/1170/1170 1165/1165/1165 1171/1171/1171
f 1172/1172/1172 1168/1168/1168 1156/1156/1156
f 1156/1156/1156 1115/1115/1115 1172/1172/1172
f 1172/1172/1172 1115/1115/1115 1105/1105/1105
f 1173/1173/1173 1169/1169/1169 1168/1168/1168
f 1172/1172/1172 1173/1173/1173 1168/1168/1168
f 1173/1173/1173 1174/1174/1174 1169/1169/1169
f 1172/1172/1172 1105/1105/1105 1175/1175/1175
f 1175/1175/1175 1173/1173/1173 1172/1172/1172
f 1099/1099/1099 1175/1175/1175 1105/1105/1105
f 1175/1175/1175 1099/1099/1099 1096/1096/1096
f 1175/1175/1175 1176/1176/1176 1173/1173/1173
f 1176/1176/1176 1174/1174/1174 1173/1173/1173
f 1175/1175/1175 1096/1096/1096 1176/1176/1176
f 1176/1176/1176 1177/1177/1177 1174/1174/1174
f 1176/1176/1176 1096/1096/1096 1094/1094/1094
f 1176/1176/1176 1094/1094/1094 1177/1177/1177
f 1178/1178/1178 1170/1170/1170 1171/1171/1171
f 1178/1178/1178 1171/1171/1171 1179/1179/1179
f 1180/1180/1180 1170/1170/1170 1178/1178/1178
f 1180/1180/1180 1161/1161/1161 1170/1170/1170
f 1181/1181/1181 1178/1178/1178 1179/1179/1179
f 1181/1181/1181 1179/1179/1179 1182/1182/1182
f 1183/1183/1183 1180/1180/1180 1178/1178/1178
f 1183/1183/1183 1178/1178/1178 1181/1181/1181
f 1161/1161/1161 1180/1180/1180 1184/1184/1184
f 1161/1161/1161 1184/1184/1184 1145/1145/1145
f 1184/1184/1184 1142/1142/1142 1145/1145/1145
f 1180/1180/1180 1185/1185/1185 1184/1184/1184
f 1180/1180/1180 1183/1183/1183 1185/1185/1185
f 1184/1184/1184 1186/1186/1186 1142/1142/1142
f 1140/1140/1140 1142/1142/1142 1186/1186/1186
f 1184/1184/1184 1187/1187/1187 1186/1186/1186
f 1184/1184/1184 1185/1185/1185 1187/1187/1187
f 1140/1140/1140 1186/1186/1186 1188/1188/1188
f 1188/1188/1188 1186/1186/1186 1187/1187/1187
f 1141/1141/1141 1140/1140/1140 1188/1188/1188
f 1185/1185/1185 1189/1189/1189 1187/1187/1187
f 1183/1183/1183 1190/1190/1190 1185/1185/1185
f 1185/1185/1185 1190/1190/1190 1189/1189/1189
f 1188/1188/1188 1187/1187/1187 1191/1191/1191
f 1191/1191/1191 1187/1187/1187 1189/1189/1189
f 1141/1141/1141 1188/1188/1188 1192/1192/1192
f 1192/1192/1192 1188/1188/1188 1191/1191/1191
f 1192/1192/1192 1193/1193/1193 1141/1141/1141
f 1141/1141/1141 1193/1193/1193 1139/1139/1139
f 1190/1190/1190 1194/1194/1194 1189/1189/1189
f 1190/1190/1190 1195/1195/1195 1194/1194/1194
f 1196/1196/1196 1189/1189/1189 1194/1194/1194
f 1191/1191/1191 1189/1189/1189 1196/1196/1196
f 1196/1196/1196 1194/1194/1194 1197/1197/1197
f 1198/1198/1198 1195/1195/1195 1190/1190/1190
f 1183/1183/1183 1198/1198/1198 1190/1190/1190
f 1198/1198/1198 1199/1199/1199 1195/1195/1195
f 1198/1198/1198 1183/1183/1183 1181/1181/1181
f 1199/1199/1199 1198/1198/1198 1200/1200/1200
f 1198/1198/1198 1181/1181/1181 1200/1200/1200
f 1200/1200/1200 1181/1181/1181 1182/1182/1182
f 1199/1199/1199 1200/1200/1200 1201/1201/1201
f 1200/1200/1200 1182/1182/1182 1202/1202/1202
f 1201/1201/1201 1200/1200/1200 1202/1202/1202
f 1201/1201/1201 1202/1202/1202 1203/1203/1203
f 1204/1204/1204 1196/1196/1196 1197/1197/1197
f 1204/1204/1204 1197/1197/1197 1205/1205/1205
f 1206/1206/1206 1196/1196/1196 1204/1204/1204
f 1206/1206/1206 1191/1191/1191 1196/1196/1196
f 1192/1192/1192 1191/1191/1191 1206/1206/1206
f 1205/1205/1205 1207/1207/1207 1204/1204/1204
f 1205/1205/1205 1208/1208/1208 1207/1207/1207
f 1204/1204/1204 1209/1209/1209 1206/1206/1206
f 1204/1204/1204 1207/1207/1207 1209/1209/1209
f 1206/1206/1206 1210/1210/1210 1192/1192/1192
f 1206/1206/1206 1209/1209/1209 1210/1210/1210
f 1192/1192/1192 1210/1210/1210 1193/1193/1193
f 1208/1208/1208 1211/1211/1211 1207/1207/1207
f 1208/1208/1208 1212/1212/1212 1211/1211/1211
f 1213/1213/1213 1211/1211/1211 1212/1212/1212
f 1207/1207/1207 1211/1211/1211 1214/1214/1214
f 1207/1207/1207 1214/1214/1214 1209/1209/1209
f 1213/1213/1213 1215/1215/1215 1211/1211/1211
f 1215/1215/1215 1214/1214/1214 1211/1211/1211
f 1216/1216/1216 1215/1215/1215 1213/1213/1213
f 1217/1217/1217 1209/1209/1209 1214/1214/1214
f 1217/1217/1217 1210/1210/1210 1209/1209/1209
f 1215/1215/1215 1218/1218/1218 1214/1214/1214
f 1218/1218/1218 1217/1217/1217 1214/1214/1214
f 1216/1216/1216 1219/1219/1219 1215/1215/1215
f 1219/1219/1219 1218/1218/1218 1215/1215/1215
f 1219/1219/1219 1216/1216/1216 1220/1220/1220
f 1210/1210/1210 1217/1217/1217 1221/1221/1221
f 1210/1210/1210 1221/1221/1221 1193/1193/1193
f 1218/1218/1218 1222/1222/1222 1217/1217/1217
f 1222/1222/1222 1221/1221/1221 1217/1217/1217
f 1219/1219/1219 1223/1223/1223 1218/1218/1218
f 1223/1223/1223 1222/1222/1222 1218/1218/1218
f 1219/1219/1219 1220/1220/1220 1224/1224/1224
f 1223/1223/1223 1219/1219/1219 1224/1224/1224
f 1224/1224/1224 1220/1220/1220 996/996/996
f 1224/1224/1224 996/996/996 995/995/995
f 1225/1225/1225 1224/1224/1224 995/995/995
f 1223/1223/1223 1224/1224/1224 1225/1225/1225
f 1225/1225/1225 995/995/995 994/994/994
f 1223/1223/1223 1226/1226/1226 1222/1222/1222
f 1226/1226/1226 1223/1223/1223 1225/1225/1225
f 1227/1227/1227 1225/1225/1225 994/994/994
f 1226/1226/1226 1225/1225/1225 1227/1227/1227
f 1227/1227/1227 994/994/994 989/989/989
f 1226/1226/1226 1228/1228/1228 1222/1222/1222
f 1222/1222/1222 1228/1228/1228 1221/1221/1221
f 1229/1229/1229 1226/1226/1226 1227/1227/1227
f 1226/1226/1226 1229/1229/1229 1228/1228/1228
f 1230/1230/1230 1227/1227/1227 989/989/989
f 1229/1229/1229 1227/1227/1227 1230/1230/1230
f 1230/1230/1230 989/989/989 991/991/991
f 1003/1003/1003 1230/1230/1230 991/991/991
f 1231/1231/1231 1230/1230/1230 1003/1003/1003
f 1231/1231/1231 1229/1229/1229 1230/1230/1230
f 1004/1004/1004 1231/1231/1231 1003/1003/1003
f 1229/1229/1229 1232/1232/1232 1228/1228/1228
f 1229/1229/1229 1231/1231/1231 1232/1232/1232
f 1231/1231/1231 1004/1004/1004 1233/1233/1233
f 1231/1231/1231 1233/1233/1233 1232/1232/1232
f 1004/1004/1004 1007/1007/1007 1233/1233/1233
f 1007/1007/1007 1131/1131/1131 1233/1233/1233
f 1232/1232/1232 1233/1233/1233 1131/1131/1131
f 1228/1228/1228 1232/1232/1232 1234/1234/1234
f 1232/1232/1232 1131/1131/1131 1234/1234/1234
f 1228/1228/1228 1234/1234/1234 1221/1221/1221
f 1139/1139/1139 1234/1234/1234 1131/1131/1131
f 1193/1193/1193 1221/1221/1221 1234/1234/1234
f 1193/1193/1193 1234/1234/1234 1139/1139/1139
f 1235/1235/1235 1236/1236/1236 1237/1237/1237
f 1235/1235/1235 1237/1237/1237 1238/1238/1238
f 1239/1239/1239 1236/1236/1236 1235/1235/1235
f 1239/1239/1239 1240/1240/1240 1236/1236/1236
f 1241/1241/1241 1240/1240/1240 1239/1239/1239
f 1241/1241/1241 1242/1242/1242 1240/1240/1240
f 1243/1243/1243 1244/1244/1244 1245/1245/1245
f 1246/1246/1246 1247/1247/1247 1248/1248/1248
f 1249/1249/1249 1250/1250/1250 1251/1251/1251
f 1249/1249/1249 1251/1251/1251 1252/1252/1252
f 1250/1250/1250 1253/1253/1253 1251/1251/1251
f 1254/1254/1254 1249/1249/1249 1255/1255/1255
f 1254/1254/1254 1256/1256/1256 1249/1249/1249
f 1256/1256/1256 1250/1250/1250 1249/1249/1249
f 1256/1256/1256 1254/1254/1254 1257/1257/1257
f 1250/1250/1250 1258/1258/1258 1253/1253/1253
f 1258/1258/1258 1259/1259/1259 1253/1253/1253
f 1256/1256/1256 1260/1260/1260 1250/1250/1250
f 1260/1260/1260 1258/1258/1258 1250/1250/1250
f 1256/1256/1256 1257/1257/1257 1261/1261/1261
f 1260/1260/1260 1256/1256/1256 1261/1261/1261
f 1262/1262/1262 1261/1261/1261 1257/1257/1257
f 1262/1262/1262 1257/1257/1257 1263/1263/1263
f 1260/1260/1260 1261/1261/1261 1264/1264/1264
f 1264/1264/1264 1261/1261/1261 1262/1262/1262
f 1260/1260/1260 1265/1265/1265 1258/1258/1258
f 1265/1265/1265 1260/1260/1260 1264/1264/1264
f 1258/1258/1258 1266/1266/1266 1259/1259/1259
f 1265/1265/1265 1266/1266/1266 1258/1258/1258
f 1266/1266/1266 1267/1267/1267 1259/1259/1259
f 1268/1268/1268 1262/1262/1262 1263/1263/1263
f 1268/1268/1268 1263/1263/1263 1269/1269/1269
f 1270/1270/1270 1268/1268/1268 1269/1269/1269
f 1270/1270/1270 1269/1269/1269 1271/1271/1271
f 1272/1272/1272 1262/1262/1262 1268/1268/1268
f 1270/1270/1270 1272/1272/1272 1268/1268/1268
f 1272/1272/1272 1273/1273/1273 1262/1262/1262
f 1264/1264/1264 1262/1262/1262 1273/1273/1273
f 1274/1274/1274 1270/1270/1270 1271/1271/1271
f 1274/1274/1274 1271/1271/1271 1275/1275/1275
f 1270/1270/1270 1276/1276/1276 1272/1272/1272
f 1274/1274/1274 1276/1276/1276 1270/1270/1270
f 1277/1277/1277 1272/1272/1272 1276/1276/1276
f 1273/1273/1273 1272/1272/1272 1277/1277/1277
f 1278/1278/1278 1274/1274/1274 1275/1275/1275
f 1278/1278/1278 1275/1275/1275 1279/1279/1279
f 1274/1274/1274 1280/1280/1280 1276/1276/1276
f 1278/1278/1278 1280/1280/1280 1274/1274/1274
f 1281/1281/1281 1276/1276/1276 1280/1280/1280
f 1277/1277/1277 1276/1276/1276 1281/1281/1281
f 1282/1282/1282 1278/1278/1278 1279/1279/1279
f 1282/1282/1282 1279/1279/1279 1283/1283/1283
f 1278/1278/1278 1284/1284/1284 1280/1280/1280
f 1282/1282/1282 1284/1284/1284 1278/1278/1278
f 1285/1285/1285 1280/1280/1280 1284/1284/1284
f 1281/1281/1281 1280/1280/1280 1285/1285/1285
f 1286/1286/1286 1282/1282/1282 1283/1283/1283
f 1286/1286/1286 1283/1283/1283 1287/1287/1287
f 1282/1282/1282 1288/1288/1288 1284/1284/1284
f 1286/1286/1286 1288/1288/1288 1282/1282/1282
f 1289/1289/1289 1284/1284/1284 1288/1288/1288
f 1285/1285/1285 1284/1284/1284 1289/1289/1289
f 1290/1290/1290 1286/1286/1286 1287/1287/1287
f 1290/1290/1290 1287/1287/1287 1291/1291/1291
f 1286/1286/1286 1292/1292/1292 1288/1288/1288
f 1290/1290/1290 1292/1292/1292 1286/1286/1286
f 1293/1293/1293 1290/1290/1290 1291/1291/1291
f 1294/1294/1294 1288/1288/1288 1292/1292/1292
f 1289/1289/1289 1288/1288/1288 1294/1294/1294
f 1293/1293/1293 1291/1291/1291 1295/1295/1295
f 1290/1290/1290 1296/1296/1296 1292/1292/1292
f 1293/1293/1293 1296/1296/1296 1290/1290/1290
f 1297/1297/1297 1292/1292/1292 1296/1296/1296
f 1294/1294/1294 1292/1292/1292 1297/1297/1297
f 1293/1293/1293 1298/1298/1298 1296/1296/1296
f 1299/1299/1299 1293/1293/1293 1295/1295/1295
f 1299/1299/1299 1295/1295/1295 1300/1300/1300
f 1301/1301/1301 1298/1298/1298 1293/1293/1293
f 1301/1301/1301 1293/1293/1293 1299/1299/1299
f 1302/1302/1302 1296/1296/1296 1298/1298/1298
f 1297/1297/1297 1296/1296/1296 1302/1302/1302
f 1303/1303/1303 1298/1298/1298 1301/1301/1301
f 1302/1302/1302 1298/1298/1298 1303/1303/1303
f 1304/1304/1304 1301/1301/1301 1299/1299/1299
f 1305/1305/1305 1299/1299/1299 1300/1300/1300
f 1304/1304/1304 1299/1299/1299 1305/1305/1305
f 1305/1305/1305 1300/1300/1300 1306/1306/1306
f 1307/1307/1307 1305/1305/1305 1306/1306/1306
f 1307/1307/1307 1306/1306/1306 1308/1308/1308
f 1309/1309/1309 1305/1305/1305 1307/1307/1307
f 1309/1309/1309 1304/1304/1304 1305/1305/1305
f 1310/1310/1310 1307/1307/1307 1308/1308/1308
f 1309/1309/1309 1307/1307/1307 1310/1310/1310
f 1310/1310/1310 1308/1308/1308 1311/1311/1311
f 1304/1304/1304 1309/1309/1309 1312/1312/1312
f 1313/1313/1313 1310/1310/1310 1311/1311/1311
f 1313/1313/1313 1311/1311/1311 1314/1314/1314
f 1315/1315/1315 1313/1313/1313 1314/1314/1314
f 1315/1315/1315 1314/1314/1314 1316/1316/1316
f 1317/1317/1317 1313/1313/1313 1315/1315/1315
f 1317/1317/1317 1318/1318/1318 1313/1313/1313
f 1318/1318/1318 1310/1310/1310 1313/1313/1313
f 1318/1318/1318 1317/1317/1317 1319/1319/1319
f 1318/1318/1318 1320/1320/1320 1310/1310/1310
f 1309/1309/1309 1310/1310/1310 1320/1320/1320
f 1318/1318/1318 1319/1319/1319 1321/1321/1321
f 1320/1320/1320 1318/1318/1318 1321/1321/1321
f 1309/1309/1309 1320/1320/1320 1322/1322/1322
f 1320/1320/1320 1321/1321/1321 1322/1322/1322
f 1309/1309/1309 1322/1322/1322 1312/1312/1312
f 1319/1319/1319 1323/1323/1323 1321/1321/1321
f 1322/1322/1322 1321/1321/1321 1323/1323/1323
f 1319/1319/1319 1324/1324/1324 1323/1323/1323
f 1322/1322/1322 1323/1323/1323 1325/1325/1325
f 1312/1312/1312 1322/1322/1322 1325/1325/1325
f 1324/1324/1324 1326/1326/1326 1323/1323/1323
f 1324/1324/1324 1327/1327/1327 1326/1326/1326
f 1328/1328/1328 1325/1325/1325 1323/1323/1323
f 1328/1328/1328 1323/1323/1323 1326/1326/1326
f 1327/1327/1327 1329/1329/1329 1326/1326/1326
f 1327/1327/1327 1330/1330/1330 1329/1329/1329
f 1331/1331/1331 1328/1328/1328 1326/1326/1326
f 1331/1331/1331 1326/1326/1326 1329/1329/1329
f 1330/1330/1330 1332/1332/1332 1329/1329/1329
f 1330/1330/1330 1333/1333/1333 1332/1332/1332
f 1333/1333/1333 1334/1334/1334 1332/1332/1332
f 1333/1333/1333 1335/1335/1335 1334/1334/1334
f 1332/1332/1332 1334/1334/1334 1336/1336/1336
f 1329/1329/1329 1332/1332/1332 1337/1337/1337
f 1332/1332/1332 1336/1336/1336 1337/1337/1337
f 1329/1329/1329 1337/1337/1337 1331/1331/1331
f 1338/1338/1338 1337/1337/1337 1336/1336/1336
f 1339/1339/1339 1331/1331/1331 1337/1337/1337
f 1338/1338/1338 1339/1339/1339 1337/1337/1337
f 1339/1339/1339 1340/1340/1340 1331/1331/1331
f 1340/1340/1340 1328/1328/1328 1331/1331/1331
f 1341/1341/1341 1339/1339/1339 1338/1338/1338
f 1340/1340/1340 1342/1342/1342 1328/1328/1328
f 1342/1342/1342 1325/1325/1325 1328/1328/1328
f 1343/1343/1343 1340/1340/1340 1339/1339/1339
f 1341/1341/1341 1343/1343/1343 1339/1339/1339
f 1344/1344/1344 1341/1341/1341 1338/1338/1338
f 1343/1343/1343 1345/1345/1345 1340/1340/1340
f 1342/1342/1342 1340/1340/1340 1345/1345/1345
f 1346/1346/1346 1343/1343/1343 1341/1341/1341
f 1342/1342/1342 1347/1347/1347 1325/1325/1325
f 1312/1312/1312 1325/1325/1325 1347/1347/1347
f 1342/1342/1342 1345/1345/1345 1348/1348/1348
f 1347/1347/1347 1342/1342/1342 1348/1348/1348
f 1349/1349/1349 1345/1345/1345 1343/1343/1343
f 1346/1346/1346 1349/1349/1349 1343/1343/1343
f 1348/1348/1348 1345/1345/1345 1350/1350/1350
f 1349/1349/1349 1350/1350/1350 1345/1345/1345
f 1347/1347/1347 1348/1348/1348 1351/1351/1351
f 1351/1351/1351 1312/1312/1312 1347/1347/1347
f 1348/1348/1348 1350/1350/1350 1352/1352/1352
f 1351/1351/1351 1348/1348/1348 1352/1352/1352
f 1351/1351/1351 1353/1353/1353 1312/1312/1312
f 1304/1304/1304 1312/1312/1312 1353/1353/1353
f 1351/1351/1351 1352/1352/1352 1354/1354/1354
f 1354/1354/1354 1353/1353/1353 1351/1351/1351
f 1355/1355/1355 1304/1304/1304 1353/1353/1353
f 1354/1354/1354 1355/1355/1355 1353/1353/1353
f 1355/1355/1355 1301/1301/1301 1304/1304/1304
f 1303/1303/1303 1301/1301/1301 1355/1355/1355
f 1356/1356/1356 1355/1355/1355 1354/1354/1354
f 1356/1356/1356 1303/1303/1303 1355/1355/1355
f 1354/1354/1354 1352/1352/1352 1357/1357/1357
f 1354/1354/1354 1357/1357/1357 1356/1356/1356
f 1352/1352/1352 1358/1358/1358 1357/1357/1357
f 1352/1352/1352 1350/1350/1350 1358/1358/1358
f 1359/1359/1359 1303/1303/1303 1356/1356/1356
f 1359/1359/1359 1302/1302/1302 1303/1303/1303
f 1356/1356/1356 1357/1357/1357 1360/1360/1360
f 1356/1356/1356 1360/1360/1360 1359/1359/1359
f 1357/1357/1357 1361/1361/1361 1360/1360/1360
f 1357/1357/1357 1358/1358/1358 1361/1361/1361
f 1362/1362/1362 1302/1302/1302 1359/1359/1359
f 1362/1362/1362 1297/1297/1297 1302/1302/1302
f 1359/1359/1359 1360/1360/1360 1363/1363/1363
f 1359/1359/1359 1363/1363/1363 1362/1362/1362
f 1360/1360/1360 1364/1364/1364 1363/1363/1363
f 1360/1360/1360 1361/1361/1361 1364/1364/1364
f 1365/1365/1365 1297/1297/1297 1362/1362/1362
f 1365/1365/1365 1294/1294/1294 1297/1297/1297
f 1362/1362/1362 1363/1363/1363 1366/1366/1366
f 1362/1362/1362 1366/1366/1366 1365/1365/1365
f 1363/1363/1363 1367/1367/1367 1366/1366/1366
f 1363/1363/1363 1364/1364/1364 1367/1367/1367
f 1368/1368/1368 1294/1294/1294 1365/1365/1365
f 1368/1368/1368 1289/1289/1289 1294/1294/1294
f 1365/1365/1365 1366/1366/1366 1369/1369/1369
f 1365/1365/1365 1369/1369/1369 1368/1368/1368
f 1366/1366/1366 1370/1370/1370 1369/1369/1369
f 1366/1366/1366 1367/1367/1367 1370/1370/1370
f 1371/1371/1371 1289/1289/1289 1368/1368/1368
f 1371/1371/1371 1285/1285/1285 1289/1289/1289
f 1368/1368/1368 1369/1369/1369 1372/1372/1372
f 1368/1368/1368 1372/1372/1372 1371/1371/1371
f 1369/1369/1369 1373/1373/1373 1372/1372/1372
f 1369/1369/1369 1370/1370/1370 1373/1373/1373
f 1374/1374/1374 1285/1285/1285 1371/1371/1371
f 1374/1374/1374 1281/1281/1281 1285/1285/1285
f 1371/1371/1371 1372/1372/1372 1375/1375/1375
f 1371/1371/1371 1375/1375/1375 1374/1374/1374
f 1372/1372/1372 1376/1376/1376 1375/1375/1375
f 1372/1372/1372 1373/1373/1373 1376/1376/1376
f 1377/1377/1377 1281/1281/1281 1374/1374/1374
f 1377/1377/1377 1277/1277/1277 1281/1281/1281
f 1374/1374/1374 1375/1375/1375 1378/1378/1378
f 1374/1374/1374 1378/1378/1378 1377/1377/1377
f 1375/1375/1375 1379/1379/1379 1378/1378/1378
f 1375/1375/1375 1376/1376/1376 1379/1379/1379
f 1380/1380/1380 1277/1277/1277 1377/1377/1377
f 1273/1273/1273 1277/1277/1277 1380/1380/1380
f 1378/1378/1378 1381/1381/1381 1377/1377/1377
f 1380/1380/1380 1377/1377/1377 1381/1381/1381
f 1382/1382/1382 1273/1273/1273 1380/1380/1380
f 1382/1382/1382 1264/1264/1264 1273/1273/1273
f 1265/1265/1265 1264/1264/1264 1382/1382/1382
f 1383/1383/1383 1382/1382/1382 1380/1380/1380
f 1383/1383/1383 1380/1380/1380 1381/1381/1381
f 1384/1384/1384 1265/1265/1265 1382/1382/1382
f 1384/1384/1384 1382/1382/1382 1383/1383/1383
f 1265/1265/1265 1384/1384/1384 1266/1266/1266
f 1384/1384/1384 1385/1385/1385 1266/1266/1266
f 1266/1266/1266 1385/1385/1385 1267/1267/1267
f 1386/1386/1386 1384/1384/1384 1383/1383/1383
f 1384/1384/1384 1386/1386/1386 1385/1385/1385
f 1267/1267/1267 1385/1385/1385 1387/1387/1387
f 1386/1386/1386 1387/1387/1387 1385/1385/1385
f 1267/1267/1267 1387/1387/1387 1388/1388/1388
f 1386/1386/1386 1383/1383/1383 1389/1389/1389
f 1389/1389/1389 1383/1383/1383 1381/1381/1381
f 1386/1386/1386 1390/1390/1390 1387/1387/1387
f 1390/1390/1390 1386/1386/1386 1389/1389/1389
f 1388/1388/1388 1387/1387/1387 1391/1391/1391
f 1390/1390/1390 1391/1391/1391 1387/1387/1387
f 1388/1388/1388 1391/1391/1391 1392/1392/1392
f 1391/1391/1391 1393/1393/1393 1392/1392/1392
f 1389/1389/1389 1381/1381/1381 1394/1394/1394
f 1378/1378/1378 1394/1394/1394 1381/1381/1381
f 1379/1379/1379 1394/1394/1394 1378/1378/1378
f 1395/1395/1395 1389/1389/1389 1394/1394/1394
f 1390/1390/1390 1389/1389/1389 1395/1395/1395
f 1379/1379/1379 1396/1396/1396 1394/1394/1394
f 1395/1395/1395 1394/1394/1394 1396/1396/1396
f 1397/1397/1397 1390/1390/1390 1395/1395/1395
f 1390/1390/1390 1397/1397/1397 1391/1391/1391
f 1398/1398/1398 1395/1395/1395 1396/1396/1396
f 1397/1397/1397 1395/1395/1395 1398/1398/1398
f 1396/1396/1396 1379/1379/1379 1399/1399/1399
f 1399/1399/1399 1379/1379/1379 1376/1376/1376
f 1398/1398/1398 1396/1396/1396 1400/1400/1400
f 1396/1396/1396 1399/1399/1399 1400/1400/1400
f 1397/1397/1397 1401/1401/1401 1391/1391/1391
f 1391/1391/1391 1401/1401/1401 1393/1393/1393
f 1401/1401/1401 1402/1402/1402 1393/1393/1393
f 1397/1397/1397 1403/1403/1403 1401/1401/1401
f 1403/1403/1403 1397/1397/1397 1398/1398/1398
f 1401/1401/1401 1404/1404/1404 1402/1402/1402
f 1403/1403/1403 1404/1404/1404 1401/1401/1401
f 1404/1404/1404 1405/1405/1405 1402/1402/1402
f 1403/1403/1403 1398/1398/1398 1406/1406/1406
f 1406/1406/1406 1398/1398/1398 1400/1400/1400
f 1403/1403/1403 1407/1407/1407 1404/1404/1404
f 1407/1407/1407 1403/1403/1403 1406/1406/1406
f 1404/1404/1404 1408/1408/1408 1405/1405/1405
f 1407/1407/1407 1408/1408/1408 1404/1404/1404
f 1408/1408/1408 1409/1409/1409 1405/1405/1405
f 1408/1408/1408 1410/1410/1410 1409/1409/1409
f 1410/1410/1410 1411/1411/1411 1409/1409/1409
f 1407/1407/1407 1412/1412/1412 1408/1408/1408
f 1412/1412/1412 1410/1410/1410 1408/1408/1408
f 1412/1412/1412 1407/1407/1407 1413/1413/1413
f 1407/1407/1407 1406/1406/1406 1413/1413/1413
f 1412/1412/1412 1414/1414/1414 1410/1410/1410
f 1410/1410/1410 1415/1415/1415 1411/1411/1411
f 1414/1414/1414 1415/1415/1415 1410/1410/1410
f 1415/1415/1415 1416/1416/1416 1411/1411/1411
f 1414/1414/1414 1412/1412/1412 1417/1417/1417
f 1412/1412/1412 1413/1413/1413 1417/1417/1417
f 1414/1414/1414 1418/1418/1418 1415/1415/1415
f 1415/1415/1415 1419/1419/1419 1416/1416/1416
f 1418/1418/1418 1419/1419/1419 1415/1415/1415
f 1416/1416/1416 1419/1419/1419 1420/1420/1420
f 1416/1416/1416 1420/1420/1420 1421/1421/1421
f 1418/1418/1418 1422/1422/1422 1419/1419/1419
f 1422/1422/1422 1420/1420/1420 1419/1419/1419
f 1418/1418/1418 1414/1414/1414 1423/1423/1423
f 1414/1414/1414 1417/1417/1417 1423/1423/1423
f 1422/1422/1422 1418/1418/1418 1424/1424/1424
f 1418/1418/1418 1423/1423/1423 1424/1424/1424
f 1421/1421/1421 1420/1420/1420 1425/1425/1425
f 1421/1421/1421 1425/1425/1425 1426/1426/1426
f 1425/1425/1425 1427/1427/1427 1426/1426/1426
f 1423/1423/1423 1417/1417/1417 1428/1428/1428
f 1428/1428/1428 1417/1417/1417 1413/1413/1413
f 1424/1424/1424 1423/1423/1423 1429/1429/1429
f 1423/1423/1423 1428/1428/1428 1429/1429/1429
f 1425/1425/1425 1430/1430/1430 1427/1427/1427
f 1430/1430/1430 1431/1431/1431 1427/1427/1427
f 1432/1432/1432 1425/1425/1425 1420/1420/1420
f 1422/1422/1422 1432/1432/1432 1420/1420/1420
f 1433/1433/1433 1430/1430/1430 1425/1425/1425
f 1432/1432/1432 1433/1433/1433 1425/1425/1425
f 1430/1430/1430 1434/1434/1434 1431/1431/1431
f 1434/1434/1434 1435/1435/1435 1431/1431/1431
f 1433/1433/1433 1436/1436/1436 1430/1430/1430
f 1436/1436/1436 1434/1434/1434 1430/1430/1430
f 1434/1434/1434 1437/1437/1437 1435/1435/1435
f 1437/1437/1437 1438/1438/1438 1435/1435/1435
f 1436/1436/1436 1439/1439/1439 1434/1434/1434
f 1439/1439/1439 1437/1437/1437 1434/1434/1434
f 1436/1436/1436 1433/1433/1433 1440/1440/1440
f 1439/1439/1439 1436/1436/1436 1441/1441/1441
f 1436/1436/1436 1440/1440/1440 1441/1441/1441
f 1433/1433/1433 1442/1442/1442 1440/1440/1440
f 1433/1433/1433 1432/1432/1432 1442/1442/1442
f 1441/1441/1441 1440/1440/1440 1443/1443/1443
f 1432/1432/1432 1422/1422/1422 1444/1444/1444
f 1432/1432/1432 1444/1444/1444 1442/1442/1442
f 1422/1422/1422 1424/1424/1424 1444/1444/1444
f 1440/1440/1440 1442/1442/1442 1445/1445/1445
f 1440/1440/1440 1445/1445/1445 1443/1443/1443
f 1442/1442/1442 1444/1444/1444 1446/1446/1446
f 1442/1442/1442 1446/1446/1446 1445/1445/1445
f 1444/1444/1444 1424/1424/1424 1447/1447/1447
f 1444/1444/1444 1447/1447/1447 1446/1446/1446
f 1424/1424/1424 1429/1429/1429 1447/1447/1447
f 1447/1447/1447 1429/1429/1429 1448/1448/1448
f 1428/1428/1428 1448/1448/1448 1429/1429/1429
f 1449/1449/1449 1446/1446/1446 1447/1447/1447
f 1447/1447/1447 1448/1448/1448 1449/1449/1449
f 1450/1450/1450 1445/1445/1445 1446/1446/1446
f 1449/1449/1449 1450/1450/1450 1446/1446/1446
f 1450/1450/1450 1451/1451/1451 1445/1445/1445
f 1443/1443/1443 1445/1445/1445 1451/1451/1451
f 1452/1452/1452 1450/1450/1450 1449/1449/1449
f 1449/1449/1449 1448/1448/1448 1453/1453/1453
f 1449/1449/1449 1453/1453/1453 1452/1452/1452
f 1454/1454/1454 1451/1451/1451 1450/1450/1450
f 1452/1452/1452 1454/1454/1454 1450/1450/1450
f 1443/1443/1443 1451/1451/1451 1455/1455/1455
f 1452/1452/1452 1453/1453/1453 1456/1456/1456
f 1454/1454/1454 1457/1457/1457 1451/1451/1451
f 1455/1455/1455 1451/1451/1451 1457/1457/1457
f 1458/1458/1458 1454/1454/1454 1452/1452/1452
f 1452/1452/1452 1456/1456/1456 1458/1458/1458
f 1459/1459/1459 1457/1457/1457 1454/1454/1454
f 1458/1458/1458 1459/1459/1459 1454/1454/1454
f 1443/1443/1443 1455/1455/1455 1460/1460/1460
f 1455/1455/1455 1457/1457/1457 1461/1461/1461
f 1460/1460/1460 1455/1455/1455 1461/1461/1461
f 1459/1459/1459 1462/1462/1462 1457/1457/1457
f 1461/1461/1461 1457/1457/1457 1462/1462/1462
f 1463/1463/1463 1459/1459/1459 1458/1458/1458
f 1464/1464/1464 1462/1462/1462 1459/1459/1459
f 1463/1463/1463 1464/1464/1464 1459/1459/1459
f 1458/1458/1458 1465/1465/1465 1463/1463/1463
f 1458/1458/1458 1456/1456/1456 1465/1465/1465
f 1466/1466/1466 1464/1464/1464 1463/1463/1463
f 1461/1461/1461 1462/1462/1462 1467/1467/1467
f 1464/1464/1464 1468/1468/1468 1462/1462/1462
f 1467/1467/1467 1462/1462/1462 1468/1468/1468
f 1469/1469/1469 1461/1461/1461 1467/1467/1467
f 1460/1460/1460 1461/1461/1461 1469/1469/1469
f 1470/1470/1470 1468/1468/1468 1464/1464/1464
f 1466/1466/1466 1470/1470/1470 1464/1464/1464
f 1467/1467/1467 1468/1468/1468 1471/1471/1471
f 1463/1463/1463 1472/1472/1472 1466/1466/1466
f 1463/1463/1463 1465/1465/1465 1472/1472/1472
f 1470/1470/1470 1473/1473/1473 1468/1468/1468
f 1471/1471/1471 1468/1468/1468 1473/1473/1473
f 1474/1474/1474 1467/1467/1467 1471/1471/1471
f 1469/1469/1469 1467/1467/1467 1474/1474/1474
f 1471/1471/1471 1473/1473/1473 1475/1475/1475
f 1474/1474/1474 1471/1471/1471 1476/1476/1476
f 1476/1476/1476 1471/1471/1471 1475/1475/1475
f 1477/1477/1477 1469/1469/1469 1474/1474/1474
f 1478/1478/1478 1474/1474/1474 1476/1476/1476
f 1478/1478/1478 1477/1477/1477 1474/1474/1474
f 1477/1477/1477 1479/1479/1479 1469/1469/1469
f 1479/1479/1479 1460/1460/1460 1469/1469/1469
f 1480/1480/1480 1477/1477/1477 1478/1478/1478
f 1481/1481/1481 1479/1479/1479 1477/1477/1477
f 1480/1480/1480 1481/1481/1481 1477/1477/1477
f 1479/1479/1479 1482/1482/1482 1460/1460/1460
f 1481/1481/1481 1483/1483/1483 1479/1479/1479
f 1483/1483/1483 1482/1482/1482 1479/1479/1479
f 1483/1483/1483 1481/1481/1481 1484/1484/1484
f 1482/1482/1482 1485/1485/1485 1460/1460/1460
f 1443/1443/1443 1460/1460/1460 1485/1485/1485
f 1441/1441/1441 1443/1443/1443 1485/1485/1485
f 1486/1486/1486 1441/1441/1441 1485/1485/1485
f 1439/1439/1439 1441/1441/1441 1486/1486/1486
f 1482/1482/1482 1487/1487/1487 1485/1485/1485
f 1486/1486/1486 1485/1485/1485 1487/1487/1487
f 1488/1488/1488 1439/1439/1439 1486/1486/1486
f 1439/1439/1439 1488/1488/1488 1437/1437/1437
f 1489/1489/1489 1486/1486/1486 1487/1487/1487
f 1488/1488/1488 1486/1486/1486 1489/1489/1489
f 1490/1490/1490 1487/1487/1487 1482/1482/1482
f 1483/1483/1483 1490/1490/1490 1482/1482/1482
f 1488/1488/1488 1491/1491/1491 1437/1437/1437
f 1437/1437/1437 1491/1491/1491 1438/1438/1438
f 1488/1488/1488 1492/1492/1492 1491/1491/1491
f 1492/1492/1492 1488/1488/1488 1489/1489/1489
f 1438/1438/1438 1491/1491/1491 1493/1493/1493
f 1492/1492/1492 1493/1493/1493 1491/1491/1491
f 1438/1438/1438 1493/1493/1493 1494/1494/1494
f 1493/1493/1493 1495/1495/1495 1494/1494/1494
f 1490/1490/1490 1483/1483/1483 1496/1496/1496
f 1493/1493/1493 1497/1497/1497 1495/1495/1495
f 1497/1497/1497 1498/1498/1498 1495/1495/1495
f 1483/1483/1483 1484/1484/1484 1496/1496/1496
f 1499/1499/1499 1497/1497/1497 1493/1493/1493
f 1492/1492/1492 1499/1499/1499 1493/1493/1493
f 1497/1497/1497 1500/1500/1500 1498/1498/1498
f 1500/1500/1500 1501/1501/1501 1498/1498/1498
f 1499/1499/1499 1502/1502/1502 1497/1497/1497
f 1502/1502/1502 1500/1500/1500 1497/1497/1497
f 1499/1499/1499 1492/1492/1492 1503/1503/1503
f 1492/1492/1492 1489/1489/1489 1503/1503/1503
f 1502/1502/1502 1499/1499/1499 1504/1504/1504
f 1499/1499/1499 1503/1503/1503 1504/1504/1504
f 1503/1503/1503 1489/1489/1489 1505/1505/1505
f 1489/1489/1489 1487/1487/1487 1505/1505/1505
f 1490/1490/1490 1505/1505/1505 1487/1487/1487
f 1503/1503/1503 1505/1505/1505 1506/1506/1506
f 1504/1504/1504 1503/1503/1503 1506/1506/1506
f 1505/1505/1505 1490/1490/1490 1507/1507/1507
f 1505/1505/1505 1507/1507/1507 1506/1506/1506
f 1490/1490/1490 1496/1496/1496 1507/1507/1507
f 1504/1504/1504 1506/1506/1506 1508/1508/1508
f 1508/1508/1508 1506/1506/1506 1507/1507/1507
f 1509/1509/1509 1504/1504/1504 1508/1508/1508
f 1502/1502/1502 1504/1504/1504 1509/1509/1509
f 1507/1507/1507 1496/1496/1496 1510/1510/1510
f 1508/1508/1508 1507/1507/1507 1511/1511/1511
f 1507/1507/1507 1510/1510/1510 1511/1511/1511
f 1510/1510/1510 1496/1496/1496 1484/1484/1484
f 1511/1511/1511 1512/1512/1512 1508/1508/1508
f 1509/1509/1509 1508/1508/1508 1512/1512/1512
f 1513/1513/1513 1511/1511/1511 1510/1510/1510
f 1514/1514/1514 1502/1502/1502 1509/1509/1509
f 1502/1502/1502 1514/1514/1514 1500/1500/1500
f 1514/1514/1514 1509/1509/1509 1515/1515/1515
f 1515/1515/1515 1509/1509/1509 1512/1512/1512
f 1511/1511/1511 1516/1516/1516 1512/1512/1512
f 1513/1513/1513 1516/1516/1516 1511/1511/1511
f 1517/1517/1517 1512/1512/1512 1516/1516/1516
f 1513/1513/1513 1517/1517/1517 1516/1516/1516
f 1517/1517/1517 1518/1518/1518 1512/1512/1512
f 1515/1515/1515 1512/1512/1512 1518/1518/1518
f 1513/1513/1513 1519/1519/1519 1517/1517/1517
f 1518/1518/1518 1517/1517/1517 1520/1520/1520
f 1520/1520/1520 1517/1517/1517 1519/1519/1519
f 1521/1521/1521 1513/1513/1513 1510/1510/1510
f 1510/1510/1510 1484/1484/1484 1521/1521/1521
f 1521/1521/1521 1522/1522/1522 1513/1513/1513
f 1522/1522/1522 1519/1519/1519 1513/1513/1513
f 1484/1484/1484 1523/1523/1523 1521/1521/1521
f 1523/1523/1523 1522/1522/1522 1521/1521/1521
f 1484/1484/1484 1524/1524/1524 1523/1523/1523
f 1481/1481/1481 1524/1524/1524 1484/1484/1484
f 1481/1481/1481 1480/1480/1480 1524/1524/1524
f 1524/1524/1524 1525/1525/1525 1523/1523/1523
f 1480/1480/1480 1526/1526/1526 1524/1524/1524
f 1524/1524/1524 1526/1526/1526 1525/1525/1525
f 1523/1523/1523 1527/1527/1527 1522/1522/1522
f 1525/1525/1525 1527/1527/1527 1523/1523/1523
f 1527/1527/1527 1528/1528/1528 1522/1522/1522
f 1522/1522/1522 1528/1528/1528 1519/1519/1519
f 1480/1480/1480 1529/1529/1529 1526/1526/1526
f 1529/1529/1529 1480/1480/1480 1478/1478/1478
f 1526/1526/1526 1530/1530/1530 1525/1525/1525
f 1529/1529/1529 1531/1531/1531 1526/1526/1526
f 1526/1526/1526 1531/1531/1531 1530/1530/1530
f 1529/1529/1529 1478/1478/1478 1532/1532/1532
f 1532/1532/1532 1478/1478/1478 1476/1476/1476
f 1529/1529/1529 1533/1533/1533 1531/1531/1531
f 1533/1533/1533 1529/1529/1529 1532/1532/1532
f 1530/1530/1530 1534/1534/1534 1525/1525/1525
f 1525/1525/1525 1534/1534/1534 1527/1527/1527
f 1532/1532/1532 1476/1476/1476 1535/1535/1535
f 1476/1476/1476 1475/1475/1475 1535/1535/1535
f 1533/1533/1533 1532/1532/1532 1536/1536/1536
f 1536/1536/1536 1532/1532/1532 1535/1535/1535
f 1534/1534/1534 1537/1537/1537 1527/1527/1527
f 1527/1527/1527 1537/1537/1537 1528/1528/1528
f 1534/1534/1534 1538/1538/1538 1537/1537/1537
f 1530/1530/1530 1539/1539/1539 1534/1534/1534
f 1539/1539/1539 1538/1538/1538 1534/1534/1534
f 1540/1540/1540 1539/1539/1539 1530/1530/1530
f 1531/1531/1531 1540/1540/1540 1530/1530/1530
f 1539/1539/1539 1541/1541/1541 1538/1538/1538
f 1531/1531/1531 1542/1542/1542 1540/1540/1540
f 1533/1533/1533 1542/1542/1542 1531/1531/1531
f 1540/1540/1540 1543/1543/1543 1539/1539/1539
f 1543/1543/1543 1541/1541/1541 1539/1539/1539
f 1542/1542/1542 1544/1544/1544 1540/1540/1540
f 1544/1544/1544 1543/1543/1543 1540/1540/1540
f 1533/1533/1533 1545/1545/1545 1542/1542/1542
f 1545/1545/1545 1533/1533/1533 1536/1536/1536
f 1542/1542/1542 1546/1546/1546 1544/1544/1544
f 1545/1545/1545 1546/1546/1546 1542/1542/1542
f 1544/1544/1544 1547/1547/1547 1543/1543/1543
f 1545/1545/1545 1536/1536/1536 1548/1548/1548
f 1546/1546/1546 1549/1549/1549 1544/1544/1544
f 1549/1549/1549 1547/1547/1547 1544/1544/1544
f 1545/1545/1545 1550/1550/1550 1546/1546/1546
f 1550/1550/1550 1545/1545/1545 1548/1548/1548
f 1546/1546/1546 1551/1551/1551 1549/1549/1549
f 1550/1550/1550 1551/1551/1551 1546/1546/1546
f 1547/1547/1547 1552/1552/1552 1543/1543/1543
f 1543/1543/1543 1552/1552/1552 1541/1541/1541
f 1549/1549/1549 1553/1553/1553 1547/1547/1547
f 1551/1551/1551 1554/1554/1554 1549/1549/1549
f 1554/1554/1554 1553/1553/1553 1549/1549/1549
f 1547/1547/1547 1555/1555/1555 1552/1552/1552
f 1553/1553/1553 1555/1555/1555 1547/1547/1547
f 1556/1556/1556 1541/1541/1541 1552/1552/1552
f 1557/1557/1557 1552/1552/1552 1555/1555/1555
f 1556/1556/1556 1552/1552/1552 1557/1557/1557
f 1558/1558/1558 1541/1541/1541 1556/1556/1556
f 1558/1558/1558 1538/1538/1538 1541/1541/1541
f 1559/1559/1559 1556/1556/1556 1557/1557/1557
f 1560/1560/1560 1538/1538/1538 1558/1558/1558
f 1560/1560/1560 1537/1537/1537 1538/1538/1538
f 1561/1561/1561 1558/1558/1558 1556/1556/1556
f 1561/1561/1561 1556/1556/1556 1559/1559/1559
f 1562/1562/1562 1560/1560/1560 1558/1558/1558
f 1562/1562/1562 1558/1558/1558 1561/1561/1561
f 1563/1563/1563 1537/1537/1537 1560/1560/1560
f 1563/1563/1563 1528/1528/1528 1537/1537/1537
f 1564/1564/1564 1560/1560/1560 1562/1562/1562
f 1564/1564/1564 1563/1563/1563 1560/1560/1560
f 1561/1561/1561 1565/1565/1565 1562/1562/1562
f 1562/1562/1562 1566/1566/1566 1564/1564/1564
f 1562/1562/1562 1565/1565/1565 1566/1566/1566
f 1567/1567/1567 1528/1528/1528 1563/1563/1563
f 1567/1567/1567 1519/1519/1519 1528/1528/1528
f 1520/1520/1520 1519/1519/1519 1567/1567/1567
f 1568/1568/1568 1567/1567/1567 1563/1563/1563
f 1568/1568/1568 1563/1563/1563 1564/1564/1564
f 1569/1569/1569 1520/1520/1520 1567/1567/1567
f 1569/1569/1569 1567/1567/1567 1568/1568/1568
f 1564/1564/1564 1570/1570/1570 1568/1568/1568
f 1564/1564/1564 1566/1566/1566 1570/1570/1570
f 1568/1568/1568 1571/1571/1571 1569/1569/1569
f 1568/1568/1568 1570/1570/1570 1571/1571/1571
f 1572/1572/1572 1520/1520/1520 1569/1569/1569
f 1566/1566/1566 1573/1573/1573 1570/1570/1570
f 1570/1570/1570 1574/1574/1574 1571/1571/1571
f 1570/1570/1570 1573/1573/1573 1574/1574/1574
f 1569/1569/1569 1571/1571/1571 1575/1575/1575
f 1569/1569/1569 1575/1575/1575 1572/1572/1572
f 1571/1571/1571 1574/1574/1574 1576/1576/1576
f 1571/1571/1571 1576/1576/1576 1575/1575/1575
f 1577/1577/1577 1574/1574/1574 1573/1573/1573
f 1576/1576/1576 1574/1574/1574 1577/1577/1577
f 1566/1566/1566 1578/1578/1578 1573/1573/1573
f 1565/1565/1565 1578/1578/1578 1566/1566/1566
f 1573/1573/1573 1578/1578/1578 1579/1579/1579
f 1565/1565/1565 1580/1580/1580 1578/1578/1578
f 1579/1579/1579 1578/1578/1578 1580/1580/1580
f 1573/1573/1573 1579/1579/1579 1581/1581/1581
f 1577/1577/1577 1573/1573/1573 1581/1581/1581
f 1581/1581/1581 1579/1579/1579 1582/1582/1582
f 1577/1577/1577 1581/1581/1581 1583/1583/1583
f 1581/1581/1581 1582/1582/1582 1583/1583/1583
f 1579/1579/1579 1580/1580/1580 1584/1584/1584
f 1582/1582/1582 1579/1579/1579 1584/1584/1584
f 1585/1585/1585 1580/1580/1580 1565/1565/1565
f 1584/1584/1584 1580/1580/1580 1585/1585/1585
f 1582/1582/1582 1584/1584/1584 1586/1586/1586
f 1585/1585/1585 1565/1565/1565 1587/1587/1587
f 1561/1561/1561 1587/1587/1587 1565/1565/1565
f 1559/1559/1559 1587/1587/1587 1561/1561/1561
f 1584/1584/1584 1585/1585/1585 1588/1588/1588
f 1586/1586/1586 1584/1584/1584 1588/1588/1588
f 1589/1589/1589 1585/1585/1585 1587/1587/1587
f 1559/1559/1559 1590/1590/1590 1587/1587/1587
f 1589/1589/1589 1587/1587/1587 1590/1590/1590
f 1585/1585/1585 1591/1591/1591 1588/1588/1588
f 1585/1585/1585 1589/1589/1589 1591/1591/1591
f 1586/1586/1586 1588/1588/1588 1592/1592/1592
f 1592/1592/1592 1588/1588/1588 1591/1591/1591
f 1592/1592/1592 1593/1593/1593 1586/1586/1586
f 1594/1594/1594 1589/1589/1589 1590/1590/1590
f 1589/1589/1589 1595/1595/1595 1591/1591/1591
f 1589/1589/1589 1594/1594/1594 1595/1595/1595
f 1592/1592/1592 1591/1591/1591 1596/1596/1596
f 1596/1596/1596 1591/1591/1591 1595/1595/1595
f 1596/1596/1596 1597/1597/1597 1592/1592/1592
f 1592/1592/1592 1597/1597/1597 1593/1593/1593
f 1594/1594/1594 1590/1590/1590 1598/1598/1598
f 1598/1598/1598 1590/1590/1590 1559/1559/1559
f 1594/1594/1594 1599/1599/1599 1595/1595/1595
f 1600/1600/1600 1594/1594/1594 1598/1598/1598
f 1594/1594/1594 1600/1600/1600 1599/1599/1599
f 1598/1598/1598 1559/1559/1559 1601/1601/1601
f 1559/1559/1559 1557/1557/1557 1601/1601/1601
f 1600/1600/1600 1598/1598/1598 1602/1602/1602
f 1602/1602/1602 1598/1598/1598 1601/1601/1601
f 1601/1601/1601 1557/1557/1557 1603/1603/1603
f 1557/1557/1557 1555/1555/1555 1603/1603/1603
f 1602/1602/1602 1601/1601/1601 1604/1604/1604
f 1601/1601/1601 1603/1603/1603 1604/1604/1604
f 1603/1603/1603 1555/1555/1555 1605/1605/1605
f 1553/1553/1553 1605/1605/1605 1555/1555/1555
f 1604/1604/1604 1603/1603/1603 1606/1606/1606
f 1603/1603/1603 1605/1605/1605 1606/1606/1606
f 1607/1607/1607 1605/1605/1605 1553/1553/1553
f 1554/1554/1554 1607/1607/1607 1553/1553/1553
f 1606/1606/1606 1605/1605/1605 1608/1608/1608
f 1607/1607/1607 1608/1608/1608 1605/1605/1605
f 1604/1604/1604 1606/1606/1606 1609/1609/1609
f 1610/1610/1610 1607/1607/1607 1554/1554/1554
f 1611/1611/1611 1602/1602/1602 1604/1604/1604
f 1611/1611/1611 1604/1604/1604 1609/1609/1609
f 1612/1612/1612 1602/1602/1602 1611/1611/1611
f 1612/1612/1612 1600/1600/1600 1602/1602/1602
f 1613/1613/1613 1608/1608/1608 1607/1607/1607
f 1610/1610/1610 1613/1613/1613 1607/1607/1607
f 1606/1606/1606 1608/1608/1608 1614/1614/1614
f 1609/1609/1609 1606/1606/1606 1614/1614/1614
f 1613/1613/1613 1615/1615/1615 1608/1608/1608
f 1614/1614/1614 1608/1608/1608 1615/1615/1615
f 1609/1609/1609 1614/1614/1614 1616/1616/1616
f 1614/1614/1614 1615/1615/1615 1617/1617/1617
f 1616/1616/1616 1614/1614/1614 1617/1617/1617
f 1618/1618/1618 1609/1609/1609 1616/1616/1616
f 1618/1618/1618 1611/1611/1611 1609/1609/1609
f 1619/1619/1619 1611/1611/1611 1618/1618/1618
f 1619/1619/1619 1612/1612/1612 1611/1611/1611
f 1620/1620/1620 1618/1618/1618 1616/1616/1616
f 1621/1621/1621 1619/1619/1619 1618/1618/1618
f 1621/1621/1621 1618/1618/1618 1620/1620/1620
f 1619/1619/1619 1621/1621/1621 1622/1622/1622
f 1612/1612/1612 1619/1619/1619 1623/1623/1623
f 1619/1619/1619 1622/1622/1622 1623/1623/1623
f 1612/1612/1612 1623/1623/1623 1624/1624/1624
f 1600/1600/1600 1612/1612/1612 1624/1624/1624
f 1600/1600/1600 1624/1624/1624 1599/1599/1599
f 1620/1620/1620 1616/1616/1616 1625/1625/1625
f 1616/1616/1616 1617/1617/1617 1625/1625/1625
f 1626/1626/1626 1620/1620/1620 1625/1625/1625
f 1627/1627/1627 1599/1599/1599 1624/1624/1624
f 1628/1628/1628 1624/1624/1624 1623/1623/1623
f 1627/1627/1627 1624/1624/1624 1628/1628/1628
f 1628/1628/1628 1623/1623/1623 1629/1629/1629
f 1629/1629/1629 1623/1623/1623 1622/1622/1622
f 1628/1628/1628 1630/1630/1630 1627/1627/1627
f 1629/1629/1629 1631/1631/1631 1628/1628/1628
f 1628/1628/1628 1631/1631/1631 1630/1630/1630
f 1629/1629/1629 1622/1622/1622 1632/1632/1632
f 1633/1633/1633 1599/1599/1599 1627/1627/1627
f 1633/1633/1633 1595/1595/1595 1599/1599/1599
f 1596/1596/1596 1595/1595/1595 1633/1633/1633
f 1627/1627/1627 1634/1634/1634 1633/1633/1633
f 1627/1627/1627 1630/1630/1630 1634/1634/1634
f 1633/1633/1633 1635/1635/1635 1596/1596/1596
f 1633/1633/1633 1634/1634/1634 1635/1635/1635
f 1596/1596/1596 1635/1635/1635 1597/1597/1597
f 1630/1630/1630 1636/1636/1636 1634/1634/1634
f 1634/1634/1634 1637/1637/1637 1635/1635/1635
f 1634/1634/1634 1636/1636/1636 1637/1637/1637
f 1635/1635/1635 1638/1638/1638 1597/1597/1597
f 1635/1635/1635 1637/1637/1637 1638/1638/1638
f 1597/1597/1597 1638/1638/1638 1639/1639/1639
f 1597/1597/1597 1639/1639/1639 1593/1593/1593
f 1640/1640/1640 1638/1638/1638 1637/1637/1637
f 1639/1639/1639 1638/1638/1638 1640/1640/1640
f 1641/1641/1641 1637/1637/1637 1636/1636/1636
f 1640/1640/1640 1637/1637/1637 1641/1641/1641
f 1630/1630/1630 1642/1642/1642 1636/1636/1636
f 1631/1631/1631 1642/1642/1642 1630/1630/1630
f 1641/1641/1641 1636/1636/1636 1643/1643/1643
f 1643/1643/1643 1636/1636/1636 1642/1642/1642
f 1640/1640/1640 1641/1641/1641 1644/1644/1644
f 1641/1641/1641 1643/1643/1643 1645/1645/1645
f 1641/1641/1641 1645/1645/1645 1644/1644/1644
f 1643/1643/1643 1642/1642/1642 1646/1646/1646
f 1631/1631/1631 1647/1647/1647 1642/1642/1642
f 1646/1646/1646 1642/1642/1642 1647/1647/1647
f 1643/1643/1643 1646/1646/1646 1648/1648/1648
f 1643/1643/1643 1648/1648/1648 1645/1645/1645
f 1649/1649/1649 1647/1647/1647 1631/1631/1631
f 1629/1629/1629 1649/1649/1649 1631/1631/1631
f 1632/1632/1632 1649/1649/1649 1629/1629/1629
f 1649/1649/1649 1650/1650/1650 1647/1647/1647
f 1632/1632/1632 1651/1651/1651 1649/1649/1649
f 1651/1651/1651 1650/1650/1650 1649/1649/1649
f 1651/1651/1651 1632/1632/1632 1652/1652/1652
f 1622/1622/1622 1652/1652/1652 1632/1632/1632
f 1651/1651/1651 1653/1653/1653 1650/1650/1650
f 1654/1654/1654 1647/1647/1647 1650/1650/1650
f 1646/1646/1646 1647/1647/1647 1654/1654/1654
f 1654/1654/1654 1650/1650/1650 1655/1655/1655
f 1655/1655/1655 1650/1650/1650 1653/1653/1653
f 1646/1646/1646 1654/1654/1654 1656/1656/1656
f 1646/1646/1646 1656/1656/1656 1648/1648/1648
f 1654/1654/1654 1655/1655/1655 1657/1657/1657
f 1654/1654/1654 1657/1657/1657 1656/1656/1656
f 1653/1653/1653 1651/1651/1651 1658/1658/1658
f 1651/1651/1651 1652/1652/1652 1658/1658/1658
f 1655/1655/1655 1653/1653/1653 1659/1659/1659
f 1655/1655/1655 1660/1660/1660 1657/1657/1657
f 1655/1655/1655 1659/1659/1659 1660/1660/1660
f 1659/1659/1659 1653/1653/1653 1661/1661/1661
f 1653/1653/1653 1658/1658/1658 1661/1661/1661
f 1659/1659/1659 1662/1662/1662 1660/1660/1660
f 1659/1659/1659 1661/1661/1661 1663/1663/1663
f 1659/1659/1659 1663/1663/1663 1662/1662/1662
f 1661/1661/1661 1658/1658/1658 1664/1664/1664
f 1665/1665/1665 1663/1663/1663 1661/1661/1661
f 1661/1661/1661 1664/1664/1664 1665/1665/1665
f 1658/1658/1658 1666/1666/1666 1664/1664/1664
f 1658/1658/1658 1652/1652/1652 1666/1666/1666
f 1667/1667/1667 1665/1665/1665 1664/1664/1664
f 1668/1668/1668 1667/1667/1667 1664/1664/1664
f 1668/1668/1668 1664/1664/1664 1666/1666/1666
f 1667/1667/1667 1669/1669/1669 1665/1665/1665
f 1670/1670/1670 1668/1668/1668 1666/1666/1666
f 1669/1669/1669 1671/1671/1671 1665/1665/1665
f 1665/1665/1665 1671/1671/1671 1663/1663/1663
f 1669/1669/1669 1672/1672/1672 1671/1671/1671
f 1671/1671/1671 1672/1672/1672 1673/1673/1673
f 1663/1663/1663 1671/1671/1671 1674/1674/1674
f 1671/1671/1671 1673/1673/1673 1674/1674/1674
f 1663/1663/1663 1674/1674/1674 1662/1662/1662
f 1675/1675/1675 1674/1674/1674 1673/1673/1673
f 1675/1675/1675 1676/1676/1676 1674/1674/1674
f 1676/1676/1676 1662/1662/1662 1674/1674/1674
f 1677/1677/1677 1676/1676/1676 1675/1675/1675
f 1676/1676/1676 1678/1678/1678 1662/1662/1662
f 1677/1677/1677 1679/1679/1679 1676/1676/1676
f 1679/1679/1679 1678/1678/1678 1676/1676/1676
f 1679/1679/1679 1677/1677/1677 1680/1680/1680
f 1678/1678/1678 1660/1660/1660 1662/1662/1662
f 1678/1678/1678 1681/1681/1681 1660/1660/1660
f 1681/1681/1681 1657/1657/1657 1660/1660/1660
f 1682/1682/1682 1681/1681/1681 1678/1678/1678
f 1681/1681/1681 1683/1683/1683 1657/1657/1657
f 1682/1682/1682 1683/1683/1683 1681/1681/1681
f 1683/1683/1683 1656/1656/1656 1657/1657/1657
f 1679/1679/1679 1684/1684/1684 1678/1678/1678
f 1682/1682/1682 1678/1678/1678 1684/1684/1684
f 1684/1684/1684 1679/1679/1679 1685/1685/1685
f 1679/1679/1679 1680/1680/1680 1685/1685/1685
f 1682/1682/1682 1684/1684/1684 1686/1686/1686
f 1684/1684/1684 1685/1685/1685 1686/1686/1686
f 1683/1683/1683 1687/1687/1687 1656/1656/1656
f 1687/1687/1687 1648/1648/1648 1656/1656/1656
f 1682/1682/1682 1688/1688/1688 1683/1683/1683
f 1688/1688/1688 1687/1687/1687 1683/1683/1683
f 1688/1688/1688 1682/1682/1682 1689/1689/1689
f 1682/1682/1682 1686/1686/1686 1689/1689/1689
f 1688/1688/1688 1690/1690/1690 1687/1687/1687
f 1687/1687/1687 1691/1691/1691 1648/1648/1648
f 1690/1690/1690 1691/1691/1691 1687/1687/1687
f 1691/1691/1691 1645/1645/1645 1648/1648/1648
f 1690/1690/1690 1688/1688/1688 1692/1692/1692
f 1688/1688/1688 1689/1689/1689 1692/1692/1692
f 1690/1690/1690 1693/1693/1693 1691/1691/1691
f 1691/1691/1691 1694/1694/1694 1645/1645/1645
f 1693/1693/1693 1694/1694/1694 1691/1691/1691
f 1694/1694/1694 1644/1644/1644 1645/1645/1645
f 1693/1693/1693 1690/1690/1690 1695/1695/1695
f 1690/1690/1690 1692/1692/1692 1695/1695/1695
f 1693/1693/1693 1696/1696/1696 1694/1694/1694
f 1694/1694/1694 1697/1697/1697 1644/1644/1644
f 1696/1696/1696 1697/1697/1697 1694/1694/1694
f 1696/1696/1696 1693/1693/1693 1698/1698/1698
f 1693/1693/1693 1695/1695/1695 1698/1698/1698
f 1696/1696/1696 1699/1699/1699 1697/1697/1697
f 1697/1697/1697 1700/1700/1700 1644/1644/1644
f 1640/1640/1640 1644/1644/1644 1700/1700/1700
f 1696/1696/1696 1698/1698/1698 1701/1701/1701
f 1699/1699/1699 1696/1696/1696 1701/1701/1701
f 1702/1702/1702 1701/1701/1701 1698/1698/1698
f 1699/1699/1699 1703/1703/1703 1697/1697/1697
f 1697/1697/1697 1703/1703/1703 1700/1700/1700
f 1699/1699/1699 1701/1701/1701 1704/1704/1704
f 1704/1704/1704 1701/1701/1701 1702/1702/1702
f 1699/1699/1699 1705/1705/1705 1703/1703/1703
f 1705/1705/1705 1699/1699/1699 1704/1704/1704
f 1703/1703/1703 1706/1706/1706 1700/1700/1700
f 1705/1705/1705 1707/1707/1707 1703/1703/1703
f 1703/1703/1703 1707/1707/1707 1706/1706/1706
f 1708/1708/1708 1700/1700/1700 1706/1706/1706
f 1708/1708/1708 1640/1640/1640 1700/1700/1700
f 1639/1639/1639 1640/1640/1640 1708/1708/1708
f 1709/1709/1709 1639/1639/1639 1708/1708/1708
f 1593/1593/1593 1639/1639/1639 1709/1709/1709
f 1710/1710/1710 1708/1708/1708 1706/1706/1706
f 1709/1709/1709 1708/1708/1708 1710/1710/1710
f 1593/1593/1593 1709/1709/1709 1711/1711/1711
f 1586/1586/1586 1593/1593/1593 1711/1711/1711
f 1586/1586/1586 1711/1711/1711 1582/1582/1582
f 1711/1711/1711 1709/1709/1709 1712/1712/1712
f 1712/1712/1712 1709/1709/1709 1710/1710/1710
f 1582/1582/1582 1711/1711/1711 1713/1713/1713
f 1711/1711/1711 1712/1712/1712 1713/1713/1713
f 1582/1582/1582 1713/1713/1713 1583/1583/1583
f 1710/1710/1710 1706/1706/1706 1714/1714/1714
f 1707/1707/1707 1714/1714/1714 1706/1706/1706
f 1712/1712/1712 1710/1710/1710 1715/1715/1715
f 1715/1715/1715 1710/1710/1710 1714/1714/1714
f 1713/1713/1713 1716/1716/1716 1583/1583/1583
f 1577/1577/1577 1583/1583/1583 1716/1716/1716
f 1712/1712/1712 1717/1717/1717 1713/1713/1713
f 1713/1713/1713 1717/1717/1717 1716/1716/1716
f 1718/1718/1718 1712/1712/1712 1715/1715/1715
f 1712/1712/1712 1718/1718/1718 1717/1717/1717
f 1719/1719/1719 1577/1577/1577 1716/1716/1716
f 1576/1576/1576 1577/1577/1577 1719/1719/1719
f 1717/1717/1717 1720/1720/1720 1716/1716/1716
f 1719/1719/1719 1716/1716/1716 1720/1720/1720
f 1718/1718/1718 1721/1721/1721 1717/1717/1717
f 1717/1717/1717 1721/1721/1721 1720/1720/1720
f 1718/1718/1718 1715/1715/1715 1722/1722/1722
f 1718/1718/1718 1723/1723/1723 1721/1721/1721
f 1723/1723/1723 1718/1718/1718 1722/1722/1722
f 1722/1722/1722 1715/1715/1715 1724/1724/1724
f 1715/1715/1715 1714/1714/1714 1724/1724/1724
f 1723/1723/1723 1722/1722/1722 1725/1725/1725
f 1726/1726/1726 1724/1724/1724 1714/1714/1714
f 1707/1707/1707 1726/1726/1726 1714/1714/1714
f 1722/1722/1722 1724/1724/1724 1727/1727/1727
f 1725/1725/1725 1722/1722/1722 1727/1727/1727
f 1726/1726/1726 1728/1728/1728 1724/1724/1724
f 1728/1728/1728 1727/1727/1727 1724/1724/1724
f 1729/1729/1729 1726/1726/1726 1707/1707/1707
f 1705/1705/1705 1729/1729/1729 1707/1707/1707
f 1730/1730/1730 1728/1728/1728 1726/1726/1726
f 1729/1729/1729 1730/1730/1730 1726/1726/1726
f 1729/1729/1729 1705/1705/1705 1731/1731/1731
f 1705/1705/1705 1704/1704/1704 1731/1731/1731
f 1730/1730/1730 1729/1729/1729 1732/1732/1732
f 1729/1729/1729 1731/1731/1731 1732/1732/1732
f 1731/1731/1731 1704/1704/1704 1733/1733/1733
f 1704/1704/1704 1702/1702/1702 1733/1733/1733
f 1732/1732/1732 1731/1731/1731 1734/1734/1734
f 1731/1731/1731 1733/1733/1733 1734/1734/1734
f 1702/1702/1702 1735/1735/1735 1733/1733/1733
f 1735/1735/1735 1734/1734/1734 1733/1733/1733
f 1732/1732/1732 1734/1734/1734 1736/1736/1736
f 1730/1730/1730 1732/1732/1732 1737/1737/1737
f 1737/1737/1737 1732/1732/1732 1736/1736/1736
f 1738/1738/1738 1736/1736/1736 1734/1734/1734
f 1735/1735/1735 1738/1738/1738 1734/1734/1734
f 1737/1737/1737 1736/1736/1736 1739/1739/1739
f 1740/1740/1740 1730/1730/1730 1737/1737/1737
f 1730/1730/1730 1740/1740/1740 1728/1728/1728
f 1738/1738/1738 1741/1741/1741 1736/1736/1736
f 1741/1741/1741 1739/1739/1739 1736/1736/1736
f 1742/1742/1742 1741/1741/1741 1738/1738/1738
f 1735/1735/1735 1742/1742/1742 1738/1738/1738
f 1740/1740/1740 1743/1743/1743 1728/1728/1728
f 1728/1728/1728 1743/1743/1743 1727/1727/1727
f 1740/1740/1740 1737/1737/1737 1744/1744/1744
f 1744/1744/1744 1737/1737/1737 1739/1739/1739
f 1740/1740/1740 1745/1745/1745 1743/1743/1743
f 1745/1745/1745 1740/1740/1740 1744/1744/1744
f 1743/1743/1743 1746/1746/1746 1727/1727/1727
f 1725/1725/1725 1727/1727/1727 1746/1746/1746
f 1745/1745/1745 1747/1747/1747 1743/1743/1743
f 1743/1743/1743 1747/1747/1747 1746/1746/1746
f 1746/1746/1746 1748/1748/1748 1725/1725/1725
f 1748/1748/1748 1723/1723/1723 1725/1725/1725
f 1747/1747/1747 1749/1749/1749 1746/1746/1746
f 1746/1746/1746 1749/1749/1749 1748/1748/1748
f 1745/1745/1745 1750/1750/1750 1747/1747/1747
f 1745/1745/1745 1744/1744/1744 1751/1751/1751
f 1750/1750/1750 1745/1745/1745 1751/1751/1751
f 1747/1747/1747 1752/1752/1752 1749/1749/1749
f 1750/1750/1750 1752/1752/1752 1747/1747/1747
f 1748/1748/1748 1753/1753/1753 1723/1723/1723
f 1753/1753/1753 1721/1721/1721 1723/1723/1723
f 1754/1754/1754 1748/1748/1748 1749/1749/1749
f 1753/1753/1753 1755/1755/1755 1721/1721/1721
f 1755/1755/1755 1720/1720/1720 1721/1721/1721
f 1756/1756/1756 1753/1753/1753 1748/1748/1748
f 1754/1754/1754 1756/1756/1756 1748/1748/1748
f 1757/1757/1757 1755/1755/1755 1753/1753/1753
f 1756/1756/1756 1757/1757/1757 1753/1753/1753
f 1755/1755/1755 1758/1758/1758 1720/1720/1720
f 1758/1758/1758 1719/1719/1719 1720/1720/1720
f 1757/1757/1757 1759/1759/1759 1755/1755/1755
f 1759/1759/1759 1758/1758/1758 1755/1755/1755
f 1759/1759/1759 1757/1757/1757 1760/1760/1760
f 1758/1758/1758 1761/1761/1761 1719/1719/1719
f 1761/1761/1761 1576/1576/1576 1719/1719/1719
f 1759/1759/1759 1762/1762/1762 1758/1758/1758
f 1762/1762/1762 1761/1761/1761 1758/1758/1758
f 1762/1762/1762 1759/1759/1759 1763/1763/1763
f 1759/1759/1759 1760/1760/1760 1763/1763/1763
f 1762/1762/1762 1764/1764/1764 1761/1761/1761
f 1761/1761/1761 1765/1765/1765 1576/1576/1576
f 1764/1764/1764 1765/1765/1765 1761/1761/1761
f 1765/1765/1765 1575/1575/1575 1576/1576/1576
f 1764/1764/1764 1762/1762/1762 1766/1766/1766
f 1762/1762/1762 1763/1763/1763 1766/1766/1766
f 1766/1766/1766 1763/1763/1763 1767/1767/1767
f 1767/1767/1767 1763/1763/1763 1760/1760/1760
f 1766/1766/1766 1767/1767/1767 1768/1768/1768
f 1767/1767/1767 1760/1760/1760 1769/1769/1769
f 1760/1760/1760 1770/1770/1770 1769/1769/1769
f 1771/1771/1771 1766/1766/1766 1768/1768/1768
f 1764/1764/1764 1766/1766/1766 1771/1771/1771
f 1771/1771/1771 1768/1768/1768 1772/1772/1772
f 1760/1760/1760 1773/1773/1773 1770/1770/1770
f 1757/1757/1757 1773/1773/1773 1760/1760/1760
f 1773/1773/1773 1774/1774/1774 1770/1770/1770
f 1757/1757/1757 1756/1756/1756 1773/1773/1773
f 1773/1773/1773 1775/1775/1775 1774/1774/1774
f 1756/1756/1756 1775/1775/1775 1773/1773/1773
f 1775/1775/1775 1776/1776/1776 1774/1774/1774
f 1756/1756/1756 1754/1754/1754 1775/1775/1775
f 1775/1775/1775 1777/1777/1777 1776/1776/1776
f 1754/1754/1754 1777/1777/1777 1775/1775/1775
f 1777/1777/1777 1778/1778/1778 1776/1776/1776
f 1754/1754/1754 1779/1779/1779 1777/1777/1777
f 1779/1779/1779 1754/1754/1754 1749/1749/1749
f 1777/1777/1777 1780/1780/1780 1778/1778/1778
f 1779/1779/1779 1780/1780/1780 1777/1777/1777
f 1780/1780/1780 1781/1781/1781 1778/1778/1778
f 1779/1779/1779 1749/1749/1749 1752/1752/1752
f 1780/1780/1780 1782/1782/1782 1781/1781/1781
f 1779/1779/1779 1783/1783/1783 1780/1780/1780
f 1783/1783/1783 1779/1779/1779 1752/1752/1752
f 1783/1783/1783 1782/1782/1782 1780/1780/1780
f 1782/1782/1782 1784/1784/1784 1781/1781/1781
f 1783/1783/1783 1752/1752/1752 1785/1785/1785
f 1750/1750/1750 1785/1785/1785 1752/1752/1752
f 1783/1783/1783 1786/1786/1786 1782/1782/1782
f 1786/1786/1786 1783/1783/1783 1785/1785/1785
f 1782/1782/1782 1787/1787/1787 1784/1784/1784
f 1786/1786/1786 1787/1787/1787 1782/1782/1782
f 1787/1787/1787 1788/1788/1788 1784/1784/1784
f 1786/1786/1786 1785/1785/1785 1789/1789/1789
f 1789/1789/1789 1785/1785/1785 1750/1750/1750
f 1786/1786/1786 1790/1790/1790 1787/1787/1787
f 1790/1790/1790 1786/1786/1786 1789/1789/1789
f 1787/1787/1787 1791/1791/1791 1788/1788/1788
f 1790/1790/1790 1791/1791/1791 1787/1787/1787
f 1788/1788/1788 1791/1791/1791 1792/1792/1792
f 1788/1788/1788 1792/1792/1792 1793/1793/1793
f 1790/1790/1790 1794/1794/1794 1791/1791/1791
f 1794/1794/1794 1792/1792/1792 1791/1791/1791
f 1792/1792/1792 1795/1795/1795 1793/1793/1793
f 1794/1794/1794 1790/1790/1790 1796/1796/1796
f 1790/1790/1790 1789/1789/1789 1796/1796/1796
f 1794/1794/1794 1797/1797/1797 1792/1792/1792
f 1792/1792/1792 1798/1798/1798 1795/1795/1795
f 1797/1797/1797 1798/1798/1798 1792/1792/1792
f 1798/1798/1798 1799/1799/1799 1795/1795/1795
f 1796/1796/1796 1789/1789/1789 1800/1800/1800
f 1789/1789/1789 1750/1750/1750 1800/1800/1800
f 1750/1750/1750 1751/1751/1751 1800/1800/1800
f 1796/1796/1796 1800/1800/1800 1801/1801/1801
f 1801/1801/1801 1800/1800/1800 1751/1751/1751
f 1794/1794/1794 1796/1796/1796 1802/1802/1802
f 1802/1802/1802 1796/1796/1796 1801/1801/1801
f 1797/1797/1797 1794/1794/1794 1802/1802/1802
f 1798/1798/1798 1803/1803/1803 1799/1799/1799
f 1803/1803/1803 1804/1804/1804 1799/1799/1799
f 1797/1797/1797 1805/1805/1805 1798/1798/1798
f 1805/1805/1805 1803/1803/1803 1798/1798/1798
f 1797/1797/1797 1802/1802/1802 1806/1806/1806
f 1805/1805/1805 1797/1797/1797 1806/1806/1806
f 1806/1806/1806 1802/1802/1802 1807/1807/1807
f 1802/1802/1802 1801/1801/1801 1807/1807/1807
f 1805/1805/1805 1806/1806/1806 1808/1808/1808
f 1805/1805/1805 1809/1809/1809 1803/1803/1803
f 1809/1809/1809 1805/1805/1805 1808/1808/1808
f 1803/1803/1803 1810/1810/1810 1804/1804/1804
f 1809/1809/1809 1810/1810/1810 1803/1803/1803
f 1810/1810/1810 1811/1811/1811 1804/1804/1804
f 1806/1806/1806 1807/1807/1807 1812/1812/1812
f 1808/1808/1808 1806/1806/1806 1812/1812/1812
f 1810/1810/1810 1813/1813/1813 1811/1811/1811
f 1813/1813/1813 1814/1814/1814 1811/1811/1811
f 1809/1809/1809 1815/1815/1815 1810/1810/1810
f 1815/1815/1815 1813/1813/1813 1810/1810/1810
f 1809/1809/1809 1808/1808/1808 1816/1816/1816
f 1815/1815/1815 1809/1809/1809 1816/1816/1816
f 1813/1813/1813 1817/1817/1817 1814/1814/1814
f 1817/1817/1817 1818/1818/1818 1814/1814/1814
f 1815/1815/1815 1819/1819/1819 1813/1813/1813
f 1819/1819/1819 1817/1817/1817 1813/1813/1813
f 1815/1815/1815 1816/1816/1816 1820/1820/1820
f 1819/1819/1819 1815/1815/1815 1820/1820/1820
f 1817/1817/1817 1821/1821/1821 1818/1818/1818
f 1821/1821/1821 1822/1822/1822 1818/1818/1818
f 1819/1819/1819 1823/1823/1823 1817/1817/1817
f 1823/1823/1823 1821/1821/1821 1817/1817/1817
f 1819/1819/1819 1820/1820/1820 1824/1824/1824
f 1823/1823/1823 1819/1819/1819 1824/1824/1824
f 1825/1825/1825 1824/1824/1824 1820/1820/1820
f 1823/1823/1823 1824/1824/1824 1826/1826/1826
f 1826/1826/1826 1824/1824/1824 1825/1825/1825
f 1823/1823/1823 1827/1827/1827 1821/1821/1821
f 1827/1827/1827 1823/1823/1823 1826/1826/1826
f 1821/1821/1821 1828/1828/1828 1822/1822/1822
f 1827/1827/1827 1828/1828/1828 1821/1821/1821
f 1822/1822/1822 1828/1828/1828 1829/1829/1829
f 1822/1822/1822 1829/1829/1829 1830/1830/1830
f 1827/1827/1827 1831/1831/1831 1828/1828/1828
f 1831/1831/1831 1829/1829/1829 1828/1828/1828
f 1827/1827/1827 1826/1826/1826 1832/1832/1832
f 1831/1831/1831 1827/1827/1827 1832/1832/1832
f 1830/1830/1830 1829/1829/1829 1833/1833/1833
f 1830/1830/1830 1833/1833/1833 1834/1834/1834
f 1831/1831/1831 1835/1835/1835 1829/1829/1829
f 1835/1835/1835 1833/1833/1833 1829/1829/1829
f 1833/1833/1833 1836/1836/1836 1834/1834/1834
f 1835/1835/1835 1831/1831/1831 1837/1837/1837
f 1831/1831/1831 1832/1832/1832 1837/1837/1837
f 1835/1835/1835 1838/1838/1838 1833/1833/1833
f 1833/1833/1833 1839/1839/1839 1836/1836/1836
f 1838/1838/1838 1839/1839/1839 1833/1833/1833
f 1839/1839/1839 1840/1840/1840 1836/1836/1836
f 1838/1838/1838 1835/1835/1835 1841/1841/1841
f 1835/1835/1835 1837/1837/1837 1841/1841/1841
f 1838/1838/1838 1842/1842/1842 1839/1839/1839
f 1839/1839/1839 1843/1843/1843 1840/1840/1840
f 1842/1842/1842 1843/1843/1843 1839/1839/1839
f 1843/1843/1843 1844/1844/1844 1840/1840/1840
f 1842/1842/1842 1838/1838/1838 1845/1845/1845
f 1838/1838/1838 1841/1841/1841 1845/1845/1845
f 1842/1842/1842 1846/1846/1846 1843/1843/1843
f 1843/1843/1843 1847/1847/1847 1844/1844/1844
f 1846/1846/1846 1847/1847/1847 1843/1843/1843
f 1847/1847/1847 1848/1848/1848 1844/1844/1844
f 1846/1846/1846 1842/1842/1842 1849/1849/1849
f 1842/1842/1842 1845/1845/1845 1849/1849/1849
f 1846/1846/1846 1850/1850/1850 1847/1847/1847
f 1847/1847/1847 1851/1851/1851 1848/1848/1848
f 1850/1850/1850 1851/1851/1851 1847/1847/1847
f 1851/1851/1851 1852/1852/1852 1848/1848/1848
f 1850/1850/1850 1846/1846/1846 1853/1853/1853
f 1846/1846/1846 1849/1849/1849 1853/1853/1853
f 1850/1850/1850 1854/1854/1854 1851/1851/1851
f 1851/1851/1851 1855/1855/1855 1852/1852/1852
f 1854/1854/1854 1855/1855/1855 1851/1851/1851
f 1855/1855/1855 1856/1856/1856 1852/1852/1852
f 1854/1854/1854 1850/1850/1850 1857/1857/1857
f 1850/1850/1850 1853/1853/1853 1857/1857/1857
f 1854/1854/1854 1858/1858/1858 1855/1855/1855
f 1855/1855/1855 1859/1859/1859 1856/1856/1856
f 1858/1858/1858 1859/1859/1859 1855/1855/1855
f 1859/1859/1859 1860/1860/1860 1856/1856/1856
f 1858/1858/1858 1854/1854/1854 1861/1861/1861
f 1854/1854/1854 1857/1857/1857 1861/1861/1861
f 1858/1858/1858 1862/1862/1862 1859/1859/1859
f 1859/1859/1859 1863/1863/1863 1860/1860/1860
f 1862/1862/1862 1863/1863/1863 1859/1859/1859
f 1863/1863/1863 1864/1864/1864 1860/1860/1860
f 1861/1861/1861 1857/1857/1857 1865/1865/1865
f 1865/1865/1865 1857/1857/1857 1853/1853/1853
f 1858/1858/1858 1861/1861/1861 1866/1866/1866
f 1862/1862/1862 1858/1858/1858 1866/1866/1866
f 1866/1866/1866 1861/1861/1861 1867/1867/1867
f 1861/1861/1861 1865/1865/1865 1867/1867/1867
f 1862/1862/1862 1866/1866/1866 1868/1868/1868
f 1865/1865/1865 1853/1853/1853 1869/1869/1869
f 1869/1869/1869 1853/1853/1853 1849/1849/1849
f 1865/1865/1865 1870/1870/1870 1867/1867/1867
f 1866/1866/1866 1867/1867/1867 1871/1871/1871
f 1868/1868/1868 1866/1866/1866 1871/1871/1871
f 1871/1871/1871 1867/1867/1867 1870/1870/1870
f 1872/1872/1872 1865/1865/1865 1869/1869/1869
f 1865/1865/1865 1872/1872/1872 1870/1870/1870
f 1869/1869/1869 1849/1849/1849 1873/1873/1873
f 1873/1873/1873 1849/1849/1849 1845/1845/1845
f 1872/1872/1872 1869/1869/1869 1874/1874/1874
f 1874/1874/1874 1869/1869/1869 1873/1873/1873
f 1872/1872/1872 1875/1875/1875 1870/1870/1870
f 1876/1876/1876 1872/1872/1872 1874/1874/1874
f 1872/1872/1872 1876/1876/1876 1875/1875/1875
f 1874/1874/1874 1873/1873/1873 1877/1877/1877
f 1876/1876/1876 1874/1874/1874 1878/1878/1878
f 1878/1878/1878 1874/1874/1874 1877/1877/1877
f 1879/1879/1879 1877/1877/1877 1873/1873/1873
f 1873/1873/1873 1845/1845/1845 1879/1879/1879
f 1878/1878/1878 1877/1877/1877 1880/1880/1880
f 1879/1879/1879 1881/1881/1881 1877/1877/1877
f 1881/1881/1881 1880/1880/1880 1877/1877/1877
f 1845/1845/1845 1882/1882/1882 1879/1879/1879
f 1845/1845/1845 1841/1841/1841 1882/1882/1882
f 1879/1879/1879 1883/1883/1883 1881/1881/1881
f 1879/1879/1879 1882/1882/1882 1883/1883/1883
f 1881/1881/1881 1884/1884/1884 1880/1880/1880
f 1883/1883/1883 1884/1884/1884 1881/1881/1881
f 1841/1841/1841 1885/1885/1885 1882/1882/1882
f 1841/1841/1841 1837/1837/1837 1885/1885/1885
f 1886/1886/1886 1883/1883/1883 1882/1882/1882
f 1886/1886/1886 1882/1882/1882 1885/1885/1885
f 1883/1883/1883 1887/1887/1887 1884/1884/1884
f 1887/1887/1887 1883/1883/1883 1886/1886/1886
f 1837/1837/1837 1888/1888/1888 1885/1885/1885
f 1837/1837/1837 1832/1832/1832 1888/1888/1888
f 1889/1889/1889 1886/1886/1886 1885/1885/1885
f 1889/1889/1889 1885/1885/1885 1888/1888/1888
f 1890/1890/1890 1886/1886/1886 1889/1889/1889
f 1887/1887/1887 1886/1886/1886 1890/1890/1890
f 1888/1888/1888 1891/1891/1891 1889/1889/1889
f 1832/1832/1832 1892/1892/1892 1888/1888/1888
f 1888/1888/1888 1892/1892/1892 1891/1891/1891
f 1832/1832/1832 1826/1826/1826 1892/1892/1892
f 1826/1826/1826 1825/1825/1825 1892/1892/1892
f 1825/1825/1825 1891/1891/1891 1892/1892/1892
f 1890/1890/1890 1889/1889/1889 1893/1893/1893
f 1891/1891/1891 1893/1893/1893 1889/1889/1889
f 1894/1894/1894 1890/1890/1890 1893/1893/1893
f 1891/1891/1891 1895/1895/1895 1893/1893/1893
f 1895/1895/1895 1894/1894/1894 1893/1893/1893
f 1825/1825/1825 1896/1896/1896 1891/1891/1891
f 1896/1896/1896 1895/1895/1895 1891/1891/1891
f 1896/1896/1896 1825/1825/1825 1897/1897/1897
f 1825/1825/1825 1820/1820/1820 1897/1897/1897
f 1897/1897/1897 1820/1820/1820 1816/1816/1816
f 1897/1897/1897 1816/1816/1816 1898/1898/1898
f 1898/1898/1898 1816/1816/1816 1808/1808/1808
f 1896/1896/1896 1897/1897/1897 1899/1899/1899
f 1899/1899/1899 1897/1897/1897 1898/1898/1898
f 1896/1896/1896 1900/1900/1900 1895/1895/1895
f 1900/1900/1900 1896/1896/1896 1899/1899/1899
f 1898/1898/1898 1808/1808/1808 1901/1901/1901
f 1900/1900/1900 1902/1902/1902 1895/1895/1895
f 1895/1895/1895 1902/1902/1902 1894/1894/1894
f 1808/1808/1808 1812/1812/1812 1901/1901/1901
f 1899/1899/1899 1898/1898/1898 1903/1903/1903
f 1901/1901/1901 1903/1903/1903 1898/1898/1898
f 1900/1900/1900 1899/1899/1899 1904/1904/1904
f 1904/1904/1904 1899/1899/1899 1903/1903/1903
f 1901/1901/1901 1905/1905/1905 1903/1903/1903
f 1812/1812/1812 1905/1905/1905 1901/1901/1901
f 1904/1904/1904 1903/1903/1903 1906/1906/1906
f 1905/1905/1905 1906/1906/1906 1903/1903/1903
f 1907/1907/1907 1900/1900/1900 1904/1904/1904
f 1900/1900/1900 1907/1907/1907 1902/1902/1902
f 1908/1908/1908 1904/1904/1904 1906/1906/1906
f 1907/1907/1907 1904/1904/1904 1908/1908/1908
f 1905/1905/1905 1909/1909/1909 1906/1906/1906
f 1812/1812/1812 1910/1910/1910 1905/1905/1905
f 1910/1910/1910 1909/1909/1909 1905/1905/1905
f 1911/1911/1911 1910/1910/1910 1812/1812/1812
f 1911/1911/1911 1812/1812/1812 1807/1807/1807
f 1910/1910/1910 1912/1912/1912 1909/1909/1909
f 1912/1912/1912 1910/1910/1910 1911/1911/1911
f 1909/1909/1909 1913/1913/1913 1906/1906/1906
f 1908/1908/1908 1906/1906/1906 1913/1913/1913
f 1914/1914/1914 1911/1911/1911 1807/1807/1807
f 1914/1914/1914 1807/1807/1807 1801/1801/1801
f 1801/1801/1801 1751/1751/1751 1914/1914/1914
f 1915/1915/1915 1911/1911/1911 1914/1914/1914
f 1912/1912/1912 1911/1911/1911 1915/1915/1915
f 1751/1751/1751 1916/1916/1916 1914/1914/1914
f 1915/1915/1915 1914/1914/1914 1916/1916/1916
f 1751/1751/1751 1744/1744/1744 1916/1916/1916
f 1744/1744/1744 1739/1739/1739 1916/1916/1916
f 1739/1739/1739 1915/1915/1915 1916/1916/1916
f 1739/1739/1739 1917/1917/1917 1915/1915/1915
f 1917/1917/1917 1912/1912/1912 1915/1915/1915
f 1741/1741/1741 1917/1917/1917 1739/1739/1739
f 1917/1917/1917 1918/1918/1918 1912/1912/1912
f 1919/1919/1919 1917/1917/1917 1741/1741/1741
f 1919/1919/1919 1918/1918/1918 1917/1917/1917
f 1742/1742/1742 1919/1919/1919 1741/1741/1741
f 1912/1912/1912 1918/1918/1918 1920/1920/1920
f 1912/1912/1912 1920/1920/1920 1909/1909/1909
f 1909/1909/1909 1920/1920/1920 1913/1913/1913
f 1918/1918/1918 1921/1921/1921 1920/1920/1920
f 1918/1918/1918 1919/1919/1919 1921/1921/1921
f 1920/1920/1920 1922/1922/1922 1913/1913/1913
f 1920/1920/1920 1921/1921/1921 1922/1922/1922
f 1923/1923/1923 1913/1913/1913 1922/1922/1922
f 1923/1923/1923 1908/1908/1908 1913/1913/1913
f 1919/1919/1919 1924/1924/1924 1921/1921/1921
f 1919/1919/1919 1742/1742/1742 1924/1924/1924
f 1921/1921/1921 1925/1925/1925 1922/1922/1922
f 1921/1921/1921 1924/1924/1924 1925/1925/1925
f 1926/1926/1926 1923/1923/1923 1922/1922/1922
f 1926/1926/1926 1922/1922/1922 1925/1925/1925
f 1927/1927/1927 1908/1908/1908 1923/1923/1923
f 1927/1927/1927 1907/1907/1907 1908/1908/1908
f 1928/1928/1928 1923/1923/1923 1926/1926/1926
f 1928/1928/1928 1927/1927/1927 1923/1923/1923
f 1907/1907/1907 1927/1927/1927 1929/1929/1929
f 1907/1907/1907 1929/1929/1929 1902/1902/1902
f 1927/1927/1927 1928/1928/1928 1930/1930/1930
f 1927/1927/1927 1930/1930/1930 1929/1929/1929
f 1931/1931/1931 1928/1928/1928 1926/1926/1926
f 1902/1902/1902 1929/1929/1929 1932/1932/1932
f 1902/1902/1902 1932/1932/1932 1894/1894/1894
f 1929/1929/1929 1930/1930/1930 1933/1933/1933
f 1929/1929/1929 1933/1933/1933 1932/1932/1932
f 1928/1928/1928 1934/1934/1934 1930/1930/1930
f 1928/1928/1928 1931/1931/1931 1934/1934/1934
f 1930/1930/1930 1935/1935/1935 1933/1933/1933
f 1930/1930/1930 1934/1934/1934 1935/1935/1935
f 1936/1936/1936 1932/1932/1932 1933/1933/1933
f 1937/1937/1937 1894/1894/1894 1932/1932/1932
f 1936/1936/1936 1937/1937/1937 1932/1932/1932
f 1937/1937/1937 1938/1938/1938 1894/1894/1894
f 1894/1894/1894 1938/1938/1938 1890/1890/1890
f 1938/1938/1938 1887/1887/1887 1890/1890/1890
f 1939/1939/1939 1933/1933/1933 1935/1935/1935
f 1939/1939/1939 1936/1936/1936 1933/1933/1933
f 1938/1938/1938 1940/1940/1940 1887/1887/1887
f 1941/1941/1941 1939/1939/1939 1935/1935/1935
f 1942/1942/1942 1938/1938/1938 1937/1937/1937
f 1942/1942/1942 1940/1940/1940 1938/1938/1938
f 1943/1943/1943 1937/1937/1937 1936/1936/1936
f 1943/1943/1943 1942/1942/1942 1937/1937/1937
f 1944/1944/1944 1936/1936/1936 1939/1939/1939
f 1944/1944/1944 1943/1943/1943 1936/1936/1936
f 1945/1945/1945 1944/1944/1944 1939/1939/1939
f 1945/1945/1945 1939/1939/1939 1941/1941/1941
f 1943/1943/1943 1944/1944/1944 1946/1946/1946
f 1942/1942/1942 1943/1943/1943 1947/1947/1947
f 1943/1943/1943 1946/1946/1946 1947/1947/1947
f 1944/1944/1944 1948/1948/1948 1946/1946/1946
f 1944/1944/1944 1945/1945/1945 1948/1948/1948
f 1942/1942/1942 1947/1947/1947 1949/1949/1949
f 1940/1940/1940 1942/1942/1942 1949/1949/1949
f 1947/1947/1947 1946/1946/1946 1950/1950/1950
f 1940/1940/1940 1949/1949/1949 1951/1951/1951
f 1887/1887/1887 1940/1940/1940 1951/1951/1951
f 1887/1887/1887 1951/1951/1951 1884/1884/1884
f 1949/1949/1949 1947/1947/1947 1952/1952/1952
f 1947/1947/1947 1950/1950/1950 1952/1952/1952
f 1951/1951/1951 1949/1949/1949 1953/1953/1953
f 1949/1949/1949 1952/1952/1952 1953/1953/1953
f 1884/1884/1884 1951/1951/1951 1954/1954/1954
f 1951/1951/1951 1953/1953/1953 1954/1954/1954
f 1884/1884/1884 1954/1954/1954 1880/1880/1880
f 1955/1955/1955 1880/1880/1880 1954/1954/1954
f 1955/1955/1955 1878/1878/1878 1880/1880/1880
f 1956/1956/1956 1954/1954/1954 1953/1953/1953
f 1956/1956/1956 1955/1955/1955 1954/1954/1954
f 1957/1957/1957 1953/1953/1953 1952/1952/1952
f 1957/1957/1957 1956/1956/1956 1953/1953/1953
f 1958/1958/1958 1957/1957/1957 1952/1952/1952
f 1958/1958/1958 1952/1952/1952 1950/1950/1950
f 1959/1959/1959 1878/1878/1878 1955/1955/1955
f 1959/1959/1959 1876/1876/1876 1878/1878/1878
f 1960/1960/1960 1955/1955/1955 1956/1956/1956
f 1960/1960/1960 1959/1959/1959 1955/1955/1955
f 1961/1961/1961 1956/1956/1956 1957/1957/1957
f 1961/1961/1961 1960/1960/1960 1956/1956/1956
f 1962/1962/1962 1961/1961/1961 1957/1957/1957
f 1962/1962/1962 1957/1957/1957 1958/1958/1958
f 1876/1876/1876 1959/1959/1959 1963/1963/1963
f 1876/1876/1876 1963/1963/1963 1875/1875/1875
f 1959/1959/1959 1960/1960/1960 1964/1964/1964
f 1959/1959/1959 1964/1964/1964 1963/1963/1963
f 1960/1960/1960 1961/1961/1961 1965/1965/1965
f 1960/1960/1960 1965/1965/1965 1964/1964/1964
f 1961/1961/1961 1966/1966/1966 1965/1965/1965
f 1961/1961/1961 1962/1962/1962 1966/1966/1966
f 1964/1964/1964 1965/1965/1965 1967/1967/1967
f 1963/1963/1963 1964/1964/1964 1968/1968/1968
f 1964/1964/1964 1967/1967/1967 1968/1968/1968
f 1965/1965/1965 1969/1969/1969 1967/1967/1967
f 1965/1965/1965 1966/1966/1966 1969/1969/1969
f 1963/1963/1963 1968/1968/1968 1970/1970/1970
f 1875/1875/1875 1963/1963/1963 1970/1970/1970
f 1971/1971/1971 1968/1968/1968 1967/1967/1967
f 1875/1875/1875 1970/1970/1970 1972/1972/1972
f 1870/1870/1870 1875/1875/1875 1972/1972/1972
f 1973/1973/1973 1970/1970/1970 1968/1968/1968
f 1971/1971/1971 1973/1973/1973 1968/1968/1968
f 1974/1974/1974 1972/1972/1972 1970/1970/1970
f 1973/1973/1973 1974/1974/1974 1970/1970/1970
f 1870/1870/1870 1972/1972/1972 1975/1975/1975
f 1871/1871/1871 1870/1870/1870 1975/1975/1975
f 1974/1974/1974 1976/1976/1976 1972/1972/1972
f 1976/1976/1976 1975/1975/1975 1972/1972/1972
f 1975/1975/1975 1977/1977/1977 1871/1871/1871
f 1868/1868/1868 1871/1871/1871 1977/1977/1977
f 1976/1976/1976 1978/1978/1978 1975/1975/1975
f 1975/1975/1975 1978/1978/1978 1977/1977/1977
f 1979/1979/1979 1868/1868/1868 1977/1977/1977
f 1979/1979/1979 1862/1862/1862 1868/1868/1868
f 1978/1978/1978 1980/1980/1980 1977/1977/1977
f 1979/1979/1979 1977/1977/1977 1980/1980/1980
f 1979/1979/1979 1981/1981/1981 1862/1862/1862
f 1862/1862/1862 1981/1981/1981 1863/1863/1863
f 1982/1982/1982 1979/1979/1979 1980/1980/1980
f 1982/1982/1982 1981/1981/1981 1979/1979/1979
f 1978/1978/1978 1983/1983/1983 1980/1980/1980
f 1981/1981/1981 1984/1984/1984 1863/1863/1863
f 1863/1863/1863 1984/1984/1984 1864/1864/1864
f 1984/1984/1984 1985/1985/1985 1864/1864/1864
f 1981/1981/1981 1986/1986/1986 1984/1984/1984
f 1982/1982/1982 1986/1986/1986 1981/1981/1981
f 1984/1984/1984 1987/1987/1987 1985/1985/1985
f 1986/1986/1986 1987/1987/1987 1984/1984/1984
f 1987/1987/1987 1988/1988/1988 1985/1985/1985
f 1987/1987/1987 1989/1989/1989 1988/1988/1988
f 1989/1989/1989 1990/1990/1990 1988/1988/1988
f 1986/1986/1986 1991/1991/1991 1987/1987/1987
f 1991/1991/1991 1989/1989/1989 1987/1987/1987
f 1992/1992/1992 1986/1986/1986 1982/1982/1982
f 1992/1992/1992 1991/1991/1991 1986/1986/1986
f 1992/1992/1992 1982/1982/1982 1993/1993/1993
f 1982/1982/1982 1980/1980/1980 1993/1993/1993
f 1993/1993/1993 1980/1980/1980 1983/1983/1983
f 1992/1992/1992 1993/1993/1993 1994/1994/1994
f 1995/1995/1995 1991/1991/1991 1992/1992/1992
f 1995/1995/1995 1992/1992/1992 1994/1994/1994
f 1991/1991/1991 1996/1996/1996 1989/1989/1989
f 1995/1995/1995 1996/1996/1996 1991/1991/1991
f 1996/1996/1996 1997/1997/1997 1989/1989/1989
f 1989/1989/1989 1997/1997/1997 1990/1990/1990
f 1997/1997/1997 1998/1998/1998 1990/1990/1990
f 1997/1997/1997 1999/1999/1999 1998/1998/1998
f 1999/1999/1999 2000/2000/2000 1998/1998/1998
f 1996/1996/1996 2001/2001/2001 1997/1997/1997
f 2001/2001/2001 1999/1999/1999 1997/1997/1997
f 2002/2002/2002 2001/2001/2001 1996/1996/1996
f 2002/2002/2002 1996/1996/1996 1995/1995/1995
f 2001/2001/2001 2003/2003/2003 1999/1999/1999
f 2004/2004/2004 2001/2001/2001 2002/2002/2002
f 2004/2004/2004 2003/2003/2003 2001/2001/2001
f 2005/2005/2005 2002/2002/2002 1995/1995/1995
f 2004/2004/2004 2002/2002/2002 2005/2005/2005
f 1999/1999/1999 2006/2006/2006 2000/2000/2000
f 2003/2003/2003 2006/2006/2006 1999/1999/1999
f 2000/2000/2000 2006/2006/2006 2007/2007/2007
f 2000/2000/2000 2007/2007/2007 2008/2008/2008
f 2003/2003/2003 2009/2009/2009 2006/2006/2006
f 2009/2009/2009 2007/2007/2007 2006/2006/2006
f 2010/2010/2010 2003/2003/2003 2004/2004/2004
f 2010/2010/2010 2009/2009/2009 2003/2003/2003
f 2008/2008/2008 2007/2007/2007 2011/2011/2011
f 2008/2008/2008 2011/2011/2011 2012/2012/2012
f 2009/2009/2009 2013/2013/2013 2007/2007/2007
f 2013/2013/2013 2009/2009/2009 2010/2010/2010
f 2013/2013/2013 2011/2011/2011 2007/2007/2007
f 2011/2011/2011 2014/2014/2014 2012/2012/2012
f 2011/2011/2011 2015/2015/2015 2014/2014/2014
f 2015/2015/2015 2016/2016/2016 2014/2014/2014
f 2015/2015/2015 2017/2017/2017 2016/2016/2016
f 2018/2018/2018 2015/2015/2015 2011/2011/2011
f 2013/2013/2013 2018/2018/2018 2011/2011/2011
f 2019/2019/2019 2017/2017/2017 2015/2015/2015
f 2018/2018/2018 2019/2019/2019 2015/2015/2015
f 2019/2019/2019 2020/2020/2020 2017/2017/2017
f 2020/2020/2020 2019/2019/2019 2021/2021/2021
f 2021/2021/2021 2019/2019/2019 2018/2018/2018
f 2020/2020/2020 2021/2021/2021 2022/2022/2022
f 2023/2023/2023 2018/2018/2018 2013/2013/2013
f 2021/2021/2021 2018/2018/2018 2023/2023/2023
f 2023/2023/2023 2013/2013/2013 2024/2024/2024
f 2013/2013/2013 2010/2010/2010 2024/2024/2024
f 2022/2022/2022 2021/2021/2021 2025/2025/2025
f 2022/2022/2022 2025/2025/2025 2026/2026/2026
f 2025/2025/2025 2027/2027/2027 2026/2026/2026
f 2021/2021/2021 2028/2028/2028 2025/2025/2025
f 2021/2021/2021 2023/2023/2023 2028/2028/2028
f 2025/2025/2025 2029/2029/2029 2027/2027/2027
f 2028/2028/2028 2029/2029/2029 2025/2025/2025
f 2029/2029/2029 2030/2030/2030 2027/2027/2027
f 2023/2023/2023 2031/2031/2031 2028/2028/2028
f 2023/2023/2023 2024/2024/2024 2031/2031/2031
f 2028/2028/2028 2032/2032/2032 2029/2029/2029
f 2032/2032/2032 2028/2028/2028 2031/2031/2031
f 2029/2029/2029 2033/2033/2033 2030/2030/2030
f 2032/2032/2032 2033/2033/2033 2029/2029/2029
f 2033/2033/2033 2034/2034/2034 2030/2030/2030
f 2024/2024/2024 2035/2035/2035 2031/2031/2031
f 2024/2024/2024 2010/2010/2010 2035/2035/2035
f 2032/2032/2032 2031/2031/2031 2036/2036/2036
f 2036/2036/2036 2031/2031/2031 2035/2035/2035
f 2032/2032/2032 2037/2037/2037 2033/2033/2033
f 2037/2037/2037 2032/2032/2032 2036/2036/2036
f 2033/2033/2033 2038/2038/2038 2034/2034/2034
f 2037/2037/2037 2038/2038/2038 2033/2033/2033
f 2038/2038/2038 2039/2039/2039 2034/2034/2034
f 2038/2038/2038 2040/2040/2040 2039/2039/2039
f 2040/2040/2040 2041/2041/2041 2039/2039/2039
f 2037/2037/2037 2042/2042/2042 2038/2038/2038
f 2042/2042/2042 2040/2040/2040 2038/2038/2038
f 2037/2037/2037 2036/2036/2036 2043/2043/2043
f 2042/2042/2042 2037/2037/2037 2043/2043/2043
f 2043/2043/2043 2036/2036/2036 2044/2044/2044
f 2036/2036/2036 2035/2035/2035 2044/2044/2044
f 2040/2040/2040 2045/2045/2045 2041/2041/2041
f 2045/2045/2045 2046/2046/2046 2041/2041/2041
f 2042/2042/2042 2047/2047/2047 2040/2040/2040
f 2047/2047/2047 2045/2045/2045 2040/2040/2040
f 2042/2042/2042 2043/2043/2043 2048/2048/2048
f 2047/2047/2047 2042/2042/2042 2048/2048/2048
f 2048/2048/2048 2043/2043/2043 2049/2049/2049
f 2043/2043/2043 2044/2044/2044 2049/2049/2049
f 2045/2045/2045 2050/2050/2050 2046/2046/2046
f 2050/2050/2050 2051/2051/2051 2046/2046/2046
f 2047/2047/2047 2052/2052/2052 2045/2045/2045
f 2052/2052/2052 2050/2050/2050 2045/2045/2045
f 2047/2047/2047 2048/2048/2048 2053/2053/2053
f 2052/2052/2052 2047/2047/2047 2053/2053/2053
f 2053/2053/2053 2048/2048/2048 2054/2054/2054
f 2048/2048/2048 2049/2049/2049 2054/2054/2054
f 2050/2050/2050 2055/2055/2055 2051/2051/2051
f 2055/2055/2055 2056/2056/2056 2051/2051/2051
f 2052/2052/2052 2057/2057/2057 2050/2050/2050
f 2057/2057/2057 2055/2055/2055 2050/2050/2050
f 2052/2052/2052 2053/2053/2053 2058/2058/2058
f 2057/2057/2057 2052/2052/2052 2058/2058/2058
f 2058/2058/2058 2053/2053/2053 2059/2059/2059
f 2053/2053/2053 2054/2054/2054 2059/2059/2059
f 2057/2057/2057 2058/2058/2058 2060/2060/2060
f 2057/2057/2057 2061/2061/2061 2055/2055/2055
f 2061/2061/2061 2057/2057/2057 2060/2060/2060
f 2061/2061/2061 2062/2062/2062 2055/2055/2055
f 2055/2055/2055 2062/2062/2062 2056/2056/2056
f 2056/2056/2056 2062/2062/2062 2063/2063/2063
f 2056/2056/2056 2063/2063/2063 2064/2064/2064
f 2061/2061/2061 2065/2065/2065 2062/2062/2062
f 2065/2065/2065 2063/2063/2063 2062/2062/2062
f 2065/2065/2065 2061/2061/2061 2066/2066/2066
f 2061/2061/2061 2060/2060/2060 2066/2066/2066
f 2065/2065/2065 2067/2067/2067 2063/2063/2063
f 2064/2064/2064 2063/2063/2063 2068/2068/2068
f 2064/2064/2064 2068/2068/2068 2069/2069/2069
f 2063/2063/2063 2067/2067/2067 2070/2070/2070
f 2063/2063/2063 2070/2070/2070 2068/2068/2068
f 2067/2067/2067 2065/2065/2065 2071/2071/2071
f 2065/2065/2065 2066/2066/2066 2071/2071/2071
f 2070/2070/2070 2067/2067/2067 2072/2072/2072
f 2067/2067/2067 2071/2071/2071 2072/2072/2072
f 2069/2069/2069 2068/2068/2068 2073/2073/2073
f 2069/2069/2069 2073/2073/2073 2074/2074/2074
f 2068/2068/2068 2070/2070/2070 2075/2075/2075
f 2068/2068/2068 2075/2075/2075 2073/2073/2073
f 2075/2075/2075 2070/2070/2070 2076/2076/2076
f 2070/2070/2070 2072/2072/2072 2076/2076/2076
f 2074/2074/2074 2073/2073/2073 2077/2077/2077
f 2074/2074/2074 2077/2077/2077 2078/2078/2078
f 2073/2073/2073 2075/2075/2075 2079/2079/2079
f 2073/2073/2073 2079/2079/2079 2077/2077/2077
f 2079/2079/2079 2075/2075/2075 2080/2080/2080
f 2075/2075/2075 2076/2076/2076 2080/2080/2080
f 2081/2081/2081 2078/2078/2078 2077/2077/2077
f 2081/2081/2081 2082/2082/2082 2078/2078/2078
f 2083/2083/2083 2077/2077/2077 2079/2079/2079
f 2083/2083/2083 2081/2081/2081 2077/2077/2077
f 2084/2084/2084 2081/2081/2081 2083/2083/2083
f 2084/2084/2084 2085/2085/2085 2081/2081/2081
f 2083/2083/2083 2079/2079/2079 2086/2086/2086
f 2079/2079/2079 2080/2080/2080 2086/2086/2086
f 2084/2084/2084 2083/2083/2083 2087/2087/2087
f 2083/2083/2083 2086/2086/2086 2087/2087/2087
f 2084/2084/2084 2087/2087/2087 2088/2088/2088
f 2089/2089/2089 2088/2088/2088 2087/2087/2087
f 2086/2086/2086 2090/2090/2090 2087/2087/2087
f 2089/2089/2089 2087/2087/2087 2090/2090/2090
f 2086/2086/2086 2091/2091/2091 2090/2090/2090
f 2080/2080/2080 2091/2091/2091 2086/2086/2086
f 2092/2092/2092 2089/2089/2089 2090/2090/2090
f 2092/2092/2092 2093/2093/2093 2089/2089/2089
f 2094/2094/2094 2090/2090/2090 2091/2091/2091
f 2094/2094/2094 2092/2092/2092 2090/2090/2090
f 2080/2080/2080 2095/2095/2095 2091/2091/2091
f 2096/2096/2096 2094/2094/2094 2091/2091/2091
f 2096/2096/2096 2091/2091/2091 2095/2095/2095
f 2080/2080/2080 2097/2097/2097 2095/2095/2095
f 2080/2080/2080 2076/2076/2076 2097/2097/2097
f 2098/2098/2098 2096/2096/2096 2095/2095/2095
f 2098/2098/2098 2095/2095/2095 2097/2097/2097
f 2076/2076/2076 2099/2099/2099 2097/2097/2097
f 2076/2076/2076 2072/2072/2072 2099/2099/2099
f 2100/2100/2100 2098/2098/2098 2097/2097/2097
f 2100/2100/2100 2097/2097/2097 2099/2099/2099
f 2072/2072/2072 2101/2101/2101 2099/2099/2099
f 2072/2072/2072 2071/2071/2071 2101/2101/2101
f 2102/2102/2102 2100/2100/2100 2099/2099/2099
f 2102/2102/2102 2099/2099/2099 2101/2101/2101
f 2071/2071/2071 2103/2103/2103 2101/2101/2101
f 2071/2071/2071 2066/2066/2066 2103/2103/2103
f 2104/2104/2104 2102/2102/2102 2101/2101/2101
f 2104/2104/2104 2101/2101/2101 2103/2103/2103
f 2066/2066/2066 2105/2105/2105 2103/2103/2103
f 2066/2066/2066 2060/2060/2060 2105/2105/2105
f 2106/2106/2106 2104/2104/2104 2103/2103/2103
f 2106/2106/2106 2103/2103/2103 2105/2105/2105
f 2060/2060/2060 2107/2107/2107 2105/2105/2105
f 2060/2060/2060 2058/2058/2058 2107/2107/2107
f 2058/2058/2058 2059/2059/2059 2107/2107/2107
f 2108/2108/2108 2105/2105/2105 2107/2107/2107
f 2108/2108/2108 2106/2106/2106 2105/2105/2105
f 2109/2109/2109 2107/2107/2107 2059/2059/2059
f 2109/2109/2109 2108/2108/2108 2107/2107/2107
f 2110/2110/2110 2109/2109/2109 2059/2059/2059
f 2110/2110/2110 2059/2059/2059 2054/2054/2054
f 2111/2111/2111 2108/2108/2108 2109/2109/2109
f 2112/2112/2112 2109/2109/2109 2110/2110/2110
f 2112/2112/2112 2111/2111/2111 2109/2109/2109
f 2113/2113/2113 2110/2110/2110 2054/2054/2054
f 2113/2113/2113 2054/2054/2054 2049/2049/2049
f 2114/2114/2114 2112/2112/2112 2110/2110/2110
f 2114/2114/2114 2110/2110/2110 2113/2113/2113
f 2115/2115/2115 2113/2113/2113 2049/2049/2049
f 2115/2115/2115 2049/2049/2049 2044/2044/2044
f 2116/2116/2116 2114/2114/2114 2113/2113/2113
f 2116/2116/2116 2113/2113/2113 2115/2115/2115
f 2112/2112/2112 2114/2114/2114 2117/2117/2117
f 2114/2114/2114 2116/2116/2116 2118/2118/2118
f 2114/2114/2114 2118/2118/2118 2117/2117/2117
f 2112/2112/2112 2117/2117/2117 2119/2119/2119
f 2111/2111/2111 2112/2112/2112 2119/2119/2119
f 2117/2117/2117 2118/2118/2118 2120/2120/2120
f 2005/2005/2005 2116/2116/2116 2115/2115/2115
f 2116/2116/2116 2121/2121/2121 2118/2118/2118
f 2116/2116/2116 2005/2005/2005 2121/2121/2121
f 2005/2005/2005 1995/1995/1995 2121/2121/2121
f 1995/1995/1995 1994/1994/1994 2121/2121/2121
f 2118/2118/2118 2121/2121/2121 1994/1994/1994
f 2118/2118/2118 1994/1994/1994 2120/2120/2120
f 2005/2005/2005 2115/2115/2115 2122/2122/2122
f 2122/2122/2122 2115/2115/2115 2044/2044/2044
f 2004/2004/2004 2005/2005/2005 2122/2122/2122
f 2122/2122/2122 2044/2044/2044 2035/2035/2035
f 2010/2010/2010 2004/2004/2004 2122/2122/2122
f 2010/2010/2010 2122/2122/2122 2035/2035/2035
f 1994/1994/1994 2123/2123/2123 2120/2120/2120
f 1994/1994/1994 1993/1993/1993 2123/2123/2123
f 1993/1993/1993 1983/1983/1983 2123/2123/2123
f 2123/2123/2123 2124/2124/2124 2120/2120/2120
f 2117/2117/2117 2120/2120/2120 2124/2124/2124
f 2119/2119/2119 2117/2117/2117 2124/2124/2124
f 2123/2123/2123 2125/2125/2125 2124/2124/2124
f 1983/1983/1983 2125/2125/2125 2123/2123/2123
f 2119/2119/2119 2124/2124/2124 2126/2126/2126
f 2125/2125/2125 2126/2126/2126 2124/2124/2124
f 1983/1983/1983 2127/2127/2127 2125/2125/2125
f 2127/2127/2127 1983/1983/1983 1978/1978/1978
f 2127/2127/2127 1978/1978/1978 1976/1976/1976
f 2127/2127/2127 2128/2128/2128 2125/2125/2125
f 2125/2125/2125 2128/2128/2128 2126/2126/2126
f 2129/2129/2129 2127/2127/2127 1976/1976/1976
f 2127/2127/2127 2129/2129/2129 2128/2128/2128
f 2129/2129/2129 1976/1976/1976 1974/1974/1974
f 2130/2130/2130 2119/2119/2119 2126/2126/2126
f 2111/2111/2111 2119/2119/2119 2130/2130/2130
f 2128/2128/2128 2131/2131/2131 2126/2126/2126
f 2130/2130/2130 2126/2126/2126 2131/2131/2131
f 2129/2129/2129 2132/2132/2132 2128/2128/2128
f 2128/2128/2128 2132/2132/2132 2131/2131/2131
f 2133/2133/2133 2129/2129/2129 1974/1974/1974
f 2129/2129/2129 2133/2133/2133 2132/2132/2132
f 2133/2133/2133 1974/1974/1974 1973/1973/1973
f 2134/2134/2134 2111/2111/2111 2130/2130/2130
f 2111/2111/2111 2134/2134/2134 2108/2108/2108
f 2134/2134/2134 2106/2106/2106 2108/2108/2108
f 2134/2134/2134 2130/2130/2130 2135/2135/2135
f 2135/2135/2135 2130/2130/2130 2131/2131/2131
f 2134/2134/2134 2136/2136/2136 2106/2106/2106
f 2136/2136/2136 2134/2134/2134 2135/2135/2135
f 2136/2136/2136 2104/2104/2104 2106/2106/2106
f 2135/2135/2135 2131/2131/2131 2137/2137/2137
f 2132/2132/2132 2137/2137/2137 2131/2131/2131
f 2136/2136/2136 2135/2135/2135 2138/2138/2138
f 2138/2138/2138 2135/2135/2135 2137/2137/2137
f 2136/2136/2136 2139/2139/2139 2104/2104/2104
f 2139/2139/2139 2136/2136/2136 2138/2138/2138
f 2139/2139/2139 2102/2102/2102 2104/2104/2104
f 2132/2132/2132 2140/2140/2140 2137/2137/2137
f 2133/2133/2133 2140/2140/2140 2132/2132/2132
f 2138/2138/2138 2137/2137/2137 2141/2141/2141
f 2140/2140/2140 2141/2141/2141 2137/2137/2137
f 2139/2139/2139 2138/2138/2138 2142/2142/2142
f 2142/2142/2142 2138/2138/2138 2141/2141/2141
f 2139/2139/2139 2143/2143/2143 2102/2102/2102
f 2143/2143/2143 2139/2139/2139 2142/2142/2142
f 2143/2143/2143 2100/2100/2100 2102/2102/2102
f 2133/2133/2133 2144/2144/2144 2140/2140/2140
f 2144/2144/2144 2133/2133/2133 1973/1973/1973
f 2144/2144/2144 1973/1973/1973 1971/1971/1971
f 2144/2144/2144 2145/2145/2145 2140/2140/2140
f 2140/2140/2140 2145/2145/2145 2141/2141/2141
f 2146/2146/2146 2144/2144/2144 1971/1971/1971
f 2144/2144/2144 2146/2146/2146 2145/2145/2145
f 2146/2146/2146 1971/1971/1971 2147/2147/2147
f 2147/2147/2147 1971/1971/1971 1967/1967/1967
f 2147/2147/2147 1967/1967/1967 1969/1969/1969
f 2145/2145/2145 2148/2148/2148 2141/2141/2141
f 2142/2142/2142 2141/2141/2141 2148/2148/2148
f 2146/2146/2146 2149/2149/2149 2145/2145/2145
f 2145/2145/2145 2149/2149/2149 2148/2148/2148
f 2150/2150/2150 2146/2146/2146 2147/2147/2147
f 2146/2146/2146 2150/2150/2150 2149/2149/2149
f 2151/2151/2151 2147/2147/2147 1969/1969/1969
f 2150/2150/2150 2147/2147/2147 2151/2151/2151
f 2151/2151/2151 1969/1969/1969 2152/2152/2152
f 1966/1966/1966 2152/2152/2152 1969/1969/1969
f 2153/2153/2153 2150/2150/2150 2151/2151/2151
f 2150/2150/2150 2154/2154/2154 2149/2149/2149
f 2150/2150/2150 2153/2153/2153 2154/2154/2154
f 2155/2155/2155 2151/2151/2151 2152/2152/2152
f 2153/2153/2153 2151/2151/2151 2155/2155/2155
f 1966/1966/1966 2156/2156/2156 2152/2152/2152
f 1962/1962/1962 2156/2156/2156 1966/1966/1966
f 2155/2155/2155 2152/2152/2152 2157/2157/2157
f 2156/2156/2156 2157/2157/2157 2152/2152/2152
f 2158/2158/2158 2153/2153/2153 2155/2155/2155
f 2158/2158/2158 2155/2155/2155 2157/2157/2157
f 1962/1962/1962 2159/2159/2159 2156/2156/2156
f 2159/2159/2159 1962/1962/1962 1958/1958/1958
f 2156/2156/2156 2160/2160/2160 2157/2157/2157
f 2159/2159/2159 2160/2160/2160 2156/2156/2156
f 2160/2160/2160 2161/2161/2161 2157/2157/2157
f 2158/2158/2158 2157/2157/2157 2161/2161/2161
f 2159/2159/2159 1958/1958/1958 2162/2162/2162
f 2162/2162/2162 1958/1958/1958 1950/1950/1950
f 2159/2159/2159 2163/2163/2163 2160/2160/2160
f 2163/2163/2163 2159/2159/2159 2162/2162/2162
f 2160/2160/2160 2164/2164/2164 2161/2161/2161
f 2163/2163/2163 2164/2164/2164 2160/2160/2160
f 2164/2164/2164 2165/2165/2165 2161/2161/2161
f 2165/2165/2165 2158/2158/2158 2161/2161/2161
f 2163/2163/2163 2166/2166/2166 2164/2164/2164
f 2164/2164/2164 2167/2167/2167 2165/2165/2165
f 2166/2166/2166 2167/2167/2167 2164/2164/2164
f 2166/2166/2166 2163/2163/2163 2168/2168/2168
f 2163/2163/2163 2162/2162/2162 2168/2168/2168
f 2166/2166/2166 2169/2169/2169 2167/2167/2167
f 2162/2162/2162 1950/1950/1950 2170/2170/2170
f 2168/2168/2168 2162/2162/2162 2170/2170/2170
f 1946/1946/1946 2170/2170/2170 1950/1950/1950
f 1946/1946/1946 1948/1948/1948 2170/2170/2170
f 2168/2168/2168 2170/2170/2170 2171/2171/2171
f 1948/1948/1948 2171/2171/2171 2170/2170/2170
f 2166/2166/2166 2168/2168/2168 2172/2172/2172
f 2172/2172/2172 2168/2168/2168 2171/2171/2171
f 2169/2169/2169 2166/2166/2166 2172/2172/2172
f 1948/1948/1948 2173/2173/2173 2171/2171/2171
f 1945/1945/1945 2173/2173/2173 1948/1948/1948
f 2172/2172/2172 2171/2171/2171 2174/2174/2174
f 2173/2173/2173 2174/2174/2174 2171/2171/2171
f 2169/2169/2169 2172/2172/2172 2175/2175/2175
f 2175/2175/2175 2172/2172/2172 2174/2174/2174
f 2176/2176/2176 2169/2169/2169 2175/2175/2175
f 1945/1945/1945 2177/2177/2177 2173/2173/2173
f 2178/2178/2178 2177/2177/2177 1945/1945/1945
f 2178/2178/2178 1945/1945/1945 1941/1941/1941
f 2173/2173/2173 2177/2177/2177 2179/2179/2179
f 2180/2180/2180 2177/2177/2177 2178/2178/2178
f 2180/2180/2180 2179/2179/2179 2177/2177/2177
f 2181/2181/2181 2178/2178/2178 1941/1941/1941
f 2182/2182/2182 2180/2180/2180 2178/2178/2178
f 2182/2182/2182 2178/2178/2178 2181/2181/2181
f 2173/2173/2173 2179/2179/2179 2183/2183/2183
f 2173/2173/2173 2183/2183/2183 2174/2174/2174
f 2184/2184/2184 2179/2179/2179 2180/2180/2180
f 2183/2183/2183 2179/2179/2179 2185/2185/2185
f 2184/2184/2184 2185/2185/2185 2179/2179/2179
f 2183/2183/2183 2186/2186/2186 2174/2174/2174
f 2175/2175/2175 2174/2174/2174 2186/2186/2186
f 2183/2183/2183 2185/2185/2185 2187/2187/2187
f 2183/2183/2183 2187/2187/2187 2186/2186/2186
f 2188/2188/2188 2175/2175/2175 2186/2186/2186
f 2176/2176/2176 2175/2175/2175 2188/2188/2188
f 2187/2187/2187 2189/2189/2189 2186/2186/2186
f 2188/2188/2188 2186/2186/2186 2189/2189/2189
f 2187/2187/2187 2185/2185/2185 2190/2190/2190
f 2187/2187/2187 2191/2191/2191 2189/2189/2189
f 2187/2187/2187 2190/2190/2190 2191/2191/2191
f 2192/2192/2192 2190/2190/2190 2185/2185/2185
f 2192/2192/2192 2185/2185/2185 2184/2184/2184
f 2191/2191/2191 2190/2190/2190 2193/2193/2193
f 2190/2190/2190 2192/2192/2192 2194/2194/2194
f 2190/2190/2190 2194/2194/2194 2193/2193/2193
f 2195/2195/2195 2192/2192/2192 2184/2184/2184
f 2192/2192/2192 2196/2196/2196 2194/2194/2194
f 2192/2192/2192 2195/2195/2195 2196/2196/2196
f 2195/2195/2195 2184/2184/2184 2197/2197/2197
f 2197/2197/2197 2184/2184/2184 2180/2180/2180
f 2197/2197/2197 2180/2180/2180 2182/2182/2182
f 2197/2197/2197 2198/2198/2198 2195/2195/2195
f 2182/2182/2182 2199/2199/2199 2197/2197/2197
f 2197/2197/2197 2199/2199/2199 2198/2198/2198
f 2182/2182/2182 2200/2200/2200 2199/2199/2199
f 2181/2181/2181 2200/2200/2200 2182/2182/2182
f 2195/2195/2195 2201/2201/2201 2196/2196/2196
f 2195/2195/2195 2198/2198/2198 2201/2201/2201
f 2202/2202/2202 2196/2196/2196 2201/2201/2201
f 2203/2203/2203 2198/2198/2198 2199/2199/2199
f 2204/2204/2204 2201/2201/2201 2198/2198/2198
f 2203/2203/2203 2204/2204/2204 2198/2198/2198
f 2204/2204/2204 2205/2205/2205 2201/2201/2201
f 2205/2205/2205 2202/2202/2202 2201/2201/2201
f 2204/2204/2204 2203/2203/2203 2206/2206/2206
f 2205/2205/2205 2204/2204/2204 2207/2207/2207
f 2204/2204/2204 2206/2206/2206 2207/2207/2207
f 2208/2208/2208 2203/2203/2203 2199/2199/2199
f 2208/2208/2208 2199/2199/2199 2200/2200/2200
f 2203/2203/2203 2209/2209/2209 2206/2206/2206
f 2203/2203/2203 2208/2208/2208 2209/2209/2209
f 2207/2207/2207 2206/2206/2206 2210/2210/2210
f 2206/2206/2206 2209/2209/2209 2211/2211/2211
f 2206/2206/2206 2211/2211/2211 2210/2210/2210
f 2208/2208/2208 2212/2212/2212 2209/2209/2209
f 2213/2213/2213 2208/2208/2208 2200/2200/2200
f 2208/2208/2208 2213/2213/2213 2212/2212/2212
f 2213/2213/2213 2200/2200/2200 2214/2214/2214
f 2181/2181/2181 2214/2214/2214 2200/2200/2200
f 2209/2209/2209 2215/2215/2215 2211/2211/2211
f 2209/2209/2209 2212/2212/2212 2215/2215/2215
f 2216/2216/2216 2211/2211/2211 2215/2215/2215
f 2213/2213/2213 2217/2217/2217 2212/2212/2212
f 2218/2218/2218 2213/2213/2213 2214/2214/2214
f 2213/2213/2213 2218/2218/2218 2217/2217/2217
f 2219/2219/2219 2214/2214/2214 2181/2181/2181
f 2218/2218/2218 2214/2214/2214 2219/2219/2219
f 2219/2219/2219 2181/2181/2181 2220/2220/2220
f 2181/2181/2181 1941/1941/1941 2220/2220/2220
f 1941/1941/1941 1935/1935/1935 2220/2220/2220
f 1934/1934/1934 2220/2220/2220 1935/1935/1935
f 1934/1934/1934 2219/2219/2219 2220/2220/2220
f 1931/1931/1931 2219/2219/2219 1934/1934/1934
f 1931/1931/1931 2218/2218/2218 2219/2219/2219
f 2218/2218/2218 1931/1931/1931 2221/2221/2221
f 2218/2218/2218 2221/2221/2221 2217/2217/2217
f 1931/1931/1931 1926/1926/1926 2221/2221/2221
f 2221/2221/2221 1926/1926/1926 1925/1925/1925
f 2221/2221/2221 1925/1925/1925 2222/2222/2222
f 2217/2217/2217 2221/2221/2221 2222/2222/2222
f 1924/1924/1924 2222/2222/2222 1925/1925/1925
f 2217/2217/2217 2222/2222/2222 2223/2223/2223
f 2212/2212/2212 2217/2217/2217 2223/2223/2223
f 2212/2212/2212 2223/2223/2223 2215/2215/2215
f 1924/1924/1924 2224/2224/2224 2222/2222/2222
f 2224/2224/2224 2223/2223/2223 2222/2222/2222
f 1742/1742/1742 2224/2224/2224 1924/1924/1924
f 2225/2225/2225 2215/2215/2215 2223/2223/2223
f 2224/2224/2224 2225/2225/2225 2223/2223/2223
f 1742/1742/1742 2226/2226/2226 2224/2224/2224
f 2226/2226/2226 2225/2225/2225 2224/2224/2224
f 1735/1735/1735 2226/2226/2226 1742/1742/1742
f 2225/2225/2225 2216/2216/2216 2215/2215/2215
f 2227/2227/2227 2226/2226/2226 1735/1735/1735
f 1702/1702/1702 2227/2227/2227 1735/1735/1735
f 2226/2226/2226 2228/2228/2228 2225/2225/2225
f 2227/2227/2227 2228/2228/2228 2226/2226/2226
f 2229/2229/2229 2227/2227/2227 1702/1702/1702
f 1702/1702/1702 1698/1698/1698 2229/2229/2229
f 2229/2229/2229 1698/1698/1698 1695/1695/1695
f 2229/2229/2229 2230/2230/2230 2227/2227/2227
f 2230/2230/2230 2228/2228/2228 2227/2227/2227
f 2229/2229/2229 1695/1695/1695 2231/2231/2231
f 2231/2231/2231 2230/2230/2230 2229/2229/2229
f 2231/2231/2231 1695/1695/1695 1692/1692/1692
f 2230/2230/2230 2232/2232/2232 2228/2228/2228
f 2225/2225/2225 2228/2228/2228 2232/2232/2232
f 2225/2225/2225 2232/2232/2232 2216/2216/2216
f 2233/2233/2233 2232/2232/2232 2230/2230/2230
f 2231/2231/2231 2233/2233/2233 2230/2230/2230
f 2216/2216/2216 2232/2232/2232 2234/2234/2234
f 2233/2233/2233 2234/2234/2234 2232/2232/2232
f 2231/2231/2231 1692/1692/1692 2235/2235/2235
f 2235/2235/2235 2233/2233/2233 2231/2231/2231
f 2235/2235/2235 1692/1692/1692 1689/1689/1689
f 2235/2235/2235 2236/2236/2236 2233/2233/2233
f 2236/2236/2236 2234/2234/2234 2233/2233/2233
f 2235/2235/2235 1689/1689/1689 2237/2237/2237
f 2237/2237/2237 2236/2236/2236 2235/2235/2235
f 2237/2237/2237 1689/1689/1689 1686/1686/1686
f 2237/2237/2237 1686/1686/1686 2238/2238/2238
f 1685/1685/1685 2238/2238/2238 1686/1686/1686
f 2237/2237/2237 2239/2239/2239 2236/2236/2236
f 2239/2239/2239 2237/2237/2237 2238/2238/2238
f 1685/1685/1685 2240/2240/2240 2238/2238/2238
f 1680/1680/1680 2240/2240/2240 1685/1685/1685
f 1680/1680/1680 2241/2241/2241 2240/2240/2240
f 2242/2242/2242 2238/2238/2238 2240/2240/2240
f 2239/2239/2239 2238/2238/2238 2242/2242/2242
f 2241/2241/2241 2243/2243/2243 2240/2240/2240
f 2242/2242/2242 2240/2240/2240 2243/2243/2243
f 2241/2241/2241 2244/2244/2244 2243/2243/2243
f 2245/2245/2245 2239/2239/2239 2242/2242/2242
f 2239/2239/2239 2246/2246/2246 2236/2236/2236
f 2239/2239/2239 2245/2245/2245 2246/2246/2246
f 2236/2236/2236 2246/2246/2246 2234/2234/2234
f 2244/2244/2244 2247/2247/2247 2243/2243/2243
f 2244/2244/2244 2248/2248/2248 2247/2247/2247
f 2249/2249/2249 2242/2242/2242 2243/2243/2243
f 2249/2249/2249 2243/2243/2243 2247/2247/2247
f 2245/2245/2245 2242/2242/2242 2249/2249/2249
f 2248/2248/2248 2250/2250/2250 2247/2247/2247
f 2248/2248/2248 2251/2251/2251 2250/2250/2250
f 2250/2250/2250 2251/2251/2251 2252/2252/2252
f 2247/2247/2247 2250/2250/2250 2253/2253/2253
f 2247/2247/2247 2253/2253/2253 2249/2249/2249
f 2250/2250/2250 2252/2252/2252 2254/2254/2254
f 2253/2253/2253 2250/2250/2250 2254/2254/2254
f 2255/2255/2255 2254/2254/2254 2252/2252/2252
f 2256/2256/2256 2249/2249/2249 2253/2253/2253
f 2256/2256/2256 2245/2245/2245 2249/2249/2249
f 2253/2253/2253 2254/2254/2254 2257/2257/2257
f 2256/2256/2256 2253/2253/2253 2257/2257/2257
f 2255/2255/2255 2258/2258/2258 2254/2254/2254
f 2258/2258/2258 2257/2257/2257 2254/2254/2254
f 2259/2259/2259 2258/2258/2258 2255/2255/2255
f 2260/2260/2260 2245/2245/2245 2256/2256/2256
f 2260/2260/2260 2246/2246/2246 2245/2245/2245
f 2256/2256/2256 2257/2257/2257 2261/2261/2261
f 2260/2260/2260 2256/2256/2256 2261/2261/2261
f 2258/2258/2258 2262/2262/2262 2257/2257/2257
f 2262/2262/2262 2261/2261/2261 2257/2257/2257
f 2259/2259/2259 2263/2263/2263 2258/2258/2258
f 2263/2263/2263 2262/2262/2262 2258/2258/2258
f 2263/2263/2263 2259/2259/2259 2264/2264/2264
f 2262/2262/2262 2207/2207/2207 2261/2261/2261
f 2205/2205/2205 2207/2207/2207 2262/2262/2262
f 2263/2263/2263 2205/2205/2205 2262/2262/2262
f 2207/2207/2207 2210/2210/2210 2261/2261/2261
f 2260/2260/2260 2261/2261/2261 2210/2210/2210
f 2205/2205/2205 2263/2263/2263 2202/2202/2202
f 2263/2263/2263 2264/2264/2264 2202/2202/2202
f 2265/2265/2265 2260/2260/2260 2210/2210/2210
f 2265/2265/2265 2246/2246/2246 2260/2260/2260
f 2265/2265/2265 2210/2210/2210 2211/2211/2211
f 2265/2265/2265 2234/2234/2234 2246/2246/2246
f 2216/2216/2216 2265/2265/2265 2211/2211/2211
f 2216/2216/2216 2234/2234/2234 2265/2265/2265
f 2264/2264/2264 2266/2266/2266 2202/2202/2202
f 2202/2202/2202 2266/2266/2266 2196/2196/2196
f 2264/2264/2264 2267/2267/2267 2266/2266/2266
f 2194/2194/2194 2196/2196/2196 2266/2266/2266
f 2267/2267/2267 2268/2268/2268 2266/2266/2266
f 2194/2194/2194 2266/2266/2266 2268/2268/2268
f 2267/2267/2267 2269/2269/2269 2268/2268/2268
f 2193/2193/2193 2194/2194/2194 2268/2268/2268
f 2269/2269/2269 2270/2270/2270 2268/2268/2268
f 2193/2193/2193 2268/2268/2268 2270/2270/2270
f 2269/2269/2269 2271/2271/2271 2270/2270/2270
f 2270/2270/2270 2272/2272/2272 2193/2193/2193
f 2191/2191/2191 2193/2193/2193 2272/2272/2272
f 2271/2271/2271 2273/2273/2273 2270/2270/2270
f 2270/2270/2270 2273/2273/2273 2272/2272/2272
f 2271/2271/2271 2274/2274/2274 2273/2273/2273
f 2273/2273/2273 2274/2274/2274 2275/2275/2275
f 2273/2273/2273 2275/2275/2275 2276/2276/2276
f 2272/2272/2272 2273/2273/2273 2276/2276/2276
f 2277/2277/2277 2276/2276/2276 2275/2275/2275
f 2191/2191/2191 2272/2272/2272 2278/2278/2278
f 2272/2272/2272 2276/2276/2276 2278/2278/2278
f 2191/2191/2191 2278/2278/2278 2189/2189/2189
f 2277/2277/2277 2279/2279/2279 2276/2276/2276
f 2279/2279/2279 2278/2278/2278 2276/2276/2276
f 2280/2280/2280 2279/2279/2279 2277/2277/2277
f 2281/2281/2281 2189/2189/2189 2278/2278/2278
f 2279/2279/2279 2281/2281/2281 2278/2278/2278
f 2281/2281/2281 2188/2188/2188 2189/2189/2189
f 2280/2280/2280 2282/2282/2282 2279/2279/2279
f 2282/2282/2282 2281/2281/2281 2279/2279/2279
f 2282/2282/2282 2280/2280/2280 2283/2283/2283
f 2284/2284/2284 2188/2188/2188 2281/2281/2281
f 2282/2282/2282 2284/2284/2284 2281/2281/2281
f 2284/2284/2284 2176/2176/2176 2188/2188/2188
f 2282/2282/2282 2283/2283/2283 2285/2285/2285
f 2284/2284/2284 2282/2282/2282 2285/2285/2285
f 2285/2285/2285 2283/2283/2283 2286/2286/2286
f 2176/2176/2176 2284/2284/2284 2287/2287/2287
f 2284/2284/2284 2285/2285/2285 2287/2287/2287
f 2176/2176/2176 2287/2287/2287 2288/2288/2288
f 2169/2169/2169 2176/2176/2176 2288/2288/2288
f 2169/2169/2169 2288/2288/2288 2167/2167/2167
f 2285/2285/2285 2286/2286/2286 2289/2289/2289
f 2287/2287/2287 2285/2285/2285 2289/2289/2289
f 2286/2286/2286 2290/2290/2290 2289/2289/2289
f 2286/2286/2286 2291/2291/2291 2290/2290/2290
f 2287/2287/2287 2289/2289/2289 2292/2292/2292
f 2288/2288/2288 2287/2287/2287 2292/2292/2292
f 2167/2167/2167 2288/2288/2288 2293/2293/2293
f 2288/2288/2288 2292/2292/2292 2293/2293/2293
f 2167/2167/2167 2293/2293/2293 2165/2165/2165
f 2294/2294/2294 2292/2292/2292 2289/2289/2289
f 2294/2294/2294 2289/2289/2289 2290/2290/2290
f 2295/2295/2295 2293/2293/2293 2292/2292/2292
f 2295/2295/2295 2292/2292/2292 2294/2294/2294
f 2293/2293/2293 2296/2296/2296 2165/2165/2165
f 2293/2293/2293 2295/2295/2295 2296/2296/2296
f 2165/2165/2165 2296/2296/2296 2158/2158/2158
f 2296/2296/2296 2297/2297/2297 2158/2158/2158
f 2158/2158/2158 2297/2297/2297 2153/2153/2153
f 2154/2154/2154 2153/2153/2153 2297/2297/2297
f 2296/2296/2296 2298/2298/2298 2297/2297/2297
f 2295/2295/2295 2298/2298/2298 2296/2296/2296
f 2154/2154/2154 2297/2297/2297 2299/2299/2299
f 2299/2299/2299 2297/2297/2297 2298/2298/2298
f 2295/2295/2295 2300/2300/2300 2298/2298/2298
f 2300/2300/2300 2295/2295/2295 2294/2294/2294
f 2299/2299/2299 2298/2298/2298 2301/2301/2301
f 2301/2301/2301 2298/2298/2298 2300/2300/2300
f 2154/2154/2154 2299/2299/2299 2302/2302/2302
f 2302/2302/2302 2299/2299/2299 2301/2301/2301
f 2300/2300/2300 2294/2294/2294 2303/2303/2303
f 2303/2303/2303 2294/2294/2294 2290/2290/2290
f 2301/2301/2301 2300/2300/2300 2304/2304/2304
f 2304/2304/2304 2300/2300/2300 2303/2303/2303
f 2305/2305/2305 2301/2301/2301 2304/2304/2304
f 2302/2302/2302 2301/2301/2301 2305/2305/2305
f 2305/2305/2305 2304/2304/2304 2306/2306/2306
f 2154/2154/2154 2302/2302/2302 2307/2307/2307
f 2149/2149/2149 2154/2154/2154 2307/2307/2307
f 2149/2149/2149 2307/2307/2307 2148/2148/2148
f 2306/2306/2306 2304/2304/2304 2308/2308/2308
f 2304/2304/2304 2303/2303/2303 2308/2308/2308
f 2306/2306/2306 2308/2308/2308 2309/2309/2309
f 2310/2310/2310 2305/2305/2305 2306/2306/2306
f 2311/2311/2311 2309/2309/2309 2308/2308/2308
f 2311/2311/2311 2312/2312/2312 2309/2309/2309
f 2313/2313/2313 2308/2308/2308 2303/2303/2303
f 2313/2313/2313 2311/2311/2311 2308/2308/2308
f 2303/2303/2303 2290/2290/2290 2313/2313/2313
f 2291/2291/2291 2313/2313/2313 2290/2290/2290
f 2291/2291/2291 2314/2314/2314 2313/2313/2313
f 2314/2314/2314 2311/2311/2311 2313/2313/2313
f 2314/2314/2314 2315/2315/2315 2311/2311/2311
f 2315/2315/2315 2312/2312/2312 2311/2311/2311
f 2315/2315/2315 2316/2316/2316 2312/2312/2312
f 2310/2310/2310 2317/2317/2317 2305/2305/2305
f 2317/2317/2317 2302/2302/2302 2305/2305/2305
f 2317/2317/2317 2318/2318/2318 2302/2302/2302
f 2318/2318/2318 2307/2307/2307 2302/2302/2302
f 2319/2319/2319 2317/2317/2317 2310/2310/2310
f 2318/2318/2318 2320/2320/2320 2307/2307/2307
f 2320/2320/2320 2148/2148/2148 2307/2307/2307
f 2320/2320/2320 2142/2142/2142 2148/2148/2148
f 2143/2143/2143 2142/2142/2142 2320/2320/2320
f 2321/2321/2321 2143/2143/2143 2320/2320/2320
f 2321/2321/2321 2320/2320/2320 2318/2318/2318
f 2143/2143/2143 2321/2321/2321 2100/2100/2100
f 2321/2321/2321 2098/2098/2098 2100/2100/2100
f 2322/2322/2322 2321/2321/2321 2318/2318/2318
f 2321/2321/2321 2322/2322/2322 2098/2098/2098
f 2322/2322/2322 2318/2318/2318 2317/2317/2317
f 2319/2319/2319 2322/2322/2322 2317/2317/2317
f 2322/2322/2322 2096/2096/2096 2098/2098/2098
f 2322/2322/2322 2319/2319/2319 2096/2096/2096
f 2319/2319/2319 2094/2094/2094 2096/2096/2096
f 2319/2319/2319 2323/2323/2323 2094/2094/2094
f 2323/2323/2323 2319/2319/2319 2310/2310/2310
f 2323/2323/2323 2092/2092/2092 2094/2094/2094
f 2323/2323/2323 2310/2310/2310 2324/2324/2324
f 2323/2323/2323 2325/2325/2325 2092/2092/2092
f 2325/2325/2325 2323/2323/2323 2324/2324/2324
f 2325/2325/2325 2093/2093/2093 2092/2092/2092
f 2325/2325/2325 2324/2324/2324 2326/2326/2326
f 2325/2325/2325 2327/2327/2327 2093/2093/2093
f 2327/2327/2327 2325/2325/2325 2326/2326/2326
f 2327/2327/2327 2326/2326/2326 2328/2328/2328
f 2329/2329/2329 1413/1413/1413 1406/1406/1406
f 1428/1428/1428 1413/1413/1413 2329/2329/2329
f 2329/2329/2329 1406/1406/1406 2330/2330/2330
f 1406/1406/1406 1400/1400/1400 2330/2330/2330
f 2331/2331/2331 1428/1428/1428 2329/2329/2329
f 1428/1428/1428 2331/2331/2331 1448/1448/1448
f 2332/2332/2332 2329/2329/2329 2330/2330/2330
f 2331/2331/2331 2329/2329/2329 2332/2332/2332
f 1400/1400/1400 2333/2333/2333 2330/2330/2330
f 2332/2332/2332 2330/2330/2330 2333/2333/2333
f 1400/1400/1400 1399/1399/1399 2333/2333/2333
f 2334/2334/2334 2332/2332/2332 2333/2333/2333
f 2333/2333/2333 1399/1399/1399 2335/2335/2335
f 2333/2333/2333 2335/2335/2335 2334/2334/2334
f 1399/1399/1399 1376/1376/1376 2335/2335/2335
f 2335/2335/2335 1376/1376/1376 1373/1373/1373
f 2335/2335/2335 1373/1373/1373 2336/2336/2336
f 2334/2334/2334 2335/2335/2335 2336/2336/2336
f 2336/2336/2336 1373/1373/1373 1370/1370/1370
f 2334/2334/2334 2337/2337/2337 2332/2332/2332
f 2337/2337/2337 2331/2331/2331 2332/2332/2332
f 2334/2334/2334 2336/2336/2336 2338/2338/2338
f 2336/2336/2336 1370/1370/1370 2339/2339/2339
f 2338/2338/2338 2336/2336/2336 2339/2339/2339
f 2339/2339/2339 1370/1370/1370 1367/1367/1367
f 2340/2340/2340 2334/2334/2334 2338/2338/2338
f 2340/2340/2340 2337/2337/2337 2334/2334/2334
f 2338/2338/2338 2339/2339/2339 2341/2341/2341
f 2341/2341/2341 2340/2340/2340 2338/2338/2338
f 2339/2339/2339 1367/1367/1367 2342/2342/2342
f 2341/2341/2341 2339/2339/2339 2342/2342/2342
f 2342/2342/2342 1367/1367/1367 1364/1364/1364
f 2342/2342/2342 1364/1364/1364 2343/2343/2343
f 2343/2343/2343 1364/1364/1364 1361/1361/1361
f 2341/2341/2341 2342/2342/2342 2344/2344/2344
f 2344/2344/2344 2342/2342/2342 2343/2343/2343
f 2341/2341/2341 2345/2345/2345 2340/2340/2340
f 2344/2344/2344 2345/2345/2345 2341/2341/2341
f 2345/2345/2345 2346/2346/2346 2340/2340/2340
f 2346/2346/2346 2337/2337/2337 2340/2340/2340
f 2344/2344/2344 2347/2347/2347 2345/2345/2345
f 2346/2346/2346 2348/2348/2348 2337/2337/2337
f 2337/2337/2337 2348/2348/2348 2331/2331/2331
f 1448/1448/1448 2331/2331/2331 2348/2348/2348
f 1448/1448/1448 2348/2348/2348 1453/1453/1453
f 2348/2348/2348 1456/1456/1456 1453/1453/1453
f 2348/2348/2348 2346/2346/2346 1456/1456/1456
f 2345/2345/2345 2349/2349/2349 2346/2346/2346
f 1456/1456/1456 2346/2346/2346 2349/2349/2349
f 2347/2347/2347 2349/2349/2349 2345/2345/2345
f 1456/1456/1456 2349/2349/2349 1465/1465/1465
f 1465/1465/1465 2349/2349/2349 2350/2350/2350
f 2347/2347/2347 2350/2350/2350 2349/2349/2349
f 1465/1465/1465 2350/2350/2350 1472/1472/1472
f 2351/2351/2351 2350/2350/2350 2347/2347/2347
f 2352/2352/2352 2347/2347/2347 2344/2344/2344
f 2352/2352/2352 2351/2351/2351 2347/2347/2347
f 2344/2344/2344 2343/2343/2343 2352/2352/2352
f 1472/1472/1472 2350/2350/2350 2353/2353/2353
f 2351/2351/2351 2353/2353/2353 2350/2350/2350
f 1472/1472/1472 2353/2353/2353 2354/2354/2354
f 1466/1466/1466 1472/1472/1472 2354/2354/2354
f 2352/2352/2352 2343/2343/2343 2355/2355/2355
f 2343/2343/2343 1361/1361/1361 2355/2355/2355
f 2355/2355/2355 1361/1361/1361 1358/1358/1358
f 2352/2352/2352 2355/2355/2355 2356/2356/2356
f 2356/2356/2356 2351/2351/2351 2352/2352/2352
f 2355/2355/2355 1358/1358/1358 2357/2357/2357
f 2356/2356/2356 2355/2355/2355 2357/2357/2357
f 2357/2357/2357 1358/1358/1358 1350/1350/1350
f 2357/2357/2357 1350/1350/1350 1349/1349/1349
f 2358/2358/2358 2357/2357/2357 1349/1349/1349
f 2356/2356/2356 2357/2357/2357 2358/2358/2358
f 2358/2358/2358 1349/1349/1349 1346/1346/1346
f 2356/2356/2356 2359/2359/2359 2351/2351/2351
f 2358/2358/2358 2359/2359/2359 2356/2356/2356
f 2360/2360/2360 2351/2351/2351 2359/2359/2359
f 2360/2360/2360 2353/2353/2353 2351/2351/2351
f 2358/2358/2358 2361/2361/2361 2359/2359/2359
f 1346/1346/1346 2361/2361/2361 2358/2358/2358
f 2362/2362/2362 2360/2360/2360 2359/2359/2359
f 2362/2362/2362 2359/2359/2359 2361/2361/2361
f 2353/2353/2353 2360/2360/2360 2363/2363/2363
f 2353/2353/2353 2363/2363/2363 2354/2354/2354
f 2360/2360/2360 2362/2362/2362 2364/2364/2364
f 2360/2360/2360 2364/2364/2364 2363/2363/2363
f 2365/2365/2365 2362/2362/2362 2361/2361/2361
f 1346/1346/1346 2366/2366/2366 2361/2361/2361
f 2365/2365/2365 2361/2361/2361 2366/2366/2366
f 2367/2367/2367 2366/2366/2366 1346/1346/1346
f 2367/2367/2367 1346/1346/1346 1341/1341/1341
f 1344/1344/1344 2367/2367/2367 1341/1341/1341
f 2368/2368/2368 2366/2366/2366 2367/2367/2367
f 2368/2368/2368 2365/2365/2365 2366/2366/2366
f 2369/2369/2369 2367/2367/2367 1344/1344/1344
f 2369/2369/2369 2368/2368/2368 2367/2367/2367
f 2370/2370/2370 2369/2369/2369 1344/1344/1344
f 2370/2370/2370 1344/1344/1344 2371/2371/2371
f 2368/2368/2368 2369/2369/2369 2372/2372/2372
f 2369/2369/2369 2370/2370/2370 2373/2373/2373
f 2369/2369/2369 2373/2373/2373 2372/2372/2372
f 2374/2374/2374 2370/2370/2370 2371/2371/2371
f 2374/2374/2374 2371/2371/2371 2375/2375/2375
f 2376/2376/2376 2374/2374/2374 2375/2375/2375
f 2376/2376/2376 2375/2375/2375 2377/2377/2377
f 2374/2374/2374 2376/2376/2376 2378/2378/2378
f 2370/2370/2370 2374/2374/2374 2379/2379/2379
f 2374/2374/2374 2378/2378/2378 2379/2379/2379
f 2370/2370/2370 2379/2379/2379 2373/2373/2373
f 2379/2379/2379 2378/2378/2378 2380/2380/2380
f 2373/2373/2373 2379/2379/2379 2381/2381/2381
f 2379/2379/2379 2380/2380/2380 2381/2381/2381
f 2373/2373/2373 2381/2381/2381 2382/2382/2382
f 2372/2372/2372 2373/2373/2373 2382/2382/2382
f 2380/2380/2380 2383/2383/2383 2381/2381/2381
f 2380/2380/2380 2384/2384/2384 2383/2383/2383
f 2385/2385/2385 2382/2382/2382 2381/2381/2381
f 2385/2385/2385 2381/2381/2381 2383/2383/2383
f 2384/2384/2384 2386/2386/2386 2383/2383/2383
f 2384/2384/2384 2387/2387/2387 2386/2386/2386
f 2388/2388/2388 2385/2385/2385 2383/2383/2383
f 2388/2388/2388 2383/2383/2383 2386/2386/2386
f 2387/2387/2387 2389/2389/2389 2386/2386/2386
f 2387/2387/2387 2390/2390/2390 2389/2389/2389
f 2386/2386/2386 2391/2391/2391 2388/2388/2388
f 2386/2386/2386 2389/2389/2389 2391/2391/2391
f 2390/2390/2390 2392/2392/2392 2389/2389/2389
f 2390/2390/2390 2393/2393/2393 2392/2392/2392
f 2394/2394/2394 2392/2392/2392 2393/2393/2393
f 2389/2389/2389 2392/2392/2392 2395/2395/2395
f 2389/2389/2389 2395/2395/2395 2391/2391/2391
f 2394/2394/2394 2396/2396/2396 2392/2392/2392
f 2396/2396/2396 2395/2395/2395 2392/2392/2392
f 2397/2397/2397 2396/2396/2396 2394/2394/2394
f 2397/2397/2397 2398/2398/2398 2396/2396/2396
f 2398/2398/2398 2397/2397/2397 2399/2399/2399
f 2396/2396/2396 2400/2400/2400 2395/2395/2395
f 2398/2398/2398 2400/2400/2400 2396/2396/2396
f 2401/2401/2401 2391/2391/2391 2395/2395/2395
f 2400/2400/2400 2401/2401/2401 2395/2395/2395
f 2398/2398/2398 2399/2399/2399 2402/2402/2402
f 2402/2402/2402 2399/2399/2399 2403/2403/2403
f 2398/2398/2398 2404/2404/2404 2400/2400/2400
f 2404/2404/2404 2398/2398/2398 2402/2402/2402
f 2400/2400/2400 2405/2405/2405 2401/2401/2401
f 2404/2404/2404 2405/2405/2405 2400/2400/2400
f 2401/2401/2401 2406/2406/2406 2391/2391/2391
f 2406/2406/2406 2388/2388/2388 2391/2391/2391
f 2405/2405/2405 2407/2407/2407 2401/2401/2401
f 2407/2407/2407 2406/2406/2406 2401/2401/2401
f 2406/2406/2406 2408/2408/2408 2388/2388/2388
f 2408/2408/2408 2385/2385/2385 2388/2388/2388
f 2407/2407/2407 2409/2409/2409 2406/2406/2406
f 2409/2409/2409 2408/2408/2408 2406/2406/2406
f 2408/2408/2408 2410/2410/2410 2385/2385/2385
f 2410/2410/2410 2382/2382/2382 2385/2385/2385
f 2409/2409/2409 2411/2411/2411 2408/2408/2408
f 2410/2410/2410 2408/2408/2408 2411/2411/2411
f 2410/2410/2410 2412/2412/2412 2382/2382/2382
f 2372/2372/2372 2382/2382/2382 2412/2412/2412
f 2410/2410/2410 2411/2411/2411 2413/2413/2413
f 2412/2412/2412 2410/2410/2410 2413/2413/2413
f 2414/2414/2414 2372/2372/2372 2412/2412/2412
f 2368/2368/2368 2372/2372/2372 2414/2414/2414
f 2365/2365/2365 2368/2368/2368 2414/2414/2414
f 2414/2414/2414 2412/2412/2412 2415/2415/2415
f 2412/2412/2412 2413/2413/2413 2415/2415/2415
f 2365/2365/2365 2414/2414/2414 2416/2416/2416
f 2416/2416/2416 2414/2414/2414 2415/2415/2415
f 2362/2362/2362 2365/2365/2365 2416/2416/2416
f 2362/2362/2362 2416/2416/2416 2364/2364/2364
f 2416/2416/2416 2415/2415/2415 2417/2417/2417
f 2364/2364/2364 2416/2416/2416 2417/2417/2417
f 2415/2415/2415 2413/2413/2413 2418/2418/2418
f 2415/2415/2415 2418/2418/2418 2417/2417/2417
f 2364/2364/2364 2417/2417/2417 2419/2419/2419
f 2363/2363/2363 2364/2364/2364 2419/2419/2419
f 2417/2417/2417 2418/2418/2418 2420/2420/2420
f 2417/2417/2417 2420/2420/2420 2419/2419/2419
f 2413/2413/2413 2421/2421/2421 2418/2418/2418
f 2413/2413/2413 2411/2411/2411 2421/2421/2421
f 2418/2418/2418 2422/2422/2422 2420/2420/2420
f 2418/2418/2418 2421/2421/2421 2422/2422/2422
f 2423/2423/2423 2421/2421/2421 2411/2411/2411
f 2423/2423/2423 2411/2411/2411 2409/2409/2409
f 2424/2424/2424 2422/2422/2422 2421/2421/2421
f 2424/2424/2424 2421/2421/2421 2423/2423/2423
f 2420/2420/2420 2422/2422/2422 2425/2425/2425
f 2426/2426/2426 2422/2422/2422 2424/2424/2424
f 2426/2426/2426 2425/2425/2425 2422/2422/2422
f 2420/2420/2420 2425/2425/2425 2427/2427/2427
f 2419/2419/2419 2420/2420/2420 2427/2427/2427
f 2428/2428/2428 2425/2425/2425 2426/2426/2426
f 2419/2419/2419 2427/2427/2427 2429/2429/2429
f 2363/2363/2363 2419/2419/2419 2429/2429/2429
f 2427/2427/2427 2425/2425/2425 2430/2430/2430
f 2428/2428/2428 2430/2430/2430 2425/2425/2425
f 2429/2429/2429 2427/2427/2427 2431/2431/2431
f 2427/2427/2427 2430/2430/2430 2431/2431/2431
f 2432/2432/2432 2363/2363/2363 2429/2429/2429
f 2429/2429/2429 2431/2431/2431 2432/2432/2432
f 2432/2432/2432 2354/2354/2354 2363/2363/2363
f 1466/1466/1466 2354/2354/2354 2432/2432/2432
f 2432/2432/2432 1470/1470/1470 1466/1466/1466
f 2432/2432/2432 2431/2431/2431 1470/1470/1470
f 2431/2431/2431 1473/1473/1473 1470/1470/1470
f 2431/2431/2431 2430/2430/2430 1473/1473/1473
f 1475/1475/1475 1473/1473/1473 2430/2430/2430
f 1475/1475/1475 2430/2430/2430 2428/2428/2428
f 1535/1535/1535 1475/1475/1475 2428/2428/2428
f 1535/1535/1535 2428/2428/2428 2433/2433/2433
f 2433/2433/2433 2428/2428/2428 2426/2426/2426
f 1536/1536/1536 1535/1535/1535 2433/2433/2433
f 1548/1548/1548 1536/1536/1536 2433/2433/2433
f 2433/2433/2433 2426/2426/2426 2434/2434/2434
f 1548/1548/1548 2433/2433/2433 2434/2434/2434
f 2434/2434/2434 2426/2426/2426 2424/2424/2424
f 2435/2435/2435 1548/1548/1548 2434/2434/2434
f 1550/1550/1550 1548/1548/1548 2435/2435/2435
f 2434/2434/2434 2424/2424/2424 2436/2436/2436
f 2435/2435/2435 2434/2434/2434 2436/2436/2436
f 2436/2436/2436 2424/2424/2424 2423/2423/2423
f 2437/2437/2437 1550/1550/1550 2435/2435/2435
f 1550/1550/1550 2437/2437/2437 1551/1551/1551
f 2438/2438/2438 2435/2435/2435 2436/2436/2436
f 2437/2437/2437 2435/2435/2435 2438/2438/2438
f 2436/2436/2436 2423/2423/2423 2439/2439/2439
f 2438/2438/2438 2436/2436/2436 2439/2439/2439
f 2439/2439/2439 2423/2423/2423 2409/2409/2409
f 2439/2439/2439 2409/2409/2409 2407/2407/2407
f 2440/2440/2440 2439/2439/2439 2407/2407/2407
f 2440/2440/2440 2438/2438/2438 2439/2439/2439
f 2405/2405/2405 2440/2440/2440 2407/2407/2407
f 2441/2441/2441 2437/2437/2437 2438/2438/2438
f 2441/2441/2441 2438/2438/2438 2440/2440/2440
f 2442/2442/2442 2440/2440/2440 2405/2405/2405
f 2442/2442/2442 2441/2441/2441 2440/2440/2440
f 2404/2404/2404 2442/2442/2442 2405/2405/2405
f 2437/2437/2437 2441/2441/2441 2443/2443/2443
f 2437/2437/2437 2443/2443/2443 1551/1551/1551
f 1551/1551/1551 2443/2443/2443 1554/1554/1554
f 2443/2443/2443 1610/1610/1610 1554/1554/1554
f 2441/2441/2441 2444/2444/2444 2443/2443/2443
f 2443/2443/2443 2444/2444/2444 1610/1610/1610
f 2441/2441/2441 2442/2442/2442 2444/2444/2444
f 2442/2442/2442 2404/2404/2404 2445/2445/2445
f 2442/2442/2442 2445/2445/2445 2444/2444/2444
f 2404/2404/2404 2402/2402/2402 2445/2445/2445
f 2444/2444/2444 2446/2446/2446 1610/1610/1610
f 2444/2444/2444 2445/2445/2445 2446/2446/2446
f 1613/1613/1613 1610/1610/1610 2446/2446/2446
f 2445/2445/2445 2402/2402/2402 2447/2447/2447
f 2445/2445/2445 2447/2447/2447 2446/2446/2446
f 2402/2402/2402 2403/2403/2403 2447/2447/2447
f 1613/1613/1613 2446/2446/2446 2448/2448/2448
f 2448/2448/2448 2446/2446/2446 2447/2447/2447
f 1615/1615/1615 1613/1613/1613 2448/2448/2448
f 2403/2403/2403 2449/2449/2449 2447/2447/2447
f 2448/2448/2448 2447/2447/2447 2449/2449/2449
f 2403/2403/2403 2450/2450/2450 2449/2449/2449
f 1615/1615/1615 2448/2448/2448 2451/2451/2451
f 2451/2451/2451 2448/2448/2448 2449/2449/2449
f 1617/1617/1617 1615/1615/1615 2451/2451/2451
f 2450/2450/2450 2452/2452/2452 2449/2449/2449
f 2451/2451/2451 2449/2449/2449 2452/2452/2452
f 2450/2450/2450 2453/2453/2453 2452/2452/2452
f 1617/1617/1617 2451/2451/2451 2454/2454/2454
f 2452/2452/2452 2454/2454/2454 2451/2451/2451
f 1625/1625/1625 1617/1617/1617 2454/2454/2454
f 2453/2453/2453 2455/2455/2455 2452/2452/2452
f 2452/2452/2452 2455/2455/2455 2454/2454/2454
f 2453/2453/2453 2456/2456/2456 2455/2455/2455
f 1625/1625/1625 2454/2454/2454 2457/2457/2457
f 2455/2455/2455 2457/2457/2457 2454/2454/2454
f 1626/1626/1626 1625/1625/1625 2457/2457/2457
f 2456/2456/2456 2458/2458/2458 2455/2455/2455
f 2455/2455/2455 2458/2458/2458 2457/2457/2457
f 2456/2456/2456 2459/2459/2459 2458/2458/2458
f 2460/2460/2460 2458/2458/2458 2459/2459/2459
f 2461/2461/2461 2457/2457/2457 2458/2458/2458
f 2460/2460/2460 2461/2461/2461 2458/2458/2458
f 2461/2461/2461 1626/1626/1626 2457/2457/2457
f 2462/2462/2462 2461/2461/2461 2460/2460/2460
f 2462/2462/2462 2463/2463/2463 2461/2461/2461
f 2463/2463/2463 1626/1626/1626 2461/2461/2461
f 2463/2463/2463 2462/2462/2462 1670/1670/1670
f 2463/2463/2463 2464/2464/2464 1626/1626/1626
f 2464/2464/2464 1620/1620/1620 1626/1626/1626
f 2464/2464/2464 1621/1621/1621 1620/1620/1620
f 2463/2463/2463 1670/1670/1670 2465/2465/2465
f 2464/2464/2464 2463/2463/2463 2465/2465/2465
f 1670/1670/1670 1666/1666/1666 2465/2465/2465
f 2465/2465/2465 1666/1666/1666 1652/1652/1652
f 2464/2464/2464 2465/2465/2465 2466/2466/2466
f 1621/1621/1621 2464/2464/2464 2466/2466/2466
f 2465/2465/2465 1652/1652/1652 2466/2466/2466
f 1621/1621/1621 2466/2466/2466 1622/1622/1622
f 1622/1622/1622 2466/2466/2466 1652/1652/1652
f 2467/2467/2467 2468/2468/2468 2469/2469/2469
f 2467/2467/2467 2469/2469/2469 2470/2470/2470
f 2469/2469/2469 2471/2471/2471 2470/2470/2470
f 2472/2472/2472 2468/2468/2468 2467/2467/2467
f 2472/2472/2472 2467/2467/2467 1501/1501/1501
f 1500/1500/1500 2472/2472/2472 1501/1501/1501
f 1514/1514/1514 2472/2472/2472 1500/1500/1500
f 1514/1514/1514 2473/2473/2473 2472/2472/2472
f 2473/2473/2473 2468/2468/2468 2472/2472/2472
f 2473/2473/2473 1514/1514/1514 1515/1515/1515
f 2474/2474/2474 2469/2469/2469 2468/2468/2468
f 2473/2473/2473 2474/2474/2474 2468/2468/2468
f 2473/2473/2473 1515/1515/1515 2475/2475/2475
f 2474/2474/2474 2473/2473/2473 2475/2475/2475
f 2475/2475/2475 1515/1515/1515 1518/1518/1518
f 2475/2475/2475 1518/1518/1518 2476/2476/2476
f 1518/1518/1518 1520/1520/1520 2476/2476/2476
f 1572/1572/1572 2476/2476/2476 1520/1520/1520
f 2477/2477/2477 2475/2475/2475 2476/2476/2476
f 2477/2477/2477 2476/2476/2476 1572/1572/1572
f 2474/2474/2474 2475/2475/2475 2477/2477/2477
f 2478/2478/2478 2477/2477/2477 1572/1572/1572
f 2478/2478/2478 1572/1572/1572 1575/1575/1575
f 1765/1765/1765 2478/2478/2478 1575/1575/1575
f 2479/2479/2479 2474/2474/2474 2477/2477/2477
f 2479/2479/2479 2477/2477/2477 2478/2478/2478
f 2474/2474/2474 2479/2479/2479 2469/2469/2469
f 2480/2480/2480 2478/2478/2478 1765/1765/1765
f 2480/2480/2480 2479/2479/2479 2478/2478/2478
f 1764/1764/1764 2480/2480/2480 1765/1765/1765
f 2480/2480/2480 1764/1764/1764 1771/1771/1771
f 2479/2479/2479 2480/2480/2480 2481/2481/2481
f 2479/2479/2479 2481/2481/2481 2469/2469/2469
f 2480/2480/2480 1771/1771/1771 2481/2481/2481
f 2469/2469/2469 2481/2481/2481 2471/2471/2471
f 2481/2481/2481 1771/1771/1771 1772/1772/1772
f 2481/2481/2481 1772/1772/1772 2471/2471/2471
f 2482/2482/2482 2483/2483/2483 2484/2484/2484
f 2482/2482/2482 2484/2484/2484 2485/2485/2485
f 2483/2483/2483 2486/2486/2486 2484/2484/2484
f 2483/2483/2483 2487/2487/2487 2486/2486/2486
f 2487/2487/2487 2488/2488/2488 2486/2486/2486
f 2487/2487/2487 2489/2489/2489 2488/2488/2488
f 2490/2490/2490 2491/2491/2491 2492/2492/2492
f 2490/2490/2490 2492/2492/2492 2493/2493/2493
f 2491/2491/2491 2494/2494/2494 2492/2492/2492
f 2491/2491/2491 2495/2495/2495 2494/2494/2494
f 2495/2495/2495 2496/2496/2496 2494/2494/2494
f 2495/2495/2495 2497/2497/2497 2496/2496/2496
f 2498/2498/2498 2499/2499/2499 2500/2500/2500
f 2501/2501/2501 2502/2502/2502 2503/2503/2503
f 2504/2504/2504 2505/2505/2505 2506/2506/2506
f 2507/2507/2507 2508/2508/2508 2509/2509/2509
