o Sponza_Mesh_070
v -1.628726 2.224194 0.090990
v -1.627297 2.224779 0.048176
v -1.581623 2.196838 0.049401
v -1.586883 2.182921 0.092003
v -1.631011 2.222390 0.234184
v -1.576362 2.210754 0.006798
v -1.531006 2.195102 0.008226
v -1.588174 2.181901 0.235140
v -1.632794 2.220561 0.377725
v -1.536546 2.182033 0.050946
v -1.542086 2.168964 0.093666
v -1.495530 2.167524 0.052070
v -1.489813 2.180221 0.009178
v -1.589069 2.180768 0.378624
v -1.634219 2.218851 0.477301
v -1.543024 2.169075 0.236601
v -1.501247 2.154827 0.094964
v -1.543528 2.168979 0.380163
v -1.589675 2.179618 0.478066
v -1.634968 2.217247 0.589932
v -1.502976 2.156033 0.237814
v -1.459941 2.142622 0.095520
v -1.454989 2.156172 0.052508
v -1.450038 2.169723 0.009495
v -1.589678 2.178763 0.590955
v -1.635175 2.215446 0.734754
v -1.543647 2.168791 0.479601
v -1.589050 2.177907 0.735845
v -1.635014 2.213466 0.879902
v -1.543692 2.168830 0.592391
v -1.503960 2.156998 0.381482
v -1.504272 2.157841 0.480950
v -1.463991 2.143927 0.238550
v -1.466838 2.145287 0.382293
v -1.504993 2.158307 0.593515
v -1.543098 2.169042 0.737366
v -1.587941 2.177020 0.881062
v -1.634561 2.211359 1.025411
v -1.468605 2.146764 0.481916
v -1.586471 2.176117 1.026612
v -1.633996 2.209202 1.171319
v -1.541886 2.169388 0.882718
v -1.505014 2.159213 0.738651
v -1.470295 2.147095 0.594277
v -1.584860 2.175190 1.172445
v -1.633530 2.207058 1.317658
v -1.540198 2.169845 1.028405
v -1.504295 2.160491 0.884178
v -1.471499 2.148182 0.739577
v -1.583341 2.174233 1.318529
v -1.633402 2.204981 1.464446
v -1.538231 2.170359 1.174398
v -1.502954 2.162075 1.030061
v -1.472039 2.149907 0.885282
v -1.433783 2.136709 0.886056
v -1.471900 2.152181 1.031391
v -1.501142 2.163882 1.176280
v -1.536185 2.170918 1.320682
v -1.582119 2.173225 1.464850
v -1.499061 2.165902 1.322832
v -1.471126 2.154907 1.177883
v -1.534209 2.171585 1.467227
v -1.581423 2.172153 1.611444
v -1.633940 2.203018 1.611723
v -1.582050 2.170886 1.758356
v -1.635960 2.201232 1.759525
v -1.532482 2.172567 1.613854
v -1.582758 2.168344 1.905792
v -1.639499 2.199629 1.908022
v -1.638342 2.197783 2.059268
v -1.531320 2.173922 1.760405
v -1.567226 2.167009 2.059248
v -1.496967 2.168252 1.469692
v -1.495270 2.171184 1.616751
v -1.527981 2.177528 1.908593
v -1.494585 2.175026 1.764155
v -1.469874 2.158033 1.324748
v -1.468437 2.161613 1.471963
v -1.467299 2.165786 1.619465
v -1.437610 2.145483 1.326498
v -1.495922 2.182395 1.913133
v -1.437851 2.150115 1.474207
v -1.436922 2.141674 1.179226
v -1.389489 2.129083 1.327948
v -1.467413 2.170764 1.767412
v -1.437892 2.155579 1.622334
v -1.393284 2.132967 1.476342
v -1.438374 2.161941 1.770984
v -1.396941 2.138785 1.625445
v -1.470837 2.178309 1.915967
v -1.400520 2.146620 1.775345
v -1.441014 2.170198 1.920218
v -1.340961 2.131875 1.779422
v -1.481949 2.191926 2.063847
v -1.404976 2.156619 1.926235
v -1.449333 2.182488 2.069462
v -1.507713 2.198901 2.062130
v -1.523072 2.199148 2.061778
v -1.487558 2.216894 2.133340
v -1.516878 2.227511 2.129323
v -1.566575 2.203803 2.131767
v -1.623788 2.199847 2.139598
v -1.534831 2.234579 2.127849
v -1.566250 2.222200 2.168026
v -1.616510 2.200879 2.179763
v -1.540711 2.252296 2.160884
v -1.565925 2.240597 2.204286
v -1.546590 2.270011 2.193919
v -1.526043 2.256121 2.196517
v -1.521461 2.241816 2.162920
v -1.493167 2.241862 2.202834
v -1.490362 2.229378 2.168087
v -1.456108 2.217538 2.176035
v -1.458366 2.229221 2.211559
v -1.453850 2.205855 2.140511
v -1.418874 2.204524 2.187841
v -1.420897 2.216057 2.224446
v -1.416850 2.192991 2.151235
v -1.412804 2.169926 2.078025
v -1.352541 2.139866 1.932910
v -1.366946 2.154444 2.088559
v -1.374037 2.178666 2.165542
v -1.377582 2.190776 2.204032
v -1.381126 2.202887 2.242523
v -1.311293 2.181438 2.181575
v -1.326471 2.189036 2.222322
v -1.341649 2.196634 2.263070
v -1.307053 2.196316 2.240758
v -1.300598 2.197337 2.202106
v -1.265840 2.191773 2.227525
v -1.280937 2.166241 2.100078
v -1.267031 2.164959 1.938388
v -1.294142 2.198359 2.163452
v -1.270269 2.189595 2.189684
v -1.217122 2.192915 2.185315
v -1.210688 2.197229 2.222588
v -1.281230 2.200400 2.086145
v -1.262055 2.167389 1.782254
v -1.274698 2.187417 2.151843
v -1.223556 2.188602 2.148041
v -1.283555 2.183062 2.076162
v -1.263612 2.207894 1.935386
v -1.236424 2.179975 2.073494
v -1.270029 2.196143 1.929039
v -1.256638 2.210226 1.783147
v -1.242309 2.189354 1.925558
v -1.260543 2.203635 1.779770
v -1.251571 2.211078 1.632237
v -1.203674 2.185454 1.927218
v -1.242046 2.198091 1.777276
v -1.196143 2.182802 2.076577
v -1.194455 2.206309 2.149792
v -1.208421 2.191101 1.778869
v -1.253151 2.210567 1.630959
v -1.193612 2.218063 2.186400
v -1.192769 2.229815 2.223007
v -1.172510 2.212475 2.190371
v -1.173878 2.222512 2.226478
v -1.171140 2.202439 2.154266
v -1.168402 2.182366 2.082055
v -1.135902 2.196243 2.160511
v -1.135978 2.205957 2.197400
v -1.136055 2.215671 2.234288
v -1.135747 2.176814 2.086735
v -1.099541 2.186469 2.170299
v -1.098812 2.196415 2.208782
v -1.098082 2.206362 2.247264
v -1.100999 2.166575 2.093335
v -1.050434 2.186676 2.222762
v -1.058481 2.196776 2.263285
v -1.022321 2.194920 2.242372
v -1.042387 2.176575 2.182238
v -1.018293 2.193808 2.204092
v -0.980601 2.190743 2.230088
v -1.026294 2.156375 2.101192
v -1.014264 2.192697 2.165813
v -0.985154 2.187705 2.192523
v -0.931779 2.190057 2.187855
v -0.925588 2.194835 2.224940
v -0.989707 2.184667 2.154959
v -1.006206 2.190474 2.089253
v -0.937970 2.185279 2.150771
v -0.950352 2.175723 2.076600
v -0.998814 2.178592 2.079830
v -1.031602 2.145722 1.943441
v -0.992096 2.186887 1.940066
v -1.104099 2.159778 1.939542
v -1.035398 2.141394 1.790476
v -0.985382 2.188181 1.933894
v -0.988428 2.180438 1.789098
v -0.956051 2.182778 1.929559
v -1.138845 2.173587 1.935265
v -1.106265 2.154295 1.788396
v -0.975659 2.189683 1.785711
v -0.916868 2.180872 1.929626
v -0.987223 2.174904 1.639448
v -1.038657 2.140042 1.639548
v -0.953609 2.187738 1.782066
v -0.969326 2.190659 1.637065
v -0.988318 2.170120 1.490454
v -1.107450 2.150327 1.638423
v -0.950356 2.191535 1.634222
v -0.965150 2.190555 1.489012
v -1.041936 2.140031 1.490033
v -0.990790 2.166178 1.342203
v -1.143842 2.172252 1.785421
v -1.108367 2.147994 1.489315
v -1.171198 2.181436 1.931066
v -1.176239 2.183558 1.782041
v -1.148662 2.171506 1.636331
v -1.181653 2.186665 1.633563
v -1.212472 2.197481 1.630860
v -1.152944 2.171228 1.487777
v -1.186808 2.190167 1.485468
v -1.240672 2.205948 1.629274
v -1.215674 2.203690 1.483185
v -1.247697 2.215707 1.482543
v -1.238623 2.212339 1.481756
v -1.191178 2.193870 1.337744
v -1.156738 2.171538 1.339722
v -1.109662 2.146872 1.340992
v -1.217773 2.209257 1.335822
v -1.045196 2.140162 1.341616
v -1.048238 2.140035 1.194044
v -0.993565 2.163022 1.194670
v -0.962893 2.189371 1.341372
v -0.996050 2.160369 1.047806
v -0.947065 2.194410 1.486866
v -0.961905 2.187681 1.194196
v -0.944189 2.196162 1.339866
v -0.922388 2.188545 1.633783
v -0.923761 2.192203 1.486403
v -0.920233 2.184532 1.781550
v -0.941916 2.197113 1.193173
v -0.924317 2.195049 1.339430
v -0.961589 2.185830 1.047546
v -0.924217 2.197166 1.192812
v -0.940173 2.197526 1.046861
v -0.961490 2.183950 0.901449
v -0.997970 2.157922 0.901566
v -0.923668 2.198732 1.046582
v -0.938766 2.197582 0.900991
v -0.961317 2.182030 0.755911
v -0.922802 2.199908 0.900770
v -0.902309 2.192999 1.046877
v -0.937490 2.197357 0.755607
v -0.900970 2.190754 1.193354
v -0.898815 2.188308 1.340295
v -0.870710 2.178323 1.047419
v -0.895791 2.185692 1.487675
v -0.868893 2.176310 1.194172
v -0.866622 2.174707 1.341459
v -0.892033 2.182958 1.635510
v -0.863826 2.173573 1.489265
v -0.887936 2.180430 1.783830
v -0.860366 2.172846 1.637602
v -0.825158 2.155368 1.342238
v -0.824198 2.154808 1.490406
v -0.826384 2.156798 1.194741
v -0.766417 2.144855 1.342808
v -0.827870 2.158806 1.047856
v -0.769775 2.146829 1.195260
v -0.772998 2.148803 1.048353
v -0.829528 2.161199 0.901538
v -0.776123 2.150746 0.902027
v -0.872114 2.180639 0.901198
v -0.902950 2.195043 0.900875
v -0.873122 2.183153 0.755506
v -0.921655 2.200790 0.755399
v -0.902993 2.196892 0.755353
v -0.936124 2.196897 0.610755
v -0.831256 2.163864 0.755773
v -0.779178 2.152678 0.756256
v -0.920181 2.201428 0.610434
v -0.902461 2.198553 0.610208
v -0.960825 2.180030 0.611020
v -0.934718 2.196192 0.497545
v -0.959890 2.177957 0.497478
v -0.999235 2.155439 0.755911
v -0.918713 2.201855 0.497790
v -0.999838 2.152731 0.610974
v -0.999642 2.149925 0.497711
v -1.054989 2.136761 0.755399
v -1.053166 2.138402 0.900989
v -1.050922 2.139479 1.047191
v -1.056418 2.134619 0.610475
v -1.115521 2.145838 0.900168
v -1.111386 2.146411 1.193394
v -1.113399 2.146159 1.046470
v -1.160086 2.172397 1.192198
v -1.163010 2.173650 1.045221
v -1.194539 2.197562 1.190429
v -1.165490 2.175133 0.898787
v -1.196894 2.201124 1.043542
v -1.218868 2.213984 1.188766
v -1.236348 2.217364 1.334536
v -1.219105 2.217974 1.042030
v -1.243876 2.219435 1.334476
v -1.234162 2.221319 1.187602
v -1.241288 2.222194 1.186809
v -1.248936 2.211219 1.482097
v -1.247885 2.211298 1.333041
v -1.261616 2.169182 1.629661
v -1.262717 2.171466 1.479309
v -1.331960 2.128602 1.627818
v -1.325069 2.128775 1.477702
v -1.320145 2.130992 1.328830
v -1.264245 2.173937 1.330430
v -1.247727 2.211718 1.185049
v -1.265666 2.176364 1.182626
v -1.385724 2.126932 1.180206
v -1.316889 2.134180 1.180924
v -1.435651 2.138733 1.032406
v -1.382030 2.126316 1.033090
v -1.378471 2.126989 0.886596
v -1.314699 2.137931 1.033828
v -1.431392 2.135602 0.740194
v -1.266936 2.178800 1.035643
v -1.428558 2.135355 0.594774
v -1.375088 2.128668 0.740702
v -1.313141 2.141954 0.887470
v -1.268006 2.181224 0.889359
v -1.425580 2.135835 0.482487
v -1.371781 2.131112 0.595214
v -1.311935 2.145987 0.741767
v -1.268686 2.183633 0.743725
v -1.421490 2.135470 0.382525
v -1.368214 2.134020 0.482702
v -1.310952 2.149912 0.596422
v -1.268872 2.185890 0.598598
v -1.309646 2.154220 0.483213
v -1.268485 2.188303 0.484648
v -1.363094 2.137458 0.382469
v -1.306534 2.161310 0.382939
v -1.416157 2.135775 0.238802
v -1.357180 2.142167 0.238895
v -1.409497 2.136988 0.095358
v -1.407400 2.152522 0.052386
v -1.405304 2.168056 0.009414
v -1.350747 2.148483 0.095003
v -1.353977 2.165538 0.052310
v -1.357206 2.182595 0.009618
v -1.303742 2.169344 0.239656
v -1.301234 2.178323 0.095564
v -1.309813 2.194466 0.053260
v -1.318393 2.210608 0.010956
v -1.270664 2.208570 0.097254
v -1.281167 2.222982 0.055175
v -1.291670 2.237394 0.013097
v -1.268370 2.256779 0.015458
v -1.260054 2.242246 0.057512
v -1.242941 2.265876 0.017974
v -1.269870 2.201701 0.241350
v -1.251738 2.227711 0.099566
v -1.240697 2.250763 0.060117
v -1.219617 2.259083 0.020537
v -1.269095 2.195124 0.384481
v -1.249729 2.224112 0.243500
v -1.238453 2.235650 0.102259
v -1.224494 2.246885 0.062901
v -1.202404 2.239699 0.022853
v -1.247715 2.220801 0.386834
v -1.245506 2.217490 0.486690
v -1.235768 2.234194 0.245712
v -1.233922 2.232773 0.389239
v -1.246803 2.215895 0.600692
v -1.232598 2.231530 0.488717
v -1.229372 2.234688 0.105264
v -1.225951 2.234397 0.247835
v -1.224014 2.233831 0.391255
v -1.211214 2.232907 0.065583
v -1.183302 2.209364 0.024582
v -1.220023 2.226116 0.108314
v -1.193330 2.205657 0.067765
v -1.216698 2.227624 0.249919
v -1.203357 2.201950 0.110947
v -1.160082 2.166617 0.068970
v -1.150411 2.172621 0.025357
v -1.169751 2.160613 0.112584
v -1.200886 2.207249 0.251995
v -1.214581 2.228173 0.393240
v -1.223259 2.232921 0.490414
v -1.198914 2.210414 0.395298
v -1.170543 2.169079 0.253825
v -1.234020 2.229961 0.602336
v -1.213306 2.227929 0.491930
v -1.225040 2.231602 0.603565
v -1.247470 2.214610 0.745862
v -1.235774 2.228445 0.747619
v -1.247696 2.213536 0.891615
v -1.247750 2.212570 1.037976
v -1.237583 2.226710 0.893398
v -1.239419 2.224607 1.039750
v -1.227531 2.229794 0.748835
v -1.229978 2.227431 0.894586
v -1.232179 2.224563 1.040894
v -1.215408 2.226608 0.604526
v -1.217347 2.224407 0.749871
v -1.218598 2.221479 0.895686
v -1.198326 2.204535 0.897118
v -1.198867 2.207645 0.751214
v -1.167444 2.176675 0.752894
v -1.117602 2.145343 0.754433
v -1.198496 2.210297 0.605778
v -1.168794 2.178158 0.607570
v -1.119444 2.144659 0.609352
v -1.197224 2.212116 0.493621
v -1.169370 2.179316 0.495595
v -1.170231 2.175183 0.397155
v -1.120678 2.143496 0.497350
v -1.118926 2.139124 0.398059
v -1.056957 2.132181 0.497925
v -1.115098 2.133748 0.254402
v -1.053375 2.131055 0.397539
v -1.108572 2.128129 0.111943
v -1.048077 2.131107 0.253546
v -0.997934 2.152211 0.396696
v -1.103177 2.140359 0.068171
v -1.097782 2.152590 0.024399
v -1.041242 2.133390 0.109558
v -1.044357 2.149438 0.066248
v -1.047472 2.165484 0.022939
v -0.995998 2.155785 0.252746
v -0.994383 2.161350 0.108001
v -1.003731 2.176691 0.065415
v -1.013078 2.192032 0.022830
v -0.960844 2.180357 0.396574
v -0.962179 2.183341 0.252832
v -0.964470 2.187160 0.108197
v -0.974489 2.201754 0.066049
v -0.984508 2.216348 0.023902
v -0.956506 2.229931 0.025408
v -0.950134 2.215132 0.067546
v -0.930514 2.230778 0.026821
v -0.943761 2.200334 0.109684
v -0.929590 2.216858 0.069235
v -0.902562 2.221503 0.027837
v -0.939714 2.198869 0.253572
v -0.928668 2.202938 0.111650
v -0.905993 2.209858 0.070622
v -0.867038 2.203995 0.028130
v -0.936860 2.197505 0.397125
v -0.924296 2.202798 0.254522
v -0.921069 2.202399 0.397988
v -0.909425 2.198213 0.113406
v -0.906204 2.199454 0.255422
v -0.903632 2.199944 0.398822
v -0.901626 2.200019 0.498028
v -0.876375 2.186042 0.256010
v -0.873708 2.185771 0.610217
v -0.875146 2.187599 0.399373
v -0.873850 2.188335 0.498255
v -0.832948 2.166741 0.610455
v -0.834336 2.169618 0.498330
v -0.834380 2.168870 0.399348
v -0.833672 2.167313 0.255990
v -0.877489 2.183224 0.114346
v -0.784778 2.156406 0.498295
v -0.782182 2.154602 0.610990
v -0.783930 2.157067 0.398811
v -0.730691 2.158969 0.498071
v -0.727953 2.159235 0.611379
v -0.724628 2.159555 0.756533
v -0.683211 2.174634 0.497932
v -0.721070 2.160033 0.902250
v -0.681711 2.176333 0.611474
v -0.680062 2.178168 0.756495
v -0.717266 2.160841 1.048532
v -0.678523 2.180142 0.902110
v -0.713247 2.162209 1.195405
v -0.677306 2.182294 1.048256
v -0.650555 2.192649 0.901508
v -0.651851 2.193515 1.047389
v -0.649753 2.191511 0.756082
v -0.649230 2.190194 0.611199
v -0.630862 2.194949 0.900878
v -0.632654 2.194656 1.046616
v -0.629092 2.194894 0.755559
v -0.608252 2.190193 0.900813
v -0.609156 2.188984 1.046727
v -0.609405 2.187442 1.193120
v -0.634348 2.193860 1.192744
v -0.653836 2.193947 1.193679
v -0.635688 2.192318 1.339239
v -0.676714 2.184588 1.194923
v -0.656659 2.193679 1.340324
v -0.677202 2.186819 1.342080
v -0.709216 2.164454 1.342909
v -0.660307 2.192411 1.487310
v -0.636326 2.189831 1.486135
v -0.608727 2.185503 1.340002
v -0.679321 2.188563 1.489691
v -0.762888 2.143012 1.491139
v -0.705726 2.167884 1.491099
v -0.823163 2.155497 1.639326
v -0.759018 2.141863 1.640473
v -0.856226 2.172536 1.786532
v -0.821512 2.157655 1.789091
v -0.754503 2.142369 1.791143
v -0.883967 2.178860 1.932788
v -0.851831 2.173042 1.936349
v -0.818605 2.161366 1.940165
v -0.909062 2.179877 2.078934
v -0.881466 2.180735 2.083692
v -0.908312 2.204002 2.151803
v -0.849214 2.176135 2.087676
v -0.885107 2.200784 2.155681
v -0.907936 2.216064 2.188237
v -0.907561 2.228127 2.224671
v -0.886927 2.210809 2.191675
v -0.888747 2.220833 2.227670
v -0.849981 2.195359 2.161338
v -0.850364 2.204971 2.198169
v -0.850747 2.214583 2.234999
v -0.814977 2.166953 2.093834
v -0.813882 2.186452 2.170679
v -0.813334 2.196201 2.209102
v -0.812786 2.205951 2.247525
v -0.748564 2.146462 1.943876
v -0.741142 2.157015 2.101457
v -0.765574 2.186855 2.222725
v -0.773719 2.196800 2.263147
v -0.738030 2.194146 2.242286
v -0.757430 2.176908 2.182303
v -0.733932 2.193214 2.204063
v -0.696010 2.189338 2.230154
v -0.729834 2.192283 2.165838
v -0.700734 2.186508 2.192550
v -0.646942 2.188323 2.188011
v -0.640688 2.193090 2.225135
v -0.721636 2.190420 2.089390
v -0.705459 2.183678 2.154945
v -0.653194 2.183555 2.150887
v -0.622796 2.214436 2.188258
v -0.622599 2.226596 2.224678
v -0.622992 2.202276 2.151838
v -0.665701 2.174018 2.076639
v -0.714908 2.178018 2.079735
v -0.707074 2.186449 1.940591
v -0.700503 2.188350 1.934157
v -0.704027 2.178899 1.789618
v -0.703705 2.172737 1.639960
v -0.690082 2.189176 1.786322
v -0.683526 2.189390 1.637755
v -0.671694 2.181726 1.929674
v -0.668537 2.186657 1.782541
v -0.664427 2.190026 1.634715
v -0.631353 2.179149 1.929480
v -0.634530 2.182703 1.781304
v -0.635942 2.186467 1.633499
v -0.623385 2.177957 2.078999
v -0.606971 2.183211 1.487396
v -0.604236 2.180768 1.635294
v -0.574887 2.172771 1.341309
v -0.600988 2.178510 1.783684
v -0.573545 2.171889 1.489102
v -0.571258 2.171315 1.637447
v -0.597534 2.177211 1.932713
v -0.568127 2.171126 1.786403
v -0.595309 2.179221 2.083658
v -0.564606 2.171800 1.936249
v -0.599574 2.199174 2.155591
v -0.562730 2.174954 2.087550
v -0.601708 2.209151 2.191558
v -0.603841 2.219128 2.227525
v -0.564149 2.194046 2.161194
v -0.564858 2.203592 2.198017
v -0.565568 2.213139 2.234838
v -0.527450 2.195383 2.208929
v -0.527323 2.205049 2.247353
v -0.527576 2.185719 2.170506
v -0.527829 2.166388 2.093659
v -0.530620 2.161026 1.940000
v -0.480132 2.187172 2.222546
v -0.488748 2.196802 2.262953
v -0.453707 2.193451 2.242046
v -0.471516 2.177542 2.182138
v -0.449408 2.192826 2.203823
v -0.411098 2.188150 2.230115
v -0.454285 2.158282 2.101323
v -0.445108 2.192202 2.165600
v -0.416006 2.185592 2.192411
v -0.361826 2.187635 2.188206
v -0.355528 2.192577 2.225419
v -0.460716 2.148223 1.943784
v -0.436509 2.190953 2.089155
v -0.420914 2.183035 2.154706
v -0.368123 2.182694 2.150994
v -0.430730 2.177919 2.079298
v -0.380718 2.172811 2.076569
v -0.420688 2.188023 1.940574
v -0.415453 2.189463 1.933873
v -0.466058 2.144291 1.791139
v -0.416736 2.180938 1.789723
v -0.532668 2.157558 1.788952
v -0.469824 2.143828 1.640603
v -0.533382 2.155580 1.639221
v -0.533166 2.154971 1.490391
v -0.472518 2.145234 1.491320
v -0.532464 2.155583 1.342295
v -0.474450 2.147452 1.342950
v -0.416670 2.170397 1.491072
v -0.415582 2.174970 1.640014
v -0.403999 2.190769 1.786320
v -0.396472 2.191154 1.637904
v -0.387187 2.181541 1.929370
v -0.383636 2.187232 1.782507
v -0.345834 2.177938 1.929415
v -0.337572 2.176506 2.079202
v -0.349235 2.181850 1.781143
v -0.337514 2.201261 2.151968
v -0.378673 2.190872 1.634922
v -0.391254 2.190390 1.489896
v -0.337485 2.213639 2.188351
v -0.337456 2.226016 2.224734
v -0.418910 2.167437 1.342890
v -0.316374 2.208439 2.191564
v -0.318756 2.218550 2.227470
v -0.313993 2.198327 2.155659
v -0.279523 2.202898 2.198020
v -0.280479 2.212544 2.234785
v -0.278566 2.193253 2.161255
v -0.309229 2.178103 2.083849
v -0.276654 2.173961 2.087726
v -0.241922 2.194866 2.208951
v -0.242104 2.204610 2.247318
v -0.241741 2.185122 2.170586
v -0.241377 2.165635 2.093854
v -0.194116 2.187234 2.222675
v -0.203046 2.196725 2.262998
v -0.167251 2.194751 2.242355
v -0.185185 2.177743 2.182353
v -0.162842 2.194107 2.204147
v -0.124623 2.191305 2.230616
v -0.167322 2.158762 2.101707
v -0.158431 2.193461 2.165939
v -0.129282 2.188383 2.192860
v -0.075999 2.191546 2.188638
v -0.069959 2.196743 2.225885
v -0.133940 2.185461 2.155103
v -0.149611 2.192171 2.089523
v -0.082039 2.186348 2.151390
v -0.094119 2.175952 2.076895
v -0.143257 2.179617 2.079590
v -0.173100 2.148377 1.944200
v -0.132933 2.189708 1.941006
v -0.243375 2.159963 1.940237
v -0.177819 2.144190 1.791546
v -0.127866 2.192023 1.934065
v -0.127934 2.182578 1.790234
v -0.277865 2.170376 1.936459
v -0.244544 2.156165 1.789227
v -0.180570 2.143520 1.640914
v -0.311300 2.175767 1.932839
v -0.280779 2.169215 1.786626
v -0.314657 2.176839 1.783743
v -0.244305 2.153691 1.639640
v -0.283292 2.168956 1.637642
v -0.317608 2.178942 1.635222
v -0.350349 2.185914 1.633382
v -0.284726 2.169064 1.489283
v -0.373361 2.193274 1.487594
v -0.319606 2.181330 1.487298
v -0.349755 2.189422 1.486070
v -0.388005 2.188809 1.342273
v -0.368415 2.194486 1.340574
v -0.320262 2.183503 1.339919
v -0.421450 2.165849 1.195393
v -0.386278 2.186939 1.195080
v -0.347823 2.191902 1.339209
v -0.364292 2.194813 1.193883
v -0.345169 2.193420 1.192725
v -0.385556 2.185193 1.048386
v -0.423782 2.165212 1.048523
v -0.475924 2.149870 1.195358
v -0.361063 2.194568 1.047562
v -0.531753 2.157030 1.194846
v -0.477105 2.152244 1.048432
v -0.575472 2.174004 1.194066
v -0.531186 2.158959 1.047994
v -0.575461 2.175521 1.047369
v -0.575017 2.177231 0.901210
v -0.530795 2.161184 0.901702
v -0.478169 2.154526 0.902090
v -0.425835 2.165133 0.902229
v -0.385443 2.183692 0.902210
v -0.427651 2.165377 0.756480
v -0.479194 2.156745 0.756303
v -0.530510 2.163598 0.755955
v -0.429324 2.165785 0.611240
v -0.385666 2.182445 0.756558
v -0.480243 2.158919 0.610965
v -0.386079 2.181391 0.611473
v -0.358594 2.193975 0.901658
v -0.356690 2.193208 0.756206
v -0.386562 2.180510 0.497909
v -0.342250 2.194227 1.046610
v -0.339336 2.194543 0.900886
v -0.355160 2.192353 0.611283
v -0.336558 2.194556 0.755570
v -0.318298 2.186703 1.046670
v -0.319725 2.185301 1.193049
v -0.316286 2.187758 0.900774
v -0.283318 2.171204 1.047494
v -0.284475 2.170194 1.194206
v -0.285026 2.169463 1.341471
v -0.236798 2.153998 1.048328
v -0.238783 2.152940 1.195222
v -0.240893 2.152359 1.342719
v -0.242902 2.152514 1.490848
v -0.181734 2.144514 1.491571
v -0.181781 2.146083 1.343218
v -0.181233 2.147774 1.195637
v -0.125870 2.176405 1.640476
v -0.125710 2.171814 1.491482
v -0.126181 2.168942 1.343242
v -0.115302 2.194139 1.786663
v -0.106610 2.194933 1.638340
v -0.100730 2.184850 1.929365
v -0.096373 2.191464 1.782550
v -0.100223 2.194463 1.490331
v -0.060147 2.181762 1.929331
v -0.089969 2.195919 1.635150
v -0.063350 2.186803 1.781028
v -0.083211 2.199018 1.487942
v -0.095636 2.193273 1.342674
v -0.126576 2.167404 1.195709
v -0.063632 2.192074 1.633403
v -0.180410 2.149392 1.048709
v -0.092307 2.191943 1.195454
v -0.076970 2.200931 1.340959
v -0.126649 2.166708 1.048825
v -0.071610 2.202010 1.194244
v -0.061934 2.196544 1.486211
v -0.058959 2.199823 1.339392
v -0.035797 2.192731 1.339694
v -0.089766 2.190766 1.048736
v -0.055381 2.202082 1.192898
v -0.067104 2.202556 1.047879
v -0.126421 2.166458 0.902544
v -0.087687 2.189801 0.902549
v -0.179534 2.150879 0.902372
v -0.126016 2.166354 0.756836
v -0.235015 2.155359 0.902014
v -0.178761 2.152204 0.756603
v -0.233459 2.156897 0.756266
v -0.281752 2.172407 0.901334
v -0.279939 2.173715 0.755714
v -0.313949 2.188550 0.755351
v -0.333920 2.194391 0.610671
v -0.311462 2.189178 0.610316
v -0.354098 2.191407 0.498153
v -0.278034 2.175078 0.610520
v -0.331713 2.194146 0.498227
v -0.309162 2.189781 0.498355
v -0.332792 2.193671 0.398834
v -0.232182 2.158536 0.610990
v -0.276238 2.176452 0.498649
v -0.309310 2.188385 0.399313
v -0.275186 2.174558 0.399710
v -0.231115 2.160140 0.498831
v -0.178247 2.153334 0.611370
v -0.228554 2.158832 0.399595
v -0.274418 2.172079 0.256343
v -0.310110 2.186664 0.255913
v -0.225763 2.157122 0.256138
v -0.273882 2.168634 0.114614
v -0.177850 2.154199 0.498640
v -0.174536 2.155056 0.398814
v -0.222409 2.154954 0.113715
v -0.125600 2.166172 0.611726
v -0.125075 2.165799 0.498405
v -0.170922 2.156035 0.255216
v -0.123082 2.168513 0.398095
v -0.082716 2.187169 0.498336
v -0.085878 2.188965 0.756903
v -0.084247 2.188123 0.611878
v -0.063272 2.202775 0.901931
v -0.059921 2.202771 0.756443
v -0.056858 2.202588 0.611484
v -0.051630 2.203609 1.046752
v -0.047921 2.204650 0.900990
v -0.044324 2.205366 0.755637
v -0.035119 2.195449 1.192847
v -0.033543 2.197593 1.046456
v -0.031383 2.199283 0.900522
v -0.007882 2.181324 1.047155
v -0.006854 2.182841 0.900922
v -0.028880 2.200639 0.755046
v -0.040803 2.205871 0.610660
v -0.008363 2.179854 1.193920
v -0.054223 2.202199 0.498271
v -0.026205 2.201795 0.609910
v -0.037714 2.206281 0.498082
v -0.005499 2.184409 0.755210
v -0.023711 2.202966 0.497866
v 0.027633 2.157416 0.755736
v -0.004006 2.186076 0.609897
v 0.027875 2.158862 0.610391
v -0.002612 2.187888 0.498030
v 0.027762 2.160724 0.498530
v -0.004176 2.186111 0.399742
v 0.026360 2.157371 0.400240
v 0.073272 2.132206 0.498882
v 0.075042 2.132031 0.610824
v -0.025050 2.202273 0.399147
v 0.024214 2.153146 0.257006
v -0.007022 2.183714 0.256490
v -0.039015 2.206430 0.398611
v -0.027993 2.201478 0.255750
v -0.055140 2.203371 0.398141
v -0.041891 2.206635 0.255035
v -0.011485 2.180318 0.115687
v -0.032919 2.200394 0.114102
v -0.082589 2.189638 0.397886
v -0.057176 2.204663 0.254439
v -0.046784 2.206871 0.112266
v -0.121230 2.171624 0.254394
v -0.083062 2.192380 0.254150
v -0.166802 2.157674 0.111694
v -0.060904 2.206108 0.110581
v -0.119754 2.175759 0.110050
v -0.084688 2.195756 0.109698
v -0.169158 2.173151 0.068555
v -0.219917 2.168080 0.070362
v -0.269331 2.179542 0.071386
v -0.217426 2.181206 0.027010
v -0.264780 2.190450 0.028158
v -0.171513 2.188628 0.025417
v -0.126651 2.191558 0.067377
v -0.133547 2.207357 0.024703
v -0.092463 2.211235 0.067391
v -0.100238 2.226714 0.025083
v -0.070083 2.236676 0.026071
v -0.065494 2.221392 0.068326
v -0.045290 2.234236 0.027344
v -0.046038 2.220554 0.069805
v -0.022617 2.220486 0.028518
v -0.027768 2.210440 0.071310
v 0.002362 2.193947 0.029399
v -0.004562 2.187133 0.072543
v 0.028038 2.154770 0.072765
v 0.034680 2.162170 0.029287
v 0.021396 2.147370 0.116242
v 0.075930 2.129776 0.071249
v 0.078669 2.140989 0.027678
v 0.073193 2.118564 0.114819
v 0.073068 2.123822 0.256580
v 0.073274 2.128361 0.400070
v 0.137944 2.123399 0.498597
v 0.138545 2.121058 0.398769
v 0.139402 2.118898 0.254774
v 0.140350 2.117410 0.111540
v 0.200210 2.148233 0.396553
v 0.200010 2.148828 0.252238
v 0.135507 2.130679 0.068214
v 0.130666 2.143950 0.024886
v 0.198990 2.150881 0.107669
v 0.187012 2.162878 0.064705
v 0.175034 2.174874 0.021741
v 0.236504 2.190568 0.250107
v 0.216466 2.204431 0.062370
v 0.200273 2.214523 0.019992
v 0.232660 2.194339 0.104749
v 0.234104 2.235295 0.061417
v 0.217442 2.245131 0.019498
v 0.236406 2.268203 0.019138
v 0.250766 2.225460 0.103336
v 0.250623 2.256317 0.061030
v 0.261104 2.284286 0.018409
v 0.256814 2.222038 0.248622
v 0.264840 2.244431 0.102921
v 0.270219 2.269667 0.060594
v 0.287020 2.287226 0.017751
v 0.272120 2.241919 0.247504
v 0.279334 2.255049 0.102780
v 0.289228 2.272122 0.060306
v 0.307560 2.276392 0.017413
v 0.287246 2.253038 0.246534
v 0.291435 2.257018 0.102859
v 0.304124 2.264347 0.060318
v 0.326983 2.253466 0.016378
v 0.320910 2.244799 0.059632
v 0.353008 2.220309 0.013819
v 0.300687 2.252301 0.103224
v 0.300005 2.255135 0.245744
v 0.293333 2.250671 0.389855
v 0.314836 2.236132 0.102886
v 0.309447 2.250755 0.245149
v 0.307110 2.252986 0.388994
v 0.277054 2.239180 0.391096
v 0.312563 2.250479 0.488450
v 0.260486 2.219159 0.392520
v 0.297655 2.248006 0.489736
v 0.280412 2.236448 0.491652
v 0.238566 2.188268 0.394284
v 0.262754 2.216658 0.493678
v 0.239321 2.186839 0.495591
v 0.199866 2.148920 0.497390
v 0.237686 2.188564 0.608965
v 0.261132 2.215496 0.606901
v 0.280394 2.233453 0.604608
v 0.199524 2.152282 0.610489
v 0.139351 2.126033 0.611091
v 0.300320 2.244773 0.602597
v 0.076161 2.131910 0.755935
v 0.316894 2.247653 0.601218
v 0.076649 2.131765 0.901690
v 0.140558 2.128499 0.756114
v 0.198587 2.155793 0.755624
v 0.235037 2.189715 0.754136
v 0.197208 2.159448 0.901402
v 0.258627 2.213473 0.752072
v 0.231505 2.190469 0.899864
v 0.255295 2.210783 0.897658
v 0.279888 2.229849 0.749846
v 0.279006 2.225586 0.895366
v 0.250977 2.207455 1.043648
v 0.277651 2.220556 1.041282
v 0.227026 2.190895 1.046069
v 0.275938 2.214829 1.187609
v 0.141635 2.130832 0.901831
v 0.195468 2.163371 1.047739
v 0.245697 2.203604 1.189935
v 0.221429 2.191055 1.192651
v 0.142878 2.133166 1.048154
v 0.193238 2.167912 1.194650
v 0.239862 2.199375 1.336503
v 0.214670 2.190809 1.339509
v 0.274062 2.208562 1.334409
v 0.234134 2.194991 1.483416
v 0.272078 2.202019 1.481727
v 0.310777 2.219823 1.333752
v 0.311773 2.212549 1.481570
v 0.311934 2.204588 1.629932
v 0.309166 2.226283 1.186471
v 0.269985 2.195493 1.629585
v 0.340769 2.211735 1.630439
v 0.311096 2.195988 1.778694
v 0.307227 2.231966 1.039690
v 0.305095 2.236920 0.893501
v 0.331342 2.231643 1.185178
v 0.327991 2.236545 1.038290
v 0.302789 2.241141 0.747895
v 0.324495 2.240802 0.892060
v 0.320839 2.244453 0.746430
v 0.333670 2.236023 1.036965
v 0.331703 2.239097 0.890753
v 0.329333 2.241846 0.745136
v 0.326466 2.244325 0.600046
v 0.335234 2.232619 1.183824
v 0.337626 2.226578 1.034789
v 0.337825 2.228627 0.888706
v 0.337419 2.230514 0.743181
v 0.336798 2.224265 1.181484
v 0.351370 2.186049 1.031422
v 0.350501 2.179250 1.177881
v 0.352286 2.191559 0.885553
v 0.394812 2.140211 0.883125
v 0.352931 2.196153 0.740217
v 0.336432 2.232245 0.598163
v 0.400194 2.133229 1.029222
v 0.322907 2.246568 0.487773
v 0.334770 2.233954 0.486658
v 0.316832 2.248889 0.388500
v 0.329112 2.235303 0.387558
v 0.322573 2.235976 0.244122
v 0.352900 2.203679 0.484253
v 0.353165 2.200111 0.595314
v 0.348875 2.203997 0.385407
v 0.344255 2.203848 0.242093
v 0.390848 2.147318 0.737659
v 0.387801 2.154203 0.592690
v 0.385355 2.160367 0.480939
v 0.383028 2.162387 0.382251
v 0.380217 2.163699 0.239087
v 0.434571 2.132211 0.379354
v 0.438642 2.128381 0.478337
v 0.338834 2.202845 0.100713
v 0.431087 2.135718 0.236014
v 0.445238 2.124346 0.591491
v 0.377409 2.164193 0.096666
v 0.345921 2.211577 0.057266
v 0.383334 2.176693 0.053464
v 0.389261 2.189193 0.010261
v 0.428046 2.139301 0.092536
v 0.429794 2.155394 0.049834
v 0.431542 2.171486 0.007134
v 0.478345 2.150059 0.047392
v 0.475534 2.167185 0.005014
v 0.522576 2.172002 0.003603
v 0.486632 2.128754 0.233874
v 0.481156 2.132934 0.089770
v 0.528022 2.155592 0.045956
v 0.572353 2.182339 0.002365
v 0.533468 2.139183 0.088310
v 0.578488 2.166765 0.044876
v 0.626142 2.193587 0.044016
v 0.623614 2.194842 0.001044
v 0.628669 2.192331 0.086988
v 0.584623 2.151191 0.087386
v 0.539915 2.136887 0.232648
v 0.590238 2.150689 0.231683
v 0.632935 2.192662 0.230572
v 0.492228 2.125576 0.377556
v 0.545783 2.135964 0.376558
v 0.498144 2.123523 0.477186
v 0.594853 2.151301 0.375577
v 0.636386 2.193846 0.374180
v 0.550914 2.136327 0.476624
v 0.598212 2.152674 0.475603
v 0.638889 2.195051 0.473788
v 0.640557 2.195426 0.586098
v 0.599456 2.154570 0.588263
v 0.641841 2.195227 0.730774
v 0.504666 2.124391 0.591089
v 0.554245 2.139244 0.590145
v 0.599711 2.156043 0.732946
v 0.642812 2.194599 0.875846
v 0.510353 2.126622 0.736294
v 0.556171 2.142238 0.735034
v 0.599417 2.157249 0.878074
v 0.643553 2.193682 1.021292
v 0.452822 2.121400 0.736750
v 0.460706 2.120024 0.882492
v 0.557107 2.145243 0.880388
v 0.514920 2.129822 0.881935
v 0.468619 2.120498 1.028785
v 0.598723 2.158249 1.023563
v 0.644248 2.192602 1.167177
v 0.557207 2.148216 1.026101
v 0.597868 2.159096 1.169376
v 0.645072 2.191468 1.313509
v 0.518338 2.133786 1.027985
v 0.556654 2.151131 1.172129
v 0.597106 2.159873 1.315502
v 0.646195 2.190373 1.460305
v 0.520601 2.138351 1.174404
v 0.555695 2.153995 1.318461
v 0.596643 2.160675 1.461926
v 0.648036 2.189397 1.607590
v 0.476238 2.123035 1.175594
v 0.521766 2.143343 1.321158
v 0.554557 2.156924 1.465030
v 0.596947 2.161619 1.608747
v 0.651287 2.188567 1.755422
v 0.407516 2.126984 1.175998
v 0.350350 2.170752 1.325018
v 0.417162 2.122433 1.323488
v 0.483186 2.127691 1.322865
v 0.352238 2.160119 1.472970
v 0.335340 2.221516 1.328848
v 0.429262 2.120850 1.471732
v 0.333203 2.217883 1.476922
v 0.358733 2.147227 1.621980
v 0.336493 2.228888 1.331402
v 0.334635 2.225954 1.332810
v 0.337429 2.224801 1.479762
v 0.337870 2.219302 1.481250
v 0.330242 2.212491 1.625869
v 0.337750 2.220323 1.629046
v 0.326373 2.203899 1.776080
v 0.337563 2.215379 1.779765
v 0.343395 2.202681 1.780047
v 0.324211 2.188331 1.928431
v 0.374582 2.133734 1.772676
v 0.443749 2.124039 1.620806
v 0.459610 2.134651 1.771018
v 0.489174 2.134416 1.470578
v 0.493736 2.143253 1.618685
v 0.521944 2.148738 1.468199
v 0.521166 2.154432 1.615354
v 0.553785 2.160015 1.611670
v 0.598517 2.162729 1.756163
v 0.554298 2.163562 1.758527
v 0.600809 2.164340 1.904683
v 0.656070 2.188306 1.904492
v 0.519990 2.160215 1.762542
v 0.554873 2.169032 1.906705
v 0.600198 2.169273 2.053819
v 0.658878 2.190375 2.056903
v 0.495499 2.153737 1.767010
v 0.521273 2.168880 1.911702
v 0.547328 2.181849 2.054714
v 0.598342 2.187768 2.126971
v 0.654124 2.193727 2.136548
v 0.494214 2.163796 1.915788
v 0.520752 2.192419 2.061805
v 0.543574 2.204670 2.123767
v 0.597414 2.197015 2.163547
v 0.651747 2.195403 2.176371
v 0.596487 2.206263 2.200123
v 0.649370 2.197079 2.216194
v 0.541697 2.216080 2.158295
v 0.539819 2.227491 2.192822
v 0.521385 2.226932 2.127108
v 0.521702 2.244188 2.159759
v 0.522018 2.261445 2.192411
v 0.503602 2.187914 2.066405
v 0.505886 2.225939 2.132076
v 0.507028 2.244952 2.164912
v 0.508170 2.263964 2.197747
v 0.486476 2.246078 2.207995
v 0.468986 2.155428 1.921723
v 0.474248 2.176823 2.071465
v 0.407642 2.128692 1.927339
v 0.438274 2.161728 2.081256
v 0.480362 2.211451 2.139730
v 0.344055 2.152946 2.090761
v 0.483419 2.228764 2.173862
v 0.444539 2.193640 2.151942
v 0.447673 2.209595 2.187284
v 0.450806 2.225550 2.222627
v 0.396226 2.194610 2.204735
v 0.413616 2.208498 2.242726
v 0.378836 2.180722 2.166744
v 0.336454 2.198573 2.088783
v 0.353883 2.197620 2.176452
v 0.362598 2.197143 2.220287
v 0.371313 2.196667 2.264122
v 0.334644 2.198588 2.242437
v 0.337161 2.194109 2.202746
v 0.296462 2.195933 2.229211
v 0.339677 2.189630 2.163055
v 0.299404 2.191271 2.191448
v 0.252754 2.193439 2.221277
v 0.344710 2.180674 2.083674
v 0.302346 2.186610 2.153686
v 0.256154 2.188734 2.184636
v 0.229129 2.194444 2.182546
v 0.229439 2.201903 2.219763
v 0.259554 2.184028 2.147996
v 0.198871 2.169135 2.216958
v 0.308229 2.177286 2.078160
v 0.228818 2.186986 2.145330
v 0.194779 2.170434 2.180548
v 0.149006 2.186248 2.190098
v 0.151646 2.188654 2.227340
v 0.266354 2.174617 2.074715
v 0.121573 2.193620 2.203838
v 0.116830 2.194893 2.241960
v 0.228197 2.172068 2.070899
v 0.190687 2.171735 2.144139
v 0.146366 2.183843 2.152855
v 0.126314 2.192348 2.165716
v 0.141086 2.179033 2.078371
v 0.088791 2.186165 2.223372
v 0.080720 2.196862 2.263558
v 0.041567 2.208011 2.247550
v 0.096862 2.175468 2.183186
v 0.040757 2.198043 2.209264
v 0.004723 2.217313 2.234911
v 0.005224 2.207343 2.198193
v -0.032243 2.223667 2.227749
v 0.039946 2.188077 2.170979
v 0.113004 2.154074 2.102816
v -0.030148 2.213181 2.191838
v -0.051184 2.229885 2.225093
v 0.005725 2.197374 2.161475
v 0.038326 2.168144 2.094408
v 0.135799 2.189803 2.089472
v 0.100162 2.139408 1.945298
v 0.151562 2.181742 1.941234
v 0.159158 2.188171 1.933698
v 0.154421 2.168280 1.790507
v 0.182504 2.174335 2.071318
v 0.184070 2.182962 1.927598
v 0.171658 2.186786 1.786322
v 0.089934 2.132806 1.792395
v 0.153551 2.156350 1.640639
v 0.033074 2.162663 1.940651
v 0.083256 2.130567 1.641379
v 0.006726 2.177434 2.088040
v 0.028590 2.159351 1.789481
v 0.004302 2.174018 1.936474
v -0.028053 2.202694 2.155927
v -0.023862 2.181722 2.084105
v -0.051308 2.217392 2.188674
v -0.051433 2.204899 2.152254
v -0.051682 2.179914 2.079415
v -0.026606 2.179641 1.932703
v -0.030336 2.181940 1.783347
v -0.000090 2.174061 1.786434
v 0.025806 2.157322 1.639774
v -0.003952 2.175419 1.637378
v -0.033362 2.185605 1.634834
v -0.035266 2.189407 1.487002
v -0.006638 2.176953 1.489029
v -0.008033 2.178409 1.341216
v 0.024665 2.156037 1.490873
v 0.024674 2.155389 1.342609
v 0.025321 2.155282 1.194979
v 0.077538 2.130516 1.342979
v 0.079450 2.130213 1.491678
v 0.026210 2.155625 1.047976
v 0.076833 2.131018 1.195127
v 0.027038 2.156350 0.901573
v 0.076733 2.131472 1.048056
v 0.144725 2.136098 1.195199
v 0.147412 2.140462 1.342982
v 0.190170 2.173091 1.342033
v 0.150646 2.147037 1.491458
v 0.185862 2.178452 1.489805
v 0.179894 2.183350 1.637926
v 0.206954 2.190052 1.486626
v 0.198590 2.188806 1.633945
v 0.190596 2.186768 1.781331
v 0.229202 2.190575 1.630696
v 0.225395 2.181388 1.925184
v 0.226243 2.186198 1.778217
v 0.268027 2.189270 1.777866
v 0.266502 2.182929 1.925990
v 0.309511 2.186947 1.927853
v 0.345082 2.191862 1.930409
v 0.336857 2.208882 1.932633
v -0.428505 2.174789 0.111006
v -0.473951 2.165706 0.112134
v -0.474532 2.180587 0.069126
v -0.429390 2.171902 0.254511
v -0.390131 2.186650 0.110898
v -0.432219 2.190320 0.068311
v -0.475112 2.195470 0.026119
v -0.518594 2.193172 0.027068
v -0.435934 2.205851 0.025617
v -0.521205 2.180122 0.070218
v -0.563138 2.201781 0.027741
v -0.394466 2.201846 0.068434
v -0.398802 2.217042 0.025970
v -0.364664 2.221588 0.026838
v -0.362542 2.207282 0.069321
v -0.334956 2.217558 0.027702
v -0.336246 2.204798 0.070393
v -0.303953 2.206333 0.028214
v -0.360420 2.192975 0.111803
v -0.388599 2.184507 0.254471
v -0.307867 2.195267 0.071180
v -0.337537 2.192039 0.113082
v -0.311782 2.184202 0.114146
v -0.334598 2.193046 0.255382
v -0.357478 2.192547 0.254858
v -0.355515 2.192015 0.398359
v -0.387474 2.182507 0.397935
v -0.430645 2.166322 0.497824
v -0.430039 2.169137 0.397901
v -0.476746 2.164347 0.255079
v -0.479015 2.162715 0.398456
v -0.481064 2.161025 0.498126
v -0.523816 2.167071 0.113368
v -0.526126 2.168161 0.255618
v -0.528166 2.168529 0.399020
v -0.529938 2.168646 0.498361
v -0.530278 2.166129 0.610618
v -0.571398 2.181700 0.399203
v -0.571989 2.182650 0.498404
v -0.573170 2.180863 0.610357
v -0.603590 2.192506 0.498306
v -0.570891 2.180412 0.255759
v -0.574230 2.179037 0.755582
v -0.605237 2.191862 0.610347
v -0.606902 2.191130 0.755378
v -0.627334 2.194606 0.610682
v -0.625860 2.194139 0.498134
v -0.649000 2.188707 0.498000
v -0.604198 2.191650 0.398954
v -0.627481 2.193879 0.398431
v -0.605214 2.190699 0.255459
v -0.570595 2.178376 0.113868
v -0.651015 2.189295 0.397982
v -0.629540 2.193667 0.254888
v -0.606809 2.189266 0.113415
v -0.566867 2.190078 0.070804
v -0.604283 2.201373 0.070554
v -0.601758 2.213479 0.027692
v -0.632350 2.193325 0.112375
v -0.632833 2.206699 0.069758
v -0.633315 2.220074 0.027139
v -0.653222 2.190028 0.254450
v -0.655986 2.190931 0.111266
v -0.659825 2.205278 0.068835
v -0.663662 2.219625 0.026405
v -0.684763 2.176348 0.397812
v -0.686076 2.178298 0.254288
v -0.730814 2.161088 0.398126
v -0.730259 2.163280 0.254640
v -0.782120 2.157435 0.255389
v -0.687382 2.180731 0.110621
v -0.728958 2.165950 0.111093
v -0.779033 2.157649 0.112558
v -0.831958 2.164688 0.113993
v -0.872263 2.193610 0.071238
v -0.827688 2.176605 0.070721
v -0.823418 2.188522 0.027450
v -0.778510 2.172096 0.069421
v -0.777986 2.186543 0.026284
v -0.732699 2.181371 0.068306
v -0.736440 2.196792 0.025519
v -0.692814 2.195775 0.068144
v -0.698246 2.210818 0.025667
v -1.627297 2.224779 0.048176
v -1.573539 2.224510 0.049690
v -1.576362 2.210754 0.006798
v -1.625868 2.225364 0.005362
v -1.628726 2.224194 0.090990
v -1.527498 2.209407 0.050928
v -1.531006 2.195102 0.008226
v -1.570717 2.238264 0.092582
v -1.631011 2.222390 0.234184
v -1.523990 2.223711 0.093629
v -1.573283 2.237602 0.235662
v -1.632794 2.220561 0.377725
v -1.486616 2.194941 0.051870
v -1.489813 2.180221 0.009178
v -1.483419 2.209660 0.094563
v -1.526205 2.224226 0.236707
v -1.575344 2.236767 0.379212
v -1.634219 2.218851 0.477301
v -1.576943 2.235849 0.478800
v -1.634968 2.217247 0.589932
v -1.527965 2.224498 0.380259
v -1.577919 2.235210 0.591312
v -1.635175 2.215446 0.734754
v -1.529302 2.224637 0.479849
v -1.485374 2.210939 0.237641
v -1.486862 2.212064 0.381201
v -1.578512 2.234594 0.736135
v -1.635014 2.213466 0.879902
v -1.530078 2.224859 0.592377
v -1.578815 2.233952 0.881335
v -1.634561 2.211359 1.025411
v -1.530453 2.225297 0.737238
v -1.487928 2.213135 0.480807
v -1.488632 2.213596 0.593369
v -1.578904 2.233278 1.026882
v -1.633996 2.209202 1.171319
v -1.530526 2.225917 0.882495
v -1.578920 2.232542 1.172727
v -1.633530 2.207058 1.317658
v -1.530399 2.226665 1.028125
v -1.488865 2.214563 0.738282
v -1.488732 2.216007 0.883612
v -1.579037 2.231731 1.318832
v -1.633402 2.204981 1.464446
v -1.530232 2.227460 1.174095
v -1.488357 2.217851 1.029343
v -1.530210 2.228265 1.320368
v -1.579454 2.230822 1.465170
v -1.580460 2.229803 1.611772
v -1.633940 2.203018 1.611723
v -1.530543 2.229127 1.466871
v -1.487926 2.220000 1.175451
v -1.582763 2.228538 1.758823
v -1.635960 2.201232 1.759525
v -1.531531 2.230216 1.613414
v -1.487648 2.222412 1.321903
v -1.487758 2.225161 1.468626
v -1.533871 2.231521 1.759740
v -1.585811 2.225918 1.906483
v -1.639499 2.199629 1.908022
v -1.537534 2.234322 1.905786
v -1.488601 2.228442 1.615493
v -1.490883 2.232535 1.762250
v -1.583828 2.222015 2.054429
v -1.638342 2.197783 2.059268
v -1.623788 2.199847 2.139598
v -1.544581 2.251356 2.050104
v -1.574877 2.231307 2.129358
v -1.570401 2.235951 2.166822
v -1.616510 2.200879 2.179763
v -1.565925 2.240597 2.204286
v -1.609234 2.201911 2.219928
v -1.546590 2.270011 2.193919
v -1.546087 2.265348 2.157966
v -1.526043 2.256121 2.196517
v -1.545585 2.260683 2.122012
v -1.520005 2.255968 2.160600
v -1.513966 2.255815 2.124683
v -1.486411 2.243168 2.166671
v -1.493167 2.241862 2.202834
v -1.479656 2.244474 2.130509
v -1.501888 2.255510 2.052850
v -1.494905 2.239859 1.908494
v -1.451503 2.231150 2.174902
v -1.458366 2.229221 2.211559
v -1.444640 2.233079 2.138243
v -1.413921 2.218021 2.186799
v -1.420897 2.216057 2.224446
v -1.406945 2.219986 2.149151
v -1.374687 2.204855 2.202946
v -1.381126 2.202887 2.242523
v -1.368248 2.206824 2.163368
v -1.336034 2.199686 2.220625
v -1.341649 2.196634 2.263070
v -1.307053 2.196316 2.240758
v -1.330419 2.202740 2.178179
v -1.309624 2.208572 2.202390
v -1.265840 2.191773 2.227525
v -1.319190 2.208846 2.093289
v -1.312196 2.220828 2.164020
v -1.268630 2.203844 2.191126
v -1.217091 2.207287 2.186429
v -1.210688 2.197229 2.222588
v -1.192769 2.229815 2.223007
v -1.223494 2.217346 2.150271
v -1.271421 2.215914 2.154726
v -1.317338 2.245339 2.087282
v -1.194398 2.232455 2.186348
v -1.170960 2.226788 2.189653
v -1.173878 2.222512 2.226478
v -1.196027 2.235095 2.149689
v -1.132558 2.219942 2.196691
v -1.136055 2.215671 2.234288
v -1.168042 2.231065 2.152829
v -1.129062 2.224214 2.159094
v -1.094338 2.210095 2.207978
v -1.098082 2.206362 2.247264
v -1.090593 2.213827 2.168692
v -1.055938 2.199946 2.221572
v -1.058481 2.196776 2.263285
v -1.022321 2.194920 2.242372
v -1.053394 2.203115 2.179859
v -1.024730 2.206705 2.204283
v -0.980601 2.190743 2.230088
v -1.048308 2.209454 2.096433
v -1.027138 2.218490 2.166194
v -0.983416 2.201967 2.193683
v -0.931997 2.204441 2.188778
v -0.925588 2.194835 2.224940
v -0.907561 2.228127 2.224671
v -1.083103 2.221292 2.090120
v -1.122068 2.232755 2.083900
v -1.049039 2.200621 1.940881
v -1.162205 2.239619 2.079180
v -1.083534 2.213608 1.937517
v -1.121263 2.228484 1.933946
v -1.199286 2.240375 2.076370
v -1.160718 2.238135 1.931006
v -1.236300 2.237462 2.077952
v -1.277001 2.240056 2.081927
v -1.234258 2.246342 1.929031
v -1.274112 2.253607 1.931462
v -1.311960 2.239251 1.933421
v -1.310690 2.202457 1.934863
v -1.197443 2.242753 1.928839
v -1.232186 2.254830 1.780107
v -1.355370 2.210762 2.084213
v -1.392994 2.223914 2.073857
v -1.347034 2.197180 1.929857
v -1.308114 2.202041 1.780699
v -1.384976 2.210611 1.923161
v -1.430914 2.236938 2.064927
v -1.466144 2.247087 2.058184
v -1.422768 2.224798 1.916987
v -1.458367 2.234479 1.912236
v -1.342754 2.189474 1.777518
v -1.381492 2.200998 1.772998
v -1.418997 2.216194 1.768578
v -1.454360 2.226879 1.765098
v -1.452339 2.221444 1.617726
v -1.417415 2.209446 1.620398
v -1.380047 2.193887 1.623699
v -1.340434 2.185627 1.626870
v -1.451795 2.216797 1.470447
v -1.417190 2.203921 1.472585
v -1.379571 2.188959 1.475134
v -1.339320 2.184646 1.477487
v -1.451996 2.212835 1.323443
v -1.417562 2.199529 1.325206
v -1.379453 2.185858 1.327230
v -1.338971 2.185491 1.329097
v -1.452546 2.209479 1.176787
v -1.418115 2.196172 1.178275
v -1.379427 2.184246 1.179931
v -1.339069 2.187399 1.181527
v -1.453172 2.206706 1.030523
v -1.418589 2.193807 1.031802
v -1.379333 2.183912 1.033202
v -1.339323 2.190060 1.034658
v -1.453649 2.204551 0.884670
v -1.418802 2.192387 0.885790
v -1.379067 2.184643 0.887025
v -1.339511 2.193221 0.888416
v -1.453801 2.203056 0.739246
v -1.418642 2.191834 0.740248
v -1.378555 2.186219 0.741378
v -1.339450 2.196648 0.742744
v -1.453515 2.202258 0.594264
v -1.418050 2.192048 0.595182
v -1.377737 2.188454 0.596246
v -1.339031 2.200258 0.597591
v -1.452696 2.202185 0.481665
v -1.416998 2.192852 0.482544
v -1.376570 2.191064 0.483558
v -1.338305 2.204226 0.484842
v -1.451692 2.200922 0.382033
v -1.415692 2.192836 0.382872
v -1.375235 2.193807 0.383856
v -1.337978 2.209590 0.385156
v -1.450171 2.199906 0.238454
v -1.413858 2.193387 0.239267
v -1.373598 2.197422 0.240258
v -1.337635 2.215948 0.241625
v -1.448090 2.199050 0.095366
v -1.411468 2.194608 0.096168
v -1.449063 2.184386 0.052431
v -1.450038 2.169723 0.009495
v -1.408386 2.181332 0.052791
v -1.405304 2.168056 0.009414
v -1.371720 2.202147 0.097196
v -1.364462 2.192371 0.053407
v -1.357206 2.182595 0.009618
v -1.337225 2.223263 0.098662
v -1.327809 2.216935 0.054809
v -1.318393 2.210608 0.010956
v -1.291670 2.237394 0.013097
v -1.311245 2.249414 0.100335
v -1.301458 2.243404 0.056715
v -1.268370 2.256779 0.015458
v -1.276526 2.265875 0.058724
v -1.242941 2.265876 0.017974
v -1.311304 2.241754 0.243263
v -1.284682 2.274970 0.101990
v -1.245580 2.279170 0.060714
v -1.219617 2.259083 0.020537
v -1.310970 2.234696 0.386748
v -1.286199 2.268748 0.244961
v -1.248219 2.292463 0.103452
v -1.213802 2.273656 0.062586
v -1.190458 2.252880 0.064375
v -1.202404 2.239699 0.022853
v -1.207986 2.288231 0.104634
v -1.251571 2.289639 0.246524
v -1.287150 2.262834 0.388474
v -1.211120 2.290116 0.247806
v -1.178512 2.266062 0.105898
v -1.254461 2.286643 0.390127
v -1.179285 2.271487 0.249014
v -1.157032 2.236098 0.107409
v -1.170167 2.222731 0.065995
v -1.183302 2.209364 0.024582
v -1.214206 2.290649 0.391525
v -1.141298 2.188412 0.067160
v -1.150411 2.172621 0.025357
v -1.132184 2.204204 0.108963
v -1.155754 2.243096 0.250382
v -1.180838 2.274925 0.392733
v -1.131075 2.211067 0.251862
v -1.096837 2.184543 0.109864
v -1.097309 2.168567 0.067132
v -1.097782 2.152590 0.024399
v -1.053784 2.176680 0.066548
v -1.047472 2.165484 0.022939
v -1.013078 2.192032 0.022830
v -1.060097 2.187876 0.110157
v -1.020969 2.199764 0.066706
v -0.984508 2.216348 0.023902
v -1.028858 2.207495 0.110581
v -0.991338 2.225100 0.067547
v -0.956506 2.229931 0.025408
v -1.097435 2.188615 0.252894
v -1.060565 2.187397 0.253302
v -0.959947 2.242223 0.068494
v -0.930514 2.230778 0.026821
v -0.998166 2.233852 0.111192
v -1.027618 2.203991 0.253682
v -0.928757 2.245675 0.069238
v -0.902562 2.221503 0.027837
v -0.963390 2.254516 0.111579
v -0.996405 2.229723 0.254218
v -1.060968 2.188209 0.396954
v -1.026802 2.202119 0.397339
v -1.097586 2.192664 0.396426
v -1.061134 2.189675 0.496710
v -1.130175 2.216619 0.395347
v -1.097432 2.196246 0.496055
v -1.129468 2.220934 0.494960
v -1.155401 2.248223 0.393994
v -1.155494 2.251904 0.493799
v -1.182718 2.276801 0.492643
v -1.217076 2.290239 0.491384
v -1.185418 2.275842 0.605617
v -1.157915 2.251247 0.606672
v -1.130626 2.221375 0.607725
v -1.187868 2.273948 0.750984
v -1.097595 2.198015 0.608746
v -1.159780 2.250026 0.751978
v -1.131128 2.221461 0.752990
v -1.061194 2.192072 0.609487
v -1.097283 2.199302 0.753979
v -1.026075 2.201165 0.497148
v -0.994840 2.226912 0.397799
v -1.026276 2.203963 0.609954
v -0.962518 2.251817 0.254628
v -0.993330 2.224929 0.497471
v -0.961398 2.249672 0.398164
v -0.927001 2.260572 0.111657
v -0.926645 2.260409 0.254768
v -0.960082 2.247972 0.497757
v -0.896750 2.237153 0.069806
v -0.890938 2.252804 0.111776
v -0.925942 2.259851 0.398361
v -0.890178 2.254839 0.254884
v -0.854176 2.235911 0.112051
v -0.860607 2.219953 0.070090
v -0.867038 2.203995 0.028130
v -0.820134 2.204414 0.069871
v -0.823418 2.188522 0.027450
v -0.816850 2.220307 0.112293
v -0.853051 2.238766 0.255132
v -0.889278 2.255786 0.398506
v -0.816128 2.222234 0.255374
v -0.780305 2.215294 0.112317
v -0.779146 2.200919 0.069301
v -0.777986 2.186543 0.026284
v -0.736440 2.196792 0.025519
v -0.740202 2.209202 0.068860
v -0.698246 2.210818 0.025667
v -0.702071 2.223068 0.068880
v -0.663662 2.219625 0.026405
v -0.743962 2.221611 0.112200
v -0.779948 2.215054 0.255465
v -0.705896 2.235317 0.112094
v -0.665484 2.233544 0.069180
v -0.633315 2.220074 0.027139
v -0.743324 2.219435 0.255356
v -0.667306 2.247464 0.111955
v -0.631950 2.235514 0.069475
v -0.601758 2.213479 0.027692
v -0.705112 2.232718 0.255171
v -0.630586 2.250954 0.111811
v -0.597931 2.229483 0.069799
v -0.666912 2.246035 0.254990
v -0.594104 2.245488 0.111906
v -0.559233 2.217866 0.069951
v -0.563138 2.201781 0.027741
v -0.555326 2.233951 0.112162
v -0.630406 2.251320 0.254859
v -0.593750 2.247205 0.254998
v -0.517328 2.208686 0.069715
v -0.518594 2.193172 0.027068
v -0.516062 2.224199 0.112362
v -0.554930 2.235815 0.255262
v -0.477151 2.209298 0.069254
v -0.475112 2.195470 0.026119
v -0.435934 2.205851 0.025617
v -0.479190 2.223126 0.112390
v -0.439497 2.218209 0.068948
v -0.398802 2.217042 0.025970
v -0.515970 2.224919 0.255513
v -0.443059 2.230566 0.112278
v -0.401601 2.229771 0.069092
v -0.364664 2.221588 0.026838
v -0.479203 2.221951 0.255560
v -0.404400 2.242500 0.112214
v -0.364699 2.236031 0.069462
v -0.334956 2.217558 0.027702
v -0.442811 2.227971 0.255397
v -0.364734 2.250472 0.112086
v -0.331418 2.233215 0.069828
v -0.298218 2.222413 0.070107
v -0.303953 2.206333 0.028214
v -0.327880 2.248872 0.111953
v -0.404186 2.240014 0.255299
v -0.364910 2.249725 0.255170
v -0.292483 2.238494 0.112000
v -0.328027 2.250328 0.255019
v -0.259927 2.206771 0.070246
v -0.264780 2.190450 0.028158
v -0.255074 2.223091 0.112333
v -0.292220 2.241472 0.255064
v -0.216761 2.196730 0.069738
v -0.217426 2.181206 0.027010
v -0.216097 2.212254 0.112468
v -0.254734 2.226266 0.255408
v -0.175381 2.201299 0.068850
v -0.171513 2.188628 0.025417
v -0.133547 2.207357 0.024703
v -0.179249 2.213971 0.112282
v -0.139254 2.217466 0.068446
v -0.100238 2.226714 0.025083
v -0.144959 2.227574 0.112190
v -0.105019 2.237155 0.068662
v -0.070083 2.236676 0.026071
v -0.216190 2.213978 0.255599
v -0.179314 2.213080 0.255430
v -0.071159 2.249649 0.069092
v -0.045290 2.234236 0.027344
v -0.109801 2.247597 0.112242
v -0.144235 2.224488 0.255302
v -0.040321 2.248810 0.069574
v -0.022617 2.220486 0.028518
v -0.072234 2.262622 0.112114
v -0.108778 2.243975 0.255290
v -0.179955 2.212459 0.399110
v -0.144350 2.222100 0.398948
v -0.216734 2.215266 0.399251
v -0.145006 2.219903 0.498718
v -0.071811 2.260429 0.255206
v -0.108617 2.241078 0.398882
v -0.109053 2.238461 0.498588
v -0.072086 2.258480 0.398798
v -0.072952 2.256731 0.498454
v -0.035350 2.263383 0.111802
v -0.035081 2.263890 0.254959
v -0.012066 2.234585 0.070040
v -0.001514 2.248682 0.111562
v -0.035605 2.263988 0.398609
v -0.000169 2.251969 0.254728
v 0.028559 2.221612 0.111701
v 0.015460 2.207779 0.070550
v 0.002362 2.193947 0.029399
v 0.045752 2.177414 0.070630
v 0.034680 2.162170 0.029287
v 0.056825 2.192660 0.111972
v 0.031403 2.226668 0.254732
v -0.000032 2.254216 0.398410
v 0.060145 2.198191 0.254879
v 0.088662 2.174023 0.111712
v 0.083666 2.157506 0.069695
v 0.078669 2.140989 0.027678
v 0.130666 2.143950 0.024886
v 0.128101 2.158539 0.067842
v 0.175034 2.174874 0.021741
v 0.167706 2.184268 0.065642
v 0.200273 2.214523 0.019992
v 0.125536 2.173129 0.110797
v 0.091334 2.178479 0.254702
v 0.160378 2.193662 0.109544
v 0.192459 2.220277 0.064306
v 0.217442 2.245131 0.019498
v 0.128098 2.175431 0.253936
v 0.184646 2.226030 0.108619
v 0.210370 2.251496 0.063736
v 0.236406 2.268203 0.019138
v 0.164074 2.193917 0.252749
v 0.203298 2.257862 0.107974
v 0.231230 2.277550 0.063094
v 0.261104 2.284286 0.018409
v 0.190159 2.224835 0.251702
v 0.226055 2.286895 0.107050
v 0.260435 2.296755 0.061896
v 0.287020 2.287226 0.017751
v 0.210155 2.255836 0.250888
v 0.259766 2.309223 0.105383
v 0.293451 2.300640 0.060422
v 0.307560 2.276392 0.017413
v 0.233347 2.284526 0.249921
v 0.299881 2.314055 0.103092
v 0.320640 2.287947 0.059153
v 0.326983 2.253466 0.016378
v 0.266983 2.306989 0.248332
v 0.333720 2.299503 0.100893
v 0.239255 2.282660 0.393390
v 0.307042 2.312362 0.246138
v 0.273200 2.304663 0.391858
v 0.313233 2.310314 0.389782
v 0.343070 2.263144 0.057754
v 0.367905 2.230158 0.055650
v 0.353008 2.220309 0.013819
v 0.389261 2.189193 0.010261
v 0.400135 2.200115 0.052938
v 0.431542 2.171486 0.007134
v 0.411010 2.211037 0.095616
v 0.437791 2.183085 0.050469
v 0.475534 2.167185 0.005014
v 0.478103 2.178862 0.048627
v 0.522576 2.172002 0.003603
v 0.444041 2.194682 0.093804
v 0.522919 2.183940 0.047185
v 0.572353 2.182339 0.002365
v 0.480673 2.190538 0.092241
v 0.571614 2.194747 0.045818
v 0.623614 2.194842 0.001044
v 0.626142 2.193587 0.044016
v 0.628669 2.192331 0.086988
v 0.523262 2.195879 0.090766
v 0.570876 2.207155 0.089272
v 0.574819 2.206245 0.232281
v 0.632935 2.192662 0.230572
v 0.527654 2.193215 0.233787
v 0.578030 2.206451 0.375758
v 0.636386 2.193846 0.374180
v 0.485274 2.186380 0.235241
v 0.531346 2.191782 0.377309
v 0.580577 2.207569 0.475271
v 0.638889 2.195051 0.473788
v 0.640557 2.195426 0.586098
v 0.534336 2.191550 0.476907
v 0.582653 2.209723 0.587701
v 0.641841 2.195227 0.730774
v 0.584521 2.211663 0.732468
v 0.642812 2.194599 0.875846
v 0.536305 2.194036 0.589398
v 0.492736 2.180915 0.478379
v 0.489294 2.183148 0.378756
v 0.586223 2.213376 0.877625
v 0.643553 2.193682 1.021292
v 0.537867 2.196910 0.734222
v 0.495309 2.181286 0.590942
v 0.455930 2.183369 0.479761
v 0.587827 2.214868 1.023150
v 0.644248 2.192602 1.167177
v 0.539149 2.200026 0.879446
v 0.497324 2.182789 0.735855
v 0.458430 2.180471 0.592287
v 0.589468 2.216139 1.168998
v 0.645072 2.191468 1.313509
v 0.540280 2.203325 1.025054
v 0.498860 2.185194 0.881190
v 0.460682 2.178519 0.737238
v 0.591295 2.217238 1.315137
v 0.646195 2.190373 1.460305
v 0.541453 2.206739 1.171004
v 0.500010 2.188445 1.026932
v 0.462751 2.177647 0.882675
v 0.593464 2.218246 1.461542
v 0.648036 2.189397 1.607590
v 0.542880 2.210199 1.317264
v 0.500941 2.192538 1.173050
v 0.464627 2.178019 1.028583
v 0.501891 2.197444 1.319503
v 0.544762 2.213731 1.463758
v 0.596398 2.219275 1.608289
v 0.600744 2.220340 1.755447
v 0.651287 2.188567 1.755422
v 0.547524 2.217317 1.610318
v 0.503146 2.203210 1.466211
v 0.551780 2.221138 1.756729
v 0.606506 2.221694 1.903038
v 0.656070 2.188306 1.904492
v 0.557615 2.226496 1.902832
v 0.505266 2.209807 1.613035
v 0.610831 2.225888 2.051330
v 0.658878 2.190375 2.056903
v 0.562960 2.236991 2.048426
v 0.603659 2.216075 2.125726
v 0.654124 2.193727 2.136548
v 0.600073 2.211169 2.162925
v 0.651747 2.195403 2.176371
v 0.551390 2.232241 2.120623
v 0.545605 2.229866 2.156723
v 0.539819 2.227491 2.192822
v 0.596487 2.206263 2.200123
v 0.521922 2.258275 2.156712
v 0.522018 2.261445 2.192411
v 0.521826 2.255106 2.121012
v 0.521635 2.248767 2.049614
v 0.514642 2.225876 1.906043
v 0.502532 2.258349 2.162068
v 0.508170 2.263964 2.197747
v 0.496894 2.252734 2.126390
v 0.485618 2.241504 2.055032
v 0.478397 2.218963 1.910210
v 0.477678 2.241803 2.171667
v 0.486476 2.246078 2.207995
v 0.468880 2.237527 2.135338
v 0.451285 2.228978 2.062682
v 0.443634 2.206861 1.915682
v 0.441734 2.222563 2.185191
v 0.450806 2.225550 2.222627
v 0.432662 2.219574 2.147756
v 0.414519 2.213595 2.072884
v 0.409222 2.186185 1.923262
v 0.404590 2.206237 2.203114
v 0.413616 2.208498 2.242726
v 0.395565 2.203976 2.163501
v 0.377514 2.199454 2.084275
v 0.377311 2.210784 1.929349
v 0.373609 2.206389 2.221325
v 0.371313 2.196667 2.264122
v 0.334644 2.198588 2.242437
v 0.375905 2.216110 2.178527
v 0.336924 2.208486 2.203755
v 0.296462 2.195933 2.229211
v 0.380496 2.235554 2.092931
v 0.339204 2.218386 2.165075
v 0.298179 2.205604 2.192382
v 0.252754 2.193439 2.221277
v 0.379849 2.247195 1.935524
v 0.343764 2.238183 2.087712
v 0.299897 2.215275 2.155554
v 0.255254 2.203102 2.185350
v 0.229439 2.201903 2.219763
v 0.377720 2.256683 1.782198
v 0.343022 2.249350 1.934334
v 0.303331 2.234615 2.081895
v 0.257754 2.212766 2.149423
v 0.228535 2.208803 2.183679
v 0.196350 2.184656 2.182299
v 0.198871 2.169135 2.216958
v 0.227632 2.215702 2.147595
v 0.150832 2.200494 2.191332
v 0.151646 2.188654 2.227340
v 0.193830 2.200178 2.147641
v 0.150018 2.212334 2.155324
v 0.114632 2.206254 2.203810
v 0.116830 2.194893 2.241960
v 0.112433 2.217615 2.165662
v 0.148389 2.236015 2.083307
v 0.083633 2.199546 2.221921
v 0.080720 2.196862 2.263558
v 0.041567 2.208011 2.247550
v 0.086545 2.202231 2.180283
v 0.045818 2.211513 2.208403
v 0.004723 2.217313 2.234911
v 0.108035 2.240338 2.089364
v 0.092370 2.207600 2.097007
v 0.050070 2.215016 2.169257
v 0.008463 2.221369 2.197434
v -0.032243 2.223667 2.227749
v -0.029323 2.227546 2.190974
v -0.051184 2.229885 2.225093
v 0.012203 2.225425 2.159959
v 0.058573 2.222022 2.090964
v 0.090042 2.196063 1.941790
v 0.019683 2.233537 2.085006
v 0.113115 2.224538 1.937370
v 0.058174 2.214531 1.938580
v 0.087889 2.190390 1.790253
v 0.148092 2.244755 1.933210
v 0.117384 2.212362 1.787403
v 0.188787 2.231221 2.078324
v 0.188419 2.240400 1.930149
v 0.225825 2.229501 2.075427
v 0.147584 2.239129 1.784023
v 0.262754 2.232093 2.077570
v 0.302833 2.244107 1.931438
v 0.262402 2.240359 1.929103
v 0.341043 2.260186 1.783526
v 0.301314 2.252724 1.781849
v 0.339486 2.269303 1.633432
v 0.225402 2.238977 1.928030
v 0.261358 2.246491 1.780300
v 0.187687 2.244352 1.781808
v 0.224557 2.243803 1.780039
v 0.148899 2.231909 1.635488
v 0.299929 2.260908 1.632842
v 0.187042 2.245296 1.633660
v 0.223802 2.247963 1.632166
v 0.260422 2.252306 1.631910
v 0.298635 2.268624 1.484319
v 0.223275 2.251607 1.484556
v 0.187167 2.244204 1.485851
v 0.259543 2.258255 1.483967
v 0.188034 2.241936 1.338456
v 0.151688 2.224835 1.487490
v 0.154954 2.218700 1.339957
v 0.122234 2.197178 1.489645
v 0.123735 2.193018 1.341634
v 0.120309 2.203400 1.638229
v 0.086700 2.187411 1.491090
v 0.086805 2.188105 1.640205
v 0.056563 2.209756 1.788282
v 0.055138 2.206959 1.639166
v 0.020445 2.229360 1.935320
v 0.020440 2.227941 1.786140
v 0.054500 2.205377 1.490658
v 0.020440 2.227665 1.637462
v -0.019453 2.236855 1.932708
v -0.020562 2.239183 2.080650
v -0.026403 2.231425 2.154199
v -0.018641 2.238394 1.784218
v -0.057525 2.237267 2.078427
v -0.052769 2.231731 2.188427
v -0.054354 2.233576 2.151760
v -0.076079 2.205929 2.189577
v -0.069959 2.196743 2.225885
v -0.124623 2.191305 2.230616
v -0.082199 2.215115 2.153269
v -0.127235 2.202590 2.194188
v -0.169186 2.207047 2.204420
v -0.167251 2.194751 2.242355
v -0.094439 2.233488 2.080653
v -0.129847 2.213875 2.157759
v -0.171121 2.219342 2.166484
v -0.200038 2.200324 2.221503
v -0.203046 2.196725 2.262998
v -0.242104 2.204610 2.247318
v -0.197028 2.203923 2.180007
v -0.238166 2.208765 2.208246
v -0.280479 2.212544 2.234785
v -0.276817 2.217041 2.197355
v -0.318756 2.218550 2.227470
v -0.234226 2.212920 2.169174
v -0.315604 2.222810 2.190751
v -0.337456 2.226016 2.224734
v -0.273154 2.221538 2.159923
v -0.191010 2.211121 2.097016
v -0.226348 2.221230 2.091031
v -0.174990 2.243934 2.090615
v -0.191055 2.203115 1.941766
v -0.135070 2.236444 2.084902
v -0.170358 2.233488 1.938325
v -0.133138 2.249427 1.935272
v -0.093266 2.241935 1.932557
v -0.165435 2.226330 1.788210
v -0.132142 2.249280 1.786024
v -0.056354 2.239274 1.930905
v -0.091672 2.248904 1.784322
v -0.055125 2.243841 1.782944
v -0.017686 2.241081 1.635934
v -0.090302 2.253567 1.636230
v -0.130294 2.247495 1.637394
v -0.161462 2.221745 1.639066
v -0.053732 2.248850 1.635154
v 0.020786 2.227672 1.489322
v -0.016266 2.243835 1.488110
v 0.054719 2.204601 1.342681
v 0.021637 2.227847 1.341672
v 0.087308 2.187340 1.342740
v 0.055581 2.204362 1.195247
v 0.088386 2.187507 1.195074
v 0.125156 2.190326 1.194197
v 0.056879 2.204450 1.048359
v 0.158185 2.213659 1.192867
v 0.089714 2.187651 1.048054
v 0.126589 2.188470 1.047337
v 0.189598 2.239118 1.191488
v 0.161066 2.209619 1.046227
v 0.222719 2.254421 1.337295
v 0.258322 2.263993 1.336471
v 0.222233 2.256271 1.190394
v 0.191477 2.236278 1.044942
v 0.256767 2.269178 1.189418
v 0.297018 2.275758 1.336300
v 0.338223 2.276900 1.483866
v 0.295077 2.282147 1.188786
v 0.221833 2.257206 1.043864
v 0.375828 2.263576 1.631007
v 0.336692 2.283531 1.335108
v 0.374213 2.269174 1.481374
v 0.381650 2.220241 1.777438
v 0.385706 2.228194 1.627174
v 0.401118 2.184924 1.772588
v 0.441274 2.189223 1.767802
v 0.397727 2.189691 1.622930
v 0.388201 2.235163 1.478039
v 0.372278 2.274079 1.332723
v 0.397446 2.195886 1.474242
v 0.334880 2.289159 1.187165
v 0.389413 2.241513 1.329768
v 0.370132 2.278505 1.184899
v 0.292754 2.287742 1.041762
v 0.437293 2.181320 1.619473
v 0.332691 2.293986 1.039998
v 0.473539 2.206919 1.763271
v 0.509072 2.216765 1.759796
v 0.471016 2.196181 1.616053
v 0.469326 2.188521 1.468772
v 0.433882 2.178323 1.471405
v 0.398649 2.202218 1.326359
v 0.431285 2.178335 1.323806
v 0.467846 2.183260 1.321686
v 0.389655 2.247292 1.182233
v 0.400272 2.208331 1.179161
v 0.429425 2.180314 1.176741
v 0.466314 2.179830 1.174935
v 0.428167 2.183639 1.030221
v 0.401685 2.214186 1.032566
v 0.389092 2.252569 1.035361
v 0.427298 2.187835 0.884242
v 0.402548 2.219799 0.886522
v 0.387783 2.257411 0.889094
v 0.367710 2.282555 1.037815
v 0.364870 2.286258 0.891390
v 0.330008 2.298179 0.893512
v 0.289975 2.292531 0.895328
v 0.326766 2.301794 0.747649
v 0.286683 2.296482 0.749506
v 0.361559 2.289656 0.745568
v 0.385789 2.261898 0.743393
v 0.322956 2.304982 0.602370
v 0.402730 2.225206 0.741001
v 0.357727 2.292773 0.600310
v 0.383125 2.266074 0.598226
v 0.426575 2.192560 0.738794
v 0.402198 2.230439 0.595994
v 0.425762 2.197587 0.593873
v 0.424518 2.202683 0.481426
v 0.400954 2.235535 0.483447
v 0.379776 2.269976 0.485477
v 0.353269 2.295585 0.487498
v 0.452618 2.186966 0.380242
v 0.420939 2.205830 0.381978
v 0.448650 2.190631 0.236777
v 0.416436 2.208559 0.238549
v 0.389881 2.239063 0.240394
v 0.395778 2.237497 0.383863
v 0.382801 2.240006 0.097479
v 0.367137 2.272508 0.242126
v 0.359157 2.272823 0.099130
v 0.341301 2.298803 0.243974
v 0.373929 2.271534 0.385712
v 0.347791 2.297525 0.387651
v 0.318502 2.307820 0.489574
v 0.278438 2.302338 0.491540
v 0.282866 2.299702 0.604273
v 0.243990 2.281127 0.493016
v 0.247213 2.280595 0.605724
v 0.250110 2.279213 0.750926
v 0.215147 2.254732 0.394426
v 0.218899 2.254090 0.494134
v 0.193827 2.224627 0.395372
v 0.219905 2.255807 0.606854
v 0.196147 2.225055 0.495197
v 0.166372 2.194919 0.396499
v 0.195656 2.228024 0.607979
v 0.167419 2.196572 0.496386
v 0.129625 2.178011 0.397595
v 0.093007 2.182506 0.398230
v 0.130269 2.180531 0.497342
v 0.166769 2.199715 0.609179
v 0.062066 2.202607 0.398390
v 0.093791 2.186083 0.497870
v 0.129967 2.182914 0.610088
v 0.032689 2.230424 0.398349
v 0.062981 2.206375 0.498086
v 0.032841 2.233360 0.498098
v 0.093274 2.186732 0.610591
v 0.061596 2.205630 0.610923
v -0.000774 2.255867 0.498144
v 0.030890 2.231966 0.610856
v 0.092307 2.187262 0.755830
v 0.060029 2.205111 0.756204
v -0.036771 2.263932 0.498312
v -0.002737 2.254454 0.610802
v -0.038501 2.263484 0.610937
v 0.028762 2.230778 0.756030
v -0.004973 2.253102 0.755857
v -0.074878 2.257358 0.611059
v -0.040534 2.262899 0.755942
v -0.111022 2.239186 0.611275
v -0.077070 2.257820 0.756102
v -0.007350 2.251687 0.901382
v -0.146571 2.219882 0.611514
v -0.113246 2.239713 0.756387
v -0.042742 2.262075 0.901404
v -0.079415 2.258127 0.901629
v 0.026645 2.229765 0.901696
v -0.009774 2.250117 1.047373
v 0.058413 2.204724 0.902014
v 0.024669 2.228912 1.047858
v 0.091075 2.187590 0.901649
v 0.127954 2.186839 0.901046
v 0.022958 2.228262 1.194517
v 0.129127 2.185008 0.755295
v 0.163475 2.206191 0.900057
v 0.165397 2.202925 0.754374
v 0.193230 2.233580 0.898818
v 0.194649 2.230855 0.753160
v 0.221372 2.257407 0.897725
v 0.220728 2.256927 0.752043
v 0.252691 2.276874 0.896648
v 0.254900 2.273515 1.042814
v -0.329430 2.251760 0.498134
v -0.328602 2.251177 0.398550
v -0.365413 2.248818 0.398720
v -0.292516 2.243540 0.398630
v -0.404298 2.237649 0.398881
v -0.366102 2.247803 0.498318
v -0.442838 2.225347 0.399038
v -0.404570 2.235281 0.498545
v -0.479386 2.220368 0.399250
v -0.442996 2.222634 0.498794
v -0.367123 2.248756 0.610874
v -0.405414 2.235711 0.611208
v -0.479665 2.218660 0.499042
v -0.443362 2.221708 0.611574
v -0.516066 2.224608 0.498938
v -0.515992 2.224888 0.399179
v -0.554631 2.236867 0.398879
v -0.479884 2.216570 0.611841
v -0.554389 2.237558 0.498581
v -0.593436 2.248295 0.398556
v -0.593126 2.249208 0.498194
v -0.630184 2.251475 0.398387
v -0.629930 2.251654 0.497981
v -0.592918 2.248189 0.610800
v -0.629581 2.252221 0.610540
v -0.665970 2.243813 0.498098
v -0.666469 2.244842 0.398508
v -0.554537 2.235422 0.611256
v -0.592686 2.247007 0.755814
v -0.516354 2.222071 0.611684
v -0.554646 2.233263 0.756351
v -0.480077 2.214392 0.757093
v -0.629148 2.252554 0.755499
v -0.516596 2.219546 0.756869
v -0.592455 2.245644 0.901309
v -0.665830 2.245410 0.610668
v -0.628680 2.252567 0.900928
v -0.665602 2.246947 0.755647
v -0.703458 2.228619 0.498429
v -0.703167 2.229850 0.611095
v -0.704325 2.230579 0.398758
v -0.741742 2.215555 0.498776
v -0.742612 2.217521 0.399019
v -0.779377 2.214546 0.399119
v -0.778580 2.213728 0.498868
v -0.740951 2.215410 0.611542
v -0.702832 2.231140 0.756180
v -0.815220 2.223251 0.398973
v -0.814114 2.223614 0.498658
v -0.851882 2.240353 0.398742
v -0.850598 2.241098 0.498456
v -0.888177 2.256088 0.498222
v -0.924938 2.259176 0.498018
v -0.923830 2.258971 0.610634
v -0.887259 2.254167 0.610925
v -0.850029 2.238335 0.611155
v -0.959503 2.249602 0.610342
v -0.993432 2.227576 0.610187
v -0.813472 2.221004 0.611362
v -0.777684 2.212083 0.611646
v -0.849132 2.235579 0.756256
v -0.739976 2.215134 0.756743
v -0.812514 2.218387 0.756528
v -0.776536 2.210273 0.756886
v -0.702542 2.232559 0.901758
v -0.886097 2.252016 0.755983
v -0.847982 2.233000 0.901857
v -0.884795 2.249766 0.901506
v -0.922418 2.258443 0.755656
v -0.920851 2.257534 0.901123
v -0.958548 2.251032 0.755343
v -0.957340 2.252167 0.900827
v -0.993158 2.230096 0.755316
v -0.992662 2.232454 0.900949
v -0.955975 2.252978 1.046786
v -0.919238 2.256219 1.047041
v -0.992088 2.234760 1.047081
v -1.025368 2.208653 0.901073
v -1.026014 2.206498 0.755230
v -0.954527 2.253376 1.193211
v -1.060763 2.194126 0.754723
v -1.059886 2.195667 0.900520
v -1.096482 2.200263 0.899774
v -1.131007 2.221344 0.898804
v -1.095263 2.200891 1.046131
v -1.058630 2.196619 1.046916
v -1.130290 2.221127 1.045154
v -1.161009 2.248484 0.897812
v -1.161614 2.246726 1.044158
v -1.129018 2.220971 1.192026
v -1.161630 2.244904 1.190988
v -1.093683 2.201284 1.193061
v -1.161227 2.243137 1.338270
v -1.024477 2.210532 1.047447
v -1.057053 2.197017 1.193909
v -1.127300 2.221116 1.339407
v -1.091818 2.201700 1.340574
v -0.991563 2.237126 1.193709
v -1.023493 2.212305 1.194362
v -1.055254 2.196937 1.341525
v -0.991204 2.239598 1.340829
v -0.953098 2.253129 1.340096
v -0.917663 2.254448 1.193413
v -0.951833 2.251869 1.487424
v -0.883410 2.247470 1.047502
v -0.916231 2.252133 1.340227
v -0.881966 2.245188 1.193975
v -0.846602 2.230696 1.047961
v -0.811322 2.215903 0.902222
v -0.809944 2.213604 1.048445
v -0.775216 2.208394 0.902666
v -0.738907 2.214862 0.902462
v -0.844996 2.228783 1.194570
v -0.880510 2.242981 1.340918
v -0.808394 2.211577 1.195197
v -0.915053 2.249191 1.487454
v -0.843191 2.227391 1.341685
v -0.879128 2.240888 1.488315
v -0.914243 2.245612 1.635043
v -0.773769 2.206453 1.048987
v -0.806686 2.209987 1.342502
v -0.737827 2.214710 1.048704
v -0.772222 2.204433 1.195858
v -0.736840 2.214820 1.195471
v -0.702398 2.234204 1.047827
v -0.702499 2.236158 1.194386
v -0.736146 2.215439 1.342770
v -0.702901 2.238431 1.341432
v -0.770616 2.202359 1.343302
v -0.703574 2.240868 1.488967
v -0.664720 2.250569 1.193462
v -0.664417 2.250814 1.340349
v -0.664186 2.249939 1.487697
v -0.736097 2.216894 1.490597
v -0.664070 2.247679 1.635513
v -0.704238 2.243196 1.637036
v -0.769030 2.200342 1.491378
v -0.737114 2.219720 1.638934
v -0.804833 2.209119 1.490390
v -0.767502 2.198894 1.640199
v -0.841279 2.226641 1.489308
v -0.802820 2.209446 1.638905
v -0.839454 2.226579 1.637438
v -0.877989 2.238877 1.636137
v -0.837926 2.227213 1.786077
v -0.877200 2.237078 1.784315
v -0.913801 2.241815 1.782903
v -0.950951 2.249183 1.635174
v -0.913883 2.238442 1.930778
v -0.991054 2.242064 1.488441
v -0.950541 2.245300 1.783383
v -0.991045 2.244069 1.636548
v -1.022677 2.214216 1.341828
v -1.022437 2.216598 1.489850
v -1.053378 2.196543 1.489818
v -1.023350 2.219830 1.638419
v -0.990969 2.245271 1.785272
v -0.950815 2.240147 1.931983
v -1.089753 2.202563 1.488693
v -1.051650 2.196214 1.638911
v -1.025607 2.224480 1.787502
v -0.990977 2.245564 1.934587
v -1.087583 2.204446 1.637461
v -1.125310 2.221831 1.487287
v -1.123354 2.223310 1.635665
v -1.160629 2.241538 1.485970
v -1.160126 2.240153 1.634062
v -1.121898 2.225565 1.784539
v -1.160121 2.238917 1.782466
v -1.085424 2.208037 1.786958
v -1.196041 2.247382 1.780790
v -1.050223 2.197097 1.789062
v -1.028814 2.231277 1.937644
v -1.031955 2.242058 2.090016
v -0.991862 2.235642 2.084471
v -0.986231 2.213192 2.157279
v -0.951225 2.233257 2.080289
v -0.938406 2.214046 2.152615
v -0.914372 2.237287 2.078241
v -0.910966 2.232706 2.151456
v -0.909264 2.230417 2.188063
v -0.876929 2.236088 1.932637
v -0.877337 2.238166 2.080650
v -0.836964 2.228741 1.935240
v -0.800665 2.211406 1.788131
v -0.883042 2.229499 2.154160
v -0.837052 2.232434 2.085008
v -0.798634 2.215428 1.938435
v -0.766002 2.198859 1.790022
v -0.739466 2.224350 1.787925
v -0.764352 2.201867 1.941506
v -0.704698 2.244948 1.785655
v -0.742818 2.231622 1.938070
v -0.704944 2.245834 1.934904
v -0.664261 2.244144 1.783773
v -0.664993 2.238937 1.932251
v -0.706339 2.234823 2.084671
v -0.665756 2.231554 2.080423
v -0.746194 2.242579 2.090337
v -0.701175 2.212081 2.157413
v -0.762965 2.210184 2.096827
v -0.628869 2.235350 2.078244
v -0.742112 2.218362 2.166311
v -0.797822 2.221921 2.090867
v -0.843900 2.223508 2.160004
v -0.805304 2.213936 2.169196
v -0.768342 2.203492 2.179987
v -0.885894 2.225167 2.190915
v -0.888747 2.220833 2.227670
v -0.847323 2.219045 2.197502
v -0.850747 2.214583 2.234999
v -0.809046 2.209943 2.208360
v -0.812786 2.205951 2.247525
v -0.771030 2.200147 2.221567
v -0.773719 2.196800 2.263147
v -0.738030 2.194146 2.242286
v -0.740071 2.206254 2.204299
v -0.696010 2.189338 2.230154
v -0.698593 2.200710 2.193784
v -0.646955 2.202706 2.188957
v -0.640688 2.193090 2.225135
v -0.653222 2.212323 2.152779
v -0.622599 2.226596 2.224678
v -0.625734 2.230973 2.151461
v -0.624166 2.228785 2.188070
v -0.600848 2.223520 2.190794
v -0.603841 2.219128 2.227525
v -0.597855 2.227912 2.154063
v -0.591869 2.236696 2.080602
v -0.562062 2.217719 2.197378
v -0.565568 2.213139 2.234838
v -0.558556 2.222299 2.159917
v -0.551544 2.231460 2.084994
v -0.523522 2.209235 2.208234
v -0.527323 2.205049 2.247353
v -0.519721 2.213422 2.169116
v -0.512119 2.221796 2.090879
v -0.485794 2.200380 2.221419
v -0.488748 2.196802 2.262953
v -0.453707 2.193451 2.242046
v -0.482839 2.203959 2.179884
v -0.455314 2.205971 2.204142
v -0.411098 2.188150 2.230115
v -0.476931 2.211116 2.096815
v -0.456922 2.218492 2.166238
v -0.413466 2.199717 2.193755
v -0.361656 2.202017 2.189172
v -0.355528 2.192577 2.225419
v -0.338870 2.227984 2.188115
v -0.367785 2.211457 2.152925
v -0.415833 2.211285 2.157396
v -0.460138 2.243534 2.090431
v -0.380041 2.230337 2.080431
v -0.420567 2.234420 2.084679
v -0.477661 2.203288 1.941495
v -0.456375 2.233242 1.938074
v -0.418317 2.247039 1.935004
v -0.512366 2.215697 1.938435
v -0.478671 2.200544 1.790062
v -0.452330 2.226264 1.787933
v -0.551069 2.227838 1.935211
v -0.513695 2.212001 1.788159
v -0.479390 2.200687 1.640378
v -0.591138 2.234514 1.932564
v -0.551530 2.226343 1.786038
v -0.628088 2.236703 1.930663
v -0.591008 2.235296 1.784162
v -0.627612 2.239931 1.782625
v -0.514978 2.210223 1.638993
v -0.552298 2.225767 1.637413
v -0.591162 2.236922 1.635938
v -0.627435 2.243483 1.634697
v -0.627449 2.246794 1.487120
v -0.591475 2.238744 1.488078
v -0.553168 2.225827 1.489306
v -0.515970 2.210006 1.490591
v -0.627570 2.249398 1.339934
v -0.591764 2.240606 1.340667
v -0.553886 2.226468 1.341712
v -0.516537 2.210997 1.342796
v -0.554374 2.227662 1.194625
v -0.516804 2.212713 1.195534
v -0.592022 2.242415 1.193736
v -0.516853 2.214803 1.048793
v -0.627847 2.251150 1.193159
v -0.554614 2.229275 1.048035
v -0.592238 2.244102 1.047283
v -0.665024 2.249648 1.047048
v -0.628229 2.252145 1.046818
v -0.665323 2.248384 0.901108
v -0.554685 2.231182 0.901944
v -0.516770 2.217105 0.902571
v -0.480226 2.212143 0.902878
v -0.480316 2.209808 1.049210
v -0.444153 2.219804 0.902488
v -0.444600 2.218982 1.048706
v -0.480323 2.207356 1.196100
v -0.445150 2.218412 1.195436
v -0.480194 2.204821 1.343568
v -0.445917 2.218380 1.342675
v -0.410504 2.239258 1.194473
v -0.412433 2.241033 1.341518
v -0.479908 2.202417 1.491643
v -0.447169 2.219326 1.490451
v -0.449202 2.221798 1.638847
v -0.414511 2.243143 1.489058
v -0.416311 2.245287 1.637125
v -0.417516 2.246818 1.785745
v -0.378664 2.238491 1.932307
v -0.377118 2.244503 1.783981
v -0.375999 2.248463 1.635831
v -0.374831 2.250912 1.488015
v -0.340662 2.238850 1.782582
v -0.373493 2.251921 1.340611
v -0.339611 2.242550 1.634687
v -0.338304 2.245922 1.487151
v -0.372106 2.251939 1.193690
v -0.341789 2.235441 1.930692
v -0.303559 2.234860 1.635865
v -0.336780 2.248488 1.339998
v -0.302678 2.236443 1.488024
v -0.301432 2.237996 1.340655
v -0.335270 2.250221 1.193249
v -0.408872 2.237926 1.047923
v -0.370743 2.251408 1.047257
v -0.407525 2.236954 0.901860
v -0.443747 2.220743 0.756778
v -0.406391 2.236250 0.756288
v -0.369452 2.250602 0.901310
v -0.368243 2.249697 0.755848
v -0.333864 2.251272 1.046928
v -0.332590 2.251806 0.901053
v -0.331432 2.251986 0.755636
v -0.330378 2.251942 0.610686
v -0.295608 2.243213 0.755886
v -0.297010 2.242096 0.901370
v -0.298488 2.240849 1.047328
v -0.258458 2.227218 0.756458
v -0.294310 2.244224 0.610878
v -0.293139 2.245169 0.498270
v -0.259995 2.225798 0.902056
v -0.256943 2.228735 0.611362
v -0.254946 2.228543 0.399002
v -0.255533 2.230265 0.498688
v -0.219018 2.214667 0.611761
v -0.217606 2.216194 0.499003
v -0.180987 2.211773 0.498916
v -0.182331 2.210847 0.611736
v -0.148305 2.219531 0.756715
v -0.183836 2.209639 0.757002
v -0.115682 2.240205 0.901994
v -0.150137 2.219014 0.902423
v -0.220558 2.213090 0.756964
v -0.185408 2.208237 0.902802
v -0.222140 2.211558 0.902692
v -0.261474 2.224561 1.048155
v -0.186974 2.206675 1.049145
v -0.299994 2.239474 1.193757
v -0.262798 2.223620 1.194756
v -0.223690 2.210144 1.048950
v -0.263854 2.223094 1.341857
v -0.225117 2.208954 1.195742
v -0.188455 2.204977 1.196044
v -0.264538 2.223074 1.489456
v -0.226297 2.208139 1.343070
v -0.189759 2.203187 1.343529
v -0.227061 2.207954 1.490938
v -0.264758 2.223556 1.637550
v -0.304168 2.233535 1.784179
v -0.264708 2.224587 1.786176
v -0.304874 2.233067 1.932623
v -0.343114 2.233891 2.078256
v -0.227166 2.208743 1.639343
v -0.190774 2.201460 1.491654
v -0.340285 2.229954 2.151495
v -0.306146 2.235588 2.080598
v -0.312451 2.227069 2.154034
v -0.265830 2.230533 2.085062
v -0.264802 2.226525 1.935335
v -0.225959 2.214907 1.938648
v -0.226626 2.210963 1.788395
v -0.191399 2.200214 1.790342
v -0.191333 2.200164 1.640525
v -0.158486 2.219243 1.490590
v -0.127518 2.245243 1.489314
v -0.156099 2.218229 1.342715
v -0.088646 2.256418 1.488442
v -0.124343 2.243270 1.341747
v -0.154004 2.218121 1.195410
v -0.051903 2.253306 1.487644
v -0.086590 2.257781 1.341051
v -0.121229 2.241818 1.194675
v -0.152036 2.218478 1.048652
v -0.118335 2.240846 1.048091
v -0.084274 2.258262 1.194108
v -0.081843 2.258298 1.047632
v -0.049726 2.256727 1.340467
v -0.047404 2.259181 1.193679
v -0.014367 2.246251 1.340741
v -0.012154 2.248328 1.193827
v -0.045050 2.260889 1.047319
v -1.257006 2.283755 0.489851
v -1.287400 2.257082 0.488098
v -1.259633 2.281618 0.602629
v -1.310181 2.228090 0.486382
v -1.311458 2.224758 0.599176
v -1.289637 2.254494 0.600837
v -1.312178 2.221484 0.744360
v -1.291402 2.251952 0.746083
v -1.312304 2.218126 0.890084
v -1.311970 2.214800 1.036389
v -1.292821 2.249429 0.891896
v -1.262048 2.279770 0.747947
v -1.311271 2.211639 1.183337
v -1.294006 2.246991 1.038295
v -1.264113 2.277901 0.893843
v -1.219870 2.289025 0.604314
v -1.222294 2.287207 0.749707
v -1.224266 2.284797 0.895630
v -1.265754 2.275898 1.040317
v -1.189874 2.271459 0.896857
v -1.225770 2.281852 1.042070
v -1.191380 2.268515 1.043226
v -1.295012 2.244713 1.185354
v -1.266979 2.273810 1.187434
v -1.226825 2.278494 1.188927
v -1.192424 2.265206 1.190047
v -1.310275 2.208656 1.331023
v -1.296231 2.242717 1.333206
v -1.309076 2.205748 1.479591
v -1.268133 2.271739 1.335182
v -1.298328 2.240968 1.481998
v -1.308082 2.203319 1.629283
v -1.227779 2.274360 1.336151
v -1.301701 2.239563 1.631743
v -1.306683 2.238848 1.782236
v -1.272284 2.260061 1.781451
v -1.270674 2.265485 1.632218
v -1.269350 2.269139 1.483448
v -1.230331 2.262617 1.631771
v -1.228902 2.269138 1.483774
v -1.194915 2.252370 1.632716
v -1.194050 2.257115 1.484842
v -1.193253 2.261423 1.337270
v -1.565925 2.240597 2.204286
v -1.609234 2.201911 2.219928
v -1.616510 2.200879 2.179763
v -1.616510 2.200879 2.179763
v -1.566250 2.222200 2.168026
v -1.565925 2.240597 2.204286
v 0.596487 2.206263 2.200123
v 0.649370 2.197079 2.216194
v 0.651747 2.195403 2.176371
v 0.651747 2.195403 2.176371
v 0.600073 2.211169 2.162925
v 0.596487 2.206263 2.200123
v -1.627297 2.224779 0.048176
v -1.625868 2.225364 0.005362
v -1.576362 2.210754 0.006798
v -1.576362 2.210754 0.006798
v -1.581623 2.196838 0.049401
v -1.627297 2.224779 0.048176
vt 0.065400 0.060900
vt 0.065400 0.030500
vt 0.080100 0.030500
vt 0.080100 0.060900
vt 0.065400 0.121800
vt 0.080100 0.000000
vt 0.094800 0.000000
vt 0.080100 0.121800
vt 0.065400 0.182700
vt 0.094800 0.030500
vt 0.094800 0.060900
vt 0.109500 0.030500
vt 0.109500 0.000000
vt 0.080100 0.182700
vt 0.065400 0.243600
vt 0.094800 0.121800
vt 0.109500 0.060900
vt 0.094800 0.182700
vt 0.080100 0.243600
vt 0.065400 0.304500
vt 0.109500 0.121800
vt 0.124200 0.060900
vt 0.124200 0.030500
vt 0.124200 0.000000
vt 0.080100 0.304500
vt 0.065400 0.365500
vt 0.094800 0.243600
vt 0.080100 0.365500
vt 0.065400 0.426400
vt 0.094800 0.304500
vt 0.109500 0.182700
vt 0.109500 0.243600
vt 0.124200 0.121800
vt 0.124200 0.182700
vt 0.109500 0.304500
vt 0.094800 0.365500
vt 0.080100 0.426400
vt 0.065400 0.487300
vt 0.124200 0.243600
vt 0.080100 0.487300
vt 0.065400 0.548200
vt 0.094800 0.426400
vt 0.109500 0.365500
vt 0.124200 0.304500
vt 0.080100 0.548200
vt 0.065400 0.609100
vt 0.094800 0.487300
vt 0.109500 0.426400
vt 0.124200 0.365500
vt 0.080100 0.609100
vt 0.065400 0.670000
vt 0.094800 0.548200
vt 0.109500 0.487300
vt 0.124200 0.426400
vt 0.138900 0.426400
vt 0.124200 0.487300
vt 0.109500 0.548200
vt 0.094800 0.609100
vt 0.080100 0.670000
vt 0.109500 0.609100
vt 0.124200 0.548200
vt 0.094800 0.670000
vt 0.080100 0.730900
vt 0.065400 0.730900
vt 0.080100 0.791800
vt 0.065400 0.791800
vt 0.094800 0.730900
vt 0.080100 0.852700
vt 0.065400 0.852700
vt 0.065400 0.913600
vt 0.094800 0.791800
vt 0.080100 0.913600
vt 0.109500 0.670000
vt 0.109500 0.730900
vt 0.094800 0.852700
vt 0.109500 0.791800
vt 0.124200 0.609100
vt 0.124200 0.670000
vt 0.124200 0.730900
vt 0.138900 0.609100
vt 0.109500 0.852700
vt 0.138900 0.670000
vt 0.138900 0.548200
vt 0.153600 0.609100
vt 0.124200 0.791800
vt 0.138900 0.730900
vt 0.153600 0.670000
vt 0.138900 0.791800
vt 0.153600 0.730900
vt 0.124200 0.852700
vt 0.153600 0.791800
vt 0.138900 0.852700
vt 0.168300 0.791800
vt 0.124200 0.913600
vt 0.153600 0.852700
vt 0.138900 0.913600
vt 0.109500 0.913600
vt 0.094800 0.913600
vt 0.124200 0.944100
vt 0.109500 0.944100
vt 0.080100 0.944100
vt 0.065400 0.944100
vt 0.094800 0.944100
vt 0.080100 0.959300
vt 0.065400 0.959300
vt 0.094800 0.959300
vt 0.080100 0.974600
vt 0.094800 0.974600
vt 0.109500 0.974600
vt 0.109500 0.959300
vt 0.124200 0.974600
vt 0.124200 0.959300
vt 0.138900 0.959300
vt 0.138900 0.974600
vt 0.138900 0.944100
vt 0.153600 0.959300
vt 0.153600 0.974600
vt 0.153600 0.944100
vt 0.153600 0.913600
vt 0.168300 0.852700
vt 0.168300 0.913600
vt 0.168300 0.944100
vt 0.168300 0.959300
vt 0.168300 0.974600
vt 0.183000 0.944100
vt 0.183000 0.959300
vt 0.183000 0.974600
vt 0.197700 0.974600
vt 0.197700 0.959300
vt 0.212400 0.974600
vt 0.183000 0.913600
vt 0.183000 0.852700
vt 0.197700 0.944100
vt 0.212400 0.959300
vt 0.227100 0.959300
vt 0.227100 0.974600
vt 0.197700 0.913600
vt 0.183000 0.791800
vt 0.212400 0.944100
vt 0.227100 0.944100
vt 0.212400 0.913600
vt 0.197700 0.852700
vt 0.227100 0.913600
vt 0.212400 0.852700
vt 0.197700 0.791800
vt 0.227100 0.852700
vt 0.212400 0.791800
vt 0.197700 0.730900
vt 0.241800 0.852700
vt 0.227100 0.791800
vt 0.241800 0.913600
vt 0.241800 0.944100
vt 0.241800 0.791800
vt 0.212400 0.730900
vt 0.241800 0.959300
vt 0.241800 0.974600
vt 0.256500 0.959300
vt 0.256500 0.974600
vt 0.256500 0.944100
vt 0.256500 0.913600
vt 0.271200 0.944100
vt 0.271200 0.959300
vt 0.271200 0.974600
vt 0.271200 0.913600
vt 0.285900 0.944100
vt 0.285900 0.959300
vt 0.285900 0.974600
vt 0.285900 0.913600
vt 0.300600 0.959300
vt 0.300600 0.974600
vt 0.315300 0.974600
vt 0.300600 0.944100
vt 0.315300 0.959300
vt 0.330000 0.974600
vt 0.300600 0.913600
vt 0.315300 0.944100
vt 0.330000 0.959300
vt 0.344700 0.959300
vt 0.344700 0.974600
vt 0.330000 0.944100
vt 0.315300 0.913600
vt 0.344700 0.944100
vt 0.344700 0.913600
vt 0.330000 0.913600
vt 0.300600 0.852700
vt 0.315300 0.852700
vt 0.285900 0.852700
vt 0.300600 0.791800
vt 0.330000 0.852700
vt 0.315300 0.791800
vt 0.344700 0.852700
vt 0.271200 0.852700
vt 0.285900 0.791800
vt 0.330000 0.791800
vt 0.359400 0.852700
vt 0.315300 0.730900
vt 0.300600 0.730900
vt 0.344700 0.791800
vt 0.330000 0.730900
vt 0.315300 0.670000
vt 0.285900 0.730900
vt 0.344700 0.730900
vt 0.330000 0.670000
vt 0.300600 0.670000
vt 0.315300 0.609100
vt 0.271200 0.791800
vt 0.285900 0.670000
vt 0.256500 0.852700
vt 0.256500 0.791800
vt 0.271200 0.730900
vt 0.256500 0.730900
vt 0.241800 0.730900
vt 0.271200 0.670000
vt 0.256500 0.670000
vt 0.227100 0.730900
vt 0.241800 0.670000
vt 0.212400 0.670000
vt 0.227100 0.670000
vt 0.256500 0.609100
vt 0.271200 0.609100
vt 0.285900 0.609100
vt 0.241800 0.609100
vt 0.300600 0.609100
vt 0.300600 0.548200
vt 0.315300 0.548200
vt 0.330000 0.609100
vt 0.315300 0.487300
vt 0.344700 0.670000
vt 0.330000 0.548200
vt 0.344700 0.609100
vt 0.359400 0.730900
vt 0.359400 0.670000
vt 0.359400 0.791800
vt 0.344700 0.548200
vt 0.359400 0.609100
vt 0.330000 0.487300
vt 0.359400 0.548200
vt 0.344700 0.487300
vt 0.330000 0.426400
vt 0.315300 0.426400
vt 0.359400 0.487300
vt 0.344700 0.426400
vt 0.330000 0.365500
vt 0.359400 0.426400
vt 0.374100 0.487300
vt 0.344700 0.365500
vt 0.374100 0.548200
vt 0.374100 0.609100
vt 0.388700 0.487300
vt 0.374100 0.670000
vt 0.388700 0.548200
vt 0.388700 0.609100
vt 0.374100 0.730900
vt 0.388700 0.670000
vt 0.374100 0.791800
vt 0.388700 0.730900
vt 0.403400 0.609100
vt 0.403400 0.670000
vt 0.403400 0.548200
vt 0.418100 0.609100
vt 0.403400 0.487300
vt 0.418100 0.548200
vt 0.418100 0.487300
vt 0.403400 0.426400
vt 0.418100 0.426400
vt 0.388700 0.426400
vt 0.374100 0.426400
vt 0.388700 0.365500
vt 0.359400 0.365500
vt 0.374100 0.365500
vt 0.344700 0.304500
vt 0.403400 0.365500
vt 0.418100 0.365500
vt 0.359400 0.304500
vt 0.374100 0.304500
vt 0.330000 0.304500
vt 0.344700 0.243600
vt 0.330000 0.243600
vt 0.315300 0.365500
vt 0.359400 0.243600
vt 0.315300 0.304500
vt 0.315300 0.243600
vt 0.300600 0.365500
vt 0.300600 0.426400
vt 0.300600 0.487300
vt 0.300600 0.304500
vt 0.285900 0.426400
vt 0.285900 0.548200
vt 0.285900 0.487300
vt 0.271200 0.548200
vt 0.271200 0.487300
vt 0.256500 0.548200
vt 0.271200 0.426400
vt 0.256500 0.487300
vt 0.241800 0.548200
vt 0.227100 0.609100
vt 0.241800 0.487300
vt 0.212400 0.609100
vt 0.227100 0.548200
vt 0.212400 0.548200
vt 0.197700 0.670000
vt 0.197700 0.609100
vt 0.183000 0.730900
vt 0.183000 0.670000
vt 0.168300 0.730900
vt 0.168300 0.670000
vt 0.168300 0.609100
vt 0.183000 0.609100
vt 0.197700 0.548200
vt 0.183000 0.548200
vt 0.153600 0.548200
vt 0.168300 0.548200
vt 0.138900 0.487300
vt 0.153600 0.487300
vt 0.153600 0.426400
vt 0.168300 0.487300
vt 0.138900 0.365500
vt 0.183000 0.487300
vt 0.138900 0.304500
vt 0.153600 0.365500
vt 0.168300 0.426400
vt 0.183000 0.426400
vt 0.138900 0.243600
vt 0.153600 0.304500
vt 0.168300 0.365500
vt 0.183000 0.365500
vt 0.138900 0.182700
vt 0.153600 0.243600
vt 0.168300 0.304500
vt 0.183000 0.304500
vt 0.168300 0.243600
vt 0.183000 0.243600
vt 0.153600 0.182700
vt 0.168300 0.182700
vt 0.138900 0.121800
vt 0.153600 0.121800
vt 0.138900 0.060900
vt 0.138900 0.030500
vt 0.138900 0.000000
vt 0.153600 0.060900
vt 0.153600 0.030500
vt 0.153600 0.000000
vt 0.168300 0.121800
vt 0.168300 0.060900
vt 0.168300 0.030500
vt 0.168300 0.000000
vt 0.183000 0.060900
vt 0.183000 0.030500
vt 0.183000 0.000000
vt 0.197700 0.000000
vt 0.197700 0.030500
vt 0.212400 0.000000
vt 0.183000 0.121800
vt 0.197700 0.060900
vt 0.212400 0.030500
vt 0.227100 0.000000
vt 0.183000 0.182700
vt 0.197700 0.121800
vt 0.212400 0.060900
vt 0.227100 0.030500
vt 0.241800 0.000000
vt 0.197700 0.182700
vt 0.197700 0.243600
vt 0.212400 0.121800
vt 0.212400 0.182700
vt 0.197700 0.304500
vt 0.212400 0.243600
vt 0.227100 0.060900
vt 0.227100 0.121800
vt 0.227100 0.182700
vt 0.241800 0.030500
vt 0.256500 0.000000
vt 0.241800 0.060900
vt 0.256500 0.030500
vt 0.241800 0.121800
vt 0.256500 0.060900
vt 0.271200 0.030500
vt 0.271200 0.000000
vt 0.271200 0.060900
vt 0.256500 0.121800
vt 0.241800 0.182700
vt 0.227100 0.243600
vt 0.256500 0.182700
vt 0.271200 0.121800
vt 0.212400 0.304500
vt 0.241800 0.243600
vt 0.227100 0.304500
vt 0.197700 0.365500
vt 0.212400 0.365500
vt 0.197700 0.426400
vt 0.197700 0.487300
vt 0.212400 0.426400
vt 0.212400 0.487300
vt 0.227100 0.365500
vt 0.227100 0.426400
vt 0.227100 0.487300
vt 0.241800 0.304500
vt 0.241800 0.365500
vt 0.241800 0.426400
vt 0.256500 0.426400
vt 0.256500 0.365500
vt 0.271200 0.365500
vt 0.285900 0.365500
vt 0.256500 0.304500
vt 0.271200 0.304500
vt 0.285900 0.304500
vt 0.256500 0.243600
vt 0.271200 0.243600
vt 0.271200 0.182700
vt 0.285900 0.243600
vt 0.285900 0.182700
vt 0.300600 0.243600
vt 0.285900 0.121800
vt 0.300600 0.182700
vt 0.285900 0.060900
vt 0.300600 0.121800
vt 0.315300 0.182700
vt 0.285900 0.030500
vt 0.285900 0.000000
vt 0.300600 0.060900
vt 0.300600 0.030500
vt 0.300600 0.000000
vt 0.315300 0.121800
vt 0.315300 0.060900
vt 0.315300 0.030500
vt 0.315300 0.000000
vt 0.330000 0.182700
vt 0.330000 0.121800
vt 0.330000 0.060900
vt 0.330000 0.030500
vt 0.330000 0.000000
vt 0.344700 0.000000
vt 0.344700 0.030500
vt 0.359400 0.000000
vt 0.344700 0.060900
vt 0.359400 0.030500
vt 0.374100 0.000000
vt 0.344700 0.121800
vt 0.359400 0.060900
vt 0.374100 0.030500
vt 0.388700 0.000000
vt 0.344700 0.182700
vt 0.359400 0.121800
vt 0.359400 0.182700
vt 0.374100 0.060900
vt 0.374100 0.121800
vt 0.374100 0.182700
vt 0.374100 0.243600
vt 0.388700 0.121800
vt 0.388700 0.304500
vt 0.388700 0.182700
vt 0.388700 0.243600
vt 0.403400 0.304500
vt 0.403400 0.243600
vt 0.403400 0.182700
vt 0.403400 0.121800
vt 0.388700 0.060900
vt 0.418100 0.243600
vt 0.418100 0.304500
vt 0.418100 0.182700
vt 0.432800 0.243600
vt 0.432800 0.304500
vt 0.432800 0.365500
vt 0.447500 0.243600
vt 0.432800 0.426400
vt 0.447500 0.304500
vt 0.447500 0.365500
vt 0.432800 0.487300
vt 0.447500 0.426400
vt 0.432800 0.548200
vt 0.447500 0.487300
vt 0.462200 0.426400
vt 0.462200 0.487300
vt 0.462200 0.365500
vt 0.462200 0.304500
vt 0.476900 0.426400
vt 0.476900 0.487300
vt 0.476900 0.365500
vt 0.491600 0.426400
vt 0.491600 0.487300
vt 0.491600 0.548200
vt 0.476900 0.548200
vt 0.462200 0.548200
vt 0.476900 0.609100
vt 0.447500 0.548200
vt 0.462200 0.609100
vt 0.447500 0.609100
vt 0.432800 0.609100
vt 0.462200 0.670000
vt 0.476900 0.670000
vt 0.491600 0.609100
vt 0.447500 0.670000
vt 0.418100 0.670000
vt 0.432800 0.670000
vt 0.403400 0.730900
vt 0.418100 0.730900
vt 0.388700 0.791800
vt 0.403400 0.791800
vt 0.418100 0.791800
vt 0.374100 0.852700
vt 0.388700 0.852700
vt 0.403400 0.852700
vt 0.359400 0.913600
vt 0.374100 0.913600
vt 0.359400 0.944100
vt 0.388700 0.913600
vt 0.374100 0.944100
vt 0.359400 0.959300
vt 0.359400 0.974600
vt 0.374100 0.959300
vt 0.374100 0.974600
vt 0.388700 0.944100
vt 0.388700 0.959300
vt 0.388700 0.974600
vt 0.403400 0.913600
vt 0.403400 0.944100
vt 0.403400 0.959300
vt 0.403400 0.974600
vt 0.418100 0.852700
vt 0.418100 0.913600
vt 0.418100 0.959300
vt 0.418100 0.974600
vt 0.432800 0.974600
vt 0.418100 0.944100
vt 0.432800 0.959300
vt 0.447500 0.974600
vt 0.432800 0.944100
vt 0.447500 0.959300
vt 0.462200 0.959300
vt 0.462200 0.974600
vt 0.432800 0.913600
vt 0.447500 0.944100
vt 0.462200 0.944100
vt 0.476900 0.959300
vt 0.476900 0.974600
vt 0.476900 0.944100
vt 0.462200 0.913600
vt 0.447500 0.913600
vt 0.432800 0.852700
vt 0.447500 0.852700
vt 0.432800 0.791800
vt 0.432800 0.730900
vt 0.447500 0.791800
vt 0.447500 0.730900
vt 0.462200 0.852700
vt 0.462200 0.791800
vt 0.462200 0.730900
vt 0.476900 0.852700
vt 0.476900 0.791800
vt 0.476900 0.730900
vt 0.476900 0.913600
vt 0.491600 0.670000
vt 0.491600 0.730900
vt 0.506300 0.609100
vt 0.491600 0.791800
vt 0.506300 0.670000
vt 0.506300 0.730900
vt 0.491600 0.852700
vt 0.506300 0.791800
vt 0.491600 0.913600
vt 0.506300 0.852700
vt 0.491600 0.944100
vt 0.506300 0.913600
vt 0.491600 0.959300
vt 0.491600 0.974600
vt 0.506300 0.944100
vt 0.506300 0.959300
vt 0.506300 0.974600
vt 0.521000 0.959300
vt 0.521000 0.974600
vt 0.521000 0.944100
vt 0.521000 0.913600
vt 0.521000 0.852700
vt 0.535700 0.959300
vt 0.535700 0.974600
vt 0.550400 0.974600
vt 0.535700 0.944100
vt 0.550400 0.959300
vt 0.565100 0.974600
vt 0.535700 0.913600
vt 0.550400 0.944100
vt 0.565100 0.959300
vt 0.579800 0.959300
vt 0.579800 0.974600
vt 0.535700 0.852700
vt 0.550400 0.913600
vt 0.565100 0.944100
vt 0.579800 0.944100
vt 0.565100 0.913600
vt 0.579800 0.913600
vt 0.550400 0.852700
vt 0.565100 0.852700
vt 0.535700 0.791800
vt 0.550400 0.791800
vt 0.521000 0.791800
vt 0.535700 0.730900
vt 0.521000 0.730900
vt 0.521000 0.670000
vt 0.535700 0.670000
vt 0.521000 0.609100
vt 0.535700 0.609100
vt 0.550400 0.670000
vt 0.550400 0.730900
vt 0.565100 0.791800
vt 0.565100 0.730900
vt 0.579800 0.852700
vt 0.579800 0.791800
vt 0.594500 0.852700
vt 0.594500 0.913600
vt 0.594500 0.791800
vt 0.594500 0.944100
vt 0.579800 0.730900
vt 0.565100 0.670000
vt 0.594500 0.959300
vt 0.594500 0.974600
vt 0.550400 0.609100
vt 0.609200 0.959300
vt 0.609200 0.974600
vt 0.609200 0.944100
vt 0.623900 0.959300
vt 0.623900 0.974600
vt 0.623900 0.944100
vt 0.609200 0.913600
vt 0.623900 0.913600
vt 0.638600 0.959300
vt 0.638600 0.974600
vt 0.638600 0.944100
vt 0.638600 0.913600
vt 0.653300 0.959300
vt 0.653300 0.974600
vt 0.668000 0.974600
vt 0.653300 0.944100
vt 0.668000 0.959300
vt 0.682700 0.974600
vt 0.653300 0.913600
vt 0.668000 0.944100
vt 0.682700 0.959300
vt 0.697400 0.959300
vt 0.697400 0.974600
vt 0.682700 0.944100
vt 0.668000 0.913600
vt 0.697400 0.944100
vt 0.697400 0.913600
vt 0.682700 0.913600
vt 0.653300 0.852700
vt 0.668000 0.852700
vt 0.638600 0.852700
vt 0.653300 0.791800
vt 0.682700 0.852700
vt 0.668000 0.791800
vt 0.623900 0.852700
vt 0.638600 0.791800
vt 0.653300 0.730900
vt 0.609200 0.852700
vt 0.623900 0.791800
vt 0.609200 0.791800
vt 0.638600 0.730900
vt 0.623900 0.730900
vt 0.609200 0.730900
vt 0.594500 0.730900
vt 0.623900 0.670000
vt 0.579800 0.670000
vt 0.609200 0.670000
vt 0.594500 0.670000
vt 0.565100 0.609100
vt 0.579800 0.609100
vt 0.609200 0.609100
vt 0.550400 0.548200
vt 0.565100 0.548200
vt 0.594500 0.609100
vt 0.579800 0.548200
vt 0.594500 0.548200
vt 0.565100 0.487300
vt 0.550400 0.487300
vt 0.535700 0.548200
vt 0.579800 0.487300
vt 0.521000 0.548200
vt 0.535700 0.487300
vt 0.506300 0.548200
vt 0.521000 0.487300
vt 0.506300 0.487300
vt 0.506300 0.426400
vt 0.521000 0.426400
vt 0.535700 0.426400
vt 0.550400 0.426400
vt 0.565100 0.426400
vt 0.550400 0.365500
vt 0.535700 0.365500
vt 0.521000 0.365500
vt 0.550400 0.304500
vt 0.565100 0.365500
vt 0.535700 0.304500
vt 0.565100 0.304500
vt 0.579800 0.426400
vt 0.579800 0.365500
vt 0.565100 0.243600
vt 0.594500 0.487300
vt 0.594500 0.426400
vt 0.579800 0.304500
vt 0.594500 0.365500
vt 0.609200 0.487300
vt 0.609200 0.548200
vt 0.609200 0.426400
vt 0.623900 0.487300
vt 0.623900 0.548200
vt 0.623900 0.609100
vt 0.638600 0.487300
vt 0.638600 0.548200
vt 0.638600 0.609100
vt 0.638600 0.670000
vt 0.653300 0.670000
vt 0.653300 0.609100
vt 0.653300 0.548200
vt 0.668000 0.730900
vt 0.668000 0.670000
vt 0.668000 0.609100
vt 0.682700 0.791800
vt 0.682700 0.730900
vt 0.697400 0.852700
vt 0.697400 0.791800
vt 0.682700 0.670000
vt 0.712100 0.852700
vt 0.697400 0.730900
vt 0.712100 0.791800
vt 0.697400 0.670000
vt 0.682700 0.609100
vt 0.668000 0.548200
vt 0.712100 0.730900
vt 0.653300 0.487300
vt 0.682700 0.548200
vt 0.697400 0.609100
vt 0.668000 0.487300
vt 0.697400 0.548200
vt 0.712100 0.670000
vt 0.712100 0.609100
vt 0.726700 0.609100
vt 0.682700 0.487300
vt 0.712100 0.548200
vt 0.697400 0.487300
vt 0.668000 0.426400
vt 0.682700 0.426400
vt 0.653300 0.426400
vt 0.668000 0.365500
vt 0.638600 0.426400
vt 0.653300 0.365500
vt 0.638600 0.365500
vt 0.623900 0.426400
vt 0.623900 0.365500
vt 0.609200 0.365500
vt 0.594500 0.304500
vt 0.609200 0.304500
vt 0.579800 0.243600
vt 0.623900 0.304500
vt 0.594500 0.243600
vt 0.609200 0.243600
vt 0.594500 0.182700
vt 0.638600 0.304500
vt 0.623900 0.243600
vt 0.609200 0.182700
vt 0.623900 0.182700
vt 0.638600 0.243600
vt 0.653300 0.304500
vt 0.638600 0.182700
vt 0.623900 0.121800
vt 0.609200 0.121800
vt 0.638600 0.121800
vt 0.623900 0.060900
vt 0.653300 0.243600
vt 0.653300 0.182700
vt 0.638600 0.060900
vt 0.668000 0.304500
vt 0.668000 0.243600
vt 0.653300 0.121800
vt 0.668000 0.182700
vt 0.682700 0.243600
vt 0.682700 0.365500
vt 0.682700 0.304500
vt 0.697400 0.426400
vt 0.697400 0.365500
vt 0.697400 0.304500
vt 0.712100 0.487300
vt 0.712100 0.426400
vt 0.712100 0.365500
vt 0.726700 0.548200
vt 0.726700 0.487300
vt 0.726700 0.426400
vt 0.741400 0.487300
vt 0.741400 0.426400
vt 0.726700 0.365500
vt 0.712100 0.304500
vt 0.741400 0.548200
vt 0.697400 0.243600
vt 0.726700 0.304500
vt 0.712100 0.243600
vt 0.741400 0.365500
vt 0.726700 0.243600
vt 0.756100 0.365500
vt 0.741400 0.304500
vt 0.756100 0.304500
vt 0.741400 0.243600
vt 0.756100 0.243600
vt 0.741400 0.182700
vt 0.756100 0.182700
vt 0.770800 0.243600
vt 0.770800 0.304500
vt 0.726700 0.182700
vt 0.756100 0.121800
vt 0.741400 0.121800
vt 0.712100 0.182700
vt 0.726700 0.121800
vt 0.697400 0.182700
vt 0.712100 0.121800
vt 0.741400 0.060900
vt 0.726700 0.060900
vt 0.682700 0.182700
vt 0.697400 0.121800
vt 0.712100 0.060900
vt 0.668000 0.121800
vt 0.682700 0.121800
vt 0.653300 0.060900
vt 0.697400 0.060900
vt 0.668000 0.060900
vt 0.682700 0.060900
vt 0.653300 0.030500
vt 0.638600 0.030500
vt 0.623900 0.030500
vt 0.638600 0.000000
vt 0.623900 0.000000
vt 0.653300 0.000000
vt 0.668000 0.030500
vt 0.668000 0.000000
vt 0.682700 0.030500
vt 0.682700 0.000000
vt 0.697400 0.000000
vt 0.697400 0.030500
vt 0.712100 0.000000
vt 0.712100 0.030500
vt 0.726700 0.000000
vt 0.726700 0.030500
vt 0.741400 0.000000
vt 0.741400 0.030500
vt 0.756100 0.030500
vt 0.756100 0.000000
vt 0.756100 0.060900
vt 0.770800 0.030500
vt 0.770800 0.000000
vt 0.770800 0.060900
vt 0.770800 0.121800
vt 0.770800 0.182700
vt 0.785500 0.243600
vt 0.785500 0.182700
vt 0.785500 0.121800
vt 0.785500 0.060900
vt 0.800200 0.182700
vt 0.800200 0.121800
vt 0.785500 0.030500
vt 0.785500 0.000000
vt 0.800200 0.060900
vt 0.800200 0.030500
vt 0.800200 0.000000
vt 0.814900 0.121800
vt 0.814900 0.030500
vt 0.814900 0.000000
vt 0.814900 0.060900
vt 0.829600 0.030500
vt 0.829600 0.000000
vt 0.844300 0.000000
vt 0.829600 0.060900
vt 0.844300 0.030500
vt 0.859000 0.000000
vt 0.829600 0.121800
vt 0.844300 0.060900
vt 0.859000 0.030500
vt 0.873700 0.000000
vt 0.844300 0.121800
vt 0.859000 0.060900
vt 0.873700 0.030500
vt 0.888400 0.000000
vt 0.859000 0.121800
vt 0.873700 0.060900
vt 0.888400 0.030500
vt 0.903100 0.000000
vt 0.903100 0.030500
vt 0.917800 0.000000
vt 0.888400 0.060900
vt 0.873700 0.121800
vt 0.859000 0.182700
vt 0.903100 0.060900
vt 0.888400 0.121800
vt 0.873700 0.182700
vt 0.844300 0.182700
vt 0.873700 0.243600
vt 0.829600 0.182700
vt 0.859000 0.243600
vt 0.844300 0.243600
vt 0.814900 0.182700
vt 0.829600 0.243600
vt 0.814900 0.243600
vt 0.800200 0.243600
vt 0.814900 0.304500
vt 0.829600 0.304500
vt 0.844300 0.304500
vt 0.800200 0.304500
vt 0.785500 0.304500
vt 0.859000 0.304500
vt 0.770800 0.365500
vt 0.873700 0.304500
vt 0.770800 0.426400
vt 0.785500 0.365500
vt 0.800200 0.365500
vt 0.814900 0.365500
vt 0.800200 0.426400
vt 0.829600 0.365500
vt 0.814900 0.426400
vt 0.829600 0.426400
vt 0.844300 0.365500
vt 0.844300 0.426400
vt 0.829600 0.487300
vt 0.844300 0.487300
vt 0.814900 0.487300
vt 0.844300 0.548200
vt 0.785500 0.426400
vt 0.800200 0.487300
vt 0.829600 0.548200
vt 0.814900 0.548200
vt 0.785500 0.487300
vt 0.800200 0.548200
vt 0.829600 0.609100
vt 0.814900 0.609100
vt 0.844300 0.609100
vt 0.829600 0.670000
vt 0.844300 0.670000
vt 0.859000 0.609100
vt 0.859000 0.670000
vt 0.859000 0.730900
vt 0.859000 0.548200
vt 0.844300 0.730900
vt 0.873700 0.730900
vt 0.859000 0.791800
vt 0.859000 0.487300
vt 0.859000 0.426400
vt 0.873700 0.548200
vt 0.873700 0.487300
vt 0.859000 0.365500
vt 0.873700 0.426400
vt 0.873700 0.365500
vt 0.888400 0.487300
vt 0.888400 0.426400
vt 0.888400 0.365500
vt 0.888400 0.304500
vt 0.888400 0.548200
vt 0.903100 0.487300
vt 0.903100 0.426400
vt 0.903100 0.365500
vt 0.903100 0.548200
vt 0.917800 0.487300
vt 0.917800 0.548200
vt 0.917800 0.426400
vt 0.932500 0.426400
vt 0.917800 0.365500
vt 0.903100 0.304500
vt 0.932500 0.487300
vt 0.888400 0.243600
vt 0.903100 0.243600
vt 0.888400 0.182700
vt 0.903100 0.182700
vt 0.903100 0.121800
vt 0.917800 0.243600
vt 0.917800 0.304500
vt 0.917800 0.182700
vt 0.917800 0.121800
vt 0.932500 0.365500
vt 0.932500 0.304500
vt 0.932500 0.243600
vt 0.932500 0.182700
vt 0.932500 0.121800
vt 0.947200 0.182700
vt 0.947200 0.243600
vt 0.917800 0.060900
vt 0.947200 0.121800
vt 0.947200 0.304500
vt 0.932500 0.060900
vt 0.917800 0.030500
vt 0.932500 0.030500
vt 0.932500 0.000000
vt 0.947200 0.060900
vt 0.947200 0.030500
vt 0.947200 0.000000
vt 0.961900 0.030500
vt 0.961900 0.000000
vt 0.976600 0.000000
vt 0.961900 0.121800
vt 0.961900 0.060900
vt 0.976600 0.030500
vt 0.991300 0.000000
vt 0.976600 0.060900
vt 0.991300 0.030500
vt 1.006000 0.030500
vt 1.006000 0.000000
vt 1.006000 0.060900
vt 0.991300 0.060900
vt 0.976600 0.121800
vt 0.991300 0.121800
vt 1.006000 0.121800
vt 0.961900 0.182700
vt 0.976600 0.182700
vt 0.961900 0.243600
vt 0.991300 0.182700
vt 1.006000 0.182700
vt 0.976600 0.243600
vt 0.991300 0.243600
vt 1.006000 0.243600
vt 1.006000 0.304500
vt 0.991300 0.304500
vt 1.006000 0.365500
vt 0.961900 0.304500
vt 0.976600 0.304500
vt 0.991300 0.365500
vt 1.006000 0.426400
vt 0.961900 0.365500
vt 0.976600 0.365500
vt 0.991300 0.426400
vt 1.006000 0.487300
vt 0.947200 0.365500
vt 0.947200 0.426400
vt 0.976600 0.426400
vt 0.961900 0.426400
vt 0.947200 0.487300
vt 0.991300 0.487300
vt 1.006000 0.548200
vt 0.976600 0.487300
vt 0.991300 0.548200
vt 1.006000 0.609100
vt 0.961900 0.487300
vt 0.976600 0.548200
vt 0.991300 0.609100
vt 1.006000 0.670000
vt 0.961900 0.548200
vt 0.976600 0.609100
vt 0.991300 0.670000
vt 1.006000 0.730900
vt 0.947200 0.548200
vt 0.961900 0.609100
vt 0.976600 0.670000
vt 0.991300 0.730900
vt 1.006000 0.791800
vt 0.932500 0.548200
vt 0.917800 0.609100
vt 0.932500 0.609100
vt 0.947200 0.609100
vt 0.917800 0.670000
vt 0.903100 0.609100
vt 0.932500 0.670000
vt 0.903100 0.670000
vt 0.917800 0.730900
vt 0.888400 0.609100
vt 0.873700 0.609100
vt 0.888400 0.670000
vt 0.873700 0.670000
vt 0.903100 0.730900
vt 0.888400 0.730900
vt 0.903100 0.791800
vt 0.888400 0.791800
vt 0.873700 0.791800
vt 0.903100 0.852700
vt 0.917800 0.791800
vt 0.932500 0.730900
vt 0.932500 0.791800
vt 0.947200 0.670000
vt 0.947200 0.730900
vt 0.961900 0.670000
vt 0.961900 0.730900
vt 0.976600 0.730900
vt 0.991300 0.791800
vt 0.976600 0.791800
vt 0.991300 0.852700
vt 1.006000 0.852700
vt 0.961900 0.791800
vt 0.976600 0.852700
vt 0.991300 0.913600
vt 1.006000 0.913600
vt 0.947200 0.791800
vt 0.961900 0.852700
vt 0.976600 0.913600
vt 0.991300 0.944100
vt 1.006000 0.944100
vt 0.947200 0.852700
vt 0.961900 0.913600
vt 0.976600 0.944100
vt 0.991300 0.959300
vt 1.006000 0.959300
vt 0.991300 0.974600
vt 1.006000 0.974600
vt 0.976600 0.959300
vt 0.976600 0.974600
vt 0.961900 0.944100
vt 0.961900 0.959300
vt 0.961900 0.974600
vt 0.947200 0.913600
vt 0.947200 0.944100
vt 0.947200 0.959300
vt 0.947200 0.974600
vt 0.932500 0.974600
vt 0.932500 0.852700
vt 0.932500 0.913600
vt 0.917800 0.852700
vt 0.917800 0.913600
vt 0.932500 0.944100
vt 0.903100 0.913600
vt 0.932500 0.959300
vt 0.917800 0.944100
vt 0.917800 0.959300
vt 0.917800 0.974600
vt 0.903100 0.959300
vt 0.903100 0.974600
vt 0.903100 0.944100
vt 0.888400 0.913600
vt 0.888400 0.944100
vt 0.888400 0.959300
vt 0.888400 0.974600
vt 0.873700 0.974600
vt 0.873700 0.959300
vt 0.859000 0.974600
vt 0.873700 0.944100
vt 0.859000 0.959300
vt 0.844300 0.974600
vt 0.873700 0.913600
vt 0.859000 0.944100
vt 0.844300 0.959300
vt 0.829600 0.959300
vt 0.829600 0.974600
vt 0.844300 0.944100
vt 0.814900 0.974600
vt 0.859000 0.913600
vt 0.829600 0.944100
vt 0.814900 0.959300
vt 0.800200 0.959300
vt 0.800200 0.974600
vt 0.844300 0.913600
vt 0.785500 0.959300
vt 0.785500 0.974600
vt 0.829600 0.913600
vt 0.814900 0.944100
vt 0.800200 0.944100
vt 0.785500 0.944100
vt 0.800200 0.913600
vt 0.770800 0.959300
vt 0.770800 0.974600
vt 0.756100 0.974600
vt 0.770800 0.944100
vt 0.756100 0.959300
vt 0.741400 0.974600
vt 0.741400 0.959300
vt 0.726700 0.974600
vt 0.756100 0.944100
vt 0.770800 0.913600
vt 0.726700 0.959300
vt 0.712100 0.974600
vt 0.741400 0.944100
vt 0.756100 0.913600
vt 0.785500 0.913600
vt 0.770800 0.852700
vt 0.785500 0.852700
vt 0.800200 0.852700
vt 0.785500 0.791800
vt 0.814900 0.913600
vt 0.814900 0.852700
vt 0.800200 0.791800
vt 0.770800 0.791800
vt 0.785500 0.730900
vt 0.756100 0.852700
vt 0.770800 0.730900
vt 0.741400 0.913600
vt 0.756100 0.791800
vt 0.741400 0.852700
vt 0.726700 0.944100
vt 0.726700 0.913600
vt 0.712100 0.959300
vt 0.712100 0.944100
vt 0.712100 0.913600
vt 0.726700 0.852700
vt 0.726700 0.791800
vt 0.741400 0.791800
vt 0.756100 0.730900
vt 0.741400 0.730900
vt 0.726700 0.730900
vt 0.726700 0.670000
vt 0.741400 0.670000
vt 0.741400 0.609100
vt 0.756100 0.670000
vt 0.756100 0.609100
vt 0.756100 0.548200
vt 0.770800 0.609100
vt 0.770800 0.670000
vt 0.756100 0.487300
vt 0.770800 0.548200
vt 0.756100 0.426400
vt 0.770800 0.487300
vt 0.785500 0.548200
vt 0.785500 0.609100
vt 0.800200 0.609100
vt 0.785500 0.670000
vt 0.800200 0.670000
vt 0.800200 0.730900
vt 0.814900 0.670000
vt 0.814900 0.730900
vt 0.814900 0.791800
vt 0.829600 0.730900
vt 0.829600 0.852700
vt 0.829600 0.791800
vt 0.844300 0.791800
vt 0.844300 0.852700
vt 0.859000 0.852700
vt 0.873700 0.852700
vt 0.888400 0.852700
vt 0.550400 0.060900
vt 0.535700 0.060900
vt 0.535700 0.030500
vt 0.550400 0.121800
vt 0.565100 0.060900
vt 0.550400 0.030500
vt 0.535700 0.000000
vt 0.521000 0.000000
vt 0.550400 0.000000
vt 0.521000 0.030500
vt 0.506300 0.000000
vt 0.565100 0.030500
vt 0.565100 0.000000
vt 0.579800 0.000000
vt 0.579800 0.030500
vt 0.594500 0.000000
vt 0.594500 0.030500
vt 0.609200 0.000000
vt 0.579800 0.060900
vt 0.565100 0.121800
vt 0.609200 0.030500
vt 0.594500 0.060900
vt 0.609200 0.060900
vt 0.594500 0.121800
vt 0.579800 0.121800
vt 0.579800 0.182700
vt 0.565100 0.182700
vt 0.550400 0.243600
vt 0.550400 0.182700
vt 0.535700 0.121800
vt 0.535700 0.182700
vt 0.535700 0.243600
vt 0.521000 0.060900
vt 0.521000 0.121800
vt 0.521000 0.182700
vt 0.521000 0.243600
vt 0.521000 0.304500
vt 0.506300 0.182700
vt 0.506300 0.243600
vt 0.506300 0.304500
vt 0.491600 0.243600
vt 0.506300 0.121800
vt 0.506300 0.365500
vt 0.491600 0.304500
vt 0.491600 0.365500
vt 0.476900 0.304500
vt 0.476900 0.243600
vt 0.462200 0.243600
vt 0.491600 0.182700
vt 0.476900 0.182700
vt 0.491600 0.121800
vt 0.506300 0.060900
vt 0.462200 0.182700
vt 0.476900 0.121800
vt 0.491600 0.060900
vt 0.506300 0.030500
vt 0.491600 0.030500
vt 0.491600 0.000000
vt 0.476900 0.060900
vt 0.476900 0.030500
vt 0.476900 0.000000
vt 0.462200 0.121800
vt 0.462200 0.060900
vt 0.462200 0.030500
vt 0.462200 0.000000
vt 0.447500 0.182700
vt 0.447500 0.121800
vt 0.432800 0.182700
vt 0.432800 0.121800
vt 0.418100 0.121800
vt 0.447500 0.060900
vt 0.432800 0.060900
vt 0.418100 0.060900
vt 0.403400 0.060900
vt 0.388700 0.030500
vt 0.403400 0.030500
vt 0.403400 0.000000
vt 0.418100 0.030500
vt 0.418100 0.000000
vt 0.432800 0.030500
vt 0.432800 0.000000
vt 0.447500 0.030500
vt 0.447500 0.000000
vt 0.065400 0.030500
vt 0.080100 0.030500
vt 0.080100 0.000000
vt 0.065400 0.000000
vt 0.065400 0.060900
vt 0.094800 0.030500
vt 0.094800 0.000000
vt 0.080100 0.060900
vt 0.065400 0.121800
vt 0.094800 0.060900
vt 0.080100 0.121800
vt 0.065400 0.182700
vt 0.109500 0.030500
vt 0.109500 0.000000
vt 0.109500 0.060900
vt 0.094800 0.121800
vt 0.080100 0.182700
vt 0.065400 0.243600
vt 0.080100 0.243600
vt 0.065400 0.304500
vt 0.094800 0.182700
vt 0.080100 0.304500
vt 0.065400 0.365500
vt 0.094800 0.243600
vt 0.109500 0.121800
vt 0.109500 0.182700
vt 0.080100 0.365500
vt 0.065400 0.426400
vt 0.094800 0.304500
vt 0.080100 0.426400
vt 0.065400 0.487300
vt 0.094800 0.365500
vt 0.109500 0.243600
vt 0.109500 0.304500
vt 0.080100 0.487300
vt 0.065400 0.548200
vt 0.094800 0.426400
vt 0.080100 0.548200
vt 0.065400 0.609100
vt 0.094800 0.487300
vt 0.109500 0.365500
vt 0.109500 0.426400
vt 0.080100 0.609100
vt 0.065400 0.670000
vt 0.094800 0.548200
vt 0.109500 0.487300
vt 0.094800 0.609100
vt 0.080100 0.670000
vt 0.080100 0.730900
vt 0.065400 0.730900
vt 0.094800 0.670000
vt 0.109500 0.548200
vt 0.080100 0.791800
vt 0.065400 0.791800
vt 0.094800 0.730900
vt 0.109500 0.609100
vt 0.109500 0.670000
vt 0.094800 0.791800
vt 0.080100 0.852700
vt 0.065400 0.852700
vt 0.094800 0.852700
vt 0.109500 0.730900
vt 0.109500 0.791800
vt 0.080100 0.913600
vt 0.065400 0.913600
vt 0.065400 0.944100
vt 0.094800 0.913600
vt 0.080100 0.944100
vt 0.080100 0.959300
vt 0.065400 0.959300
vt 0.080100 0.974600
vt 0.065400 0.974600
vt 0.094800 0.974600
vt 0.094800 0.959300
vt 0.109500 0.974600
vt 0.094800 0.944100
vt 0.109500 0.959300
vt 0.109500 0.944100
vt 0.124200 0.959300
vt 0.124200 0.974600
vt 0.124200 0.944100
vt 0.109500 0.913600
vt 0.109500 0.852700
vt 0.138900 0.959300
vt 0.138900 0.974600
vt 0.138900 0.944100
vt 0.153600 0.959300
vt 0.153600 0.974600
vt 0.153600 0.944100
vt 0.168300 0.959300
vt 0.168300 0.974600
vt 0.168300 0.944100
vt 0.183000 0.959300
vt 0.183000 0.974600
vt 0.197700 0.974600
vt 0.183000 0.944100
vt 0.197700 0.959300
vt 0.212400 0.974600
vt 0.183000 0.913600
vt 0.197700 0.944100
vt 0.212400 0.959300
vt 0.227100 0.959300
vt 0.227100 0.974600
vt 0.241800 0.974600
vt 0.227100 0.944100
vt 0.212400 0.944100
vt 0.197700 0.913600
vt 0.241800 0.959300
vt 0.256500 0.959300
vt 0.256500 0.974600
vt 0.241800 0.944100
vt 0.271200 0.959300
vt 0.271200 0.974600
vt 0.256500 0.944100
vt 0.271200 0.944100
vt 0.285900 0.959300
vt 0.285900 0.974600
vt 0.285900 0.944100
vt 0.300600 0.959300
vt 0.300600 0.974600
vt 0.315300 0.974600
vt 0.300600 0.944100
vt 0.315300 0.959300
vt 0.330000 0.974600
vt 0.300600 0.913600
vt 0.315300 0.944100
vt 0.330000 0.959300
vt 0.344700 0.959300
vt 0.344700 0.974600
vt 0.359400 0.974600
vt 0.285900 0.913600
vt 0.271200 0.913600
vt 0.300600 0.852700
vt 0.256500 0.913600
vt 0.285900 0.852700
vt 0.271200 0.852700
vt 0.241800 0.913600
vt 0.256500 0.852700
vt 0.227100 0.913600
vt 0.212400 0.913600
vt 0.227100 0.852700
vt 0.212400 0.852700
vt 0.197700 0.852700
vt 0.183000 0.852700
vt 0.241800 0.852700
vt 0.227100 0.791800
vt 0.168300 0.913600
vt 0.153600 0.913600
vt 0.168300 0.852700
vt 0.183000 0.791800
vt 0.153600 0.852700
vt 0.138900 0.913600
vt 0.124200 0.913600
vt 0.138900 0.852700
vt 0.124200 0.852700
vt 0.168300 0.791800
vt 0.153600 0.791800
vt 0.138900 0.791800
vt 0.124200 0.791800
vt 0.124200 0.730900
vt 0.138900 0.730900
vt 0.153600 0.730900
vt 0.168300 0.730900
vt 0.124200 0.670000
vt 0.138900 0.670000
vt 0.153600 0.670000
vt 0.168300 0.670000
vt 0.124200 0.609100
vt 0.138900 0.609100
vt 0.153600 0.609100
vt 0.168300 0.609100
vt 0.124200 0.548200
vt 0.138900 0.548200
vt 0.153600 0.548200
vt 0.168300 0.548200
vt 0.124200 0.487300
vt 0.138900 0.487300
vt 0.153600 0.487300
vt 0.168300 0.487300
vt 0.124200 0.426400
vt 0.138900 0.426400
vt 0.153600 0.426400
vt 0.168300 0.426400
vt 0.124200 0.365500
vt 0.138900 0.365500
vt 0.153600 0.365500
vt 0.168300 0.365500
vt 0.124200 0.304500
vt 0.138900 0.304500
vt 0.153600 0.304500
vt 0.168300 0.304500
vt 0.124200 0.243600
vt 0.138900 0.243600
vt 0.153600 0.243600
vt 0.168300 0.243600
vt 0.124200 0.182700
vt 0.138900 0.182700
vt 0.153600 0.182700
vt 0.168300 0.182700
vt 0.124200 0.121800
vt 0.138900 0.121800
vt 0.153600 0.121800
vt 0.168300 0.121800
vt 0.124200 0.060900
vt 0.138900 0.060900
vt 0.124200 0.030500
vt 0.124200 0.000000
vt 0.138900 0.030500
vt 0.138900 0.000000
vt 0.153600 0.060900
vt 0.153600 0.030500
vt 0.153600 0.000000
vt 0.168300 0.060900
vt 0.168300 0.030500
vt 0.168300 0.000000
vt 0.183000 0.000000
vt 0.183000 0.060900
vt 0.183000 0.030500
vt 0.197700 0.000000
vt 0.197700 0.030500
vt 0.212400 0.000000
vt 0.183000 0.121800
vt 0.197700 0.060900
vt 0.212400 0.030500
vt 0.227100 0.000000
vt 0.183000 0.182700
vt 0.197700 0.121800
vt 0.212400 0.060900
vt 0.227100 0.030500
vt 0.241800 0.030500
vt 0.241800 0.000000
vt 0.227100 0.060900
vt 0.212400 0.121800
vt 0.197700 0.182700
vt 0.227100 0.121800
vt 0.241800 0.060900
vt 0.212400 0.182700
vt 0.241800 0.121800
vt 0.256500 0.060900
vt 0.256500 0.030500
vt 0.256500 0.000000
vt 0.227100 0.182700
vt 0.271200 0.030500
vt 0.271200 0.000000
vt 0.271200 0.060900
vt 0.256500 0.121800
vt 0.241800 0.182700
vt 0.271200 0.121800
vt 0.285900 0.060900
vt 0.285900 0.030500
vt 0.285900 0.000000
vt 0.300600 0.030500
vt 0.300600 0.000000
vt 0.315300 0.000000
vt 0.300600 0.060900
vt 0.315300 0.030500
vt 0.330000 0.000000
vt 0.315300 0.060900
vt 0.330000 0.030500
vt 0.344700 0.000000
vt 0.285900 0.121800
vt 0.300600 0.121800
vt 0.344700 0.030500
vt 0.359400 0.000000
vt 0.330000 0.060900
vt 0.315300 0.121800
vt 0.359400 0.030500
vt 0.374100 0.000000
vt 0.344700 0.060900
vt 0.330000 0.121800
vt 0.300600 0.182700
vt 0.315300 0.182700
vt 0.285900 0.182700
vt 0.300600 0.243600
vt 0.271200 0.182700
vt 0.285900 0.243600
vt 0.271200 0.243600
vt 0.256500 0.182700
vt 0.256500 0.243600
vt 0.241800 0.243600
vt 0.227100 0.243600
vt 0.241800 0.304500
vt 0.256500 0.304500
vt 0.271200 0.304500
vt 0.241800 0.365500
vt 0.285900 0.304500
vt 0.256500 0.365500
vt 0.271200 0.365500
vt 0.300600 0.304500
vt 0.285900 0.365500
vt 0.315300 0.243600
vt 0.330000 0.182700
vt 0.315300 0.304500
vt 0.344700 0.121800
vt 0.330000 0.243600
vt 0.344700 0.182700
vt 0.359400 0.060900
vt 0.359400 0.121800
vt 0.344700 0.243600
vt 0.374100 0.030500
vt 0.374100 0.060900
vt 0.359400 0.182700
vt 0.374100 0.121800
vt 0.388700 0.060900
vt 0.388700 0.030500
vt 0.388700 0.000000
vt 0.403400 0.030500
vt 0.403400 0.000000
vt 0.403400 0.060900
vt 0.388700 0.121800
vt 0.374100 0.182700
vt 0.403400 0.121800
vt 0.418100 0.060900
vt 0.418100 0.030500
vt 0.418100 0.000000
vt 0.432800 0.000000
vt 0.432800 0.030500
vt 0.447500 0.000000
vt 0.447500 0.030500
vt 0.462200 0.000000
vt 0.432800 0.060900
vt 0.418100 0.121800
vt 0.447500 0.060900
vt 0.462200 0.030500
vt 0.476900 0.000000
vt 0.432800 0.121800
vt 0.462200 0.060900
vt 0.476900 0.030500
vt 0.491600 0.000000
vt 0.447500 0.121800
vt 0.476900 0.060900
vt 0.491600 0.030500
vt 0.462200 0.121800
vt 0.491600 0.060900
vt 0.506300 0.030500
vt 0.506300 0.000000
vt 0.506300 0.060900
vt 0.476900 0.121800
vt 0.491600 0.121800
vt 0.521000 0.030500
vt 0.521000 0.000000
vt 0.521000 0.060900
vt 0.506300 0.121800
vt 0.535700 0.030500
vt 0.535700 0.000000
vt 0.550400 0.000000
vt 0.535700 0.060900
vt 0.550400 0.030500
vt 0.565100 0.000000
vt 0.521000 0.121800
vt 0.550400 0.060900
vt 0.565100 0.030500
vt 0.579800 0.000000
vt 0.535700 0.121800
vt 0.565100 0.060900
vt 0.579800 0.030500
vt 0.594500 0.000000
vt 0.550400 0.121800
vt 0.579800 0.060900
vt 0.594500 0.030500
vt 0.609200 0.030500
vt 0.609200 0.000000
vt 0.594500 0.060900
vt 0.565100 0.121800
vt 0.579800 0.121800
vt 0.609200 0.060900
vt 0.594500 0.121800
vt 0.623900 0.030500
vt 0.623900 0.000000
vt 0.623900 0.060900
vt 0.609200 0.121800
vt 0.638600 0.030500
vt 0.638600 0.000000
vt 0.638600 0.060900
vt 0.623900 0.121800
vt 0.653300 0.030500
vt 0.653300 0.000000
vt 0.668000 0.000000
vt 0.653300 0.060900
vt 0.668000 0.030500
vt 0.682700 0.000000
vt 0.668000 0.060900
vt 0.682700 0.030500
vt 0.697400 0.000000
vt 0.638600 0.121800
vt 0.653300 0.121800
vt 0.697400 0.030500
vt 0.712100 0.000000
vt 0.682700 0.060900
vt 0.668000 0.121800
vt 0.712100 0.030500
vt 0.726700 0.000000
vt 0.697400 0.060900
vt 0.682700 0.121800
vt 0.653300 0.182700
vt 0.668000 0.182700
vt 0.638600 0.182700
vt 0.668000 0.243600
vt 0.697400 0.121800
vt 0.682700 0.182700
vt 0.682700 0.243600
vt 0.697400 0.182700
vt 0.697400 0.243600
vt 0.712100 0.060900
vt 0.712100 0.121800
vt 0.726700 0.030500
vt 0.726700 0.060900
vt 0.712100 0.182700
vt 0.726700 0.121800
vt 0.741400 0.060900
vt 0.741400 0.030500
vt 0.741400 0.000000
vt 0.756100 0.030500
vt 0.756100 0.000000
vt 0.756100 0.060900
vt 0.741400 0.121800
vt 0.726700 0.182700
vt 0.756100 0.121800
vt 0.770800 0.060900
vt 0.770800 0.030500
vt 0.770800 0.000000
vt 0.785500 0.000000
vt 0.785500 0.030500
vt 0.800200 0.000000
vt 0.800200 0.030500
vt 0.814900 0.000000
vt 0.785500 0.060900
vt 0.770800 0.121800
vt 0.800200 0.060900
vt 0.814900 0.030500
vt 0.829600 0.000000
vt 0.785500 0.121800
vt 0.814900 0.060900
vt 0.829600 0.030500
vt 0.844300 0.000000
vt 0.800200 0.121800
vt 0.829600 0.060900
vt 0.844300 0.030500
vt 0.859000 0.000000
vt 0.814900 0.121800
vt 0.844300 0.060900
vt 0.859000 0.030500
vt 0.873700 0.000000
vt 0.829600 0.121800
vt 0.859000 0.060900
vt 0.873700 0.030500
vt 0.888400 0.000000
vt 0.844300 0.121800
vt 0.873700 0.060900
vt 0.888400 0.030500
vt 0.903100 0.000000
vt 0.859000 0.121800
vt 0.888400 0.060900
vt 0.844300 0.182700
vt 0.873700 0.121800
vt 0.859000 0.182700
vt 0.873700 0.182700
vt 0.903100 0.030500
vt 0.917800 0.030500
vt 0.917800 0.000000
vt 0.932500 0.000000
vt 0.932500 0.030500
vt 0.947200 0.000000
vt 0.932500 0.060900
vt 0.947200 0.030500
vt 0.961900 0.000000
vt 0.961900 0.030500
vt 0.976600 0.000000
vt 0.947200 0.060900
vt 0.976600 0.030500
vt 0.991300 0.000000
vt 0.961900 0.060900
vt 0.991300 0.030500
vt 1.006000 0.000000
vt 1.006000 0.030500
vt 1.006000 0.060900
vt 0.976600 0.060900
vt 0.991300 0.060900
vt 0.991300 0.121800
vt 1.006000 0.121800
vt 0.976600 0.121800
vt 0.991300 0.182700
vt 1.006000 0.182700
vt 0.961900 0.121800
vt 0.976600 0.182700
vt 0.991300 0.243600
vt 1.006000 0.243600
vt 1.006000 0.304500
vt 0.976600 0.243600
vt 0.991300 0.304500
vt 1.006000 0.365500
vt 0.991300 0.365500
vt 1.006000 0.426400
vt 0.976600 0.304500
vt 0.961900 0.243600
vt 0.961900 0.182700
vt 0.991300 0.426400
vt 1.006000 0.487300
vt 0.976600 0.365500
vt 0.961900 0.304500
vt 0.947200 0.243600
vt 0.991300 0.487300
vt 1.006000 0.548200
vt 0.976600 0.426400
vt 0.961900 0.365500
vt 0.947200 0.304500
vt 0.991300 0.548200
vt 1.006000 0.609100
vt 0.976600 0.487300
vt 0.961900 0.426400
vt 0.947200 0.365500
vt 0.991300 0.609100
vt 1.006000 0.670000
vt 0.976600 0.548200
vt 0.961900 0.487300
vt 0.947200 0.426400
vt 0.991300 0.670000
vt 1.006000 0.730900
vt 0.976600 0.609100
vt 0.961900 0.548200
vt 0.947200 0.487300
vt 0.961900 0.609100
vt 0.976600 0.670000
vt 0.991300 0.730900
vt 0.991300 0.791800
vt 1.006000 0.791800
vt 0.976600 0.730900
vt 0.961900 0.670000
vt 0.976600 0.791800
vt 0.991300 0.852700
vt 1.006000 0.852700
vt 0.976600 0.852700
vt 0.961900 0.730900
vt 0.991300 0.913600
vt 1.006000 0.913600
vt 0.976600 0.913600
vt 0.991300 0.944100
vt 1.006000 0.944100
vt 0.991300 0.959300
vt 1.006000 0.959300
vt 0.976600 0.944100
vt 0.976600 0.959300
vt 0.976600 0.974600
vt 0.991300 0.974600
vt 0.961900 0.959300
vt 0.961900 0.974600
vt 0.961900 0.944100
vt 0.961900 0.913600
vt 0.961900 0.852700
vt 0.947200 0.959300
vt 0.947200 0.974600
vt 0.947200 0.944100
vt 0.947200 0.913600
vt 0.947200 0.852700
vt 0.932500 0.959300
vt 0.932500 0.974600
vt 0.932500 0.944100
vt 0.932500 0.913600
vt 0.932500 0.852700
vt 0.917800 0.959300
vt 0.917800 0.974600
vt 0.917800 0.944100
vt 0.917800 0.913600
vt 0.917800 0.852700
vt 0.903100 0.959300
vt 0.903100 0.974600
vt 0.903100 0.944100
vt 0.903100 0.913600
vt 0.903100 0.852700
vt 0.888400 0.959300
vt 0.888400 0.974600
vt 0.873700 0.974600
vt 0.888400 0.944100
vt 0.873700 0.959300
vt 0.859000 0.974600
vt 0.888400 0.913600
vt 0.873700 0.944100
vt 0.859000 0.959300
vt 0.844300 0.974600
vt 0.888400 0.852700
vt 0.873700 0.913600
vt 0.859000 0.944100
vt 0.844300 0.959300
vt 0.829600 0.974600
vt 0.888400 0.791800
vt 0.873700 0.852700
vt 0.859000 0.913600
vt 0.844300 0.944100
vt 0.829600 0.959300
vt 0.814900 0.959300
vt 0.814900 0.974600
vt 0.829600 0.944100
vt 0.800200 0.959300
vt 0.800200 0.974600
vt 0.814900 0.944100
vt 0.800200 0.944100
vt 0.785500 0.959300
vt 0.785500 0.974600
vt 0.785500 0.944100
vt 0.800200 0.913600
vt 0.770800 0.959300
vt 0.770800 0.974600
vt 0.756100 0.974600
vt 0.770800 0.944100
vt 0.756100 0.959300
vt 0.741400 0.974600
vt 0.785500 0.913600
vt 0.770800 0.913600
vt 0.756100 0.944100
vt 0.741400 0.959300
vt 0.726700 0.974600
vt 0.726700 0.959300
vt 0.712100 0.974600
vt 0.741400 0.944100
vt 0.756100 0.913600
vt 0.770800 0.852700
vt 0.741400 0.913600
vt 0.785500 0.852700
vt 0.756100 0.852700
vt 0.770800 0.791800
vt 0.800200 0.852700
vt 0.785500 0.791800
vt 0.814900 0.913600
vt 0.814900 0.852700
vt 0.829600 0.913600
vt 0.800200 0.791800
vt 0.844300 0.913600
vt 0.859000 0.852700
vt 0.844300 0.852700
vt 0.873700 0.791800
vt 0.859000 0.791800
vt 0.873700 0.730900
vt 0.829600 0.852700
vt 0.844300 0.791800
vt 0.814900 0.791800
vt 0.829600 0.791800
vt 0.800200 0.730900
vt 0.859000 0.730900
vt 0.814900 0.730900
vt 0.829600 0.730900
vt 0.844300 0.730900
vt 0.859000 0.670000
vt 0.829600 0.670000
vt 0.814900 0.670000
vt 0.844300 0.670000
vt 0.814900 0.609100
vt 0.800200 0.670000
vt 0.800200 0.609100
vt 0.785500 0.670000
vt 0.785500 0.609100
vt 0.785500 0.730900
vt 0.770800 0.670000
vt 0.770800 0.730900
vt 0.756100 0.791800
vt 0.756100 0.730900
vt 0.741400 0.852700
vt 0.741400 0.791800
vt 0.756100 0.670000
vt 0.741400 0.730900
vt 0.726700 0.852700
vt 0.726700 0.913600
vt 0.726700 0.944100
vt 0.726700 0.791800
vt 0.712100 0.913600
vt 0.712100 0.959300
vt 0.712100 0.944100
vt 0.697400 0.959300
vt 0.697400 0.974600
vt 0.682700 0.974600
vt 0.697400 0.944100
vt 0.682700 0.959300
vt 0.668000 0.959300
vt 0.668000 0.974600
vt 0.697400 0.913600
vt 0.682700 0.944100
vt 0.668000 0.944100
vt 0.653300 0.959300
vt 0.653300 0.974600
vt 0.638600 0.974600
vt 0.653300 0.944100
vt 0.638600 0.959300
vt 0.623900 0.974600
vt 0.623900 0.959300
vt 0.609200 0.974600
vt 0.638600 0.944100
vt 0.609200 0.959300
vt 0.594500 0.974600
vt 0.623900 0.944100
vt 0.653300 0.913600
vt 0.638600 0.913600
vt 0.668000 0.913600
vt 0.653300 0.852700
vt 0.682700 0.913600
vt 0.668000 0.852700
vt 0.682700 0.852700
vt 0.697400 0.852700
vt 0.668000 0.791800
vt 0.682700 0.791800
vt 0.712100 0.852700
vt 0.697400 0.791800
vt 0.712100 0.791800
vt 0.726700 0.730900
vt 0.697400 0.730900
vt 0.682700 0.730900
vt 0.668000 0.730900
vt 0.712100 0.730900
vt 0.741400 0.670000
vt 0.726700 0.670000
vt 0.756100 0.609100
vt 0.741400 0.609100
vt 0.770800 0.609100
vt 0.756100 0.548200
vt 0.770800 0.548200
vt 0.785500 0.548200
vt 0.756100 0.487300
vt 0.800200 0.548200
vt 0.770800 0.487300
vt 0.785500 0.487300
vt 0.814900 0.548200
vt 0.800200 0.487300
vt 0.829600 0.609100
vt 0.844300 0.609100
vt 0.829600 0.548200
vt 0.814900 0.487300
vt 0.844300 0.548200
vt 0.859000 0.609100
vt 0.873700 0.670000
vt 0.859000 0.548200
vt 0.829600 0.487300
vt 0.888400 0.730900
vt 0.873700 0.609100
vt 0.888400 0.670000
vt 0.903100 0.791800
vt 0.903100 0.730900
vt 0.917800 0.791800
vt 0.932500 0.791800
vt 0.917800 0.730900
vt 0.903100 0.670000
vt 0.888400 0.609100
vt 0.917800 0.670000
vt 0.873700 0.548200
vt 0.903100 0.609100
vt 0.888400 0.548200
vt 0.859000 0.487300
vt 0.932500 0.730900
vt 0.873700 0.487300
vt 0.947200 0.791800
vt 0.961900 0.791800
vt 0.947200 0.730900
vt 0.947200 0.670000
vt 0.932500 0.670000
vt 0.917800 0.609100
vt 0.932500 0.609100
vt 0.947200 0.609100
vt 0.903100 0.548200
vt 0.917800 0.548200
vt 0.932500 0.548200
vt 0.947200 0.548200
vt 0.932500 0.487300
vt 0.917800 0.487300
vt 0.903100 0.487300
vt 0.932500 0.426400
vt 0.917800 0.426400
vt 0.903100 0.426400
vt 0.888400 0.487300
vt 0.888400 0.426400
vt 0.873700 0.426400
vt 0.859000 0.426400
vt 0.873700 0.365500
vt 0.859000 0.365500
vt 0.888400 0.365500
vt 0.903100 0.365500
vt 0.873700 0.304500
vt 0.917800 0.365500
vt 0.888400 0.304500
vt 0.903100 0.304500
vt 0.932500 0.365500
vt 0.917800 0.304500
vt 0.932500 0.304500
vt 0.932500 0.243600
vt 0.917800 0.243600
vt 0.903100 0.243600
vt 0.888400 0.243600
vt 0.947200 0.182700
vt 0.932500 0.182700
vt 0.947200 0.121800
vt 0.932500 0.121800
vt 0.917800 0.121800
vt 0.917800 0.182700
vt 0.917800 0.060900
vt 0.903100 0.121800
vt 0.903100 0.060900
vt 0.888400 0.121800
vt 0.903100 0.182700
vt 0.888400 0.182700
vt 0.873700 0.243600
vt 0.859000 0.243600
vt 0.859000 0.304500
vt 0.844300 0.243600
vt 0.844300 0.304500
vt 0.844300 0.365500
vt 0.829600 0.182700
vt 0.829600 0.243600
vt 0.814900 0.182700
vt 0.829600 0.304500
vt 0.814900 0.243600
vt 0.800200 0.182700
vt 0.814900 0.304500
vt 0.800200 0.243600
vt 0.785500 0.182700
vt 0.770800 0.182700
vt 0.785500 0.243600
vt 0.800200 0.304500
vt 0.756100 0.182700
vt 0.770800 0.243600
vt 0.785500 0.304500
vt 0.741400 0.182700
vt 0.756100 0.243600
vt 0.741400 0.243600
vt 0.770800 0.304500
vt 0.756100 0.304500
vt 0.726700 0.243600
vt 0.741400 0.304500
vt 0.770800 0.365500
vt 0.756100 0.365500
vt 0.712100 0.243600
vt 0.726700 0.304500
vt 0.712100 0.304500
vt 0.741400 0.365500
vt 0.726700 0.365500
vt 0.697400 0.304500
vt 0.712100 0.365500
vt 0.682700 0.304500
vt 0.697400 0.365500
vt 0.726700 0.426400
vt 0.668000 0.304500
vt 0.682700 0.365500
vt 0.712100 0.426400
vt 0.697400 0.426400
vt 0.741400 0.426400
vt 0.726700 0.487300
vt 0.756100 0.426400
vt 0.741400 0.487300
vt 0.770800 0.426400
vt 0.785500 0.426400
vt 0.741400 0.548200
vt 0.785500 0.365500
vt 0.800200 0.426400
vt 0.800200 0.365500
vt 0.814900 0.426400
vt 0.814900 0.365500
vt 0.829600 0.426400
vt 0.829600 0.365500
vt 0.844300 0.426400
vt 0.844300 0.487300
vt 0.594500 0.243600
vt 0.594500 0.182700
vt 0.579800 0.182700
vt 0.609200 0.182700
vt 0.565100 0.182700
vt 0.579800 0.243600
vt 0.550400 0.182700
vt 0.565100 0.243600
vt 0.535700 0.182700
vt 0.550400 0.243600
vt 0.579800 0.304500
vt 0.565100 0.304500
vt 0.535700 0.243600
vt 0.550400 0.304500
vt 0.521000 0.243600
vt 0.521000 0.182700
vt 0.506300 0.182700
vt 0.535700 0.304500
vt 0.506300 0.243600
vt 0.491600 0.182700
vt 0.491600 0.243600
vt 0.476900 0.182700
vt 0.476900 0.243600
vt 0.491600 0.304500
vt 0.476900 0.304500
vt 0.462200 0.243600
vt 0.462200 0.182700
vt 0.506300 0.304500
vt 0.491600 0.365500
vt 0.521000 0.304500
vt 0.506300 0.365500
vt 0.535700 0.365500
vt 0.476900 0.365500
vt 0.521000 0.365500
vt 0.491600 0.426400
vt 0.462200 0.304500
vt 0.476900 0.426400
vt 0.462200 0.365500
vt 0.447500 0.243600
vt 0.447500 0.304500
vt 0.447500 0.182700
vt 0.432800 0.243600
vt 0.432800 0.182700
vt 0.418100 0.182700
vt 0.418100 0.243600
vt 0.432800 0.304500
vt 0.447500 0.365500
vt 0.403400 0.182700
vt 0.403400 0.243600
vt 0.388700 0.182700
vt 0.388700 0.243600
vt 0.374100 0.243600
vt 0.359400 0.243600
vt 0.359400 0.304500
vt 0.374100 0.304500
vt 0.388700 0.304500
vt 0.344700 0.304500
vt 0.330000 0.304500
vt 0.403400 0.304500
vt 0.418100 0.304500
vt 0.388700 0.365500
vt 0.432800 0.365500
vt 0.403400 0.365500
vt 0.418100 0.365500
vt 0.447500 0.426400
vt 0.374100 0.365500
vt 0.388700 0.426400
vt 0.374100 0.426400
vt 0.359400 0.365500
vt 0.359400 0.426400
vt 0.344700 0.365500
vt 0.344700 0.426400
vt 0.330000 0.365500
vt 0.330000 0.426400
vt 0.344700 0.487300
vt 0.359400 0.487300
vt 0.330000 0.487300
vt 0.315300 0.426400
vt 0.315300 0.365500
vt 0.344700 0.548200
vt 0.300600 0.365500
vt 0.300600 0.426400
vt 0.285900 0.426400
vt 0.271200 0.426400
vt 0.285900 0.487300
vt 0.300600 0.487300
vt 0.271200 0.487300
vt 0.256500 0.426400
vt 0.256500 0.487300
vt 0.271200 0.548200
vt 0.256500 0.548200
vt 0.285900 0.548200
vt 0.256500 0.609100
vt 0.315300 0.487300
vt 0.300600 0.548200
vt 0.271200 0.609100
vt 0.285900 0.609100
vt 0.330000 0.548200
vt 0.315300 0.548200
vt 0.300600 0.609100
vt 0.330000 0.609100
vt 0.344700 0.609100
vt 0.359400 0.548200
vt 0.344700 0.670000
vt 0.374100 0.487300
vt 0.359400 0.609100
vt 0.374100 0.548200
vt 0.388700 0.487300
vt 0.403400 0.426400
vt 0.403400 0.487300
vt 0.418100 0.426400
vt 0.432800 0.426400
vt 0.388700 0.548200
vt 0.374100 0.609100
vt 0.403400 0.548200
vt 0.359400 0.670000
vt 0.388700 0.609100
vt 0.374100 0.670000
vt 0.359400 0.730900
vt 0.418100 0.487300
vt 0.403400 0.609100
vt 0.432800 0.487300
vt 0.418100 0.548200
vt 0.432800 0.548200
vt 0.447500 0.487300
vt 0.447500 0.548200
vt 0.432800 0.609100
vt 0.447500 0.609100
vt 0.418100 0.609100
vt 0.447500 0.670000
vt 0.462200 0.548200
vt 0.462200 0.609100
vt 0.462200 0.670000
vt 0.432800 0.670000
vt 0.462200 0.730900
vt 0.447500 0.730900
vt 0.418100 0.670000
vt 0.432800 0.730900
vt 0.403400 0.670000
vt 0.418100 0.730900
vt 0.388700 0.670000
vt 0.403400 0.730900
vt 0.388700 0.730900
vt 0.374100 0.730900
vt 0.388700 0.791800
vt 0.374100 0.791800
vt 0.359400 0.791800
vt 0.344700 0.730900
vt 0.359400 0.852700
vt 0.330000 0.670000
vt 0.344700 0.791800
vt 0.330000 0.730900
vt 0.315300 0.609100
vt 0.315300 0.670000
vt 0.300600 0.670000
vt 0.315300 0.730900
vt 0.330000 0.791800
vt 0.344700 0.852700
vt 0.285900 0.670000
vt 0.300600 0.730900
vt 0.315300 0.791800
vt 0.330000 0.852700
vt 0.285900 0.730900
vt 0.271200 0.670000
vt 0.271200 0.730900
vt 0.256500 0.670000
vt 0.256500 0.730900
vt 0.271200 0.791800
vt 0.256500 0.791800
vt 0.285900 0.791800
vt 0.241800 0.791800
vt 0.300600 0.791800
vt 0.315300 0.852700
vt 0.315300 0.913600
vt 0.330000 0.913600
vt 0.330000 0.944100
vt 0.344700 0.913600
vt 0.344700 0.944100
vt 0.359400 0.913600
vt 0.359400 0.944100
vt 0.359400 0.959300
vt 0.374100 0.852700
vt 0.374100 0.913600
vt 0.388700 0.852700
vt 0.403400 0.791800
vt 0.374100 0.944100
vt 0.388700 0.913600
vt 0.403400 0.852700
vt 0.418100 0.791800
vt 0.432800 0.791800
vt 0.418100 0.852700
vt 0.447500 0.791800
vt 0.432800 0.852700
vt 0.447500 0.852700
vt 0.462200 0.791800
vt 0.462200 0.852700
vt 0.447500 0.913600
vt 0.462200 0.913600
vt 0.432800 0.913600
vt 0.447500 0.944100
vt 0.418100 0.913600
vt 0.476900 0.913600
vt 0.432800 0.944100
vt 0.403400 0.913600
vt 0.388700 0.944100
vt 0.403400 0.944100
vt 0.418100 0.944100
vt 0.374100 0.959300
vt 0.374100 0.974600
vt 0.388700 0.959300
vt 0.388700 0.974600
vt 0.403400 0.959300
vt 0.403400 0.974600
vt 0.418100 0.959300
vt 0.418100 0.974600
vt 0.432800 0.974600
vt 0.432800 0.959300
vt 0.447500 0.974600
vt 0.447500 0.959300
vt 0.462200 0.959300
vt 0.462200 0.974600
vt 0.462200 0.944100
vt 0.476900 0.974600
vt 0.476900 0.944100
vt 0.476900 0.959300
vt 0.491600 0.959300
vt 0.491600 0.974600
vt 0.491600 0.944100
vt 0.491600 0.913600
vt 0.506300 0.959300
vt 0.506300 0.974600
vt 0.506300 0.944100
vt 0.506300 0.913600
vt 0.521000 0.959300
vt 0.521000 0.974600
vt 0.521000 0.944100
vt 0.521000 0.913600
vt 0.535700 0.959300
vt 0.535700 0.974600
vt 0.550400 0.974600
vt 0.535700 0.944100
vt 0.550400 0.959300
vt 0.565100 0.974600
vt 0.535700 0.913600
vt 0.550400 0.944100
vt 0.565100 0.959300
vt 0.579800 0.959300
vt 0.579800 0.974600
vt 0.594500 0.959300
vt 0.579800 0.944100
vt 0.565100 0.944100
vt 0.550400 0.913600
vt 0.579800 0.913600
vt 0.565100 0.913600
vt 0.535700 0.852700
vt 0.550400 0.852700
vt 0.565100 0.852700
vt 0.521000 0.852700
vt 0.535700 0.791800
vt 0.550400 0.791800
vt 0.506300 0.852700
vt 0.521000 0.791800
vt 0.535700 0.730900
vt 0.491600 0.852700
vt 0.506300 0.791800
vt 0.476900 0.852700
vt 0.491600 0.791800
vt 0.476900 0.791800
vt 0.521000 0.730900
vt 0.506300 0.730900
vt 0.491600 0.730900
vt 0.476900 0.730900
vt 0.476900 0.670000
vt 0.491600 0.670000
vt 0.506300 0.670000
vt 0.521000 0.670000
vt 0.476900 0.609100
vt 0.491600 0.609100
vt 0.506300 0.609100
vt 0.521000 0.609100
vt 0.506300 0.548200
vt 0.521000 0.548200
vt 0.491600 0.548200
vt 0.521000 0.487300
vt 0.476900 0.548200
vt 0.506300 0.487300
vt 0.491600 0.487300
vt 0.462200 0.487300
vt 0.476900 0.487300
vt 0.462200 0.426400
vt 0.506300 0.426400
vt 0.521000 0.426400
vt 0.535700 0.426400
vt 0.535700 0.487300
vt 0.550400 0.426400
vt 0.550400 0.487300
vt 0.535700 0.548200
vt 0.550400 0.548200
vt 0.535700 0.609100
vt 0.550400 0.609100
vt 0.565100 0.548200
vt 0.565100 0.609100
vt 0.535700 0.670000
vt 0.550400 0.670000
vt 0.550400 0.730900
vt 0.565100 0.670000
vt 0.565100 0.730900
vt 0.565100 0.791800
vt 0.579800 0.852700
vt 0.579800 0.791800
vt 0.579800 0.730900
vt 0.579800 0.670000
vt 0.594500 0.791800
vt 0.579800 0.609100
vt 0.594500 0.730900
vt 0.594500 0.670000
vt 0.579800 0.548200
vt 0.594500 0.852700
vt 0.609200 0.730900
vt 0.594500 0.609100
vt 0.609200 0.670000
vt 0.609200 0.609100
vt 0.594500 0.548200
vt 0.565100 0.487300
vt 0.579800 0.487300
vt 0.565100 0.426400
vt 0.550400 0.365500
vt 0.565100 0.365500
vt 0.579800 0.426400
vt 0.579800 0.365500
vt 0.594500 0.487300
vt 0.594500 0.426400
vt 0.594500 0.365500
vt 0.594500 0.304500
vt 0.609200 0.365500
vt 0.609200 0.426400
vt 0.609200 0.487300
vt 0.623900 0.365500
vt 0.609200 0.304500
vt 0.609200 0.243600
vt 0.623900 0.426400
vt 0.623900 0.304500
vt 0.623900 0.182700
vt 0.623900 0.243600
vt 0.638600 0.304500
vt 0.638600 0.243600
vt 0.653300 0.243600
vt 0.653300 0.304500
vt 0.668000 0.365500
vt 0.653300 0.365500
vt 0.682700 0.426400
vt 0.668000 0.426400
vt 0.638600 0.365500
vt 0.653300 0.426400
vt 0.638600 0.426400
vt 0.623900 0.487300
vt 0.653300 0.487300
vt 0.609200 0.548200
vt 0.623900 0.548200
vt 0.638600 0.487300
vt 0.623900 0.609100
vt 0.638600 0.548200
vt 0.653300 0.548200
vt 0.623900 0.670000
vt 0.638600 0.609100
vt 0.653300 0.609100
vt 0.638600 0.670000
vt 0.623900 0.730900
vt 0.609200 0.791800
vt 0.623900 0.791800
vt 0.609200 0.852700
vt 0.594500 0.913600
vt 0.638600 0.730900
vt 0.653300 0.670000
vt 0.594500 0.944100
vt 0.609200 0.913600
vt 0.609200 0.944100
vt 0.623900 0.913600
vt 0.623900 0.852700
vt 0.638600 0.852700
vt 0.638600 0.791800
vt 0.653300 0.791800
vt 0.653300 0.730900
vt 0.668000 0.670000
vt 0.682700 0.670000
vt 0.668000 0.609100
vt 0.697400 0.670000
vt 0.682700 0.609100
vt 0.668000 0.548200
vt 0.712100 0.670000
vt 0.697400 0.609100
vt 0.682700 0.548200
vt 0.668000 0.487300
vt 0.682700 0.487300
vt 0.697400 0.548200
vt 0.697400 0.487300
vt 0.712100 0.609100
vt 0.712100 0.548200
vt 0.726700 0.609100
vt 0.726700 0.548200
vt 0.712100 0.487300
vt 0.212400 0.243600
vt 0.197700 0.243600
vt 0.212400 0.304500
vt 0.183000 0.243600
vt 0.183000 0.304500
vt 0.197700 0.304500
vt 0.183000 0.365500
vt 0.197700 0.365500
vt 0.183000 0.426400
vt 0.183000 0.487300
vt 0.197700 0.426400
vt 0.212400 0.365500
vt 0.183000 0.548200
vt 0.197700 0.487300
vt 0.212400 0.426400
vt 0.227100 0.304500
vt 0.227100 0.365500
vt 0.227100 0.426400
vt 0.212400 0.487300
vt 0.241800 0.426400
vt 0.227100 0.487300
vt 0.241800 0.487300
vt 0.197700 0.548200
vt 0.212400 0.548200
vt 0.227100 0.548200
vt 0.241800 0.548200
vt 0.183000 0.609100
vt 0.197700 0.609100
vt 0.183000 0.670000
vt 0.212400 0.609100
vt 0.197700 0.670000
vt 0.183000 0.730900
vt 0.227100 0.609100
vt 0.197700 0.730900
vt 0.197700 0.791800
vt 0.212400 0.791800
vt 0.212400 0.730900
vt 0.212400 0.670000
vt 0.227100 0.730900
vt 0.227100 0.670000
vt 0.241800 0.730900
vt 0.241800 0.670000
vt 0.241800 0.609100
vt 0.080100 0.974600
vt 0.065400 0.974600
vt 0.065400 0.959300
vt 0.065400 0.959300
vt 0.080100 0.959300
vt 0.080100 0.974600
vt 0.991300 0.974600
vt 1.006000 0.974600
vt 1.006000 0.959300
vt 1.006000 0.959300
vt 0.991300 0.959300
vt 0.991300 0.974600
vt 0.065400 0.030500
vt 0.065400 0.000000
vt 0.080100 0.000000
vt 0.080100 0.000000
vt 0.080100 0.030500
vt 0.065400 0.030500
vn -0.949508 0.265602 -0.167001
vn -0.294600 0.947801 -0.122000
vn -0.428108 -0.854015 -0.295605
vn -0.500398 -0.849497 -0.167199
vn -0.968348 0.249387 -0.010399
vn 0.115501 0.770406 -0.627005
vn 0.030399 -0.011300 -0.999474
vn -0.494314 -0.869225 -0.010100
vn -0.972431 0.233007 -0.009300
vn -0.295591 -0.901471 -0.316190
vn -0.302908 -0.939424 -0.160404
vn -0.283002 -0.907605 -0.310102
vn 0.004300 -0.039301 -0.999218
vn -0.475475 -0.879654 -0.011499
vn -0.976327 0.216206 -0.006300
vn -0.291097 -0.956692 -0.001800
vn -0.297916 -0.942250 -0.153008
vn -0.269499 -0.962997 -0.002500
vn -0.458994 -0.888388 -0.009600
vn -0.979796 0.199999 -0.001100
vn -0.301700 -0.953400 0.002300
vn -0.197292 -0.967660 -0.157194
vn -0.166802 -0.933811 -0.316504
vn -0.004900 -0.062402 -0.998039
vn -0.442601 -0.896703 -0.005300
vn -0.983609 0.180302 0.002200
vn -0.248789 -0.968557 -0.000600
vn -0.422888 -0.906175 -0.003400
vn -0.987605 0.156901 0.004400
vn -0.236012 -0.971750 0.000300
vn -0.293817 -0.955855 0.003700
vn -0.282396 -0.959287 0.004600
vn -0.235305 -0.971921 0.000700
vn -0.258594 -0.965979 0.003600
vn -0.284006 -0.958819 0.002500
vn -0.219100 -0.975700 0.002200
vn -0.399800 -0.916599 -0.002400
vn -0.991327 0.131304 0.005500
vn -0.273610 -0.961836 0.002900
vn -0.374095 -0.927388 -0.002000
vn -0.994437 0.105204 0.005300
vn -0.196499 -0.980496 0.003900
vn -0.280509 -0.959830 0.006400
vn -0.290704 -0.956813 0.000100
vn -0.346812 -0.937932 -0.002300
vn -0.996805 0.079800 0.003500
vn -0.169098 -0.985588 0.004800
vn -0.270492 -0.962671 0.009900
vn -0.307208 -0.951625 0.005700
vn -0.318895 -0.947785 -0.003100
vn -0.998541 0.054002 0.000800
vn -0.137498 -0.990488 0.005200
vn -0.253700 -0.967201 0.012600
vn -0.318903 -0.947710 0.012100
vn -0.253199 -0.967397 0.005700
vn -0.324699 -0.945698 0.015000
vn -0.229405 -0.973223 0.014500
vn -0.102096 -0.994760 0.005300
vn -0.291491 -0.956571 -0.002400
vn -0.197590 -0.980151 0.016199
vn -0.323212 -0.946134 0.019101
vn -0.061699 -0.998077 0.006000
vn -0.261191 -0.965266 -0.006400
vn -0.999477 0.031599 -0.006800
vn -0.228400 -0.973501 -0.011400
vn -0.999704 0.019900 -0.014000
vn -0.014300 -0.999870 0.007400
vn -0.177693 -0.984062 -0.006800
vn -0.999632 0.027101 -0.001000
vn -0.971328 -0.031801 0.235607
vn 0.047301 -0.998813 0.011600
vn 0.085200 -0.966302 0.242901
vn -0.158693 -0.987155 0.018499
vn -0.114301 -0.993207 0.021800
vn 0.171607 -0.984039 0.047102
vn -0.063701 -0.997417 0.033201
vn -0.311912 -0.949837 0.022801
vn -0.290987 -0.956357 0.026599
vn -0.262089 -0.964559 0.030599
vn -0.343087 -0.938963 0.025299
vn -0.024200 -0.996597 0.078800
vn -0.354099 -0.934798 0.027700
vn -0.321999 -0.946598 0.016400
vn -0.155504 -0.987727 0.014600
vn -0.229799 -0.972395 0.040500
vn -0.353897 -0.934692 0.033300
vn -0.220306 -0.975228 0.019901
vn -0.336908 -0.940623 0.041501
vn -0.275387 -0.960856 0.030299
vn -0.220699 -0.973495 0.060000
vn -0.310897 -0.949291 0.046800
vn -0.317295 -0.946684 0.055799
vn 0.079800 -0.996000 0.040200
vn -0.282393 -0.941075 0.186095
vn -0.329802 -0.942606 0.052200
vn -0.333094 -0.927185 0.171397
vn -0.156197 -0.961383 0.226596
vn 0.279916 -0.918554 0.279116
vn -0.348699 -0.889498 0.295299
vn -0.358209 -0.871121 0.335908
vn 0.333786 -0.861164 0.383384
vn -0.904582 -0.333293 0.265795
vn 0.177595 -0.871877 0.456388
vn 0.551880 -0.758672 0.346187
vn -0.780499 0.619199 0.086100
vn 0.181692 -0.872862 0.452880
vn -0.534713 0.754818 0.379909
vn 0.036499 0.697579 0.715578
vn -0.218497 0.207197 0.953587
vn -0.433493 -0.846087 0.310195
vn -0.139694 0.137794 0.980560
vn -0.377495 -0.880088 0.287996
vn -0.382188 -0.884372 0.267991
vn -0.222091 0.165593 0.960861
vn -0.369102 -0.889305 0.270001
vn -0.391388 -0.883873 0.256092
vn -0.297803 0.185102 0.936510
vn -0.381908 -0.887718 0.257105
vn -0.352100 -0.921500 0.163900
vn -0.017500 -0.997200 0.072700
vn -0.119895 -0.979957 0.159093
vn -0.212496 -0.937080 0.276994
vn -0.245009 -0.934835 0.257010
vn -0.290691 0.095197 0.952070
vn 0.390097 -0.881394 0.266398
vn 0.090199 -0.980393 0.175199
vn -0.052700 0.001400 0.998609
vn 0.510420 -0.018201 0.859733
vn 0.188911 -0.976256 0.106006
vn 0.085996 -0.209791 0.973957
vn 0.744272 -0.642176 0.183493
vn 0.777305 -0.623504 0.083901
vn 0.304716 -0.931548 0.198410
vn -0.118103 -0.991921 0.046301
vn 0.400904 -0.913310 0.071701
vn 0.247797 -0.331896 0.910188
vn -0.020100 0.463091 0.886083
vn 0.808115 -0.588411 0.026900
vn -0.289207 -0.956824 0.029101
vn 0.246809 -0.962035 0.116504
vn -0.784486 -0.619289 -0.032599
vn 0.298605 0.951217 0.077601
vn -0.005300 -0.999891 0.013800
vn -0.916059 -0.393125 -0.079305
vn 0.331502 0.943105 0.025700
vn -0.177497 -0.982682 -0.053199
vn -0.932724 -0.353909 -0.069102
vn 0.669010 0.742311 0.037401
vn -0.106402 -0.993920 -0.028301
vn -0.251408 -0.966429 -0.053002
vn 0.039299 -0.993874 0.103297
vn 0.201794 -0.948472 0.244293
vn -0.213205 -0.976423 -0.033801
vn -0.999048 0.018701 -0.039402
vn 0.294602 -0.926805 0.232901
vn -0.189006 0.431014 0.882329
vn -0.262407 -0.929825 0.258007
vn -0.184506 0.050502 0.981533
vn -0.216100 -0.940701 0.261500
vn -0.128705 -0.980041 0.151506
vn -0.262790 -0.932863 0.246390
vn -0.264607 -0.932424 0.246106
vn -0.228594 0.138797 0.963577
vn -0.251395 -0.957382 0.142197
vn -0.255314 -0.936952 0.238613
vn -0.275505 -0.931217 0.238604
vn -0.243999 0.125699 0.961595
vn -0.230801 -0.960704 0.154201
vn -0.015800 -0.978488 0.205697
vn 0.004400 0.012900 0.999907
vn 0.454692 -0.036899 0.889884
vn 0.155500 -0.960303 0.231601
vn 0.128099 -0.986595 0.101099
vn 0.131796 -0.175195 0.975672
vn 0.427527 -0.892555 0.143409
vn 0.215712 -0.966755 0.137308
vn -0.072599 -0.994291 0.078199
vn 0.397496 -0.913490 0.086799
vn 0.250102 -0.325103 0.912007
vn -0.163802 -0.983714 0.074001
vn 0.065402 -0.992137 0.106704
vn 0.250192 -0.959470 0.129696
vn 0.013600 -0.999481 0.029199
vn -0.519601 -0.854402 0.003500
vn 0.311989 -0.948967 0.046098
vn 0.443310 -0.896321 0.009200
vn -0.279807 -0.959324 0.037501
vn 0.252103 -0.967210 0.030800
vn 0.024000 -0.999691 -0.006500
vn 0.613518 -0.788823 0.036801
vn -0.116298 -0.992580 -0.035499
vn -0.306616 -0.951548 0.023301
vn -0.304509 -0.952129 0.026901
vn 0.264401 -0.964402 0.004500
vn -0.051801 -0.998413 -0.022100
vn 0.616590 -0.787088 0.017600
vn 0.214092 -0.976763 0.009900
vn -0.089004 -0.995745 -0.023901
vn 0.370180 -0.928949 0.004600
vn 0.583297 -0.812195 0.010200
vn -0.303909 -0.952529 0.018101
vn -0.027399 -0.999477 -0.017200
vn 0.444723 -0.895646 0.006300
vn 0.188802 -0.982009 0.003500
vn 0.543795 -0.839192 0.006600
vn -0.380104 -0.924810 0.015700
vn -0.294101 -0.955704 0.011600
vn -0.180495 -0.983575 0.001400
vn -0.278595 -0.960382 -0.007200
vn -0.435102 -0.900304 0.011800
vn -0.373584 -0.927559 -0.008300
vn -0.307589 -0.950967 -0.032399
vn -0.472889 -0.881080 0.008600
vn -0.455300 -0.890300 -0.008200
vn -0.320713 -0.946039 -0.046402
vn -0.387507 -0.921417 -0.028801
vn 0.452027 -0.891853 -0.016401
vn -0.350910 -0.935626 -0.038301
vn -0.521694 -0.853090 -0.008600
vn -0.502794 -0.864389 0.005500
vn -0.288605 -0.957417 0.007700
vn -0.450189 -0.892578 -0.025199
vn 0.166296 -0.986075 0.001700
vn 0.145704 -0.989325 0.002500
vn 0.508977 -0.860761 0.005700
vn 0.493893 -0.869488 0.007700
vn 0.481386 -0.876474 0.007800
vn 0.060003 -0.998147 -0.010100
vn 0.521198 -0.853397 0.008100
vn 0.146598 -0.989186 -0.004500
vn -0.144496 -0.989274 -0.021399
vn -0.160495 -0.986867 -0.018299
vn -0.112502 -0.993419 -0.021500
vn 0.220190 -0.975456 -0.001100
vn -0.155407 -0.987747 -0.014301
vn 0.536897 -0.843595 0.009500
vn -0.131003 -0.991320 -0.011100
vn 0.282188 -0.959358 0.001200
vn 0.547828 -0.836543 0.008900
vn 0.462412 -0.886623 0.008600
vn -0.093102 -0.995625 -0.007900
vn 0.335511 -0.942031 0.003100
vn 0.557273 -0.830260 0.010699
vn -0.046999 -0.998875 -0.006300
vn -0.341002 -0.940005 -0.010400
vn 0.382309 -0.924021 0.005100
vn -0.339008 -0.940722 -0.010800
vn -0.322682 -0.946447 -0.010699
vn -0.417390 -0.908679 -0.009400
vn -0.290504 -0.956812 -0.010900
vn -0.412798 -0.910796 -0.006900
vn -0.404390 -0.914578 -0.003900
vn -0.242498 -0.970092 -0.010800
vn -0.389509 -0.921022 -0.000600
vn -0.183594 -0.982966 -0.008500
vn -0.362285 -0.932062 0.003100
vn -0.301909 -0.953328 -0.004000
vn -0.309891 -0.950772 0.001100
vn -0.298192 -0.954476 -0.007600
vn 0.071699 -0.997391 -0.008400
vn -0.299905 -0.953917 -0.010000
vn 0.042298 -0.999055 -0.010000
vn 0.013901 -0.999846 -0.010700
vn -0.306590 -0.951770 -0.011700
vn -0.014700 -0.999834 -0.010800
vn -0.419208 -0.907818 -0.011400
vn -0.331199 -0.943496 -0.011100
vn -0.418106 -0.908312 -0.012500
vn 0.004300 -0.999980 -0.004600
vn -0.312097 -0.949990 -0.010700
vn 0.424292 -0.905483 0.008800
vn -0.317101 -0.948304 -0.012900
vn -0.044298 -0.998961 -0.010700
vn 0.058698 -0.998272 -0.002600
vn -0.284592 -0.958574 -0.012000
vn 0.568174 -0.822762 0.015499
vn 0.461905 -0.886910 -0.005800
vn 0.582287 -0.812982 -0.000900
vn 0.451218 -0.892336 0.011800
vn 0.111505 -0.993747 -0.005800
vn 0.444580 -0.895560 0.017899
vn 0.445308 -0.895316 0.010500
vn 0.093396 -0.995563 0.011500
vn 0.109901 -0.993910 0.008000
vn 0.126999 -0.991891 0.004800
vn 0.075998 -0.996968 0.016699
vn -0.318709 -0.947828 0.006800
vn -0.291001 -0.956704 0.005900
vn -0.301394 -0.953481 0.005900
vn -0.530419 -0.847730 0.003100
vn -0.558732 -0.829347 0.001300
vn -0.574297 -0.818596 -0.009200
vn -0.589081 -0.808074 -0.000100
vn -0.617109 -0.786812 -0.010200
vn -0.496597 -0.867695 -0.022300
vn -0.331813 -0.942836 -0.031001
vn -0.528796 -0.848494 -0.020800
vn 0.407697 -0.912994 -0.015000
vn -0.278700 -0.959999 -0.027000
vn 0.434802 -0.900404 -0.014800
vn 0.955399 -0.295200 0.008400
vn 0.907576 -0.419889 0.000100
vn 0.802173 -0.597080 0.003800
vn 0.795252 -0.606240 -0.006900
vn 0.181409 -0.983250 0.017601
vn 0.267091 -0.963666 0.003100
vn 0.338982 -0.940750 -0.009000
vn 0.786113 -0.617910 -0.014600
vn 0.873462 -0.486879 -0.003700
vn 0.777713 -0.628511 -0.011700
vn -0.090003 -0.995933 0.004200
vn 0.392498 -0.919696 -0.010200
vn -0.290900 -0.956700 0.010100
vn -0.029799 -0.999553 -0.002600
vn 0.024999 -0.999654 -0.008200
vn 0.429602 -0.902904 -0.014400
vn -0.213297 -0.976987 -0.001300
vn 0.769601 -0.638401 -0.012600
vn -0.174893 -0.984563 -0.007000
vn 0.072599 -0.997284 -0.012400
vn 0.456408 -0.889616 -0.016600
vn 0.758527 -0.651523 -0.012400
vn -0.140999 -0.989992 -0.005900
vn 0.113006 -0.993452 -0.016801
vn 0.474179 -0.880261 -0.017199
vn 0.746121 -0.665719 -0.011000
vn -0.092499 -0.995693 -0.006300
vn 0.151494 -0.988258 -0.019899
vn 0.483706 -0.875011 -0.019600
vn 0.731821 -0.681420 -0.010200
vn 0.493592 -0.869186 -0.029700
vn 0.717697 -0.695797 -0.027900
vn 0.214104 -0.976516 -0.024000
vn 0.540082 -0.840671 -0.039799
vn -0.032301 -0.999444 -0.008300
vn 0.285709 -0.958031 -0.023401
vn 0.037900 -0.983892 -0.174699
vn 0.073302 -0.938428 -0.337610
vn 0.011300 -0.066900 -0.997696
vn 0.354001 -0.914002 -0.198200
vn 0.374212 -0.851627 -0.367012
vn 0.030700 -0.025000 -0.999216
vn 0.582712 -0.812017 -0.032801
vn 0.607798 -0.765298 -0.211899
vn 0.595188 -0.705686 -0.384393
vn 0.012800 0.049300 -0.998702
vn 0.697236 -0.685235 -0.210511
vn 0.652912 -0.654512 -0.381207
vn -0.019799 0.120896 -0.992468
vn -0.006100 0.189204 -0.981919
vn 0.535568 -0.761454 -0.365178
vn 0.099500 0.221801 -0.970002
vn 0.716561 -0.696762 -0.032598
vn 0.619706 -0.759707 -0.197002
vn 0.130205 -0.930336 -0.342813
vn 0.121806 0.096505 -0.987851
vn 0.721333 -0.691332 -0.041702
vn 0.669987 -0.741886 -0.026899
vn 0.250593 -0.951174 -0.180195
vn -0.438482 -0.847866 -0.298088
vn 0.028099 -0.071397 -0.997052
vn 0.715891 -0.697492 -0.031700
vn 0.761106 -0.648405 -0.017000
vn 0.319400 -0.947500 -0.015100
vn 0.403780 -0.914655 -0.019199
vn 0.774800 -0.632200 -0.002700
vn 0.467116 -0.884131 -0.010700
vn -0.375415 -0.916237 -0.139906
vn -0.302904 -0.953012 0.004100
vn -0.215595 -0.976478 -0.003100
vn -0.740081 -0.622384 -0.254793
vn -0.083099 -0.114998 -0.989884
vn -0.738791 -0.665192 -0.108199
vn -0.771377 -0.591083 -0.235793
vn -0.699083 -0.714783 0.019200
vn -0.792186 -0.602490 -0.097198
vn -0.589930 -0.770239 -0.242312
vn -0.116002 -0.176102 -0.977513
vn -0.635403 -0.765704 -0.099801
vn -0.785700 -0.618000 0.027400
vn -0.640607 -0.767808 0.009700
vn -0.159493 -0.987157 -0.009100
vn -0.762191 -0.646992 0.021600
vn -0.671919 -0.739920 0.032301
vn 0.486485 -0.873674 -0.005100
vn -0.584607 -0.811310 -0.003300
vn -0.146892 -0.989048 -0.014399
vn 0.796078 -0.605183 -0.003600
vn 0.494483 -0.869170 -0.005400
vn 0.821496 -0.570198 -0.004300
vn 0.847489 -0.530793 -0.004600
vn 0.486087 -0.873876 -0.007800
vn 0.463988 -0.885778 -0.010600
vn -0.160193 -0.986955 -0.016099
vn -0.191000 -0.981402 -0.019200
vn -0.232890 -0.972259 -0.021799
vn -0.582203 -0.812805 -0.019700
vn -0.573304 -0.819106 -0.019700
vn -0.554816 -0.831723 -0.020401
vn -0.654430 -0.756035 -0.011501
vn -0.687281 -0.726280 -0.012700
vn -0.620723 -0.784029 -0.001400
vn -0.341516 -0.939844 0.007800
vn -0.715130 -0.698829 -0.015101
vn -0.652870 -0.757466 -0.002400
vn -0.368110 -0.929725 0.010300
vn -0.733202 -0.680002 0.003600
vn -0.681295 -0.731895 0.012900
vn -0.682520 -0.730222 0.030701
vn -0.392288 -0.919572 0.022299
vn -0.361483 -0.931955 0.028099
vn 0.065601 -0.997614 0.021500
vn -0.299997 -0.953591 0.025800
vn 0.120901 -0.992609 0.010500
vn -0.205504 -0.970117 -0.129002
vn 0.202706 -0.979228 0.004900
vn 0.487408 -0.873114 -0.010300
vn -0.142996 -0.947774 -0.285092
vn -0.031998 -0.196689 -0.979944
vn 0.298606 -0.938620 -0.172704
vn 0.337399 -0.876297 -0.343899
vn 0.008300 -0.086104 -0.996252
vn 0.536788 -0.843580 -0.015200
vn 0.575509 -0.791813 -0.204503
vn 0.566119 -0.732024 -0.379012
vn -0.012400 0.060998 -0.998061
vn 0.594064 -0.804151 -0.020699
vn 0.600891 -0.798988 -0.023400
vn 0.584416 -0.783621 -0.210706
vn 0.532807 -0.755109 -0.382005
vn -0.048597 0.146292 -0.988047
vn 0.011200 0.179807 -0.983638
vn 0.290807 -0.888322 -0.355409
vn 0.054098 0.100595 -0.993456
vn 0.365207 -0.911016 -0.191503
vn -0.075297 -0.947065 -0.312088
vn 0.006500 -0.003800 -0.999972
vn 0.413717 -0.910237 -0.017501
vn -0.021200 -0.987608 -0.155501
vn -0.334805 -0.901112 -0.275504
vn -0.033801 -0.084802 -0.995824
vn 0.444378 -0.895655 -0.018199
vn 0.032599 -0.999466 -0.002200
vn 0.080801 -0.996711 -0.006200
vn -0.323604 -0.937412 -0.128602
vn -0.298301 -0.954404 0.011400
vn -0.270592 -0.962672 0.006500
vn -0.252191 -0.967666 -0.004800
vn -0.405516 -0.913936 0.016701
vn -0.414097 -0.910092 -0.016000
vn -0.406411 -0.913624 0.011000
vn -0.407209 -0.913321 -0.005100
vn -0.330702 -0.943606 -0.015600
vn -0.344520 -0.938755 -0.006700
vn -0.327390 -0.944870 0.006100
vn -0.298603 -0.954308 0.011500
vn -0.397891 -0.909379 -0.121297
vn -0.103805 -0.994548 -0.009900
vn -0.075896 -0.997052 -0.011299
vn -0.077300 -0.996995 -0.005100
vn 0.185705 -0.982526 -0.012500
vn 0.217988 -0.975947 -0.003000
vn 0.257798 -0.966191 -0.003800
vn 0.348496 -0.937289 -0.006400
vn 0.299889 -0.953966 -0.003800
vn 0.372211 -0.928129 0.006000
vn 0.396508 -0.918018 0.005000
vn 0.346010 -0.938226 -0.003000
vn 0.420003 -0.907507 0.005400
vn 0.399884 -0.916563 0.002100
vn 0.440311 -0.897822 0.006500
vn 0.263789 -0.964559 0.006400
vn 0.233793 -0.972273 0.005100
vn 0.283209 -0.959031 0.007300
vn 0.295197 -0.955391 0.009300
vn -0.045199 -0.998978 -0.000900
vn -0.087704 -0.996140 -0.003500
vn -0.002900 -0.999995 0.001000
vn -0.284512 -0.958640 -0.007900
vn -0.302410 -0.953131 -0.009500
vn -0.308611 -0.951133 -0.010300
vn -0.126394 -0.991954 -0.007200
vn 0.189900 -0.981800 0.002700
vn -0.154307 -0.987945 -0.012401
vn 0.450702 -0.892603 0.011300
vn 0.128698 -0.991683 -0.001300
vn 0.444516 -0.895732 0.008400
vn 0.459213 -0.888325 0.001600
vn 0.048201 -0.998811 -0.007300
vn -0.163499 -0.986395 -0.017100
vn -0.298392 -0.954374 -0.011500
vn 0.412796 -0.910790 0.007800
vn 0.103502 -0.994620 -0.004400
vn 0.518285 -0.855176 0.007400
vn -0.315196 -0.948988 0.008600
vn 0.141406 -0.989945 0.003600
vn -0.318496 -0.947888 0.008300
vn -0.307099 -0.951498 0.018500
vn 0.199500 -0.979501 0.027900
vn -0.119996 -0.992770 0.002900
vn -0.259393 -0.965573 0.019599
vn -0.271008 -0.962028 0.032501
vn 0.079302 -0.990527 0.112103
vn -0.089603 -0.983936 0.154406
vn 0.226399 -0.940496 0.253399
vn -0.224189 -0.964554 0.139193
vn -0.189305 -0.946123 0.262706
vn 0.308908 -0.919524 0.243006
vn -0.174303 0.440608 0.880615
vn -0.243488 -0.934853 0.258387
vn -0.173808 0.038002 0.984046
vn -0.240190 -0.939562 0.243990
vn -0.244207 -0.938626 0.243607
vn -0.221396 0.128497 0.966681
vn -0.218495 -0.964179 0.150397
vn -0.242397 -0.941386 0.234597
vn -0.262501 -0.936004 0.234501
vn -0.242312 0.120006 0.962748
vn 0.287696 -0.956787 0.042299
vn 0.432596 -0.890793 0.139099
vn -0.023500 -0.979494 0.200099
vn 0.011300 0.014001 0.999838
vn 0.451904 -0.056000 0.890307
vn 0.152005 -0.961934 0.227108
vn 0.110297 -0.989174 0.096797
vn 0.127198 -0.182798 0.974887
vn 0.200394 -0.970370 0.134996
vn -0.088596 -0.993255 0.074797
vn 0.390513 -0.916430 0.087503
vn 0.248997 -0.325997 0.911990
vn 0.036699 -0.993879 0.104198
vn -0.185402 -0.980109 0.070801
vn 0.239192 -0.962068 0.131196
vn 0.308786 -0.918958 0.245289
vn -0.168804 0.445310 0.879320
vn 0.227196 -0.939682 0.255695
vn -0.001800 -0.999631 0.027101
vn -0.555622 -0.831433 -0.001800
vn 0.466799 -0.884298 0.010800
vn 0.051000 -0.998692 -0.003600
vn 0.590702 -0.805903 0.039900
vn 0.570401 -0.821201 0.016500
vn 0.252705 -0.967520 0.006700
vn 0.348199 -0.937396 0.006800
vn -0.145902 -0.988614 -0.036801
vn -0.112599 -0.993388 -0.022400
vn -0.042600 -0.998988 -0.014400
vn -0.057499 -0.998083 -0.022900
vn -0.121695 -0.992358 -0.020399
vn -0.151297 -0.988282 -0.020200
vn 0.082601 -0.990110 0.113401
vn -0.269904 -0.962816 -0.011700
vn -0.225707 -0.974132 -0.011100
vn -0.361810 -0.932226 -0.007000
vn -0.171006 -0.985234 -0.008400
vn -0.351494 -0.936184 -0.003500
vn -0.328203 -0.944607 0.000700
vn -0.109399 -0.993994 0.002900
vn -0.288607 -0.957424 0.006700
vn -0.076702 -0.985026 0.154404
vn -0.236090 -0.971559 0.018299
vn -0.180900 -0.948100 0.261500
vn -0.207302 -0.968608 0.137201
vn -0.238796 -0.936583 0.256495
vn -0.174003 0.029100 0.984315
vn -0.226104 -0.943717 0.241404
vn -0.231313 -0.942553 0.241014
vn -0.222507 0.119904 0.967530
vn -0.244108 -0.941832 0.231008
vn -0.248197 0.110498 0.962387
vn -0.222595 -0.947077 0.231294
vn -0.196004 -0.969522 0.147003
vn -0.242404 -0.969718 0.029801
vn -0.023400 -0.981213 0.191503
vn 0.015999 0.015399 0.999753
vn 0.448710 -0.077402 0.890319
vn 0.162000 -0.961702 0.221100
vn 0.096902 -0.991116 0.091101
vn 0.121097 -0.195096 0.973280
vn 0.456926 -0.878749 0.137908
vn 0.192294 -0.972270 0.133096
vn -0.097503 -0.992827 0.069202
vn 0.389723 -0.916454 0.090705
vn 0.244596 -0.318895 0.915685
vn 0.308987 -0.950161 0.041498
vn 0.014199 -0.993963 0.108796
vn -0.203993 -0.976765 0.065698
vn 0.232689 -0.963053 0.135593
vn -0.601133 -0.799043 -0.013001
vn -0.016199 -0.999551 0.025199
vn 0.456307 -0.889814 0.003800
vn 0.027600 -0.999602 -0.005900
vn 0.226301 -0.973906 0.017200
vn 0.599501 -0.799702 0.032800
vn -0.275189 -0.961260 0.015799
vn 0.167597 -0.985780 0.012200
vn -0.282092 -0.959372 0.005400
vn -0.273095 -0.961984 -0.002500
vn 0.125005 -0.992139 -0.005800
vn -0.258799 -0.965897 -0.008100
vn 0.098003 -0.995131 -0.010500
vn 0.524788 -0.851181 0.009400
vn 0.574805 -0.817808 0.028100
vn 0.236104 -0.971716 0.004900
vn 0.330405 -0.943814 0.006900
vn -0.181609 -0.982448 -0.042602
vn -0.159702 -0.986810 -0.026500
vn -0.072198 -0.997067 -0.025399
vn 0.083503 -0.989638 0.116805
vn -0.151796 -0.988172 -0.021799
vn 0.226401 -0.938303 0.261401
vn -0.091596 -0.995655 -0.016799
vn 0.395386 -0.918467 0.009400
vn 0.308790 -0.917471 0.250792
vn -0.165904 0.450511 0.877221
vn 0.463695 -0.885990 0.002900
vn -0.236511 -0.936442 0.259112
vn -0.172102 0.030300 0.984613
vn -0.176592 -0.948055 0.264588
vn -0.228607 -0.942830 0.242508
vn -0.222604 0.119002 0.967619
vn -0.222302 -0.944210 0.243002
vn -0.070001 -0.985018 0.157603
vn -0.201301 -0.969603 0.139100
vn -0.235106 -0.943923 0.231806
vn -0.247606 0.106202 0.963023
vn -0.212399 -0.949195 0.232199
vn -0.183497 -0.971785 0.148198
vn 0.000700 -0.980845 0.194789
vn 0.006500 0.011900 0.999908
vn 0.442693 -0.056599 0.894885
vn 0.180694 -0.957670 0.224093
vn 0.134500 -0.986397 0.094500
vn 0.128905 -0.178607 0.975440
vn 0.469092 -0.871886 0.140598
vn 0.225396 -0.964785 0.135598
vn -0.063197 -0.995254 0.073997
vn 0.396016 -0.913137 0.096704
vn 0.235292 -0.306389 0.922368
vn -0.167693 -0.983358 0.069897
vn 0.045999 -0.992977 0.108998
vn 0.244998 -0.959392 0.139799
vn 0.001400 -0.999661 0.025999
vn -0.569713 -0.821718 -0.014400
vn 0.325300 -0.944601 0.043700
vn 0.542294 -0.840091 0.012800
vn -0.227288 -0.973347 0.030598
vn 0.243406 -0.969724 0.019700
vn 0.117705 -0.993039 -0.004300
vn 0.639697 -0.767697 0.037800
vn -0.227801 -0.973504 0.019900
vn -0.256500 -0.966402 0.016600
vn 0.194706 -0.980831 0.007700
vn -0.110398 -0.993879 0.004100
vn -0.279292 -0.960172 0.008100
vn -0.180394 -0.983565 -0.007600
vn -0.260208 -0.965529 0.006700
vn -0.320304 -0.947313 0.001700
vn -0.242991 -0.969965 -0.011100
vn -0.191798 -0.981190 -0.021900
vn -0.347404 -0.937711 -0.003000
vn 0.000800 -0.999964 -0.008400
vn -0.294794 -0.955479 -0.012500
vn -0.210598 -0.977390 -0.018900
vn 0.424325 -0.905453 0.010201
vn 0.078700 -0.996897 -0.001900
vn -0.330891 -0.943575 -0.013300
vn 0.406686 -0.913568 -0.001000
vn 0.424209 -0.905519 0.009100
vn -0.207696 -0.978081 -0.014800
vn 0.134305 -0.990938 0.002100
vn -0.188102 -0.982108 -0.009000
vn 0.408511 -0.912724 0.007400
vn 0.357207 -0.934020 -0.003200
vn 0.075398 -0.997075 -0.012500
vn 0.171496 -0.985175 0.004400
vn -0.246612 -0.969046 -0.011501
vn 0.055100 -0.998394 -0.013200
vn -0.363688 -0.931470 -0.009700
vn -0.238911 -0.970946 -0.013601
vn -0.359993 -0.932883 -0.011600
vn -0.351416 -0.936143 -0.012001
vn -0.235396 -0.971785 -0.014900
vn 0.035399 -0.999283 -0.013400
vn 0.314394 -0.949282 -0.004500
vn 0.385908 -0.922519 0.005800
vn 0.274496 -0.961585 -0.002600
vn 0.015300 -0.999793 -0.013400
vn -0.234311 -0.972044 -0.015101
vn 0.237493 -0.971371 -0.006000
vn 0.362780 -0.931849 0.007000
vn -0.006600 -0.999850 -0.015999
vn 0.339113 -0.940737 0.004000
vn 0.194901 -0.980807 0.005500
vn 0.208405 -0.978024 0.006000
vn 0.313398 -0.949594 -0.007300
vn -0.159692 -0.987151 -0.005600
vn -0.127701 -0.991808 -0.003100
vn 0.215093 -0.976568 0.007100
vn -0.096295 -0.995352 -0.001300
vn -0.352306 -0.935817 -0.011300
vn -0.349400 -0.936901 -0.011700
vn -0.344214 -0.938838 -0.010000
vn -0.375605 -0.926712 -0.011200
vn -0.372201 -0.928103 -0.009500
vn -0.363611 -0.931527 -0.006700
vn -0.216505 -0.976223 -0.010700
vn -0.224602 -0.974407 -0.009200
vn -0.237209 -0.971439 -0.006200
vn -0.250691 -0.968066 0.001300
vn 0.165404 -0.986223 0.002400
vn 0.146304 -0.989230 -0.004300
vn 0.130405 -0.991440 -0.006400
vn 0.604317 -0.796323 0.025901
vn 0.554204 -0.832205 0.017100
vn 0.505911 -0.862519 0.010700
vn 0.290096 -0.956986 0.004700
vn 0.393904 -0.919109 0.008900
vn -0.169504 -0.984422 -0.046701
vn -0.137204 -0.990029 -0.031901
vn 0.468606 -0.883312 0.013000
vn -0.066601 -0.997320 -0.030301
vn -0.040599 -0.998967 -0.020399
vn -0.144801 -0.989006 -0.030000
vn 0.073901 -0.997211 -0.010400
vn 0.502410 -0.864516 0.014000
vn 0.464521 -0.885539 0.006400
vn -0.177801 -0.983606 -0.030100
vn 0.116902 -0.993117 -0.007200
vn 0.508913 -0.860723 0.012800
vn 0.162695 -0.986671 -0.003200
vn 0.430493 -0.902586 0.003800
vn 0.225509 -0.974240 0.001200
vn -0.187698 -0.981890 -0.025700
vn -0.177501 -0.983905 -0.020600
vn -0.377385 -0.925864 -0.018899
vn 0.502621 -0.864437 0.011000
vn -0.153995 -0.987971 -0.014100
vn 0.269313 -0.963046 0.003700
vn 0.402385 -0.915467 0.002500
vn 0.491510 -0.870818 0.009700
vn 0.103500 -0.994602 -0.007400
vn 0.378001 -0.925803 0.002200
vn -0.213207 -0.976933 -0.012000
vn 0.089001 -0.996006 -0.007100
vn -0.214203 -0.976712 -0.012300
vn -0.374395 -0.927189 -0.012200
vn -0.369808 -0.929020 -0.012800
vn -0.328696 -0.944390 -0.009300
vn -0.066001 -0.997819 0.000400
vn -0.307711 -0.951434 -0.009400
vn 0.217893 -0.975971 0.002000
vn -0.363407 -0.931518 -0.014500
vn -0.038598 -0.999250 0.003200
vn -0.285099 -0.958498 0.000500
vn -0.073598 -0.997279 0.004300
vn -0.218699 -0.975695 -0.013800
vn -0.357591 -0.933877 -0.001500
vn -0.297905 -0.954517 0.012200
vn -0.349101 -0.937003 0.012400
vn -0.225203 -0.974311 -0.001300
vn 0.071800 -0.997394 -0.007100
vn -0.197709 -0.980244 0.005800
vn -0.337706 -0.941116 0.016000
vn -0.315410 -0.948829 0.015500
vn -0.159103 -0.987220 0.009100
vn -0.319109 -0.939728 -0.122804
vn 0.056002 -0.998430 -0.001100
vn 0.092996 -0.995654 -0.005000
vn -0.107895 -0.984156 -0.140694
vn 0.355195 -0.934787 0.003100
vn 0.338400 -0.941001 -0.001700
vn 0.142694 -0.989761 -0.003400
vn 0.361814 -0.932137 -0.014501
vn 0.458497 -0.888695 -0.001300
vn 0.479183 -0.877668 0.009100
vn 0.466878 -0.884258 0.010599
vn 0.299313 -0.954141 0.005200
vn 0.320298 -0.947295 0.006400
vn 0.336691 -0.941576 0.008600
vn -0.125505 -0.992040 -0.010300
vn -0.095599 -0.995392 -0.007400
vn -0.065901 -0.997812 -0.005300
vn -0.410299 -0.911798 -0.016700
vn -0.429024 -0.903151 -0.016001
vn -0.436525 -0.899552 -0.015901
vn -0.568498 -0.822597 -0.012000
vn -0.586918 -0.809525 -0.014000
vn -0.435893 -0.899886 -0.014200
vn -0.034700 -0.999391 -0.003600
vn -0.546011 -0.837717 -0.010100
vn 0.352800 -0.935699 -0.000700
vn -0.428908 -0.903217 -0.015400
vn -0.000200 -0.999998 -0.002000
vn -0.602276 -0.798169 -0.013799
vn -0.416393 -0.909185 -0.000800
vn -0.550692 -0.834688 -0.005800
vn -0.615199 -0.788199 -0.016500
vn -0.575821 -0.817530 -0.008700
vn -0.626286 -0.779583 0.003900
vn -0.600371 -0.799662 0.009800
vn -0.649171 -0.760267 0.023899
vn -0.607607 -0.793609 0.031600
vn -0.339010 -0.940629 0.017001
vn -0.301488 -0.953461 0.004100
vn -0.457106 -0.889311 0.013400
vn -0.610886 -0.790882 0.036399
vn -0.672933 -0.739037 0.031402
vn -0.051100 -0.998693 -0.001100
vn -0.506189 -0.862181 0.020400
vn 0.319917 -0.947351 -0.013401
vn -0.114798 -0.993386 0.002300
vn -0.689210 -0.718710 -0.091901
vn -0.551386 -0.826779 -0.111397
vn 0.455084 -0.890269 -0.017899
vn 0.281002 -0.959605 -0.014000
vn -0.176193 -0.972861 -0.149994
vn 0.392509 -0.919621 -0.015300
vn 0.453275 -0.891151 -0.019799
vn 0.201191 -0.964459 -0.171293
vn 0.233609 -0.954138 -0.187208
vn 0.420398 -0.885696 -0.196999
vn 0.437478 -0.875856 -0.203690
vn 0.227790 -0.913058 -0.338285
vn -0.072798 -0.952568 -0.295490
vn -0.298006 -0.916519 -0.266806
vn -0.030300 -0.117501 -0.992610
vn -0.041401 -0.100904 -0.994035
vn -0.018701 -0.067702 -0.997530
vn 0.417497 -0.830295 -0.369198
vn -0.010700 0.036499 -0.999276
vn 0.398685 -0.837368 -0.373986
vn -0.030801 0.123902 -0.991816
vn 0.025601 0.166404 -0.985725
vn 0.163299 -0.922596 -0.349499
vn 0.083099 0.104099 -0.991089
vn -0.237694 -0.922677 -0.303592
vn 0.016601 0.007600 -0.999833
vn -0.571322 -0.780430 -0.254010
vn -0.064702 -0.095502 -0.993324
vn -0.682722 -0.695622 -0.223607
vn -0.580395 -0.782693 -0.224798
vn -0.121200 -0.148200 -0.981502
vn -0.602205 -0.793207 -0.090401
vn -0.234496 -0.937586 -0.256796
vn -0.090603 -0.193905 -0.976828
vn -0.261090 -0.959062 -0.109696
vn -0.302501 -0.952602 0.032300
vn -0.327204 -0.944412 0.032000
vn 0.133595 -0.990764 0.023199
vn 0.151897 -0.988184 0.020500
vn 0.192401 -0.981203 0.014900
vn 0.240596 -0.959384 -0.147298
vn 0.573388 -0.819283 0.001500
vn 0.610488 -0.791985 -0.008000
vn 0.250893 -0.917173 -0.309591
vn 0.001100 -0.178296 -0.983976
vn 0.638786 -0.745684 -0.189496
vn 0.624228 -0.689931 -0.366517
vn 0.009000 -0.078200 -0.996897
vn 0.798665 -0.601174 -0.026899
vn 0.765064 -0.499776 -0.406081
vn -0.079897 0.029699 -0.996361
vn 0.804816 -0.549711 -0.223805
vn 0.749498 -0.515699 -0.415099
vn -0.138904 0.082903 -0.986830
vn -0.136205 0.124405 -0.982839
vn 0.806510 -0.541507 -0.237303
vn 0.619772 -0.674370 -0.401382
vn -0.090004 0.173907 -0.980640
vn 0.815812 -0.577008 -0.038901
vn 0.681284 -0.694883 -0.230195
vn 0.322905 -0.870213 -0.372105
vn 0.013001 0.179610 -0.983652
vn 0.696803 -0.716003 -0.042500
vn 0.373719 -0.903547 -0.209611
vn -0.170793 -0.930864 -0.322988
vn 0.008700 0.067797 -0.997661
vn 0.385181 -0.922254 -0.032898
vn -0.154903 -0.973018 -0.171003
vn -0.603835 -0.753543 -0.259915
vn -0.089997 -0.012300 -0.995866
vn -0.762109 -0.604607 -0.231603
vn -0.153408 -0.024901 -0.987849
vn -0.612292 -0.782090 -0.115899
vn -0.136994 -0.990555 -0.005800
vn 0.378506 -0.924914 -0.035601
vn -0.780708 -0.617306 -0.097101
vn -0.595726 -0.802835 0.023801
vn -0.116599 -0.993091 -0.013200
vn 0.677214 -0.734715 -0.039701
vn -0.101397 -0.994670 -0.018699
vn 0.792203 -0.609402 -0.032300
vn 0.364996 -0.930289 -0.036600
vn 0.652814 -0.756816 -0.032601
vn 0.770172 -0.637577 -0.018199
vn 0.765386 -0.643388 -0.015400
vn 0.741900 -0.670500 0.003700
vn 0.547795 -0.836392 0.019200
vn 0.721504 -0.692204 0.016900
vn 0.718905 -0.695105 0.002300
vn 0.592092 -0.805689 -0.017100
vn 0.551419 -0.833928 0.022401
vn 0.163402 -0.986410 0.017200
vn 0.337200 -0.940999 -0.028600
vn -0.267513 -0.963546 0.004000
vn -0.083699 -0.996282 -0.020400
vn -0.236010 -0.971743 0.003900
vn 0.197096 -0.980280 0.014300
vn 0.558281 -0.829371 0.021599
vn 0.694403 -0.719404 0.016200
vn 0.566764 -0.823548 0.023399
vn 0.660831 -0.750535 0.000200
vn 0.658759 -0.752153 0.017399
vn 0.590517 -0.807023 -0.001800
vn 0.528396 -0.848794 -0.018600
vn 0.465011 -0.885021 -0.022401
vn 0.505624 -0.862741 -0.004700
vn 0.400706 -0.915815 -0.026800
vn 0.612197 -0.790496 0.018200
vn 0.337113 -0.940937 -0.031501
vn 0.231211 -0.972748 0.017401
vn 0.577421 -0.816029 0.026101
vn 0.404293 -0.914585 -0.009000
vn 0.547993 -0.836289 0.018000
vn 0.273805 -0.961719 0.011300
vn 0.588295 -0.808093 0.029900
vn 0.291096 -0.956586 -0.014400
vn 0.458003 -0.888806 0.016000
vn 0.276605 -0.960317 -0.035801
vn 0.180706 -0.983332 -0.020101
vn 0.219393 -0.974869 -0.038699
vn 0.270911 -0.961538 -0.045302
vn 0.253991 -0.965965 -0.048998
vn 0.228500 -0.972202 -0.051100
vn 0.280194 -0.959080 -0.040699
vn 0.165498 -0.985390 -0.040200
vn 0.881472 -0.470885 -0.035699
vn 0.181008 -0.982143 -0.051302
vn 0.287893 -0.956978 -0.036199
vn 0.298402 -0.953907 -0.031900
vn 0.234792 -0.971368 -0.036299
vn 0.059497 -0.997753 -0.030799
vn 0.313792 -0.949076 -0.028099
vn -0.019700 -0.999476 -0.025699
vn -0.060098 -0.997963 -0.021399
vn -0.596696 -0.802294 -0.016700
vn -0.598011 -0.801414 -0.010900
vn -0.586868 -0.809655 -0.006700
vn -0.573319 -0.819327 -0.002900
vn -0.548918 -0.835427 -0.027401
vn -0.935449 -0.353381 -0.007600
vn -0.900741 -0.434320 -0.005700
vn -0.867512 -0.497407 -0.003200
vn -0.970987 -0.238997 -0.008000
vn -0.860971 -0.508283 -0.019399
vn -0.849369 -0.527381 -0.020999
vn -0.861245 -0.507827 -0.019201
vn -0.559715 -0.828422 -0.020901
vn -0.854692 -0.518995 -0.012100
vn -0.834182 -0.551488 0.000700
vn -0.485494 -0.874090 -0.016200
vn -0.558191 -0.829686 0.006600
vn -0.799395 -0.600596 0.015900
vn -0.576872 -0.816660 0.016899
vn -0.795311 -0.605308 0.032900
vn -0.789059 -0.613268 0.035898
vn -0.828903 -0.559302 0.010100
vn -0.843659 -0.536774 -0.010599
vn -0.811103 -0.584302 0.026500
vn -0.788131 -0.614824 0.029001
vn -0.613566 -0.789456 -0.017199
vn -0.649723 -0.759926 -0.019301
vn -0.667894 -0.744193 -0.009700
vn -0.647471 -0.762066 0.006000
vn -0.620807 -0.783909 0.009300
vn -0.318289 -0.947867 -0.015499
vn -0.305413 -0.951940 -0.023101
vn -0.763479 -0.636483 -0.109497
vn -0.306705 -0.951716 -0.013000
vn -0.237098 -0.971393 -0.013400
vn -0.581984 -0.800278 -0.144396
vn -0.735625 -0.629921 -0.249108
vn -0.548315 -0.780721 -0.299708
vn -0.112696 -0.059198 -0.991865
vn -0.284198 -0.941294 -0.182199
vn -0.266594 -0.899680 -0.345692
vn -0.063103 -0.041502 -0.997144
vn -0.015200 -0.928824 -0.370210
vn -0.037200 0.000100 -0.999308
vn -0.032900 0.026400 -0.999110
vn 0.011700 -0.999641 -0.024101
vn -0.008300 -0.979309 -0.202202
vn 0.141998 -0.916985 -0.372794
vn 0.098701 0.040001 -0.994313
vn 0.166100 -0.965198 -0.202000
vn 0.367499 -0.866897 -0.336799
vn 0.953387 0.220497 -0.205997
vn 0.689215 0.120803 -0.714415
vn 0.952808 0.240302 -0.185502
vn 0.457417 -0.867831 -0.194007
vn 0.207909 -0.977942 -0.020101
vn 0.498889 -0.866481 -0.017900
vn 0.962314 0.270504 -0.027900
vn 0.037501 -0.999018 -0.023600
vn 0.245990 -0.969162 -0.014599
vn 0.080603 -0.996642 -0.014401
vn 0.522985 -0.852276 -0.010600
vn 0.957222 0.288007 -0.027901
vn 0.282794 -0.959180 0.000600
vn 0.538020 -0.842932 -0.000500
vn 0.955504 0.294201 -0.021400
vn 0.962293 0.271698 -0.013100
vn 0.526101 -0.850401 0.006000
vn 0.971308 0.237702 -0.007600
vn 0.147802 -0.989015 0.002000
vn 0.305386 -0.952156 0.011799
vn 0.503295 -0.864091 0.006400
vn 0.979947 0.199189 -0.005200
vn 0.212410 -0.977146 0.008200
vn 0.311510 -0.950131 0.014600
vn 0.473408 -0.880815 0.007100
vn 0.987495 0.157599 -0.004100
vn -0.150902 -0.988515 -0.008200
vn -0.056400 -0.998403 -0.003200
vn 0.306097 -0.951890 0.014500
vn 0.266493 -0.963775 0.010900
vn 0.042899 -0.999075 0.003000
vn 0.437415 -0.899231 0.007200
vn 0.993357 0.114995 -0.004300
vn 0.290389 -0.956765 0.016599
vn 0.396913 -0.917830 0.006900
vn 0.997330 0.072802 -0.005800
vn 0.306810 -0.951630 0.016401
vn 0.262092 -0.964871 0.018199
vn 0.353887 -0.935266 0.006400
vn 0.999456 0.031599 -0.009400
vn 0.329806 -0.943718 0.025000
vn 0.221206 -0.975028 0.019701
vn 0.309103 -0.951010 0.005900
vn 0.999684 -0.011000 -0.022600
vn 0.145201 -0.989310 0.013500
vn 0.334815 -0.941942 0.025401
vn 0.168301 -0.985508 0.021200
vn 0.264002 -0.964509 0.005000
vn 0.998231 -0.056502 -0.018501
vn -0.389689 -0.920874 -0.011600
vn -0.822501 -0.568401 -0.020300
vn -0.267605 -0.963520 -0.004200
vn 0.240807 -0.970428 0.016800
vn -0.770938 -0.636731 -0.015101
vn -0.997477 -0.070798 -0.005300
vn -0.117100 -0.993099 0.006500
vn -0.994493 0.104799 0.001200
vn -0.664624 -0.746827 -0.022901
vn -0.364597 -0.927791 -0.079199
vn 0.585721 -0.809530 -0.039901
vn 0.237496 0.971386 -0.002300
vn 0.815653 -0.577266 -0.038398
vn -0.984420 0.175503 -0.010800
vn 0.210591 0.977260 0.024799
vn -0.994642 0.103104 0.007600
vn 0.161591 0.985544 0.050897
vn 0.893504 -0.447602 -0.036100
vn -0.985816 -0.167703 0.006500
vn -0.461110 -0.887320 0.006400
vn 0.063900 -0.997700 0.022600
vn 0.266402 -0.962706 0.047200
vn 0.320189 -0.946966 0.027099
vn 0.372514 -0.927134 0.040701
vn 0.321383 -0.946449 0.030798
vn 0.276597 -0.960289 0.036600
vn 0.105604 -0.994142 0.023001
vn 0.219090 -0.975656 0.009700
vn 0.040399 -0.998774 0.028599
vn 0.161601 -0.986606 0.022200
vn 0.994468 -0.102897 -0.021099
vn 0.185292 -0.981456 0.049098
vn -0.047800 -0.997391 0.054100
vn 0.065003 -0.988142 0.139106
vn 0.978363 -0.147394 0.145194
vn 0.369288 -0.927370 0.060098
vn 0.098999 -0.990788 0.092399
vn -0.266609 -0.946232 0.183206
vn -0.076400 -0.972706 0.219101
vn 0.958798 -0.150100 0.241199
vn 0.279210 -0.953534 0.113204
vn -0.025799 -0.960670 0.276491
vn -0.468811 -0.834819 0.288607
vn -0.175992 -0.959357 0.220590
vn 0.058602 -0.991030 0.120104
vn -0.133895 -0.884465 0.446982
vn 1.000000 0.000000 0.000000
vn -0.572410 -0.781213 0.249104
vn -0.278114 0.027701 0.960149
vn -0.270095 -0.860283 0.432391
vn -0.395584 -0.818467 0.416683
vn 0.511505 0.343104 0.787808
vn 0.355087 -0.891067 0.282689
vn 0.383797 -0.813793 0.436396
vn 0.387691 -0.813180 0.434090
vn 0.208395 0.563386 0.799480
vn 0.186391 0.248788 0.950454
vn 0.372810 -0.921025 0.112803
vn 0.406898 -0.878995 0.248599
vn -0.068197 -0.995359 0.067897
vn 0.299393 -0.919977 0.252994
vn 0.510108 -0.781512 0.359206
vn -0.605598 -0.740498 0.291399
vn 0.566206 -0.751909 0.337704
vn 0.405111 -0.850323 0.335909
vn 0.460224 -0.822044 0.335318
vn 0.159701 0.197501 0.967207
vn 0.143998 -0.955084 0.258996
vn 0.466815 0.113604 0.877028
vn -0.185699 -0.922094 0.339498
vn -0.067201 0.534309 0.842614
vn -0.000600 -0.992244 0.124306
vn 0.049301 -0.997312 0.054201
vn 0.053898 -0.155495 0.986365
vn -0.305694 -0.062399 0.950083
vn 0.096096 -0.992256 0.078697
vn -0.242497 -0.087599 0.966189
vn 0.335311 -0.941431 0.035701
vn 0.038998 -0.991454 0.124494
vn -0.092396 -0.184593 0.978462
vn 0.845600 -0.531600 0.048600
vn 0.047400 -0.991099 0.124400
vn -0.087800 -0.989101 0.118200
vn 0.223289 -0.966352 0.127694
vn -0.128000 0.301300 0.944899
vn -0.042302 -0.990037 0.134305
vn 0.132895 -0.528180 0.838668
vn 0.075801 -0.996707 0.028800
vn 0.176806 -0.973535 0.144805
vn 0.117299 -0.993092 -0.003100
vn -0.298606 -0.952619 0.057901
vn 0.205189 -0.115794 0.971848
vn 0.051699 -0.997475 0.048699
vn 0.097398 -0.989681 0.105098
vn 0.517610 -0.013100 0.855516
vn 0.037899 -0.998974 0.024799
vn 0.032199 -0.999161 0.025299
vn -0.343021 -0.938357 0.042703
vn 0.177094 -0.973868 0.142195
vn -0.604028 -0.796237 -0.034002
vn -0.030801 -0.975729 0.216806
vn 0.003000 0.013200 0.999908
vn -0.235209 0.143206 0.961337
vn 0.136895 -0.959863 0.244791
vn -0.299889 -0.923267 0.240092
vn -0.221002 0.146501 0.964207
vn -0.261009 -0.932132 0.251008
vn -0.157106 0.061902 0.985640
vn -0.280714 -0.929246 0.240212
vn 0.398888 -0.903874 0.154596
vn -0.222310 -0.936841 0.270012
vn -0.169402 0.436304 0.883709
vn -0.256208 -0.933328 0.251508
vn -0.263093 -0.951175 0.161396
vn -0.021201 -0.995643 0.090804
vn 0.183304 -0.980020 0.077202
vn 0.646985 -0.759283 0.069998
vn 0.263095 -0.964682 0.013000
vn 0.627594 -0.776693 0.053600
vn -0.089798 -0.994774 -0.048599
vn -0.124003 -0.991527 -0.038701
vn 0.391802 -0.919605 0.028600
vn 0.037500 -0.998694 0.034700
vn 0.554521 -0.831232 0.039502
vn -0.352397 -0.934991 0.040100
vn -0.051400 -0.998492 0.019300
vn -0.237691 -0.960563 0.144295
vn -0.427013 -0.903927 0.024001
vn -0.279298 -0.959992 0.020200
vn -0.169806 -0.946531 0.274309
vn -0.072801 -0.984314 0.160702
vn 0.321394 -0.911883 0.255295
vn 0.237097 -0.934389 0.265897
vn 0.090602 -0.989026 0.116703
vn -0.120206 -0.992749 -0.000200
vn -0.197592 -0.980159 -0.015699
vn -0.356996 -0.934089 0.005700
vn -0.470186 -0.882474 0.012800
vn -0.424713 -0.905328 -0.000900
vn -0.267702 -0.963307 -0.019400
vn -0.329099 -0.944098 -0.019300
vn -0.477312 -0.878722 -0.004600
vn -0.516524 -0.856239 -0.007600
vn -0.491094 -0.871090 0.005300
vn -0.501718 -0.865031 -0.000200
vn -0.509291 -0.860584 -0.004300
vn -0.153994 -0.988062 0.004500
vn -0.111403 -0.993724 0.010100
vn -0.518215 -0.855224 -0.006700
vn -0.185605 -0.982624 0.001100
vn -0.531205 -0.847208 -0.007800
vn -0.209405 -0.977823 -0.003400
vn 0.329409 -0.944027 0.017400
vn 0.395291 -0.918278 0.022599
vn 0.591392 -0.805689 0.033500
vn 0.472192 -0.880985 0.029999
vn 0.571812 -0.819617 0.035501
vn 0.508390 -0.860483 0.033299
vn 0.335819 -0.941853 0.011801
vn 0.174394 -0.984668 0.004000
vn -0.004100 -0.999933 -0.010800
vn 0.088903 -0.995739 -0.024501
vn -0.000600 -0.998904 -0.046800
vn 0.028199 -0.999176 -0.029199
vn 0.115904 -0.992533 -0.038001
vn 0.072401 -0.996009 -0.052200
vn 0.119399 -0.990890 -0.062299
vn 0.882204 -0.469602 -0.034500
vn 0.049800 0.997199 0.055800
vn 0.243007 -0.952528 -0.183405
vn 0.082400 -0.982694 -0.165899
vn 0.105600 -0.939697 -0.325299
vn 0.228694 -0.973376 -0.015400
vn 0.245992 -0.951668 -0.183894
vn 0.243494 -0.905976 -0.346291
vn -0.018499 -0.052198 -0.998465
vn -0.024101 -0.088003 -0.995829
vn 0.002300 0.022401 -0.999747
vn -0.105306 -0.949454 -0.295717
vn -0.022100 -0.069901 -0.997309
vn 0.217411 -0.913145 -0.344817
vn -0.000300 0.081001 -0.996714
vn 0.028500 0.088100 -0.995704
vn 0.045002 -0.946242 -0.320314
vn 0.016100 0.030900 -0.999393
vn -0.188104 -0.938819 -0.288506
vn -0.001000 -0.048501 -0.998823
vn 0.086695 -0.982444 -0.165191
vn 0.271600 -0.962298 -0.014700
vn -0.329094 -0.905883 -0.266595
vn -0.160593 -0.977057 -0.139894
vn -0.329110 -0.936128 -0.123904
vn -0.116705 -0.993138 0.007500
vn 0.136406 -0.990640 -0.005100
vn 0.180604 -0.983524 -0.007900
vn 0.291714 -0.956345 -0.017501
vn 0.209091 -0.977760 -0.016299
vn 0.216803 -0.976015 -0.019800
vn 0.041500 -0.999106 -0.008100
vn 0.006600 -0.999886 -0.013600
vn -0.023500 -0.999617 -0.014600
vn -0.132998 -0.980482 -0.144797
vn -0.171902 -0.985113 0.001600
vn -0.206509 -0.978441 -0.002900
vn -0.233903 -0.972213 -0.009600
vn -0.234105 -0.972022 -0.019200
vn -0.292907 -0.956123 0.005900
vn -0.307388 -0.951563 -0.006300
vn -0.323801 -0.946003 -0.015200
vn -0.188205 -0.982128 -0.001700
vn -0.277008 -0.960827 0.008800
vn -0.339089 -0.940669 -0.012700
vn -0.224299 -0.974494 -0.007200
vn -0.257792 -0.966170 -0.007600
vn 0.037699 -0.999283 0.003400
vn 0.074800 -0.997196 0.002200
vn 0.302786 -0.953058 0.001300
vn -0.192994 -0.981171 0.007500
vn 0.049199 -0.998789 0.000300
vn -0.204505 -0.978823 0.009100
vn -0.260606 -0.956323 -0.132403
vn 0.276212 -0.961041 -0.010400
vn 0.015300 -0.999882 0.001700
vn -0.216706 -0.966927 -0.134504
vn -0.244704 -0.929217 -0.276905
vn -0.220395 -0.934480 -0.279594
vn 0.002200 -0.014500 -0.999892
vn -0.022900 -0.988391 -0.150199
vn -0.052600 -0.952394 -0.300298
vn 0.024100 0.049499 -0.998483
vn 0.244690 -0.969559 -0.009100
vn 0.205105 -0.963525 -0.171904
vn 0.164096 -0.930178 -0.328392
vn 0.012000 0.088699 -0.995986
vn 0.335795 -0.941785 -0.016800
vn 0.328615 -0.944343 -0.015101
vn 0.198190 -0.980049 -0.014999
vn 0.220196 -0.975383 -0.011900
vn -0.037799 -0.999285 -0.001100
vn 0.314793 -0.930778 -0.185896
vn 0.246608 -0.952232 -0.180106
vn 0.014000 -0.987373 -0.157796
vn -0.257302 -0.957107 -0.133201
vn -0.382199 -0.885597 -0.263899
vn -0.224998 -0.932690 -0.281897
vn -0.041899 -0.113396 -0.992666
vn 0.043999 -0.947775 -0.315892
vn -0.024701 -0.084303 -0.996134
vn 0.252695 -0.904483 -0.343593
vn 0.003500 -0.003400 -0.999988
vn 0.289591 -0.891572 -0.348189
vn -0.006500 0.066803 -0.997745
vn -0.294600 0.947801 -0.122000
vn 0.120099 0.952693 -0.279198
vn 0.115501 0.770406 -0.627005
vn 1.000000 0.000000 0.000000
vn -0.949508 0.265602 -0.167001
vn 0.313704 0.892712 -0.323504
vn 0.030399 -0.011300 -0.999474
vn 0.038999 0.988278 -0.147597
vn -0.968348 0.249387 -0.010399
vn 0.312209 0.936425 -0.160104
vn 0.009400 0.999943 0.005000
vn -0.972431 0.233007 -0.009300
vn 0.293805 0.897716 -0.328306
vn 0.004300 -0.039301 -0.999218
vn 0.306602 0.936805 -0.168501
vn 0.291006 0.956720 0.001800
vn -0.010700 0.999918 0.007100
vn -0.976327 0.216206 -0.006300
vn -0.029099 0.999554 0.006700
vn -0.979796 0.199999 -0.001100
vn 0.269499 0.962997 0.002500
vn -0.046600 0.998902 0.004900
vn -0.983609 0.180302 0.002200
vn 0.248695 0.968582 0.000600
vn 0.302906 0.953018 -0.002400
vn 0.294302 0.955705 -0.003800
vn -0.067899 0.997682 0.004500
vn -0.987605 0.156901 0.004400
vn 0.236107 0.971727 -0.000200
vn -0.092698 0.995684 0.004600
vn -0.991327 0.131304 0.005500
vn 0.219290 0.975657 -0.002200
vn 0.282396 0.959287 -0.004700
vn 0.283795 0.958882 -0.002500
vn -0.119798 0.992787 0.004800
vn -0.994437 0.105204 0.005300
vn 0.196999 0.980396 -0.003900
vn -0.147801 0.989005 0.004900
vn -0.996805 0.079800 0.003500
vn 0.169908 0.985448 -0.004900
vn 0.280086 0.959953 -0.006400
vn 0.269910 0.962836 -0.009800
vn -0.175802 0.984413 0.004900
vn -0.998541 0.054002 0.000800
vn 0.138703 0.990320 -0.005200
vn 0.253115 0.967357 -0.012401
vn 0.103600 0.994604 -0.005400
vn -0.202496 0.979279 0.002900
vn -0.230398 0.973091 0.003400
vn -0.999477 0.031599 -0.006800
vn 0.063597 0.997956 -0.006200
vn 0.229194 0.973274 -0.014400
vn -0.266111 0.963939 -0.002500
vn -0.999704 0.019900 -0.014000
vn 0.016501 0.999835 -0.007600
vn 0.197898 0.980090 -0.016100
vn 0.159699 0.986992 -0.018500
vn -0.038399 0.999086 -0.018800
vn -0.333697 0.942592 -0.012900
vn -0.999632 0.027101 -0.001000
vn -0.136994 0.988060 -0.070497
vn 0.115705 0.993044 -0.021801
vn 0.064199 0.997391 -0.033000
vn -0.516019 0.856531 0.008900
vn -0.971328 -0.031801 0.235607
vn -0.904582 -0.333293 0.265795
vn -0.337703 0.939609 -0.055601
vn -0.632492 0.773090 -0.047799
vn -0.694826 0.719127 -0.008600
vn -0.780499 0.619199 0.086100
vn -0.534713 0.754818 0.379909
vn 1.000000 0.000000 0.000000
vn 0.036499 0.697579 0.715578
vn -0.231695 0.969477 -0.080198
vn -0.218497 0.207197 0.953587
vn -0.296505 0.949417 -0.103402
vn 0.315092 0.948577 0.030299
vn 0.210189 0.977649 0.004800
vn 0.325806 0.941018 0.091302
vn -0.139694 0.137794 0.980560
vn 0.293200 0.952798 0.078800
vn 0.078300 0.996298 -0.035500
vn 0.017600 0.996599 -0.080500
vn 0.302087 0.947558 0.104295
vn -0.222091 0.165593 0.960861
vn 0.295398 0.949795 0.103099
vn 0.289893 0.951576 0.102297
vn -0.297803 0.185102 0.936510
vn 0.294392 0.950173 0.102497
vn 0.187506 0.978733 0.083203
vn -0.290691 0.095197 0.952070
vn 0.180909 0.979948 0.083504
vn 0.000300 0.992774 0.119997
vn -0.052700 0.001400 0.998609
vn 0.510420 -0.018201 0.859733
vn -0.245711 0.963441 0.106805
vn -0.062202 0.967524 0.245006
vn 0.085996 -0.209791 0.973957
vn -0.663862 0.747557 0.021099
vn -0.326488 0.921965 0.208292
vn 0.080901 0.949709 0.302503
vn -0.439803 0.851506 0.285502
vn 0.247797 -0.331896 0.910188
vn -0.189006 0.431014 0.882329
vn -0.279591 0.931270 0.233592
vn 0.095602 0.950016 0.297205
vn -0.610985 0.783680 0.111997
vn -0.276787 0.952057 0.130294
vn 0.196294 0.973672 0.115897
vn -0.184506 0.050502 0.981533
vn -0.226103 0.969711 0.092401
vn 0.184709 0.974747 0.125506
vn -0.228594 0.138797 0.963577
vn 0.149699 0.981892 0.116099
vn 0.193707 0.973037 0.125205
vn 0.218607 0.969433 0.111404
vn -0.243999 0.125699 0.961595
vn 0.240702 0.964208 0.111201
vn 0.089696 0.988158 0.124495
vn 0.004400 0.012900 0.999907
vn 0.454692 -0.036899 0.889884
vn -0.060000 0.990303 0.125300
vn -0.002900 0.968166 0.250291
vn 0.131796 -0.175195 0.975672
vn -0.364205 0.928013 0.078401
vn -0.180010 0.956153 0.231013
vn 0.085504 0.954941 0.284212
vn -0.436120 0.856739 0.275313
vn 0.250102 -0.325103 0.912007
vn -0.174303 0.440608 0.880615
vn 0.295497 0.954691 0.035300
vn 0.224293 0.973468 0.045299
vn -0.312004 0.949112 -0.042901
vn 0.101699 0.993890 0.042900
vn 0.356686 0.933565 -0.035099
vn 0.304903 0.952108 -0.022900
vn -0.048098 0.994959 0.087996
vn 0.181806 0.983334 -0.001000
vn 0.006200 0.983610 0.180202
vn 0.094998 0.981079 0.168696
vn 0.130896 0.990272 0.047199
vn -0.100399 0.993888 0.045899
vn -0.823051 0.567966 -0.001400
vn -0.757527 0.650824 -0.050802
vn 0.118801 0.992611 0.024700
vn 0.162495 0.985772 0.042999
vn 0.177099 0.984094 0.014000
vn 0.322788 0.946264 0.019799
vn 0.095502 0.994017 -0.053001
vn -0.800248 0.598836 -0.031602
vn 0.346896 0.936388 -0.053299
vn 0.301599 0.953296 0.016300
vn 0.252308 0.967631 0.005500
vn 0.316391 0.946975 -0.055998
vn 0.216296 0.974182 -0.064699
vn -0.031099 0.998971 -0.032999
vn 0.330001 0.943103 -0.040700
vn 0.336012 0.940934 -0.041702
vn 0.226402 0.973208 -0.040100
vn 0.259493 0.965273 -0.030199
vn 0.355108 0.934221 -0.033601
vn 0.293009 0.955629 -0.030301
vn -0.147000 0.989001 -0.016400
vn 0.288597 0.957089 -0.026300
vn 0.358294 0.933186 -0.028100
vn 0.237798 0.971090 -0.020900
vn -0.247190 0.968960 -0.003700
vn 0.309991 0.950471 -0.022599
vn 0.347712 0.937334 -0.022401
vn 0.173994 0.984667 -0.012500
vn -0.326496 0.945188 0.004600
vn 0.322194 0.946483 -0.019000
vn 0.326187 0.945161 -0.016499
vn 0.109201 0.994008 -0.004800
vn -0.384694 0.922985 0.010500
vn 0.324788 0.945666 -0.015099
vn 0.295889 0.955165 -0.010500
vn 0.046800 0.998902 0.002000
vn -0.427096 0.904092 0.014400
vn 0.318909 0.947726 -0.010600
vn 0.259813 0.965648 -0.004600
vn -0.010300 0.999920 0.007400
vn -0.457325 0.889148 0.016401
vn 0.306907 0.951722 -0.005700
vn 0.221111 0.975248 0.000900
vn -0.060101 0.998124 0.011700
vn -0.477214 0.878625 0.016900
vn 0.291006 0.956721 -0.000200
vn 0.182206 0.983235 0.007100
vn -0.103299 0.994489 0.017900
vn -0.486986 0.873174 0.020299
vn 0.273703 0.961811 -0.002300
vn 0.146398 0.989187 0.008700
vn -0.145294 0.989060 0.025499
vn -0.495704 0.867707 0.036900
vn 0.258899 0.965896 -0.004100
vn 0.096799 0.995291 0.005000
vn -0.210604 0.977317 0.022300
vn -0.542009 0.839614 0.035701
vn 0.236295 0.971681 -0.000400
vn 0.036699 0.999281 0.009500
vn -0.284096 0.958488 0.024300
vn -0.583803 0.811204 0.033500
vn 0.204495 0.964274 -0.168396
vn -0.031000 0.987192 -0.156499
vn 0.170995 0.932273 -0.318791
vn -0.004900 -0.062402 -0.998039
vn -0.077002 0.952419 -0.294906
vn 0.011300 -0.066900 -0.997696
vn -0.354502 0.925505 -0.133301
vn -0.388500 0.883000 -0.263400
vn 0.030700 -0.025000 -0.999216
vn -0.613023 0.782029 -0.112404
vn -0.612102 0.751803 -0.245201
vn 0.012800 0.049300 -0.998702
vn -0.019799 0.120896 -0.992468
vn -0.690600 0.714900 -0.109500
vn -0.654398 0.713697 -0.249799
vn -0.006100 0.189204 -0.981919
vn -0.504374 0.820158 -0.270086
vn 0.099500 0.221801 -0.970002
vn -0.714598 0.698798 0.032100
vn -0.560125 0.819537 -0.120905
vn -0.091403 0.947728 -0.305709
vn 0.121806 0.096505 -0.987851
vn -0.721002 0.691902 0.037800
vn -0.629508 0.776610 0.024400
vn -0.160406 0.976637 -0.143005
vn 0.417304 0.843008 -0.339403
vn 0.708195 0.598696 -0.374197
vn 0.028099 -0.071397 -0.997052
vn 0.369306 0.912315 -0.176903
vn -0.273104 0.961912 0.011800
vn -0.679987 0.732586 0.030599
vn 0.256603 0.966510 -0.003800
vn 0.702479 0.682379 -0.202194
vn -0.357902 0.933605 0.017000
vn 0.646889 0.762388 -0.017300
vn 0.786983 0.576687 -0.219295
vn 0.744982 0.534087 -0.399690
vn -0.083099 -0.114998 -0.989884
vn 0.169892 0.985453 0.004300
vn 0.562909 0.727912 -0.391506
vn -0.116002 -0.176102 -0.977513
vn 0.636773 0.735669 -0.230890
vn 0.779602 0.625702 -0.026800
vn 0.584594 0.811291 -0.007500
vn 0.680088 0.732487 -0.030699
vn 0.201209 0.956441 -0.211509
vn 0.108995 0.931255 -0.347683
vn -0.031998 -0.196689 -0.979944
vn -0.383811 0.880125 -0.279408
vn 0.008300 -0.086104 -0.996252
vn -0.012400 0.060998 -0.998061
vn -0.318601 0.933804 -0.162801
vn -0.592185 0.768480 -0.242394
vn -0.048597 0.146292 -0.988047
vn -0.588689 0.799085 -0.122098
vn -0.540682 0.802973 -0.250792
vn 0.011200 0.179807 -0.983638
vn 0.303493 0.952580 -0.022000
vn -0.215098 0.976591 -0.001400
vn -0.279687 0.916258 -0.286787
vn 0.054098 0.100595 -0.993456
vn -0.574392 0.810688 -0.113398
vn -0.544384 0.838676 0.016400
vn 0.075198 0.940174 -0.332291
vn 0.006500 -0.003800 -0.999972
vn -0.335110 0.932529 -0.134504
vn -0.589708 0.807311 0.022200
vn -0.132000 0.991197 -0.010200
vn -0.497311 0.867518 0.009700
vn 0.366891 0.929878 -0.026799
vn -0.073303 0.997242 -0.011600
vn 0.690615 0.722616 -0.029601
vn 0.401300 0.915800 -0.016400
vn 0.689908 0.723809 -0.011300
vn 0.751786 0.659088 -0.020500
vn 0.722285 0.691585 -0.003800
vn 0.530914 0.847422 0.002500
vn 0.107597 0.994171 0.006900
vn 0.520098 0.853897 0.018900
vn 0.703815 0.710215 0.015500
vn 0.662000 0.749499 0.002700
vn 0.511294 0.859189 0.019300
vn 0.378892 0.925381 -0.010500
vn 0.677917 0.735018 0.013300
vn 0.629827 0.776734 0.001700
vn -0.082802 0.996419 -0.017100
vn 0.352405 0.935814 -0.007900
vn -0.456786 0.889573 -0.002300
vn -0.585804 0.810206 0.020000
vn -0.458507 0.888514 -0.017700
vn -0.393702 0.919106 0.015600
vn -0.577903 0.816104 0.001700
vn -0.423715 0.905632 0.017201
vn 0.027099 0.985670 -0.166495
vn -0.041202 0.999149 0.001800
vn -0.438875 0.898548 0.000900
vn 0.318299 0.874698 -0.365499
vn 0.309110 0.931832 -0.190106
vn -0.084798 0.996381 0.005800
vn 0.275696 0.961185 -0.010700
vn 0.395188 0.896274 -0.201294
vn 0.370696 0.849992 -0.374296
vn -0.033801 -0.084802 -0.995824
vn 0.207700 0.911502 -0.355001
vn -0.041899 -0.113396 -0.992666
vn 0.256500 0.946401 -0.196300
vn 0.401309 0.915821 -0.014900
vn 0.247305 0.968920 -0.005900
vn 0.302109 0.953229 -0.009200
vn -0.025800 0.985484 -0.167797
vn -0.073003 0.944834 -0.319311
vn -0.024701 -0.084303 -0.996134
vn 0.003500 -0.003400 -0.999988
vn -0.261605 0.920418 -0.290506
vn -0.006500 0.066803 -0.997745
vn -0.291005 0.912216 -0.288405
vn 0.012000 0.088699 -0.995986
vn -0.251706 0.957521 -0.140703
vn 0.038099 0.999269 0.003100
vn -0.313412 0.939536 -0.138005
vn -0.156403 0.936818 -0.312906
vn 0.024100 0.049499 -0.998483
vn -0.223692 0.974566 0.013500
vn -0.193702 0.969009 -0.153301
vn 0.056302 0.937826 -0.342509
vn 0.002200 -0.014500 -0.999892
vn -0.327210 0.944828 0.015300
vn 0.027901 0.984332 -0.174106
vn 0.214898 0.907390 -0.361196
vn -0.236404 0.971618 0.008400
vn 0.212788 0.958844 -0.187989
vn 0.237096 0.901685 -0.361594
vn -0.022100 -0.069901 -0.997309
vn 0.259408 0.946428 -0.192306
vn -0.016000 0.999870 -0.001800
vn 0.196493 0.980465 -0.008900
vn 0.092398 0.935478 -0.341092
vn -0.024101 -0.088003 -0.995829
vn 0.132196 0.974072 -0.183595
vn 0.274301 0.961604 -0.008800
vn -0.128604 0.942028 -0.309909
vn -0.018499 -0.052198 -0.998465
vn 0.002300 0.022401 -0.999747
vn -0.092404 0.983041 -0.158407
vn -0.247203 0.925111 -0.288203
vn -0.000300 0.081001 -0.996714
vn 0.174897 0.984586 -0.001200
vn -0.244398 0.959791 -0.138099
vn -0.214705 0.931723 -0.292907
vn 0.028500 0.088100 -0.995704
vn -0.041600 0.999090 0.009400
vn -0.240600 0.960402 -0.140500
vn -0.035701 0.946029 -0.322110
vn 0.016100 0.030900 -0.999393
vn -0.229706 0.973125 0.016200
vn -0.073698 0.984379 -0.159897
vn 0.183707 0.918135 -0.351113
vn 0.322005 0.871313 -0.370306
vn -0.001000 -0.048501 -0.998823
vn 0.161994 0.969563 -0.183593
vn -0.267302 0.963508 0.014200
vn -0.128107 0.991751 0.004300
vn 0.324200 0.924799 -0.199100
vn 0.112700 0.993601 -0.007500
vn 0.284681 0.884141 -0.370475
vn -0.041401 -0.100904 -0.994035
vn 0.318695 0.925887 -0.202897
vn 0.307809 0.951327 -0.015200
vn 0.051400 0.939201 -0.339500
vn -0.030300 -0.117501 -0.992610
vn 0.106505 0.976047 -0.189709
vn 0.338303 0.940909 -0.015500
vn -0.262695 0.920583 -0.288995
vn -0.018701 -0.067702 -0.997530
vn -0.010700 0.036499 -0.999276
vn -0.212801 0.964105 -0.158801
vn -0.439825 0.860849 -0.255915
vn -0.030801 0.123902 -0.991816
vn -0.431919 0.892840 -0.127606
vn -0.403713 0.877428 -0.259108
vn 0.025601 0.166404 -0.985725
vn 0.163908 0.986446 -0.007600
vn -0.145198 0.989387 0.005500
vn -0.149691 0.944544 -0.292283
vn 0.083099 0.104099 -0.991089
vn -0.427485 0.896170 -0.118896
vn -0.396000 0.918100 0.016600
vn 0.233700 0.909800 -0.343000
vn 0.016601 0.007600 -0.999833
vn -0.193300 0.971301 -0.138600
vn -0.442324 0.896650 0.019201
vn -0.093902 0.995524 0.010700
vn -0.367514 0.929836 0.018401
vn 0.205395 0.978674 -0.003200
vn -0.345593 0.938382 0.002300
vn -0.251497 0.967789 0.011600
vn -0.449790 0.892980 0.016600
vn -0.455592 0.890184 0.003100
vn -0.292905 0.956117 0.006900
vn -0.323504 0.946211 0.005400
vn 0.194302 0.965512 -0.173302
vn 0.118604 0.992936 -0.003400
vn 0.529195 0.754593 -0.387997
vn 0.527686 0.824778 -0.203195
vn 0.059301 0.998219 -0.006500
vn 0.481589 0.876180 -0.019500
vn 0.676995 0.700495 -0.225798
vn 0.646280 0.640980 -0.414087
vn -0.064702 -0.095502 -0.993324
vn 0.540289 0.734285 -0.410991
vn -0.121200 -0.148200 -0.981502
vn 0.596720 0.766526 -0.237408
vn 0.664316 0.746817 -0.030801
vn 0.433483 0.900964 -0.018899
vn 0.620393 0.783491 -0.035400
vn 0.251798 0.943092 -0.217198
vn 0.188390 0.906152 -0.378680
vn -0.090603 -0.193905 -0.976828
vn 0.001100 -0.178296 -0.983976
vn -0.294097 0.899292 -0.323697
vn 0.009000 -0.078200 -0.996897
vn -0.681103 0.684203 -0.260701
vn -0.079897 0.029699 -0.996361
vn -0.257213 0.951049 -0.171309
vn 0.314912 0.948637 -0.030301
vn -0.666372 0.735169 -0.124395
vn -0.826922 0.518714 -0.217106
vn -0.138904 0.082903 -0.986830
vn -0.194606 0.980830 -0.010000
vn -0.829352 0.551068 -0.092195
vn -0.808723 0.549116 -0.210806
vn -0.136205 0.124405 -0.982839
vn -0.622983 0.782078 0.015700
vn -0.823084 0.561689 -0.083898
vn -0.660716 0.714818 -0.229106
vn -0.090004 0.173907 -0.980640
vn -0.803106 0.594905 0.033300
vn -0.675883 0.731282 -0.091698
vn -0.340696 0.902289 -0.264197
vn 0.013001 0.179610 -0.983652
vn -0.808402 0.587102 0.042400
vn -0.345410 0.931428 -0.114603
vn 0.138202 0.937316 -0.319905
vn 0.008700 0.067797 -0.997661
vn -0.671806 0.739507 0.042500
vn 0.137704 0.978127 -0.155904
vn 0.535670 0.756057 -0.376079
vn -0.089997 -0.012300 -0.995866
vn -0.351085 0.935860 0.030099
vn 0.553686 0.807980 -0.201495
vn -0.656697 0.753197 0.038000
vn 0.122495 0.992459 0.004400
vn -0.348185 0.936859 0.032599
vn 0.107401 0.994111 0.014400
vn 0.693515 0.597313 -0.402809
vn 0.671070 0.636972 -0.379383
vn -0.153408 -0.024901 -0.987849
vn -0.112696 -0.059198 -0.991865
vn 0.503108 0.799313 -0.328605
vn -0.063103 -0.041502 -0.997144
vn 0.563607 0.805811 -0.181702
vn 0.238205 0.928118 -0.286105
vn -0.037200 0.000100 -0.999308
vn -0.011901 0.965451 -0.260314
vn -0.032900 0.026400 -0.999110
vn 0.272894 0.951979 -0.138797
vn -0.166294 0.951266 -0.259691
vn 0.098701 0.040001 -0.994313
vn -0.009900 0.992858 -0.118895
vn -0.102400 0.972302 -0.210101
vn 0.689215 0.120803 -0.714415
vn 0.953387 0.220497 -0.205997
vn 0.952808 0.240302 -0.185502
vn -0.180293 0.976364 -0.119196
vn -0.000400 0.991514 -0.130002
vn -0.018201 0.999834 0.001200
vn 0.962314 0.270504 -0.027900
vn -0.212509 0.977042 0.015101
vn -0.045399 0.998968 -0.001500
vn 0.957222 0.288007 -0.027901
vn -0.021901 0.999527 0.021601
vn -0.251092 0.967769 0.019399
vn -0.058203 0.998243 -0.011100
vn 0.955504 0.294201 -0.021400
vn 0.962293 0.271698 -0.013100
vn -0.285491 0.958370 -0.004600
vn -0.040100 0.999108 -0.013200
vn 0.971308 0.237702 -0.007600
vn -0.012200 0.999871 -0.010500
vn 0.979947 0.199189 -0.005200
vn -0.305300 0.952199 -0.010500
vn -0.091896 0.995759 0.004400
vn -0.049600 0.998396 0.027300
vn 0.022900 0.999689 -0.009900
vn 0.987495 0.157599 -0.004100
vn -0.312691 0.949774 -0.012400
vn -0.158607 0.987342 -0.000000
vn 0.301195 0.953483 0.012300
vn 0.062799 0.997982 -0.009400
vn 0.993357 0.114995 -0.004300
vn -0.307209 0.951527 -0.014800
vn -0.221107 0.975229 -0.006400
vn 0.227801 0.973604 0.014200
vn 0.105805 0.994344 -0.009200
vn 0.997330 0.072802 -0.005800
vn -0.290087 0.956856 -0.016599
vn -0.272801 0.962004 -0.011300
vn 0.137006 0.990540 0.007700
vn 0.150006 0.988639 -0.009500
vn 0.999456 0.031599 -0.009400
vn -0.261204 0.965114 -0.018100
vn -0.311682 0.950047 -0.016299
vn 0.038099 0.999270 0.002900
vn 0.194508 0.980841 -0.010800
vn 0.999684 -0.011000 -0.022600
vn -0.221091 0.975058 -0.019499
vn -0.334608 0.942121 -0.021100
vn -0.064501 0.997913 -0.003200
vn -0.338591 0.940575 -0.025999
vn -0.170198 0.985186 -0.021000
vn 0.236097 0.971589 -0.016500
vn 0.282793 0.958876 -0.024199
vn 0.998231 -0.056502 -0.018501
vn -0.109601 0.993705 -0.023200
vn -0.320991 0.946575 -0.030999
vn -0.048098 0.998257 -0.034199
vn 0.344500 0.938100 -0.035900
vn 0.994468 -0.102897 -0.021099
vn 0.031200 0.998010 -0.054801
vn -0.274385 0.960946 -0.035998
vn 0.413984 0.908164 0.062098
vn 0.978363 -0.147394 0.145194
vn 0.234208 0.972132 0.010300
vn 0.356489 0.926971 0.116796
vn 0.958798 -0.150100 0.241199
vn 0.309592 0.941775 0.131197
vn 0.058602 -0.991030 0.120104
vn 0.425293 0.900884 0.086798
vn 0.530782 0.839671 0.114996
vn -0.278114 0.027701 0.960149
vn -0.133895 -0.884465 0.446982
vn 0.428993 0.901185 -0.061899
vn 0.511505 0.343104 0.787808
vn 0.287313 0.955642 -0.064803
vn 0.063402 0.994224 -0.086602
vn -0.099899 0.990791 -0.091399
vn -0.287897 0.954389 -0.079099
vn 0.208395 0.563386 0.799480
vn -0.290903 0.953309 -0.081101
vn -0.285010 0.951935 -0.112204
vn -0.278811 0.953839 -0.111605
vn -0.514972 0.857054 0.016199
vn 0.186391 0.248788 0.950454
vn -0.464090 0.885780 0.003700
vn -0.397013 0.913831 -0.085403
vn -0.420207 0.903715 -0.082001
vn -0.429004 0.902808 0.029900
vn 0.159701 0.197501 0.967207
vn -0.409521 0.911947 0.025401
vn -0.344609 0.938525 -0.020401
vn 0.066998 0.996066 -0.057998
vn -0.130401 0.990808 0.036000
vn 0.466815 0.113604 0.877028
vn 0.160692 0.986453 0.032998
vn 0.609673 0.790665 -0.056098
vn 0.893336 0.448318 -0.031001
vn -0.043201 0.982717 0.180003
vn 0.053898 -0.155495 0.986365
vn -0.305694 -0.062399 0.950083
vn 0.205793 0.966066 0.156095
vn -0.096204 0.966437 0.238209
vn -0.242497 -0.087599 0.966189
vn 0.702163 0.709763 0.056597
vn -0.076603 0.968237 0.238009
vn -0.119204 0.961833 0.246308
vn -0.092396 -0.184593 0.978462
vn 0.749714 0.660612 0.039001
vn -0.030599 0.986578 0.160396
vn -0.113503 0.962523 0.246306
vn 0.059301 0.966814 0.248504
vn -0.128000 0.301300 0.944899
vn 0.707404 0.705204 0.047600
vn -0.035701 0.997039 0.068103
vn -0.096201 0.982709 0.158202
vn 0.004600 0.968878 0.247494
vn -0.203288 0.951044 0.232786
vn -0.154597 0.913182 0.377092
vn 0.132895 -0.528180 0.838668
vn -0.142405 0.958131 0.248408
vn 0.310389 0.904169 0.293490
vn 0.205189 -0.115794 0.971848
vn -0.087201 0.925209 0.369303
vn 0.261909 0.917832 0.298310
vn 0.032798 0.969650 0.242288
vn 0.517610 -0.013100 0.855516
vn -0.168195 0.960270 0.222693
vn 0.119998 0.979682 0.160697
vn 0.113698 0.986579 0.117197
vn 0.003000 0.013200 0.999908
vn -0.235209 0.143206 0.961337
vn -0.034400 0.992394 0.118199
vn 0.246610 0.962840 0.110105
vn -0.221002 0.146501 0.964207
vn -0.445201 0.889003 0.107100
vn -0.341914 0.936938 0.072403
vn 0.272492 0.955873 0.109797
vn 0.183009 0.975648 0.120906
vn -0.157106 0.061902 0.985640
vn 0.163396 0.981075 0.103897
vn -0.169402 0.436304 0.883709
vn 0.188606 0.974631 0.120504
vn 0.337113 0.940937 0.031501
vn -0.193195 0.979275 -0.060798
vn 0.212393 0.976268 0.042299
vn -0.626083 0.778678 -0.040999
vn 0.435288 0.899575 -0.035899
vn -0.052999 0.997777 -0.040399
vn -0.212703 0.977116 -0.001200
vn -0.620104 0.783105 -0.047100
vn 0.066702 0.978631 0.194506
vn 0.065101 0.997416 0.030400
vn -0.009000 0.992538 0.121605
vn -0.409798 0.911696 -0.029600
vn -0.068697 0.987162 0.144194
vn -0.115803 0.991323 0.062201
vn -0.071100 0.996006 0.054000
vn -0.043102 0.997044 0.063603
vn -0.169599 0.983994 0.054700
vn -0.026600 0.998314 0.051601
vn -0.001200 0.998823 0.048501
vn -0.117398 0.992283 0.039899
vn -0.064898 0.997874 0.005900
vn -0.031999 0.999157 0.025699
vn -0.525081 0.850369 -0.034099
vn -0.208406 0.976727 0.050701
vn -0.207293 0.978267 -0.004900
vn -0.098004 0.994943 0.022001
vn -0.169993 0.984661 0.039298
vn -0.229999 0.972094 0.046200
vn -0.193296 0.980979 0.017800
vn -0.344000 0.938900 -0.011400
vn -0.221406 0.974524 0.035801
vn -0.459001 0.888302 -0.015400
vn -0.579872 0.813960 -0.034898
vn -0.599903 0.799404 -0.032700
vn -0.487089 0.872780 -0.031599
vn -0.409287 0.912071 -0.024699
vn -0.563795 0.824993 -0.039000
vn 0.114305 0.993340 -0.014501
vn 0.047200 0.998595 -0.024100
vn 0.485181 0.874166 -0.020799
vn 0.508691 0.860885 -0.010500
vn 0.279998 0.959792 -0.020000
vn 0.355991 0.934476 -0.005100
vn 0.518176 0.855260 -0.004900
vn 0.423011 0.906123 0.001500
vn 0.124096 0.992270 0.000100
vn 0.051899 0.998080 0.033799
vn 0.110296 0.988464 0.103796
vn 0.202801 0.979104 0.015100
vn -0.064698 0.997266 0.035699
vn -0.303497 0.946589 0.108899
vn -0.223300 0.967799 0.116200
vn -0.438889 0.858978 0.263693
vn 0.235292 -0.306389 0.922368
vn 0.128905 -0.178607 0.975440
vn -0.309699 0.915696 0.256099
vn 0.074503 0.954936 0.287311
vn -0.007700 0.965308 0.261002
vn 0.442693 -0.056599 0.894885
vn -0.032800 0.990014 0.137102
vn 0.103403 0.953824 0.282007
vn -0.183504 0.953621 0.238605
vn 0.071898 0.988166 0.135495
vn 0.006500 0.011900 0.999908
vn -0.247606 0.106202 0.963023
vn -0.082999 0.987486 0.134098
vn 0.177093 0.976864 0.119896
vn -0.222604 0.119002 0.967619
vn 0.150797 0.979980 0.129997
vn -0.172102 0.030300 0.984613
vn 0.196302 0.973210 0.119701
vn 0.177097 0.977581 0.113898
vn -0.165904 0.450511 0.877221
vn 0.154801 0.979408 0.129601
vn -0.394002 0.915604 0.080200
vn 0.245890 0.968361 0.042598
vn -0.417699 0.901098 0.116400
vn -0.323101 0.945502 -0.040400
vn 0.122806 0.980952 0.150508
vn -0.613589 0.789385 -0.019500
vn -0.119400 0.992603 0.022000
vn 0.116001 0.992711 0.032700
vn -0.630807 0.775409 -0.028700
vn -0.289584 0.957146 -0.003500
vn 0.074797 0.996954 0.022099
vn 0.065002 0.997525 0.026801
vn 0.144608 0.989052 0.029402
vn 0.271909 0.962133 0.019101
vn -0.015900 0.999710 0.018100
vn -0.403018 0.915142 -0.009600
vn -0.605416 0.795621 -0.021401
vn 0.169600 0.985101 0.028500
vn 0.475620 0.879636 0.005100
vn 0.330582 0.943550 0.020699
vn 0.522210 0.852816 0.001700
vn 0.514597 0.857396 0.007900
vn 0.160698 0.986986 -0.005900
vn 0.525911 0.850517 0.006200
vn 0.194693 0.980863 -0.001800
vn -0.340098 0.940194 -0.019200
vn 0.532921 0.846133 0.007300
vn -0.599517 0.799822 -0.029401
vn 0.221798 0.975093 -0.000100
vn -0.283696 0.958787 -0.015600
vn -0.547396 0.836695 -0.017300
vn -0.590396 0.806695 -0.026000
vn -0.301283 0.953446 0.012999
vn -0.276889 0.960261 0.035099
vn -0.409119 0.912442 0.008500
vn -0.611872 0.790763 -0.017499
vn -0.337121 0.940957 0.030802
vn -0.242693 0.969073 0.044699
vn 0.002900 0.998965 0.045398
vn -0.248595 0.967781 0.039999
vn -0.506083 0.862471 0.004900
vn 0.671913 0.739715 0.036801
vn 0.033902 0.998648 0.039402
vn 0.647288 0.761686 0.029199
vn 0.946949 0.321183 0.011399
vn 0.955587 0.294196 0.017400
vn 0.453208 0.891116 -0.022700
vn -0.285010 0.957332 -0.047802
vn 0.666816 0.745217 0.002900
vn 0.950370 0.310690 0.016399
vn 0.628200 0.777700 0.023400
vn 0.774465 0.632471 0.013599
vn 0.060799 0.997578 0.033799
vn 0.936028 0.351610 0.014900
vn 0.611176 0.791269 0.018899
vn -0.255398 0.966191 0.035300
vn -0.097604 0.994936 -0.024001
vn 0.081496 0.996255 0.028899
vn -0.375590 0.925275 -0.052899
vn -0.189499 0.980692 -0.048300
vn -0.380606 0.923915 -0.039001
vn -0.333092 0.942478 -0.027999
vn 0.086799 0.996193 -0.008100
vn 0.829308 0.558505 0.017900
vn 0.246697 0.969089 0.002800
vn -0.257101 0.966204 -0.018700
vn 0.916080 0.400791 0.012800
vn 0.856346 0.516067 0.018599
vn 0.378311 0.925626 0.009900
vn -0.165201 0.986205 -0.010400
vn 0.481393 0.876387 0.014400
vn 0.867181 0.497689 0.017400
vn 0.892676 0.450588 0.010000
vn 0.558585 0.829277 0.016800
vn 0.867434 0.497320 0.015201
vn 0.867026 0.498215 0.006900
vn 0.594995 0.803593 0.014800
vn 0.579026 0.815236 0.010900
vn 0.095800 0.995102 0.024400
vn -0.266603 0.963311 0.030900
vn 0.102799 0.994491 0.020500
vn -0.283617 0.958557 0.027002
vn 0.562117 0.827025 0.007400
vn 0.839717 0.543011 0.003800
vn 0.104800 0.994302 0.019500
vn 0.860272 0.509683 0.012500
vn 0.545501 0.838101 0.003900
vn 0.810940 0.585129 -0.000200
vn 0.614511 0.788714 0.017500
vn 0.847112 0.531307 0.010700
vn 0.653273 0.756869 0.019599
vn 0.678317 0.734718 0.008700
vn 0.830902 0.556402 -0.004300
vn 0.780373 0.625179 -0.013000
vn 0.528321 0.849034 -0.004300
vn 0.315792 0.948676 0.017000
vn 0.658990 0.752089 -0.009700
vn 0.306391 0.951771 0.016000
vn 0.628780 0.777576 -0.003400
vn 0.790790 0.611593 -0.024600
vn 0.812122 0.582616 -0.031901
vn 0.739521 0.635818 -0.221006
vn 0.771784 0.634986 -0.033799
vn 0.742830 0.629926 -0.226709
vn 0.551830 0.833645 -0.022801
vn 0.776000 0.629900 -0.032400
vn 0.536995 0.843493 -0.012500
vn 0.103802 0.994418 0.018900
vn -0.334686 0.941559 0.038098
vn -0.307787 0.951061 0.027399
vn -0.633023 0.773328 0.035301
vn -0.577391 0.816287 0.017200
vn -0.519106 0.854510 0.018500
vn -0.786328 0.616922 0.033101
vn -0.759217 0.650615 0.017000
vn -0.775887 0.630589 0.018900
vn -0.713329 0.700828 -0.001500
vn -0.747102 0.664702 -0.003000
vn -0.586881 0.809673 -0.000900
vn -0.725900 0.687600 -0.016600
vn -0.561601 0.827201 -0.018500
vn -0.153107 0.988044 -0.018101
vn 0.341302 0.939506 -0.029000
vn -0.132000 0.990898 -0.026400
vn -0.565287 0.824582 -0.022699
vn 0.618107 0.785409 -0.032800
vn 0.355613 0.934333 -0.023701
vn -0.161197 0.986779 -0.016800
vn 0.638502 0.769103 -0.028200
vn 0.609893 0.792391 -0.012100
vn 0.614003 0.789304 -0.000400
vn 0.315717 0.948851 -0.002000
vn 0.583700 0.811900 0.010600
vn 0.396504 0.918010 0.006500
vn 0.603719 0.797025 0.016601
vn 0.278997 0.960291 -0.001200
vn 0.561514 0.827421 0.008800
vn 0.016201 0.999838 0.007800
vn 0.404796 0.914292 0.014500
vn 0.039500 0.999212 0.003800
vn 0.593329 0.804840 0.013901
vn 0.412605 0.910811 0.013400
vn -0.310212 0.950636 -0.007800
vn 0.064899 0.997879 0.005100
vn -0.462206 0.886712 -0.010400
vn -0.295416 0.955352 -0.005600
vn 0.414599 0.909897 0.014000
vn -0.363704 0.931509 -0.003300
vn -0.472297 0.881395 -0.008900
vn 0.088198 0.996078 0.007100
vn -0.278111 0.960539 -0.004400
vn 0.580820 0.813928 0.013000
vn 0.409701 0.912102 0.014700
vn 0.544463 0.838743 0.008399
vn 0.565187 0.824881 0.011600
vn 0.248296 0.968684 -0.000200
vn -0.237896 0.971184 -0.014400
vn 0.543689 0.839183 0.013200
vn -0.197999 0.980094 -0.014600
vn -0.580396 0.813995 -0.023500
vn -0.572030 0.819943 -0.021801
vn -0.659777 0.751274 -0.016799
vn -0.697151 0.716750 -0.015799
vn -0.588027 0.808838 0.002300
vn -0.656406 0.754407 0.000500
vn -0.459977 0.887656 0.022099
vn -0.398990 0.916578 0.026299
vn 0.041701 0.999130 -0.000200
vn 0.073697 0.997254 -0.007300
vn -0.171400 0.985200 0.001500
vn 0.288805 0.957315 -0.011800
vn -0.290493 0.956776 0.013900
vn -0.206392 0.978464 0.003300
vn -0.220587 0.975143 0.020899
vn -0.311204 0.950313 0.007600
vn -0.003700 0.999884 0.014800
vn -0.214605 0.976625 0.012200
vn -0.204297 0.978886 -0.006700
vn -0.333006 0.942916 -0.004000
vn 0.025499 0.999550 0.015799
vn -0.244201 0.969704 0.006300
vn 0.239310 0.970842 0.014001
vn 0.210000 0.977700 0.001900
vn 0.288489 0.957463 -0.006300
vn 0.004300 0.999866 0.015799
vn 0.304107 0.952623 0.005400
vn 0.184193 0.982864 -0.007200
vn 0.179993 0.983664 -0.002900
vn -0.048102 0.998842 -0.000300
vn -0.072803 0.997336 -0.004600
vn 0.212004 0.977217 0.010100
vn -0.040100 0.999196 -0.000300
vn -0.292096 0.956388 -0.001400
vn -0.267290 0.963564 0.010000
vn 0.323201 0.946202 0.015600
vn 0.245002 0.969508 0.005300
vn 0.240492 0.970469 0.018799
vn 0.339681 0.940447 0.013299
vn -0.017499 0.999753 0.013699
vn -0.002100 0.999993 -0.003000
vn 0.240692 0.970468 0.016099
vn 0.273998 0.961692 0.008600
vn -0.284509 0.958631 -0.009000
vn 0.034500 0.999404 0.001200
vn -0.271808 0.962327 -0.006900
vn -0.348413 0.937335 0.003500
vn -0.369383 0.929257 -0.006100
vn -0.336597 0.941492 0.017200
vn -0.189893 0.981762 0.009200
vn -0.201609 0.979342 0.015601
vn 0.079303 0.996838 0.005000
vn 0.105505 0.994348 0.011901
vn -0.225508 0.974236 0.003300
vn -0.391692 0.920081 -0.005300
vn 0.330197 0.943891 -0.006400
vn 0.349498 0.936895 0.008900
vn 0.400921 0.916048 -0.010901
vn 0.402012 0.915628 0.003400
vn 0.232499 0.972597 0.000500
vn -0.108104 0.994140 -0.000100
vn -0.063299 0.997988 0.003500
vn 0.263613 0.964549 0.012401
vn 0.410709 0.911621 0.016300
vn -0.405488 0.914072 -0.007200
vn -0.565511 0.824615 -0.014400
vn 0.337796 0.941088 0.015700
vn 0.074297 0.997165 0.011900
vn 0.416110 0.909221 0.013000
vn -0.266600 0.963802 0.003300
vn 0.325097 0.945590 0.013100
vn 0.042402 0.999042 0.010800
vn -0.412394 0.910988 -0.005700
vn 0.293014 0.956046 0.010901
vn 0.418517 0.908137 0.011400
vn 0.314889 0.949066 0.010900
vn -0.013200 0.999903 0.004400
vn 0.033800 0.999410 0.006100
vn -0.365206 0.930915 -0.004600
vn -0.323808 0.946123 -0.000400
vn -0.552222 0.833633 -0.010300
vn -0.538614 0.842522 -0.007100
vn -0.277995 0.960582 -0.000600
vn 0.076801 0.997014 0.008000
vn -0.524299 0.851499 -0.007800
vn -0.475683 0.879568 -0.009300
vn -0.464419 0.885537 -0.011800
vn -0.223997 0.974588 0.001800
vn -0.100101 0.994909 -0.011700
vn -0.116495 0.993158 -0.008100
vn 0.330196 0.943888 -0.006800
vn 0.598062 0.801450 0.000300
vn 0.314512 0.949235 -0.005900
vn -0.133701 0.991010 -0.004800
vn 0.567487 0.823381 -0.001200
vn 0.647213 0.762215 0.012000
vn 0.611882 0.790877 0.010700
vn 0.538813 0.842420 -0.003000
vn 0.570701 0.821101 0.009700
vn 0.306998 0.951693 -0.005800
vn 0.519510 0.854416 0.009100
vn -0.494210 0.869318 -0.006500
vn -0.152906 0.988238 -0.002300
vn 0.510526 0.859844 -0.005500
vn 0.309492 0.950875 -0.007200
vn -0.508395 0.861092 -0.007400
vn -0.520403 0.853904 -0.005300
vn -0.174395 0.984674 -0.001600
vn -0.483897 0.875095 -0.007200
vn -0.161607 0.986841 0.005300
vn 0.113696 0.993461 0.010400
vn -0.090800 0.995796 0.012100
vn 0.327795 0.944686 0.010900
vn 0.140204 0.990027 0.013800
vn 0.329587 0.944063 0.010800
vn 0.418120 0.908343 0.009400
vn 0.315785 0.948756 0.011899
vn 0.310896 0.950389 0.010200
vn 0.012000 0.999870 0.010800
vn -0.309799 0.950797 0.003100
vn 0.414509 0.910019 0.006900
vn 0.317499 0.948197 0.010800
vn 0.312015 0.950045 0.007900
vn 0.150097 0.988479 0.019500
vn 0.406312 0.913726 0.003900
vn 0.288990 0.957268 0.011100
vn 0.140398 0.989883 0.020500
vn -0.017700 0.999788 0.010500
vn 0.320391 0.947274 0.004600
vn -0.356705 0.934214 0.002200
vn -0.047801 0.998812 0.009500
vn -0.408318 0.912840 0.000400
vn -0.429719 0.902939 -0.006500
vn -0.440188 0.897875 -0.007500
vn -0.463815 0.885928 -0.002700
vn -0.437292 0.899283 -0.008100
vn -0.079799 0.996785 0.007200
vn -0.412185 0.911066 -0.007900
vn -0.187994 0.982168 -0.002200
vn -0.136394 0.990653 0.001800
vn -0.072702 0.997328 0.007200
vn -0.519398 0.854497 -0.007700
vn -0.003100 0.999913 0.012800
vn -0.353207 0.935518 -0.007200
vn -0.115698 0.993282 0.002300
vn -0.566398 0.823997 -0.014900
vn 0.335811 0.941930 -0.000300
vn -0.158506 0.987335 -0.006700
vn 0.390997 0.920392 0.000800
vn 0.352790 0.935674 -0.007300
vn 0.362700 0.931901 -0.002900
vn 0.243603 0.969814 0.010900
vn 0.317388 0.948263 -0.007900
vn 0.186196 0.982477 0.008400
vn 0.113502 0.993314 0.021100
vn -0.019800 0.999688 0.015200
vn 0.059402 0.998127 0.014600
vn -0.442318 0.896837 -0.006200
vn 0.040199 0.998983 0.020400
vn -0.372421 0.928053 -0.004600
vn -0.553768 0.832652 -0.005700
vn -0.586688 0.809683 -0.014500
vn -0.203005 0.979123 -0.010400
vn -0.613807 0.789310 -0.015200
vn -0.265992 0.963971 -0.002800
vn 0.079296 0.996555 0.024299
vn 0.322802 0.946405 -0.010800
vn -0.235193 0.971870 -0.012400
vn -0.626879 0.778774 -0.023099
vn -0.121803 0.992425 0.016000
vn 0.344512 0.938633 -0.016701
vn 0.479304 0.877608 -0.008500
vn 0.438925 0.898450 -0.011501
vn 0.454024 0.890947 0.008700
vn 0.373290 0.927675 0.008600
vn 0.380605 0.924611 -0.015300
vn 0.279597 0.960089 0.007400
vn 0.361393 0.932081 -0.024899
vn 0.218794 0.975375 0.027799
vn -0.267905 0.963118 -0.025100
vn -0.605508 0.795610 -0.019100
vn -0.424811 0.898024 0.114403
vn 0.104203 0.984031 0.144305
vn 0.103098 0.954479 0.279894
vn -0.043500 0.990094 0.133499
vn -0.309290 0.912572 0.267492
vn -0.056602 0.997631 0.039101
vn -0.211997 0.968586 0.129998
vn -0.291410 0.948631 0.123204
vn 0.122102 0.992514 -0.002600
vn 0.066198 0.996972 0.040799
vn 0.257802 0.966007 -0.019200
vn 0.361595 0.932186 -0.016700
vn 0.126798 0.985182 0.115498
vn 0.198595 0.978876 0.048599
vn 0.346314 0.937639 -0.030001
vn -0.212201 0.977005 -0.020800
vn -0.595272 0.803163 -0.024099
vn -0.285606 0.957520 -0.039801
vn -0.252191 0.967664 -0.005200
vn -0.585236 0.810650 -0.018601
vn -0.102697 0.994573 0.016700
vn 0.060200 0.998006 0.019000
vn 0.103996 0.994266 0.024899
vn 0.131003 0.980422 0.147003
vn -0.029300 0.990303 0.135800
vn -0.402584 0.907863 0.117095
vn 0.122096 0.951468 0.282491
vn -0.360900 0.929001 0.081900
vn -0.058802 0.997531 0.038401
vn -0.161600 0.958198 0.236099
vn 0.283208 0.958228 0.039901
vn 0.173500 0.976401 0.128600
vn 0.228302 0.966607 0.116401
vn -0.053798 0.989962 0.130695
vn 0.181695 0.976572 0.115297
vn -0.173808 0.038002 0.984046
vn 0.166900 0.977499 0.129000
vn -0.221396 0.128497 0.966681
vn 0.206107 0.971533 0.116804
vn -0.242312 0.120006 0.962748
vn 0.097999 0.986593 0.130499
vn 0.011300 0.014001 0.999838
vn 0.451904 -0.056000 0.890307
vn 0.016299 0.966463 0.256290
vn 0.127198 -0.182798 0.974887
vn 0.099803 0.952625 0.287307
vn -0.433189 0.858679 0.273893
vn 0.248997 -0.325997 0.911990
vn -0.303806 0.914817 0.266105
vn -0.168804 0.445310 0.879320
vn -0.213603 0.968512 0.127902
vn -0.291205 0.949016 0.120702
vn 0.178400 0.977001 0.116800
vn -0.174003 0.029100 0.984315
vn 0.119702 0.985915 0.116802
vn 0.054100 0.997702 0.040800
vn 0.153702 0.979314 0.131602
vn -0.222507 0.119904 0.967530
vn 0.158904 0.978524 0.131303
vn 0.181596 0.982076 0.050499
vn 0.185795 0.975172 0.120497
vn -0.248197 0.110498 0.962387
vn 0.206291 0.971056 0.120395
vn 0.257900 0.965201 0.043300
vn 0.097699 0.985686 0.137398
vn 0.015999 0.015399 0.999753
vn 0.448710 -0.077402 0.890319
vn -0.060800 0.988800 0.136300
vn 0.031199 0.964075 0.263793
vn 0.121097 -0.195096 0.973280
vn -0.375788 0.923071 0.081997
vn -0.149299 0.958696 0.242099
vn 0.105597 0.950574 0.291992
vn -0.436891 0.858383 0.268895
vn 0.244596 -0.318895 0.915685
vn -0.291596 0.949688 0.114299
vn -0.303390 0.916370 0.261191
vn 0.134998 0.948584 0.286295
vn -0.387299 0.914098 0.120100
vn -0.016500 0.990225 0.138503
vn 0.157604 0.975624 0.152704
vn -0.305301 0.951502 -0.037900
vn -0.583407 0.812010 -0.016600
vn -0.077397 0.996755 0.022099
vn 0.316591 0.948172 -0.027199
vn -0.231505 0.972622 -0.020300
vn -0.597711 0.801315 -0.025200
vn 0.234795 0.971878 -0.018000
vn 0.329098 0.944195 -0.013800
vn -0.177192 0.984157 -0.006100
vn 0.110903 0.993828 -0.002600
vn 0.287792 0.957672 -0.006300
vn 0.064699 0.997789 0.015200
vn 0.173095 0.984870 0.008300
vn 0.121905 0.992338 0.020101
vn 0.319194 0.947681 -0.004000
vn 0.328800 0.944399 -0.000600
vn 0.226700 0.973900 0.011200
vn 0.146405 0.989036 0.019301
vn 0.151000 0.988403 0.016100
vn 0.268806 0.963122 0.011800
vn 0.353389 0.935470 0.003500
vn 0.298199 0.954497 0.003500
vn 0.136902 0.990517 0.011600
vn 0.294193 0.955677 0.011500
vn 0.364198 0.931295 0.007000
vn 0.276190 0.961064 0.008700
vn 0.365901 0.930603 0.009700
vn 0.259306 0.965722 0.011900
vn 0.301502 0.953406 0.010700
vn 0.248602 0.968506 0.013900
vn 0.108596 0.994059 0.007300
vn 0.361500 0.932300 0.011600
vn 0.293412 0.955938 0.009600
vn -0.226288 0.974050 -0.004600
vn 0.072902 0.997332 0.003800
vn -0.253292 0.967371 -0.006000
vn 0.352596 0.935690 0.012700
vn 0.243001 0.969904 0.015400
vn -0.038599 0.999162 0.013599
vn -0.059403 0.998152 0.012801
vn -0.318594 0.947883 0.003800
vn -0.361697 0.932293 0.002300
vn -0.081202 0.996629 0.011700
vn -0.410810 0.911721 -0.000200
vn -0.106299 0.994294 0.009000
vn -0.465792 0.884885 -0.004100
vn -0.413403 0.910506 -0.008800
vn -0.415312 0.909626 -0.009800
vn -0.137205 0.990537 0.003400
vn -0.522186 0.852778 -0.009600
vn -0.570330 0.821244 -0.016801
vn -0.394686 0.918767 -0.009500
vn -0.337708 0.941221 -0.007500
vn -0.233205 0.972423 -0.003100
vn 0.135000 0.990400 0.029700
vn 0.097696 0.994962 0.022499
vn 0.036501 0.999224 0.014800
vn -0.031000 0.999487 0.008100
vn 0.151601 0.988204 0.021700
vn -0.089895 0.995949 0.002200
vn 0.185504 0.982421 0.020900
vn 0.196008 0.980441 0.017801
vn -0.134796 0.990872 -0.001700
vn 0.079499 0.996690 0.017000
vn 0.243697 0.969787 0.011200
vn 0.187802 0.982111 0.013700
vn 0.293613 0.955841 0.012601
vn 0.326801 0.945002 0.013100
vn 0.168300 0.985701 0.008300
vn -0.399297 0.916793 -0.007200
vn -0.165808 0.986150 -0.003900
vn -0.379285 0.925263 -0.005700
vn -0.279997 0.959989 0.004700
vn -0.356703 0.934207 -0.004600
vn -0.185699 0.982594 -0.005100
vn -0.197594 0.980268 -0.005600
vn 0.143505 0.989636 0.005200
vn 0.116202 0.993221 0.002900
vn 0.089003 0.996031 0.001200
vn 0.062098 0.998070 -0.000300
vn 0.316607 0.948521 0.008300
vn 0.332605 0.943013 0.010000
vn 0.342486 0.939461 0.010800
vn 0.372190 0.928076 0.012200
vn 0.296196 0.955086 0.008900
vn 0.275804 0.961214 -0.000600
vn 0.377509 0.925923 0.012400
vn 0.364497 0.931093 0.014400
vn 0.348387 0.937266 -0.012600
vn 0.356912 0.934132 0.003200
vn 0.227094 0.973772 0.014000
vn 0.234691 0.972064 0.003500
vn -0.054899 0.998490 0.002000
vn -0.071800 0.997393 0.007200
vn -0.386907 0.922116 -0.002400
vn -0.089397 0.995970 0.007200
vn -0.482400 0.875901 -0.009400
vn -0.411910 0.911221 -0.002600
vn 0.223008 0.974736 0.012500
vn -0.104005 0.994548 0.007600
vn 0.223200 0.974699 0.012000
vn 0.378888 0.925371 0.011500
vn -0.117198 0.993080 0.007500
vn 0.342187 0.939563 0.011400
vn 0.375990 0.926575 0.009500
vn 0.227999 0.973596 0.011300
vn 0.367206 0.930116 0.006700
vn 0.238499 0.971094 0.009700
vn -0.130503 0.991425 0.006700
vn 0.350103 0.936707 0.003000
vn 0.254185 0.967144 0.004700
vn -0.144794 0.989459 0.002200
vn 0.274708 0.961527 0.001600
vn 0.321413 0.946938 -0.001600
vn 0.181898 0.983288 0.007600
vn 0.278712 0.960343 -0.007800
vn 0.111495 0.993758 -0.003800
vn -0.058901 0.997611 0.036100
vn 0.297200 0.954801 -0.005200
vn -0.164707 0.986342 -0.001100
vn -0.214595 0.969079 0.121797
vn 0.047698 0.998158 0.037498
vn 0.116201 0.986708 0.113601
vn 0.175108 0.983344 0.048702
vn 0.226598 0.973793 -0.019500
vn 0.302002 0.952908 -0.027600
vn 0.310700 0.950399 -0.014400
vn -0.248397 0.968388 -0.022900
vn -0.197491 0.980258 -0.009600
vn -0.562712 0.826517 -0.015000
vn -0.464296 0.885592 -0.012500
vn -0.516895 0.855992 -0.009900
vn -0.099499 0.994985 0.010200
vn -0.490011 0.871619 -0.013000
vn -0.475497 0.879695 -0.006200
vn 0.168998 0.985287 0.025500
vn -0.168402 0.985712 0.003700
vn -0.495587 0.868477 -0.011900
vn -0.440799 0.897598 -0.003800
vn -0.491193 0.870988 -0.010500
vn -0.219100 0.975702 -0.000500
vn -0.254187 0.967151 -0.002900
vn 0.154393 0.987853 0.017599
vn 0.134196 0.990868 0.013100
vn 0.373111 0.927627 0.017201
vn 0.397303 0.917507 0.018200
vn 0.111403 0.993728 0.009700
vn -0.424581 0.905359 0.007500
vn -0.724018 0.689618 0.015000
vn -0.444205 0.895911 0.005100
vn -0.719993 0.693293 0.030900
vn -0.738585 0.674086 0.010000
vn -0.742899 0.669399 0.002500
vn -0.754269 0.656473 0.011000
vn -0.761892 0.647693 0.003800
vn -0.768283 0.639986 0.012600
vn -0.780999 0.624399 0.012900
vn -0.782603 0.622502 0.004900
vn -0.455706 0.890112 0.005700
vn -0.790911 0.611808 0.012300
vn -0.802214 0.597011 0.005500
vn -0.460114 0.887827 0.007700
vn 0.089699 0.995884 0.013000
vn 0.090796 0.995755 0.015099
vn 0.099101 0.994913 0.018100
vn -0.456727 0.889553 0.009801
vn 0.498211 0.866818 0.020300
vn 0.111199 0.993589 0.020400
vn 0.480793 0.876587 0.020800
vn -0.820098 0.572199 0.005300
vn -0.445587 0.895174 0.010800
vn 0.127300 0.991598 0.023000
vn 0.458586 0.888373 0.022199
vn -0.798286 0.602190 0.010300
vn -0.838497 0.544898 0.002900
vn -0.804004 0.594603 0.004900
vn -0.418287 0.908171 0.016199
vn -0.855080 0.518488 0.002700
vn -0.805860 0.592071 -0.006500
vn 0.145800 0.988803 0.031800
vn -0.864912 0.501907 -0.004200
vn -0.859349 0.511129 -0.016301
vn -0.212591 0.976659 0.030699
vn -0.307295 0.951286 0.025000
vn -0.373207 0.927517 0.020700
vn 0.173908 0.983844 0.042502
vn 0.162902 0.986011 0.035300
vn 0.304491 0.951971 0.032199
vn 0.374993 0.926583 0.028699
vn 0.425302 0.904704 0.025100
vn 0.643322 -0.759426 -0.097003
vn 1.000000 0.000000 0.000000
vn 0.643322 -0.759426 -0.097003
vn 0.435595 -0.804291 0.404195
vn 0.551880 -0.758672 0.346187
vn 0.435595 -0.804291 0.404195
vn 0.179998 0.983191 -0.030600
vn 1.000000 0.000000 0.000000
vn 0.179998 0.983191 -0.030600
vn 0.252509 0.955833 0.150405
vn 0.309592 0.941775 0.131197
vn 0.252509 0.955833 0.150405
vn -0.282409 -0.959030 -0.022501
vn 1.000000 0.000000 0.000000
vn -0.282409 -0.959030 -0.022501
vn -0.487185 -0.810575 -0.324990
vn -0.428108 -0.854015 -0.295605
vn -0.487185 -0.810575 -0.324990
f 1/1/1 2/2/2 3/3/3
f 1/1/1 3/3/3 4/4/4
f 5/5/5 1/1/1 4/4/4
f 3/3/3 6/6/6 7/7/7
f 5/5/5 4/4/4 8/8/8
f 8/8/8 9/9/9 5/5/5
f 4/4/4 3/3/3 10/10/10
f 3/3/3 7/7/7 10/10/10
f 8/8/8 4/4/4 11/11/11
f 4/4/4 10/10/10 11/11/11
f 7/7/7 12/12/12 10/10/10
f 11/11/11 10/10/10 12/12/12
f 7/7/7 13/13/13 12/12/12
f 8/8/8 14/14/14 9/9/9
f 14/14/14 15/15/15 9/9/9
f 8/8/8 11/11/11 16/16/16
f 16/16/16 14/14/14 8/8/8
f 16/16/16 11/11/11 17/17/17
f 11/11/11 12/12/12 17/17/17
f 16/16/16 18/18/18 14/14/14
f 14/14/14 19/19/19 15/15/15
f 18/18/18 19/19/19 14/14/14
f 19/19/19 20/20/20 15/15/15
f 21/21/21 18/18/18 16/16/16
f 16/16/16 17/17/17 21/21/21
f 22/22/22 17/17/17 12/12/12
f 21/21/21 17/17/17 22/22/22
f 13/13/13 23/23/23 12/12/12
f 22/22/22 12/12/12 23/23/23
f 13/13/13 24/24/24 23/23/23
f 19/19/19 25/25/25 20/20/20
f 25/25/25 26/26/26 20/20/20
f 27/27/27 25/25/25 19/19/19
f 18/18/18 27/27/27 19/19/19
f 25/25/25 28/28/28 26/26/26
f 28/28/28 29/29/29 26/26/26
f 27/27/27 30/30/30 25/25/25
f 30/30/30 28/28/28 25/25/25
f 31/31/31 27/27/27 18/18/18
f 21/21/21 31/31/31 18/18/18
f 30/30/30 27/27/27 32/32/32
f 31/31/31 32/32/32 27/27/27
f 33/33/33 31/31/31 21/21/21
f 21/21/21 22/22/22 33/33/33
f 34/34/34 32/32/32 31/31/31
f 33/33/33 34/34/34 31/31/31
f 30/30/30 32/32/32 35/35/35
f 30/30/30 36/36/36 28/28/28
f 36/36/36 30/30/30 35/35/35
f 28/28/28 37/37/37 29/29/29
f 36/36/36 37/37/37 28/28/28
f 37/37/37 38/38/38 29/29/29
f 35/35/35 32/32/32 39/39/39
f 34/34/34 39/39/39 32/32/32
f 37/37/37 40/40/40 38/38/38
f 40/40/40 41/41/41 38/38/38
f 36/36/36 42/42/42 37/37/37
f 42/42/42 40/40/40 37/37/37
f 36/36/36 35/35/35 43/43/43
f 42/42/42 36/36/36 43/43/43
f 35/35/35 39/39/39 44/44/44
f 43/43/43 35/35/35 44/44/44
f 40/40/40 45/45/45 41/41/41
f 45/45/45 46/46/46 41/41/41
f 42/42/42 47/47/47 40/40/40
f 47/47/47 45/45/45 40/40/40
f 42/42/42 43/43/43 48/48/48
f 47/47/47 42/42/42 48/48/48
f 43/43/43 44/44/44 49/49/49
f 48/48/48 43/43/43 49/49/49
f 45/45/45 50/50/50 46/46/46
f 50/50/50 51/51/51 46/46/46
f 47/47/47 52/52/52 45/45/45
f 52/52/52 50/50/50 45/45/45
f 47/47/47 48/48/48 53/53/53
f 52/52/52 47/47/47 53/53/53
f 48/48/48 49/49/49 54/54/54
f 53/53/53 48/48/48 54/54/54
f 55/55/55 54/54/54 49/49/49
f 53/53/53 54/54/54 56/56/56
f 55/55/55 56/56/56 54/54/54
f 52/52/52 53/53/53 57/57/57
f 57/57/57 53/53/53 56/56/56
f 52/52/52 58/58/58 50/50/50
f 58/58/58 52/52/52 57/57/57
f 58/58/58 59/59/59 50/50/50
f 50/50/50 59/59/59 51/51/51
f 58/58/58 57/57/57 60/60/60
f 57/57/57 56/56/56 61/61/61
f 60/60/60 57/57/57 61/61/61
f 62/62/62 58/58/58 60/60/60
f 58/58/58 62/62/62 59/59/59
f 63/63/63 51/51/51 59/59/59
f 62/62/62 63/63/63 59/59/59
f 63/63/63 64/64/64 51/51/51
f 65/65/65 64/64/64 63/63/63
f 65/65/65 66/66/66 64/64/64
f 62/62/62 67/67/67 63/63/63
f 67/67/67 65/65/65 63/63/63
f 68/68/68 66/66/66 65/65/65
f 68/68/68 69/69/69 66/66/66
f 68/68/68 70/70/70 69/69/69
f 71/71/71 68/68/68 65/65/65
f 67/67/67 71/71/71 65/65/65
f 68/68/68 72/72/72 70/70/70
f 67/67/67 62/62/62 73/73/73
f 62/62/62 60/60/60 73/73/73
f 71/71/71 67/67/67 74/74/74
f 67/67/67 73/73/73 74/74/74
f 71/71/71 75/75/75 68/68/68
f 75/75/75 72/72/72 68/68/68
f 71/71/71 74/74/74 76/76/76
f 75/75/75 71/71/71 76/76/76
f 73/73/73 60/60/60 77/77/77
f 60/60/60 61/61/61 77/77/77
f 74/74/74 73/73/73 78/78/78
f 73/73/73 77/77/77 78/78/78
f 74/74/74 78/78/78 79/79/79
f 76/76/76 74/74/74 79/79/79
f 80/80/80 78/78/78 77/77/77
f 75/75/75 76/76/76 81/81/81
f 80/80/80 82/82/82 78/78/78
f 82/82/82 79/79/79 78/78/78
f 83/83/83 80/80/80 77/77/77
f 83/83/83 77/77/77 61/61/61
f 84/84/84 82/82/82 80/80/80
f 84/84/84 80/80/80 83/83/83
f 76/76/76 79/79/79 85/85/85
f 81/81/81 76/76/76 85/85/85
f 82/82/82 86/86/86 79/79/79
f 86/86/86 85/85/85 79/79/79
f 87/87/87 86/86/86 82/82/82
f 84/84/84 87/87/87 82/82/82
f 86/86/86 88/88/88 85/85/85
f 87/87/87 89/89/89 86/86/86
f 89/89/89 88/88/88 86/86/86
f 88/88/88 90/90/90 85/85/85
f 81/81/81 85/85/85 90/90/90
f 89/89/89 91/91/91 88/88/88
f 88/88/88 92/92/92 90/90/90
f 91/91/91 92/92/92 88/88/88
f 89/89/89 93/93/93 91/91/91
f 92/92/92 94/94/94 90/90/90
f 81/81/81 90/90/90 94/94/94
f 91/91/91 95/95/95 92/92/92
f 95/95/95 91/91/91 93/93/93
f 92/92/92 96/96/96 94/94/94
f 95/95/95 96/96/96 92/92/92
f 81/81/81 94/94/94 97/97/97
f 98/98/98 81/81/81 97/97/97
f 98/98/98 75/75/75 81/81/81
f 75/75/75 98/98/98 72/72/72
f 97/97/97 94/94/94 99/99/99
f 96/96/96 99/99/99 94/94/94
f 98/98/98 97/97/97 100/100/100
f 97/97/97 99/99/99 100/100/100
f 98/98/98 101/101/101 72/72/72
f 101/101/101 70/70/70 72/72/72
f 101/101/101 102/102/102 70/70/70
f 98/98/98 103/103/103 101/101/101
f 98/98/98 100/100/100 103/103/103
f 104/104/104 102/102/102 101/101/101
f 103/103/103 104/104/104 101/101/101
f 104/104/104 105/105/105 102/102/102
f 103/103/103 106/106/106 104/104/104
f 106/106/106 107/107/107 104/104/104
f 106/106/106 108/108/108 107/107/107
f 106/106/106 109/109/109 108/108/108
f 103/103/103 110/110/110 106/106/106
f 106/106/106 110/110/110 109/109/109
f 103/103/103 100/100/100 110/110/110
f 110/110/110 111/111/111 109/109/109
f 100/100/100 112/112/112 110/110/110
f 110/110/110 112/112/112 111/111/111
f 100/100/100 99/99/99 112/112/112
f 113/113/113 111/111/111 112/112/112
f 113/113/113 114/114/114 111/111/111
f 115/115/115 112/112/112 99/99/99
f 115/115/115 113/113/113 112/112/112
f 96/96/96 115/115/115 99/99/99
f 116/116/116 114/114/114 113/113/113
f 116/116/116 117/117/117 114/114/114
f 118/118/118 113/113/113 115/115/115
f 118/118/118 116/116/116 113/113/113
f 119/119/119 115/115/115 96/96/96
f 119/119/119 118/118/118 115/115/115
f 95/95/95 119/119/119 96/96/96
f 119/119/119 95/95/95 120/120/120
f 118/118/118 119/119/119 121/121/121
f 119/119/119 120/120/120 121/121/121
f 95/95/95 93/93/93 120/120/120
f 116/116/116 118/118/118 122/122/122
f 118/118/118 121/121/121 122/122/122
f 117/117/117 116/116/116 123/123/123
f 116/116/116 122/122/122 123/123/123
f 117/117/117 123/123/123 124/124/124
f 123/123/123 122/122/122 125/125/125
f 121/121/121 125/125/125 122/122/122
f 124/124/124 123/123/123 126/126/126
f 123/123/123 125/125/125 126/126/126
f 124/124/124 126/126/126 127/127/127
f 128/128/128 127/127/127 126/126/126
f 128/128/128 126/126/126 129/129/129
f 129/129/129 126/126/126 125/125/125
f 130/130/130 128/128/128 129/129/129
f 121/121/121 131/131/131 125/125/125
f 121/121/121 132/132/132 131/131/131
f 121/121/121 120/120/120 132/132/132
f 133/133/133 125/125/125 131/131/131
f 129/129/129 125/125/125 133/133/133
f 93/93/93 132/132/132 120/120/120
f 130/130/130 129/129/129 134/134/134
f 134/134/134 129/129/129 133/133/133
f 130/130/130 134/134/134 135/135/135
f 130/130/130 135/135/135 136/136/136
f 137/137/137 131/131/131 132/132/132
f 133/133/133 131/131/131 137/137/137
f 93/93/93 138/138/138 132/132/132
f 134/134/134 133/133/133 139/139/139
f 139/139/139 133/133/133 137/137/137
f 134/134/134 139/139/139 140/140/140
f 134/134/134 140/140/140 135/135/135
f 139/139/139 137/137/137 141/141/141
f 137/137/137 132/132/132 142/142/142
f 141/141/141 137/137/137 142/142/142
f 142/142/142 132/132/132 138/138/138
f 139/139/139 141/141/141 143/143/143
f 139/139/139 143/143/143 140/140/140
f 141/141/141 142/142/142 144/144/144
f 144/144/144 143/143/143 141/141/141
f 144/144/144 142/142/142 145/145/145
f 142/142/142 138/138/138 145/145/145
f 144/144/144 146/146/146 143/143/143
f 144/144/144 145/145/145 147/147/147
f 147/147/147 146/146/146 144/144/144
f 148/148/148 145/145/145 138/138/138
f 147/147/147 145/145/145 148/148/148
f 143/143/143 146/146/146 149/149/149
f 147/147/147 150/150/150 146/146/146
f 140/140/140 143/143/143 151/151/151
f 143/143/143 149/149/149 151/151/151
f 140/140/140 151/151/151 152/152/152
f 135/135/135 140/140/140 152/152/152
f 146/146/146 153/153/153 149/149/149
f 146/146/146 150/150/150 153/153/153
f 154/154/154 150/150/150 147/147/147
f 147/147/147 148/148/148 154/154/154
f 135/135/135 152/152/152 155/155/155
f 136/136/136 135/135/135 155/155/155
f 136/136/136 155/155/155 156/156/156
f 157/157/157 156/156/156 155/155/155
f 157/157/157 158/158/158 156/156/156
f 159/159/159 155/155/155 152/152/152
f 159/159/159 157/157/157 155/155/155
f 160/160/160 159/159/159 152/152/152
f 160/160/160 152/152/152 151/151/151
f 161/161/161 157/157/157 159/159/159
f 162/162/162 158/158/158 157/157/157
f 161/161/161 162/162/162 157/157/157
f 162/162/162 163/163/163 158/158/158
f 164/164/164 161/161/161 159/159/159
f 164/164/164 159/159/159 160/160/160
f 162/162/162 161/161/161 165/165/165
f 163/163/163 162/162/162 166/166/166
f 162/162/162 165/165/165 166/166/166
f 163/163/163 166/166/166 167/167/167
f 161/161/161 168/168/168 165/165/165
f 161/161/161 164/164/164 168/168/168
f 167/167/167 166/166/166 169/169/169
f 167/167/167 169/169/169 170/170/170
f 171/171/171 170/170/170 169/169/169
f 166/166/166 172/172/172 169/169/169
f 166/166/166 165/165/165 172/172/172
f 171/171/171 169/169/169 173/173/173
f 173/173/173 169/169/169 172/172/172
f 174/174/174 171/171/171 173/173/173
f 165/165/165 175/175/175 172/172/172
f 165/165/165 168/168/168 175/175/175
f 173/173/173 172/172/172 176/176/176
f 176/176/176 172/172/172 175/175/175
f 174/174/174 173/173/173 177/177/177
f 177/177/177 173/173/173 176/176/176
f 174/174/174 177/177/177 178/178/178
f 174/174/174 178/178/178 179/179/179
f 177/177/177 176/176/176 180/180/180
f 176/176/176 175/175/175 181/181/181
f 180/180/180 176/176/176 181/181/181
f 177/177/177 180/180/180 182/182/182
f 177/177/177 182/182/182 178/178/178
f 180/180/180 183/183/183 182/182/182
f 180/180/180 181/181/181 184/184/184
f 180/180/180 184/184/184 183/183/183
f 181/181/181 175/175/175 185/185/185
f 168/168/168 185/185/185 175/175/175
f 184/184/184 181/181/181 186/186/186
f 181/181/181 185/185/185 186/186/186
f 168/168/168 187/187/187 185/185/185
f 164/164/164 187/187/187 168/168/168
f 186/186/186 185/185/185 188/188/188
f 187/187/187 188/188/188 185/185/185
f 184/184/184 186/186/186 189/189/189
f 189/189/189 183/183/183 184/184/184
f 189/189/189 186/186/186 190/190/190
f 186/186/186 188/188/188 190/190/190
f 189/189/189 191/191/191 183/183/183
f 164/164/164 192/192/192 187/187/187
f 192/192/192 164/164/164 160/160/160
f 187/187/187 193/193/193 188/188/188
f 192/192/192 193/193/193 187/187/187
f 194/194/194 191/191/191 189/189/189
f 189/189/189 190/190/190 194/194/194
f 183/183/183 191/191/191 195/195/195
f 196/196/196 190/190/190 188/188/188
f 194/194/194 190/190/190 196/196/196
f 193/193/193 197/197/197 188/188/188
f 196/196/196 188/188/188 197/197/197
f 194/194/194 198/198/198 191/191/191
f 198/198/198 195/195/195 191/191/191
f 194/194/194 196/196/196 199/199/199
f 199/199/199 198/198/198 194/194/194
f 200/200/200 196/196/196 197/197/197
f 199/199/199 196/196/196 200/200/200
f 193/193/193 201/201/201 197/197/197
f 199/199/199 202/202/202 198/198/198
f 199/199/199 200/200/200 203/203/203
f 203/203/203 202/202/202 199/199/199
f 200/200/200 197/197/197 204/204/204
f 201/201/201 204/204/204 197/197/197
f 203/203/203 200/200/200 205/205/205
f 205/205/205 200/200/200 204/204/204
f 206/206/206 201/201/201 193/193/193
f 192/192/192 206/206/206 193/193/193
f 201/201/201 207/207/207 204/204/204
f 206/206/206 192/192/192 208/208/208
f 192/192/192 160/160/160 208/208/208
f 208/208/208 160/160/160 151/151/151
f 208/208/208 151/151/151 149/149/149
f 209/209/209 208/208/208 149/149/149
f 206/206/206 208/208/208 209/209/209
f 209/209/209 149/149/149 153/153/153
f 206/206/206 210/210/210 201/201/201
f 210/210/210 206/206/206 209/209/209
f 210/210/210 207/207/207 201/201/201
f 211/211/211 209/209/209 153/153/153
f 210/210/210 209/209/209 211/211/211
f 211/211/211 153/153/153 212/212/212
f 150/150/150 212/212/212 153/153/153
f 213/213/213 210/210/210 211/211/211
f 210/210/210 213/213/213 207/207/207
f 214/214/214 211/211/211 212/212/212
f 213/213/213 211/211/211 214/214/214
f 150/150/150 215/215/215 212/212/212
f 154/154/154 215/215/215 150/150/150
f 214/214/214 212/212/212 216/216/216
f 215/215/215 216/216/216 212/212/212
f 217/217/217 215/215/215 154/154/154
f 148/148/148 217/217/217 154/154/154
f 215/215/215 218/218/218 216/216/216
f 217/217/217 218/218/218 215/215/215
f 219/219/219 214/214/214 216/216/216
f 220/220/220 213/213/213 214/214/214
f 220/220/220 214/214/214 219/219/219
f 213/213/213 220/220/220 221/221/221
f 213/213/213 221/221/221 207/207/207
f 218/218/218 222/222/222 216/216/216
f 219/219/219 216/216/216 222/222/222
f 207/207/207 221/221/221 223/223/223
f 207/207/207 223/223/223 204/204/204
f 205/205/205 204/204/204 223/223/223
f 221/221/221 224/224/224 223/223/223
f 225/225/225 205/205/205 223/223/223
f 225/225/225 223/223/223 224/224/224
f 226/226/226 205/205/205 225/225/225
f 203/203/203 205/205/205 226/226/226
f 227/227/227 225/225/225 224/224/224
f 226/226/226 228/228/228 203/203/203
f 203/203/203 228/228/228 202/202/202
f 226/226/226 225/225/225 229/229/229
f 229/229/229 225/225/225 227/227/227
f 226/226/226 230/230/230 228/228/228
f 229/229/229 230/230/230 226/226/226
f 228/228/228 231/231/231 202/202/202
f 230/230/230 232/232/232 228/228/228
f 228/228/228 232/232/232 231/231/231
f 202/202/202 231/231/231 233/233/233
f 202/202/202 233/233/233 198/198/198
f 198/198/198 233/233/233 195/195/195
f 229/229/229 234/234/234 230/230/230
f 230/230/230 235/235/235 232/232/232
f 234/234/234 235/235/235 230/230/230
f 236/236/236 234/234/234 229/229/229
f 229/229/229 227/227/227 236/236/236
f 234/234/234 237/237/237 235/235/235
f 236/236/236 238/238/238 234/234/234
f 238/238/238 237/237/237 234/234/234
f 239/239/239 236/236/236 227/227/227
f 239/239/239 238/238/238 236/236/236
f 239/239/239 227/227/227 240/240/240
f 238/238/238 241/241/241 237/237/237
f 239/239/239 242/242/242 238/238/238
f 242/242/242 241/241/241 238/238/238
f 243/243/243 242/242/242 239/239/239
f 243/243/243 239/239/239 240/240/240
f 242/242/242 244/244/244 241/241/241
f 245/245/245 237/237/237 241/241/241
f 245/245/245 241/241/241 244/244/244
f 246/246/246 244/244/244 242/242/242
f 243/243/243 246/246/246 242/242/242
f 247/247/247 235/235/235 237/237/237
f 245/245/245 247/247/247 237/237/237
f 247/247/247 248/248/248 235/235/235
f 248/248/248 232/232/232 235/235/235
f 249/249/249 247/247/247 245/245/245
f 248/248/248 250/250/250 232/232/232
f 250/250/250 231/231/231 232/232/232
f 251/251/251 248/248/248 247/247/247
f 249/249/249 251/251/251 247/247/247
f 252/252/252 250/250/250 248/248/248
f 251/251/251 252/252/252 248/248/248
f 250/250/250 253/253/253 231/231/231
f 253/253/253 233/233/233 231/231/231
f 252/252/252 254/254/254 250/250/250
f 254/254/254 253/253/253 250/250/250
f 253/253/253 255/255/255 233/233/233
f 255/255/255 195/195/195 233/233/233
f 254/254/254 256/256/256 253/253/253
f 256/256/256 255/255/255 253/253/253
f 254/254/254 252/252/252 257/257/257
f 256/256/256 254/254/254 258/258/258
f 254/254/254 257/257/257 258/258/258
f 252/252/252 259/259/259 257/257/257
f 252/252/252 251/251/251 259/259/259
f 258/258/258 257/257/257 260/260/260
f 251/251/251 261/261/261 259/259/259
f 251/251/251 249/249/249 261/261/261
f 257/257/257 259/259/259 262/262/262
f 257/257/257 262/262/262 260/260/260
f 259/259/259 261/261/261 263/263/263
f 259/259/259 263/263/263 262/262/262
f 249/249/249 264/264/264 261/261/261
f 261/261/261 265/265/265 263/263/263
f 261/261/261 264/264/264 265/265/265
f 249/249/249 266/266/266 264/264/264
f 266/266/266 249/249/249 245/245/245
f 266/266/266 245/245/245 267/267/267
f 245/245/245 244/244/244 267/267/267
f 268/268/268 266/266/266 267/267/267
f 267/267/267 244/244/244 269/269/269
f 246/246/246 269/269/269 244/244/244
f 267/267/267 269/269/269 270/270/270
f 268/268/268 267/267/267 270/270/270
f 271/271/271 269/269/269 246/246/246
f 266/266/266 272/272/272 264/264/264
f 266/266/266 268/268/268 272/272/272
f 264/264/264 272/272/272 273/273/273
f 264/264/264 273/273/273 265/265/265
f 270/270/270 269/269/269 274/274/274
f 271/271/271 274/274/274 269/269/269
f 268/268/268 270/270/270 275/275/275
f 270/270/270 274/274/274 275/275/275
f 276/276/276 271/271/271 246/246/246
f 276/276/276 246/246/246 243/243/243
f 277/277/277 274/274/274 271/271/271
f 278/278/278 271/271/271 276/276/276
f 278/278/278 277/277/277 271/271/271
f 276/276/276 243/243/243 279/279/279
f 243/243/243 240/240/240 279/279/279
f 275/275/275 274/274/274 280/280/280
f 277/277/277 280/280/280 274/274/274
f 276/276/276 279/279/279 281/281/281
f 276/276/276 281/281/281 282/282/282
f 276/276/276 282/282/282 278/278/278
f 281/281/281 279/279/279 283/283/283
f 279/279/279 240/240/240 284/284/284
f 279/279/279 284/284/284 283/283/283
f 240/240/240 285/285/285 284/284/284
f 240/240/240 227/227/227 285/285/285
f 227/227/227 224/224/224 285/285/285
f 281/281/281 283/283/283 286/286/286
f 282/282/282 281/281/281 286/286/286
f 287/287/287 283/283/283 284/284/284
f 288/288/288 285/285/285 224/224/224
f 221/221/221 288/288/288 224/224/224
f 220/220/220 288/288/288 221/221/221
f 289/289/289 284/284/284 285/285/285
f 288/288/288 289/289/289 285/285/285
f 289/289/289 287/287/287 284/284/284
f 220/220/220 290/290/290 288/288/288
f 290/290/290 289/289/289 288/288/288
f 290/290/290 220/220/220 219/219/219
f 290/290/290 291/291/291 289/289/289
f 291/291/291 287/287/287 289/289/289
f 290/290/290 219/219/219 292/292/292
f 291/291/291 290/290/290 292/292/292
f 292/292/292 219/219/219 222/222/222
f 291/291/291 293/293/293 287/287/287
f 291/291/291 292/292/292 294/294/294
f 293/293/293 291/291/291 294/294/294
f 292/292/292 222/222/222 295/295/295
f 294/294/294 292/292/292 295/295/295
f 296/296/296 295/295/295 222/222/222
f 218/218/218 296/296/296 222/222/222
f 294/294/294 295/295/295 297/297/297
f 298/298/298 296/296/296 218/218/218
f 298/298/298 218/218/218 217/217/217
f 296/296/296 299/299/299 295/295/295
f 299/299/299 297/297/297 295/295/295
f 300/300/300 296/296/296 298/298/298
f 300/300/300 299/299/299 296/296/296
f 298/298/298 217/217/217 301/301/301
f 148/148/148 301/301/301 217/217/217
f 298/298/298 301/301/301 302/302/302
f 300/300/300 298/298/298 302/302/302
f 301/301/301 148/148/148 303/303/303
f 148/148/148 138/138/138 303/303/303
f 302/302/302 301/301/301 304/304/304
f 301/301/301 303/303/303 304/304/304
f 305/305/305 303/303/303 138/138/138
f 305/305/305 138/138/138 93/93/93
f 89/89/89 305/305/305 93/93/93
f 87/87/87 305/305/305 89/89/89
f 306/306/306 303/303/303 305/305/305
f 87/87/87 306/306/306 305/305/305
f 306/306/306 304/304/304 303/303/303
f 84/84/84 306/306/306 87/87/87
f 307/307/307 304/304/304 306/306/306
f 84/84/84 307/307/307 306/306/306
f 302/302/302 304/304/304 308/308/308
f 307/307/307 308/308/308 304/304/304
f 309/309/309 302/302/302 308/308/308
f 300/300/300 302/302/302 309/309/309
f 307/307/307 310/310/310 308/308/308
f 309/309/309 308/308/308 310/310/310
f 311/311/311 307/307/307 84/84/84
f 84/84/84 83/83/83 311/311/311
f 307/307/307 312/312/312 310/310/310
f 311/311/311 312/312/312 307/307/307
f 311/311/311 83/83/83 313/313/313
f 313/313/313 83/83/83 61/61/61
f 313/313/313 61/61/61 56/56/56
f 55/55/55 313/313/313 56/56/56
f 311/311/311 313/313/313 314/314/314
f 314/314/314 313/313/313 55/55/55
f 314/314/314 312/312/312 311/311/311
f 314/314/314 55/55/55 315/315/315
f 314/314/314 316/316/316 312/312/312
f 315/315/315 316/316/316 314/314/314
f 315/315/315 55/55/55 317/317/317
f 55/55/55 49/49/49 317/317/317
f 317/317/317 49/49/49 44/44/44
f 312/312/312 316/316/316 318/318/318
f 312/312/312 318/318/318 310/310/310
f 317/317/317 44/44/44 319/319/319
f 319/319/319 44/44/44 39/39/39
f 315/315/315 317/317/317 320/320/320
f 320/320/320 317/317/317 319/319/319
f 315/315/315 321/321/321 316/316/316
f 320/320/320 321/321/321 315/315/315
f 316/316/316 322/322/322 318/318/318
f 316/316/316 321/321/321 322/322/322
f 319/319/319 39/39/39 323/323/323
f 34/34/34 323/323/323 39/39/39
f 320/320/320 319/319/319 324/324/324
f 324/324/324 319/319/319 323/323/323
f 320/320/320 325/325/325 321/321/321
f 324/324/324 325/325/325 320/320/320
f 321/321/321 326/326/326 322/322/322
f 321/321/321 325/325/325 326/326/326
f 34/34/34 327/327/327 323/323/323
f 33/33/33 327/327/327 34/34/34
f 324/324/324 323/323/323 328/328/328
f 327/327/327 328/328/328 323/323/323
f 324/324/324 329/329/329 325/325/325
f 328/328/328 329/329/329 324/324/324
f 325/325/325 330/330/330 326/326/326
f 325/325/325 329/329/329 330/330/330
f 328/328/328 331/331/331 329/329/329
f 329/329/329 332/332/332 330/330/330
f 329/329/329 331/331/331 332/332/332
f 333/333/333 331/331/331 328/328/328
f 327/327/327 333/333/333 328/328/328
f 333/333/333 334/334/334 331/331/331
f 334/334/334 332/332/332 331/331/331
f 335/335/335 333/333/333 327/327/327
f 33/33/33 335/335/335 327/327/327
f 335/335/335 33/33/33 22/22/22
f 335/335/335 336/336/336 333/333/333
f 336/336/336 334/334/334 333/333/333
f 335/335/335 22/22/22 337/337/337
f 336/336/336 335/335/335 337/337/337
f 337/337/337 22/22/22 23/23/23
f 337/337/337 23/23/23 338/338/338
f 24/24/24 338/338/338 23/23/23
f 24/24/24 339/339/339 338/338/338
f 340/340/340 337/337/337 338/338/338
f 336/336/336 337/337/337 340/340/340
f 339/339/339 341/341/341 338/338/338
f 340/340/340 338/338/338 341/341/341
f 339/339/339 342/342/342 341/341/341
f 343/343/343 336/336/336 340/340/340
f 336/336/336 343/343/343 334/334/334
f 344/344/344 340/340/340 341/341/341
f 343/343/343 340/340/340 344/344/344
f 342/342/342 345/345/345 341/341/341
f 344/344/344 341/341/341 345/345/345
f 342/342/342 346/346/346 345/345/345
f 343/343/343 344/344/344 347/347/347
f 347/347/347 344/344/344 345/345/345
f 346/346/346 348/348/348 345/345/345
f 347/347/347 345/345/345 348/348/348
f 346/346/346 349/349/349 348/348/348
f 348/348/348 349/349/349 350/350/350
f 348/348/348 350/350/350 351/351/351
f 347/347/347 348/348/348 351/351/351
f 351/351/351 350/350/350 352/352/352
f 343/343/343 347/347/347 353/353/353
f 353/353/353 334/334/334 343/343/343
f 347/347/347 351/351/351 354/354/354
f 353/353/353 347/347/347 354/354/354
f 351/351/351 352/352/352 355/355/355
f 354/354/354 351/351/351 355/355/355
f 355/355/355 352/352/352 356/356/356
f 353/353/353 357/357/357 334/334/334
f 334/334/334 357/357/357 332/332/332
f 353/353/353 354/354/354 358/358/358
f 358/358/358 357/357/357 353/353/353
f 354/354/354 355/355/355 359/359/359
f 358/358/358 354/354/354 359/359/359
f 355/355/355 356/356/356 360/360/360
f 359/359/359 355/355/355 360/360/360
f 360/360/360 356/356/356 361/361/361
f 362/362/362 332/332/332 357/357/357
f 358/358/358 362/362/362 357/357/357
f 362/362/362 363/363/363 332/332/332
f 363/363/363 330/330/330 332/332/332
f 364/364/364 362/362/362 358/358/358
f 358/358/358 359/359/359 364/364/364
f 365/365/365 363/363/363 362/362/362
f 364/364/364 365/365/365 362/362/362
f 363/363/363 366/366/366 330/330/330
f 366/366/366 326/326/326 330/330/330
f 365/365/365 367/367/367 363/363/363
f 367/367/367 366/366/366 363/363/363
f 364/364/364 359/359/359 368/368/368
f 359/359/359 360/360/360 368/368/368
f 369/369/369 365/365/365 364/364/364
f 364/364/364 368/368/368 369/369/369
f 370/370/370 367/367/367 365/365/365
f 369/369/369 370/370/370 365/365/365
f 368/368/368 360/360/360 371/371/371
f 360/360/360 361/361/361 371/371/371
f 371/371/371 361/361/361 372/372/372
f 368/368/368 371/371/371 373/373/373
f 369/369/369 368/368/368 373/373/373
f 371/371/371 372/372/372 374/374/374
f 373/373/373 371/371/371 374/374/374
f 369/369/369 373/373/373 375/375/375
f 375/375/375 370/370/370 369/369/369
f 373/373/373 374/374/374 376/376/376
f 375/375/375 373/373/373 376/376/376
f 372/372/372 377/377/377 374/374/374
f 372/372/372 378/378/378 377/377/377
f 379/379/379 376/376/376 374/374/374
f 379/379/379 374/374/374 377/377/377
f 375/375/375 376/376/376 380/380/380
f 380/380/380 376/376/376 379/379/379
f 375/375/375 381/381/381 370/370/370
f 380/380/380 381/381/381 375/375/375
f 381/381/381 382/382/382 370/370/370
f 370/370/370 382/382/382 367/367/367
f 380/380/380 383/383/383 381/381/381
f 380/380/380 379/379/379 384/384/384
f 384/384/384 383/383/383 380/380/380
f 385/385/385 367/367/367 382/382/382
f 367/367/367 385/385/385 366/366/366
f 381/381/381 386/386/386 382/382/382
f 383/383/383 386/386/386 381/381/381
f 385/385/385 382/382/382 387/387/387
f 387/387/387 382/382/382 386/386/386
f 385/385/385 388/388/388 366/366/366
f 366/366/366 388/388/388 326/326/326
f 388/388/388 322/322/322 326/326/326
f 385/385/385 389/389/389 388/388/388
f 389/389/389 385/385/385 387/387/387
f 388/388/388 390/390/390 322/322/322
f 389/389/389 390/390/390 388/388/388
f 390/390/390 318/318/318 322/322/322
f 390/390/390 391/391/391 318/318/318
f 391/391/391 310/310/310 318/318/318
f 391/391/391 309/309/309 310/310/310
f 392/392/392 391/391/391 390/390/390
f 389/389/389 392/392/392 390/390/390
f 393/393/393 309/309/309 391/391/391
f 392/392/392 393/393/393 391/391/391
f 393/393/393 300/300/300 309/309/309
f 392/392/392 389/389/389 394/394/394
f 389/389/389 387/387/387 394/394/394
f 393/393/393 392/392/392 395/395/395
f 392/392/392 394/394/394 395/395/395
f 300/300/300 393/393/393 396/396/396
f 393/393/393 395/395/395 396/396/396
f 300/300/300 396/396/396 299/299/299
f 299/299/299 396/396/396 297/297/297
f 394/394/394 387/387/387 397/397/397
f 387/387/387 386/386/386 397/397/397
f 395/395/395 394/394/394 398/398/398
f 394/394/394 397/397/397 398/398/398
f 396/396/396 395/395/395 399/399/399
f 396/396/396 399/399/399 297/297/297
f 395/395/395 398/398/398 399/399/399
f 400/400/400 297/297/297 399/399/399
f 400/400/400 294/294/294 297/297/297
f 293/293/293 294/294/294 400/400/400
f 401/401/401 400/400/400 399/399/399
f 401/401/401 399/399/399 398/398/398
f 402/402/402 293/293/293 400/400/400
f 402/402/402 400/400/400 401/401/401
f 293/293/293 402/402/402 403/403/403
f 293/293/293 403/403/403 287/287/287
f 287/287/287 403/403/403 283/283/283
f 403/403/403 286/286/286 283/283/283
f 404/404/404 401/401/401 398/398/398
f 404/404/404 398/398/398 397/397/397
f 405/405/405 402/402/402 401/401/401
f 405/405/405 401/401/401 404/404/404
f 402/402/402 406/406/406 403/403/403
f 402/402/402 405/405/405 406/406/406
f 403/403/403 406/406/406 286/286/286
f 407/407/407 404/404/404 397/397/397
f 407/407/407 397/397/397 386/386/386
f 383/383/383 407/407/407 386/386/386
f 408/408/408 404/404/404 407/407/407
f 408/408/408 405/405/405 404/404/404
f 409/409/409 407/407/407 383/383/383
f 409/409/409 408/408/408 407/407/407
f 384/384/384 409/409/409 383/383/383
f 405/405/405 408/408/408 410/410/410
f 409/409/409 410/410/410 408/408/408
f 405/405/405 410/410/410 406/406/406
f 384/384/384 411/411/411 409/409/409
f 409/409/409 411/411/411 410/410/410
f 406/406/406 410/410/410 412/412/412
f 406/406/406 412/412/412 286/286/286
f 411/411/411 412/412/412 410/410/410
f 282/282/282 286/286/286 412/412/412
f 384/384/384 413/413/413 411/411/411
f 413/413/413 384/384/384 379/379/379
f 411/411/411 414/414/414 412/412/412
f 413/413/413 414/414/414 411/411/411
f 414/414/414 282/282/282 412/412/412
f 413/413/413 379/379/379 415/415/415
f 415/415/415 379/379/379 377/377/377
f 413/413/413 416/416/416 414/414/414
f 416/416/416 413/413/413 415/415/415
f 414/414/414 417/417/417 282/282/282
f 416/416/416 417/417/417 414/414/414
f 417/417/417 278/278/278 282/282/282
f 415/415/415 377/377/377 418/418/418
f 378/378/378 418/418/418 377/377/377
f 378/378/378 419/419/419 418/418/418
f 420/420/420 415/415/415 418/418/418
f 416/416/416 415/415/415 420/420/420
f 419/419/419 421/421/421 418/418/418
f 420/420/420 418/418/418 421/421/421
f 419/419/419 422/422/422 421/421/421
f 423/423/423 416/416/416 420/420/420
f 416/416/416 423/423/423 417/417/417
f 424/424/424 420/420/420 421/421/421
f 423/423/423 420/420/420 424/424/424
f 422/422/422 425/425/425 421/421/421
f 424/424/424 421/421/421 425/425/425
f 422/422/422 426/426/426 425/425/425
f 423/423/423 427/427/427 417/417/417
f 417/417/417 427/427/427 278/278/278
f 428/428/428 423/423/423 424/424/424
f 423/423/423 428/428/428 427/427/427
f 429/429/429 424/424/424 425/425/425
f 428/428/428 424/424/424 429/429/429
f 426/426/426 430/430/430 425/425/425
f 429/429/429 425/425/425 430/430/430
f 426/426/426 431/431/431 430/430/430
f 430/430/430 431/431/431 432/432/432
f 430/430/430 432/432/432 433/433/433
f 429/429/429 430/430/430 433/433/433
f 433/433/433 432/432/432 434/434/434
f 428/428/428 429/429/429 435/435/435
f 429/429/429 433/433/433 435/435/435
f 433/433/433 434/434/434 436/436/436
f 435/435/435 433/433/433 436/436/436
f 436/436/436 434/434/434 437/437/437
f 428/428/428 435/435/435 438/438/438
f 438/438/438 427/427/427 428/428/428
f 435/435/435 436/436/436 439/439/439
f 438/438/438 435/435/435 439/439/439
f 436/436/436 437/437/437 440/440/440
f 439/439/439 436/436/436 440/440/440
f 440/440/440 437/437/437 441/441/441
f 438/438/438 442/442/442 427/427/427
f 442/442/442 278/278/278 427/427/427
f 442/442/442 277/277/277 278/278/278
f 443/443/443 442/442/442 438/438/438
f 438/438/438 439/439/439 443/443/443
f 444/444/444 277/277/277 442/442/442
f 443/443/443 444/444/444 442/442/442
f 444/444/444 280/280/280 277/277/277
f 443/443/443 439/439/439 445/445/445
f 439/439/439 440/440/440 445/445/445
f 446/446/446 444/444/444 443/443/443
f 443/443/443 445/445/445 446/446/446
f 447/447/447 280/280/280 444/444/444
f 446/446/446 447/447/447 444/444/444
f 447/447/447 448/448/448 280/280/280
f 275/275/275 280/280/280 448/448/448
f 449/449/449 447/447/447 446/446/446
f 450/450/450 275/275/275 448/448/448
f 268/268/268 275/275/275 450/450/450
f 451/451/451 448/448/448 447/447/447
f 449/449/449 451/451/451 447/447/447
f 450/450/450 448/448/448 452/452/452
f 451/451/451 452/452/452 448/448/448
f 268/268/268 450/450/450 453/453/453
f 268/268/268 453/453/453 272/272/272
f 450/450/450 452/452/452 454/454/454
f 450/450/450 454/454/454 453/453/453
f 455/455/455 452/452/452 451/451/451
f 455/455/455 454/454/454 452/452/452
f 456/456/456 451/451/451 449/449/449
f 456/456/456 455/455/455 451/451/451
f 446/446/446 457/457/457 449/449/449
f 456/456/456 449/449/449 457/457/457
f 446/446/446 445/445/445 457/457/457
f 453/453/453 454/454/454 458/458/458
f 455/455/455 458/458/458 454/454/454
f 272/272/272 453/453/453 459/459/459
f 453/453/453 458/458/458 459/459/459
f 272/272/272 459/459/459 273/273/273
f 455/455/455 460/460/460 458/458/458
f 456/456/456 460/460/460 455/455/455
f 461/461/461 459/459/459 458/458/458
f 460/460/460 461/461/461 458/458/458
f 462/462/462 273/273/273 459/459/459
f 461/461/461 462/462/462 459/459/459
f 462/462/462 463/463/463 273/273/273
f 463/463/463 265/265/265 273/273/273
f 464/464/464 462/462/462 461/461/461
f 463/463/463 465/465/465 265/265/265
f 465/465/465 263/263/263 265/265/265
f 466/466/466 463/463/463 462/462/462
f 464/464/464 466/466/466 462/462/462
f 467/467/467 465/465/465 463/463/463
f 466/466/466 467/467/467 463/463/463
f 465/465/465 468/468/468 263/263/263
f 468/468/468 262/262/262 263/263/263
f 467/467/467 469/469/469 465/465/465
f 469/469/469 468/468/468 465/465/465
f 468/468/468 470/470/470 262/262/262
f 470/470/470 260/260/260 262/262/262
f 469/469/469 471/471/471 468/468/468
f 471/471/471 470/470/470 468/468/468
f 467/467/467 472/472/472 469/469/469
f 469/469/469 473/473/473 471/471/471
f 469/469/469 472/472/472 473/473/473
f 467/467/467 474/474/474 472/472/472
f 466/466/466 474/474/474 467/467/467
f 466/466/466 475/475/475 474/474/474
f 464/464/464 475/475/475 466/466/466
f 474/474/474 476/476/476 472/472/472
f 472/472/472 477/477/477 473/473/473
f 472/472/472 476/476/476 477/477/477
f 474/474/474 478/478/478 476/476/476
f 475/475/475 478/478/478 474/474/474
f 479/479/479 476/476/476 478/478/478
f 480/480/480 477/477/477 476/476/476
f 480/480/480 476/476/476 479/479/479
f 481/481/481 477/477/477 480/480/480
f 473/473/473 477/477/477 482/482/482
f 481/481/481 482/482/482 477/477/477
f 473/473/473 482/482/482 483/483/483
f 471/471/471 473/473/473 483/483/483
f 483/483/483 482/482/482 484/484/484
f 481/481/481 484/484/484 482/482/482
f 471/471/471 483/483/483 485/485/485
f 471/471/471 485/485/485 470/470/470
f 483/483/483 484/484/484 486/486/486
f 485/485/485 483/483/483 486/486/486
f 487/487/487 470/470/470 485/485/485
f 485/485/485 486/486/486 487/487/487
f 487/487/487 488/488/488 470/470/470
f 470/470/470 488/488/488 260/260/260
f 487/487/487 486/486/486 489/489/489
f 486/486/486 484/484/484 490/490/490
f 486/486/486 490/490/490 489/489/489
f 491/491/491 490/490/490 484/484/484
f 481/481/481 491/491/491 484/484/484
f 492/492/492 488/488/488 487/487/487
f 487/487/487 489/489/489 492/492/492
f 488/488/488 493/493/493 260/260/260
f 258/258/258 260/260/260 493/493/493
f 492/492/492 494/494/494 488/488/488
f 488/488/488 494/494/494 493/493/493
f 495/495/495 258/258/258 493/493/493
f 256/256/256 258/258/258 495/495/495
f 494/494/494 496/496/496 493/493/493
f 495/495/495 493/493/493 496/496/496
f 497/497/497 256/256/256 495/495/495
f 256/256/256 497/497/497 255/255/255
f 498/498/498 495/495/495 496/496/496
f 497/497/497 495/495/495 498/498/498
f 498/498/498 496/496/496 499/499/499
f 497/497/497 500/500/500 255/255/255
f 255/255/255 500/500/500 195/195/195
f 501/501/501 497/497/497 498/498/498
f 497/497/497 501/501/501 500/500/500
f 501/501/501 498/498/498 502/502/502
f 502/502/502 498/498/498 499/499/499
f 500/500/500 503/503/503 195/195/195
f 183/183/183 195/195/195 503/503/503
f 182/182/182 183/183/183 503/503/503
f 500/500/500 504/504/504 503/503/503
f 501/501/501 504/504/504 500/500/500
f 182/182/182 503/503/503 505/505/505
f 504/504/504 505/505/505 503/503/503
f 178/178/178 182/182/182 505/505/505
f 501/501/501 506/506/506 504/504/504
f 506/506/506 501/501/501 502/502/502
f 504/504/504 507/507/507 505/505/505
f 506/506/506 507/507/507 504/504/504
f 178/178/178 505/505/505 508/508/508
f 507/507/507 508/508/508 505/505/505
f 179/179/179 178/178/178 508/508/508
f 179/179/179 508/508/508 509/509/509
f 510/510/510 509/509/509 508/508/508
f 507/507/507 510/510/510 508/508/508
f 510/510/510 511/511/511 509/509/509
f 506/506/506 512/512/512 507/507/507
f 512/512/512 510/510/510 507/507/507
f 513/513/513 511/511/511 510/510/510
f 512/512/512 513/513/513 510/510/510
f 513/513/513 514/514/514 511/511/511
f 512/512/512 506/506/506 515/515/515
f 506/506/506 502/502/502 515/515/515
f 513/513/513 512/512/512 516/516/516
f 512/512/512 515/515/515 516/516/516
f 514/514/514 513/513/513 517/517/517
f 513/513/513 516/516/516 517/517/517
f 514/514/514 517/517/517 518/518/518
f 515/515/515 502/502/502 519/519/519
f 516/516/516 515/515/515 520/520/520
f 515/515/515 519/519/519 520/520/520
f 502/502/502 499/499/499 519/519/519
f 518/518/518 517/517/517 521/521/521
f 518/518/518 521/521/521 522/522/522
f 523/523/523 522/522/522 521/521/521
f 517/517/517 516/516/516 524/524/524
f 517/517/517 524/524/524 521/521/521
f 516/516/516 520/520/520 524/524/524
f 523/523/523 521/521/521 525/525/525
f 525/525/525 521/521/521 524/524/524
f 526/526/526 523/523/523 525/525/525
f 527/527/527 524/524/524 520/520/520
f 525/525/525 524/524/524 527/527/527
f 526/526/526 525/525/525 528/528/528
f 528/528/528 525/525/525 527/527/527
f 526/526/526 528/528/528 529/529/529
f 526/526/526 529/529/529 530/530/530
f 527/527/527 520/520/520 531/531/531
f 531/531/531 520/520/520 519/519/519
f 528/528/528 527/527/527 532/532/532
f 532/532/532 527/527/527 531/531/531
f 528/528/528 533/533/533 529/529/529
f 528/528/528 532/532/532 533/533/533
f 530/530/530 529/529/529 534/534/534
f 530/530/530 534/534/534 535/535/535
f 529/529/529 533/533/533 536/536/536
f 529/529/529 536/536/536 534/534/534
f 532/532/532 537/537/537 533/533/533
f 532/532/532 531/531/531 538/538/538
f 532/532/532 538/538/538 537/537/537
f 531/531/531 519/519/519 539/539/539
f 538/538/538 531/531/531 539/539/539
f 539/539/539 519/519/519 499/499/499
f 538/538/538 539/539/539 540/540/540
f 540/540/540 537/537/537 538/538/538
f 539/539/539 499/499/499 541/541/541
f 540/540/540 539/539/539 541/541/541
f 542/542/542 541/541/541 499/499/499
f 542/542/542 499/499/499 496/496/496
f 494/494/494 542/542/542 496/496/496
f 543/543/543 541/541/541 542/542/542
f 540/540/540 541/541/541 543/543/543
f 544/544/544 542/542/542 494/494/494
f 543/543/543 542/542/542 544/544/544
f 544/544/544 494/494/494 492/492/492
f 543/543/543 545/545/545 540/540/540
f 540/540/540 545/545/545 537/537/537
f 544/544/544 546/546/546 543/543/543
f 543/543/543 546/546/546 545/545/545
f 492/492/492 547/547/547 544/544/544
f 544/544/544 547/547/547 546/546/546
f 492/492/492 489/489/489 547/547/547
f 537/537/537 545/545/545 548/548/548
f 546/546/546 548/548/548 545/545/545
f 547/547/547 549/549/549 546/546/546
f 546/546/546 549/549/549 548/548/548
f 489/489/489 550/550/550 547/547/547
f 547/547/547 550/550/550 549/549/549
f 489/489/489 490/490/490 550/550/550
f 537/537/537 548/548/548 551/551/551
f 533/533/533 537/537/537 551/551/551
f 533/533/533 551/551/551 536/536/536
f 552/552/552 550/550/550 490/490/490
f 491/491/491 552/552/552 490/490/490
f 552/552/552 553/553/553 550/550/550
f 553/553/553 549/549/549 550/550/550
f 554/554/554 552/552/552 491/491/491
f 553/553/553 555/555/555 549/549/549
f 555/555/555 548/548/548 549/549/549
f 556/556/556 553/553/553 552/552/552
f 554/554/554 556/556/556 552/552/552
f 557/557/557 555/555/555 553/553/553
f 556/556/556 557/557/557 553/553/553
f 555/555/555 558/558/558 548/548/548
f 558/558/558 551/551/551 548/548/548
f 557/557/557 559/559/559 555/555/555
f 559/559/559 558/558/558 555/555/555
f 558/558/558 560/560/560 551/551/551
f 560/560/560 536/536/536 551/551/551
f 559/559/559 561/561/561 558/558/558
f 561/561/561 560/560/560 558/558/558
f 560/560/560 562/562/562 536/536/536
f 562/562/562 534/534/534 536/536/536
f 561/561/561 563/563/563 560/560/560
f 563/563/563 562/562/562 560/560/560
f 562/562/562 564/564/564 534/534/534
f 564/564/564 535/535/535 534/534/534
f 564/564/564 565/565/565 535/535/535
f 566/566/566 564/564/564 562/562/562
f 563/563/563 566/566/566 562/562/562
f 567/567/567 565/565/565 564/564/564
f 566/566/566 567/567/567 564/564/564
f 567/567/567 568/568/568 565/565/565
f 568/568/568 567/567/567 569/569/569
f 568/568/568 569/569/569 570/570/570
f 567/567/567 566/566/566 571/571/571
f 567/567/567 571/571/571 569/569/569
f 566/566/566 563/563/563 572/572/572
f 566/566/566 572/572/572 571/571/571
f 563/563/563 573/573/573 572/572/572
f 563/563/563 561/561/561 573/573/573
f 570/570/570 569/569/569 574/574/574
f 570/570/570 574/574/574 575/575/575
f 576/576/576 575/575/575 574/574/574
f 569/569/569 577/577/577 574/574/574
f 569/569/569 571/571/571 577/577/577
f 576/576/576 574/574/574 578/578/578
f 578/578/578 574/574/574 577/577/577
f 579/579/579 576/576/576 578/578/578
f 571/571/571 580/580/580 577/577/577
f 571/571/571 572/572/572 580/580/580
f 578/578/578 577/577/577 581/581/581
f 581/581/581 577/577/577 580/580/580
f 579/579/579 578/578/578 582/582/582
f 582/582/582 578/578/578 581/581/581
f 579/579/579 582/582/582 583/583/583
f 579/579/579 583/583/583 584/584/584
f 572/572/572 585/585/585 580/580/580
f 572/572/572 573/573/573 585/585/585
f 581/581/581 580/580/580 586/586/586
f 586/586/586 580/580/580 585/585/585
f 582/582/582 581/581/581 587/587/587
f 587/587/587 581/581/581 586/586/586
f 582/582/582 587/587/587 588/588/588
f 582/582/582 588/588/588 583/583/583
f 587/587/587 586/586/586 589/589/589
f 587/587/587 590/590/590 588/588/588
f 587/587/587 589/589/589 590/590/590
f 589/589/589 586/586/586 591/591/591
f 586/586/586 585/585/585 591/591/591
f 589/589/589 591/591/591 592/592/592
f 592/592/592 590/590/590 589/589/589
f 591/591/591 585/585/585 593/593/593
f 573/573/573 593/593/593 585/585/585
f 592/592/592 591/591/591 594/594/594
f 591/591/591 593/593/593 594/594/594
f 573/573/573 595/595/595 593/593/593
f 561/561/561 595/595/595 573/573/573
f 561/561/561 559/559/559 595/595/595
f 595/595/595 596/596/596 593/593/593
f 594/594/594 593/593/593 596/596/596
f 559/559/559 597/597/597 595/595/595
f 595/595/595 597/597/597 596/596/596
f 559/559/559 557/557/557 597/597/597
f 557/557/557 598/598/598 597/597/597
f 557/557/557 556/556/556 598/598/598
f 597/597/597 599/599/599 596/596/596
f 597/597/597 598/598/598 599/599/599
f 556/556/556 600/600/600 598/598/598
f 556/556/556 554/554/554 600/600/600
f 598/598/598 601/601/601 599/599/599
f 598/598/598 600/600/600 601/601/601
f 602/602/602 596/596/596 599/599/599
f 594/594/594 596/596/596 603/603/603
f 602/602/602 603/603/603 596/596/596
f 604/604/604 594/594/594 603/603/603
f 592/592/592 594/594/594 604/604/604
f 605/605/605 603/603/603 602/602/602
f 604/604/604 603/603/603 605/605/605
f 604/604/604 606/606/606 592/592/592
f 592/592/592 606/606/606 590/590/590
f 605/605/605 607/607/607 604/604/604
f 604/604/604 607/607/607 606/606/606
f 590/590/590 606/606/606 608/608/608
f 607/607/607 608/608/608 606/606/606
f 590/590/590 608/608/608 609/609/609
f 588/588/588 590/590/590 609/609/609
f 607/607/607 610/610/610 608/608/608
f 588/588/588 609/609/609 611/611/611
f 583/583/583 588/588/588 611/611/611
f 605/605/605 612/612/612 607/607/607
f 612/612/612 610/610/610 607/607/607
f 613/613/613 612/612/612 605/605/605
f 605/605/605 602/602/602 613/613/613
f 583/583/583 611/611/611 614/614/614
f 584/584/584 583/583/583 614/614/614
f 584/584/584 614/614/614 615/615/615
f 613/613/613 602/602/602 616/616/616
f 616/616/616 602/602/602 599/599/599
f 616/616/616 599/599/599 601/601/601
f 617/617/617 615/615/615 614/614/614
f 617/617/617 618/618/618 615/615/615
f 619/619/619 617/617/617 614/614/614
f 619/619/619 614/614/614 611/611/611
f 620/620/620 618/618/618 617/617/617
f 620/620/620 621/621/621 618/618/618
f 622/622/622 617/617/617 619/619/619
f 622/622/622 620/620/620 617/617/617
f 623/623/623 619/619/619 611/611/611
f 623/623/623 611/611/611 609/609/609
f 624/624/624 622/622/622 619/619/619
f 624/624/624 619/619/619 623/623/623
f 621/621/621 620/620/620 625/625/625
f 621/621/621 625/625/625 626/626/626
f 620/620/620 622/622/622 627/627/627
f 620/620/620 627/627/627 625/625/625
f 622/622/622 624/624/624 628/628/628
f 622/622/622 628/628/628 627/627/627
f 626/626/626 625/625/625 629/629/629
f 626/626/626 629/629/629 630/630/630
f 631/631/631 630/630/630 629/629/629
f 625/625/625 632/632/632 629/629/629
f 625/625/625 627/627/627 632/632/632
f 631/631/631 629/629/629 633/633/633
f 633/633/633 629/629/629 632/632/632
f 634/634/634 631/631/631 633/633/633
f 627/627/627 635/635/635 632/632/632
f 627/627/627 628/628/628 635/635/635
f 633/633/633 632/632/632 636/636/636
f 636/636/636 632/632/632 635/635/635
f 634/634/634 633/633/633 637/637/637
f 637/637/637 633/633/633 636/636/636
f 634/634/634 637/637/637 638/638/638
f 634/634/634 638/638/638 639/639/639
f 637/637/637 636/636/636 640/640/640
f 636/636/636 635/635/635 641/641/641
f 640/640/640 636/636/636 641/641/641
f 637/637/637 640/640/640 642/642/642
f 637/637/637 642/642/642 638/638/638
f 640/640/640 643/643/643 642/642/642
f 640/640/640 641/641/641 644/644/644
f 640/640/640 644/644/644 643/643/643
f 641/641/641 635/635/635 645/645/645
f 628/628/628 645/645/645 635/635/635
f 644/644/644 641/641/641 646/646/646
f 641/641/641 645/645/645 646/646/646
f 628/628/628 647/647/647 645/645/645
f 624/624/624 647/647/647 628/628/628
f 646/646/646 645/645/645 648/648/648
f 647/647/647 648/648/648 645/645/645
f 644/644/644 646/646/646 649/649/649
f 649/649/649 643/643/643 644/644/644
f 646/646/646 648/648/648 650/650/650
f 649/649/649 646/646/646 650/650/650
f 624/624/624 651/651/651 647/647/647
f 651/651/651 624/624/624 623/623/623
f 647/647/647 652/652/652 648/648/648
f 651/651/651 652/652/652 647/647/647
f 652/652/652 653/653/653 648/648/648
f 650/650/650 648/648/648 653/653/653
f 651/651/651 623/623/623 654/654/654
f 654/654/654 623/623/623 609/609/609
f 654/654/654 609/609/609 608/608/608
f 655/655/655 651/651/651 654/654/654
f 651/651/651 655/655/655 652/652/652
f 656/656/656 654/654/654 608/608/608
f 655/655/655 654/654/654 656/656/656
f 656/656/656 608/608/608 610/610/610
f 655/655/655 657/657/657 652/652/652
f 652/652/652 657/657/657 653/653/653
f 658/658/658 655/655/655 656/656/656
f 655/655/655 658/658/658 657/657/657
f 659/659/659 656/656/656 610/610/610
f 658/658/658 656/656/656 659/659/659
f 659/659/659 610/610/610 660/660/660
f 612/612/612 660/660/660 610/610/610
f 661/661/661 658/658/658 659/659/659
f 662/662/662 660/660/660 612/612/612
f 613/613/613 662/662/662 612/612/612
f 663/663/663 659/659/659 660/660/660
f 661/661/661 659/659/659 663/663/663
f 662/662/662 664/664/664 660/660/660
f 663/663/663 660/660/660 664/664/664
f 665/665/665 662/662/662 613/613/613
f 613/613/613 616/616/616 665/665/665
f 666/666/666 664/664/664 662/662/662
f 665/665/665 666/666/666 662/662/662
f 667/667/667 663/663/663 664/664/664
f 665/665/665 616/616/616 668/668/668
f 668/668/668 616/616/616 601/601/601
f 669/669/669 666/666/666 665/665/665
f 665/665/665 668/668/668 669/669/669
f 666/666/666 670/670/670 664/664/664
f 667/667/667 664/664/664 670/670/670
f 671/671/671 670/670/670 666/666/666
f 669/669/669 671/671/671 666/666/666
f 671/671/671 672/672/672 670/670/670
f 667/667/667 670/670/670 672/672/672
f 673/673/673 671/671/671 669/669/669
f 669/669/669 668/668/668 674/674/674
f 669/669/669 674/674/674 673/673/673
f 674/674/674 668/668/668 675/675/675
f 668/668/668 601/601/601 675/675/675
f 600/600/600 675/675/675 601/601/601
f 673/673/673 676/676/676 671/671/671
f 676/676/676 672/672/672 671/671/671
f 600/600/600 677/677/677 675/675/675
f 554/554/554 677/677/677 600/600/600
f 674/674/674 675/675/675 678/678/678
f 677/677/677 678/678/678 675/675/675
f 554/554/554 679/679/679 677/677/677
f 679/679/679 554/554/554 491/491/491
f 679/679/679 491/491/491 481/481/481
f 679/679/679 680/680/680 677/677/677
f 677/677/677 680/680/680 678/678/678
f 681/681/681 679/679/679 481/481/481
f 679/679/679 681/681/681 680/680/680
f 681/681/681 481/481/481 480/480/480
f 682/682/682 681/681/681 480/480/480
f 682/682/682 480/480/480 479/479/479
f 681/681/681 683/683/683 680/680/680
f 681/681/681 682/682/682 683/683/683
f 680/680/680 684/684/684 678/678/678
f 680/680/680 683/683/683 684/684/684
f 685/685/685 674/674/674 678/678/678
f 685/685/685 678/678/678 684/684/684
f 673/673/673 674/674/674 685/685/685
f 673/673/673 685/685/685 686/686/686
f 686/686/686 676/676/676 673/673/673
f 687/687/687 685/685/685 684/684/684
f 686/686/686 685/685/685 687/687/687
f 683/683/683 688/688/688 684/684/684
f 687/687/687 684/684/684 688/688/688
f 683/683/683 689/689/689 688/688/688
f 682/682/682 689/689/689 683/683/683
f 690/690/690 687/687/687 688/688/688
f 686/686/686 687/687/687 691/691/691
f 690/690/690 688/688/688 692/692/692
f 689/689/689 692/692/692 688/688/688
f 693/693/693 687/687/687 690/690/690
f 693/693/693 691/691/691 687/687/687
f 691/691/691 694/694/694 686/686/686
f 686/686/686 694/694/694 676/676/676
f 693/693/693 695/695/695 691/691/691
f 691/691/691 695/695/695 694/694/694
f 696/696/696 693/693/693 690/690/690
f 694/694/694 697/697/697 676/676/676
f 676/676/676 697/697/697 672/672/672
f 695/695/695 698/698/698 694/694/694
f 694/694/694 698/698/698 697/697/697
f 693/693/693 699/699/699 695/695/695
f 696/696/696 699/699/699 693/693/693
f 695/695/695 700/700/700 698/698/698
f 699/699/699 700/700/700 695/695/695
f 701/701/701 697/697/697 698/698/698
f 702/702/702 672/672/672 697/697/697
f 702/702/702 697/697/697 701/701/701
f 667/667/667 672/672/672 702/702/702
f 701/701/701 698/698/698 703/703/703
f 703/703/703 698/698/698 700/700/700
f 704/704/704 702/702/702 701/701/701
f 704/704/704 701/701/701 703/703/703
f 705/705/705 667/667/667 702/702/702
f 704/704/704 705/705/705 702/702/702
f 705/705/705 706/706/706 667/667/667
f 706/706/706 663/663/663 667/667/667
f 706/706/706 661/661/661 663/663/663
f 705/705/705 704/704/704 707/707/707
f 706/706/706 705/705/705 708/708/708
f 705/705/705 707/707/707 708/708/708
f 661/661/661 706/706/706 709/709/709
f 706/706/706 708/708/708 709/709/709
f 661/661/661 709/709/709 710/710/710
f 658/658/658 661/661/661 710/710/710
f 658/658/658 710/710/710 657/657/657
f 657/657/657 710/710/710 711/711/711
f 709/709/709 711/711/711 710/710/710
f 657/657/657 711/711/711 653/653/653
f 708/708/708 712/712/712 709/709/709
f 709/709/709 712/712/712 711/711/711
f 708/708/708 713/713/713 712/712/712
f 707/707/707 713/713/713 708/708/708
f 714/714/714 653/653/653 711/711/711
f 650/650/650 653/653/653 714/714/714
f 715/715/715 711/711/711 712/712/712
f 714/714/714 711/711/711 715/715/715
f 716/716/716 712/712/712 713/713/713
f 715/715/715 712/712/712 716/716/716
f 717/717/717 650/650/650 714/714/714
f 649/649/649 650/650/650 717/717/717
f 718/718/718 714/714/714 715/715/715
f 717/717/717 714/714/714 718/718/718
f 717/717/717 719/719/719 649/649/649
f 649/649/649 719/719/719 643/643/643
f 718/718/718 720/720/720 717/717/717
f 717/717/717 720/720/720 719/719/719
f 718/718/718 715/715/715 721/721/721
f 721/721/721 715/715/715 716/716/716
f 643/643/643 719/719/719 722/722/722
f 720/720/720 722/722/722 719/719/719
f 718/718/718 723/723/723 720/720/720
f 721/721/721 723/723/723 718/718/718
f 723/723/723 724/724/724 720/720/720
f 720/720/720 724/724/724 722/722/722
f 721/721/721 725/725/725 723/723/723
f 721/721/721 716/716/716 726/726/726
f 726/726/726 725/725/725 721/721/721
f 726/726/726 716/716/716 727/727/727
f 716/716/716 713/713/713 727/727/727
f 723/723/723 728/728/728 724/724/724
f 725/725/725 728/728/728 723/723/723
f 727/727/727 713/713/713 729/729/729
f 707/707/707 729/729/729 713/713/713
f 726/726/726 727/727/727 730/730/730
f 726/726/726 731/731/731 725/725/725
f 730/730/730 731/731/731 726/726/726
f 730/730/730 727/727/727 732/732/732
f 727/727/727 729/729/729 732/732/732
f 730/730/730 733/733/733 731/731/731
f 731/731/731 734/734/734 725/725/725
f 725/725/725 734/734/734 728/728/728
f 731/731/731 735/735/735 734/734/734
f 733/733/733 735/735/735 731/731/731
f 736/736/736 734/734/734 735/735/735
f 737/737/737 733/733/733 730/730/730
f 730/730/730 732/732/732 737/737/737
f 733/733/733 738/738/738 735/735/735
f 736/736/736 735/735/735 738/738/738
f 737/737/737 739/739/739 733/733/733
f 739/739/739 738/738/738 733/733/733
f 737/737/737 732/732/732 740/740/740
f 741/741/741 739/739/739 737/737/737
f 737/737/737 740/740/740 741/741/741
f 732/732/732 742/742/742 740/740/740
f 732/732/732 729/729/729 742/742/742
f 741/741/741 740/740/740 743/743/743
f 744/744/744 742/742/742 729/729/729
f 744/744/744 729/729/729 707/707/707
f 740/740/740 742/742/742 745/745/745
f 740/740/740 745/745/745 743/743/743
f 746/746/746 742/742/742 744/744/744
f 746/746/746 745/745/745 742/742/742
f 747/747/747 744/744/744 707/707/707
f 747/747/747 707/707/707 704/704/704
f 704/704/704 703/703/703 747/747/747
f 748/748/748 744/744/744 747/747/747
f 748/748/748 746/746/746 744/744/744
f 747/747/747 703/703/703 749/749/749
f 747/747/747 749/749/749 748/748/748
f 703/703/703 700/700/700 749/749/749
f 749/749/749 700/700/700 750/750/750
f 699/699/699 750/750/750 700/700/700
f 748/748/748 749/749/749 751/751/751
f 749/749/749 750/750/750 751/751/751
f 752/752/752 750/750/750 699/699/699
f 748/748/748 751/751/751 753/753/753
f 753/753/753 746/746/746 748/748/748
f 751/751/751 750/750/750 754/754/754
f 752/752/752 754/754/754 750/750/750
f 696/696/696 752/752/752 699/699/699
f 751/751/751 754/754/754 755/755/755
f 753/753/753 751/751/751 755/755/755
f 756/756/756 754/754/754 752/752/752
f 753/753/753 757/757/757 746/746/746
f 757/757/757 745/745/745 746/746/746
f 753/753/753 755/755/755 758/758/758
f 758/758/758 757/757/757 753/753/753
f 759/759/759 755/755/755 754/754/754
f 759/759/759 754/754/754 756/756/756
f 760/760/760 758/758/758 755/755/755
f 760/760/760 755/755/755 759/759/759
f 758/758/758 761/761/761 757/757/757
f 760/760/760 761/761/761 758/758/758
f 757/757/757 762/762/762 745/745/745
f 761/761/761 762/762/762 757/757/757
f 743/743/743 745/745/745 762/762/762
f 760/760/760 763/763/763 761/761/761
f 764/764/764 760/760/760 759/759/759
f 764/764/764 763/763/763 760/760/760
f 764/764/764 759/759/759 765/765/765
f 765/765/765 759/759/759 756/756/756
f 764/764/764 766/766/766 763/763/763
f 765/765/765 767/767/767 764/764/764
f 766/766/766 764/764/764 767/767/767
f 763/763/763 768/768/768 761/761/761
f 761/761/761 768/768/768 762/762/762
f 766/766/766 769/769/769 763/763/763
f 763/763/763 769/769/769 768/768/768
f 766/766/766 767/767/767 770/770/770
f 771/771/771 762/762/762 768/768/768
f 743/743/743 762/762/762 771/771/771
f 769/769/769 772/772/772 768/768/768
f 771/771/771 768/768/768 772/772/772
f 766/766/766 773/773/773 769/769/769
f 773/773/773 766/766/766 770/770/770
f 769/769/769 774/774/774 772/772/772
f 773/773/773 774/774/774 769/769/769
f 774/774/774 775/775/775 772/772/772
f 776/776/776 743/743/743 771/771/771
f 741/741/741 743/743/743 776/776/776
f 777/777/777 771/771/771 772/772/772
f 776/776/776 771/771/771 777/777/777
f 777/777/777 772/772/772 775/775/775
f 776/776/776 778/778/778 741/741/741
f 741/741/741 778/778/778 739/739/739
f 777/777/777 779/779/779 776/776/776
f 776/776/776 779/779/779 778/778/778
f 777/777/777 780/780/780 779/779/779
f 775/775/775 780/780/780 777/777/777
f 778/778/778 781/781/781 739/739/739
f 739/739/739 781/781/781 738/738/738
f 779/779/779 782/782/782 778/778/778
f 778/778/778 782/782/782 781/781/781
f 780/780/780 783/783/783 779/779/779
f 779/779/779 783/783/783 782/782/782
f 784/784/784 738/738/738 781/781/781
f 736/736/736 738/738/738 784/784/784
f 785/785/785 781/781/781 782/782/782
f 784/784/784 781/781/781 785/785/785
f 786/786/786 782/782/782 783/783/783
f 785/785/785 782/782/782 786/786/786
f 787/787/787 784/784/784 785/785/785
f 788/788/788 785/785/785 786/786/786
f 788/788/788 787/787/787 785/785/785
f 786/786/786 783/783/783 789/789/789
f 788/788/788 786/786/786 789/789/789
f 789/789/789 783/783/783 790/790/790
f 780/780/780 790/790/790 783/783/783
f 787/787/787 791/791/791 784/784/784
f 791/791/791 736/736/736 784/784/784
f 792/792/792 790/790/790 780/780/780
f 775/775/775 792/792/792 780/780/780
f 789/789/789 790/790/790 793/793/793
f 792/792/792 794/794/794 790/790/790
f 793/793/793 790/790/790 794/794/794
f 795/795/795 789/789/789 793/793/793
f 788/788/788 789/789/789 795/795/795
f 793/793/793 794/794/794 796/796/796
f 788/788/788 795/795/795 797/797/797
f 795/795/795 793/793/793 798/798/798
f 798/798/798 793/793/793 796/796/796
f 795/795/795 798/798/798 799/799/799
f 795/795/795 799/799/799 797/797/797
f 798/798/798 796/796/796 800/800/800
f 798/798/798 801/801/801 799/799/799
f 798/798/798 800/800/800 801/801/801
f 802/802/802 800/800/800 796/796/796
f 803/803/803 801/801/801 800/800/800
f 803/803/803 800/800/800 802/802/802
f 799/799/799 801/801/801 804/804/804
f 803/803/803 804/804/804 801/801/801
f 799/799/799 804/804/804 805/805/805
f 797/797/797 799/799/799 805/805/805
f 802/802/802 796/796/796 806/806/806
f 806/806/806 796/796/796 794/794/794
f 807/807/807 803/803/803 802/802/802
f 808/808/808 802/802/802 806/806/806
f 807/807/807 802/802/802 808/808/808
f 806/806/806 794/794/794 809/809/809
f 809/809/809 794/794/794 792/792/792
f 808/808/808 806/806/806 810/810/810
f 810/810/810 806/806/806 809/809/809
f 809/809/809 792/792/792 811/811/811
f 811/811/811 792/792/792 775/775/775
f 810/810/810 809/809/809 812/812/812
f 812/812/812 809/809/809 811/811/811
f 810/810/810 813/813/813 808/808/808
f 812/812/812 814/814/814 810/810/810
f 810/810/810 814/814/814 813/813/813
f 811/811/811 775/775/775 815/815/815
f 774/774/774 815/815/815 775/775/775
f 812/812/812 811/811/811 816/816/816
f 816/816/816 811/811/811 815/815/815
f 812/812/812 817/817/817 814/814/814
f 816/816/816 817/817/817 812/812/812
f 818/818/818 815/815/815 774/774/774
f 773/773/773 818/818/818 774/774/774
f 816/816/816 815/815/815 819/819/819
f 818/818/818 819/819/819 815/815/815
f 818/818/818 773/773/773 820/820/820
f 819/819/819 821/821/821 816/816/816
f 816/816/816 821/821/821 817/817/817
f 819/819/819 818/818/818 822/822/822
f 818/818/818 820/820/820 822/822/822
f 773/773/773 770/770/770 820/820/820
f 819/819/819 822/822/822 823/823/823
f 819/819/819 823/823/823 821/821/821
f 822/822/822 820/820/820 824/824/824
f 820/820/820 770/770/770 825/825/825
f 820/820/820 825/825/825 824/824/824
f 770/770/770 826/826/826 825/825/825
f 770/770/770 767/767/767 826/826/826
f 827/827/827 824/824/824 825/825/825
f 828/828/828 827/827/827 825/825/825
f 828/828/828 825/825/825 826/826/826
f 827/827/827 829/829/829 824/824/824
f 822/822/822 824/824/824 830/830/830
f 829/829/829 830/830/830 824/824/824
f 823/823/823 822/822/822 830/830/830
f 829/829/829 831/831/831 830/830/830
f 831/831/831 832/832/832 830/830/830
f 823/823/823 830/830/830 832/832/832
f 831/831/831 833/833/833 832/832/832
f 832/832/832 833/833/833 834/834/834
f 823/823/823 832/832/832 835/835/835
f 832/832/832 834/834/834 835/835/835
f 823/823/823 835/835/835 821/821/821
f 835/835/835 834/834/834 836/836/836
f 821/821/821 835/835/835 837/837/837
f 835/835/835 836/836/836 837/837/837
f 821/821/821 837/837/837 817/817/817
f 837/837/837 836/836/836 838/838/838
f 817/817/817 837/837/837 839/839/839
f 837/837/837 838/838/838 839/839/839
f 817/817/817 839/839/839 814/814/814
f 839/839/839 838/838/838 840/840/840
f 814/814/814 839/839/839 841/841/841
f 839/839/839 840/840/840 841/841/841
f 814/814/814 841/841/841 813/813/813
f 840/840/840 842/842/842 841/841/841
f 813/813/813 841/841/841 842/842/842
f 840/840/840 843/843/843 842/842/842
f 813/813/813 842/842/842 844/844/844
f 808/808/808 813/813/813 844/844/844
f 808/808/808 844/844/844 807/807/807
f 843/843/843 845/845/845 842/842/842
f 843/843/843 846/846/846 845/845/845
f 847/847/847 844/844/844 842/842/842
f 847/847/847 842/842/842 845/845/845
f 848/848/848 807/807/807 844/844/844
f 848/848/848 844/844/844 847/847/847
f 807/807/807 848/848/848 849/849/849
f 807/807/807 849/849/849 803/803/803
f 803/803/803 849/849/849 804/804/804
f 849/849/849 850/850/850 804/804/804
f 850/850/850 805/805/805 804/804/804
f 848/848/848 851/851/851 849/849/849
f 849/849/849 851/851/851 850/850/850
f 852/852/852 848/848/848 847/847/847
f 848/848/848 852/852/852 851/851/851
f 852/852/852 847/847/847 853/853/853
f 853/853/853 847/847/847 845/845/845
f 852/852/852 854/854/854 851/851/851
f 855/855/855 852/852/852 853/853/853
f 852/852/852 855/855/855 854/854/854
f 853/853/853 845/845/845 856/856/856
f 846/846/846 856/856/856 845/845/845
f 846/846/846 857/857/857 856/856/856
f 858/858/858 853/853/853 856/856/856
f 855/855/855 853/853/853 858/858/858
f 857/857/857 859/859/859 856/856/856
f 858/858/858 856/856/856 859/859/859
f 857/857/857 860/860/860 859/859/859
f 861/861/861 855/855/855 858/858/858
f 860/860/860 862/862/862 859/859/859
f 860/860/860 863/863/863 862/862/862
f 864/864/864 858/858/858 859/859/859
f 864/864/864 859/859/859 862/862/862
f 861/861/861 858/858/858 864/864/864
f 863/863/863 865/865/865 862/862/862
f 863/863/863 866/866/866 865/865/865
f 865/865/865 866/866/866 867/867/867
f 868/868/868 862/862/862 865/865/865
f 868/868/868 864/864/864 862/862/862
f 865/865/865 867/867/867 869/869/869
f 868/868/868 865/865/865 869/869/869
f 869/869/869 867/867/867 870/870/870
f 871/871/871 864/864/864 868/868/868
f 871/871/871 861/861/861 864/864/864
f 868/868/868 869/869/869 872/872/872
f 869/869/869 870/870/870 873/873/873
f 872/872/872 869/869/869 873/873/873
f 873/873/873 870/870/870 874/874/874
f 875/875/875 868/868/868 872/872/872
f 875/875/875 871/871/871 868/868/868
f 872/872/872 873/873/873 876/876/876
f 875/875/875 872/872/872 876/876/876
f 873/873/873 874/874/874 877/877/877
f 876/876/876 873/873/873 877/877/877
f 877/877/877 874/874/874 878/878/878
f 875/875/875 876/876/876 879/879/879
f 876/876/876 877/877/877 880/880/880
f 879/879/879 876/876/876 880/880/880
f 877/877/877 878/878/878 881/881/881
f 880/880/880 877/877/877 881/881/881
f 881/881/881 878/878/878 882/882/882
f 881/881/881 882/882/882 883/883/883
f 883/883/883 882/882/882 884/884/884
f 880/880/880 881/881/881 885/885/885
f 885/885/885 881/881/881 883/883/883
f 879/879/879 880/880/880 886/886/886
f 886/886/886 880/880/880 885/885/885
f 886/886/886 887/887/887 879/879/879
f 875/875/875 879/879/879 887/887/887
f 885/885/885 883/883/883 888/888/888
f 886/886/886 885/885/885 889/889/889
f 889/889/889 885/885/885 888/888/888
f 889/889/889 890/890/890 886/886/886
f 886/886/886 890/890/890 887/887/887
f 875/875/875 887/887/887 891/891/891
f 871/871/871 875/875/875 891/891/891
f 887/887/887 890/890/890 892/892/892
f 871/871/871 891/891/891 893/893/893
f 861/861/861 871/871/871 893/893/893
f 891/891/891 887/887/887 894/894/894
f 887/887/887 892/892/892 894/894/894
f 893/893/893 891/891/891 895/895/895
f 891/891/891 894/894/894 895/895/895
f 861/861/861 893/893/893 896/896/896
f 855/855/855 861/861/861 896/896/896
f 855/855/855 896/896/896 854/854/854
f 896/896/896 893/893/893 897/897/897
f 893/893/893 895/895/895 897/897/897
f 854/854/854 896/896/896 898/898/898
f 896/896/896 897/897/897 898/898/898
f 854/854/854 898/898/898 899/899/899
f 851/851/851 854/854/854 899/899/899
f 851/851/851 899/899/899 850/850/850
f 899/899/899 898/898/898 900/900/900
f 898/898/898 897/897/897 901/901/901
f 898/898/898 901/901/901 900/900/900
f 902/902/902 901/901/901 897/897/897
f 902/902/902 897/897/897 895/895/895
f 903/903/903 850/850/850 899/899/899
f 899/899/899 900/900/900 903/903/903
f 903/903/903 904/904/904 850/850/850
f 850/850/850 904/904/904 805/805/805
f 905/905/905 902/902/902 895/895/895
f 905/905/905 895/895/895 894/894/894
f 904/904/904 906/906/906 805/805/805
f 797/797/797 805/805/805 906/906/906
f 894/894/894 907/907/907 905/905/905
f 797/797/797 906/906/906 908/908/908
f 894/894/894 892/892/892 907/907/907
f 904/904/904 909/909/909 906/906/906
f 909/909/909 908/908/908 906/906/906
f 910/910/910 909/909/909 904/904/904
f 910/910/910 904/904/904 903/903/903
f 903/903/903 911/911/911 910/910/910
f 903/903/903 900/900/900 911/911/911
f 912/912/912 909/909/909 910/910/910
f 900/900/900 913/913/913 911/911/911
f 900/900/900 901/901/901 913/913/913
f 910/910/910 911/911/911 914/914/914
f 910/910/910 914/914/914 912/912/912
f 911/911/911 913/913/913 915/915/915
f 911/911/911 915/915/915 914/914/914
f 916/916/916 913/913/913 901/901/901
f 916/916/916 901/901/901 902/902/902
f 917/917/917 915/915/915 913/913/913
f 917/917/917 913/913/913 916/916/916
f 914/914/914 915/915/915 918/918/918
f 919/919/919 915/915/915 917/917/917
f 919/919/919 918/918/918 915/915/915
f 914/914/914 918/918/918 920/920/920
f 912/912/912 914/914/914 920/920/920
f 921/921/921 918/918/918 919/919/919
f 912/912/912 922/922/922 909/909/909
f 909/909/909 922/922/922 908/908/908
f 912/912/912 920/920/920 923/923/923
f 923/923/923 922/922/922 912/912/912
f 920/920/920 918/918/918 924/924/924
f 921/921/921 924/924/924 918/918/918
f 923/923/923 920/920/920 925/925/925
f 920/920/920 924/924/924 925/925/925
f 923/923/923 926/926/926 922/922/922
f 926/926/926 908/908/908 922/922/922
f 923/923/923 925/925/925 927/927/927
f 927/927/927 926/926/926 923/923/923
f 925/925/925 924/924/924 928/928/928
f 927/927/927 925/925/925 929/929/929
f 925/925/925 928/928/928 929/929/929
f 930/930/930 928/928/928 924/924/924
f 930/930/930 924/924/924 921/921/921
f 929/929/929 928/928/928 931/931/931
f 932/932/932 928/928/928 930/930/930
f 932/932/932 931/931/931 928/928/928
f 933/933/933 930/930/930 921/921/921
f 934/934/934 932/932/932 930/930/930
f 934/934/934 930/930/930 933/933/933
f 935/935/935 932/932/932 934/934/934
f 933/933/933 921/921/921 936/936/936
f 936/936/936 921/921/921 919/919/919
f 935/935/935 937/937/937 932/932/932
f 937/937/937 931/931/931 932/932/932
f 934/934/934 938/938/938 935/935/935
f 939/939/939 937/937/937 935/935/935
f 939/939/939 935/935/935 938/938/938
f 936/936/936 919/919/919 940/940/940
f 940/940/940 919/919/919 917/917/917
f 940/940/940 917/917/917 941/941/941
f 941/941/941 917/917/917 916/916/916
f 940/940/940 942/942/942 936/936/936
f 941/941/941 943/943/943 940/940/940
f 940/940/940 943/943/943 942/942/942
f 941/941/941 916/916/916 944/944/944
f 944/944/944 916/916/916 902/902/902
f 944/944/944 902/902/902 905/905/905
f 944/944/944 945/945/945 941/941/941
f 941/941/941 945/945/945 943/943/943
f 905/905/905 946/946/946 944/944/944
f 944/944/944 946/946/946 945/945/945
f 905/905/905 907/907/907 946/946/946
f 945/945/945 947/947/947 943/943/943
f 946/946/946 948/948/948 945/945/945
f 945/945/945 948/948/948 947/947/947
f 907/907/907 949/949/949 946/946/946
f 946/946/946 949/949/949 948/948/948
f 907/907/907 950/950/950 949/949/949
f 892/892/892 950/950/950 907/907/907
f 943/943/943 947/947/947 951/951/951
f 943/943/943 951/951/951 942/942/942
f 952/952/952 947/947/947 948/948/948
f 953/953/953 948/948/948 949/949/949
f 952/952/952 948/948/948 953/953/953
f 954/954/954 949/949/949 950/950/950
f 953/953/953 949/949/949 954/954/954
f 955/955/955 947/947/947 952/952/952
f 955/955/955 951/951/951 947/947/947
f 956/956/956 952/952/952 953/953/953
f 957/957/957 955/955/955 952/952/952
f 957/957/957 952/952/952 956/956/956
f 956/956/956 953/953/953 958/958/958
f 958/958/958 953/953/953 954/954/954
f 956/956/956 958/958/958 959/959/959
f 958/958/958 954/954/954 960/960/960
f 960/960/960 959/959/959 958/958/958
f 960/960/960 954/954/954 961/961/961
f 954/954/954 950/950/950 961/961/961
f 957/957/957 956/956/956 962/962/962
f 956/956/956 959/959/959 962/962/962
f 961/961/961 950/950/950 963/963/963
f 892/892/892 963/963/963 950/950/950
f 961/961/961 963/963/963 964/964/964
f 965/965/965 963/963/963 892/892/892
f 965/965/965 892/892/892 890/890/890
f 889/889/889 965/965/965 890/890/890
f 966/966/966 963/963/963 965/965/965
f 966/966/966 964/964/964 963/963/963
f 967/967/967 965/965/965 889/889/889
f 967/967/967 966/966/966 965/965/965
f 889/889/889 888/888/888 967/967/967
f 966/966/966 968/968/968 964/964/964
f 969/969/969 961/961/961 964/964/964
f 969/969/969 964/964/964 968/968/968
f 960/960/960 961/961/961 969/969/969
f 967/967/967 970/970/970 966/966/966
f 966/966/966 970/970/970 968/968/968
f 971/971/971 967/967/967 888/888/888
f 967/967/967 971/971/971 970/970/970
f 969/969/969 972/972/972 960/960/960
f 960/960/960 972/972/972 959/959/959
f 968/968/968 973/973/973 969/969/969
f 969/969/969 973/973/973 972/972/972
f 970/970/970 974/974/974 968/968/968
f 968/968/968 974/974/974 973/973/973
f 971/971/971 975/975/975 970/970/970
f 970/970/970 975/975/975 974/974/974
f 971/971/971 976/976/976 975/975/975
f 977/977/977 974/974/974 975/975/975
f 976/976/976 977/977/977 975/975/975
f 973/973/973 974/974/974 978/978/978
f 977/977/977 978/978/978 974/974/974
f 976/976/976 971/971/971 979/979/979
f 971/971/971 888/888/888 979/979/979
f 976/976/976 980/980/980 977/977/977
f 973/973/973 978/978/978 981/981/981
f 972/972/972 973/973/973 981/981/981
f 976/976/976 979/979/979 982/982/982
f 980/980/980 976/976/976 982/982/982
f 888/888/888 983/983/983 979/979/979
f 982/982/982 979/979/979 983/983/983
f 888/888/888 883/883/883 983/983/983
f 883/883/883 884/884/884 983/983/983
f 884/884/884 984/984/984 983/983/983
f 982/982/982 983/983/983 984/984/984
f 884/884/884 985/985/985 984/984/984
f 980/980/980 982/982/982 986/986/986
f 986/986/986 982/982/982 984/984/984
f 985/985/985 987/987/987 984/984/984
f 986/986/986 984/984/984 987/987/987
f 985/985/985 988/988/988 987/987/987
f 988/988/988 989/989/989 987/987/987
f 986/986/986 987/987/987 989/989/989
f 988/988/988 990/990/990 989/989/989
f 989/989/989 990/990/990 991/991/991
f 992/992/992 980/980/980 986/986/986
f 992/992/992 977/977/977 980/980/980
f 986/986/986 989/989/989 993/993/993
f 992/992/992 986/986/986 993/993/993
f 989/989/989 991/991/991 994/994/994
f 993/993/993 989/989/989 994/994/994
f 994/994/994 991/991/991 995/995/995
f 993/993/993 994/994/994 996/996/996
f 992/992/992 993/993/993 996/996/996
f 994/994/994 995/995/995 997/997/997
f 996/996/996 994/994/994 997/997/997
f 995/995/995 998/998/998 997/997/997
f 995/995/995 999/999/999 998/998/998
f 1000/1000/1000 997/997/997 998/998/998
f 996/996/996 997/997/997 1001/1001/1001
f 1000/1000/1000 1001/1001/1001 997/997/997
f 1002/1002/1002 996/996/996 1001/1001/1001
f 992/992/992 996/996/996 1002/1002/1002
f 1003/1003/1003 1001/1001/1001 1000/1000/1000
f 1002/1002/1002 1001/1001/1001 1003/1003/1003
f 1003/1003/1003 1000/1000/1000 1004/1004/1004
f 1002/1002/1002 1005/1005/1005 992/992/992
f 992/992/992 1005/1005/1005 977/977/977
f 1005/1005/1005 978/978/978 977/977/977
f 1002/1002/1002 1006/1006/1006 1005/1005/1005
f 1003/1003/1003 1006/1006/1006 1002/1002/1002
f 1005/1005/1005 1007/1007/1007 978/978/978
f 1006/1006/1006 1007/1007/1007 1005/1005/1005
f 1007/1007/1007 981/981/981 978/978/978
f 1003/1003/1003 1008/1008/1008 1006/1006/1006
f 1004/1004/1004 1008/1008/1008 1003/1003/1003
f 1004/1004/1004 1009/1009/1009 1008/1008/1008
f 1008/1008/1008 1010/1010/1010 1006/1006/1006
f 1006/1006/1006 1010/1010/1010 1007/1007/1007
f 1009/1009/1009 1011/1011/1011 1008/1008/1008
f 1008/1008/1008 1011/1011/1011 1010/1010/1010
f 1009/1009/1009 1012/1012/1012 1011/1011/1011
f 1011/1011/1011 1012/1012/1012 1013/1013/1013
f 1011/1011/1011 1013/1013/1013 1014/1014/1014
f 1010/1010/1010 1011/1011/1011 1014/1014/1014
f 1014/1014/1014 1013/1013/1013 1015/1015/1015
f 1010/1010/1010 1016/1016/1016 1007/1007/1007
f 1007/1007/1007 1016/1016/1016 981/981/981
f 1010/1010/1010 1014/1014/1014 1017/1017/1017
f 1010/1010/1010 1017/1017/1017 1016/1016/1016
f 1014/1014/1014 1015/1015/1015 1018/1018/1018
f 1017/1017/1017 1014/1014/1014 1018/1018/1018
f 1018/1018/1018 1015/1015/1015 1019/1019/1019
f 1017/1017/1017 1020/1020/1020 1016/1016/1016
f 1017/1017/1017 1018/1018/1018 1021/1021/1021
f 1017/1017/1017 1021/1021/1021 1020/1020/1020
f 1018/1018/1018 1019/1019/1019 1022/1022/1022
f 1021/1021/1021 1018/1018/1018 1022/1022/1022
f 1022/1022/1022 1019/1019/1019 1023/1023/1023
f 1016/1016/1016 1024/1024/1024 981/981/981
f 1016/1016/1016 1020/1020/1020 1024/1024/1024
f 972/972/972 981/981/981 1024/1024/1024
f 959/959/959 972/972/972 1024/1024/1024
f 959/959/959 1024/1024/1024 1025/1025/1025
f 1020/1020/1020 1025/1025/1025 1024/1024/1024
f 962/962/962 959/959/959 1025/1025/1025
f 1026/1026/1026 1020/1020/1020 1021/1021/1021
f 1021/1021/1021 1022/1022/1022 1026/1026/1026
f 1020/1020/1020 1027/1027/1027 1025/1025/1025
f 1026/1026/1026 1027/1027/1027 1020/1020/1020
f 962/962/962 1025/1025/1025 1028/1028/1028
f 1027/1027/1027 1028/1028/1028 1025/1025/1025
f 1026/1026/1026 1022/1022/1022 1029/1029/1029
f 1022/1022/1022 1023/1023/1023 1029/1029/1029
f 1029/1029/1029 1023/1023/1023 1030/1030/1030
f 1026/1026/1026 1029/1029/1029 1031/1031/1031
f 1031/1031/1031 1027/1027/1027 1026/1026/1026
f 1029/1029/1029 1030/1030/1030 1032/1032/1032
f 1031/1031/1031 1029/1029/1029 1032/1032/1032
f 1032/1032/1032 1030/1030/1030 1033/1033/1033
f 1031/1031/1031 1034/1034/1034 1027/1027/1027
f 1027/1027/1027 1034/1034/1034 1028/1028/1028
f 1031/1031/1031 1032/1032/1032 1035/1035/1035
f 1035/1035/1035 1034/1034/1034 1031/1031/1031
f 1032/1032/1032 1033/1033/1033 1036/1036/1036
f 1035/1035/1035 1032/1032/1032 1036/1036/1036
f 1036/1036/1036 1033/1033/1033 1037/1037/1037
f 1035/1035/1035 1038/1038/1038 1034/1034/1034
f 1035/1035/1035 1036/1036/1036 1039/1039/1039
f 1039/1039/1039 1038/1038/1038 1035/1035/1035
f 1036/1036/1036 1037/1037/1037 1040/1040/1040
f 1039/1039/1039 1036/1036/1036 1040/1040/1040
f 1040/1040/1040 1037/1037/1037 1041/1041/1041
f 1034/1034/1034 1038/1038/1038 1042/1042/1042
f 1034/1034/1034 1042/1042/1042 1028/1028/1028
f 1039/1039/1039 1043/1043/1043 1038/1038/1038
f 1043/1043/1043 1042/1042/1042 1038/1038/1038
f 1039/1039/1039 1040/1040/1040 1044/1044/1044
f 1044/1044/1044 1043/1043/1043 1039/1039/1039
f 1040/1040/1040 1041/1041/1041 1045/1045/1045
f 1044/1044/1044 1040/1040/1040 1045/1045/1045
f 1045/1045/1045 1041/1041/1041 1046/1046/1046
f 1047/1047/1047 1028/1028/1028 1042/1042/1042
f 1047/1047/1047 962/962/962 1028/1028/1028
f 957/957/957 962/962/962 1047/1047/1047
f 1048/1048/1048 957/957/957 1047/1047/1047
f 1048/1048/1048 955/955/955 957/957/957
f 1049/1049/1049 1047/1047/1047 1042/1042/1042
f 1048/1048/1048 1047/1047/1047 1049/1049/1049
f 1049/1049/1049 1042/1042/1042 1050/1050/1050
f 1043/1043/1043 1050/1050/1050 1042/1042/1042
f 1051/1051/1051 1048/1048/1048 1049/1049/1049
f 1048/1048/1048 1052/1052/1052 955/955/955
f 1051/1051/1051 1052/1052/1052 1048/1048/1048
f 1052/1052/1052 951/951/951 955/955/955
f 1051/1051/1051 1049/1049/1049 1053/1053/1053
f 1053/1053/1053 1049/1049/1049 1050/1050/1050
f 1051/1051/1051 1054/1054/1054 1052/1052/1052
f 1055/1055/1055 1051/1051/1051 1053/1053/1053
f 1055/1055/1055 1054/1054/1054 1051/1051/1051
f 1052/1052/1052 1056/1056/1056 951/951/951
f 1054/1054/1054 1056/1056/1056 1052/1052/1052
f 942/942/942 951/951/951 1056/1056/1056
f 942/942/942 1056/1056/1056 1057/1057/1057
f 936/936/936 942/942/942 1057/1057/1057
f 936/936/936 1057/1057/1057 933/933/933
f 1057/1057/1057 1056/1056/1056 1058/1058/1058
f 1054/1054/1054 1058/1058/1058 1056/1056/1056
f 933/933/933 1057/1057/1057 1059/1059/1059
f 1057/1057/1057 1058/1058/1058 1059/1059/1059
f 933/933/933 1059/1059/1059 934/934/934
f 934/934/934 1059/1059/1059 938/938/938
f 1060/1060/1060 1058/1058/1058 1054/1054/1054
f 1055/1055/1055 1060/1060/1060 1054/1054/1054
f 1059/1059/1059 1058/1058/1058 1061/1061/1061
f 1059/1059/1059 1061/1061/1061 938/938/938
f 1060/1060/1060 1061/1061/1061 1058/1058/1058
f 1055/1055/1055 1062/1062/1062 1060/1060/1060
f 1062/1062/1062 1061/1061/1061 1060/1060/1060
f 938/938/938 1061/1061/1061 1063/1063/1063
f 1062/1062/1062 1063/1063/1063 1061/1061/1061
f 938/938/938 1063/1063/1063 1064/1064/1064
f 1065/1065/1065 1063/1063/1063 1062/1062/1062
f 939/939/939 938/938/938 1064/1064/1064
f 1055/1055/1055 1066/1066/1066 1062/1062/1062
f 1066/1066/1066 1065/1065/1065 1062/1062/1062
f 1066/1066/1066 1055/1055/1055 1067/1067/1067
f 1055/1055/1055 1053/1053/1053 1067/1067/1067
f 1066/1066/1066 1067/1067/1067 1068/1068/1068
f 1067/1067/1067 1053/1053/1053 1069/1069/1069
f 1053/1053/1053 1050/1050/1050 1069/1069/1069
f 1067/1067/1067 1069/1069/1069 1070/1070/1070
f 1068/1068/1068 1067/1067/1067 1070/1070/1070
f 1071/1071/1071 1069/1069/1069 1050/1050/1050
f 1071/1071/1071 1050/1050/1050 1043/1043/1043
f 1044/1044/1044 1071/1071/1071 1043/1043/1043
f 1072/1072/1072 1069/1069/1069 1071/1071/1071
f 1072/1072/1072 1070/1070/1070 1069/1069/1069
f 1073/1073/1073 1071/1071/1071 1044/1044/1044
f 1073/1073/1073 1072/1072/1072 1071/1071/1071
f 1044/1044/1044 1045/1045/1045 1073/1073/1073
f 1073/1073/1073 1045/1045/1045 1074/1074/1074
f 1045/1045/1045 1046/1046/1046 1074/1074/1074
f 1075/1075/1075 1072/1072/1072 1073/1073/1073
f 1073/1073/1073 1074/1074/1074 1075/1075/1075
f 1076/1076/1076 1074/1074/1074 1046/1046/1046
f 1075/1075/1075 1074/1074/1074 1076/1076/1076
f 1076/1076/1076 1046/1046/1046 1077/1077/1077
f 1075/1075/1075 1078/1078/1078 1072/1072/1072
f 1078/1078/1078 1070/1070/1070 1072/1072/1072
f 1075/1075/1075 1076/1076/1076 1079/1079/1079
f 1079/1079/1079 1078/1078/1078 1075/1075/1075
f 1080/1080/1080 1076/1076/1076 1077/1077/1077
f 1079/1079/1079 1076/1076/1076 1080/1080/1080
f 1080/1080/1080 1077/1077/1077 1081/1081/1081
f 1078/1078/1078 1082/1082/1082 1070/1070/1070
f 1068/1068/1068 1070/1070/1070 1082/1082/1082
f 1079/1079/1079 1083/1083/1083 1078/1078/1078
f 1083/1083/1083 1082/1082/1082 1078/1078/1078
f 1079/1079/1079 1080/1080/1080 1084/1084/1084
f 1084/1084/1084 1083/1083/1083 1079/1079/1079
f 1085/1085/1085 1080/1080/1080 1081/1081/1081
f 1084/1084/1084 1080/1080/1080 1085/1085/1085
f 1085/1085/1085 1081/1081/1081 1086/1086/1086
f 1083/1083/1083 1087/1087/1087 1082/1082/1082
f 1068/1068/1068 1082/1082/1082 1087/1087/1087
f 1084/1084/1084 1088/1088/1088 1083/1083/1083
f 1088/1088/1088 1087/1087/1087 1083/1083/1083
f 1084/1084/1084 1085/1085/1085 1089/1089/1089
f 1089/1089/1089 1088/1088/1088 1084/1084/1084
f 1090/1090/1090 1085/1085/1085 1086/1086/1086
f 1089/1089/1089 1085/1085/1085 1090/1090/1090
f 1090/1090/1090 1086/1086/1086 1091/1091/1091
f 1092/1092/1092 1090/1090/1090 1091/1091/1091
f 1092/1092/1092 1091/1091/1091 1093/1093/1093
f 1094/1094/1094 1090/1090/1090 1092/1092/1092
f 1089/1089/1089 1090/1090/1090 1094/1094/1094
f 1094/1094/1094 1092/1092/1092 1095/1095/1095
f 1094/1094/1094 1096/1096/1096 1089/1089/1089
f 1089/1089/1089 1096/1096/1096 1088/1088/1088
f 1095/1095/1095 1097/1097/1097 1094/1094/1094
f 1094/1094/1094 1097/1097/1097 1096/1096/1096
f 1095/1095/1095 1098/1098/1098 1097/1097/1097
f 1096/1096/1096 1099/1099/1099 1088/1088/1088
f 1088/1088/1088 1099/1099/1099 1087/1087/1087
f 1097/1097/1097 1100/1100/1100 1096/1096/1096
f 1096/1096/1096 1100/1100/1100 1099/1099/1099
f 1098/1098/1098 1101/1101/1101 1097/1097/1097
f 1097/1097/1097 1101/1101/1101 1100/1100/1100
f 1098/1098/1098 1102/1102/1102 1101/1101/1101
f 1103/1103/1103 1101/1101/1101 1102/1102/1102
f 1104/1104/1104 1087/1087/1087 1099/1099/1099
f 1068/1068/1068 1087/1087/1087 1104/1104/1104
f 1104/1104/1104 1099/1099/1099 1105/1105/1105
f 1106/1106/1106 1068/1068/1068 1104/1104/1104
f 1106/1106/1106 1066/1066/1066 1068/1068/1068
f 1107/1107/1107 1104/1104/1104 1105/1105/1105
f 1107/1107/1107 1106/1106/1106 1104/1104/1104
f 1108/1108/1108 1105/1105/1105 1099/1099/1099
f 1108/1108/1108 1099/1099/1099 1100/1100/1100
f 1107/1107/1107 1105/1105/1105 1108/1108/1108
f 1066/1066/1066 1106/1106/1106 1065/1065/1065
f 1106/1106/1106 1107/1107/1107 1109/1109/1109
f 1106/1106/1106 1109/1109/1109 1065/1065/1065
f 1110/1110/1110 1100/1100/1100 1101/1101/1101
f 1110/1110/1110 1108/1108/1108 1100/1100/1100
f 1103/1103/1103 1110/1110/1110 1101/1101/1101
f 1107/1107/1107 1108/1108/1108 1111/1111/1111
f 1111/1111/1111 1108/1108/1108 1110/1110/1110
f 1112/1112/1112 1110/1110/1110 1103/1103/1103
f 1111/1111/1111 1110/1110/1110 1112/1112/1112
f 1112/1112/1112 1103/1103/1103 1113/1113/1113
f 1113/1113/1113 1114/1114/1114 1112/1112/1112
f 1111/1111/1111 1112/1112/1112 1114/1114/1114
f 1113/1113/1113 1115/1115/1115 1114/1114/1114
f 1107/1107/1107 1111/1111/1111 1116/1116/1116
f 1111/1111/1111 1114/1114/1114 1116/1116/1116
f 1107/1107/1107 1116/1116/1116 1109/1109/1109
f 1116/1116/1116 1117/1117/1117 1109/1109/1109
f 1065/1065/1065 1109/1109/1109 1117/1117/1117
f 1114/1114/1114 1118/1118/1118 1116/1116/1116
f 1116/1116/1116 1118/1118/1118 1117/1117/1117
f 1115/1115/1115 1119/1119/1119 1114/1114/1114
f 1114/1114/1114 1119/1119/1119 1118/1118/1118
f 1115/1115/1115 1120/1120/1120 1119/1119/1119
f 1121/1121/1121 1119/1119/1119 1120/1120/1120
f 1121/1121/1121 1122/1122/1122 1119/1119/1119
f 1122/1122/1122 1118/1118/1118 1119/1119/1119
f 1123/1123/1123 1122/1122/1122 1121/1121/1121
f 1122/1122/1122 1124/1124/1124 1118/1118/1118
f 1124/1124/1124 1117/1117/1117 1118/1118/1118
f 1123/1123/1123 1125/1125/1125 1122/1122/1122
f 1125/1125/1125 1124/1124/1124 1122/1122/1122
f 1125/1125/1125 1123/1123/1123 1126/1126/1126
f 1124/1124/1124 1127/1127/1127 1117/1117/1117
f 1125/1125/1125 1128/1128/1128 1124/1124/1124
f 1128/1128/1128 1127/1127/1127 1124/1124/1124
f 1125/1125/1125 1126/1126/1126 1129/1129/1129
f 1128/1128/1128 1125/1125/1125 1129/1129/1129
f 1126/1126/1126 1130/1130/1130 1129/1129/1129
f 1126/1126/1126 1131/1131/1131 1130/1130/1130
f 1128/1128/1128 1129/1129/1129 1132/1132/1132
f 1132/1132/1132 1129/1129/1129 1130/1130/1130
f 1133/1133/1133 1130/1130/1130 1131/1131/1131
f 1134/1134/1134 1128/1128/1128 1132/1132/1132
f 1128/1128/1128 1134/1134/1134 1127/1127/1127
f 1132/1132/1132 1130/1130/1130 1135/1135/1135
f 1133/1133/1133 1136/1136/1136 1130/1130/1130
f 1136/1136/1136 1135/1135/1135 1130/1130/1130
f 1137/1137/1137 1136/1136/1136 1133/1133/1133
f 1137/1137/1137 1133/1133/1133 1138/1138/1138
f 1134/1134/1134 1132/1132/1132 1139/1139/1139
f 1139/1139/1139 1132/1132/1132 1135/1135/1135
f 1138/1138/1138 1140/1140/1140 1137/1137/1137
f 1138/1138/1138 1141/1141/1141 1140/1140/1140
f 1139/1139/1139 1135/1135/1135 1142/1142/1142
f 1136/1136/1136 1143/1143/1143 1135/1135/1135
f 1143/1143/1143 1142/1142/1142 1135/1135/1135
f 1144/1144/1144 1136/1136/1136 1137/1137/1137
f 1144/1144/1144 1143/1143/1143 1136/1136/1136
f 1137/1137/1137 1145/1145/1145 1144/1144/1144
f 1137/1137/1137 1140/1140/1140 1145/1145/1145
f 1146/1146/1146 1143/1143/1143 1144/1144/1144
f 1141/1141/1141 1147/1147/1147 1140/1140/1140
f 1141/1141/1141 1148/1148/1148 1147/1147/1147
f 1149/1149/1149 1147/1147/1147 1148/1148/1148
f 1140/1140/1140 1147/1147/1147 1150/1150/1150
f 1140/1140/1140 1150/1150/1150 1145/1145/1145
f 1149/1149/1149 1151/1151/1151 1147/1147/1147
f 1151/1151/1151 1150/1150/1150 1147/1147/1147
f 1152/1152/1152 1151/1151/1151 1149/1149/1149
f 1152/1152/1152 1153/1153/1153 1151/1151/1151
f 1153/1153/1153 1152/1152/1152 1154/1154/1154
f 1151/1151/1151 1155/1155/1155 1150/1150/1150
f 1153/1153/1153 1155/1155/1155 1151/1151/1151
f 1145/1145/1145 1150/1150/1150 1156/1156/1156
f 1155/1155/1155 1156/1156/1156 1150/1150/1150
f 1153/1153/1153 1154/1154/1154 1157/1157/1157
f 1157/1157/1157 1154/1154/1154 1158/1158/1158
f 1153/1153/1153 1159/1159/1159 1155/1155/1155
f 1159/1159/1159 1153/1153/1153 1157/1157/1157
f 1155/1155/1155 1160/1160/1160 1156/1156/1156
f 1159/1159/1159 1160/1160/1160 1155/1155/1155
f 1145/1145/1145 1156/1156/1156 1161/1161/1161
f 1144/1144/1144 1145/1145/1145 1161/1161/1161
f 1160/1160/1160 1162/1162/1162 1156/1156/1156
f 1161/1161/1161 1156/1156/1156 1162/1162/1162
f 1144/1144/1144 1161/1161/1161 1146/1146/1146
f 1146/1146/1146 1161/1161/1161 1163/1163/1163
f 1161/1161/1161 1162/1162/1162 1163/1163/1163
f 1146/1146/1146 1163/1163/1163 1164/1164/1164
f 1165/1165/1165 1163/1163/1163 1162/1162/1162
f 1164/1164/1164 1163/1163/1163 1165/1165/1165
f 1164/1164/1164 1166/1166/1166 1146/1146/1146
f 1146/1146/1146 1166/1166/1166 1143/1143/1143
f 1143/1143/1143 1166/1166/1166 1142/1142/1142
f 1164/1164/1164 1167/1167/1167 1166/1166/1166
f 1167/1167/1167 1142/1142/1142 1166/1166/1166
f 1164/1164/1164 1165/1165/1165 1168/1168/1168
f 1168/1168/1168 1167/1167/1167 1164/1164/1164
f 1165/1165/1165 1162/1162/1162 1169/1169/1169
f 1168/1168/1168 1165/1165/1165 1170/1170/1170
f 1170/1170/1170 1165/1165/1165 1169/1169/1169
f 1171/1171/1171 1169/1169/1169 1162/1162/1162
f 1160/1160/1160 1171/1171/1171 1162/1162/1162
f 1170/1170/1170 1169/1169/1169 1172/1172/1172
f 1173/1173/1173 1171/1171/1171 1160/1160/1160
f 1159/1159/1159 1173/1173/1173 1160/1160/1160
f 1171/1171/1171 1174/1174/1174 1169/1169/1169
f 1174/1174/1174 1172/1172/1172 1169/1169/1169
f 1173/1173/1173 1175/1175/1175 1171/1171/1171
f 1175/1175/1175 1174/1174/1174 1171/1171/1171
f 1173/1173/1173 1159/1159/1159 1176/1176/1176
f 1159/1159/1159 1157/1157/1157 1176/1176/1176
f 1175/1175/1175 1173/1173/1173 1177/1177/1177
f 1173/1173/1173 1176/1176/1176 1177/1177/1177
f 1176/1176/1176 1157/1157/1157 1178/1178/1178
f 1157/1157/1157 1158/1158/1158 1178/1178/1178
f 639/639/639 1178/1178/1178 1158/1158/1158
f 639/639/639 638/638/638 1178/1178/1178
f 1176/1176/1176 1178/1178/1178 1179/1179/1179
f 638/638/638 1179/1179/1179 1178/1178/1178
f 1177/1177/1177 1176/1176/1176 1179/1179/1179
f 638/638/638 642/642/642 1179/1179/1179
f 642/642/642 1180/1180/1180 1179/1179/1179
f 1177/1177/1177 1179/1179/1179 1180/1180/1180
f 642/642/642 643/643/643 1180/1180/1180
f 643/643/643 722/722/722 1180/1180/1180
f 1181/1181/1181 1177/1177/1177 1180/1180/1180
f 1181/1181/1181 1180/1180/1180 722/722/722
f 1175/1175/1175 1177/1177/1177 1181/1181/1181
f 1182/1182/1182 1181/1181/1181 722/722/722
f 1183/1183/1183 1175/1175/1175 1181/1181/1181
f 1183/1183/1183 1181/1181/1181 1182/1182/1182
f 1175/1175/1175 1183/1183/1183 1174/1174/1174
f 1182/1182/1182 722/722/722 724/724/724
f 1183/1183/1183 1184/1184/1184 1174/1174/1174
f 1174/1174/1174 1184/1184/1184 1172/1172/1172
f 1185/1185/1185 1183/1183/1183 1182/1182/1182
f 1183/1183/1183 1185/1185/1185 1184/1184/1184
f 1186/1186/1186 1182/1182/1182 724/724/724
f 1185/1185/1185 1182/1182/1182 1186/1186/1186
f 1186/1186/1186 724/724/724 728/728/728
f 1187/1187/1187 1186/1186/1186 728/728/728
f 1187/1187/1187 728/728/728 734/734/734
f 736/736/736 1187/1187/1187 734/734/734
f 1188/1188/1188 1186/1186/1186 1187/1187/1187
f 1188/1188/1188 1185/1185/1185 1186/1186/1186
f 1189/1189/1189 1187/1187/1187 736/736/736
f 1189/1189/1189 1188/1188/1188 1187/1187/1187
f 791/791/791 1189/1189/1189 736/736/736
f 1185/1185/1185 1188/1188/1188 1190/1190/1190
f 1185/1185/1185 1190/1190/1190 1184/1184/1184
f 1188/1188/1188 1189/1189/1189 1191/1191/1191
f 1188/1188/1188 1191/1191/1191 1190/1190/1190
f 1189/1189/1189 791/791/791 1192/1192/1192
f 1189/1189/1189 1192/1192/1192 1191/1191/1191
f 1190/1190/1190 1191/1191/1191 1193/1193/1193
f 1192/1192/1192 1193/1193/1193 1191/1191/1191
f 1184/1184/1184 1190/1190/1190 1194/1194/1194
f 1190/1190/1190 1193/1193/1193 1194/1194/1194
f 1184/1184/1184 1194/1194/1194 1172/1172/1172
f 791/791/791 1195/1195/1195 1192/1192/1192
f 791/791/791 787/787/787 1195/1195/1195
f 1192/1192/1192 1196/1196/1196 1193/1193/1193
f 1195/1195/1195 1196/1196/1196 1192/1192/1192
f 787/787/787 1197/1197/1197 1195/1195/1195
f 787/787/787 788/788/788 1197/1197/1197
f 788/788/788 797/797/797 1197/1197/1197
f 797/797/797 908/908/908 1197/1197/1197
f 1197/1197/1197 1198/1198/1198 1195/1195/1195
f 1197/1197/1197 908/908/908 1198/1198/1198
f 1195/1195/1195 1198/1198/1198 1196/1196/1196
f 926/926/926 1198/1198/1198 908/908/908
f 926/926/926 1196/1196/1196 1198/1198/1198
f 926/926/926 1199/1199/1199 1196/1196/1196
f 1199/1199/1199 1193/1193/1193 1196/1196/1196
f 927/927/927 1199/1199/1199 926/926/926
f 1199/1199/1199 1200/1200/1200 1193/1193/1193
f 1200/1200/1200 1194/1194/1194 1193/1193/1193
f 1201/1201/1201 1199/1199/1199 927/927/927
f 1201/1201/1201 1200/1200/1200 1199/1199/1199
f 927/927/927 929/929/929 1201/1201/1201
f 1200/1200/1200 1202/1202/1202 1194/1194/1194
f 1202/1202/1202 1172/1172/1172 1194/1194/1194
f 1202/1202/1202 1170/1170/1170 1172/1172/1172
f 1203/1203/1203 1202/1202/1202 1200/1200/1200
f 1203/1203/1203 1200/1200/1200 1201/1201/1201
f 1204/1204/1204 1170/1170/1170 1202/1202/1202
f 1204/1204/1204 1202/1202/1202 1203/1203/1203
f 1168/1168/1168 1170/1170/1170 1204/1204/1204
f 1201/1201/1201 929/929/929 1205/1205/1205
f 1201/1201/1201 1205/1205/1205 1203/1203/1203
f 929/929/929 931/931/931 1205/1205/1205
f 1203/1203/1203 1206/1206/1206 1204/1204/1204
f 1203/1203/1203 1205/1205/1205 1206/1206/1206
f 1204/1204/1204 1207/1207/1207 1168/1168/1168
f 1204/1204/1204 1206/1206/1206 1207/1207/1207
f 1168/1168/1168 1207/1207/1207 1167/1167/1167
f 1205/1205/1205 931/931/931 1208/1208/1208
f 1205/1205/1205 1208/1208/1208 1206/1206/1206
f 937/937/937 1208/1208/1208 931/931/931
f 1207/1207/1207 1209/1209/1209 1167/1167/1167
f 1167/1167/1167 1209/1209/1209 1142/1142/1142
f 1206/1206/1206 1210/1210/1210 1207/1207/1207
f 1206/1206/1206 1208/1208/1208 1210/1210/1210
f 1207/1207/1207 1210/1210/1210 1209/1209/1209
f 1211/1211/1211 1208/1208/1208 937/937/937
f 1211/1211/1211 1210/1210/1210 1208/1208/1208
f 939/939/939 1211/1211/1211 937/937/937
f 1212/1212/1212 1209/1209/1209 1210/1210/1210
f 1212/1212/1212 1210/1210/1210 1211/1211/1211
f 1212/1212/1212 1142/1142/1142 1209/1209/1209
f 939/939/939 1212/1212/1212 1211/1211/1211
f 1212/1212/1212 1139/1139/1139 1142/1142/1142
f 939/939/939 1213/1213/1213 1212/1212/1212
f 1213/1213/1213 1139/1139/1139 1212/1212/1212
f 1213/1213/1213 939/939/939 1064/1064/1064
f 1213/1213/1213 1134/1134/1134 1139/1139/1139
f 1134/1134/1134 1213/1213/1213 1214/1214/1214
f 1213/1213/1213 1064/1064/1064 1214/1214/1214
f 1134/1134/1134 1214/1214/1214 1127/1127/1127
f 1064/1064/1064 1215/1215/1215 1214/1214/1214
f 1127/1127/1127 1214/1214/1214 1215/1215/1215
f 1064/1064/1064 1063/1063/1063 1215/1215/1215
f 1127/1127/1127 1215/1215/1215 1117/1117/1117
f 1065/1065/1065 1215/1215/1215 1063/1063/1063
f 1065/1065/1065 1117/1117/1117 1215/1215/1215
f 1216/1216/1216 1217/1217/1217 1218/1218/1218
f 1219/1219/1219 1217/1217/1217 1216/1216/1216
f 1219/1219/1219 1216/1216/1216 1220/1220/1220
f 1216/1216/1216 1218/1218/1218 1221/1221/1221
f 1220/1220/1220 1216/1216/1216 1221/1221/1221
f 1222/1222/1222 1221/1221/1221 1218/1218/1218
f 1223/1223/1223 1222/1222/1222 1218/1218/1218
f 1222/1222/1222 1224/1224/1224 1221/1221/1221
f 1223/1223/1223 1218/1218/1218 1225/1225/1225
f 1217/1217/1217 1225/1225/1225 1218/1218/1218
f 1226/1226/1226 1223/1223/1223 1225/1225/1225
f 1224/1224/1224 1227/1227/1227 1221/1221/1221
f 1220/1220/1220 1221/1221/1221 1227/1227/1227
f 1224/1224/1224 1228/1228/1228 1227/1227/1227
f 1227/1227/1227 1228/1228/1228 1229/1229/1229
f 1227/1227/1227 1229/1229/1229 1230/1230/1230
f 1220/1220/1220 1227/1227/1227 1230/1230/1230
f 1230/1230/1230 1229/1229/1229 1231/1231/1231
f 1230/1230/1230 1231/1231/1231 1232/1232/1232
f 1232/1232/1232 1231/1231/1231 1233/1233/1233
f 1220/1220/1220 1230/1230/1230 1234/1234/1234
f 1234/1234/1234 1230/1230/1230 1232/1232/1232
f 1235/1235/1235 1220/1220/1220 1234/1234/1234
f 1219/1219/1219 1220/1220/1220 1235/1235/1235
f 1232/1232/1232 1233/1233/1233 1236/1236/1236
f 1236/1236/1236 1233/1233/1233 828/828/828
f 1236/1236/1236 828/828/828 826/826/826
f 1237/1237/1237 1232/1232/1232 1236/1236/1236
f 1234/1234/1234 1232/1232/1232 1237/1237/1237
f 1238/1238/1238 1236/1236/1236 826/826/826
f 1237/1237/1237 1236/1236/1236 1238/1238/1238
f 1238/1238/1238 826/826/826 767/767/767
f 765/765/765 1238/1238/1238 767/767/767
f 1239/1239/1239 1238/1238/1238 765/765/765
f 1239/1239/1239 1237/1237/1237 1238/1238/1238
f 765/765/765 756/756/756 1239/1239/1239
f 1240/1240/1240 1234/1234/1234 1237/1237/1237
f 1240/1240/1240 1237/1237/1237 1239/1239/1239
f 1235/1235/1235 1234/1234/1234 1240/1240/1240
f 1239/1239/1239 756/756/756 1241/1241/1241
f 1239/1239/1239 1241/1241/1241 1240/1240/1240
f 756/756/756 752/752/752 1241/1241/1241
f 1241/1241/1241 752/752/752 696/696/696
f 1240/1240/1240 1241/1241/1241 1242/1242/1242
f 1240/1240/1240 1242/1242/1242 1235/1235/1235
f 1241/1241/1241 696/696/696 1242/1242/1242
f 1242/1242/1242 696/696/696 1243/1243/1243
f 696/696/696 690/690/690 1243/1243/1243
f 1235/1235/1235 1242/1242/1242 1244/1244/1244
f 1242/1242/1242 1243/1243/1243 1244/1244/1244
f 1235/1235/1235 1244/1244/1244 1219/1219/1219
f 1243/1243/1243 690/690/690 692/692/692
f 1245/1245/1245 1219/1219/1219 1244/1244/1244
f 1219/1219/1219 1245/1245/1245 1217/1217/1217
f 1246/1246/1246 1244/1244/1244 1243/1243/1243
f 1245/1245/1245 1244/1244/1244 1246/1246/1246
f 1243/1243/1243 692/692/692 1247/1247/1247
f 1246/1246/1246 1243/1243/1243 1247/1247/1247
f 1245/1245/1245 1248/1248/1248 1217/1217/1217
f 1217/1217/1217 1248/1248/1248 1225/1225/1225
f 1249/1249/1249 1245/1245/1245 1246/1246/1246
f 1245/1245/1245 1249/1249/1249 1248/1248/1248
f 1250/1250/1250 1246/1246/1246 1247/1247/1247
f 1249/1249/1249 1246/1246/1246 1250/1250/1250
f 1251/1251/1251 1247/1247/1247 692/692/692
f 1250/1250/1250 1247/1247/1247 1251/1251/1251
f 1251/1251/1251 692/692/692 1252/1252/1252
f 689/689/689 1252/1252/1252 692/692/692
f 1253/1253/1253 1250/1250/1250 1251/1251/1251
f 1254/1254/1254 1251/1251/1251 1252/1252/1252
f 1253/1253/1253 1251/1251/1251 1254/1254/1254
f 1254/1254/1254 1252/1252/1252 1255/1255/1255
f 1255/1255/1255 1252/1252/1252 689/689/689
f 1253/1253/1253 1254/1254/1254 1256/1256/1256
f 1255/1255/1255 1256/1256/1256 1254/1254/1254
f 1257/1257/1257 1250/1250/1250 1253/1253/1253
f 1257/1257/1257 1249/1249/1249 1250/1250/1250
f 1255/1255/1255 689/689/689 1258/1258/1258
f 682/682/682 1258/1258/1258 689/689/689
f 1255/1255/1255 1259/1259/1259 1256/1256/1256
f 1258/1258/1258 1259/1259/1259 1255/1255/1255
f 682/682/682 1260/1260/1260 1258/1258/1258
f 1258/1258/1258 1260/1260/1260 1259/1259/1259
f 682/682/682 479/479/479 1260/1260/1260
f 479/479/479 478/478/478 1260/1260/1260
f 1260/1260/1260 478/478/478 1261/1261/1261
f 1260/1260/1260 1261/1261/1261 1259/1259/1259
f 475/475/475 1261/1261/1261 478/478/478
f 1259/1259/1259 1262/1262/1262 1256/1256/1256
f 1259/1259/1259 1261/1261/1261 1262/1262/1262
f 1263/1263/1263 1261/1261/1261 475/475/475
f 1263/1263/1263 1262/1262/1262 1261/1261/1261
f 464/464/464 1263/1263/1263 475/475/475
f 1264/1264/1264 1256/1256/1256 1262/1262/1262
f 1253/1253/1253 1256/1256/1256 1264/1264/1264
f 1257/1257/1257 1253/1253/1253 1264/1264/1264
f 1264/1264/1264 1262/1262/1262 1265/1265/1265
f 1265/1265/1265 1262/1262/1262 1263/1263/1263
f 1257/1257/1257 1264/1264/1264 1266/1266/1266
f 1266/1266/1266 1264/1264/1264 1265/1265/1265
f 1266/1266/1266 1267/1267/1267 1257/1257/1257
f 1249/1249/1249 1257/1257/1257 1267/1267/1267
f 1249/1249/1249 1267/1267/1267 1248/1248/1248
f 1265/1265/1265 1263/1263/1263 1268/1268/1268
f 1268/1268/1268 1263/1263/1263 464/464/464
f 1266/1266/1266 1265/1265/1265 1269/1269/1269
f 1269/1269/1269 1265/1265/1265 1268/1268/1268
f 1266/1266/1266 1270/1270/1270 1267/1267/1267
f 1269/1269/1269 1270/1270/1270 1266/1266/1266
f 1248/1248/1248 1267/1267/1267 1271/1271/1271
f 1270/1270/1270 1271/1271/1271 1267/1267/1267
f 1248/1248/1248 1271/1271/1271 1225/1225/1225
f 1226/1226/1226 1225/1225/1225 1271/1271/1271
f 1272/1272/1272 1226/1226/1226 1271/1271/1271
f 1270/1270/1270 1272/1272/1272 1271/1271/1271
f 1272/1272/1272 1273/1273/1273 1226/1226/1226
f 1269/1269/1269 1274/1274/1274 1270/1270/1270
f 1274/1274/1274 1272/1272/1272 1270/1270/1270
f 1275/1275/1275 1273/1273/1273 1272/1272/1272
f 1274/1274/1274 1275/1275/1275 1272/1272/1272
f 1275/1275/1275 1276/1276/1276 1273/1273/1273
f 1277/1277/1277 1274/1274/1274 1269/1269/1269
f 1269/1269/1269 1268/1268/1268 1277/1277/1277
f 1278/1278/1278 1275/1275/1275 1274/1274/1274
f 1277/1277/1277 1278/1278/1278 1274/1274/1274
f 1279/1279/1279 1276/1276/1276 1275/1275/1275
f 1278/1278/1278 1279/1279/1279 1275/1275/1275
f 1279/1279/1279 1280/1280/1280 1276/1276/1276
f 1277/1277/1277 1268/1268/1268 1281/1281/1281
f 1268/1268/1268 464/464/464 1281/1281/1281
f 1281/1281/1281 464/464/464 461/461/461
f 1277/1277/1277 1281/1281/1281 1282/1282/1282
f 1282/1282/1282 1278/1278/1278 1277/1277/1277
f 1281/1281/1281 461/461/461 1283/1283/1283
f 460/460/460 1283/1283/1283 461/461/461
f 1284/1284/1284 1282/1282/1282 1281/1281/1281
f 1284/1284/1284 1281/1281/1281 1283/1283/1283
f 1285/1285/1285 1283/1283/1283 460/460/460
f 1285/1285/1285 1284/1284/1284 1283/1283/1283
f 456/456/456 1285/1285/1285 460/460/460
f 1282/1282/1282 1286/1286/1286 1278/1278/1278
f 1286/1286/1286 1279/1279/1279 1278/1278/1278
f 1282/1282/1282 1284/1284/1284 1287/1287/1287
f 1282/1282/1282 1287/1287/1287 1286/1286/1286
f 1284/1284/1284 1285/1285/1285 1288/1288/1288
f 1284/1284/1284 1288/1288/1288 1287/1287/1287
f 1285/1285/1285 456/456/456 1289/1289/1289
f 1285/1285/1285 1289/1289/1289 1288/1288/1288
f 456/456/456 457/457/457 1289/1289/1289
f 1289/1289/1289 457/457/457 1290/1290/1290
f 445/445/445 1290/1290/1290 457/457/457
f 445/445/445 440/440/440 1290/1290/1290
f 440/440/440 441/441/441 1290/1290/1290
f 1289/1289/1289 1290/1290/1290 1291/1291/1291
f 441/441/441 1291/1291/1291 1290/1290/1290
f 1288/1288/1288 1289/1289/1289 1291/1291/1291
f 441/441/441 1292/1292/1292 1291/1291/1291
f 1288/1288/1288 1291/1291/1291 1293/1293/1293
f 1292/1292/1292 1293/1293/1293 1291/1291/1291
f 1287/1287/1287 1288/1288/1288 1293/1293/1293
f 1292/1292/1292 1294/1294/1294 1293/1293/1293
f 1287/1287/1287 1293/1293/1293 1295/1295/1295
f 1294/1294/1294 1295/1295/1295 1293/1293/1293
f 1286/1286/1286 1287/1287/1287 1295/1295/1295
f 1294/1294/1294 1296/1296/1296 1295/1295/1295
f 1286/1286/1286 1295/1295/1295 1297/1297/1297
f 1296/1296/1296 1297/1297/1297 1295/1295/1295
f 1286/1286/1286 1297/1297/1297 1279/1279/1279
f 1296/1296/1296 1298/1298/1298 1297/1297/1297
f 1297/1297/1297 1280/1280/1280 1279/1279/1279
f 1297/1297/1297 1298/1298/1298 1280/1280/1280
f 1299/1299/1299 1300/1300/1300 1301/1301/1301
f 1299/1299/1299 1301/1301/1301 1302/1302/1302
f 1303/1303/1303 1300/1300/1300 1299/1299/1299
f 1301/1301/1301 1300/1300/1300 1304/1304/1304
f 1301/1301/1301 1304/1304/1304 1305/1305/1305
f 1303/1303/1303 1306/1306/1306 1300/1300/1300
f 1307/1307/1307 1306/1306/1306 1303/1303/1303
f 1300/1300/1300 1308/1308/1308 1304/1304/1304
f 1300/1300/1300 1306/1306/1306 1308/1308/1308
f 1307/1307/1307 1309/1309/1309 1306/1306/1306
f 1309/1309/1309 1308/1308/1308 1306/1306/1306
f 1309/1309/1309 1307/1307/1307 1310/1310/1310
f 1305/1305/1305 1304/1304/1304 1311/1311/1311
f 1305/1305/1305 1311/1311/1311 1312/1312/1312
f 1304/1304/1304 1308/1308/1308 1313/1313/1313
f 1304/1304/1304 1313/1313/1313 1311/1311/1311
f 1309/1309/1309 1314/1314/1314 1308/1308/1308
f 1314/1314/1314 1313/1313/1313 1308/1308/1308
f 1309/1309/1309 1310/1310/1310 1315/1315/1315
f 1314/1314/1314 1309/1309/1309 1315/1315/1315
f 1315/1315/1315 1310/1310/1310 1316/1316/1316
f 1315/1315/1315 1316/1316/1316 1317/1317/1317
f 1318/1318/1318 1317/1317/1317 1316/1316/1316
f 1314/1314/1314 1315/1315/1315 1319/1319/1319
f 1319/1319/1319 1315/1315/1315 1317/1317/1317
f 1318/1318/1318 1320/1320/1320 1317/1317/1317
f 1321/1321/1321 1320/1320/1320 1318/1318/1318
f 1319/1319/1319 1317/1317/1317 1322/1322/1322
f 1320/1320/1320 1322/1322/1322 1317/1317/1317
f 1323/1323/1323 1314/1314/1314 1319/1319/1319
f 1314/1314/1314 1323/1323/1323 1313/1313/1313
f 1324/1324/1324 1319/1319/1319 1322/1322/1322
f 1323/1323/1323 1319/1319/1319 1324/1324/1324
f 1321/1321/1321 1325/1325/1325 1320/1320/1320
f 1326/1326/1326 1325/1325/1325 1321/1321/1321
f 1320/1320/1320 1327/1327/1327 1322/1322/1322
f 1325/1325/1325 1327/1327/1327 1320/1320/1320
f 1326/1326/1326 1328/1328/1328 1325/1325/1325
f 1329/1329/1329 1328/1328/1328 1326/1326/1326
f 1325/1325/1325 1330/1330/1330 1327/1327/1327
f 1328/1328/1328 1330/1330/1330 1325/1325/1325
f 1331/1331/1331 1322/1322/1322 1327/1327/1327
f 1324/1324/1324 1322/1322/1322 1331/1331/1331
f 1332/1332/1332 1327/1327/1327 1330/1330/1330
f 1331/1331/1331 1327/1327/1327 1332/1332/1332
f 1329/1329/1329 1333/1333/1333 1328/1328/1328
f 1334/1334/1334 1333/1333/1333 1329/1329/1329
f 1328/1328/1328 1335/1335/1335 1330/1330/1330
f 1333/1333/1333 1335/1335/1335 1328/1328/1328
f 1334/1334/1334 1336/1336/1336 1333/1333/1333
f 1337/1337/1337 1336/1336/1336 1334/1334/1334
f 1333/1333/1333 1338/1338/1338 1335/1335/1335
f 1336/1336/1336 1338/1338/1338 1333/1333/1333
f 1339/1339/1339 1330/1330/1330 1335/1335/1335
f 1332/1332/1332 1330/1330/1330 1339/1339/1339
f 1340/1340/1340 1335/1335/1335 1338/1338/1338
f 1339/1339/1339 1335/1335/1335 1340/1340/1340
f 1337/1337/1337 1341/1341/1341 1336/1336/1336
f 1342/1342/1342 1341/1341/1341 1337/1337/1337
f 1336/1336/1336 1343/1343/1343 1338/1338/1338
f 1341/1341/1341 1343/1343/1343 1336/1336/1336
f 1344/1344/1344 1338/1338/1338 1343/1343/1343
f 1340/1340/1340 1338/1338/1338 1344/1344/1344
f 1341/1341/1341 1345/1345/1345 1343/1343/1343
f 1342/1342/1342 1346/1346/1346 1341/1341/1341
f 1346/1346/1346 1345/1345/1345 1341/1341/1341
f 1347/1347/1347 1346/1346/1346 1342/1342/1342
f 1347/1347/1347 1342/1342/1342 1348/1348/1348
f 1346/1346/1346 1349/1349/1349 1345/1345/1345
f 1347/1347/1347 1349/1349/1349 1346/1346/1346
f 1350/1350/1350 1343/1343/1343 1345/1345/1345
f 1344/1344/1344 1343/1343/1343 1350/1350/1350
f 1351/1351/1351 1347/1347/1347 1348/1348/1348
f 1351/1351/1351 1348/1348/1348 1352/1352/1352
f 1347/1347/1347 1353/1353/1353 1349/1349/1349
f 1351/1351/1351 1353/1353/1353 1347/1347/1347
f 1354/1354/1354 1345/1345/1345 1349/1349/1349
f 1350/1350/1350 1345/1345/1345 1354/1354/1354
f 1355/1355/1355 1349/1349/1349 1353/1353/1353
f 1354/1354/1354 1349/1349/1349 1355/1355/1355
f 1351/1351/1351 1356/1356/1356 1353/1353/1353
f 1357/1357/1357 1351/1351/1351 1352/1352/1352
f 1357/1357/1357 1352/1352/1352 1358/1358/1358
f 1359/1359/1359 1356/1356/1356 1351/1351/1351
f 1359/1359/1359 1351/1351/1351 1357/1357/1357
f 1360/1360/1360 1353/1353/1353 1356/1356/1356
f 1355/1355/1355 1353/1353/1353 1360/1360/1360
f 1361/1361/1361 1356/1356/1356 1359/1359/1359
f 1360/1360/1360 1356/1356/1356 1361/1361/1361
f 1362/1362/1362 1357/1357/1357 1358/1358/1358
f 1362/1362/1362 1358/1358/1358 1363/1363/1363
f 1362/1362/1362 1363/1363/1363 1364/1364/1364
f 1365/1365/1365 1357/1357/1357 1362/1362/1362
f 1365/1365/1365 1359/1359/1359 1357/1357/1357
f 1362/1362/1362 1364/1364/1364 1366/1366/1366
f 1365/1365/1365 1362/1362/1362 1366/1366/1366
f 1367/1367/1367 1366/1366/1366 1364/1364/1364
f 1367/1367/1367 1364/1364/1364 1368/1368/1368
f 1369/1369/1369 1367/1367/1367 1368/1368/1368
f 1369/1369/1369 1368/1368/1368 1370/1370/1370
f 1371/1371/1371 1367/1367/1367 1369/1369/1369
f 1371/1371/1371 1372/1372/1372 1367/1367/1367
f 1372/1372/1372 1366/1366/1366 1367/1367/1367
f 1372/1372/1372 1371/1371/1371 1373/1373/1373
f 1372/1372/1372 1374/1374/1374 1366/1366/1366
f 1365/1365/1365 1366/1366/1366 1374/1374/1374
f 1372/1372/1372 1373/1373/1373 1375/1375/1375
f 1374/1374/1374 1372/1372/1372 1375/1375/1375
f 1365/1365/1365 1374/1374/1374 1376/1376/1376
f 1374/1374/1374 1375/1375/1375 1376/1376/1376
f 1373/1373/1373 1377/1377/1377 1375/1375/1375
f 1373/1373/1373 1378/1378/1378 1377/1377/1377
f 1375/1375/1375 1379/1379/1379 1376/1376/1376
f 1375/1375/1375 1377/1377/1377 1379/1379/1379
f 1365/1365/1365 1376/1376/1376 1380/1380/1380
f 1380/1380/1380 1376/1376/1376 1379/1379/1379
f 1381/1381/1381 1365/1365/1365 1380/1380/1380
f 1381/1381/1381 1359/1359/1359 1365/1365/1365
f 1361/1361/1361 1359/1359/1359 1381/1381/1381
f 1378/1378/1378 1382/1382/1382 1377/1377/1377
f 1378/1378/1378 1383/1383/1383 1382/1382/1382
f 1384/1384/1384 1379/1379/1379 1377/1377/1377
f 1384/1384/1384 1377/1377/1377 1382/1382/1382
f 1383/1383/1383 1385/1385/1385 1382/1382/1382
f 1383/1383/1383 1386/1386/1386 1385/1385/1385
f 1387/1387/1387 1384/1384/1384 1382/1382/1382
f 1387/1387/1387 1382/1382/1382 1385/1385/1385
f 1386/1386/1386 1388/1388/1388 1385/1385/1385
f 1386/1386/1386 1389/1389/1389 1388/1388/1388
f 1385/1385/1385 1390/1390/1390 1387/1387/1387
f 1385/1385/1385 1388/1388/1388 1390/1390/1390
f 1389/1389/1389 1391/1391/1391 1388/1388/1388
f 1389/1389/1389 1392/1392/1392 1391/1391/1391
f 1393/1393/1393 1391/1391/1391 1392/1392/1392
f 1388/1388/1388 1391/1391/1391 1394/1394/1394
f 1388/1388/1388 1394/1394/1394 1390/1390/1390
f 1393/1393/1393 1395/1395/1395 1391/1391/1391
f 1395/1395/1395 1394/1394/1394 1391/1391/1391
f 1396/1396/1396 1395/1395/1395 1393/1393/1393
f 1397/1397/1397 1390/1390/1390 1394/1394/1394
f 1395/1395/1395 1398/1398/1398 1394/1394/1394
f 1398/1398/1398 1397/1397/1397 1394/1394/1394
f 1396/1396/1396 1399/1399/1399 1395/1395/1395
f 1399/1399/1399 1398/1398/1398 1395/1395/1395
f 1396/1396/1396 1400/1400/1400 1399/1399/1399
f 1396/1396/1396 1401/1401/1401 1400/1400/1400
f 1400/1400/1400 1401/1401/1401 1402/1402/1402
f 1399/1399/1399 1400/1400/1400 1403/1403/1403
f 1399/1399/1399 1404/1404/1404 1398/1398/1398
f 1399/1399/1399 1403/1403/1403 1404/1404/1404
f 1398/1398/1398 1405/1405/1405 1397/1397/1397
f 1404/1404/1404 1405/1405/1405 1398/1398/1398
f 1400/1400/1400 1402/1402/1402 1406/1406/1406
f 1403/1403/1403 1400/1400/1400 1406/1406/1406
f 1402/1402/1402 1407/1407/1407 1406/1406/1406
f 1402/1402/1402 1408/1408/1408 1407/1407/1407
f 1403/1403/1403 1406/1406/1406 1409/1409/1409
f 1408/1408/1408 1410/1410/1410 1407/1407/1407
f 1408/1408/1408 1411/1411/1411 1410/1410/1410
f 1412/1412/1412 1406/1406/1406 1407/1407/1407
f 1412/1412/1412 1409/1409/1409 1406/1406/1406
f 1413/1413/1413 1407/1407/1407 1410/1410/1410
f 1413/1413/1413 1412/1412/1412 1407/1407/1407
f 1411/1411/1411 1414/1414/1414 1410/1410/1410
f 1411/1411/1411 1415/1415/1415 1414/1414/1414
f 1410/1410/1410 1416/1416/1416 1413/1413/1413
f 1410/1410/1410 1414/1414/1414 1416/1416/1416
f 1415/1415/1415 1417/1417/1417 1414/1414/1414
f 1415/1415/1415 1418/1418/1418 1417/1417/1417
f 1419/1419/1419 1417/1417/1417 1418/1418/1418
f 1414/1414/1414 1417/1417/1417 1420/1420/1420
f 1414/1414/1414 1420/1420/1420 1416/1416/1416
f 1419/1419/1419 1421/1421/1421 1417/1417/1417
f 1421/1421/1421 1420/1420/1420 1417/1417/1417
f 1422/1422/1422 1421/1421/1421 1419/1419/1419
f 1423/1423/1423 1416/1416/1416 1420/1420/1420
f 1421/1421/1421 1424/1424/1424 1420/1420/1420
f 1424/1424/1424 1423/1423/1423 1420/1420/1420
f 1422/1422/1422 1425/1425/1425 1421/1421/1421
f 1425/1425/1425 1424/1424/1424 1421/1421/1421
f 1422/1422/1422 1426/1426/1426 1425/1425/1425
f 1422/1422/1422 1427/1427/1427 1426/1426/1426
f 1426/1426/1426 1427/1427/1427 1428/1428/1428
f 1423/1423/1423 1429/1429/1429 1416/1416/1416
f 1429/1429/1429 1413/1413/1413 1416/1416/1416
f 1429/1429/1429 1430/1430/1430 1413/1413/1413
f 1430/1430/1430 1412/1412/1412 1413/1413/1413
f 1431/1431/1431 1429/1429/1429 1423/1423/1423
f 1430/1430/1430 1432/1432/1432 1412/1412/1412
f 1432/1432/1432 1409/1409/1409 1412/1412/1412
f 1433/1433/1433 1430/1430/1430 1429/1429/1429
f 1431/1431/1431 1433/1433/1433 1429/1429/1429
f 1432/1432/1432 1430/1430/1430 1434/1434/1434
f 1433/1433/1433 1434/1434/1434 1430/1430/1430
f 1432/1432/1432 1435/1435/1435 1409/1409/1409
f 1435/1435/1435 1403/1403/1403 1409/1409/1409
f 1432/1432/1432 1434/1434/1434 1436/1436/1436
f 1435/1435/1435 1432/1432/1432 1436/1436/1436
f 1435/1435/1435 1437/1437/1437 1403/1403/1403
f 1437/1437/1437 1404/1404/1404 1403/1403/1403
f 1437/1437/1437 1438/1438/1438 1404/1404/1404
f 1404/1404/1404 1438/1438/1438 1405/1405/1405
f 1439/1439/1439 1437/1437/1437 1435/1435/1435
f 1440/1440/1440 1438/1438/1438 1437/1437/1437
f 1440/1440/1440 1437/1437/1437 1439/1439/1439
f 1438/1438/1438 1441/1441/1441 1405/1405/1405
f 1438/1438/1438 1440/1440/1440 1441/1441/1441
f 1405/1405/1405 1441/1441/1441 1442/1442/1442
f 1405/1405/1405 1442/1442/1442 1397/1397/1397
f 1439/1439/1439 1435/1435/1435 1443/1443/1443
f 1435/1435/1435 1436/1436/1436 1443/1443/1443
f 1444/1444/1444 1439/1439/1439 1443/1443/1443
f 1442/1442/1442 1445/1445/1445 1397/1397/1397
f 1397/1397/1397 1445/1445/1445 1390/1390/1390
f 1445/1445/1445 1387/1387/1387 1390/1390/1390
f 1445/1445/1445 1446/1446/1446 1387/1387/1387
f 1446/1446/1446 1384/1384/1384 1387/1387/1387
f 1442/1442/1442 1447/1447/1447 1445/1445/1445
f 1447/1447/1447 1446/1446/1446 1445/1445/1445
f 1448/1448/1448 1447/1447/1447 1442/1442/1442
f 1441/1441/1441 1448/1448/1448 1442/1442/1442
f 1447/1447/1447 1449/1449/1449 1446/1446/1446
f 1446/1446/1446 1450/1450/1450 1384/1384/1384
f 1450/1450/1450 1446/1446/1446 1449/1449/1449
f 1450/1450/1450 1379/1379/1379 1384/1384/1384
f 1450/1450/1450 1451/1451/1451 1379/1379/1379
f 1380/1380/1380 1379/1379/1379 1451/1451/1451
f 1451/1451/1451 1450/1450/1450 1452/1452/1452
f 1450/1450/1450 1449/1449/1449 1452/1452/1452
f 1453/1453/1453 1380/1380/1380 1451/1451/1451
f 1451/1451/1451 1452/1452/1452 1453/1453/1453
f 1453/1453/1453 1381/1381/1381 1380/1380/1380
f 1454/1454/1454 1449/1449/1449 1447/1447/1447
f 1448/1448/1448 1454/1454/1454 1447/1447/1447
f 1452/1452/1452 1449/1449/1449 1455/1455/1455
f 1454/1454/1454 1455/1455/1455 1449/1449/1449
f 1453/1453/1453 1452/1452/1452 1456/1456/1456
f 1452/1452/1452 1455/1455/1455 1456/1456/1456
f 1457/1457/1457 1381/1381/1381 1453/1453/1453
f 1453/1453/1453 1456/1456/1456 1457/1457/1457
f 1457/1457/1457 1361/1361/1361 1381/1381/1381
f 1458/1458/1458 1361/1361/1361 1457/1457/1457
f 1458/1458/1458 1360/1360/1360 1361/1361/1361
f 1457/1457/1457 1456/1456/1456 1459/1459/1459
f 1457/1457/1457 1459/1459/1459 1458/1458/1458
f 1456/1456/1456 1455/1455/1455 1460/1460/1460
f 1456/1456/1456 1460/1460/1460 1459/1459/1459
f 1461/1461/1461 1460/1460/1460 1455/1455/1455
f 1461/1461/1461 1455/1455/1455 1454/1454/1454
f 1462/1462/1462 1360/1360/1360 1458/1458/1458
f 1462/1462/1462 1355/1355/1355 1360/1360/1360
f 1458/1458/1458 1459/1459/1459 1463/1463/1463
f 1458/1458/1458 1463/1463/1463 1462/1462/1462
f 1459/1459/1459 1460/1460/1460 1464/1464/1464
f 1459/1459/1459 1464/1464/1464 1463/1463/1463
f 1465/1465/1465 1464/1464/1464 1460/1460/1460
f 1465/1465/1465 1460/1460/1460 1461/1461/1461
f 1466/1466/1466 1355/1355/1355 1462/1462/1462
f 1466/1466/1466 1354/1354/1354 1355/1355/1355
f 1462/1462/1462 1463/1463/1463 1467/1467/1467
f 1462/1462/1462 1467/1467/1467 1466/1466/1466
f 1463/1463/1463 1464/1464/1464 1468/1468/1468
f 1463/1463/1463 1468/1468/1468 1467/1467/1467
f 1469/1469/1469 1468/1468/1468 1464/1464/1464
f 1469/1469/1469 1464/1464/1464 1465/1465/1465
f 1470/1470/1470 1354/1354/1354 1466/1466/1466
f 1470/1470/1470 1350/1350/1350 1354/1354/1354
f 1466/1466/1466 1467/1467/1467 1471/1471/1471
f 1466/1466/1466 1471/1471/1471 1470/1470/1470
f 1467/1467/1467 1468/1468/1468 1472/1472/1472
f 1467/1467/1467 1472/1472/1472 1471/1471/1471
f 1473/1473/1473 1472/1472/1472 1468/1468/1468
f 1473/1473/1473 1468/1468/1468 1469/1469/1469
f 1474/1474/1474 1350/1350/1350 1470/1470/1470
f 1474/1474/1474 1344/1344/1344 1350/1350/1350
f 1470/1470/1470 1471/1471/1471 1475/1475/1475
f 1470/1470/1470 1475/1475/1475 1474/1474/1474
f 1471/1471/1471 1472/1472/1472 1476/1476/1476
f 1471/1471/1471 1476/1476/1476 1475/1475/1475
f 1477/1477/1477 1476/1476/1476 1472/1472/1472
f 1477/1477/1477 1472/1472/1472 1473/1473/1473
f 1478/1478/1478 1344/1344/1344 1474/1474/1474
f 1478/1478/1478 1340/1340/1340 1344/1344/1344
f 1474/1474/1474 1475/1475/1475 1479/1479/1479
f 1474/1474/1474 1479/1479/1479 1478/1478/1478
f 1475/1475/1475 1476/1476/1476 1480/1480/1480
f 1475/1475/1475 1480/1480/1480 1479/1479/1479
f 1481/1481/1481 1480/1480/1480 1476/1476/1476
f 1481/1481/1481 1476/1476/1476 1477/1477/1477
f 1482/1482/1482 1340/1340/1340 1478/1478/1478
f 1482/1482/1482 1339/1339/1339 1340/1340/1340
f 1478/1478/1478 1479/1479/1479 1483/1483/1483
f 1478/1478/1478 1483/1483/1483 1482/1482/1482
f 1479/1479/1479 1480/1480/1480 1484/1484/1484
f 1479/1479/1479 1484/1484/1484 1483/1483/1483
f 1485/1485/1485 1484/1484/1484 1480/1480/1480
f 1485/1485/1485 1480/1480/1480 1481/1481/1481
f 1486/1486/1486 1339/1339/1339 1482/1482/1482
f 1486/1486/1486 1332/1332/1332 1339/1339/1339
f 1482/1482/1482 1483/1483/1483 1487/1487/1487
f 1482/1482/1482 1487/1487/1487 1486/1486/1486
f 1483/1483/1483 1484/1484/1484 1488/1488/1488
f 1483/1483/1483 1488/1488/1488 1487/1487/1487
f 1489/1489/1489 1488/1488/1488 1484/1484/1484
f 1489/1489/1489 1484/1484/1484 1485/1485/1485
f 1490/1490/1490 1332/1332/1332 1486/1486/1486
f 1490/1490/1490 1331/1331/1331 1332/1332/1332
f 1486/1486/1486 1487/1487/1487 1491/1491/1491
f 1486/1486/1486 1491/1491/1491 1490/1490/1490
f 1487/1487/1487 1488/1488/1488 1492/1492/1492
f 1487/1487/1487 1492/1492/1492 1491/1491/1491
f 1493/1493/1493 1492/1492/1492 1488/1488/1488
f 1493/1493/1493 1488/1488/1488 1489/1489/1489
f 1494/1494/1494 1331/1331/1331 1490/1490/1490
f 1494/1494/1494 1324/1324/1324 1331/1331/1331
f 1495/1495/1495 1490/1490/1490 1491/1491/1491
f 1495/1495/1495 1494/1494/1494 1490/1490/1490
f 1496/1496/1496 1491/1491/1491 1492/1492/1492
f 1496/1496/1496 1495/1495/1495 1491/1491/1491
f 1497/1497/1497 1496/1496/1496 1492/1492/1492
f 1497/1497/1497 1492/1492/1492 1493/1493/1493
f 1498/1498/1498 1324/1324/1324 1494/1494/1494
f 1498/1498/1498 1323/1323/1323 1324/1324/1324
f 1499/1499/1499 1494/1494/1494 1495/1495/1495
f 1499/1499/1499 1498/1498/1498 1494/1494/1494
f 1500/1500/1500 1495/1495/1495 1496/1496/1496
f 1500/1500/1500 1499/1499/1499 1495/1495/1495
f 1501/1501/1501 1500/1500/1500 1496/1496/1496
f 1501/1501/1501 1496/1496/1496 1497/1497/1497
f 1323/1323/1323 1498/1498/1498 1502/1502/1502
f 1323/1323/1323 1502/1502/1502 1313/1313/1313
f 1311/1311/1311 1313/1313/1313 1502/1502/1502
f 1498/1498/1498 1503/1503/1503 1502/1502/1502
f 1498/1498/1498 1499/1499/1499 1503/1503/1503
f 1311/1311/1311 1502/1502/1502 1504/1504/1504
f 1504/1504/1504 1502/1502/1502 1503/1503/1503
f 1312/1312/1312 1311/1311/1311 1504/1504/1504
f 1312/1312/1312 1504/1504/1504 1505/1505/1505
f 1505/1505/1505 1504/1504/1504 1506/1506/1506
f 1504/1504/1504 1503/1503/1503 1506/1506/1506
f 1505/1505/1505 1506/1506/1506 1507/1507/1507
f 1499/1499/1499 1508/1508/1508 1503/1503/1503
f 1506/1506/1506 1503/1503/1503 1508/1508/1508
f 1499/1499/1499 1500/1500/1500 1508/1508/1508
f 1507/1507/1507 1506/1506/1506 1509/1509/1509
f 1506/1506/1506 1508/1508/1508 1509/1509/1509
f 1507/1507/1507 1509/1509/1509 1510/1510/1510
f 1500/1500/1500 1511/1511/1511 1508/1508/1508
f 1509/1509/1509 1508/1508/1508 1511/1511/1511
f 1500/1500/1500 1501/1501/1501 1511/1511/1511
f 1510/1510/1510 1509/1509/1509 1512/1512/1512
f 1509/1509/1509 1511/1511/1511 1512/1512/1512
f 1510/1510/1510 1512/1512/1512 1513/1513/1513
f 1512/1512/1512 1514/1514/1514 1513/1513/1513
f 1512/1512/1512 1511/1511/1511 1515/1515/1515
f 1501/1501/1501 1515/1515/1515 1511/1511/1511
f 1512/1512/1512 1516/1516/1516 1514/1514/1514
f 1512/1512/1512 1515/1515/1515 1516/1516/1516
f 1516/1516/1516 1517/1517/1517 1514/1514/1514
f 1516/1516/1516 1518/1518/1518 1517/1517/1517
f 1515/1515/1515 1518/1518/1518 1516/1516/1516
f 1518/1518/1518 1519/1519/1519 1517/1517/1517
f 1501/1501/1501 1520/1520/1520 1515/1515/1515
f 1520/1520/1520 1501/1501/1501 1497/1497/1497
f 1515/1515/1515 1521/1521/1521 1518/1518/1518
f 1520/1520/1520 1521/1521/1521 1515/1515/1515
f 1518/1518/1518 1522/1522/1522 1519/1519/1519
f 1521/1521/1521 1522/1522/1522 1518/1518/1518
f 1522/1522/1522 1523/1523/1523 1519/1519/1519
f 1520/1520/1520 1497/1497/1497 1524/1524/1524
f 1524/1524/1524 1497/1497/1497 1493/1493/1493
f 1520/1520/1520 1525/1525/1525 1521/1521/1521
f 1525/1525/1525 1520/1520/1520 1524/1524/1524
f 1521/1521/1521 1526/1526/1526 1522/1522/1522
f 1525/1525/1525 1526/1526/1526 1521/1521/1521
f 1522/1522/1522 1527/1527/1527 1523/1523/1523
f 1526/1526/1526 1527/1527/1527 1522/1522/1522
f 1523/1523/1523 1527/1527/1527 1528/1528/1528
f 1523/1523/1523 1528/1528/1528 1529/1529/1529
f 1526/1526/1526 1530/1530/1530 1527/1527/1527
f 1530/1530/1530 1528/1528/1528 1527/1527/1527
f 1525/1525/1525 1531/1531/1531 1526/1526/1526
f 1531/1531/1531 1530/1530/1530 1526/1526/1526
f 1531/1531/1531 1525/1525/1525 1532/1532/1532
f 1525/1525/1525 1524/1524/1524 1532/1532/1532
f 1531/1531/1531 1533/1533/1533 1530/1530/1530
f 1530/1530/1530 1534/1534/1534 1528/1528/1528
f 1533/1533/1533 1534/1534/1534 1530/1530/1530
f 1533/1533/1533 1531/1531/1531 1535/1535/1535
f 1531/1531/1531 1532/1532/1532 1535/1535/1535
f 1533/1533/1533 1536/1536/1536 1534/1534/1534
f 1528/1528/1528 1534/1534/1534 1537/1537/1537
f 1536/1536/1536 1537/1537/1537 1534/1534/1534
f 1529/1529/1529 1528/1528/1528 1538/1538/1538
f 1528/1528/1528 1537/1537/1537 1538/1538/1538
f 1529/1529/1529 1538/1538/1538 1539/1539/1539
f 1533/1533/1533 1535/1535/1535 1540/1540/1540
f 1536/1536/1536 1533/1533/1533 1540/1540/1540
f 1539/1539/1539 1538/1538/1538 1541/1541/1541
f 1539/1539/1539 1541/1541/1541 1542/1542/1542
f 1538/1538/1538 1537/1537/1537 1543/1543/1543
f 1538/1538/1538 1543/1543/1543 1541/1541/1541
f 1536/1536/1536 1544/1544/1544 1537/1537/1537
f 1544/1544/1544 1543/1543/1543 1537/1537/1537
f 1544/1544/1544 1536/1536/1536 1545/1545/1545
f 1536/1536/1536 1540/1540/1540 1545/1545/1545
f 1544/1544/1544 1546/1546/1546 1543/1543/1543
f 1541/1541/1541 1543/1543/1543 1547/1547/1547
f 1546/1546/1546 1547/1547/1547 1543/1543/1543
f 1542/1542/1542 1541/1541/1541 1548/1548/1548
f 1541/1541/1541 1547/1547/1547 1548/1548/1548
f 1542/1542/1542 1548/1548/1548 1549/1549/1549
f 1549/1549/1549 1548/1548/1548 1550/1550/1550
f 1549/1549/1549 1550/1550/1550 1551/1551/1551
f 1550/1550/1550 1552/1552/1552 1551/1551/1551
f 1548/1548/1548 1553/1553/1553 1550/1550/1550
f 1548/1548/1548 1547/1547/1547 1553/1553/1553
f 1550/1550/1550 1554/1554/1554 1552/1552/1552
f 1554/1554/1554 1555/1555/1555 1552/1552/1552
f 1550/1550/1550 1556/1556/1556 1554/1554/1554
f 1550/1550/1550 1553/1553/1553 1556/1556/1556
f 1554/1554/1554 1557/1557/1557 1555/1555/1555
f 1556/1556/1556 1557/1557/1557 1554/1554/1554
f 1557/1557/1557 1558/1558/1558 1555/1555/1555
f 1559/1559/1559 1553/1553/1553 1547/1547/1547
f 1546/1546/1546 1559/1559/1559 1547/1547/1547
f 1560/1560/1560 1556/1556/1556 1553/1553/1553
f 1559/1559/1559 1560/1560/1560 1553/1553/1553
f 1557/1557/1557 1561/1561/1561 1558/1558/1558
f 1561/1561/1561 1562/1562/1562 1558/1558/1558
f 1556/1556/1556 1563/1563/1563 1557/1557/1557
f 1563/1563/1563 1561/1561/1561 1557/1557/1557
f 1560/1560/1560 1564/1564/1564 1556/1556/1556
f 1564/1564/1564 1563/1563/1563 1556/1556/1556
f 1561/1561/1561 1565/1565/1565 1562/1562/1562
f 1565/1565/1565 1566/1566/1566 1562/1562/1562
f 1563/1563/1563 1567/1567/1567 1561/1561/1561
f 1567/1567/1567 1565/1565/1565 1561/1561/1561
f 1564/1564/1564 1568/1568/1568 1563/1563/1563
f 1568/1568/1568 1567/1567/1567 1563/1563/1563
f 1564/1564/1564 1560/1560/1560 1569/1569/1569
f 1568/1568/1568 1564/1564/1564 1570/1570/1570
f 1564/1564/1564 1569/1569/1569 1570/1570/1570
f 1560/1560/1560 1571/1571/1571 1569/1569/1569
f 1560/1560/1560 1559/1559/1559 1571/1571/1571
f 1570/1570/1570 1569/1569/1569 1572/1572/1572
f 1559/1559/1559 1573/1573/1573 1571/1571/1571
f 1559/1559/1559 1546/1546/1546 1573/1573/1573
f 1569/1569/1569 1571/1571/1571 1574/1574/1574
f 1569/1569/1569 1574/1574/1574 1572/1572/1572
f 1571/1571/1571 1573/1573/1573 1575/1575/1575
f 1571/1571/1571 1575/1575/1575 1574/1574/1574
f 1546/1546/1546 1576/1576/1576 1573/1573/1573
f 1546/1546/1546 1544/1544/1544 1576/1576/1576
f 1544/1544/1544 1545/1545/1545 1576/1576/1576
f 1573/1573/1573 1576/1576/1576 1577/1577/1577
f 1573/1573/1573 1577/1577/1577 1575/1575/1575
f 1576/1576/1576 1545/1545/1545 1578/1578/1578
f 1576/1576/1576 1578/1578/1578 1577/1577/1577
f 1545/1545/1545 1579/1579/1579 1578/1578/1578
f 1545/1545/1545 1540/1540/1540 1579/1579/1579
f 1580/1580/1580 1577/1577/1577 1578/1578/1578
f 1581/1581/1581 1575/1575/1575 1577/1577/1577
f 1580/1580/1580 1581/1581/1581 1577/1577/1577
f 1581/1581/1581 1582/1582/1582 1575/1575/1575
f 1574/1574/1574 1575/1575/1575 1582/1582/1582
f 1583/1583/1583 1581/1581/1581 1580/1580/1580
f 1574/1574/1574 1582/1582/1582 1584/1584/1584
f 1572/1572/1572 1574/1574/1574 1584/1584/1584
f 1585/1585/1585 1582/1582/1582 1581/1581/1581
f 1583/1583/1583 1585/1585/1585 1581/1581/1581
f 1584/1584/1584 1582/1582/1582 1586/1586/1586
f 1585/1585/1585 1586/1586/1586 1582/1582/1582
f 1572/1572/1572 1584/1584/1584 1587/1587/1587
f 1584/1584/1584 1586/1586/1586 1588/1588/1588
f 1587/1587/1587 1584/1584/1584 1588/1588/1588
f 1587/1587/1587 1589/1589/1589 1572/1572/1572
f 1570/1570/1570 1572/1572/1572 1589/1589/1589
f 1590/1590/1590 1570/1570/1570 1589/1589/1589
f 1568/1568/1568 1570/1570/1570 1590/1590/1590
f 1587/1587/1587 1591/1591/1591 1589/1589/1589
f 1592/1592/1592 1568/1568/1568 1590/1590/1590
f 1568/1568/1568 1592/1592/1592 1567/1567/1567
f 1590/1590/1590 1589/1589/1589 1593/1593/1593
f 1591/1591/1591 1593/1593/1593 1589/1589/1589
f 1592/1592/1592 1590/1590/1590 1594/1594/1594
f 1594/1594/1594 1590/1590/1590 1593/1593/1593
f 1592/1592/1592 1595/1595/1595 1567/1567/1567
f 1567/1567/1567 1595/1595/1595 1565/1565/1565
f 1596/1596/1596 1592/1592/1592 1594/1594/1594
f 1592/1592/1592 1596/1596/1596 1595/1595/1595
f 1594/1594/1594 1593/1593/1593 1597/1597/1597
f 1595/1595/1595 1598/1598/1598 1565/1565/1565
f 1565/1565/1565 1598/1598/1598 1566/1566/1566
f 1596/1596/1596 1599/1599/1599 1595/1595/1595
f 1595/1595/1595 1599/1599/1599 1598/1598/1598
f 1596/1596/1596 1594/1594/1594 1600/1600/1600
f 1600/1600/1600 1594/1594/1594 1597/1597/1597
f 1596/1596/1596 1601/1601/1601 1599/1599/1599
f 1601/1601/1601 1596/1596/1596 1600/1600/1600
f 1598/1598/1598 1599/1599/1599 1602/1602/1602
f 1601/1601/1601 1602/1602/1602 1599/1599/1599
f 1566/1566/1566 1598/1598/1598 1603/1603/1603
f 1598/1598/1598 1602/1602/1602 1603/1603/1603
f 1566/1566/1566 1603/1603/1603 1604/1604/1604
f 1604/1604/1604 1603/1603/1603 1605/1605/1605
f 1604/1604/1604 1605/1605/1605 1606/1606/1606
f 1603/1603/1603 1602/1602/1602 1607/1607/1607
f 1603/1603/1603 1607/1607/1607 1605/1605/1605
f 1601/1601/1601 1608/1608/1608 1602/1602/1602
f 1608/1608/1608 1607/1607/1607 1602/1602/1602
f 1608/1608/1608 1601/1601/1601 1609/1609/1609
f 1601/1601/1601 1600/1600/1600 1609/1609/1609
f 1608/1608/1608 1610/1610/1610 1607/1607/1607
f 1605/1605/1605 1607/1607/1607 1611/1611/1611
f 1610/1610/1610 1611/1611/1611 1607/1607/1607
f 1606/1606/1606 1605/1605/1605 1612/1612/1612
f 1605/1605/1605 1611/1611/1611 1612/1612/1612
f 1606/1606/1606 1612/1612/1612 1613/1613/1613
f 1612/1612/1612 1614/1614/1614 1613/1613/1613
f 1612/1612/1612 1615/1615/1615 1614/1614/1614
f 1611/1611/1611 1615/1615/1615 1612/1612/1612
f 1615/1615/1615 1616/1616/1616 1614/1614/1614
f 1615/1615/1615 1617/1617/1617 1616/1616/1616
f 1617/1617/1617 1618/1618/1618 1616/1616/1616
f 1611/1611/1611 1619/1619/1619 1615/1615/1615
f 1619/1619/1619 1617/1617/1617 1615/1615/1615
f 1620/1620/1620 1619/1619/1619 1611/1611/1611
f 1610/1610/1610 1620/1620/1620 1611/1611/1611
f 1619/1619/1619 1621/1621/1621 1617/1617/1617
f 1617/1617/1617 1622/1622/1622 1618/1618/1618
f 1621/1621/1621 1622/1622/1622 1617/1617/1617
f 1622/1622/1622 1623/1623/1623 1618/1618/1618
f 1624/1624/1624 1621/1621/1621 1619/1619/1619
f 1620/1620/1620 1624/1624/1624 1619/1619/1619
f 1621/1621/1621 1625/1625/1625 1622/1622/1622
f 1622/1622/1622 1626/1626/1626 1623/1623/1623
f 1625/1625/1625 1626/1626/1626 1622/1622/1622
f 1626/1626/1626 1627/1627/1627 1623/1623/1623
f 1628/1628/1628 1625/1625/1625 1621/1621/1621
f 1624/1624/1624 1628/1628/1628 1621/1621/1621
f 1625/1625/1625 1629/1629/1629 1626/1626/1626
f 1626/1626/1626 1630/1630/1630 1627/1627/1627
f 1629/1629/1629 1630/1630/1630 1626/1626/1626
f 1631/1631/1631 1629/1629/1629 1625/1625/1625
f 1628/1628/1628 1631/1631/1631 1625/1625/1625
f 1629/1629/1629 1632/1632/1632 1630/1630/1630
f 1627/1627/1627 1630/1630/1630 1633/1633/1633
f 1627/1627/1627 1633/1633/1633 1634/1634/1634
f 1630/1630/1630 1632/1632/1632 1635/1635/1635
f 1630/1630/1630 1635/1635/1635 1633/1633/1633
f 1636/1636/1636 1632/1632/1632 1629/1629/1629
f 1631/1631/1631 1636/1636/1636 1629/1629/1629
f 1637/1637/1637 1635/1635/1635 1632/1632/1632
f 1636/1636/1636 1637/1637/1637 1632/1632/1632
f 1634/1634/1634 1633/1633/1633 1638/1638/1638
f 1634/1634/1634 1638/1638/1638 1639/1639/1639
f 1633/1633/1633 1635/1635/1635 1640/1640/1640
f 1633/1633/1633 1640/1640/1640 1638/1638/1638
f 1637/1637/1637 1641/1641/1641 1635/1635/1635
f 1641/1641/1641 1640/1640/1640 1635/1635/1635
f 1639/1639/1639 1638/1638/1638 1642/1642/1642
f 1639/1639/1639 1642/1642/1642 1643/1643/1643
f 1642/1642/1642 1644/1644/1644 1643/1643/1643
f 1638/1638/1638 1645/1645/1645 1642/1642/1642
f 1638/1638/1638 1640/1640/1640 1645/1645/1645
f 1642/1642/1642 1646/1646/1646 1644/1644/1644
f 1645/1645/1645 1646/1646/1646 1642/1642/1642
f 1646/1646/1646 1647/1647/1647 1644/1644/1644
f 1648/1648/1648 1645/1645/1645 1640/1640/1640
f 1641/1641/1641 1648/1648/1648 1640/1640/1640
f 1645/1645/1645 1649/1649/1649 1646/1646/1646
f 1646/1646/1646 1650/1650/1650 1647/1647/1647
f 1649/1649/1649 1650/1650/1650 1646/1646/1646
f 1650/1650/1650 1651/1651/1651 1647/1647/1647
f 1652/1652/1652 1649/1649/1649 1645/1645/1645
f 1648/1648/1648 1652/1652/1652 1645/1645/1645
f 1649/1649/1649 1653/1653/1653 1650/1650/1650
f 1650/1650/1650 1654/1654/1654 1651/1651/1651
f 1653/1653/1653 1654/1654/1654 1650/1650/1650
f 1654/1654/1654 1655/1655/1655 1651/1651/1651
f 1656/1656/1656 1653/1653/1653 1649/1649/1649
f 1652/1652/1652 1656/1656/1656 1649/1649/1649
f 1653/1653/1653 1657/1657/1657 1654/1654/1654
f 1654/1654/1654 1658/1658/1658 1655/1655/1655
f 1657/1657/1657 1658/1658/1658 1654/1654/1654
f 1655/1655/1655 1658/1658/1658 1659/1659/1659
f 1655/1655/1655 1659/1659/1659 1660/1660/1660
f 1657/1657/1657 1661/1661/1661 1658/1658/1658
f 1661/1661/1661 1659/1659/1659 1658/1658/1658
f 1662/1662/1662 1657/1657/1657 1653/1653/1653
f 1656/1656/1656 1662/1662/1662 1653/1653/1653
f 1663/1663/1663 1661/1661/1661 1657/1657/1657
f 1662/1662/1662 1663/1663/1663 1657/1657/1657
f 1661/1661/1661 1664/1664/1664 1659/1659/1659
f 1663/1663/1663 1665/1665/1665 1661/1661/1661
f 1665/1665/1665 1664/1664/1664 1661/1661/1661
f 1660/1660/1660 1659/1659/1659 1666/1666/1666
f 1660/1660/1660 1666/1666/1666 1667/1667/1667
f 1659/1659/1659 1664/1664/1664 1668/1668/1668
f 1659/1659/1659 1668/1668/1668 1666/1666/1666
f 1665/1665/1665 1669/1669/1669 1664/1664/1664
f 1669/1669/1669 1668/1668/1668 1664/1664/1664
f 1667/1667/1667 1666/1666/1666 1670/1670/1670
f 1667/1667/1667 1670/1670/1670 1671/1671/1671
f 1666/1666/1666 1668/1668/1668 1672/1672/1672
f 1666/1666/1666 1672/1672/1672 1670/1670/1670
f 1669/1669/1669 1673/1673/1673 1668/1668/1668
f 1673/1673/1673 1672/1672/1672 1668/1668/1668
f 1671/1671/1671 1670/1670/1670 1674/1674/1674
f 1671/1671/1671 1674/1674/1674 1675/1675/1675
f 1674/1674/1674 1676/1676/1676 1675/1675/1675
f 1670/1670/1670 1677/1677/1677 1674/1674/1674
f 1670/1670/1670 1672/1672/1672 1677/1677/1677
f 1674/1674/1674 1678/1678/1678 1676/1676/1676
f 1678/1678/1678 1679/1679/1679 1676/1676/1676
f 1674/1674/1674 1680/1680/1680 1678/1678/1678
f 1674/1674/1674 1677/1677/1677 1680/1680/1680
f 1678/1678/1678 1681/1681/1681 1679/1679/1679
f 1680/1680/1680 1681/1681/1681 1678/1678/1678
f 1681/1681/1681 1682/1682/1682 1679/1679/1679
f 1683/1683/1683 1677/1677/1677 1672/1672/1672
f 1673/1673/1673 1683/1683/1683 1672/1672/1672
f 1684/1684/1684 1680/1680/1680 1677/1677/1677
f 1683/1683/1683 1684/1684/1684 1677/1677/1677
f 1681/1681/1681 1685/1685/1685 1682/1682/1682
f 1685/1685/1685 1686/1686/1686 1682/1682/1682
f 1680/1680/1680 1687/1687/1687 1681/1681/1681
f 1687/1687/1687 1685/1685/1685 1681/1681/1681
f 1684/1684/1684 1688/1688/1688 1680/1680/1680
f 1688/1688/1688 1687/1687/1687 1680/1680/1680
f 1685/1685/1685 1689/1689/1689 1686/1686/1686
f 1689/1689/1689 1690/1690/1690 1686/1686/1686
f 1687/1687/1687 1691/1691/1691 1685/1685/1685
f 1691/1691/1691 1689/1689/1689 1685/1685/1685
f 1688/1688/1688 1692/1692/1692 1687/1687/1687
f 1692/1692/1692 1691/1691/1691 1687/1687/1687
f 1688/1688/1688 1684/1684/1684 1693/1693/1693
f 1692/1692/1692 1688/1688/1688 1694/1694/1694
f 1688/1688/1688 1693/1693/1693 1694/1694/1694
f 1684/1684/1684 1695/1695/1695 1693/1693/1693
f 1684/1684/1684 1683/1683/1683 1695/1695/1695
f 1696/1696/1696 1694/1694/1694 1693/1693/1693
f 1692/1692/1692 1697/1697/1697 1691/1691/1691
f 1692/1692/1692 1694/1694/1694 1698/1698/1698
f 1697/1697/1697 1692/1692/1692 1698/1698/1698
f 1699/1699/1699 1698/1698/1698 1694/1694/1694
f 1699/1699/1699 1694/1694/1694 1696/1696/1696
f 1697/1697/1697 1698/1698/1698 1700/1700/1700
f 1701/1701/1701 1698/1698/1698 1699/1699/1699
f 1701/1701/1701 1700/1700/1700 1698/1698/1698
f 1697/1697/1697 1702/1702/1702 1691/1691/1691
f 1691/1691/1691 1702/1702/1702 1689/1689/1689
f 1703/1703/1703 1697/1697/1697 1700/1700/1700
f 1697/1697/1697 1703/1703/1703 1702/1702/1702
f 1702/1702/1702 1704/1704/1704 1689/1689/1689
f 1689/1689/1689 1704/1704/1704 1690/1690/1690
f 1703/1703/1703 1705/1705/1705 1702/1702/1702
f 1702/1702/1702 1705/1705/1705 1704/1704/1704
f 1703/1703/1703 1700/1700/1700 1706/1706/1706
f 1703/1703/1703 1707/1707/1707 1705/1705/1705
f 1707/1707/1707 1703/1703/1703 1706/1706/1706
f 1704/1704/1704 1705/1705/1705 1708/1708/1708
f 1707/1707/1707 1708/1708/1708 1705/1705/1705
f 1690/1690/1690 1704/1704/1704 1709/1709/1709
f 1704/1704/1704 1708/1708/1708 1709/1709/1709
f 1690/1690/1690 1709/1709/1709 1710/1710/1710
f 1710/1710/1710 1709/1709/1709 1711/1711/1711
f 1710/1710/1710 1711/1711/1711 1712/1712/1712
f 1709/1709/1709 1708/1708/1708 1713/1713/1713
f 1709/1709/1709 1713/1713/1713 1711/1711/1711
f 1707/1707/1707 1714/1714/1714 1708/1708/1708
f 1714/1714/1714 1713/1713/1713 1708/1708/1708
f 1714/1714/1714 1707/1707/1707 1715/1715/1715
f 1707/1707/1707 1706/1706/1706 1715/1715/1715
f 1714/1714/1714 1716/1716/1716 1713/1713/1713
f 1711/1711/1711 1713/1713/1713 1717/1717/1717
f 1716/1716/1716 1717/1717/1717 1713/1713/1713
f 1712/1712/1712 1711/1711/1711 1718/1718/1718
f 1711/1711/1711 1717/1717/1717 1718/1718/1718
f 1712/1712/1712 1718/1718/1718 1719/1719/1719
f 1718/1718/1718 1720/1720/1720 1719/1719/1719
f 1718/1718/1718 1721/1721/1721 1720/1720/1720
f 1717/1717/1717 1721/1721/1721 1718/1718/1718
f 1721/1721/1721 1722/1722/1722 1720/1720/1720
f 1721/1721/1721 1723/1723/1723 1722/1722/1722
f 1723/1723/1723 1724/1724/1724 1722/1722/1722
f 1717/1717/1717 1725/1725/1725 1721/1721/1721
f 1725/1725/1725 1723/1723/1723 1721/1721/1721
f 1726/1726/1726 1725/1725/1725 1717/1717/1717
f 1716/1716/1716 1726/1726/1726 1717/1717/1717
f 1725/1725/1725 1727/1727/1727 1723/1723/1723
f 1723/1723/1723 1728/1728/1728 1724/1724/1724
f 1727/1727/1727 1728/1728/1728 1723/1723/1723
f 1728/1728/1728 1729/1729/1729 1724/1724/1724
f 1730/1730/1730 1727/1727/1727 1725/1725/1725
f 1726/1726/1726 1730/1730/1730 1725/1725/1725
f 1727/1727/1727 1731/1731/1731 1728/1728/1728
f 1728/1728/1728 1732/1732/1732 1729/1729/1729
f 1731/1731/1731 1732/1732/1732 1728/1728/1728
f 1732/1732/1732 1733/1733/1733 1729/1729/1729
f 1734/1734/1734 1731/1731/1731 1727/1727/1727
f 1730/1730/1730 1734/1734/1734 1727/1727/1727
f 1731/1731/1731 1735/1735/1735 1732/1732/1732
f 1732/1732/1732 1736/1736/1736 1733/1733/1733
f 1735/1735/1735 1736/1736/1736 1732/1732/1732
f 1736/1736/1736 1737/1737/1737 1733/1733/1733
f 1738/1738/1738 1735/1735/1735 1731/1731/1731
f 1734/1734/1734 1738/1738/1738 1731/1731/1731
f 1735/1735/1735 1739/1739/1739 1736/1736/1736
f 1736/1736/1736 1740/1740/1740 1737/1737/1737
f 1739/1739/1739 1740/1740/1740 1736/1736/1736
f 1740/1740/1740 1741/1741/1741 1737/1737/1737
f 1742/1742/1742 1739/1739/1739 1735/1735/1735
f 1738/1738/1738 1742/1742/1742 1735/1735/1735
f 1739/1739/1739 1743/1743/1743 1740/1740/1740
f 1740/1740/1740 1744/1744/1744 1741/1741/1741
f 1743/1743/1743 1744/1744/1744 1740/1740/1740
f 1744/1744/1744 1745/1745/1745 1741/1741/1741
f 1746/1746/1746 1743/1743/1743 1739/1739/1739
f 1742/1742/1742 1746/1746/1746 1739/1739/1739
f 1743/1743/1743 1747/1747/1747 1744/1744/1744
f 1744/1744/1744 1748/1748/1748 1745/1745/1745
f 1747/1747/1747 1748/1748/1748 1744/1744/1744
f 1748/1748/1748 1749/1749/1749 1745/1745/1745
f 1750/1750/1750 1747/1747/1747 1743/1743/1743
f 1746/1746/1746 1750/1750/1750 1743/1743/1743
f 1747/1747/1747 1751/1751/1751 1748/1748/1748
f 1752/1752/1752 1746/1746/1746 1742/1742/1742
f 1750/1750/1750 1753/1753/1753 1747/1747/1747
f 1753/1753/1753 1751/1751/1751 1747/1747/1747
f 1754/1754/1754 1750/1750/1750 1746/1746/1746
f 1754/1754/1754 1746/1746/1746 1752/1752/1752
f 1755/1755/1755 1753/1753/1753 1750/1750/1750
f 1755/1755/1755 1750/1750/1750 1754/1754/1754
f 1751/1751/1751 1756/1756/1756 1748/1748/1748
f 1748/1748/1748 1756/1756/1756 1749/1749/1749
f 1749/1749/1749 1756/1756/1756 1757/1757/1757
f 1749/1749/1749 1757/1757/1757 1758/1758/1758
f 1757/1757/1757 1759/1759/1759 1758/1758/1758
f 1757/1757/1757 1760/1760/1760 1759/1759/1759
f 1760/1760/1760 1761/1761/1761 1759/1759/1759
f 1757/1757/1757 1762/1762/1762 1760/1760/1760
f 1760/1760/1760 1763/1763/1763 1761/1761/1761
f 1762/1762/1762 1763/1763/1763 1760/1760/1760
f 1763/1763/1763 1764/1764/1764 1761/1761/1761
f 1763/1763/1763 1765/1765/1765 1764/1764/1764
f 1765/1765/1765 1766/1766/1766 1764/1764/1764
f 1767/1767/1767 1765/1765/1765 1763/1763/1763
f 1762/1762/1762 1767/1767/1767 1763/1763/1763
f 1765/1765/1765 1768/1768/1768 1766/1766/1766
f 1768/1768/1768 1769/1769/1769 1766/1766/1766
f 1767/1767/1767 1770/1770/1770 1765/1765/1765
f 1770/1770/1770 1768/1768/1768 1765/1765/1765
f 1768/1768/1768 1771/1771/1771 1769/1769/1769
f 1771/1771/1771 1772/1772/1772 1769/1769/1769
f 1771/1771/1771 1773/1773/1773 1772/1772/1772
f 1771/1771/1771 1774/1774/1774 1773/1773/1773
f 1775/1775/1775 1771/1771/1771 1768/1768/1768
f 1770/1770/1770 1775/1775/1775 1768/1768/1768
f 1771/1771/1771 1776/1776/1776 1774/1774/1774
f 1775/1775/1775 1776/1776/1776 1771/1771/1771
f 1777/1777/1777 1774/1774/1774 1776/1776/1776
f 1777/1777/1777 1778/1778/1778 1774/1774/1774
f 1779/1779/1779 1776/1776/1776 1775/1775/1775
f 1779/1779/1779 1777/1777/1777 1776/1776/1776
f 1778/1778/1778 1777/1777/1777 1780/1780/1780
f 1780/1780/1780 1777/1777/1777 1779/1779/1779
f 1778/1778/1778 1780/1780/1780 1781/1781/1781
f 1782/1782/1782 1779/1779/1779 1775/1775/1775
f 1782/1782/1782 1775/1775/1775 1770/1770/1770
f 1780/1780/1780 1779/1779/1779 1783/1783/1783
f 1783/1783/1783 1779/1779/1779 1782/1782/1782
f 1781/1781/1781 1780/1780/1780 1784/1784/1784
f 1781/1781/1781 1784/1784/1784 1785/1785/1785
f 1784/1784/1784 1786/1786/1786 1785/1785/1785
f 1780/1780/1780 1787/1787/1787 1784/1784/1784
f 1780/1780/1780 1783/1783/1783 1787/1787/1787
f 1784/1784/1784 1788/1788/1788 1786/1786/1786
f 1787/1787/1787 1788/1788/1788 1784/1784/1784
f 1788/1788/1788 1789/1789/1789 1786/1786/1786
f 1788/1788/1788 1790/1790/1790 1789/1789/1789
f 1790/1790/1790 1791/1791/1791 1789/1789/1789
f 1787/1787/1787 1792/1792/1792 1788/1788/1788
f 1792/1792/1792 1790/1790/1790 1788/1788/1788
f 1783/1783/1783 1793/1793/1793 1787/1787/1787
f 1792/1792/1792 1787/1787/1787 1793/1793/1793
f 1783/1783/1783 1794/1794/1794 1793/1793/1793
f 1783/1783/1783 1782/1782/1782 1794/1794/1794
f 1790/1790/1790 1795/1795/1795 1791/1791/1791
f 1795/1795/1795 1796/1796/1796 1791/1791/1791
f 1792/1792/1792 1797/1797/1797 1790/1790/1790
f 1797/1797/1797 1795/1795/1795 1790/1790/1790
f 1792/1792/1792 1793/1793/1793 1798/1798/1798
f 1797/1797/1797 1792/1792/1792 1798/1798/1798
f 1798/1798/1798 1793/1793/1793 1799/1799/1799
f 1794/1794/1794 1799/1799/1799 1793/1793/1793
f 1795/1795/1795 1800/1800/1800 1796/1796/1796
f 1800/1800/1800 1801/1801/1801 1796/1796/1796
f 1797/1797/1797 1802/1802/1802 1795/1795/1795
f 1802/1802/1802 1800/1800/1800 1795/1795/1795
f 1797/1797/1797 1798/1798/1798 1803/1803/1803
f 1802/1802/1802 1797/1797/1797 1803/1803/1803
f 1798/1798/1798 1799/1799/1799 1804/1804/1804
f 1803/1803/1803 1798/1798/1798 1804/1804/1804
f 1800/1800/1800 1805/1805/1805 1801/1801/1801
f 1805/1805/1805 1806/1806/1806 1801/1801/1801
f 1802/1802/1802 1807/1807/1807 1800/1800/1800
f 1807/1807/1807 1805/1805/1805 1800/1800/1800
f 1802/1802/1802 1803/1803/1803 1808/1808/1808
f 1807/1807/1807 1802/1802/1802 1808/1808/1808
f 1803/1803/1803 1804/1804/1804 1809/1809/1809
f 1808/1808/1808 1803/1803/1803 1809/1809/1809
f 1805/1805/1805 1810/1810/1810 1806/1806/1806
f 1810/1810/1810 1811/1811/1811 1806/1806/1806
f 1807/1807/1807 1812/1812/1812 1805/1805/1805
f 1812/1812/1812 1810/1810/1810 1805/1805/1805
f 1807/1807/1807 1808/1808/1808 1813/1813/1813
f 1812/1812/1812 1807/1807/1807 1813/1813/1813
f 1808/1808/1808 1809/1809/1809 1814/1814/1814
f 1813/1813/1813 1808/1808/1808 1814/1814/1814
f 1810/1810/1810 1815/1815/1815 1811/1811/1811
f 1815/1815/1815 1816/1816/1816 1811/1811/1811
f 1812/1812/1812 1817/1817/1817 1810/1810/1810
f 1817/1817/1817 1815/1815/1815 1810/1810/1810
f 1812/1812/1812 1813/1813/1813 1818/1818/1818
f 1817/1817/1817 1812/1812/1812 1818/1818/1818
f 1813/1813/1813 1814/1814/1814 1819/1819/1819
f 1818/1818/1818 1813/1813/1813 1819/1819/1819
f 1817/1817/1817 1818/1818/1818 1820/1820/1820
f 1817/1817/1817 1821/1821/1821 1815/1815/1815
f 1821/1821/1821 1817/1817/1817 1820/1820/1820
f 1821/1821/1821 1822/1822/1822 1815/1815/1815
f 1815/1815/1815 1822/1822/1822 1816/1816/1816
f 1816/1816/1816 1822/1822/1822 1823/1823/1823
f 1816/1816/1816 1823/1823/1823 1824/1824/1824
f 1821/1821/1821 1825/1825/1825 1822/1822/1822
f 1825/1825/1825 1823/1823/1823 1822/1822/1822
f 1825/1825/1825 1821/1821/1821 1826/1826/1826
f 1821/1821/1821 1820/1820/1820 1826/1826/1826
f 1825/1825/1825 1827/1827/1827 1823/1823/1823
f 1824/1824/1824 1823/1823/1823 1828/1828/1828
f 1824/1824/1824 1828/1828/1828 1829/1829/1829
f 1823/1823/1823 1827/1827/1827 1830/1830/1830
f 1823/1823/1823 1830/1830/1830 1828/1828/1828
f 1827/1827/1827 1825/1825/1825 1831/1831/1831
f 1825/1825/1825 1826/1826/1826 1831/1831/1831
f 1829/1829/1829 1828/1828/1828 1832/1832/1832
f 1829/1829/1829 1832/1832/1832 1833/1833/1833
f 1828/1828/1828 1834/1834/1834 1832/1832/1832
f 1828/1828/1828 1830/1830/1830 1834/1834/1834
f 1833/1833/1833 1832/1832/1832 1835/1835/1835
f 1834/1834/1834 1835/1835/1835 1832/1832/1832
f 1833/1833/1833 1835/1835/1835 1836/1836/1836
f 1837/1837/1837 1836/1836/1836 1835/1835/1835
f 1837/1837/1837 1838/1838/1838 1836/1836/1836
f 1834/1834/1834 1839/1839/1839 1835/1835/1835
f 1840/1840/1840 1837/1837/1837 1835/1835/1835
f 1840/1840/1840 1835/1835/1835 1839/1839/1839
f 1841/1841/1841 1837/1837/1837 1840/1840/1840
f 1841/1841/1841 1842/1842/1842 1837/1837/1837
f 1841/1841/1841 1840/1840/1840 1843/1843/1843
f 1841/1841/1841 1843/1843/1843 1844/1844/1844
f 1840/1840/1840 1839/1839/1839 1845/1845/1845
f 1840/1840/1840 1845/1845/1845 1843/1843/1843
f 1839/1839/1839 1834/1834/1834 1846/1846/1846
f 1839/1839/1839 1846/1846/1846 1845/1845/1845
f 1834/1834/1834 1847/1847/1847 1846/1846/1846
f 1834/1834/1834 1830/1830/1830 1847/1847/1847
f 1844/1844/1844 1843/1843/1843 1848/1848/1848
f 1844/1844/1844 1848/1848/1848 1849/1849/1849
f 1843/1843/1843 1845/1845/1845 1850/1850/1850
f 1843/1843/1843 1850/1850/1850 1848/1848/1848
f 1845/1845/1845 1846/1846/1846 1851/1851/1851
f 1845/1845/1845 1851/1851/1851 1850/1850/1850
f 1846/1846/1846 1852/1852/1852 1851/1851/1851
f 1846/1846/1846 1847/1847/1847 1852/1852/1852
f 1853/1853/1853 1849/1849/1849 1848/1848/1848
f 1853/1853/1853 1854/1854/1854 1849/1849/1849
f 1855/1855/1855 1848/1848/1848 1850/1850/1850
f 1855/1855/1855 1853/1853/1853 1848/1848/1848
f 1856/1856/1856 1850/1850/1850 1851/1851/1851
f 1856/1856/1856 1855/1855/1855 1850/1850/1850
f 1857/1857/1857 1856/1856/1856 1851/1851/1851
f 1857/1857/1857 1851/1851/1851 1852/1852/1852
f 1858/1858/1858 1854/1854/1854 1853/1853/1853
f 1858/1858/1858 1859/1859/1859 1854/1854/1854
f 1860/1860/1860 1853/1853/1853 1855/1855/1855
f 1860/1860/1860 1858/1858/1858 1853/1853/1853
f 1861/1861/1861 1855/1855/1855 1856/1856/1856
f 1861/1861/1861 1860/1860/1860 1855/1855/1855
f 1862/1862/1862 1861/1861/1861 1856/1856/1856
f 1862/1862/1862 1856/1856/1856 1857/1857/1857
f 1859/1859/1859 1858/1858/1858 1863/1863/1863
f 1859/1859/1859 1863/1863/1863 1864/1864/1864
f 1858/1858/1858 1860/1860/1860 1865/1865/1865
f 1858/1858/1858 1865/1865/1865 1863/1863/1863
f 1860/1860/1860 1861/1861/1861 1866/1866/1866
f 1860/1860/1860 1866/1866/1866 1865/1865/1865
f 1861/1861/1861 1867/1867/1867 1866/1866/1866
f 1861/1861/1861 1862/1862/1862 1867/1867/1867
f 1864/1864/1864 1863/1863/1863 1868/1868/1868
f 1864/1864/1864 1868/1868/1868 1869/1869/1869
f 1870/1870/1870 1869/1869/1869 1868/1868/1868
f 1863/1863/1863 1871/1871/1871 1868/1868/1868
f 1863/1863/1863 1865/1865/1865 1871/1871/1871
f 1870/1870/1870 1868/1868/1868 1872/1872/1872
f 1872/1872/1872 1868/1868/1868 1871/1871/1871
f 1873/1873/1873 1870/1870/1870 1872/1872/1872
f 1865/1865/1865 1874/1874/1874 1871/1871/1871
f 1865/1865/1865 1866/1866/1866 1874/1874/1874
f 1872/1872/1872 1871/1871/1871 1875/1875/1875
f 1874/1874/1874 1875/1875/1875 1871/1871/1871
f 1873/1873/1873 1872/1872/1872 1876/1876/1876
f 1876/1876/1876 1872/1872/1872 1875/1875/1875
f 1877/1877/1877 1873/1873/1873 1876/1876/1876
f 1866/1866/1866 1878/1878/1878 1874/1874/1874
f 1866/1866/1866 1867/1867/1867 1878/1878/1878
f 1874/1874/1874 1879/1879/1879 1875/1875/1875
f 1878/1878/1878 1879/1879/1879 1874/1874/1874
f 1876/1876/1876 1875/1875/1875 1880/1880/1880
f 1879/1879/1879 1880/1880/1880 1875/1875/1875
f 1877/1877/1877 1876/1876/1876 1881/1881/1881
f 1880/1880/1880 1881/1881/1881 1876/1876/1876
f 1882/1882/1882 1877/1877/1877 1881/1881/1881
f 1867/1867/1867 1883/1883/1883 1878/1878/1878
f 1878/1878/1878 1884/1884/1884 1879/1879/1879
f 1883/1883/1883 1884/1884/1884 1878/1878/1878
f 1879/1879/1879 1885/1885/1885 1880/1880/1880
f 1884/1884/1884 1885/1885/1885 1879/1879/1879
f 1880/1880/1880 1886/1886/1886 1881/1881/1881
f 1885/1885/1885 1886/1886/1886 1880/1880/1880
f 1882/1882/1882 1881/1881/1881 1887/1887/1887
f 1886/1886/1886 1887/1887/1887 1881/1881/1881
f 1888/1888/1888 1882/1882/1882 1887/1887/1887
f 1888/1888/1888 1889/1889/1889 1882/1882/1882
f 1886/1886/1886 1890/1890/1890 1887/1887/1887
f 1891/1891/1891 1889/1889/1889 1888/1888/1888
f 1891/1891/1891 1892/1892/1892 1889/1889/1889
f 1893/1893/1893 1888/1888/1888 1887/1887/1887
f 1893/1893/1893 1887/1887/1887 1890/1890/1890
f 1894/1894/1894 1891/1891/1891 1888/1888/1888
f 1894/1894/1894 1888/1888/1888 1893/1893/1893
f 1892/1892/1892 1891/1891/1891 1895/1895/1895
f 1892/1892/1892 1895/1895/1895 1896/1896/1896
f 1891/1891/1891 1894/1894/1894 1897/1897/1897
f 1891/1891/1891 1897/1897/1897 1895/1895/1895
f 1898/1898/1898 1894/1894/1894 1893/1893/1893
f 1896/1896/1896 1895/1895/1895 1899/1899/1899
f 1896/1896/1896 1899/1899/1899 1900/1900/1900
f 1901/1901/1901 1900/1900/1900 1899/1899/1899
f 1895/1895/1895 1902/1902/1902 1899/1899/1899
f 1895/1895/1895 1897/1897/1897 1902/1902/1902
f 1901/1901/1901 1899/1899/1899 1903/1903/1903
f 1903/1903/1903 1899/1899/1899 1902/1902/1902
f 1904/1904/1904 1901/1901/1901 1903/1903/1903
f 1894/1894/1894 1905/1905/1905 1897/1897/1897
f 1894/1894/1894 1898/1898/1898 1905/1905/1905
f 1897/1897/1897 1906/1906/1906 1902/1902/1902
f 1897/1897/1897 1905/1905/1905 1906/1906/1906
f 1903/1903/1903 1902/1902/1902 1907/1907/1907
f 1906/1906/1906 1907/1907/1907 1902/1902/1902
f 1904/1904/1904 1903/1903/1903 1908/1908/1908
f 1908/1908/1908 1903/1903/1903 1907/1907/1907
f 1909/1909/1909 1904/1904/1904 1908/1908/1908
f 1909/1909/1909 1908/1908/1908 1910/1910/1910
f 1911/1911/1911 1909/1909/1909 1910/1910/1910
f 1908/1908/1908 1907/1907/1907 1912/1912/1912
f 1912/1912/1912 1910/1910/1910 1908/1908/1908
f 1906/1906/1906 1913/1913/1913 1907/1907/1907
f 1913/1913/1913 1912/1912/1912 1907/1907/1907
f 1914/1914/1914 1913/1913/1913 1906/1906/1906
f 1905/1905/1905 1914/1914/1914 1906/1906/1906
f 1913/1913/1913 1915/1915/1915 1912/1912/1912
f 1905/1905/1905 1916/1916/1916 1914/1914/1914
f 1898/1898/1898 1916/1916/1916 1905/1905/1905
f 1914/1914/1914 1917/1917/1917 1913/1913/1913
f 1917/1917/1917 1915/1915/1915 1913/1913/1913
f 1916/1916/1916 1918/1918/1918 1914/1914/1914
f 1918/1918/1918 1917/1917/1917 1914/1914/1914
f 1898/1898/1898 1919/1919/1919 1916/1916/1916
f 1916/1916/1916 1920/1920/1920 1918/1918/1918
f 1919/1919/1919 1920/1920/1920 1916/1916/1916
f 1919/1919/1919 1898/1898/1898 1921/1921/1921
f 1898/1898/1898 1893/1893/1893 1921/1921/1921
f 1921/1921/1921 1893/1893/1893 1890/1890/1890
f 1919/1919/1919 1921/1921/1921 1922/1922/1922
f 1921/1921/1921 1890/1890/1890 1923/1923/1923
f 1922/1922/1922 1921/1921/1921 1923/1923/1923
f 1924/1924/1924 1919/1919/1919 1922/1922/1922
f 1919/1919/1919 1924/1924/1924 1920/1920/1920
f 1925/1925/1925 1923/1923/1923 1890/1890/1890
f 1925/1925/1925 1890/1890/1890 1886/1886/1886
f 1885/1885/1885 1925/1925/1925 1886/1886/1886
f 1925/1925/1925 1885/1885/1885 1926/1926/1926
f 1884/1884/1884 1926/1926/1926 1885/1885/1885
f 1923/1923/1923 1925/1925/1925 1927/1927/1927
f 1925/1925/1925 1926/1926/1926 1927/1927/1927
f 1928/1928/1928 1926/1926/1926 1884/1884/1884
f 1883/1883/1883 1928/1928/1928 1884/1884/1884
f 1927/1927/1927 1926/1926/1926 1929/1929/1929
f 1928/1928/1928 1929/1929/1929 1926/1926/1926
f 1930/1930/1930 1928/1928/1928 1883/1883/1883
f 1930/1930/1930 1929/1929/1929 1928/1928/1928
f 1923/1923/1923 1927/1927/1927 1931/1931/1931
f 1922/1922/1922 1923/1923/1923 1931/1931/1931
f 1927/1927/1927 1929/1929/1929 1932/1932/1932
f 1931/1931/1931 1927/1927/1927 1932/1932/1932
f 1933/1933/1933 1922/1922/1922 1931/1931/1931
f 1924/1924/1924 1922/1922/1922 1933/1933/1933
f 1933/1933/1933 1931/1931/1931 1934/1934/1934
f 1931/1931/1931 1932/1932/1932 1934/1934/1934
f 1935/1935/1935 1924/1924/1924 1933/1933/1933
f 1932/1932/1932 1929/1929/1929 1936/1936/1936
f 1930/1930/1930 1936/1936/1936 1929/1929/1929
f 1937/1937/1937 1933/1933/1933 1934/1934/1934
f 1935/1935/1935 1933/1933/1933 1937/1937/1937
f 1932/1932/1932 1938/1938/1938 1934/1934/1934
f 1937/1937/1937 1934/1934/1934 1938/1938/1938
f 1932/1932/1932 1936/1936/1936 1939/1939/1939
f 1932/1932/1932 1939/1939/1939 1938/1938/1938
f 1939/1939/1939 1936/1936/1936 1940/1940/1940
f 1940/1940/1940 1936/1936/1936 1930/1930/1930
f 1939/1939/1939 1941/1941/1941 1938/1938/1938
f 1942/1942/1942 1937/1937/1937 1938/1938/1938
f 1942/1942/1942 1938/1938/1938 1941/1941/1941
f 1939/1939/1939 1943/1943/1943 1941/1941/1941
f 1939/1939/1939 1940/1940/1940 1943/1943/1943
f 1944/1944/1944 1942/1942/1942 1941/1941/1941
f 1945/1945/1945 1937/1937/1937 1942/1942/1942
f 1945/1945/1945 1935/1935/1935 1937/1937/1937
f 1946/1946/1946 1945/1945/1945 1942/1942/1942
f 1946/1946/1946 1942/1942/1942 1944/1944/1944
f 1935/1935/1935 1945/1945/1945 1947/1947/1947
f 1945/1945/1945 1946/1946/1946 1948/1948/1948
f 1945/1945/1945 1948/1948/1948 1947/1947/1947
f 1935/1935/1935 1947/1947/1947 1949/1949/1949
f 1924/1924/1924 1935/1935/1935 1949/1949/1949
f 1924/1924/1924 1949/1949/1949 1920/1920/1920
f 1949/1949/1949 1947/1947/1947 1950/1950/1950
f 1920/1920/1920 1949/1949/1949 1951/1951/1951
f 1949/1949/1949 1950/1950/1950 1951/1951/1951
f 1920/1920/1920 1951/1951/1951 1918/1918/1918
f 1951/1951/1951 1952/1952/1952 1918/1918/1918
f 1918/1918/1918 1952/1952/1952 1917/1917/1917
f 1951/1951/1951 1953/1953/1953 1952/1952/1952
f 1950/1950/1950 1953/1953/1953 1951/1951/1951
f 1952/1952/1952 1954/1954/1954 1917/1917/1917
f 1917/1917/1917 1954/1954/1954 1915/1915/1915
f 1953/1953/1953 1955/1955/1955 1952/1952/1952
f 1952/1952/1952 1955/1955/1955 1954/1954/1954
f 1950/1950/1950 1956/1956/1956 1953/1953/1953
f 1953/1953/1953 1957/1957/1957 1955/1955/1955
f 1956/1956/1956 1957/1957/1957 1953/1953/1953
f 1958/1958/1958 1954/1954/1954 1955/1955/1955
f 1959/1959/1959 1915/1915/1915 1954/1954/1954
f 1959/1959/1959 1954/1954/1954 1958/1958/1958
f 1915/1915/1915 1959/1959/1959 1960/1960/1960
f 1915/1915/1915 1960/1960/1960 1912/1912/1912
f 1912/1912/1912 1960/1960/1960 1910/1910/1910
f 1958/1958/1958 1955/1955/1955 1961/1961/1961
f 1961/1961/1961 1955/1955/1955 1957/1957/1957
f 1962/1962/1962 1959/1959/1959 1958/1958/1958
f 1960/1960/1960 1963/1963/1963 1910/1910/1910
f 1911/1911/1911 1910/1910/1910 1963/1963/1963
f 1959/1959/1959 1964/1964/1964 1960/1960/1960
f 1960/1960/1960 1964/1964/1964 1963/1963/1963
f 1959/1959/1959 1962/1962/1962 1964/1964/1964
f 1965/1965/1965 1911/1911/1911 1963/1963/1963
f 1965/1965/1965 1966/1966/1966 1911/1911/1911
f 1967/1967/1967 1966/1966/1966 1965/1965/1965
f 1968/1968/1968 1965/1965/1965 1963/1963/1963
f 1968/1968/1968 1963/1963/1963 1964/1964/1964
f 1967/1967/1967 1965/1965/1965 1969/1969/1969
f 1969/1969/1969 1965/1965/1965 1968/1968/1968
f 1967/1967/1967 1969/1969/1969 1970/1970/1970
f 1967/1967/1967 1970/1970/1970 1971/1971/1971
f 1972/1972/1972 1968/1968/1968 1964/1964/1964
f 1972/1972/1972 1964/1964/1964 1962/1962/1962
f 1969/1969/1969 1968/1968/1968 1973/1973/1973
f 1972/1972/1972 1973/1973/1973 1968/1968/1968
f 1969/1969/1969 1974/1974/1974 1970/1970/1970
f 1969/1969/1969 1973/1973/1973 1974/1974/1974
f 1971/1971/1971 1970/1970/1970 1975/1975/1975
f 1971/1971/1971 1975/1975/1975 1976/1976/1976
f 1977/1977/1977 1976/1976/1976 1975/1975/1975
f 1970/1970/1970 1978/1978/1978 1975/1975/1975
f 1970/1970/1970 1974/1974/1974 1978/1978/1978
f 1977/1977/1977 1975/1975/1975 1979/1979/1979
f 1979/1979/1979 1975/1975/1975 1978/1978/1978
f 1980/1980/1980 1977/1977/1977 1979/1979/1979
f 1980/1980/1980 1979/1979/1979 1981/1981/1981
f 1982/1982/1982 1980/1980/1980 1981/1981/1981
f 1979/1979/1979 1978/1978/1978 1983/1983/1983
f 1981/1981/1981 1979/1979/1979 1983/1983/1983
f 1982/1982/1982 1981/1981/1981 1984/1984/1984
f 1985/1985/1985 1982/1982/1982 1984/1984/1984
f 1981/1981/1981 1983/1983/1983 1986/1986/1986
f 1986/1986/1986 1984/1984/1984 1981/1981/1981
f 1987/1987/1987 1983/1983/1983 1978/1978/1978
f 1974/1974/1974 1987/1987/1987 1978/1978/1978
f 1988/1988/1988 1986/1986/1986 1983/1983/1983
f 1987/1987/1987 1988/1988/1988 1983/1983/1983
f 1974/1974/1974 1989/1989/1989 1987/1987/1987
f 1973/1973/1973 1989/1989/1989 1974/1974/1974
f 1990/1990/1990 1988/1988/1988 1987/1987/1987
f 1989/1989/1989 1990/1990/1990 1987/1987/1987
f 1973/1973/1973 1991/1991/1991 1989/1989/1989
f 1972/1972/1972 1991/1991/1991 1973/1973/1973
f 1989/1989/1989 1992/1992/1992 1990/1990/1990
f 1991/1991/1991 1992/1992/1992 1989/1989/1989
f 1993/1993/1993 1991/1991/1991 1972/1972/1972
f 1991/1991/1991 1993/1993/1993 1992/1992/1992
f 1993/1993/1993 1972/1972/1972 1994/1994/1994
f 1994/1994/1994 1972/1972/1972 1962/1962/1962
f 1993/1993/1993 1995/1995/1995 1992/1992/1992
f 1996/1996/1996 1993/1993/1993 1994/1994/1994
f 1993/1993/1993 1996/1996/1996 1995/1995/1995
f 1994/1994/1994 1962/1962/1962 1997/1997/1997
f 1962/1962/1962 1958/1958/1958 1997/1997/1997
f 1997/1997/1997 1958/1958/1958 1961/1961/1961
f 1998/1998/1998 1994/1994/1994 1997/1997/1997
f 1996/1996/1996 1994/1994/1994 1998/1998/1998
f 1997/1997/1997 1961/1961/1961 1999/1999/1999
f 1998/1998/1998 1997/1997/1997 1999/1999/1999
f 1999/1999/1999 1961/1961/1961 2000/2000/2000
f 1961/1961/1961 1957/1957/1957 2000/2000/2000
f 2001/2001/2001 1998/1998/1998 1999/1999/1999
f 2002/2002/2002 1996/1996/1996 1998/1998/1998
f 2002/2002/2002 1998/1998/1998 2001/2001/2001
f 1996/1996/1996 2002/2002/2002 2003/2003/2003
f 1996/1996/1996 2003/2003/2003 1995/1995/1995
f 1999/1999/1999 2000/2000/2000 2004/2004/2004
f 2001/2001/2001 1999/1999/1999 2004/2004/2004
f 2000/2000/2000 1957/1957/1957 2005/2005/2005
f 1956/1956/1956 2005/2005/2005 1957/1957/1957
f 2004/2004/2004 2000/2000/2000 2006/2006/2006
f 2000/2000/2000 2005/2005/2005 2006/2006/2006
f 2007/2007/2007 2005/2005/2005 1956/1956/1956
f 2007/2007/2007 1956/1956/1956 1950/1950/1950
f 2007/2007/2007 2008/2008/2008 2005/2005/2005
f 2006/2006/2006 2005/2005/2005 2008/2008/2008
f 2007/2007/2007 1950/1950/1950 2009/2009/2009
f 1947/1947/1947 2009/2009/2009 1950/1950/1950
f 1947/1947/1947 1948/1948/1948 2009/2009/2009
f 2010/2010/2010 2007/2007/2007 2009/2009/2009
f 2010/2010/2010 2008/2008/2008 2007/2007/2007
f 1948/1948/1948 2011/2011/2011 2009/2009/2009
f 2010/2010/2010 2009/2009/2009 2011/2011/2011
f 1948/1948/1948 2012/2012/2012 2011/2011/2011
f 1946/1946/1946 2012/2012/2012 1948/1948/1948
f 2013/2013/2013 2010/2010/2010 2011/2011/2011
f 1946/1946/1946 2014/2014/2014 2012/2012/2012
f 2014/2014/2014 1946/1946/1946 1944/1944/1944
f 2012/2012/2012 2015/2015/2015 2011/2011/2011
f 2013/2013/2013 2011/2011/2011 2015/2015/2015
f 2014/2014/2014 2016/2016/2016 2012/2012/2012
f 2012/2012/2012 2016/2016/2016 2015/2015/2015
f 2014/2014/2014 1944/1944/1944 2017/2017/2017
f 2014/2014/2014 2018/2018/2018 2016/2016/2016
f 2018/2018/2018 2014/2014/2014 2017/2017/2017
f 2017/2017/2017 1944/1944/1944 2019/2019/2019
f 1944/1944/1944 1941/1941/1941 2019/2019/2019
f 1943/1943/1943 2019/2019/2019 1941/1941/1941
f 1943/1943/1943 2020/2020/2020 2019/2019/2019
f 1940/1940/1940 2020/2020/2020 1943/1943/1943
f 2017/2017/2017 2019/2019/2019 2021/2021/2021
f 2020/2020/2020 2021/2021/2021 2019/2019/2019
f 2022/2022/2022 2017/2017/2017 2021/2021/2021
f 2018/2018/2018 2017/2017/2017 2022/2022/2022
f 2020/2020/2020 2023/2023/2023 2021/2021/2021
f 1940/1940/1940 2024/2024/2024 2020/2020/2020
f 2024/2024/2024 2023/2023/2023 2020/2020/2020
f 2024/2024/2024 1940/1940/1940 2025/2025/2025
f 1940/1940/1940 1930/1930/1930 2025/2025/2025
f 2024/2024/2024 2026/2026/2026 2023/2023/2023
f 2023/2023/2023 2027/2027/2027 2021/2021/2021
f 2022/2022/2022 2021/2021/2021 2027/2027/2027
f 2025/2025/2025 1930/1930/1930 2028/2028/2028
f 1930/1930/1930 1883/1883/1883 2028/2028/2028
f 2024/2024/2024 2025/2025/2025 2029/2029/2029
f 2026/2026/2026 2024/2024/2024 2029/2029/2029
f 2025/2025/2025 2028/2028/2028 2030/2030/2030
f 2029/2029/2029 2025/2025/2025 2030/2030/2030
f 2031/2031/2031 2028/2028/2028 1883/1883/1883
f 1867/1867/1867 2031/2031/2031 1883/1883/1883
f 1862/1862/1862 2031/2031/2031 1867/1867/1867
f 2031/2031/2031 2032/2032/2032 2028/2028/2028
f 2032/2032/2032 2030/2030/2030 2028/2028/2028
f 1862/1862/1862 2033/2033/2033 2031/2031/2031
f 2033/2033/2033 2032/2032/2032 2031/2031/2031
f 2033/2033/2033 1862/1862/1862 1857/1857/1857
f 2033/2033/2033 1857/1857/1857 2034/2034/2034
f 2034/2034/2034 1857/1857/1857 1852/1852/1852
f 2033/2033/2033 2035/2035/2035 2032/2032/2032
f 2035/2035/2035 2033/2033/2033 2034/2034/2034
f 2032/2032/2032 2036/2036/2036 2030/2030/2030
f 2035/2035/2035 2036/2036/2036 2032/2032/2032
f 2036/2036/2036 2037/2037/2037 2030/2030/2030
f 2029/2029/2029 2030/2030/2030 2037/2037/2037
f 2035/2035/2035 2038/2038/2038 2036/2036/2036
f 2039/2039/2039 2029/2029/2029 2037/2037/2037
f 2026/2026/2026 2029/2029/2029 2039/2039/2039
f 2036/2036/2036 2040/2040/2040 2037/2037/2037
f 2038/2038/2038 2040/2040/2040 2036/2036/2036
f 2039/2039/2039 2037/2037/2037 2041/2041/2041
f 2040/2040/2040 2041/2041/2041 2037/2037/2037
f 2042/2042/2042 2026/2026/2026 2039/2039/2039
f 2038/2038/2038 2035/2035/2035 2043/2043/2043
f 2035/2035/2035 2034/2034/2034 2043/2043/2043
f 2044/2044/2044 2039/2039/2039 2041/2041/2041
f 2042/2042/2042 2039/2039/2039 2044/2044/2044
f 2043/2043/2043 2034/2034/2034 2045/2045/2045
f 2034/2034/2034 1852/1852/1852 2045/2045/2045
f 1847/1847/1847 2045/2045/2045 1852/1852/1852
f 1847/1847/1847 2046/2046/2046 2045/2045/2045
f 1830/1830/1830 2046/2046/2046 1847/1847/1847
f 1830/1830/1830 1827/1827/1827 2046/2046/2046
f 1827/1827/1827 1831/1831/1831 2046/2046/2046
f 2046/2046/2046 2047/2047/2047 2045/2045/2045
f 2046/2046/2046 1831/1831/1831 2047/2047/2047
f 2043/2043/2043 2045/2045/2045 2047/2047/2047
f 1831/1831/1831 2048/2048/2048 2047/2047/2047
f 2049/2049/2049 2043/2043/2043 2047/2047/2047
f 2049/2049/2049 2047/2047/2047 2048/2048/2048
f 2038/2038/2038 2043/2043/2043 2049/2049/2049
f 1831/1831/1831 1826/1826/1826 2048/2048/2048
f 2050/2050/2050 2038/2038/2038 2049/2049/2049
f 2038/2038/2038 2050/2050/2050 2040/2040/2040
f 2051/2051/2051 2049/2049/2049 2048/2048/2048
f 2050/2050/2050 2049/2049/2049 2051/2051/2051
f 1826/1826/1826 2052/2052/2052 2048/2048/2048
f 2051/2051/2051 2048/2048/2048 2052/2052/2052
f 1826/1826/1826 1820/1820/1820 2052/2052/2052
f 2050/2050/2050 2053/2053/2053 2040/2040/2040
f 2040/2040/2040 2053/2053/2053 2041/2041/2041
f 2054/2054/2054 2050/2050/2050 2051/2051/2051
f 2050/2050/2050 2054/2054/2054 2053/2053/2053
f 2055/2055/2055 2051/2051/2051 2052/2052/2052
f 2054/2054/2054 2051/2051/2051 2055/2055/2055
f 1820/1820/1820 2056/2056/2056 2052/2052/2052
f 2055/2055/2055 2052/2052/2052 2056/2056/2056
f 1820/1820/1820 1818/1818/1818 2056/2056/2056
f 1818/1818/1818 1819/1819/1819 2056/2056/2056
f 2057/2057/2057 2055/2055/2055 2056/2056/2056
f 2057/2057/2057 2056/2056/2056 1819/1819/1819
f 2058/2058/2058 2054/2054/2054 2055/2055/2055
f 2058/2058/2058 2055/2055/2055 2057/2057/2057
f 2054/2054/2054 2058/2058/2058 2059/2059/2059
f 2054/2054/2054 2059/2059/2059 2053/2053/2053
f 2060/2060/2060 2057/2057/2057 1819/1819/1819
f 2060/2060/2060 1819/1819/1819 1814/1814/1814
f 2061/2061/2061 2058/2058/2058 2057/2057/2057
f 2061/2061/2061 2057/2057/2057 2060/2060/2060
f 2058/2058/2058 2062/2062/2062 2059/2059/2059
f 2058/2058/2058 2061/2061/2061 2062/2062/2062
f 2053/2053/2053 2059/2059/2059 2063/2063/2063
f 2053/2053/2053 2063/2063/2063 2041/2041/2041
f 2044/2044/2044 2041/2041/2041 2063/2063/2063
f 2059/2059/2059 2064/2064/2064 2063/2063/2063
f 2059/2059/2059 2062/2062/2062 2064/2064/2064
f 2065/2065/2065 2044/2044/2044 2063/2063/2063
f 2065/2065/2065 2063/2063/2063 2064/2064/2064
f 2066/2066/2066 2044/2044/2044 2065/2065/2065
f 2066/2066/2066 2042/2042/2042 2044/2044/2044
f 2067/2067/2067 2065/2065/2065 2064/2064/2064
f 2068/2068/2068 2066/2066/2066 2065/2065/2065
f 2068/2068/2068 2065/2065/2065 2067/2067/2067
f 2062/2062/2062 2069/2069/2069 2064/2064/2064
f 2067/2067/2067 2064/2064/2064 2069/2069/2069
f 2062/2062/2062 2070/2070/2070 2069/2069/2069
f 2061/2061/2061 2070/2070/2070 2062/2062/2062
f 2071/2071/2071 2067/2067/2067 2069/2069/2069
f 2061/2061/2061 2072/2072/2072 2070/2070/2070
f 2072/2072/2072 2061/2061/2061 2060/2060/2060
f 2070/2070/2070 2073/2073/2073 2069/2069/2069
f 2071/2071/2071 2069/2069/2069 2073/2073/2073
f 2072/2072/2072 2074/2074/2074 2070/2070/2070
f 2070/2070/2070 2074/2074/2074 2073/2073/2073
f 2072/2072/2072 2060/2060/2060 2075/2075/2075
f 2075/2075/2075 2060/2060/2060 1814/1814/1814
f 2075/2075/2075 1814/1814/1814 1809/1809/1809
f 2076/2076/2076 2072/2072/2072 2075/2075/2075
f 2072/2072/2072 2076/2076/2076 2074/2074/2074
f 2077/2077/2077 2075/2075/2075 1809/1809/1809
f 2076/2076/2076 2075/2075/2075 2077/2077/2077
f 2077/2077/2077 1809/1809/1809 1804/1804/1804
f 2078/2078/2078 2077/2077/2077 1804/1804/1804
f 2078/2078/2078 1804/1804/1804 1799/1799/1799
f 2079/2079/2079 2076/2076/2076 2077/2077/2077
f 2079/2079/2079 2077/2077/2077 2078/2078/2078
f 2076/2076/2076 2080/2080/2080 2074/2074/2074
f 2076/2076/2076 2079/2079/2079 2080/2080/2080
f 2074/2074/2074 2080/2080/2080 2081/2081/2081
f 2074/2074/2074 2081/2081/2081 2073/2073/2073
f 2082/2082/2082 2078/2078/2078 1799/1799/1799
f 1794/1794/1794 2082/2082/2082 1799/1799/1799
f 2083/2083/2083 2079/2079/2079 2078/2078/2078
f 2082/2082/2082 2083/2083/2083 2078/2078/2078
f 1794/1794/1794 2084/2084/2084 2082/2082/2082
f 1794/1794/1794 1782/1782/1782 2084/2084/2084
f 2084/2084/2084 1782/1782/1782 1770/1770/1770
f 2084/2084/2084 1770/1770/1770 1767/1767/1767
f 2082/2082/2082 2084/2084/2084 2085/2085/2085
f 2085/2085/2085 2084/2084/2084 1767/1767/1767
f 2082/2082/2082 2085/2085/2085 2083/2083/2083
f 2085/2085/2085 1767/1767/1767 1762/1762/1762
f 2083/2083/2083 2085/2085/2085 2086/2086/2086
f 2086/2086/2086 2085/2085/2085 1762/1762/1762
f 2083/2083/2083 2087/2087/2087 2079/2079/2079
f 2083/2083/2083 2086/2086/2086 2087/2087/2087
f 2087/2087/2087 2080/2080/2080 2079/2079/2079
f 2086/2086/2086 1762/1762/1762 2088/2088/2088
f 1757/1757/1757 2088/2088/2088 1762/1762/1762
f 1756/1756/1756 2088/2088/2088 1757/1757/1757
f 2089/2089/2089 2086/2086/2086 2088/2088/2088
f 2087/2087/2087 2086/2086/2086 2089/2089/2089
f 1756/1756/1756 2090/2090/2090 2088/2088/2088
f 2089/2089/2089 2088/2088/2088 2090/2090/2090
f 1751/1751/1751 2090/2090/2090 1756/1756/1756
f 2091/2091/2091 2090/2090/2090 1751/1751/1751
f 2091/2091/2091 2089/2089/2089 2090/2090/2090
f 1753/1753/1753 2091/2091/2091 1751/1751/1751
f 2087/2087/2087 2089/2089/2089 2092/2092/2092
f 2087/2087/2087 2092/2092/2092 2080/2080/2080
f 2092/2092/2092 2089/2089/2089 2091/2091/2091
f 2092/2092/2092 2081/2081/2081 2080/2080/2080
f 2093/2093/2093 2091/2091/2091 1753/1753/1753
f 2092/2092/2092 2091/2091/2091 2093/2093/2093
f 2092/2092/2092 2093/2093/2093 2081/2081/2081
f 2093/2093/2093 1753/1753/1753 1755/1755/1755
f 2093/2093/2093 2094/2094/2094 2081/2081/2081
f 2093/2093/2093 1755/1755/1755 2094/2094/2094
f 2094/2094/2094 2073/2073/2073 2081/2081/2081
f 2094/2094/2094 2071/2071/2071 2073/2073/2073
f 1755/1755/1755 2095/2095/2095 2094/2094/2094
f 2095/2095/2095 2071/2071/2071 2094/2094/2094
f 1755/1755/1755 1754/1754/1754 2095/2095/2095
f 2095/2095/2095 2096/2096/2096 2071/2071/2071
f 2096/2096/2096 2067/2067/2067 2071/2071/2071
f 1754/1754/1754 2097/2097/2097 2095/2095/2095
f 2096/2096/2096 2095/2095/2095 2097/2097/2097
f 2096/2096/2096 2068/2068/2068 2067/2067/2067
f 1754/1754/1754 1752/1752/1752 2097/2097/2097
f 2068/2068/2068 2096/2096/2096 2098/2098/2098
f 2096/2096/2096 2097/2097/2097 2098/2098/2098
f 2068/2068/2068 2098/2098/2098 2099/2099/2099
f 2066/2066/2066 2068/2068/2068 2099/2099/2099
f 2097/2097/2097 1752/1752/1752 2100/2100/2100
f 1752/1752/1752 1742/1742/1742 2100/2100/2100
f 2100/2100/2100 1742/1742/1742 1738/1738/1738
f 2097/2097/2097 2100/2100/2100 2101/2101/2101
f 2098/2098/2098 2097/2097/2097 2101/2101/2101
f 2100/2100/2100 1738/1738/1738 2102/2102/2102
f 2101/2101/2101 2100/2100/2100 2102/2102/2102
f 2102/2102/2102 1738/1738/1738 1734/1734/1734
f 2098/2098/2098 2101/2101/2101 2103/2103/2103
f 2099/2099/2099 2098/2098/2098 2103/2103/2103
f 2101/2101/2101 2102/2102/2102 2104/2104/2104
f 2104/2104/2104 2103/2103/2103 2101/2101/2101
f 2102/2102/2102 1734/1734/1734 2105/2105/2105
f 2104/2104/2104 2102/2102/2102 2105/2105/2105
f 2105/2105/2105 1734/1734/1734 1730/1730/1730
f 2104/2104/2104 2106/2106/2106 2103/2103/2103
f 2104/2104/2104 2105/2105/2105 2107/2107/2107
f 2107/2107/2107 2106/2106/2106 2104/2104/2104
f 2105/2105/2105 1730/1730/1730 2108/2108/2108
f 2107/2107/2107 2105/2105/2105 2108/2108/2108
f 1730/1730/1730 2109/2109/2109 2108/2108/2108
f 1730/1730/1730 1726/1726/1726 2109/2109/2109
f 2107/2107/2107 2108/2108/2108 2110/2110/2110
f 2110/2110/2110 2108/2108/2108 2109/2109/2109
f 2107/2107/2107 2111/2111/2111 2106/2106/2106
f 2111/2111/2111 2107/2107/2107 2110/2110/2110
f 1726/1726/1726 2112/2112/2112 2109/2109/2109
f 1726/1726/1726 1716/1716/1716 2112/2112/2112
f 2110/2110/2110 2109/2109/2109 2113/2113/2113
f 2113/2113/2113 2109/2109/2109 2112/2112/2112
f 2111/2111/2111 2110/2110/2110 2114/2114/2114
f 2114/2114/2114 2110/2110/2110 2113/2113/2113
f 1716/1716/1716 2115/2115/2115 2112/2112/2112
f 1716/1716/1716 1714/1714/1714 2115/2115/2115
f 1714/1714/1714 1715/1715/1715 2115/2115/2115
f 2116/2116/2116 2112/2112/2112 2115/2115/2115
f 2113/2113/2113 2112/2112/2112 2116/2116/2116
f 2117/2117/2117 2115/2115/2115 1715/1715/1715
f 2116/2116/2116 2115/2115/2115 2117/2117/2117
f 2116/2116/2116 2118/2118/2118 2113/2113/2113
f 2114/2114/2114 2113/2113/2113 2118/2118/2118
f 2117/2117/2117 2119/2119/2119 2116/2116/2116
f 2116/2116/2116 2119/2119/2119 2118/2118/2118
f 2117/2117/2117 1715/1715/1715 2120/2120/2120
f 2120/2120/2120 1715/1715/1715 1706/1706/1706
f 2117/2117/2117 2121/2121/2121 2119/2119/2119
f 2121/2121/2121 2117/2117/2117 2120/2120/2120
f 2119/2119/2119 2122/2122/2122 2118/2118/2118
f 2121/2121/2121 2123/2123/2123 2119/2119/2119
f 2119/2119/2119 2123/2123/2123 2122/2122/2122
f 2120/2120/2120 1706/1706/1706 2124/2124/2124
f 2124/2124/2124 1706/1706/1706 1700/1700/1700
f 2124/2124/2124 1700/1700/1700 1701/1701/1701
f 2125/2125/2125 2120/2120/2120 2124/2124/2124
f 2121/2121/2121 2120/2120/2120 2125/2125/2125
f 1701/1701/1701 2126/2126/2126 2124/2124/2124
f 2125/2125/2125 2124/2124/2124 2126/2126/2126
f 2127/2127/2127 2121/2121/2121 2125/2125/2125
f 2121/2121/2121 2127/2127/2127 2123/2123/2123
f 2128/2128/2128 2125/2125/2125 2126/2126/2126
f 2127/2127/2127 2125/2125/2125 2128/2128/2128
f 1701/1701/1701 2129/2129/2129 2126/2126/2126
f 1699/1699/1699 2129/2129/2129 1701/1701/1701
f 2128/2128/2128 2126/2126/2126 2130/2130/2130
f 2129/2129/2129 2130/2130/2130 2126/2126/2126
f 1699/1699/1699 2131/2131/2131 2129/2129/2129
f 2131/2131/2131 1699/1699/1699 1696/1696/1696
f 2129/2129/2129 2132/2132/2132 2130/2130/2130
f 2131/2131/2131 2132/2132/2132 2129/2129/2129
f 2133/2133/2133 2128/2128/2128 2130/2130/2130
f 2131/2131/2131 1696/1696/1696 2134/2134/2134
f 2131/2131/2131 2135/2135/2135 2132/2132/2132
f 2135/2135/2135 2131/2131/2131 2134/2134/2134
f 2132/2132/2132 2136/2136/2136 2130/2130/2130
f 2133/2133/2133 2130/2130/2130 2136/2136/2136
f 2135/2135/2135 2137/2137/2137 2132/2132/2132
f 2132/2132/2132 2137/2137/2137 2136/2136/2136
f 2138/2138/2138 2128/2128/2128 2133/2133/2133
f 2138/2138/2138 2127/2127/2127 2128/2128/2128
f 2139/2139/2139 2133/2133/2133 2136/2136/2136
f 2127/2127/2127 2138/2138/2138 2140/2140/2140
f 2127/2127/2127 2140/2140/2140 2123/2123/2123
f 2141/2141/2141 2138/2138/2138 2133/2133/2133
f 2141/2141/2141 2133/2133/2133 2139/2139/2139
f 2138/2138/2138 2013/2013/2013 2140/2140/2140
f 2138/2138/2138 2141/2141/2141 2013/2013/2013
f 2140/2140/2140 2013/2013/2013 2015/2015/2015
f 2141/2141/2141 2010/2010/2010 2013/2013/2013
f 2140/2140/2140 2015/2015/2015 2142/2142/2142
f 2123/2123/2123 2140/2140/2140 2142/2142/2142
f 2016/2016/2016 2142/2142/2142 2015/2015/2015
f 2123/2123/2123 2142/2142/2142 2122/2122/2122
f 2016/2016/2016 2143/2143/2143 2142/2142/2142
f 2143/2143/2143 2122/2122/2122 2142/2142/2142
f 2018/2018/2018 2143/2143/2143 2016/2016/2016
f 2141/2141/2141 2144/2144/2144 2010/2010/2010
f 2144/2144/2144 2141/2141/2141 2139/2139/2139
f 2010/2010/2010 2144/2144/2144 2008/2008/2008
f 2143/2143/2143 2145/2145/2145 2122/2122/2122
f 2145/2145/2145 2118/2118/2118 2122/2122/2122
f 2145/2145/2145 2114/2114/2114 2118/2118/2118
f 2018/2018/2018 2146/2146/2146 2143/2143/2143
f 2146/2146/2146 2145/2145/2145 2143/2143/2143
f 2146/2146/2146 2018/2018/2018 2022/2022/2022
f 2147/2147/2147 2114/2114/2114 2145/2145/2145
f 2146/2146/2146 2147/2147/2147 2145/2145/2145
f 2147/2147/2147 2111/2111/2111 2114/2114/2114
f 2146/2146/2146 2022/2022/2022 2148/2148/2148
f 2147/2147/2147 2146/2146/2146 2148/2148/2148
f 2148/2148/2148 2022/2022/2022 2027/2027/2027
f 2111/2111/2111 2147/2147/2147 2149/2149/2149
f 2147/2147/2147 2148/2148/2148 2149/2149/2149
f 2111/2111/2111 2149/2149/2149 2106/2106/2106
f 2148/2148/2148 2027/2027/2027 2150/2150/2150
f 2149/2149/2149 2148/2148/2148 2150/2150/2150
f 2106/2106/2106 2149/2149/2149 2151/2151/2151
f 2149/2149/2149 2150/2150/2150 2151/2151/2151
f 2106/2106/2106 2151/2151/2151 2103/2103/2103
f 2099/2099/2099 2103/2103/2103 2151/2151/2151
f 2152/2152/2152 2099/2099/2099 2151/2151/2151
f 2152/2152/2152 2151/2151/2151 2150/2150/2150
f 2066/2066/2066 2099/2099/2099 2152/2152/2152
f 2042/2042/2042 2066/2066/2066 2152/2152/2152
f 2153/2153/2153 2152/2152/2152 2150/2150/2150
f 2042/2042/2042 2152/2152/2152 2153/2153/2153
f 2153/2153/2153 2150/2150/2150 2027/2027/2027
f 2026/2026/2026 2042/2042/2042 2153/2153/2153
f 2023/2023/2023 2153/2153/2153 2027/2027/2027
f 2026/2026/2026 2153/2153/2153 2023/2023/2023
f 2154/2154/2154 2155/2155/2155 2156/2156/2156
f 1665/1665/1665 2156/2156/2156 2155/2155/2155
f 1669/1669/1669 1665/1665/1665 2155/2155/2155
f 1665/1665/1665 1663/1663/1663 2156/2156/2156
f 1669/1669/1669 2155/2155/2155 2157/2157/2157
f 2157/2157/2157 2155/2155/2155 2154/2154/2154
f 1673/1673/1673 1669/1669/1669 2157/2157/2157
f 1663/1663/1663 2158/2158/2158 2156/2156/2156
f 1663/1663/1663 1662/1662/1662 2158/2158/2158
f 2159/2159/2159 2156/2156/2156 2158/2158/2158
f 2154/2154/2154 2156/2156/2156 2159/2159/2159
f 1662/1662/1662 2160/2160/2160 2158/2158/2158
f 1662/1662/1662 1656/1656/1656 2160/2160/2160
f 2159/2159/2159 2158/2158/2158 2161/2161/2161
f 2161/2161/2161 2158/2158/2158 2160/2160/2160
f 1656/1656/1656 2162/2162/2162 2160/2160/2160
f 1656/1656/1656 1652/1652/1652 2162/2162/2162
f 2161/2161/2161 2160/2160/2160 2163/2163/2163
f 2163/2163/2163 2160/2160/2160 2162/2162/2162
f 2161/2161/2161 2164/2164/2164 2159/2159/2159
f 2165/2165/2165 2161/2161/2161 2163/2163/2163
f 2161/2161/2161 2165/2165/2165 2164/2164/2164
f 2163/2163/2163 2162/2162/2162 2166/2166/2166
f 2165/2165/2165 2163/2163/2163 2167/2167/2167
f 2167/2167/2167 2163/2163/2163 2166/2166/2166
f 2162/2162/2162 2168/2168/2168 2166/2166/2166
f 1652/1652/1652 2169/2169/2169 2162/2162/2162
f 2162/2162/2162 2169/2169/2169 2168/2168/2168
f 1652/1652/1652 1648/1648/1648 2169/2169/2169
f 1648/1648/1648 2170/2170/2170 2169/2169/2169
f 1648/1648/1648 1641/1641/1641 2170/2170/2170
f 2167/2167/2167 2166/2166/2166 2171/2171/2171
f 2168/2168/2168 2171/2171/2171 2166/2166/2166
f 2169/2169/2169 2170/2170/2170 2172/2172/2172
f 2169/2169/2169 2172/2172/2172 2168/2168/2168
f 1641/1641/1641 2173/2173/2173 2170/2170/2170
f 1641/1641/1641 1637/1637/1637 2173/2173/2173
f 2170/2170/2170 2174/2174/2174 2172/2172/2172
f 2170/2170/2170 2173/2173/2173 2174/2174/2174
f 1637/1637/1637 2175/2175/2175 2173/2173/2173
f 1637/1637/1637 1636/1636/1636 2175/2175/2175
f 2173/2173/2173 2176/2176/2176 2174/2174/2174
f 2173/2173/2173 2175/2175/2175 2176/2176/2176
f 2177/2177/2177 2172/2172/2172 2174/2174/2174
f 2178/2178/2178 2174/2174/2174 2176/2176/2176
f 2178/2178/2178 2177/2177/2177 2174/2174/2174
f 2175/2175/2175 2179/2179/2179 2176/2176/2176
f 2179/2179/2179 2178/2178/2178 2176/2176/2176
f 1636/1636/1636 2180/2180/2180 2175/2175/2175
f 2175/2175/2175 2180/2180/2180 2179/2179/2179
f 1636/1636/1636 1631/1631/1631 2180/2180/2180
f 2177/2177/2177 2181/2181/2181 2172/2172/2172
f 2168/2168/2168 2172/2172/2172 2181/2181/2181
f 2182/2182/2182 2177/2177/2177 2178/2178/2178
f 2182/2182/2182 2181/2181/2181 2177/2177/2177
f 2168/2168/2168 2181/2181/2181 2183/2183/2183
f 2168/2168/2168 2183/2183/2183 2171/2171/2171
f 2183/2183/2183 2181/2181/2181 2184/2184/2184
f 2182/2182/2182 2184/2184/2184 2181/2181/2181
f 2183/2183/2183 2185/2185/2185 2171/2171/2171
f 2182/2182/2182 2178/2178/2178 2186/2186/2186
f 2183/2183/2183 2184/2184/2184 2187/2187/2187
f 2183/2183/2183 2187/2187/2187 2185/2185/2185
f 2188/2188/2188 2184/2184/2184 2182/2182/2182
f 2189/2189/2189 2186/2186/2186 2178/2178/2178
f 2179/2179/2179 2189/2189/2189 2178/2178/2178
f 2190/2190/2190 2182/2182/2182 2186/2186/2186
f 2190/2190/2190 2188/2188/2188 2182/2182/2182
f 2189/2189/2189 2191/2191/2191 2186/2186/2186
f 2191/2191/2191 2190/2190/2190 2186/2186/2186
f 2192/2192/2192 2189/2189/2189 2179/2179/2179
f 2180/2180/2180 2192/2192/2192 2179/2179/2179
f 2193/2193/2193 2191/2191/2191 2189/2189/2189
f 2192/2192/2192 2193/2193/2193 2189/2189/2189
f 2180/2180/2180 2194/2194/2194 2192/2192/2192
f 1631/1631/1631 2194/2194/2194 2180/2180/2180
f 1631/1631/1631 1628/1628/1628 2194/2194/2194
f 2194/2194/2194 2195/2195/2195 2192/2192/2192
f 2193/2193/2193 2192/2192/2192 2195/2195/2195
f 1628/1628/1628 2196/2196/2196 2194/2194/2194
f 2194/2194/2194 2196/2196/2196 2195/2195/2195
f 1628/1628/1628 1624/1624/1624 2196/2196/2196
f 1624/1624/1624 2197/2197/2197 2196/2196/2196
f 1624/1624/1624 1620/1620/1620 2197/2197/2197
f 2196/2196/2196 2198/2198/2198 2195/2195/2195
f 2196/2196/2196 2197/2197/2197 2198/2198/2198
f 2193/2193/2193 2195/2195/2195 2199/2199/2199
f 2199/2199/2199 2195/2195/2195 2198/2198/2198
f 2200/2200/2200 2193/2193/2193 2199/2199/2199
f 2193/2193/2193 2200/2200/2200 2191/2191/2191
f 1620/1620/1620 2201/2201/2201 2197/2197/2197
f 1620/1620/1620 1610/1610/1610 2201/2201/2201
f 2197/2197/2197 2202/2202/2202 2198/2198/2198
f 2197/2197/2197 2201/2201/2201 2202/2202/2202
f 1610/1610/1610 2203/2203/2203 2201/2201/2201
f 1610/1610/1610 1608/1608/1608 2203/2203/2203
f 1608/1608/1608 1609/1609/1609 2203/2203/2203
f 2201/2201/2201 2203/2203/2203 2204/2204/2204
f 2201/2201/2201 2204/2204/2204 2202/2202/2202
f 2203/2203/2203 1609/1609/1609 2205/2205/2205
f 2203/2203/2203 2205/2205/2205 2204/2204/2204
f 1609/1609/1609 2206/2206/2206 2205/2205/2205
f 1609/1609/1609 1600/1600/1600 2206/2206/2206
f 1600/1600/1600 1597/1597/1597 2206/2206/2206
f 2207/2207/2207 2205/2205/2205 2206/2206/2206
f 2208/2208/2208 2204/2204/2204 2205/2205/2205
f 2207/2207/2207 2208/2208/2208 2205/2205/2205
f 2208/2208/2208 2209/2209/2209 2204/2204/2204
f 2202/2202/2202 2204/2204/2204 2209/2209/2209
f 2206/2206/2206 1597/1597/1597 2210/2210/2210
f 2206/2206/2206 2210/2210/2210 2207/2207/2207
f 1597/1597/1597 2211/2211/2211 2210/2210/2210
f 1597/1597/1597 1593/1593/1593 2211/2211/2211
f 1591/1591/1591 2211/2211/2211 1593/1593/1593
f 2202/2202/2202 2209/2209/2209 2212/2212/2212
f 2198/2198/2198 2202/2202/2202 2212/2212/2212
f 2198/2198/2198 2212/2212/2212 2213/2213/2213
f 2199/2199/2199 2198/2198/2198 2213/2213/2213
f 2212/2212/2212 2209/2209/2209 2214/2214/2214
f 2215/2215/2215 2199/2199/2199 2213/2213/2213
f 2200/2200/2200 2199/2199/2199 2215/2215/2215
f 2213/2213/2213 2212/2212/2212 2216/2216/2216
f 2212/2212/2212 2214/2214/2214 2216/2216/2216
f 2215/2215/2215 2213/2213/2213 2217/2217/2217
f 2213/2213/2213 2216/2216/2216 2217/2217/2217
f 2218/2218/2218 2200/2200/2200 2215/2215/2215
f 2219/2219/2219 2214/2214/2214 2209/2209/2209
f 2219/2219/2219 2209/2209/2209 2208/2208/2208
f 2216/2216/2216 2214/2214/2214 2220/2220/2220
f 2221/2221/2221 2214/2214/2214 2219/2219/2219
f 2221/2221/2221 2220/2220/2220 2214/2214/2214
f 2222/2222/2222 2219/2219/2219 2208/2208/2208
f 2222/2222/2222 2208/2208/2208 2207/2207/2207
f 2223/2223/2223 2221/2221/2221 2219/2219/2219
f 2223/2223/2223 2219/2219/2219 2222/2222/2222
f 2207/2207/2207 2224/2224/2224 2222/2222/2222
f 2207/2207/2207 2210/2210/2210 2224/2224/2224
f 2222/2222/2222 2225/2225/2225 2223/2223/2223
f 2222/2222/2222 2224/2224/2224 2225/2225/2225
f 2210/2210/2210 2226/2226/2226 2224/2224/2224
f 2210/2210/2210 2211/2211/2211 2226/2226/2226
f 2224/2224/2224 2227/2227/2227 2225/2225/2225
f 2224/2224/2224 2226/2226/2226 2227/2227/2227
f 2223/2223/2223 2225/2225/2225 2228/2228/2228
f 2227/2227/2227 2228/2228/2228 2225/2225/2225
f 2223/2223/2223 2228/2228/2228 2229/2229/2229
f 2229/2229/2229 2221/2221/2221 2223/2223/2223
f 2227/2227/2227 2230/2230/2230 2228/2228/2228
f 2231/2231/2231 2227/2227/2227 2226/2226/2226
f 2230/2230/2230 2227/2227/2227 2231/2231/2231
f 2232/2232/2232 2226/2226/2226 2211/2211/2211
f 2231/2231/2231 2226/2226/2226 2232/2232/2232
f 2232/2232/2232 2211/2211/2211 1591/1591/1591
f 2229/2229/2229 2228/2228/2228 2233/2233/2233
f 2230/2230/2230 2233/2233/2233 2228/2228/2228
f 2234/2234/2234 2232/2232/2232 1591/1591/1591
f 2234/2234/2234 1591/1591/1591 1587/1587/1587
f 1587/1587/1587 1588/1588/1588 2234/2234/2234
f 2235/2235/2235 2232/2232/2232 2234/2234/2234
f 2235/2235/2235 2231/2231/2231 2232/2232/2232
f 2234/2234/2234 1588/1588/1588 2236/2236/2236
f 2234/2234/2234 2236/2236/2236 2235/2235/2235
f 1588/1588/1588 2237/2237/2237 2236/2236/2236
f 1588/1588/1588 1586/1586/1586 2237/2237/2237
f 2235/2235/2235 2236/2236/2236 2238/2238/2238
f 2239/2239/2239 2231/2231/2231 2235/2235/2235
f 2235/2235/2235 2238/2238/2238 2239/2239/2239
f 2236/2236/2236 2240/2240/2240 2238/2238/2238
f 2236/2236/2236 2237/2237/2237 2240/2240/2240
f 2241/2241/2241 2237/2237/2237 1586/1586/1586
f 2241/2241/2241 1586/1586/1586 1585/1585/1585
f 2242/2242/2242 2240/2240/2240 2237/2237/2237
f 2242/2242/2242 2237/2237/2237 2241/2241/2241
f 2238/2238/2238 2240/2240/2240 2243/2243/2243
f 2244/2244/2244 2240/2240/2240 2242/2242/2242
f 2244/2244/2244 2243/2243/2243 2240/2240/2240
f 2238/2238/2238 2243/2243/2243 2245/2245/2245
f 2239/2239/2239 2238/2238/2238 2245/2245/2245
f 2246/2246/2246 2243/2243/2243 2244/2244/2244
f 2239/2239/2239 2247/2247/2247 2231/2231/2231
f 2230/2230/2230 2231/2231/2231 2247/2247/2247
f 2239/2239/2239 2245/2245/2245 2248/2248/2248
f 2248/2248/2248 2247/2247/2247 2239/2239/2239
f 2245/2245/2245 2243/2243/2243 2249/2249/2249
f 2246/2246/2246 2249/2249/2249 2243/2243/2243
f 2248/2248/2248 2245/2245/2245 2250/2250/2250
f 2245/2245/2245 2249/2249/2249 2250/2250/2250
f 2251/2251/2251 2230/2230/2230 2247/2247/2247
f 2230/2230/2230 2251/2251/2251 2233/2233/2233
f 2248/2248/2248 2252/2252/2252 2247/2247/2247
f 2251/2251/2251 2247/2247/2247 2252/2252/2252
f 2253/2253/2253 2252/2252/2252 2248/2248/2248
f 2248/2248/2248 2250/2250/2250 2253/2253/2253
f 2254/2254/2254 2251/2251/2251 2252/2252/2252
f 2251/2251/2251 2255/2255/2255 2233/2233/2233
f 2251/2251/2251 2254/2254/2254 2255/2255/2255
f 2256/2256/2256 2233/2233/2233 2255/2255/2255
f 2229/2229/2229 2233/2233/2233 2256/2256/2256
f 2254/2254/2254 2257/2257/2257 2255/2255/2255
f 2256/2256/2256 2258/2258/2258 2229/2229/2229
f 2229/2229/2229 2258/2258/2258 2221/2221/2221
f 2258/2258/2258 2220/2220/2220 2221/2221/2221
f 2256/2256/2256 2255/2255/2255 2259/2259/2259
f 2259/2259/2259 2255/2255/2255 2257/2257/2257
f 2256/2256/2256 2260/2260/2260 2258/2258/2258
f 2259/2259/2259 2260/2260/2260 2256/2256/2256
f 2258/2258/2258 2261/2261/2261 2220/2220/2220
f 2260/2260/2260 2261/2261/2261 2258/2258/2258
f 2262/2262/2262 2220/2220/2220 2261/2261/2261
f 2216/2216/2216 2220/2220/2220 2262/2262/2262
f 2217/2217/2217 2216/2216/2216 2262/2262/2262
f 2262/2262/2262 2261/2261/2261 2263/2263/2263
f 2217/2217/2217 2262/2262/2262 2264/2264/2264
f 2264/2264/2264 2262/2262/2262 2263/2263/2263
f 2265/2265/2265 2217/2217/2217 2264/2264/2264
f 2265/2265/2265 2215/2215/2215 2217/2217/2217
f 2218/2218/2218 2215/2215/2215 2265/2265/2265
f 2260/2260/2260 2266/2266/2266 2261/2261/2261
f 2263/2263/2263 2261/2261/2261 2266/2266/2266
f 2267/2267/2267 2266/2266/2266 2260/2260/2260
f 2259/2259/2259 2267/2267/2267 2260/2260/2260
f 2263/2263/2263 2266/2266/2266 2268/2268/2268
f 2269/2269/2269 2267/2267/2267 2259/2259/2259
f 2259/2259/2259 2257/2257/2257 2269/2269/2269
f 2267/2267/2267 2270/2270/2270 2266/2266/2266
f 2268/2268/2268 2266/2266/2266 2270/2270/2270
f 2269/2269/2269 2271/2271/2271 2267/2267/2267
f 2271/2271/2271 2270/2270/2270 2267/2267/2267
f 2257/2257/2257 2272/2272/2272 2269/2269/2269
f 2272/2272/2272 2271/2271/2271 2269/2269/2269
f 2273/2273/2273 2263/2263/2263 2268/2268/2268
f 2264/2264/2264 2263/2263/2263 2273/2273/2273
f 2268/2268/2268 2270/2270/2270 2274/2274/2274
f 2275/2275/2275 2264/2264/2264 2273/2273/2273
f 2275/2275/2275 2265/2265/2265 2264/2264/2264
f 2273/2273/2273 2268/2268/2268 2276/2276/2276
f 2276/2276/2276 2268/2268/2268 2274/2274/2274
f 2277/2277/2277 2275/2275/2275 2273/2273/2273
f 2277/2277/2277 2273/2273/2273 2276/2276/2276
f 2278/2278/2278 2265/2265/2265 2275/2275/2275
f 2278/2278/2278 2218/2218/2218 2265/2265/2265
f 2279/2279/2279 2275/2275/2275 2277/2277/2277
f 2279/2279/2279 2278/2278/2278 2275/2275/2275
f 2280/2280/2280 2277/2277/2277 2276/2276/2276
f 2281/2281/2281 2279/2279/2279 2277/2277/2277
f 2281/2281/2281 2277/2277/2277 2280/2280/2280
f 2280/2280/2280 2276/2276/2276 2282/2282/2282
f 2276/2276/2276 2274/2274/2274 2282/2282/2282
f 2283/2283/2283 2281/2281/2281 2280/2280/2280
f 2278/2278/2278 2279/2279/2279 2284/2284/2284
f 2279/2279/2279 2281/2281/2281 2285/2285/2285
f 2279/2279/2279 2285/2285/2285 2284/2284/2284
f 2281/2281/2281 2286/2286/2286 2285/2285/2285
f 2281/2281/2281 2283/2283/2283 2286/2286/2286
f 2283/2283/2283 2280/2280/2280 2287/2287/2287
f 2287/2287/2287 2280/2280/2280 2282/2282/2282
f 2283/2283/2283 2288/2288/2288 2286/2286/2286
f 2289/2289/2289 2283/2283/2283 2287/2287/2287
f 2283/2283/2283 2289/2289/2289 2288/2288/2288
f 2287/2287/2287 2282/2282/2282 2290/2290/2290
f 2289/2289/2289 2287/2287/2287 2291/2291/2291
f 2291/2291/2291 2287/2287/2287 2290/2290/2290
f 2282/2282/2282 2292/2292/2292 2290/2290/2290
f 2282/2282/2282 2274/2274/2274 2292/2292/2292
f 2291/2291/2291 2290/2290/2290 2293/2293/2293
f 2274/2274/2274 2294/2294/2294 2292/2292/2292
f 2274/2274/2274 2270/2270/2270 2294/2294/2294
f 2271/2271/2271 2294/2294/2294 2270/2270/2270
f 2290/2290/2290 2292/2292/2292 2295/2295/2295
f 2290/2290/2290 2295/2295/2295 2293/2293/2293
f 2292/2292/2292 2294/2294/2294 2296/2296/2296
f 2292/2292/2292 2296/2296/2296 2295/2295/2295
f 2297/2297/2297 2294/2294/2294 2271/2271/2271
f 2297/2297/2297 2296/2296/2296 2294/2294/2294
f 2272/2272/2272 2297/2297/2297 2271/2271/2271
f 2295/2295/2295 2296/2296/2296 2298/2298/2298
f 2299/2299/2299 2296/2296/2296 2297/2297/2297
f 2299/2299/2299 2298/2298/2298 2296/2296/2296
f 2300/2300/2300 2297/2297/2297 2272/2272/2272
f 2300/2300/2300 2299/2299/2299 2297/2297/2297
f 2301/2301/2301 2300/2300/2300 2272/2272/2272
f 2257/2257/2257 2301/2301/2301 2272/2272/2272
f 2302/2302/2302 2299/2299/2299 2300/2300/2300
f 2303/2303/2303 2301/2301/2301 2257/2257/2257
f 2254/2254/2254 2303/2303/2303 2257/2257/2257
f 2301/2301/2301 2304/2304/2304 2300/2300/2300
f 2304/2304/2304 2302/2302/2302 2300/2300/2300
f 2303/2303/2303 2305/2305/2305 2301/2301/2301
f 2305/2305/2305 2304/2304/2304 2301/2301/2301
f 2303/2303/2303 2254/2254/2254 2306/2306/2306
f 2254/2254/2254 2252/2252/2252 2306/2306/2306
f 2253/2253/2253 2306/2306/2306 2252/2252/2252
f 2303/2303/2303 2306/2306/2306 2307/2307/2307
f 2305/2305/2305 2303/2303/2303 2307/2307/2307
f 2308/2308/2308 2306/2306/2306 2253/2253/2253
f 2308/2308/2308 2307/2307/2307 2306/2306/2306
f 2305/2305/2305 2307/2307/2307 2309/2309/2309
f 2309/2309/2309 2307/2307/2307 2308/2308/2308
f 2305/2305/2305 2310/2310/2310 2304/2304/2304
f 2310/2310/2310 2305/2305/2305 2309/2309/2309
f 2310/2310/2310 2311/2311/2311 2304/2304/2304
f 2304/2304/2304 2311/2311/2311 2302/2302/2302
f 2253/2253/2253 2312/2312/2312 2308/2308/2308
f 2253/2253/2253 2250/2250/2250 2312/2312/2312
f 2309/2309/2309 2308/2308/2308 2313/2313/2313
f 2310/2310/2310 2309/2309/2309 2314/2314/2314
f 2314/2314/2314 2309/2309/2309 2313/2313/2313
f 2315/2315/2315 2310/2310/2310 2314/2314/2314
f 2310/2310/2310 2315/2315/2315 2311/2311/2311
f 2308/2308/2308 2312/2312/2312 2316/2316/2316
f 2308/2308/2308 2316/2316/2316 2313/2313/2313
f 2250/2250/2250 2317/2317/2317 2312/2312/2312
f 2250/2250/2250 2249/2249/2249 2317/2317/2317
f 2312/2312/2312 2318/2318/2318 2316/2316/2316
f 2312/2312/2312 2317/2317/2317 2318/2318/2318
f 2319/2319/2319 2317/2317/2317 2249/2249/2249
f 2319/2319/2319 2249/2249/2249 2246/2246/2246
f 2320/2320/2320 2318/2318/2318 2317/2317/2317
f 2320/2320/2320 2317/2317/2317 2319/2319/2319
f 2316/2316/2316 2318/2318/2318 2321/2321/2321
f 2322/2322/2322 2318/2318/2318 2320/2320/2320
f 2322/2322/2322 2321/2321/2321 2318/2318/2318
f 2316/2316/2316 2321/2321/2321 2323/2323/2323
f 2313/2313/2313 2316/2316/2316 2323/2323/2323
f 1436/1436/1436 2321/2321/2321 2322/2322/2322
f 1436/1436/1436 1434/1434/1434 2321/2321/2321
f 2323/2323/2323 2321/2321/2321 1434/1434/1434
f 1443/1443/1443 1436/1436/1436 2322/2322/2322
f 2323/2323/2323 1434/1434/1434 1433/1433/1433
f 1443/1443/1443 2322/2322/2322 2324/2324/2324
f 2324/2324/2324 2322/2322/2322 2320/2320/2320
f 1444/1444/1444 1443/1443/1443 2324/2324/2324
f 2325/2325/2325 2323/2323/2323 1433/1433/1433
f 2313/2313/2313 2323/2323/2323 2325/2325/2325
f 2325/2325/2325 1433/1433/1433 1431/1431/1431
f 2314/2314/2314 2313/2313/2313 2325/2325/2325
f 2326/2326/2326 2314/2314/2314 2325/2325/2325
f 2326/2326/2326 2325/2325/2325 1431/1431/1431
f 2315/2315/2315 2314/2314/2314 2326/2326/2326
f 2327/2327/2327 2326/2326/2326 1431/1431/1431
f 2327/2327/2327 1431/1431/1431 1423/1423/1423
f 1424/1424/1424 2327/2327/2327 1423/1423/1423
f 2328/2328/2328 2326/2326/2326 2327/2327/2327
f 2328/2328/2328 2315/2315/2315 2326/2326/2326
f 2329/2329/2329 2327/2327/2327 1424/1424/1424
f 2329/2329/2329 2328/2328/2328 2327/2327/2327
f 1425/1425/1425 2329/2329/2329 1424/1424/1424
f 2315/2315/2315 2328/2328/2328 2330/2330/2330
f 2330/2330/2330 2328/2328/2328 2329/2329/2329
f 2315/2315/2315 2330/2330/2330 2311/2311/2311
f 1425/1425/1425 2331/2331/2331 2329/2329/2329
f 2330/2330/2330 2329/2329/2329 2331/2331/2331
f 1425/1425/1425 1426/1426/1426 2331/2331/2331
f 2311/2311/2311 2330/2330/2330 2332/2332/2332
f 2311/2311/2311 2332/2332/2332 2302/2302/2302
f 2330/2330/2330 2331/2331/2331 2333/2333/2333
f 2330/2330/2330 2333/2333/2333 2332/2332/2332
f 2331/2331/2331 1426/1426/1426 2334/2334/2334
f 2331/2331/2331 2334/2334/2334 2333/2333/2333
f 1426/1426/1426 1428/1428/1428 2334/2334/2334
f 2332/2332/2332 2335/2335/2335 2302/2302/2302
f 2302/2302/2302 2335/2335/2335 2299/2299/2299
f 2335/2335/2335 2298/2298/2298 2299/2299/2299
f 2332/2332/2332 2336/2336/2336 2335/2335/2335
f 2336/2336/2336 2332/2332/2332 2333/2333/2333
f 2335/2335/2335 2337/2337/2337 2298/2298/2298
f 2336/2336/2336 2337/2337/2337 2335/2335/2335
f 2338/2338/2338 2298/2298/2298 2337/2337/2337
f 2295/2295/2295 2298/2298/2298 2338/2338/2338
f 2293/2293/2293 2295/2295/2295 2338/2338/2338
f 2336/2336/2336 2333/2333/2333 2339/2339/2339
f 2339/2339/2339 2333/2333/2333 2334/2334/2334
f 2336/2336/2336 2340/2340/2340 2337/2337/2337
f 2340/2340/2340 2336/2336/2336 2339/2339/2339
f 2338/2338/2338 2337/2337/2337 2341/2341/2341
f 2341/2341/2341 2337/2337/2337 2340/2340/2340
f 2293/2293/2293 2338/2338/2338 2342/2342/2342
f 2342/2342/2342 2338/2338/2338 2341/2341/2341
f 2343/2343/2343 2293/2293/2293 2342/2342/2342
f 2343/2343/2343 2291/2291/2291 2293/2293/2293
f 2342/2342/2342 2341/2341/2341 2344/2344/2344
f 2345/2345/2345 2291/2291/2291 2343/2343/2343
f 2345/2345/2345 2289/2289/2289 2291/2291/2291
f 2346/2346/2346 2343/2343/2343 2342/2342/2342
f 2346/2346/2346 2342/2342/2342 2344/2344/2344
f 2347/2347/2347 2345/2345/2345 2343/2343/2343
f 2347/2347/2347 2343/2343/2343 2346/2346/2346
f 2289/2289/2289 2345/2345/2345 2348/2348/2348
f 2289/2289/2289 2348/2348/2348 2288/2288/2288
f 2345/2345/2345 2347/2347/2347 2349/2349/2349
f 2345/2345/2345 2349/2349/2349 2348/2348/2348
f 2350/2350/2350 2347/2347/2347 2346/2346/2346
f 2347/2347/2347 2351/2351/2351 2349/2349/2349
f 2347/2347/2347 2350/2350/2350 2351/2351/2351
f 2350/2350/2350 2346/2346/2346 2352/2352/2352
f 2352/2352/2352 2346/2346/2346 2344/2344/2344
f 2353/2353/2353 2350/2350/2350 2352/2352/2352
f 2351/2351/2351 2350/2350/2350 2353/2353/2353
f 2352/2352/2352 2344/2344/2344 2354/2354/2354
f 2349/2349/2349 2351/2351/2351 2355/2355/2355
f 2353/2353/2353 2352/2352/2352 2356/2356/2356
f 2356/2356/2356 2352/2352/2352 2354/2354/2354
f 2344/2344/2344 2357/2357/2357 2354/2354/2354
f 2344/2344/2344 2341/2341/2341 2357/2357/2357
f 2341/2341/2341 2340/2340/2340 2357/2357/2357
f 2357/2357/2357 2340/2340/2340 2358/2358/2358
f 2340/2340/2340 2339/2339/2339 2358/2358/2358
f 2354/2354/2354 2357/2357/2357 2359/2359/2359
f 2357/2357/2357 2358/2358/2358 2359/2359/2359
f 2354/2354/2354 2359/2359/2359 2360/2360/2360
f 2356/2356/2356 2354/2354/2354 2360/2360/2360
f 2358/2358/2358 2339/2339/2339 2361/2361/2361
f 2339/2339/2339 2334/2334/2334 2361/2361/2361
f 1428/1428/1428 2361/2361/2361 2334/2334/2334
f 1428/1428/1428 2362/2362/2362 2361/2361/2361
f 2358/2358/2358 2361/2361/2361 2363/2363/2363
f 2362/2362/2362 2363/2363/2363 2361/2361/2361
f 2363/2363/2363 2359/2359/2359 2358/2358/2358
f 2362/2362/2362 2364/2364/2364 2363/2363/2363
f 2363/2363/2363 2365/2365/2365 2359/2359/2359
f 2364/2364/2364 2365/2365/2365 2363/2363/2363
f 2365/2365/2365 2360/2360/2360 2359/2359/2359
f 2364/2364/2364 2366/2366/2366 2365/2365/2365
f 2366/2366/2366 2367/2367/2367 2365/2365/2365
f 2365/2365/2365 2367/2367/2367 2360/2360/2360
f 2366/2366/2366 2368/2368/2368 2367/2367/2367
f 2369/2369/2369 2367/2367/2367 2368/2368/2368
f 2370/2370/2370 2360/2360/2360 2367/2367/2367
f 2369/2369/2369 2370/2370/2370 2367/2367/2367
f 2370/2370/2370 2356/2356/2356 2360/2360/2360
f 2371/2371/2371 2370/2370/2370 2369/2369/2369
f 2372/2372/2372 2356/2356/2356 2370/2370/2370
f 2371/2371/2371 2372/2372/2372 2370/2370/2370
f 2372/2372/2372 2353/2353/2353 2356/2356/2356
f 2371/2371/2371 2373/2373/2373 2372/2372/2372
f 2371/2371/2371 2374/2374/2374 2373/2373/2373
f 2372/2372/2372 2375/2375/2375 2353/2353/2353
f 2372/2372/2372 2373/2373/2373 2375/2375/2375
f 2351/2351/2351 2353/2353/2353 2375/2375/2375
f 2373/2373/2373 2374/2374/2374 2376/2376/2376
f 2351/2351/2351 2375/2375/2375 2377/2377/2377
f 2375/2375/2375 2373/2373/2373 2378/2378/2378
f 2373/2373/2373 2376/2376/2376 2378/2378/2378
f 2375/2375/2375 2378/2378/2378 2377/2377/2377
f 2351/2351/2351 2377/2377/2377 2355/2355/2355
f 2376/2376/2376 2379/2379/2379 2378/2378/2378
f 2376/2376/2376 2380/2380/2380 2379/2379/2379
f 2381/2381/2381 2377/2377/2377 2378/2378/2378
f 2381/2381/2381 2378/2378/2378 2379/2379/2379
f 2382/2382/2382 2355/2355/2355 2377/2377/2377
f 2382/2382/2382 2377/2377/2377 2381/2381/2381
f 2380/2380/2380 2383/2383/2383 2379/2379/2379
f 2380/2380/2380 2384/2384/2384 2383/2383/2383
f 2385/2385/2385 2381/2381/2381 2379/2379/2379
f 2385/2385/2385 2379/2379/2379 2383/2383/2383
f 2386/2386/2386 2382/2382/2382 2381/2381/2381
f 2386/2386/2386 2381/2381/2381 2385/2385/2385
f 2384/2384/2384 2387/2387/2387 2383/2383/2383
f 2384/2384/2384 2388/2388/2388 2387/2387/2387
f 2383/2383/2383 2389/2389/2389 2385/2385/2385
f 2383/2383/2383 2387/2387/2387 2389/2389/2389
f 2390/2390/2390 2386/2386/2386 2385/2385/2385
f 2390/2390/2390 2385/2385/2385 2389/2389/2389
f 2388/2388/2388 2391/2391/2391 2387/2387/2387
f 2388/2388/2388 2392/2392/2392 2391/2391/2391
f 2393/2393/2393 2391/2391/2391 2392/2392/2392
f 2387/2387/2387 2391/2391/2391 2394/2394/2394
f 2387/2387/2387 2394/2394/2394 2389/2389/2389
f 2393/2393/2393 2395/2395/2395 2391/2391/2391
f 2395/2395/2395 2394/2394/2394 2391/2391/2391
f 2396/2396/2396 2395/2395/2395 2393/2393/2393
f 2397/2397/2397 2389/2389/2389 2394/2394/2394
f 2397/2397/2397 2390/2390/2390 2389/2389/2389
f 2395/2395/2395 2398/2398/2398 2394/2394/2394
f 2398/2398/2398 2397/2397/2397 2394/2394/2394
f 2396/2396/2396 2399/2399/2399 2395/2395/2395
f 2399/2399/2399 2398/2398/2398 2395/2395/2395
f 2396/2396/2396 2400/2400/2400 2399/2399/2399
f 2396/2396/2396 2401/2401/2401 2400/2400/2400
f 2400/2400/2400 2401/2401/2401 1985/1985/1985
f 2400/2400/2400 1985/1985/1985 2402/2402/2402
f 1985/1985/1985 1984/1984/1984 2402/2402/2402
f 2399/2399/2399 2400/2400/2400 2403/2403/2403
f 2403/2403/2403 2400/2400/2400 2402/2402/2402
f 2399/2399/2399 2404/2404/2404 2398/2398/2398
f 2399/2399/2399 2403/2403/2403 2404/2404/2404
f 2404/2404/2404 2405/2405/2405 2398/2398/2398
f 2398/2398/2398 2405/2405/2405 2397/2397/2397
f 2406/2406/2406 2404/2404/2404 2403/2403/2403
f 2404/2404/2404 2407/2407/2407 2405/2405/2405
f 2406/2406/2406 2407/2407/2407 2404/2404/2404
f 2405/2405/2405 2408/2408/2408 2397/2397/2397
f 2408/2408/2408 2390/2390/2390 2397/2397/2397
f 2407/2407/2407 2409/2409/2409 2405/2405/2405
f 2405/2405/2405 2409/2409/2409 2408/2408/2408
f 2407/2407/2407 2410/2410/2410 2409/2409/2409
f 2410/2410/2410 2407/2407/2407 2406/2406/2406
f 2408/2408/2408 2411/2411/2411 2390/2390/2390
f 2411/2411/2411 2386/2386/2386 2390/2390/2390
f 2409/2409/2409 2412/2412/2412 2408/2408/2408
f 2412/2412/2412 2411/2411/2411 2408/2408/2408
f 2410/2410/2410 2413/2413/2413 2409/2409/2409
f 2409/2409/2409 2413/2413/2413 2412/2412/2412
f 2411/2411/2411 2414/2414/2414 2386/2386/2386
f 2382/2382/2382 2386/2386/2386 2414/2414/2414
f 2412/2412/2412 2415/2415/2415 2411/2411/2411
f 2415/2415/2415 2414/2414/2414 2411/2411/2411
f 2413/2413/2413 2416/2416/2416 2412/2412/2412
f 2416/2416/2416 2415/2415/2415 2412/2412/2412
f 2382/2382/2382 2414/2414/2414 2417/2417/2417
f 2355/2355/2355 2382/2382/2382 2417/2417/2417
f 2415/2415/2415 2418/2418/2418 2414/2414/2414
f 2417/2417/2417 2414/2414/2414 2418/2418/2418
f 2355/2355/2355 2417/2417/2417 2419/2419/2419
f 2349/2349/2349 2355/2355/2355 2419/2419/2419
f 2348/2348/2348 2349/2349/2349 2419/2419/2419
f 2419/2419/2419 2417/2417/2417 2420/2420/2420
f 2417/2417/2417 2418/2418/2418 2420/2420/2420
f 2348/2348/2348 2419/2419/2419 2421/2421/2421
f 2419/2419/2419 2420/2420/2420 2421/2421/2421
f 2288/2288/2288 2348/2348/2348 2421/2421/2421
f 2422/2422/2422 2418/2418/2418 2415/2415/2415
f 2416/2416/2416 2422/2422/2422 2415/2415/2415
f 2420/2420/2420 2418/2418/2418 2423/2423/2423
f 2422/2422/2422 2423/2423/2423 2418/2418/2418
f 2421/2421/2421 2420/2420/2420 2424/2424/2424
f 2420/2420/2420 2423/2423/2423 2424/2424/2424
f 2288/2288/2288 2421/2421/2421 2425/2425/2425
f 2421/2421/2421 2424/2424/2424 2425/2425/2425
f 2286/2286/2286 2288/2288/2288 2425/2425/2425
f 2286/2286/2286 2425/2425/2425 2426/2426/2426
f 2285/2285/2285 2286/2286/2286 2426/2426/2426
f 2425/2425/2425 2424/2424/2424 2427/2427/2427
f 2425/2425/2425 2427/2427/2427 2426/2426/2426
f 2424/2424/2424 2423/2423/2423 2428/2428/2428
f 2424/2424/2424 2428/2428/2428 2427/2427/2427
f 2429/2429/2429 2428/2428/2428 2423/2423/2423
f 2429/2429/2429 2423/2423/2423 2422/2422/2422
f 2285/2285/2285 2426/2426/2426 2430/2430/2430
f 2284/2284/2284 2285/2285/2285 2430/2430/2430
f 2426/2426/2426 2427/2427/2427 2431/2431/2431
f 2426/2426/2426 2431/2431/2431 2430/2430/2430
f 2427/2427/2427 2428/2428/2428 2432/2432/2432
f 2427/2427/2427 2432/2432/2432 2431/2431/2431
f 2433/2433/2433 2432/2432/2432 2428/2428/2428
f 2433/2433/2433 2428/2428/2428 2429/2429/2429
f 2431/2431/2431 2432/2432/2432 2434/2434/2434
f 2435/2435/2435 2432/2432/2432 2433/2433/2433
f 2435/2435/2435 2434/2434/2434 2432/2432/2432
f 2431/2431/2431 2434/2434/2434 2436/2436/2436
f 2430/2430/2430 2431/2431/2431 2436/2436/2436
f 2437/2437/2437 2434/2434/2434 2435/2435/2435
f 2430/2430/2430 2436/2436/2436 2438/2438/2438
f 2284/2284/2284 2430/2430/2430 2438/2438/2438
f 2436/2436/2436 2434/2434/2434 2439/2439/2439
f 2437/2437/2437 2439/2439/2439 2434/2434/2434
f 2438/2438/2438 2436/2436/2436 2440/2440/2440
f 2436/2436/2436 2439/2439/2439 2440/2440/2440
f 2441/2441/2441 2284/2284/2284 2438/2438/2438
f 2278/2278/2278 2284/2284/2284 2441/2441/2441
f 2218/2218/2218 2278/2278/2278 2441/2441/2441
f 2441/2441/2441 2438/2438/2438 2442/2442/2442
f 2438/2438/2438 2440/2440/2440 2442/2442/2442
f 2218/2218/2218 2441/2441/2441 2443/2443/2443
f 2443/2443/2443 2441/2441/2441 2442/2442/2442
f 2200/2200/2200 2218/2218/2218 2443/2443/2443
f 2200/2200/2200 2443/2443/2443 2191/2191/2191
f 2191/2191/2191 2443/2443/2443 2190/2190/2190
f 2443/2443/2443 2442/2442/2442 2190/2190/2190
f 2442/2442/2442 2188/2188/2188 2190/2190/2190
f 2442/2442/2442 2440/2440/2440 2188/2188/2188
f 2440/2440/2440 2444/2444/2444 2188/2188/2188
f 2440/2440/2440 2439/2439/2439 2444/2444/2444
f 2188/2188/2188 2444/2444/2444 2184/2184/2184
f 2187/2187/2187 2184/2184/2184 2444/2444/2444
f 2445/2445/2445 2444/2444/2444 2439/2439/2439
f 2187/2187/2187 2444/2444/2444 2445/2445/2445
f 2445/2445/2445 2439/2439/2439 2437/2437/2437
f 2187/2187/2187 2445/2445/2445 2446/2446/2446
f 2446/2446/2446 2445/2445/2445 2437/2437/2437
f 2187/2187/2187 2446/2446/2446 2185/2185/2185
f 2446/2446/2446 2437/2437/2437 2447/2447/2447
f 2447/2447/2447 2437/2437/2437 2435/2435/2435
f 2448/2448/2448 2185/2185/2185 2446/2446/2446
f 2449/2449/2449 2446/2446/2446 2447/2447/2447
f 2449/2449/2449 2448/2448/2448 2446/2446/2446
f 2447/2447/2447 2435/2435/2435 2450/2450/2450
f 2450/2450/2450 2435/2435/2435 2433/2433/2433
f 2451/2451/2451 2449/2449/2449 2447/2447/2447
f 2451/2451/2451 2447/2447/2447 2450/2450/2450
f 2450/2450/2450 2433/2433/2433 2452/2452/2452
f 2452/2452/2452 2433/2433/2433 2429/2429/2429
f 2453/2453/2453 2451/2451/2451 2450/2450/2450
f 2453/2453/2453 2450/2450/2450 2452/2452/2452
f 2454/2454/2454 2449/2449/2449 2451/2451/2451
f 2455/2455/2455 2451/2451/2451 2453/2453/2453
f 2455/2455/2455 2454/2454/2454 2451/2451/2451
f 2452/2452/2452 2429/2429/2429 2456/2456/2456
f 2456/2456/2456 2429/2429/2429 2422/2422/2422
f 2456/2456/2456 2422/2422/2422 2416/2416/2416
f 2457/2457/2457 2452/2452/2452 2456/2456/2456
f 2457/2457/2457 2453/2453/2453 2452/2452/2452
f 2458/2458/2458 2456/2456/2456 2416/2416/2416
f 2458/2458/2458 2457/2457/2457 2456/2456/2456
f 2413/2413/2413 2458/2458/2458 2416/2416/2416
f 2459/2459/2459 2453/2453/2453 2457/2457/2457
f 2459/2459/2459 2455/2455/2455 2453/2453/2453
f 2460/2460/2460 2457/2457/2457 2458/2458/2458
f 2460/2460/2460 2459/2459/2459 2457/2457/2457
f 2461/2461/2461 2458/2458/2458 2413/2413/2413
f 2461/2461/2461 2460/2460/2460 2458/2458/2458
f 2410/2410/2410 2461/2461/2461 2413/2413/2413
f 2461/2461/2461 2410/2410/2410 2462/2462/2462
f 2410/2410/2410 2406/2406/2406 2462/2462/2462
f 2460/2460/2460 2461/2461/2461 2463/2463/2463
f 2461/2461/2461 2462/2462/2462 2463/2463/2463
f 2459/2459/2459 2460/2460/2460 2464/2464/2464
f 2460/2460/2460 2463/2463/2463 2464/2464/2464
f 2459/2459/2459 2464/2464/2464 2465/2465/2465
f 2455/2455/2455 2459/2459/2459 2465/2465/2465
f 2464/2464/2464 2463/2463/2463 2466/2466/2466
f 2455/2455/2455 2465/2465/2465 2467/2467/2467
f 2454/2454/2454 2455/2455/2455 2467/2467/2467
f 2465/2465/2465 2464/2464/2464 2468/2468/2468
f 2464/2464/2464 2466/2466/2466 2468/2468/2468
f 2467/2467/2467 2465/2465/2465 2469/2469/2469
f 2465/2465/2465 2468/2468/2468 2469/2469/2469
f 2454/2454/2454 2467/2467/2467 2470/2470/2470
f 2463/2463/2463 2471/2471/2471 2466/2466/2466
f 2463/2463/2463 2462/2462/2462 2471/2471/2471
f 2466/2466/2466 2472/2472/2472 2468/2468/2468
f 2467/2467/2467 2469/2469/2469 2473/2473/2473
f 2470/2470/2470 2467/2467/2467 2473/2473/2473
f 2468/2468/2468 2474/2474/2474 2469/2469/2469
f 2468/2468/2468 2472/2472/2472 2474/2474/2474
f 2469/2469/2469 2475/2475/2475 2473/2473/2473
f 2469/2469/2469 2474/2474/2474 2475/2475/2475
f 2470/2470/2470 2473/2473/2473 2476/2476/2476
f 2475/2475/2475 2476/2476/2476 2473/2473/2473
f 2477/2477/2477 2454/2454/2454 2470/2470/2470
f 2454/2454/2454 2477/2477/2477 2449/2449/2449
f 2477/2477/2477 2448/2448/2448 2449/2449/2449
f 2477/2477/2477 2470/2470/2470 2478/2478/2478
f 2478/2478/2478 2470/2470/2470 2476/2476/2476
f 2477/2477/2477 2479/2479/2479 2448/2448/2448
f 2479/2479/2479 2477/2477/2477 2478/2478/2478
f 2479/2479/2479 2480/2480/2480 2448/2448/2448
f 2448/2448/2448 2480/2480/2480 2185/2185/2185
f 2480/2480/2480 2171/2171/2171 2185/2185/2185
f 2480/2480/2480 2167/2167/2167 2171/2171/2171
f 2481/2481/2481 2167/2167/2167 2480/2480/2480
f 2479/2479/2479 2481/2481/2481 2480/2480/2480
f 2481/2481/2481 2165/2165/2165 2167/2167/2167
f 2481/2481/2481 2479/2479/2479 2482/2482/2482
f 2479/2479/2479 2478/2478/2478 2482/2482/2482
f 2165/2165/2165 2481/2481/2481 2483/2483/2483
f 2481/2481/2481 2482/2482/2482 2483/2483/2483
f 2165/2165/2165 2483/2483/2483 2164/2164/2164
f 2482/2482/2482 2478/2478/2478 2484/2484/2484
f 2478/2478/2478 2476/2476/2476 2484/2484/2484
f 2483/2483/2483 2482/2482/2482 2485/2485/2485
f 2482/2482/2482 2484/2484/2484 2485/2485/2485
f 2164/2164/2164 2483/2483/2483 2486/2486/2486
f 2483/2483/2483 2485/2485/2485 2486/2486/2486
f 2164/2164/2164 2486/2486/2486 2487/2487/2487
f 2159/2159/2159 2164/2164/2164 2487/2487/2487
f 2159/2159/2159 2487/2487/2487 2154/2154/2154
f 2488/2488/2488 2487/2487/2487 2486/2486/2486
f 2489/2489/2489 2486/2486/2486 2485/2485/2485
f 2489/2489/2489 2488/2488/2488 2486/2486/2486
f 2490/2490/2490 2489/2489/2489 2485/2485/2485
f 2490/2490/2490 2485/2485/2485 2484/2484/2484
f 2489/2489/2489 2491/2491/2491 2488/2488/2488
f 2488/2488/2488 2492/2492/2492 2487/2487/2487
f 2492/2492/2492 2154/2154/2154 2487/2487/2487
f 2491/2491/2491 2492/2492/2492 2488/2488/2488
f 2492/2492/2492 2493/2493/2493 2154/2154/2154
f 2157/2157/2157 2154/2154/2154 2493/2493/2493
f 2490/2490/2490 2494/2494/2494 2489/2489/2489
f 2489/2489/2489 2494/2494/2494 2491/2491/2491
f 2495/2495/2495 2493/2493/2493 2492/2492/2492
f 2491/2491/2491 2495/2495/2495 2492/2492/2492
f 2496/2496/2496 2157/2157/2157 2493/2493/2493
f 1673/1673/1673 2157/2157/2157 2496/2496/2496
f 1683/1683/1683 1673/1673/1673 2496/2496/2496
f 1683/1683/1683 2496/2496/2496 1695/1695/1695
f 2496/2496/2496 2493/2493/2493 2497/2497/2497
f 2495/2495/2495 2497/2497/2497 2493/2493/2493
f 1695/1695/1695 2496/2496/2496 2497/2497/2497
f 2497/2497/2497 2495/2495/2495 2498/2498/2498
f 1695/1695/1695 2497/2497/2497 2499/2499/2499
f 2497/2497/2497 2498/2498/2498 2499/2499/2499
f 2500/2500/2500 1695/1695/1695 2499/2499/2499
f 2500/2500/2500 1693/1693/1693 1695/1695/1695
f 1696/1696/1696 1693/1693/1693 2500/2500/2500
f 2134/2134/2134 1696/1696/1696 2500/2500/2500
f 2499/2499/2499 2501/2501/2501 2500/2500/2500
f 2134/2134/2134 2500/2500/2500 2501/2501/2501
f 2499/2499/2499 2498/2498/2498 2501/2501/2501
f 2502/2502/2502 2134/2134/2134 2501/2501/2501
f 2135/2135/2135 2134/2134/2134 2502/2502/2502
f 2498/2498/2498 2503/2503/2503 2501/2501/2501
f 2502/2502/2502 2501/2501/2501 2503/2503/2503
f 2504/2504/2504 2135/2135/2135 2502/2502/2502
f 2135/2135/2135 2504/2504/2504 2137/2137/2137
f 2505/2505/2505 2502/2502/2502 2503/2503/2503
f 2504/2504/2504 2502/2502/2502 2505/2505/2505
f 2498/2498/2498 2506/2506/2506 2503/2503/2503
f 2495/2495/2495 2506/2506/2506 2498/2498/2498
f 2495/2495/2495 2491/2491/2491 2506/2506/2506
f 2506/2506/2506 2507/2507/2507 2503/2503/2503
f 2505/2505/2505 2503/2503/2503 2507/2507/2507
f 2491/2491/2491 2508/2508/2508 2506/2506/2506
f 2506/2506/2506 2508/2508/2508 2507/2507/2507
f 2491/2491/2491 2494/2494/2494 2508/2508/2508
f 2508/2508/2508 2494/2494/2494 2509/2509/2509
f 2490/2490/2490 2509/2509/2509 2494/2494/2494
f 2508/2508/2508 2510/2510/2510 2507/2507/2507
f 2511/2511/2511 2509/2509/2509 2490/2490/2490
f 2511/2511/2511 2490/2490/2490 2484/2484/2484
f 2511/2511/2511 2484/2484/2484 2476/2476/2476
f 2475/2475/2475 2511/2511/2511 2476/2476/2476
f 2511/2511/2511 2512/2512/2512 2509/2509/2509
f 2475/2475/2475 2512/2512/2512 2511/2511/2511
f 2508/2508/2508 2509/2509/2509 2513/2513/2513
f 2513/2513/2513 2509/2509/2509 2512/2512/2512
f 2508/2508/2508 2513/2513/2513 2510/2510/2510
f 2475/2475/2475 2514/2514/2514 2512/2512/2512
f 2474/2474/2474 2514/2514/2514 2475/2475/2475
f 2513/2513/2513 2512/2512/2512 2515/2515/2515
f 2515/2515/2515 2512/2512/2512 2514/2514/2514
f 2513/2513/2513 2516/2516/2516 2510/2510/2510
f 2513/2513/2513 2515/2515/2515 2516/2516/2516
f 2474/2474/2474 2517/2517/2517 2514/2514/2514
f 2472/2472/2472 2517/2517/2517 2474/2474/2474
f 2515/2515/2515 2514/2514/2514 2518/2518/2518
f 2518/2518/2518 2514/2514/2514 2517/2517/2517
f 2515/2515/2515 2519/2519/2519 2516/2516/2516
f 2515/2515/2515 2518/2518/2518 2519/2519/2519
f 2518/2518/2518 2517/2517/2517 2520/2520/2520
f 2519/2519/2519 2518/2518/2518 2520/2520/2520
f 2472/2472/2472 2521/2521/2521 2517/2517/2517
f 2520/2520/2520 2517/2517/2517 2521/2521/2521
f 2522/2522/2522 2521/2521/2521 2472/2472/2472
f 2466/2466/2466 2522/2522/2522 2472/2472/2472
f 2471/2471/2471 2522/2522/2522 2466/2466/2466
f 2522/2522/2522 2523/2523/2523 2521/2521/2521
f 2471/2471/2471 2524/2524/2524 2522/2522/2522
f 2524/2524/2524 2523/2523/2523 2522/2522/2522
f 2525/2525/2525 2524/2524/2524 2471/2471/2471
f 2462/2462/2462 2525/2525/2525 2471/2471/2471
f 2462/2462/2462 2406/2406/2406 2525/2525/2525
f 2520/2520/2520 2521/2521/2521 2526/2526/2526
f 2526/2526/2526 2521/2521/2521 2523/2523/2523
f 2527/2527/2527 2520/2520/2520 2526/2526/2526
f 2519/2519/2519 2520/2520/2520 2527/2527/2527
f 2406/2406/2406 2528/2528/2528 2525/2525/2525
f 2406/2406/2406 2403/2403/2403 2528/2528/2528
f 2403/2403/2403 2402/2402/2402 2528/2528/2528
f 2529/2529/2529 2525/2525/2525 2528/2528/2528
f 2525/2525/2525 2529/2529/2529 2524/2524/2524
f 2530/2530/2530 2528/2528/2528 2402/2402/2402
f 2529/2529/2529 2528/2528/2528 2530/2530/2530
f 2530/2530/2530 2402/2402/2402 1984/1984/1984
f 1986/1986/1986 2530/2530/2530 1984/1984/1984
f 2531/2531/2531 2530/2530/2530 1986/1986/1986
f 2531/2531/2531 2529/2529/2529 2530/2530/2530
f 1988/1988/1988 2531/2531/2531 1986/1986/1986
f 2529/2529/2529 2532/2532/2532 2524/2524/2524
f 2529/2529/2529 2531/2531/2531 2532/2532/2532
f 2524/2524/2524 2532/2532/2532 2523/2523/2523
f 2533/2533/2533 2531/2531/2531 1988/1988/1988
f 2533/2533/2533 2532/2532/2532 2531/2531/2531
f 1990/1990/1990 2533/2533/2533 1988/1988/1988
f 2534/2534/2534 2523/2523/2523 2532/2532/2532
f 2534/2534/2534 2532/2532/2532 2533/2533/2533
f 2526/2526/2526 2523/2523/2523 2534/2534/2534
f 2535/2535/2535 2533/2533/2533 1990/1990/1990
f 2535/2535/2535 2534/2534/2534 2533/2533/2533
f 1992/1992/1992 2535/2535/2535 1990/1990/1990
f 1992/1992/1992 1995/1995/1995 2535/2535/2535
f 2536/2536/2536 2534/2534/2534 2535/2535/2535
f 2536/2536/2536 2526/2526/2526 2534/2534/2534
f 1995/1995/1995 2536/2536/2536 2535/2535/2535
f 2527/2527/2527 2526/2526/2526 2536/2536/2536
f 1995/1995/1995 2003/2003/2003 2536/2536/2536
f 2003/2003/2003 2527/2527/2527 2536/2536/2536
f 2003/2003/2003 2537/2537/2537 2527/2527/2527
f 2002/2002/2002 2537/2537/2537 2003/2003/2003
f 2537/2537/2537 2519/2519/2519 2527/2527/2527
f 2002/2002/2002 2538/2538/2538 2537/2537/2537
f 2537/2537/2537 2539/2539/2539 2519/2519/2519
f 2538/2538/2538 2539/2539/2539 2537/2537/2537
f 2538/2538/2538 2002/2002/2002 2001/2001/2001
f 2539/2539/2539 2516/2516/2516 2519/2519/2519
f 2538/2538/2538 2001/2001/2001 2540/2540/2540
f 2540/2540/2540 2001/2001/2001 2004/2004/2004
f 2538/2538/2538 2541/2541/2541 2539/2539/2539
f 2541/2541/2541 2538/2538/2538 2540/2540/2540
f 2539/2539/2539 2542/2542/2542 2516/2516/2516
f 2541/2541/2541 2542/2542/2542 2539/2539/2539
f 2542/2542/2542 2510/2510/2510 2516/2516/2516
f 2540/2540/2540 2004/2004/2004 2543/2543/2543
f 2004/2004/2004 2006/2006/2006 2543/2543/2543
f 2541/2541/2541 2540/2540/2540 2544/2544/2544
f 2544/2544/2544 2540/2540/2540 2543/2543/2543
f 2541/2541/2541 2545/2545/2545 2542/2542/2542
f 2545/2545/2545 2541/2541/2541 2544/2544/2544
f 2542/2542/2542 2546/2546/2546 2510/2510/2510
f 2545/2545/2545 2546/2546/2546 2542/2542/2542
f 2546/2546/2546 2507/2507/2507 2510/2510/2510
f 2546/2546/2546 2505/2505/2505 2507/2507/2507
f 2547/2547/2547 2505/2505/2505 2546/2546/2546
f 2545/2545/2545 2547/2547/2547 2546/2546/2546
f 2547/2547/2547 2504/2504/2504 2505/2505/2505
f 2547/2547/2547 2545/2545/2545 2548/2548/2548
f 2545/2545/2545 2544/2544/2544 2548/2548/2548
f 2504/2504/2504 2547/2547/2547 2549/2549/2549
f 2547/2547/2547 2548/2548/2548 2549/2549/2549
f 2504/2504/2504 2549/2549/2549 2137/2137/2137
f 2544/2544/2544 2543/2543/2543 2550/2550/2550
f 2548/2548/2548 2544/2544/2544 2550/2550/2550
f 2006/2006/2006 2550/2550/2550 2543/2543/2543
f 2549/2549/2549 2548/2548/2548 2551/2551/2551
f 2548/2548/2548 2550/2550/2550 2551/2551/2551
f 2006/2006/2006 2552/2552/2552 2550/2550/2550
f 2552/2552/2552 2551/2551/2551 2550/2550/2550
f 2006/2006/2006 2008/2008/2008 2552/2552/2552
f 2552/2552/2552 2008/2008/2008 2144/2144/2144
f 2552/2552/2552 2144/2144/2144 2553/2553/2553
f 2552/2552/2552 2553/2553/2553 2551/2551/2551
f 2144/2144/2144 2139/2139/2139 2553/2553/2553
f 2549/2549/2549 2551/2551/2551 2554/2554/2554
f 2553/2553/2553 2554/2554/2554 2551/2551/2551
f 2553/2553/2553 2139/2139/2139 2554/2554/2554
f 2137/2137/2137 2549/2549/2549 2554/2554/2554
f 2139/2139/2139 2136/2136/2136 2554/2554/2554
f 2137/2137/2137 2554/2554/2554 2136/2136/2136
f 1540/1540/1540 1535/1535/1535 2555/2555/2555
f 1540/1540/1540 2555/2555/2555 1579/1579/1579
f 1535/1535/1535 2556/2556/2556 2555/2555/2555
f 1535/1535/1535 1532/1532/1532 2556/2556/2556
f 1579/1579/1579 2555/2555/2555 2557/2557/2557
f 1532/1532/1532 2558/2558/2558 2556/2556/2556
f 1532/1532/1532 1524/1524/1524 2558/2558/2558
f 1524/1524/1524 1493/1493/1493 2558/2558/2558
f 2558/2558/2558 1493/1493/1493 1489/1489/1489
f 2558/2558/2558 1489/1489/1489 2559/2559/2559
f 2559/2559/2559 2556/2556/2556 2558/2558/2558
f 2559/2559/2559 1489/1489/1489 1485/1485/1485
f 2560/2560/2560 2555/2555/2555 2556/2556/2556
f 2559/2559/2559 2560/2560/2560 2556/2556/2556
f 2560/2560/2560 2557/2557/2557 2555/2555/2555
f 2559/2559/2559 1485/1485/1485 2561/2561/2561
f 2561/2561/2561 2560/2560/2560 2559/2559/2559
f 2561/2561/2561 1485/1485/1485 1481/1481/1481
f 2561/2561/2561 2562/2562/2562 2560/2560/2560
f 2562/2562/2562 2557/2557/2557 2560/2560/2560
f 2561/2561/2561 1481/1481/1481 2563/2563/2563
f 2563/2563/2563 2562/2562/2562 2561/2561/2561
f 2563/2563/2563 1481/1481/1481 1477/1477/1477
f 2563/2563/2563 1477/1477/1477 2564/2564/2564
f 2564/2564/2564 1477/1477/1477 1473/1473/1473
f 2563/2563/2563 2565/2565/2565 2562/2562/2562
f 2564/2564/2564 2565/2565/2565 2563/2563/2563
f 2562/2562/2562 2566/2566/2566 2557/2557/2557
f 2565/2565/2565 2566/2566/2566 2562/2562/2562
f 2564/2564/2564 1473/1473/1473 2567/2567/2567
f 2567/2567/2567 1473/1473/1473 1469/1469/1469
f 2564/2564/2564 2568/2568/2568 2565/2565/2565
f 2567/2567/2567 2568/2568/2568 2564/2564/2564
f 2565/2565/2565 2569/2569/2569 2566/2566/2566
f 2568/2568/2568 2569/2569/2569 2565/2565/2565
f 2570/2570/2570 2557/2557/2557 2566/2566/2566
f 1579/1579/1579 2557/2557/2557 2570/2570/2570
f 1578/1578/1578 1579/1579/1579 2570/2570/2570
f 1578/1578/1578 2570/2570/2570 1580/1580/1580
f 2570/2570/2570 2566/2566/2566 2571/2571/2571
f 1580/1580/1580 2570/2570/2570 2571/2571/2571
f 2571/2571/2571 2566/2566/2566 2569/2569/2569
f 1580/1580/1580 2571/2571/2571 1583/1583/1583
f 2571/2571/2571 2569/2569/2569 2572/2572/2572
f 1583/1583/1583 2571/2571/2571 2572/2572/2572
f 2572/2572/2572 2569/2569/2569 2573/2573/2573
f 2568/2568/2568 2573/2573/2573 2569/2569/2569
f 1583/1583/1583 2572/2572/2572 2574/2574/2574
f 2574/2574/2574 1585/1585/1585 1583/1583/1583
f 2574/2574/2574 2241/2241/2241 1585/1585/1585
f 2574/2574/2574 2572/2572/2572 2575/2575/2575
f 2572/2572/2572 2573/2573/2573 2575/2575/2575
f 2576/2576/2576 2241/2241/2241 2574/2574/2574
f 2574/2574/2574 2575/2575/2575 2576/2576/2576
f 2576/2576/2576 2242/2242/2242 2241/2241/2241
f 2577/2577/2577 2573/2573/2573 2568/2568/2568
f 2567/2567/2567 2577/2577/2577 2568/2568/2568
f 2575/2575/2575 2573/2573/2573 2578/2578/2578
f 2577/2577/2577 2578/2578/2578 2573/2573/2573
f 2576/2576/2576 2575/2575/2575 2579/2579/2579
f 2575/2575/2575 2578/2578/2578 2579/2579/2579
f 2580/2580/2580 2242/2242/2242 2576/2576/2576
f 2576/2576/2576 2579/2579/2579 2580/2580/2580
f 2580/2580/2580 2244/2244/2244 2242/2242/2242
f 2581/2581/2581 2577/2577/2577 2567/2567/2567
f 2567/2567/2567 1469/1469/1469 2581/2581/2581
f 2581/2581/2581 1469/1469/1469 1465/1465/1465
f 2581/2581/2581 2582/2582/2582 2577/2577/2577
f 2582/2582/2582 2578/2578/2578 2577/2577/2577
f 2581/2581/2581 1465/1465/1465 2583/2583/2583
f 2583/2583/2583 2582/2582/2582 2581/2581/2581
f 2583/2583/2583 1465/1465/1465 1461/1461/1461
f 2582/2582/2582 2584/2584/2584 2578/2578/2578
f 2579/2579/2579 2578/2578/2578 2584/2584/2584
f 2583/2583/2583 2585/2585/2585 2582/2582/2582
f 2585/2585/2585 2584/2584/2584 2582/2582/2582
f 2583/2583/2583 1461/1461/1461 2586/2586/2586
f 2586/2586/2586 2585/2585/2585 2583/2583/2583
f 2586/2586/2586 1461/1461/1461 1454/1454/1454
f 2586/2586/2586 1454/1454/1454 1448/1448/1448
f 2579/2579/2579 2584/2584/2584 2587/2587/2587
f 2580/2580/2580 2579/2579/2579 2587/2587/2587
f 1448/1448/1448 2588/2588/2588 2586/2586/2586
f 2586/2586/2586 2588/2588/2588 2585/2585/2585
f 1448/1448/1448 2589/2589/2589 2588/2588/2588
f 1441/1441/1441 2589/2589/2589 1448/1448/1448
f 1440/1440/1440 2589/2589/2589 1441/1441/1441
f 1440/1440/1440 2590/2590/2590 2589/2589/2589
f 2590/2590/2590 2588/2588/2588 2589/2589/2589
f 2590/2590/2590 1440/1440/1440 1439/1439/1439
f 2590/2590/2590 1439/1439/1439 1444/1444/1444
f 2590/2590/2590 2591/2591/2591 2588/2588/2588
f 2591/2591/2591 2590/2590/2590 1444/1444/1444
f 2591/2591/2591 2585/2585/2585 2588/2588/2588
f 2591/2591/2591 2592/2592/2592 2585/2585/2585
f 2585/2585/2585 2592/2592/2592 2584/2584/2584
f 2591/2591/2591 1444/1444/1444 2593/2593/2593
f 2592/2592/2592 2591/2591/2591 2593/2593/2593
f 2584/2584/2584 2592/2592/2592 2594/2594/2594
f 2592/2592/2592 2593/2593/2593 2594/2594/2594
f 2584/2584/2584 2594/2594/2594 2587/2587/2587
f 2595/2595/2595 2593/2593/2593 1444/1444/1444
f 2595/2595/2595 1444/1444/1444 2324/2324/2324
f 2324/2324/2324 2320/2320/2320 2595/2595/2595
f 2595/2595/2595 2320/2320/2320 2319/2319/2319
f 2596/2596/2596 2593/2593/2593 2595/2595/2595
f 2595/2595/2595 2319/2319/2319 2596/2596/2596
f 2596/2596/2596 2594/2594/2594 2593/2593/2593
f 2596/2596/2596 2319/2319/2319 2246/2246/2246
f 2597/2597/2597 2594/2594/2594 2596/2596/2596
f 2596/2596/2596 2246/2246/2246 2597/2597/2597
f 2597/2597/2597 2587/2587/2587 2594/2594/2594
f 2597/2597/2597 2246/2246/2246 2244/2244/2244
f 2580/2580/2580 2587/2587/2587 2597/2597/2597
f 2597/2597/2597 2244/2244/2244 2580/2580/2580
f 2598/2598/2598 2599/2599/2599 2600/2600/2600
f 2601/2601/2601 2602/2602/2602 2603/2603/2603
f 2604/2604/2604 2605/2605/2605 2606/2606/2606
f 2607/2607/2607 2608/2608/2608 2609/2609/2609
f 2610/2610/2610 2611/2611/2611 2612/2612/2612
f 2613/2613/2613 2614/2614/2614 2615/2615/2615
