o Sponza_Mesh_098
v -11.419012 0.551935 2.068820
v -11.419014 0.505244 2.069094
v -11.377551 0.511711 2.059604
v -11.419006 0.564806 2.059656
v -11.358950 0.459842 2.047206
v -11.328270 0.490677 2.031362
v -11.343663 0.474804 2.047605
v -11.392126 0.471222 2.075583
v -11.419018 0.503668 2.087529
v -11.419018 0.466997 2.091679
v -11.368317 0.444670 2.049002
v -11.321825 0.425458 2.025800
v -11.363557 0.428414 2.057672
v -11.382401 0.432290 2.090494
v -11.419018 0.461250 2.110671
v -11.419004 0.418910 2.097810
v -11.343973 0.398701 2.067327
v -11.377278 0.387524 2.089742
v -11.419004 0.405588 2.107960
v -11.418993 0.376682 2.088693
v -11.418983 0.340943 2.063746
v -11.345547 0.360722 2.061968
v -11.306131 0.371894 2.027343
v -11.316766 0.333974 2.024499
v -11.354002 0.320832 2.044743
v -11.418989 0.329059 2.074186
v -11.418973 0.312569 2.043486
v -11.418956 0.284505 2.019674
v -11.330690 0.308394 2.010619
v -11.289256 0.348026 1.981273
v -11.275956 0.398533 1.977639
v -11.281815 0.434025 1.977162
v -11.267415 0.405474 1.909793
v -11.309344 0.287458 1.972591
v -11.270085 0.311507 1.910627
v -11.293805 0.188809 2.032413
v -11.418967 0.267750 2.049817
v -11.252704 0.239806 1.970941
v -11.242313 0.253254 1.901450
v -11.360626 0.237171 2.064442
v -11.418995 0.261617 2.089924
v -11.418999 0.247574 2.092360
v -11.365092 0.225695 2.079560
v -11.419001 0.239379 2.103685
v -11.418989 0.221942 2.096489
v -11.343891 0.191442 2.082807
v -11.362698 0.200826 2.100837
v -11.418991 0.210735 2.118090
v -11.418993 0.187996 2.100174
v -11.418993 0.169050 2.077345
v -11.361960 0.157569 2.054360
v -11.418997 0.145850 2.074535
v -11.418979 0.132697 2.062795
v -11.276567 0.138130 2.010202
v -11.325493 0.091993 2.046724
v -11.418987 0.100009 2.068287
v -11.418991 0.054194 2.070566
v -11.306926 0.072026 2.000771
v -11.338405 0.033110 2.059528
v -11.363920 -0.012361 2.059374
v -11.418989 -0.001894 2.065241
v -11.418993 -0.037580 2.065122
v -11.418983 -0.023786 2.048287
v -11.418963 0.000494 2.034127
v -11.338704 0.009147 2.022968
v -11.418965 -0.011197 2.029838
v -11.418963 -0.018106 2.022087
v -11.318991 0.053544 1.957795
v -11.267692 0.120185 1.913602
v -11.250737 0.181034 1.945138
v -11.231073 0.202560 1.885755
v -11.244483 0.165944 1.819137
v -11.233504 0.232359 1.831065
v -11.256006 0.298914 1.817048
v -11.202270 0.289225 1.742389
v -11.223946 0.377166 1.824036
v -11.190122 0.225656 1.743562
v -11.186583 0.355060 1.744308
v -11.135194 0.287350 1.662320
v -11.192430 0.415529 1.741624
v -11.236403 0.439850 1.821185
v -11.116381 0.349337 1.660057
v -11.116403 0.225362 1.660043
v -11.104184 0.287350 1.599421
v -11.182301 0.167582 1.733807
v -11.085764 0.228212 1.597578
v -11.259235 0.101842 1.787004
v -11.102270 0.171114 1.644427
v -11.198649 0.123532 1.709298
v -11.098225 0.172254 1.555703
v -11.106379 0.125283 1.626150
v -11.130456 0.089322 1.608273
v -11.217614 0.089347 1.690019
v -11.277178 0.066843 1.870904
v -11.295264 0.012983 1.814398
v -11.266096 0.047186 1.749331
v -11.292661 0.013978 1.924477
v -11.315692 -0.027252 1.980006
v -11.302579 -0.031865 1.766046
v -11.335860 -0.011902 1.997542
v -11.354672 -0.049474 2.015486
v -11.418977 -0.048517 2.021393
v -11.418987 -0.074616 2.022510
v -11.418975 -0.068315 2.004418
v -11.315254 -0.042838 1.869616
v -11.328403 -0.052932 1.942589
v -11.344797 -0.092586 1.973471
v -11.364809 -0.123220 1.988494
v -11.418985 -0.104667 1.999051
v -11.418989 -0.147288 2.003707
v -11.418985 -0.140097 1.978068
v -11.418971 -0.114772 1.952906
v -11.418956 -0.111926 1.920730
v -11.342807 -0.103911 1.883511
v -11.355667 -0.167684 1.894802
v -11.418971 -0.158780 1.909965
v -11.338973 -0.117240 1.854670
v -11.391338 -0.210050 1.910638
v -11.419004 -0.206150 1.920235
v -11.419018 -0.234829 1.928723
v -11.419006 -0.218773 1.902759
v -11.418995 -0.190221 1.884311
v -11.372522 -0.172015 1.861717
v -11.407071 -0.219310 1.862975
v -11.419020 -0.221614 1.873273
v -11.419032 -0.254263 1.874005
v -11.419032 -0.239717 1.850558
v -11.359669 -0.184466 1.836775
v -11.391801 -0.232452 1.826499
v -11.413038 -0.257534 1.815220
v -11.419044 -0.263421 1.825672
v -11.419049 -0.280439 1.803371
v -11.419024 -0.248602 1.801074
v -11.419008 -0.227254 1.793835
v -11.418981 -0.189326 1.796422
v -11.323413 -0.123181 1.809002
v -11.290083 -0.061939 1.818573
v -11.312020 -0.067930 1.786462
v -11.319002 -0.129589 1.780390
v -11.289751 -0.089600 1.758251
v -11.282161 -0.059651 1.734646
v -11.324903 -0.098914 1.727704
v -11.282260 -0.013224 1.715421
v -11.311200 -0.055165 1.707201
v -11.344294 -0.142193 1.747568
v -11.330987 -0.172100 1.770279
v -11.344688 -0.205194 1.762626
v -11.418985 -0.203535 1.783699
v -11.362532 -0.190810 1.746093
v -11.378420 -0.236662 1.747806
v -11.419006 -0.237685 1.762218
v -11.419020 -0.258363 1.729074
v -11.388516 -0.221234 1.737858
v -11.419014 -0.237918 1.694561
v -11.374372 -0.193364 1.721210
v -11.359106 -0.262420 1.705498
v -11.339983 -0.210278 1.740996
v -11.319881 -0.144642 1.734889
v -11.329739 -0.206246 1.714503
v -11.372061 -0.286537 1.651424
v -11.419024 -0.253922 1.650500
v -11.347297 -0.249027 1.689463
v -11.370917 -0.275040 1.588216
v -11.419016 -0.235109 1.585978
v -11.359840 -0.271779 1.646766
v -11.377245 -0.225248 1.678877
v -11.355657 -0.258886 1.596279
v -11.359297 -0.238096 1.532506
v -11.390403 -0.228465 1.641890
v -11.372012 -0.187443 1.696757
v -11.419010 -0.225336 1.533771
v -11.350696 -0.146196 1.696438
v -11.394794 -0.151012 1.659278
v -11.312120 -0.151197 1.713786
v -11.358335 -0.089777 1.645815
v -11.302708 -0.109842 1.699130
v -11.330756 -0.108066 1.679763
v -11.298788 -0.071308 1.671058
v -11.392860 -0.152655 1.592009
v -11.294544 -0.075211 1.623090
v -11.371946 -0.093375 1.585469
v -11.278987 -0.025872 1.599437
v -11.269176 0.007890 1.647874
v -11.301499 -0.087499 1.574505
v -11.358139 -0.116882 1.539229
v -11.235922 0.053040 1.674191
v -11.207704 0.015230 1.591632
v -11.160036 0.050034 1.601415
v -11.248444 -0.008153 1.578124
v -11.190151 0.025410 1.554143
v -11.148200 0.062344 1.556908
v -11.293419 -0.037721 1.541426
v -11.243670 -0.011318 1.530754
v -11.185411 0.041558 1.526446
v -11.334852 -0.091515 1.518247
v -11.295653 -0.046414 1.458292
v -11.340780 -0.144343 1.505352
v -11.220637 0.013698 1.508201
v -11.218801 -0.000606 1.462986
v -11.331915 -0.093659 1.482377
v -11.370108 -0.162114 1.528350
v -11.323877 -0.145028 1.478014
v -11.378147 -0.205426 1.548950
v -11.389827 -0.217158 1.590660
v -11.343594 -0.222118 1.552028
v -11.340004 -0.183154 1.517456
v -11.339821 -0.197139 1.491577
v -11.373999 -0.186990 1.482750
v -11.353155 -0.142950 1.464480
v -11.345032 -0.092705 1.441964
v -11.357436 -0.146613 1.431546
v -11.377684 -0.249229 1.499237
v -11.358985 -0.209915 1.449437
v -11.409967 -0.270658 1.531697
v -11.419030 -0.258798 1.539889
v -11.419051 -0.290887 1.540993
v -11.419034 -0.294946 1.517994
v -11.396194 -0.294670 1.495540
v -11.419030 -0.324806 1.486942
v -11.419026 -0.307482 1.475996
v -11.385745 -0.265113 1.459498
v -11.419026 -0.308694 1.456096
v -11.368579 -0.264373 1.445351
v -11.398456 -0.301323 1.440190
v -11.419032 -0.326091 1.430245
v -11.419022 -0.308094 1.420640
v -11.373655 -0.261314 1.429020
v -11.397344 -0.296478 1.413662
v -11.419024 -0.315874 1.407597
v -11.334897 -0.212590 1.411012
v -11.419018 -0.307045 1.396550
v -11.368596 -0.258676 1.412679
v -11.373956 -0.259561 1.401641
v -11.350278 -0.206270 1.378687
v -11.313981 -0.146861 1.412978
v -11.313057 -0.093361 1.394583
v -11.321018 -0.143613 1.376900
v -11.370600 -0.261660 1.379110
v -11.345768 -0.191458 1.336610
v -11.316514 -0.129968 1.334392
v -11.395260 -0.290996 1.381471
v -11.419024 -0.310810 1.377449
v -11.419014 -0.283093 1.366915
v -11.419004 -0.261790 1.353224
v -11.389471 -0.279698 1.311432
v -11.419012 -0.289061 1.334390
v -11.419022 -0.316932 1.300248
v -11.349741 -0.187118 1.284144
v -11.401252 -0.320174 1.258847
v -11.419026 -0.331878 1.265942
v -11.419030 -0.342827 1.240054
v -11.419036 -0.312502 1.230024
v -11.382827 -0.249655 1.268036
v -11.395225 -0.256566 1.212385
v -11.418989 -0.213607 1.180980
v -11.408563 -0.285443 1.207098
v -11.419032 -0.302459 1.187763
v -11.419032 -0.280134 1.187612
v -11.410583 -0.264796 1.195998
v -11.419032 -0.277630 1.174538
v -11.419024 -0.259638 1.183712
v -11.396192 -0.239940 1.193954
v -11.419014 -0.251832 1.171181
v -11.344430 -0.185290 1.191010
v -11.418981 -0.210946 1.164746
v -11.418971 -0.183418 1.156720
v -11.317585 -0.134748 1.245375
v -11.286999 -0.105913 1.232532
v -11.315165 -0.094346 1.286209
v -11.318555 -0.069210 1.339565
v -11.255471 -0.033404 1.319902
v -11.259776 -0.048742 1.393664
v -11.238674 -0.033406 1.446341
v -11.208217 -0.018533 1.367428
v -11.190413 0.014044 1.409453
v -11.161303 0.049325 1.370898
v -11.172395 0.021955 1.307643
v -11.220831 0.013366 1.253593
v -11.268184 -0.051216 1.245242
v -11.142299 0.066840 1.270663
v -11.273475 -0.015504 1.211793
v -11.291950 -0.094091 1.201520
v -11.337571 -0.154822 1.157126
v -11.418975 -0.185750 1.131334
v -11.418961 -0.164062 1.127726
v -11.315575 -0.074550 1.175175
v -11.256211 -0.003756 1.182298
v -11.190573 0.061712 1.189440
v -11.272526 -0.080784 1.163170
v -11.248997 0.001692 1.148758
v -11.315489 -0.130237 1.115484
v -11.282081 -0.067799 1.125472
v -11.243684 0.006490 1.105446
v -11.338124 -0.152852 1.077734
v -11.418967 -0.169009 1.097734
v -11.330633 -0.122185 1.077121
v -11.259274 -0.065634 1.091602
v -11.365161 -0.175277 1.051882
v -11.418983 -0.180846 1.063036
v -11.418995 -0.193154 1.034327
v -11.418991 -0.172481 1.027831
v -11.360297 -0.154552 1.037719
v -11.418999 -0.164244 1.011157
v -11.418981 -0.149316 1.008994
v -11.321385 -0.131215 0.999294
v -11.418987 -0.146318 0.957716
v -11.302397 -0.110003 1.052450
v -11.303239 -0.041216 1.070416
v -11.322616 -0.085914 1.031942
v -11.337090 -0.130568 0.942405
v -11.418995 -0.148633 0.890852
v -11.345942 -0.097206 0.984433
v -11.299352 -0.066434 1.003417
v -11.365002 -0.134087 0.885651
v -11.419006 -0.144215 0.850870
v -11.418999 -0.118273 0.884522
v -11.418979 -0.097439 0.928570
v -11.350688 -0.087472 0.950156
v -11.418979 -0.077746 0.921376
v -11.418960 -0.069370 0.936209
v -11.306911 -0.060750 0.939709
v -11.418961 -0.048962 0.898703
v -11.266165 -0.031334 1.034825
v -11.328473 -0.042071 0.897344
v -11.284319 -0.045900 0.982314
v -11.357364 -0.025301 0.860034
v -11.418979 -0.029258 0.855912
v -11.418991 -0.020546 0.829949
v -11.418971 -0.012099 0.836665
v -11.314913 -0.023947 0.891132
v -11.280469 -0.028296 0.949641
v -11.256237 0.004493 0.982195
v -11.268997 -0.005978 1.010415
v -11.272192 0.025088 1.087161
v -11.245518 0.034266 1.056454
v -11.194768 0.093877 1.092175
v -11.249887 0.050678 1.029526
v -11.211458 0.113812 1.036096
v -11.233393 0.052789 1.005071
v -11.081200 0.058877 1.164197
v -11.225278 0.130780 1.013595
v -11.262051 0.060250 1.003047
v -11.301881 0.015931 0.986549
v -11.289575 0.029547 0.947851
v -11.338561 -0.008783 0.960467
v -11.271881 0.082059 0.986350
v -11.321836 0.026196 0.903445
v -11.344922 -0.004106 0.905258
v -11.335690 0.001560 0.846018
v -11.340340 0.029602 0.853745
v -11.287313 0.060082 0.878725
v -11.368549 0.013443 0.791502
v -11.418995 -0.003089 0.789006
v -11.419018 0.001662 0.737328
v -11.418999 0.047254 0.769692
v -11.313983 0.057249 0.836170
v -11.364083 0.074538 0.792866
v -11.419001 0.061363 0.757216
v -11.317934 0.094596 0.853243
v -11.418989 0.080781 0.764590
v -11.314401 0.122954 0.821478
v -11.339838 0.102142 0.772829
v -11.418989 0.084934 0.737492
v -11.267044 0.138043 0.873843
v -11.418973 0.122541 0.750645
v -11.319907 0.159234 0.826497
v -11.317094 0.191335 0.811170
v -11.290315 0.114170 0.913096
v -11.275854 0.178482 0.864950
v -11.266854 0.075893 0.921601
v -11.244721 0.100630 0.957522
v -11.229799 0.126398 0.978713
v -11.267547 0.129908 0.956750
v -11.226561 0.171612 0.976870
v -11.258799 0.149446 0.933062
v -11.253383 0.182560 0.914082
v -11.139768 0.159594 1.001401
v -11.221407 0.215887 0.940773
v -11.143376 0.210435 0.938486
v -11.255202 0.219821 0.900348
v -11.205034 0.232756 0.913804
v -11.291417 0.219969 0.857395
v -11.222143 0.226743 0.860978
v -11.245045 0.225426 0.814480
v -11.201885 0.279408 0.899004
v -11.226754 0.292078 0.862702
v -11.131952 0.281152 0.912381
v -11.216799 0.330510 0.932199
v -11.255182 0.291814 0.814238
v -11.257586 0.337348 0.891690
v -11.281241 0.337835 0.833854
v -11.314989 0.341672 0.784471
v -11.279510 0.366378 0.834389
v -11.299321 0.276710 0.763469
v -11.287661 0.215233 0.769312
v -11.334805 0.187809 0.739976
v -11.330530 0.255122 0.719189
v -11.354366 0.278384 0.722771
v -11.418973 0.217015 0.709190
v -11.385114 0.146553 0.678013
v -11.419006 0.120582 0.695482
v -11.419028 0.107421 0.639238
v -11.419006 0.164554 0.669013
v -11.370516 0.245745 0.676525
v -11.418991 0.230120 0.675381
v -11.419006 0.245176 0.644316
v -11.418997 0.262237 0.668553
v -11.418987 0.291866 0.682891
v -11.418973 0.326188 0.702370
v -11.344569 0.372351 0.732227
v -11.369491 0.345517 0.700989
v -11.419001 0.333412 0.664756
v -11.419002 0.344071 0.677506
v -11.375434 0.360752 0.698066
v -11.419006 0.355861 0.669969
v -11.418999 0.373144 0.697935
v -11.379817 0.399656 0.721726
v -11.419004 0.394229 0.695165
v -11.376393 0.417523 0.726246
v -11.418991 0.432434 0.728197
v -11.351805 0.418378 0.758135
v -11.418977 0.465986 0.767896
v -11.321213 0.384242 0.782437
v -11.349577 0.446798 0.764470
v -11.336547 0.440530 0.811593
v -11.327370 0.464110 0.789818
v -11.305807 0.378130 0.834946
v -11.303262 0.402415 0.824486
v -11.296313 0.390881 0.886195
v -11.256176 0.378023 0.894658
v -11.273200 0.419818 0.871903
v -11.208946 0.368856 0.920143
v -11.265237 0.388034 0.932020
v -11.145620 0.358521 0.934559
v -11.259803 0.413638 0.935254
v -11.218002 0.379470 0.954071
v -11.205249 0.421498 0.952332
v -11.253399 0.436832 0.943297
v -11.312862 0.453140 0.896351
v -11.271569 0.487144 0.884808
v -11.304879 0.471559 0.828870
v -11.314145 0.498505 0.823321
v -11.362210 0.485732 0.783242
v -11.418991 0.481378 0.757982
v -11.418995 0.493278 0.748446
v -11.311608 0.512912 0.842794
v -11.239420 0.458614 0.940673
v -11.261604 0.505009 0.907206
v -11.377432 0.537625 0.785686
v -11.196086 0.440704 0.980185
v -11.308137 0.542500 0.851370
v -11.241096 0.474422 0.960298
v -11.254766 0.530758 0.920147
v -11.382210 0.519132 0.746081
v -11.419026 0.501473 0.696302
v -11.419022 0.526586 0.736500
v -11.401502 0.542418 0.763098
v -11.419030 0.544809 0.740942
v -11.419020 0.561159 0.770970
v -11.419028 0.585662 0.786182
v -11.388745 0.592927 0.832086
v -11.407737 0.603976 0.806368
v -11.419042 0.612647 0.767805
v -11.419036 0.622519 0.802897
v -11.337833 0.590199 0.904960
v -11.419475 0.638880 0.836282
v -11.419049 0.647399 0.790872
v -11.419028 0.665668 0.813019
v -11.386461 0.625876 0.864643
v -11.378092 0.658737 0.869386
v -11.407592 0.676026 0.849589
v -11.419024 0.687516 0.808780
v -11.419030 0.692861 0.850151
v -11.388831 0.670104 0.885142
v -11.392249 0.683559 0.896516
v -11.419036 0.700845 0.866474
v -11.419026 0.703213 0.895090
v -11.338674 0.666742 0.944742
v -11.375335 0.704193 0.935666
v -11.416309 0.738654 0.905497
v -11.419040 0.735755 0.882242
v -11.419042 0.772109 0.877005
v -11.419038 0.739906 0.918684
v -11.419002 0.715472 0.976043
v -11.274104 0.564399 0.964723
v -11.351969 0.688054 1.003319
v -11.418991 0.722539 1.014941
v -11.272960 0.636230 1.021325
v -11.322430 0.671474 1.108702
v -11.265938 0.567938 1.095202
v -11.224713 0.497162 0.970919
v -11.230028 0.511867 1.027145
v -11.179885 0.461261 0.990901
v -11.121221 0.423056 0.975088
v -11.170303 0.461689 1.038991
v -11.177260 0.488626 1.091737
v -11.113528 0.433693 1.037230
v -11.098543 0.491103 1.083098
v -11.027885 0.416145 1.027413
v -11.047991 0.357893 0.922747
v -11.033272 0.405965 0.969342
v -11.002262 0.460366 1.068518
v -11.054161 0.286190 0.912982
v -11.048536 0.213372 0.921922
v -10.974133 0.287350 0.907430
v -11.035997 0.168355 0.973132
v -10.971715 0.227367 0.930558
v -10.970364 0.349580 0.927477
v -10.955891 0.378770 0.978623
v -10.925737 0.328154 0.953172
v -10.948743 0.379015 1.035470
v -10.911760 0.334677 0.997354
v -10.920022 0.287350 0.949119
v -10.928208 0.247931 0.954792
v -10.957581 0.198358 0.979733
v -10.912952 0.240739 0.997721
v -10.902549 0.287350 1.003326
v -10.897784 0.330170 1.054829
v -10.897979 0.244568 1.054886
v -10.888907 0.287350 1.053319
v -10.943215 0.189464 1.030166
v -11.026387 0.152081 1.023946
v -11.116225 0.147172 1.048751
v -11.099458 0.093522 1.089093
v -11.164573 0.132765 1.059658
v -11.002042 0.113723 1.068076
v -10.918631 0.164325 1.066492
v -10.980799 0.096954 1.136429
v -10.875844 0.222335 1.076153
v -10.900147 0.148147 1.119931
v -10.857563 0.208478 1.115240
v -10.875217 0.262913 1.095374
v -10.926762 0.287351 1.104220
v -10.895200 0.156966 1.175559
v -10.882725 0.287351 1.146302
v -10.857663 0.258763 1.120862
v -10.845946 0.243890 1.146780
v -10.852444 0.206142 1.160097
v -10.860387 0.251679 1.169599
v -10.859247 0.214738 1.192335
v -10.962122 0.105303 1.207395
v -11.062358 0.081158 1.246306
v -11.041909 0.123811 1.304435
v -10.944866 0.140247 1.251449
v -10.900108 0.180724 1.208574
v -10.992586 0.155449 1.339724
v -11.132983 0.117253 1.345056
v -11.075290 0.155804 1.402073
v -10.917799 0.164889 1.274880
v -10.873167 0.179303 1.233360
v -10.861752 0.223747 1.230283
v -10.940889 0.186975 1.366562
v -10.834036 0.246779 1.211158
v -10.884172 0.191576 1.304502
v -10.848067 0.202236 1.256338
v -10.822770 0.238167 1.258604
v -10.854604 0.232791 1.323140
v -10.912001 0.231564 1.387691
v -10.860317 0.287350 1.320366
v -10.819651 0.287350 1.255510
v -10.833579 0.287350 1.207650
v -10.974219 0.229764 1.457593
v -10.862028 0.323212 1.169870
v -10.832909 0.328334 1.210592
v -10.820739 0.337087 1.258954
v -10.864991 0.348494 1.231798
v -10.918432 0.287350 1.385213
v -10.851975 0.342733 1.324954
v -10.856938 0.361038 1.192370
v -10.845817 0.374649 1.256478
v -10.871438 0.397593 1.233107
v -10.881981 0.386362 1.305910
v -10.910774 0.343617 1.388801
v -10.974045 0.345018 1.457750
v -10.940172 0.389100 1.367274
v -10.916877 0.411903 1.275432
v -10.895083 0.399068 1.209208
v -10.992485 0.419576 1.339847
v -10.894698 0.418291 1.175621
v -10.944383 0.435409 1.251810
v -11.005758 0.387898 1.432035
v -11.041948 0.450792 1.304389
v -11.075293 0.418887 1.402069
v -11.065997 0.385169 1.501020
v -10.962139 0.469363 1.207386
v -11.062411 0.493399 1.246252
v -10.980463 0.478479 1.136342
v -11.081211 0.515753 1.164198
v -11.142360 0.507771 1.270651
v -11.133028 0.457400 1.345031
v -11.135717 0.422707 1.431009
v -11.178512 0.508526 1.191112
v -11.227924 0.531938 1.153068
v -11.218553 0.562275 1.257638
v -11.331329 0.610546 1.176435
v -11.172376 0.552763 1.307638
v -11.268172 0.593309 1.233002
v -11.161106 0.525462 1.370949
v -11.240864 0.613214 1.322384
v -11.306118 0.637749 1.249043
v -11.271653 0.640555 1.276763
v -11.287960 0.652459 1.197609
v -11.251840 0.677358 1.251444
v -11.251811 0.664641 1.308128
v -11.274940 0.694917 1.207190
v -11.317340 0.695977 1.278282
v -11.284081 0.726154 1.144285
v -11.325098 0.718666 1.234283
v -11.299639 0.662206 1.333338
v -11.329184 0.741746 1.303007
v -11.327313 0.757225 1.083678
v -11.357772 0.751205 1.184321
v -11.350305 0.785572 1.250848
v -11.358456 0.780875 1.042578
v -11.419004 0.746337 1.012689
v -11.419010 0.792010 1.120624
v -11.419010 0.805983 1.078704
v -11.395778 0.802297 1.007825
v -11.419026 0.781470 0.992933
v -11.419012 0.821633 1.022013
v -11.419018 0.821010 0.983268
v -11.389370 0.798199 1.145756
v -11.419022 0.826824 1.123178
v -11.419024 0.824662 1.141712
v -11.398102 0.801134 1.174984
v -11.419014 0.822722 1.201033
v -11.413229 0.826360 1.164240
v -11.419036 0.851334 1.149099
v -11.419028 0.841453 1.174906
v -11.388196 0.839189 1.230182
v -11.419024 0.848294 1.214456
v -11.419024 0.883706 1.221498
v -11.419020 0.863701 1.250950
v -11.371665 0.810195 1.292305
v -11.395540 0.856100 1.276253
v -11.419024 0.888294 1.270623
v -11.419024 0.884909 1.287100
v -11.410182 0.867661 1.309883
v -11.419036 0.905729 1.301521
v -11.419030 0.877334 1.318213
v -11.419012 0.850010 1.339185
v -11.381215 0.822658 1.323334
v -11.360102 0.780977 1.368046
v -11.325848 0.694944 1.376486
v -11.389493 0.849522 1.380347
v -11.419020 0.878674 1.348526
v -11.419038 0.906446 1.369484
v -11.419016 0.886827 1.407168
v -11.345092 0.792100 1.450058
v -11.387555 0.864678 1.434850
v -11.419016 0.897188 1.427201
v -11.419014 0.882715 1.446022
v -11.381557 0.853474 1.468388
v -11.419020 0.895769 1.465562
v -11.419012 0.859094 1.491248
v -11.350028 0.775441 1.512902
v -11.305239 0.692644 1.469163
v -11.339272 0.726818 1.504297
v -11.293170 0.627930 1.447714
v -11.264907 0.624660 1.387535
v -11.237637 0.609931 1.444651
v -11.204061 0.589686 1.366334
v -11.286229 0.617581 1.526950
v -11.190331 0.560695 1.409479
v -11.303836 0.664818 1.538722
v -11.245969 0.584025 1.528469
v -11.218879 0.575272 1.462964
v -11.181557 0.507618 1.423268
v -11.203409 0.536897 1.447784
v -11.166104 0.460030 1.417117
v -11.178608 0.504737 1.479322
v -11.149483 0.467069 1.469445
v -11.145368 0.444810 1.462988
v -11.178614 0.442578 1.473727
v -11.164684 0.455413 1.505031
v -11.152038 0.434565 1.476487
v -11.128311 0.419231 1.462836
v -11.098682 0.410282 1.474362
v -11.123969 0.409698 1.514357
v -11.153438 0.422722 1.512737
v -11.098264 0.402421 1.555703
v -11.092321 0.443094 1.543553
v -11.144831 0.463623 1.527390
v -11.179729 0.488457 1.520327
v -11.114768 0.481634 1.548526
v -11.160262 0.497393 1.536484
v -11.185440 0.533120 1.526469
v -11.106309 0.449456 1.626192
v -11.148231 0.512321 1.556930
v -11.130485 0.485358 1.608253
v -11.102155 0.403630 1.644487
v -11.199858 0.452816 1.708278
v -11.226227 0.486792 1.700811
v -11.160047 0.524655 1.601408
v -11.190198 0.549233 1.554157
v -11.196645 0.518754 1.515568
v -11.209975 0.512482 1.504822
v -11.219211 0.535756 1.502579
v -11.202803 0.526384 1.488501
v -11.222217 0.551588 1.473204
v -11.220682 0.560979 1.508207
v -11.251249 0.579811 1.575114
v -11.207983 0.559174 1.591268
v -11.282198 0.601667 1.590785
v -11.263346 0.565376 1.642432
v -11.238745 0.527769 1.674594
v -11.319063 0.632580 1.606451
v -11.336622 0.663944 1.618149
v -11.280606 0.578490 1.744790
v -11.296387 0.615689 1.691030
v -11.329483 0.650130 1.683318
v -11.312385 0.643233 1.760309
v -11.275788 0.536566 1.764813
v -11.323083 0.579839 1.820258
v -11.252553 0.523978 1.778289
v -11.253604 0.494225 1.787572
v -11.282241 0.578207 1.834697
v -11.295436 0.542054 1.853169
v -11.258208 0.458885 1.810961
v -11.085674 0.346498 1.597614
v -11.039522 0.344527 1.530923
v -11.047913 0.287350 1.527480
v -10.977786 0.287350 1.455297
v -11.039684 0.230247 1.530796
v -11.066020 0.189567 1.501007
v -11.005774 0.186839 1.432019
v -11.098667 0.164384 1.474367
v -11.123930 0.164934 1.514348
v -11.092499 0.131630 1.543637
v -11.128252 0.155350 1.462850
v -11.135844 0.152142 1.430962
v -11.114766 0.093067 1.548525
v -11.160247 0.077296 1.536464
v -11.144799 0.111048 1.527340
v -11.153407 0.151954 1.512711
v -11.179747 0.086264 1.520339
v -11.164965 0.119383 1.505137
v -11.151995 0.140083 1.476485
v -11.145196 0.129794 1.463104
v -11.178602 0.132122 1.473729
v -11.149461 0.107632 1.469449
v -11.178610 0.069967 1.479321
v -11.166040 0.114629 1.417132
v -11.181481 0.067044 1.423289
v -11.203356 0.037782 1.447803
v -11.222127 0.023096 1.473222
v -11.202756 0.048286 1.488519
v -11.210026 0.062277 1.504830
v -11.219124 0.038938 1.502555
v -11.196620 0.055942 1.515524
v -11.374928 0.552878 2.034066
v -11.330143 0.501884 1.990299
v -11.397549 0.601673 2.041092
v -11.419020 0.604607 2.056403
v -11.419022 0.644070 2.041528
v -11.419016 0.618337 2.017730
v -11.349411 0.575720 1.992497
v -11.383811 0.612934 2.003974
v -11.419010 0.640673 2.004914
v -11.418999 0.642317 1.990442
v -11.383911 0.625007 1.978186
v -11.419006 0.665406 1.973472
v -11.418995 0.633506 1.961807
v -11.418979 0.614037 1.948139
v -11.318098 0.598527 1.907309
v -11.365684 0.669282 1.915539
v -11.418997 0.665491 1.937272
v -11.318838 0.543971 1.933675
v -11.402846 0.724290 1.904248
v -11.293733 0.503150 1.876582
v -11.299010 0.520370 1.957026
v -11.269682 0.480481 1.903051
v -11.289967 0.452850 1.954765
v -11.303284 0.629831 1.862353
v -11.374450 0.680447 1.881610
v -11.337555 0.624876 1.843690
v -11.348829 0.676585 1.825832
v -11.310473 0.616377 1.796946
v -11.336993 0.693153 1.795036
v -11.381571 0.734574 1.800180
v -11.358118 0.712103 1.771867
v -11.391010 0.741267 1.815018
v -11.384807 0.737692 1.846182
v -11.403661 0.717472 1.894963
v -11.419030 0.735830 1.874932
v -11.414606 0.737433 1.889975
v -11.419036 0.755879 1.878102
v -11.419034 0.758641 1.885741
v -11.400866 0.732986 1.866372
v -11.419024 0.763526 1.859825
v -11.419018 0.767111 1.849527
v -11.411788 0.734850 1.910682
v -11.419038 0.772758 1.888207
v -11.419024 0.734583 1.916715
v -11.401489 0.763342 1.841084
v -11.419020 0.784540 1.832987
v -11.419022 0.780711 1.823390
v -11.394758 0.779570 1.818932
v -11.419020 0.808463 1.805820
v -11.419018 0.795544 1.798582
v -11.397727 0.773524 1.796899
v -11.419020 0.799953 1.777174
v -11.419010 0.775642 1.782235
v -11.418999 0.749328 1.782339
v -11.418999 0.768421 1.768063
v -11.362001 0.773845 1.776693
v -11.381301 0.824805 1.756867
v -11.419020 0.813149 1.752017
v -11.419028 0.838269 1.714594
v -11.394831 0.864414 1.725095
v -11.390637 0.867429 1.667410
v -11.419018 0.834294 1.664490
v -11.387690 0.849474 1.717740
v -11.371612 0.815690 1.742931
v -11.377819 0.843643 1.614478
v -11.419004 0.817131 1.612285
v -11.380684 0.854200 1.670366
v -11.362186 0.816475 1.572418
v -11.419001 0.798718 1.566963
v -11.368344 0.834770 1.621436
v -11.398618 0.815966 1.670686
v -11.401174 0.812846 1.710166
v -11.385461 0.801081 1.629487
v -11.405965 0.766265 1.677374
v -11.397219 0.797706 1.739058
v -11.356520 0.770502 1.760384
v -11.415231 0.757086 1.712753
v -11.391362 0.755835 1.748997
v -11.397879 0.709530 1.701203
v -11.376301 0.711127 1.743527
v -11.341885 0.723642 1.775524
v -11.330196 0.717798 1.757817
v -11.329698 0.699846 1.766162
v -11.303415 0.660142 1.734474
v -11.328913 0.671413 1.728468
v -11.361139 0.678459 1.722275
v -11.376098 0.660842 1.688255
v -11.392020 0.735506 1.650385
v -11.387711 0.673416 1.623423
v -11.378323 0.741316 1.605525
v -11.356969 0.718954 1.581484
v -11.326958 0.702287 1.548386
v -11.366280 0.776605 1.590523
v -11.341874 0.756814 1.561096
v -11.309274 0.748082 1.535487
v -11.321178 0.749621 1.513730
v -11.316044 0.776010 1.530990
v -11.330967 0.788114 1.551598
v -11.331948 0.773580 1.520611
v -11.349739 0.808203 1.581859
v -11.345717 0.793859 1.541088
v -11.372981 0.783302 1.538610
v -11.419008 0.837946 1.531437
v -11.377870 0.837939 1.515874
v -11.419010 0.873585 1.513052
v -11.418991 0.722539 1.014941
v -11.419002 0.715472 0.976043
v -11.418993 0.721799 0.995965
v -10.918725 0.410273 1.066595
v -10.900108 0.426598 1.119920
v -10.876016 0.352351 1.076305
v -10.875571 0.312135 1.095718
v -10.857663 0.366185 1.115277
v -10.858391 0.316334 1.121195
v -10.846307 0.330903 1.146782
v -10.851737 0.368918 1.160140
vt 0.677000 0.970400
vt 0.650000 0.974200
vt 0.652800 0.958100
vt 0.684800 0.963500
vt 0.621400 0.951000
vt 0.638900 0.930400
vt 0.629800 0.942900
vt 0.628700 0.975200
vt 0.647400 0.985600
vt 0.625700 0.987700
vt 0.613100 0.956800
vt 0.598200 0.932100
vt 0.602500 0.959100
vt 0.602200 0.980400
vt 0.618700 0.998300
vt 0.593600 0.988400
vt 0.581800 0.958200
vt 0.574000 0.979200
vt 0.584300 0.993300
vt 0.566900 0.981300
vt 0.544100 0.967300
vt 0.558900 0.957200
vt 0.564300 0.930400
vt 0.541500 0.932500
vt 0.530400 0.953300
vt 0.534600 0.974500
vt 0.523500 0.955000
vt 0.503900 0.938300
vt 0.521800 0.930500
vt 0.547600 0.904200
vt 0.579400 0.897600
vt 0.601700 0.897200
vt 0.581300 0.858100
vt 0.505400 0.906000
vt 0.518500 0.863000
vt 0.439100 0.932600
vt 0.489800 0.958700
vt 0.465800 0.890500
vt 0.476900 0.851600
vt 0.471000 0.966800
vt 0.484300 0.985900
vt 0.476400 0.988000
vt 0.463100 0.974900
vt 0.470900 0.993800
vt 0.460900 0.986800
vt 0.442000 0.970000
vt 0.446500 0.983900
vt 0.451700 0.997600
vt 0.436300 0.991200
vt 0.421900 0.981800
vt 0.416000 0.964800
vt 0.408000 0.980700
vt 0.400700 0.968700
vt 0.404500 0.915100
vt 0.374300 0.943400
vt 0.380000 0.972300
vt 0.353400 0.975100
vt 0.358700 0.915300
vt 0.341400 0.954000
vt 0.315000 0.964300
vt 0.320800 0.973300
vt 0.300300 0.974000
vt 0.305600 0.961300
vt 0.318300 0.946900
vt 0.321000 0.934600
vt 0.308600 0.942400
vt 0.302100 0.935600
vt 0.338500 0.891700
vt 0.385700 0.859900
vt 0.428100 0.875600
vt 0.442600 0.840300
vt 0.414800 0.803200
vt 0.463400 0.808500
vt 0.512500 0.807300
vt 0.506900 0.755300
vt 0.567300 0.801300
vt 0.462400 0.751100
vt 0.552500 0.750700
vt 0.502900 0.695200
vt 0.594800 0.749500
vt 0.611400 0.801100
vt 0.547400 0.688000
vt 0.459000 0.686600
vt 0.504000 0.655900
vt 0.420100 0.743400
vt 0.460900 0.647000
vt 0.366400 0.788400
vt 0.425000 0.676800
vt 0.379800 0.734100
vt 0.416300 0.625300
vt 0.397800 0.669600
vt 0.370800 0.663000
vt 0.349800 0.725400
vt 0.342800 0.836800
vt 0.299700 0.805700
vt 0.322800 0.765800
vt 0.309500 0.869300
vt 0.288900 0.903500
vt 0.266200 0.781300
vt 0.300600 0.917000
vt 0.282000 0.934200
vt 0.282600 0.941200
vt 0.266200 0.944500
vt 0.267400 0.931600
vt 0.266200 0.841900
vt 0.268000 0.886000
vt 0.249300 0.910500
vt 0.232200 0.924500
vt 0.243600 0.932400
vt 0.218700 0.936100
vt 0.219900 0.920900
vt 0.231300 0.902500
vt 0.230900 0.880700
vt 0.228400 0.856800
vt 0.194700 0.873100
vt 0.200200 0.881100
vt 0.217100 0.840200
vt 0.165900 0.886000
vt 0.168300 0.893000
vt 0.149800 0.897600
vt 0.159500 0.881800
vt 0.174800 0.868200
vt 0.182700 0.851400
vt 0.151000 0.860300
vt 0.150700 0.867200
vt 0.130800 0.870800
vt 0.134900 0.855800
vt 0.175400 0.834900
vt 0.143200 0.836700
vt 0.124200 0.836100
vt 0.117100 0.845800
vt 0.103800 0.836300
vt 0.125300 0.827300
vt 0.138900 0.818600
vt 0.166100 0.812900
vt 0.211300 0.810600
vt 0.250900 0.813100
vt 0.243700 0.794700
vt 0.203800 0.791500
vt 0.230300 0.776800
vt 0.248400 0.761900
vt 0.217300 0.755500
vt 0.275800 0.745800
vt 0.243800 0.741200
vt 0.188700 0.768500
vt 0.178300 0.789900
vt 0.159400 0.791100
vt 0.155500 0.807700
vt 0.159000 0.777300
vt 0.134300 0.789000
vt 0.130100 0.800200
vt 0.112000 0.783100
vt 0.135800 0.777400
vt 0.114900 0.757400
vt 0.149700 0.765000
vt 0.127200 0.734100
vt 0.155900 0.749300
vt 0.191400 0.754200
vt 0.157100 0.741500
vt 0.108900 0.711000
vt 0.090200 0.728700
vt 0.132000 0.727900
vt 0.102100 0.678100
vt 0.079100 0.676600
vt 0.113900 0.707800
vt 0.142200 0.715800
vt 0.111800 0.678200
vt 0.110100 0.641900
vt 0.137100 0.696400
vt 0.163300 0.721100
vt 0.094700 0.632000
vt 0.186700 0.724000
vt 0.177200 0.698500
vt 0.189200 0.743800
vt 0.206400 0.692800
vt 0.213800 0.735100
vt 0.210300 0.718000
vt 0.237400 0.715400
vt 0.171000 0.666200
vt 0.236400 0.681400
vt 0.199600 0.660100
vt 0.262300 0.665800
vt 0.285000 0.698600
vt 0.228400 0.650500
vt 0.186500 0.634000
vt 0.321600 0.715600
vt 0.308500 0.657900
vt 0.342400 0.660300
vt 0.280000 0.651100
vt 0.315000 0.635100
vt 0.346700 0.635300
vt 0.244100 0.628500
vt 0.275500 0.621800
vt 0.319300 0.617900
vt 0.202400 0.619800
vt 0.225500 0.577500
vt 0.167400 0.615800
vt 0.291800 0.603700
vt 0.280000 0.576400
vt 0.194300 0.597500
vt 0.160000 0.632800
vt 0.160000 0.601200
vt 0.140700 0.649100
vt 0.137300 0.670700
vt 0.124200 0.647300
vt 0.143100 0.624500
vt 0.130800 0.613500
vt 0.122700 0.598600
vt 0.152500 0.587500
vt 0.184200 0.572400
vt 0.152000 0.570600
vt 0.085700 0.604800
vt 0.112800 0.575900
vt 0.069100 0.625900
vt 0.073600 0.635700
vt 0.051800 0.636300
vt 0.053400 0.618900
vt 0.060100 0.600200
vt 0.038900 0.597500
vt 0.049100 0.588300
vt 0.078100 0.578900
vt 0.049100 0.574300
vt 0.083700 0.566600
vt 0.059200 0.563100
vt 0.040900 0.557200
vt 0.052700 0.550700
vt 0.085000 0.556100
vt 0.063700 0.545700
vt 0.049700 0.541400
vt 0.118200 0.547900
vt 0.057000 0.535100
vt 0.088900 0.546300
vt 0.088300 0.539800
vt 0.121100 0.526100
vt 0.156100 0.547200
vt 0.191700 0.536700
vt 0.159900 0.526000
vt 0.089600 0.525900
vt 0.130900 0.500300
vt 0.167600 0.500400
vt 0.069200 0.526600
vt 0.054500 0.523600
vt 0.070600 0.516000
vt 0.084900 0.509000
vt 0.077600 0.484400
vt 0.069600 0.498800
vt 0.052900 0.480900
vt 0.132700 0.468200
vt 0.051800 0.457900
vt 0.042500 0.462800
vt 0.035900 0.448400
vt 0.051900 0.437800
vt 0.093700 0.457900
vt 0.087600 0.425500
vt 0.115200 0.408500
vt 0.069200 0.423200
vt 0.056500 0.413100
vt 0.069400 0.409900
vt 0.080000 0.414800
vt 0.071000 0.402100
vt 0.082200 0.407200
vt 0.096400 0.414200
vt 0.089800 0.400600
vt 0.138000 0.413000
vt 0.118700 0.398800
vt 0.134500 0.392100
vt 0.168300 0.443400
vt 0.191000 0.433300
vt 0.187700 0.470800
vt 0.200300 0.501200
vt 0.238000 0.482800
vt 0.235200 0.533900
vt 0.257600 0.567400
vt 0.266500 0.515300
vt 0.289700 0.540300
vt 0.309600 0.514700
vt 0.292600 0.475300
vt 0.269500 0.436100
vt 0.223500 0.436900
vt 0.319200 0.451700
vt 0.239900 0.411000
vt 0.195300 0.412600
vt 0.156300 0.386900
vt 0.135400 0.372200
vt 0.151600 0.366400
vt 0.202300 0.390600
vt 0.251200 0.388200
vt 0.299400 0.389200
vt 0.212300 0.370900
vt 0.259800 0.361000
vt 0.176800 0.348700
vt 0.219400 0.345500
vt 0.267900 0.331100
vt 0.158200 0.330900
vt 0.145600 0.345600
vt 0.179300 0.322100
vt 0.227200 0.324200
vt 0.139600 0.317800
vt 0.134700 0.324800
vt 0.125900 0.307400
vt 0.136800 0.300700
vt 0.152700 0.304800
vt 0.139800 0.287600
vt 0.153500 0.286300
vt 0.179900 0.274700
vt 0.148000 0.257900
vt 0.198000 0.300300
vt 0.238100 0.296900
vt 0.214000 0.277100
vt 0.168200 0.245900
vt 0.138300 0.221400
vt 0.198300 0.253100
vt 0.231100 0.256200
vt 0.150300 0.217500
vt 0.132300 0.199300
vt 0.156600 0.205500
vt 0.182200 0.223300
vt 0.198200 0.232000
vt 0.193100 0.213400
vt 0.207700 0.219800
vt 0.234500 0.219200
vt 0.223200 0.190100
vt 0.254000 0.273100
vt 0.239700 0.190300
vt 0.246600 0.243000
vt 0.240900 0.162900
vt 0.234500 0.159400
vt 0.239900 0.141900
vt 0.249400 0.146800
vt 0.254800 0.185100
vt 0.258500 0.223400
vt 0.280400 0.243700
vt 0.268800 0.259600
vt 0.273900 0.308700
vt 0.290200 0.289400
vt 0.325100 0.320300
vt 0.301600 0.272600
vt 0.342800 0.276300
vt 0.310400 0.256200
vt 0.347200 0.389500
vt 0.359000 0.252900
vt 0.316100 0.240600
vt 0.292000 0.221800
vt 0.306900 0.203400
vt 0.280000 0.206100
vt 0.329200 0.230200
vt 0.297900 0.177100
vt 0.277200 0.182600
vt 0.268500 0.152300
vt 0.293800 0.150300
vt 0.325300 0.168200
vt 0.276800 0.115900
vt 0.260900 0.112500
vt 0.273500 0.078500
vt 0.301900 0.096300
vt 0.320400 0.143500
vt 0.328100 0.109700
vt 0.318800 0.087200
vt 0.347900 0.146200
vt 0.336700 0.091400
vt 0.373000 0.128500
vt 0.365000 0.100400
vt 0.355200 0.074800
vt 0.383700 0.162900
vt 0.384200 0.085500
vt 0.400000 0.129400
vt 0.422200 0.122500
vt 0.360300 0.180600
vt 0.407900 0.157800
vt 0.336400 0.192500
vt 0.349800 0.216500
vt 0.363900 0.230100
vt 0.368200 0.206100
vt 0.391700 0.226400
vt 0.384500 0.195600
vt 0.407400 0.187000
vt 0.397400 0.275100
vt 0.428000 0.206300
vt 0.445200 0.237600
vt 0.433700 0.178200
vt 0.458200 0.198200
vt 0.433000 0.150200
vt 0.464400 0.167000
vt 0.467100 0.138800
vt 0.496100 0.193100
vt 0.504600 0.167500
vt 0.498800 0.231500
vt 0.537900 0.195900
vt 0.507200 0.136300
vt 0.544300 0.170300
vt 0.542200 0.138000
vt 0.551800 0.106500
vt 0.561600 0.139300
vt 0.502600 0.100200
vt 0.455600 0.106000
vt 0.432000 0.080700
vt 0.483400 0.071500
vt 0.506200 0.068300
vt 0.453700 0.056400
vt 0.406300 0.044500
vt 0.383900 0.048700
vt 0.381300 0.014000
vt 0.416400 0.032000
vt 0.484700 0.041000
vt 0.472800 0.035300
vt 0.490300 0.019200
vt 0.498400 0.034200
vt 0.517000 0.044700
vt 0.541600 0.057800
vt 0.579900 0.077200
vt 0.559500 0.055500
vt 0.552200 0.032500
vt 0.563100 0.038400
vt 0.575200 0.053700
vt 0.574900 0.034300
vt 0.588400 0.050400
vt 0.608000 0.066400
vt 0.606900 0.050000
vt 0.620800 0.071900
vt 0.630300 0.072400
vt 0.615500 0.090800
vt 0.655700 0.095200
vt 0.583900 0.104700
vt 0.636000 0.097200
vt 0.625300 0.121300
vt 0.645000 0.114900
vt 0.578200 0.133300
vt 0.597100 0.129400
vt 0.586100 0.159900
vt 0.570100 0.174300
vt 0.605400 0.157900
vt 0.563900 0.201700
vt 0.590400 0.188600
vt 0.558700 0.232400
vt 0.606500 0.193800
vt 0.585200 0.211700
vt 0.611500 0.225300
vt 0.622300 0.202000
vt 0.632800 0.166000
vt 0.661000 0.177500
vt 0.654400 0.138400
vt 0.674700 0.139800
vt 0.675500 0.107300
vt 0.678900 0.091400
vt 0.699600 0.093600
vt 0.685900 0.156000
vt 0.638800 0.212300
vt 0.672400 0.197400
vt 0.720500 0.124700
vt 0.629500 0.241000
vt 0.706100 0.169700
vt 0.653200 0.225200
vt 0.693600 0.214900
vt 0.714400 0.100600
vt 0.722400 0.067300
vt 0.729600 0.092600
vt 0.731800 0.110600
vt 0.739900 0.096900
vt 0.743900 0.116000
vt 0.758400 0.125600
vt 0.755800 0.155600
vt 0.765900 0.140500
vt 0.776900 0.117400
vt 0.780700 0.137900
vt 0.748200 0.200600
vt 0.788900 0.157900
vt 0.798600 0.132300
vt 0.807700 0.151700
vt 0.777100 0.177300
vt 0.796900 0.188000
vt 0.814100 0.174400
vt 0.821800 0.151000
vt 0.826200 0.174900
vt 0.807600 0.195900
vt 0.815800 0.203700
vt 0.833200 0.183900
vt 0.833800 0.201700
vt 0.793700 0.235200
vt 0.823000 0.230600
vt 0.855100 0.217700
vt 0.857800 0.201500
vt 0.879600 0.207800
vt 0.859100 0.228000
vt 0.832700 0.255400
vt 0.725100 0.244700
vt 0.812700 0.274300
vt 0.839000 0.283600
vt 0.768400 0.282600
vt 0.807600 0.341600
vt 0.736600 0.324900
vt 0.671200 0.241700
vt 0.692800 0.282700
vt 0.644400 0.257500
vt 0.604800 0.263600
vt 0.655900 0.292700
vt 0.677300 0.329100
vt 0.626600 0.298100
vt 0.645200 0.339200
vt 0.592200 0.314300
vt 0.544900 0.267200
vt 0.573700 0.290300
vt 0.602200 0.345500
vt 0.504800 0.259300
vt 0.466500 0.270300
vt 0.507900 0.290400
vt 0.443100 0.300300
vt 0.480400 0.298300
vt 0.536000 0.294400
vt 0.548500 0.317200
vt 0.527000 0.314300
vt 0.560000 0.336100
vt 0.529500 0.332800
vt 0.509200 0.319700
vt 0.491100 0.316400
vt 0.469600 0.323500
vt 0.489400 0.337700
vt 0.509000 0.340600
vt 0.529100 0.355500
vt 0.484100 0.357700
vt 0.505900 0.355600
vt 0.457100 0.339800
vt 0.423000 0.323000
vt 0.382500 0.306300
vt 0.362400 0.342200
vt 0.359400 0.299500
vt 0.405800 0.348300
vt 0.447500 0.358200
vt 0.394400 0.382500
vt 0.475400 0.367600
vt 0.436600 0.381400
vt 0.470700 0.383200
vt 0.486900 0.373800
vt 0.503100 0.370600
vt 0.444500 0.406100
vt 0.505000 0.384200
vt 0.491800 0.382000
vt 0.483400 0.389600
vt 0.471900 0.400200
vt 0.489000 0.397800
vt 0.472300 0.411100
vt 0.405600 0.417500
vt 0.358400 0.438600
vt 0.379100 0.477300
vt 0.421100 0.441700
vt 0.449800 0.421600
vt 0.415700 0.492300
vt 0.345500 0.505500
vt 0.393200 0.534200
vt 0.438300 0.452300
vt 0.456500 0.432600
vt 0.475000 0.426600
vt 0.448400 0.502000
vt 0.487800 0.418700
vt 0.456900 0.465100
vt 0.471100 0.440700
vt 0.487300 0.436700
vt 0.479200 0.470400
vt 0.475200 0.511200
vt 0.503800 0.467800
vt 0.502200 0.432900
vt 0.500800 0.416000
vt 0.472400 0.555200
vt 0.516800 0.395500
vt 0.517000 0.413300
vt 0.518600 0.432400
vt 0.533100 0.420200
vt 0.503800 0.510700
vt 0.526800 0.463100
vt 0.534500 0.404800
vt 0.538900 0.436000
vt 0.553700 0.425900
vt 0.550400 0.461200
vt 0.531900 0.503300
vt 0.538400 0.550600
vt 0.561400 0.496900
vt 0.572400 0.450800
vt 0.560600 0.417000
vt 0.598400 0.493100
vt 0.562300 0.402200
vt 0.587800 0.440100
vt 0.570000 0.540500
vt 0.628500 0.474500
vt 0.619900 0.534300
vt 0.579900 0.589400
vt 0.602300 0.415400
vt 0.652300 0.438200
vt 0.611100 0.380600
vt 0.657300 0.389300
vt 0.688300 0.453200
vt 0.663600 0.504000
vt 0.643800 0.552300
vt 0.697700 0.394100
vt 0.716000 0.361500
vt 0.733500 0.438600
vt 0.776700 0.375300
vt 0.715500 0.474800
vt 0.757300 0.411200
vt 0.701600 0.513200
vt 0.765400 0.478800
vt 0.782600 0.417700
vt 0.783500 0.443300
vt 0.801500 0.397900
vt 0.808400 0.438300
vt 0.794300 0.469700
vt 0.822500 0.411800
vt 0.837500 0.462400
vt 0.837400 0.376300
vt 0.850500 0.434800
vt 0.812400 0.496500
vt 0.861100 0.479900
vt 0.857400 0.336500
vt 0.874500 0.402500
vt 0.888900 0.448800
vt 0.875100 0.313600
vt 0.861600 0.282800
vt 0.900000 0.358600
vt 0.900500 0.334000
vt 0.895900 0.292300
vt 0.888300 0.275200
vt 0.907000 0.302400
vt 0.911500 0.281700
vt 0.902700 0.377500
vt 0.922200 0.363200
vt 0.922500 0.375700
vt 0.907300 0.396200
vt 0.919800 0.413400
vt 0.923300 0.389400
vt 0.938900 0.381100
vt 0.931800 0.396300
vt 0.924500 0.437200
vt 0.936300 0.423500
vt 0.953700 0.436700
vt 0.941100 0.453300
vt 0.904100 0.476300
vt 0.932800 0.469100
vt 0.953600 0.467600
vt 0.951100 0.477500
vt 0.940400 0.490800
vt 0.963900 0.487500
vt 0.947400 0.496900
vt 0.927800 0.507100
vt 0.910300 0.495900
vt 0.883300 0.521200
vt 0.832000 0.525900
vt 0.923500 0.531700
vt 0.944000 0.514700
vt 0.961500 0.528200
vt 0.945000 0.548700
vt 0.883600 0.572800
vt 0.928700 0.563700
vt 0.949900 0.559700
vt 0.941800 0.570000
vt 0.921500 0.581700
vt 0.949300 0.579600
vt 0.929400 0.595600
vt 0.876300 0.614700
vt 0.822300 0.583900
vt 0.845200 0.608000
vt 0.786600 0.566500
vt 0.778600 0.523200
vt 0.756600 0.560000
vt 0.741300 0.509200
vt 0.772700 0.617500
vt 0.724000 0.536600
vt 0.801700 0.625800
vt 0.742300 0.615700
vt 0.736100 0.570400
vt 0.694800 0.547900
vt 0.713300 0.562500
vt 0.669700 0.544700
vt 0.688200 0.580600
vt 0.665500 0.573800
vt 0.651800 0.569400
vt 0.654100 0.583200
vt 0.657800 0.594400
vt 0.645800 0.578500
vt 0.633700 0.568900
vt 0.610500 0.575300
vt 0.617100 0.598400
vt 0.635500 0.594700
vt 0.595000 0.622900
vt 0.620000 0.625500
vt 0.650000 0.610200
vt 0.676000 0.603500
vt 0.643400 0.632200
vt 0.670300 0.618100
vt 0.696700 0.615400
vt 0.613100 0.667500
vt 0.668600 0.634000
vt 0.642700 0.662700
vt 0.584600 0.674600
vt 0.630800 0.732900
vt 0.666900 0.730700
vt 0.672700 0.658400
vt 0.701000 0.632200
vt 0.696400 0.604400
vt 0.699400 0.596900
vt 0.712600 0.595700
vt 0.705200 0.585900
vt 0.723100 0.579300
vt 0.725200 0.600400
vt 0.737900 0.646900
vt 0.707700 0.655200
vt 0.757100 0.658500
vt 0.728800 0.692400
vt 0.698700 0.712200
vt 0.780800 0.671000
vt 0.797100 0.678100
vt 0.732900 0.757800
vt 0.760200 0.725500
vt 0.785100 0.718900
vt 0.776300 0.776500
vt 0.703900 0.770400
vt 0.733300 0.803800
vt 0.684100 0.778500
vt 0.661300 0.784200
vt 0.712100 0.817100
vt 0.686100 0.829200
vt 0.633800 0.798600
vt 0.549900 0.647100
vt 0.546300 0.602400
vt 0.508100 0.608500
vt 0.506200 0.557100
vt 0.467900 0.603900
vt 0.432300 0.591800
vt 0.440300 0.543400
vt 0.402600 0.578300
vt 0.395900 0.599300
vt 0.392500 0.627700
vt 0.382000 0.569900
vt 0.370100 0.553600
vt 0.371400 0.632000
vt 0.345400 0.619500
vt 0.365200 0.611100
vt 0.380800 0.595100
vt 0.339900 0.604500
vt 0.359400 0.594600
vt 0.370400 0.578600
vt 0.362800 0.570600
vt 0.361700 0.584000
vt 0.349500 0.574100
vt 0.327500 0.581200
vt 0.344200 0.545600
vt 0.318700 0.549300
vt 0.301500 0.565500
vt 0.293100 0.582700
vt 0.311500 0.587900
vt 0.317300 0.598700
vt 0.304700 0.597900
vt 0.320300 0.607200
vt 0.680200 0.943600
vt 0.649400 0.908200
vt 0.707800 0.956500
vt 0.708200 0.967900
vt 0.731900 0.964600
vt 0.722000 0.946500
vt 0.695700 0.915200
vt 0.718000 0.931900
vt 0.734600 0.939000
vt 0.736000 0.929600
vt 0.729400 0.919000
vt 0.752000 0.927300
vt 0.737900 0.912200
vt 0.729400 0.895700
vt 0.718100 0.863200
vt 0.764500 0.879200
vt 0.761400 0.893000
vt 0.677900 0.876600
vt 0.801200 0.889900
vt 0.658400 0.840100
vt 0.656800 0.884400
vt 0.632500 0.852100
vt 0.615000 0.884700
vt 0.742000 0.838700
vt 0.780900 0.864000
vt 0.753700 0.821600
vt 0.785200 0.825600
vt 0.754900 0.793900
vt 0.801600 0.804600
vt 0.831200 0.817100
vt 0.822700 0.796100
vt 0.830200 0.830500
vt 0.819600 0.849000
vt 0.801400 0.882200
vt 0.819200 0.876600
vt 0.814200 0.886500
vt 0.827900 0.887100
vt 0.826100 0.893600
vt 0.816100 0.863900
vt 0.835600 0.865800
vt 0.838800 0.858100
vt 0.805300 0.898200
vt 0.830300 0.905500
vt 0.803300 0.902200
vt 0.837200 0.851100
vt 0.851100 0.850100
vt 0.851000 0.843500
vt 0.849400 0.836400
vt 0.868200 0.835300
vt 0.863900 0.831000
vt 0.852700 0.824300
vt 0.872900 0.822500
vt 0.859400 0.817100
vt 0.846700 0.808100
vt 0.865400 0.793300
vt 0.859100 0.783400
vt 0.888600 0.765700
vt 0.900300 0.772600
vt 0.916400 0.744700
vt 0.905800 0.744100
vt 0.909000 0.715300
vt 0.923400 0.709000
vt 0.900100 0.743300
vt 0.881700 0.761800
vt 0.903400 0.684600
vt 0.915600 0.674500
vt 0.905300 0.716100
vt 0.892700 0.657800
vt 0.904600 0.646000
vt 0.897700 0.686800
vt 0.884300 0.716500
vt 0.881200 0.738000
vt 0.878700 0.692100
vt 0.856800 0.718700
vt 0.871500 0.752800
vt 0.854400 0.775700
vt 0.851600 0.736400
vt 0.849400 0.758200
vt 0.829900 0.729300
vt 0.825600 0.754300
vt 0.828300 0.788100
vt 0.819000 0.776000
vt 0.810700 0.781700
vt 0.783800 0.758700
vt 0.794300 0.750600
vt 0.807500 0.742600
vt 0.806800 0.719800
vt 0.843200 0.702300
vt 0.815900 0.688900
vt 0.846700 0.677100
vt 0.834900 0.660200
vt 0.824400 0.635400
vt 0.866300 0.668400
vt 0.856000 0.649100
vt 0.852800 0.629300
vt 0.855200 0.619300
vt 0.866200 0.631000
vt 0.873500 0.642200
vt 0.869000 0.624300
vt 0.884600 0.661400
vt 0.880600 0.638000
vt 0.890700 0.629800
vt 0.921600 0.620600
vt 0.914100 0.610200
vt 0.937200 0.605300
vt 0.839000 0.283600
vt 0.832700 0.255400
vt 0.835200 0.269500
vt 0.563600 0.356600
vt 0.569200 0.378800
vt 0.537800 0.368400
vt 0.522700 0.378100
vt 0.538100 0.382900
vt 0.521800 0.387800
vt 0.524100 0.392700
vt 0.535300 0.396200
vn 0.514911 0.351608 0.781817
vn 0.575406 0.319903 0.752708
vn 0.431006 0.173502 0.885512
vn 0.570799 0.269799 0.775498
vn 0.378900 -0.160000 0.911501
vn 0.781802 0.364901 0.505601
vn 0.460907 -0.033600 0.886812
vn 0.644376 0.281090 0.711174
vn 0.772689 0.493393 0.399394
vn 0.657014 0.410809 0.632114
vn 0.683384 0.169196 0.710183
vn 0.709387 0.171297 0.683687
vn 0.662882 0.536085 0.522686
vn 0.607821 0.241608 0.756426
vn 0.668426 0.415316 0.617024
vn 0.419908 0.069301 0.904917
vn 0.653199 0.188300 0.733399
vn 0.375319 -0.147108 0.915147
vn 0.442415 0.126604 0.887829
vn 0.125099 -0.560295 0.818792
vn 0.347586 -0.042998 0.936662
vn 0.454884 -0.440684 0.773872
vn 0.801909 -0.056101 0.594807
vn 0.684689 -0.451693 0.571991
vn 0.393306 -0.327205 0.859213
vn 0.400514 -0.097103 0.911131
vn 0.085296 -0.767565 0.635271
vn 0.455194 -0.002600 0.890388
vn 0.503996 -0.666695 0.549096
vn 0.889293 -0.260498 0.375897
vn 0.939741 -0.007100 0.341815
vn 0.896552 0.297584 0.328082
vn 0.947112 0.050501 0.316904
vn 0.655487 0.115098 0.746385
vn 0.935925 0.123303 0.329909
vn 0.636195 0.097099 0.765394
vn 0.499769 0.830049 0.247485
vn 0.827365 0.264889 0.495279
vn 0.952153 0.265887 0.150693
vn 0.575728 0.779438 0.247012
vn 0.517501 0.608002 0.602102
vn 0.460979 0.478478 0.747366
vn 0.491817 0.111504 0.863530
vn 0.449899 0.273099 0.850298
vn 0.422578 0.311384 0.851157
vn 0.674777 -0.100297 0.731175
vn 0.637611 0.239104 0.732313
vn 0.322611 0.236808 0.916430
vn 0.150804 -0.697919 0.700119
vn 0.296789 -0.513281 0.805270
vn 0.482076 -0.688066 0.542373
vn 0.377097 -0.386896 0.841492
vn 0.352290 -0.211094 0.911774
vn 0.813089 -0.192497 0.549392
vn 0.566984 0.058098 0.821677
vn 0.232192 0.106996 0.966767
vn 0.166299 0.019000 0.985892
vn 0.856084 -0.461792 0.232096
vn 0.665981 -0.494986 0.558084
vn 0.745255 -0.652660 0.136492
vn 0.095604 -0.054302 0.993937
vn 0.419589 -0.835378 0.355091
vn 0.276711 -0.625825 -0.729229
vn 0.564910 -0.814815 0.130202
vn 0.581679 -0.607178 0.541280
vn 0.211997 -0.568093 0.795190
vn 0.280597 -0.349096 0.894090
vn 0.915615 -0.277005 0.291405
vn 0.911282 -0.378793 0.161497
vn 0.948723 -0.174004 0.263906
vn 0.988512 -0.092801 0.119301
vn 0.921990 -0.286397 0.260597
vn 0.970821 0.099902 0.218005
vn 0.937214 0.017700 0.348305
vn 0.808575 0.011400 0.588282
vn 0.908641 -0.058803 0.413418
vn 0.816206 0.063100 0.574304
vn 0.817116 -0.082002 0.570611
vn 0.825903 -0.003500 0.563802
vn 0.815405 0.320002 0.482403
vn 0.841101 0.488500 0.232200
vn 0.818513 -0.128602 0.559909
vn 0.816886 0.133698 0.561090
vn 0.851596 -0.000600 0.524198
vn 0.761818 -0.268306 0.589614
vn 0.899995 -0.022900 0.435298
vn 0.877926 -0.382412 0.288109
vn 0.880702 -0.159800 0.445901
vn 0.657993 -0.562894 0.500195
vn 0.943271 -0.330290 0.033899
vn 0.829906 -0.403003 0.385803
vn 0.687617 -0.634816 0.352409
vn 0.670408 -0.565307 0.480606
vn 0.948589 -0.281397 0.144898
vn 0.964782 -0.242596 0.101698
vn 0.876851 -0.377279 0.297983
vn 0.959766 -0.123896 0.251991
vn 0.852176 -0.226094 0.471887
vn 0.977653 -0.106095 0.181491
vn 0.495097 0.271298 0.825395
vn 0.510104 -0.564204 0.649205
vn 0.091605 0.009600 0.995749
vn 0.360392 -0.778483 0.513889
vn 0.442715 -0.748826 0.493217
vn 0.882602 -0.370801 0.289001
vn 0.798796 -0.596497 -0.078200
vn 0.758088 -0.605190 0.242996
vn 0.726909 -0.617008 0.301504
vn 0.176105 -0.045301 0.983328
vn 0.462832 -0.690448 0.555939
vn 0.343807 -0.809216 -0.476410
vn 0.346510 -0.854626 -0.386712
vn 0.550822 -0.647426 0.526721
vn 0.746917 -0.121003 0.653815
vn 0.776103 -0.574602 0.259801
vn 0.242493 -0.043599 0.969173
vn 0.872146 -0.387620 0.298516
vn 0.818455 -0.529735 0.222515
vn 0.347797 0.231298 0.908592
vn 0.742407 -0.534805 0.403504
vn 0.390788 -0.658779 -0.642880
vn 0.706067 -0.707367 -0.033198
vn 0.610708 -0.331104 0.719309
vn 0.727354 -0.418431 0.543941
vn 0.661063 -0.114394 0.741559
vn 0.949639 -0.281711 0.137206
vn 0.806201 -0.555101 0.204700
vn 0.827319 -0.561713 -0.004600
vn 0.808036 -0.589126 0.002800
vn 0.920298 -0.385899 -0.064300
vn 0.883084 -0.353894 0.308094
vn 0.973851 -0.205811 -0.096205
vn 0.788205 -0.240901 -0.566303
vn 0.643779 -0.137396 -0.752775
vn 0.775301 -0.623301 -0.102000
vn 0.847038 -0.513223 0.138306
vn 0.967013 -0.247703 0.059401
vn 0.964195 -0.262699 0.036300
vn 0.855555 -0.508773 0.095795
vn 0.917395 -0.386498 0.094899
vn 0.961667 -0.210293 -0.175994
vn 0.945526 -0.314009 0.085902
vn 0.924255 -0.358921 0.130108
vn 0.910805 -0.411802 -0.029200
vn 0.944818 -0.279605 0.170703
vn 0.899332 -0.402014 0.172006
vn 0.819465 -0.568175 0.075197
vn 0.221394 -0.609083 0.761579
vn 0.735297 -0.296399 -0.609497
vn 0.646802 -0.759503 -0.069300
vn 0.265412 -0.662429 0.700531
vn 0.652514 -0.746716 -0.129003
vn 0.674690 -0.414694 -0.610591
vn 0.040802 -0.905947 0.421422
vn 0.295282 -0.762054 0.576265
vn 0.239091 -0.749372 0.617477
vn 0.268291 -0.420186 0.866870
vn 0.736238 -0.025701 0.676235
vn 0.921065 -0.236991 -0.308988
vn 0.100298 -0.990879 0.089998
vn -0.586502 -0.808403 0.050000
vn 0.949532 -0.151405 -0.274709
vn 0.086701 -0.928913 -0.360005
vn -0.493802 -0.809303 -0.318101
vn 0.981277 -0.180796 -0.066398
vn 0.776644 0.309917 -0.548431
vn 0.991557 -0.099296 0.083396
vn 0.345310 -0.793123 -0.501714
vn 0.928316 0.358006 -0.100302
vn 0.653880 0.005800 -0.756576
vn 0.442197 -0.861893 0.248198
vn 0.460902 -0.379102 -0.802404
vn 0.906973 -0.262992 -0.328990
vn 0.909730 -0.326411 -0.256608
vn 0.585678 -0.757771 -0.287689
vn 0.963719 -0.240005 -0.116802
vn 0.452107 -0.529208 -0.718010
vn 0.853495 -0.521097 -0.002000
vn 0.970908 -0.180101 0.157801
vn 0.708669 -0.700070 0.087696
vn 0.656118 -0.726420 0.204506
vn 0.833274 -0.546083 0.086297
vn 0.781820 -0.590215 0.201005
vn 0.673430 -0.738232 -0.038802
vn 0.743688 -0.527191 0.411093
vn 0.703106 -0.593605 0.391503
vn 0.502192 -0.830786 0.239996
vn 0.648562 -0.697259 0.305282
vn 0.509678 -0.843364 0.170193
vn 0.617695 -0.778994 -0.107799
vn 0.687011 -0.672311 -0.275705
vn 0.730702 -0.679401 -0.067000
vn 0.561699 -0.822399 0.090300
vn 0.666979 -0.455686 -0.589482
vn 0.859445 -0.511227 0.001000
vn 0.551387 -0.815581 0.175496
vn 0.838403 -0.071800 0.540302
vn 0.862009 -0.480105 -0.162602
vn 0.878389 -0.389495 0.276996
vn 0.914530 -0.392013 -0.099803
vn 0.768158 -0.022499 0.639865
vn 0.942152 -0.091395 -0.322484
vn 0.691615 0.471410 0.547212
vn 0.882158 0.385882 0.269987
vn 0.965857 0.136194 0.220390
vn 0.891384 0.096798 0.442792
vn 0.689319 -0.532215 -0.491514
vn 0.832801 -0.471901 -0.289400
vn 0.788566 -0.308487 -0.531977
vn 0.866284 -0.456892 0.201996
vn 0.816719 -0.207305 0.538512
vn 0.885220 -0.179104 0.429310
vn 0.909098 -0.102800 0.403699
vn 0.796209 -0.171502 0.580206
vn 0.732260 0.093595 0.674563
vn 0.917463 -0.283989 0.278589
vn 0.753784 -0.480090 0.448691
vn 0.805181 -0.557387 0.202495
vn 0.806230 -0.584022 -0.094404
vn 0.764900 -0.552300 -0.331500
vn 0.812245 -0.492027 0.313317
vn 0.706298 -0.630598 0.321699
vn 0.888593 -0.403097 0.218898
vn 0.763538 -0.643832 0.049902
vn 0.790349 -0.589262 -0.167689
vn 0.741119 -0.665817 -0.086202
vn 0.857222 -0.514213 -0.027501
vn 0.706222 -0.704522 0.070002
vn 0.677093 -0.731393 -0.081299
vn 0.931375 -0.355890 0.076698
vn 0.699412 -0.697012 -0.158103
vn 0.805990 -0.582793 -0.103599
vn 0.815244 -0.563731 -0.132607
vn 0.896675 -0.398889 -0.191995
vn 0.892840 -0.207709 0.399618
vn 0.907388 -0.398995 0.132098
vn 0.950062 -0.297188 -0.095196
vn 0.769266 -0.582474 -0.262589
vn 0.885437 -0.458619 -0.075303
vn 0.970187 -0.231197 -0.072699
vn 0.724516 -0.659115 -0.201604
vn 0.636340 -0.695343 -0.334021
vn 0.353406 -0.449107 -0.820614
vn 0.702861 -0.695762 -0.147992
vn 0.807326 -0.497916 0.316710
vn 0.620569 -0.520974 0.586071
vn 0.646686 -0.656586 0.388192
vn 0.870220 -0.480611 -0.108303
vn 0.870241 -0.481823 -0.102605
vn 0.606410 -0.730612 0.313805
vn 0.851403 -0.461802 -0.248701
vn 0.885079 -0.292693 -0.361892
vn 0.918278 -0.301793 -0.256294
vn 0.954167 -0.110596 -0.278090
vn 0.752225 -0.562218 -0.343611
vn 0.908616 -0.317506 -0.271305
vn 0.926306 -0.238102 -0.292002
vn 0.910285 -0.250496 -0.329595
vn 0.801499 -0.272500 -0.532299
vn 0.947212 -0.148002 -0.284404
vn 0.809793 -0.257898 -0.526995
vn 0.952918 0.283305 -0.108102
vn 0.746623 -0.260508 -0.612119
vn 0.667398 -0.510598 -0.542098
vn 0.441093 -0.666789 -0.600690
vn 0.486005 -0.741108 -0.463205
vn 0.809867 -0.522078 0.267489
vn 0.872057 -0.479877 0.096095
vn 0.863237 -0.456720 0.215009
vn 0.845296 -0.534297 0.001400
vn 0.583901 -0.808001 -0.078700
vn 0.502094 -0.864790 0.006300
vn 0.536612 -0.820318 0.197804
vn 0.646203 -0.762603 -0.029300
vn 0.845681 -0.454590 0.279594
vn 0.888019 -0.391708 0.240805
vn 0.708191 -0.690292 -0.148198
vn 0.641618 -0.720120 -0.264107
vn 0.872207 -0.472604 -0.126101
vn 0.512888 -0.852981 0.096798
vn 0.823316 -0.557310 -0.107502
vn 0.851203 -0.226801 -0.473302
vn 0.611405 -0.628805 -0.480404
vn 0.443224 -0.706738 -0.551430
vn 0.483173 -0.732759 -0.479174
vn 0.749582 -0.661884 0.006000
vn 0.817765 -0.566676 0.100696
vn 0.435216 -0.882432 -0.178607
vn 0.702936 -0.634232 0.321917
vn 0.837014 -0.546309 0.030901
vn 0.684324 -0.715825 0.138905
vn 0.869132 -0.493318 -0.035301
vn 0.777877 -0.404188 -0.481186
vn 0.708284 -0.697384 -0.109497
vn 0.222191 -0.941663 0.252790
vn 0.778912 -0.599409 -0.184403
vn 0.902926 -0.369811 -0.219006
vn 0.692193 -0.535095 -0.484295
vn 0.167907 -0.921536 0.350114
vn 0.407079 -0.808558 -0.424878
vn 0.400603 -0.613205 -0.680806
vn 0.624590 -0.336394 -0.704788
vn 0.423002 -0.510403 -0.748704
vn 0.403794 -0.742690 -0.534193
vn 0.820223 -0.523415 -0.230806
vn 0.184997 -0.982582 -0.017600
vn 0.863959 -0.464278 -0.194991
vn 0.882200 -0.298100 -0.364500
vn 0.936405 -0.168901 -0.307602
vn 0.834827 -0.225707 -0.502116
vn 0.232900 -0.971099 -0.052200
vn 0.767102 0.164401 -0.620102
vn 0.638509 -0.767311 -0.059501
vn 0.808217 -0.043001 -0.587313
vn 0.557069 -0.225887 -0.799155
vn 0.308006 0.836717 -0.452809
vn 0.492775 0.305784 -0.814659
vn 0.901150 0.130107 -0.413523
vn 0.406314 0.312511 -0.858630
vn 0.460893 -0.114898 -0.879986
vn 0.461596 -0.821893 -0.333797
vn 0.076901 -0.891017 -0.447409
vn 0.851080 -0.505888 0.140497
vn 0.322200 -0.775600 -0.542800
vn 0.817312 -0.561408 -0.129702
vn 0.442402 -0.124701 -0.888105
vn 0.084003 -0.926732 -0.366213
vn 0.418611 -0.191605 -0.887723
vn 0.498089 -0.355992 -0.790682
vn 0.851806 0.134101 -0.506403
vn 0.825919 0.079102 -0.558213
vn 0.847099 -0.018900 -0.531099
vn 0.948699 -0.311500 -0.054200
vn 0.815614 -0.498509 -0.293705
vn 0.864492 -0.501995 0.025600
vn 0.471812 -0.751819 -0.460611
vn 0.889295 -0.457297 0.005800
vn 0.668425 -0.579122 -0.466718
vn 0.849197 -0.283699 -0.445398
vn 0.148707 -0.979246 -0.137707
vn 0.614335 -0.509929 -0.602134
vn 0.506221 0.038702 -0.861535
vn 0.603499 -0.085200 -0.792799
vn 0.744519 -0.647016 -0.164504
vn 0.810377 0.217894 -0.543885
vn 0.872906 -0.400103 -0.279202
vn 0.634089 -0.717788 -0.287595
vn 0.977382 0.201596 -0.063899
vn 0.850909 -0.328904 -0.409604
vn 0.842976 -0.380989 -0.379789
vn 0.851075 -0.257992 -0.457287
vn 0.764288 -0.217497 -0.607091
vn 0.314609 -0.940026 -0.131804
vn 0.735106 -0.248402 -0.630805
vn 0.667510 -0.076001 -0.740712
vn 0.738699 -0.261600 -0.621199
vn 0.565801 0.232100 -0.791201
vn 0.564885 -0.168996 -0.807679
vn 0.815447 -0.143491 -0.560764
vn 0.569781 -0.491284 -0.658779
vn 0.777523 -0.284109 -0.561017
vn 0.698314 -0.440609 -0.564111
vn 0.443799 -0.450599 -0.774598
vn 0.861215 -0.349806 -0.368706
vn 0.703507 -0.298403 -0.645007
vn 0.706618 -0.061502 -0.704918
vn 0.675298 -0.653198 -0.342499
vn 0.916974 -0.197394 -0.346690
vn 0.803936 0.037602 -0.593526
vn 0.937455 -0.125794 -0.324584
vn 0.904922 -0.251506 -0.343308
vn 0.867723 -0.292308 -0.402011
vn 0.788081 -0.112597 -0.605186
vn 0.502500 -0.558001 -0.660401
vn 0.841314 -0.497408 -0.211604
vn 0.887472 -0.216793 -0.406687
vn 0.088402 -0.863518 -0.496510
vn 0.344707 -0.698414 -0.627212
vn -0.013200 -0.613382 -0.789676
vn 0.628664 -0.658963 -0.412977
vn 0.382196 -0.712792 -0.588093
vn 0.722499 -0.613899 -0.317999
vn 0.703113 -0.642911 -0.303805
vn 0.751134 -0.528024 -0.396218
vn 0.631586 0.201796 -0.748584
vn 0.802099 0.383599 -0.457699
vn 0.012800 0.003100 -0.999913
vn 0.445510 0.163504 -0.880220
vn 0.760725 0.338011 -0.554118
vn 0.776184 0.305794 -0.551388
vn 0.835085 0.307295 -0.456292
vn 0.761401 0.247200 -0.599301
vn 0.720328 0.472919 -0.507420
vn 0.677185 0.264094 -0.686785
vn 0.679690 -0.470293 -0.562891
vn 0.703888 -0.343394 -0.621789
vn 0.618718 0.011900 -0.785523
vn 0.510570 0.507270 -0.694259
vn 0.549006 -0.282003 -0.786808
vn 0.823865 -0.181392 -0.536977
vn 0.633703 -0.768703 0.086700
vn 0.850550 -0.337780 -0.403076
vn 0.456778 0.488177 -0.743665
vn 0.638022 -0.191107 -0.745926
vn 0.291899 -0.877896 -0.379598
vn 0.552877 -0.056198 -0.831366
vn 0.422491 0.637087 -0.644687
vn 0.541199 0.389400 -0.745299
vn 0.677172 -0.381384 -0.629274
vn 0.738128 0.024201 -0.674226
vn 0.716377 -0.601481 -0.353589
vn 0.610313 -0.210005 -0.763817
vn 0.475394 0.238997 -0.846689
vn 0.470315 0.450714 -0.758723
vn 0.527203 0.128901 -0.839906
vn 0.418874 0.503069 -0.755954
vn 0.559080 0.175294 -0.810371
vn 0.486004 0.158801 -0.859408
vn 0.534793 0.383995 -0.752691
vn 0.215111 0.703235 -0.677634
vn 0.816642 0.245713 -0.522227
vn 0.365799 0.211699 -0.906297
vn 0.879133 0.241909 -0.410615
vn 0.656823 0.390714 -0.644923
vn 0.925345 -0.060803 -0.374218
vn 0.705792 0.081699 -0.703692
vn 0.841263 0.373584 -0.390783
vn 0.905992 0.171499 -0.386997
vn 0.901241 0.175208 -0.396318
vn 0.577714 0.667616 -0.469611
vn 0.861690 0.137698 -0.488394
vn 0.439803 0.497504 -0.747705
vn 0.615568 0.497174 -0.611468
vn -0.012501 0.359815 -0.932940
vn 0.713434 -0.117306 -0.690833
vn 0.184398 0.514396 -0.837493
vn 0.287694 0.319994 -0.902683
vn 0.535700 -0.075800 -0.841000
vn 0.813813 -0.062001 -0.577809
vn 0.800200 -0.183100 -0.571100
vn 0.870522 -0.302208 -0.388410
vn 0.630693 0.474594 -0.613993
vn 0.621705 -0.386403 -0.681305
vn 0.375106 -0.546009 -0.749112
vn 0.626720 -0.646921 -0.434414
vn 0.724584 0.309093 -0.615986
vn 0.756292 0.088699 -0.648193
vn 0.867285 0.093298 -0.488991
vn 0.686710 0.329805 -0.647810
vn 0.375011 0.493215 -0.784924
vn 0.695807 0.445704 -0.563206
vn 0.783063 0.200691 -0.588672
vn 0.832468 0.393585 -0.389985
vn 0.948655 0.004300 -0.316285
vn 0.819010 -0.136502 -0.557307
vn 0.486795 0.660193 -0.571994
vn 0.650291 0.530892 -0.543392
vn 0.751056 0.356579 -0.555667
vn 0.553910 0.585210 -0.592210
vn 0.806266 0.231490 -0.544377
vn 0.681467 0.540174 -0.493776
vn 0.872127 0.248608 -0.421413
vn 0.961150 0.085004 -0.262614
vn 0.918855 0.360882 -0.159592
vn 0.702642 0.513431 -0.492629
vn 0.890744 0.045502 -0.452222
vn 0.999957 -0.002100 0.009000
vn 0.961209 -0.057301 -0.269803
vn 0.696526 0.201608 -0.688626
vn 0.729128 0.407516 -0.549821
vn 0.764908 0.572306 -0.295603
vn 0.963304 0.135501 -0.231701
vn 0.791549 0.570435 -0.219213
vn 0.635800 0.691900 -0.342100
vn 0.650401 0.616601 -0.443601
vn 0.698016 0.677216 -0.232705
vn 0.745977 0.518384 -0.418087
vn 0.705634 0.609829 -0.360817
vn 0.699383 0.711182 -0.071298
vn 0.957056 0.267688 -0.111295
vn 0.993181 -0.028699 -0.112998
vn 0.998046 0.052102 -0.034502
vn 0.697382 0.695082 0.174696
vn 0.527806 0.847510 0.056101
vn 0.811724 0.516515 -0.272608
vn 0.495898 0.861997 -0.105100
vn 0.683489 0.483592 -0.546791
vn 0.867357 0.487476 -0.100295
vn 0.954297 0.182199 -0.236899
vn 0.801974 0.591481 0.083597
vn 0.796299 0.374799 -0.474799
vn 0.719285 0.677386 -0.154197
vn 0.498294 0.659692 -0.562593
vn 0.207099 0.786895 -0.581297
vn 0.443009 0.832616 -0.332406
vn 0.312999 0.907696 -0.279499
vn 0.252892 0.819674 -0.513984
vn 0.087298 0.852982 -0.514589
vn 0.252300 0.828399 -0.500100
vn 0.012900 0.441889 -0.896977
vn 0.211307 0.858030 -0.468117
vn 0.292501 0.759603 -0.580902
vn -0.001400 -0.014600 -0.999892
vn 0.042398 -0.481781 -0.875265
vn 0.274796 -0.052199 -0.960085
vn 0.126397 -0.857981 -0.497889
vn 0.361197 -0.507496 -0.782294
vn 0.368111 0.507715 -0.778923
vn 0.541192 0.783288 -0.305895
vn 0.760293 0.358197 -0.541895
vn 0.563405 0.663706 -0.492005
vn 0.867505 0.438203 -0.235401
vn 0.811924 -0.031401 -0.582918
vn 0.733201 -0.398100 -0.551301
vn 0.525488 -0.744783 -0.411291
vn 0.862099 -0.417700 -0.286900
vn 0.962007 -0.011000 -0.272802
vn 0.908144 0.113005 -0.403119
vn 0.914653 -0.088105 -0.394523
vn 0.985956 -0.002000 0.166993
vn 0.593479 -0.630477 -0.500282
vn 0.154309 -0.833948 -0.529830
vn 0.001100 -0.826392 -0.563094
vn 0.014100 -0.813125 -0.581918
vn 0.255704 -0.806414 -0.533209
vn 0.253296 -0.817086 -0.517891
vn 0.574265 -0.583964 -0.573765
vn 0.398314 -0.898233 -0.185807
vn 0.787298 -0.108800 -0.606898
vn 0.643404 -0.739504 -0.197901
vn 0.893753 -0.295485 -0.337482
vn 0.644900 0.582900 -0.494300
vn 0.943980 0.002700 -0.329993
vn 0.709317 -0.672316 0.211805
vn 0.926706 0.014600 -0.375503
vn 0.843313 0.449807 -0.294104
vn 0.957507 0.275102 0.086601
vn 0.929373 -0.347190 0.125396
vn 0.966484 0.174397 -0.188397
vn 0.899126 -0.435513 0.043601
vn 0.497093 -0.842988 0.205597
vn 0.302705 -0.888914 0.343805
vn 0.311412 -0.849932 0.425016
vn 0.542292 -0.776289 0.321395
vn 0.650221 -0.748225 0.131804
vn 0.330889 -0.878270 0.345188
vn 0.605300 -0.696200 0.385900
vn 0.254910 -0.912336 0.320413
vn 0.469092 -0.859785 0.201797
vn 0.570567 -0.801553 -0.178790
vn 0.816477 -0.530885 -0.226994
vn 0.484227 -0.766543 0.421824
vn 0.871036 -0.365115 -0.328614
vn 0.548781 -0.755674 0.357487
vn 0.775363 -0.621270 -0.113295
vn 0.934527 -0.353210 0.043601
vn 0.797500 -0.278100 0.535400
vn 0.722207 -0.278103 0.633306
vn 0.814622 -0.023501 0.579516
vn 0.991421 -0.019800 0.129203
vn 0.894403 -0.007400 -0.447201
vn 0.702112 -0.328605 0.631710
vn 0.959348 -0.193010 -0.205910
vn 0.866331 0.372613 -0.332612
vn 0.940671 0.338989 0.015000
vn 0.825993 0.517996 -0.222298
vn 0.746585 -0.011700 0.665187
vn 0.804084 0.242995 0.542589
vn 0.918995 0.391398 0.047500
vn 0.788114 0.589410 -0.177403
vn 0.617078 0.770173 -0.161394
vn 0.541228 0.760239 0.359318
vn 0.715105 0.259902 0.648904
vn 0.698763 0.325583 0.636966
vn 0.465184 0.772373 0.432485
vn 0.441988 0.870876 0.214994
vn 0.640492 0.763390 0.083699
vn 0.316490 0.882973 0.346689
vn 0.700482 0.694382 0.164796
vn 0.510021 0.799534 0.317213
vn 0.405196 0.811892 0.420296
vn 0.307088 0.851968 0.424084
vn 0.254514 0.912550 0.320118
vn 0.522097 0.803895 0.284898
vn 0.489876 0.847058 0.206190
vn 0.302593 0.888880 0.343992
vn 0.414901 0.892603 -0.176401
vn 0.137902 0.987314 -0.078701
vn 0.518506 0.850110 0.092001
vn 0.606311 0.695813 0.385007
vn 0.534091 0.837487 0.115598
vn 0.302198 0.936193 -0.179499
vn 0.597697 0.791696 -0.126399
vn 0.591214 0.738218 -0.324808
vn 0.961606 0.235201 -0.141401
vn 0.732683 0.663585 -0.151097
vn 0.605317 0.694619 -0.388711
vn 0.890001 0.386500 0.241900
vn 0.721808 0.686308 -0.089301
vn 0.848472 -0.132896 -0.512283
vn 0.850133 -0.068303 -0.522120
vn 0.804979 -0.542686 -0.239794
vn 0.966369 0.231492 -0.111996
vn 0.817381 0.489488 0.303793
vn 0.903118 0.425208 -0.059801
vn 0.755207 0.644906 0.117301
vn 0.896727 0.404812 -0.178905
vn 0.754586 0.648288 0.101598
vn 0.695979 0.666380 0.267492
vn 0.911994 0.406197 0.057200
vn 0.787485 0.485491 -0.379693
vn 0.649020 0.759924 -0.035901
vn 0.831708 0.531205 -0.161502
vn 0.791885 0.427992 -0.435592
vn 0.542987 -0.181096 -0.819981
vn 0.711789 0.637490 -0.294895
vn 0.516402 0.827604 0.220001
vn 0.817288 0.354995 -0.453893
vn 0.686415 -0.289006 -0.667315
vn 0.675914 0.728015 0.114602
vn 0.798910 0.366605 -0.476806
vn 0.843210 0.375704 -0.384504
vn 0.775739 0.488725 -0.399220
vn 0.836280 0.544887 -0.061099
vn 0.768383 0.631986 0.100898
vn 0.794119 0.503012 -0.341108
vn 0.936556 0.348183 -0.040398
vn 0.980740 0.172507 -0.091604
vn 0.953581 0.264095 0.144697
vn 0.805314 0.507408 -0.306605
vn 0.500689 0.281194 -0.818682
vn 0.824321 0.534414 -0.186805
vn 0.820981 0.566487 -0.071298
vn 0.828529 0.559220 0.028501
vn 0.876810 0.434805 -0.205302
vn 0.809370 0.558779 -0.180793
vn 0.900437 0.434918 -0.007700
vn 0.849279 0.455689 0.266594
vn 0.974370 0.224793 -0.008400
vn 0.811461 0.322484 0.487376
vn 0.859120 0.511512 -0.016400
vn 0.779174 0.595080 0.196893
vn 0.887506 0.455403 -0.070300
vn 0.895936 0.443618 0.022401
vn 0.842598 0.478199 -0.247699
vn 0.817521 0.276807 -0.505013
vn 0.890812 0.444006 -0.096501
vn 0.820582 0.567288 -0.069498
vn 0.906481 0.422191 -0.006900
vn 0.827491 0.555794 0.079699
vn 0.715887 0.697888 0.021400
vn 0.716913 0.689512 0.103002
vn 0.754286 0.643888 0.128298
vn 0.742927 0.663824 0.086003
vn 0.691218 0.694618 0.199305
vn 0.745427 0.623523 -0.235709
vn 0.931328 0.363811 0.016401
vn 0.962786 0.253796 -0.092899
vn 0.731107 0.680607 0.047500
vn 0.583093 0.806690 0.096199
vn 0.583723 0.795931 0.160506
vn 0.688932 0.724033 0.033902
vn 0.805648 0.581363 0.113793
vn 0.848612 0.444006 0.287604
vn 0.878097 0.433099 0.203399
vn 0.625423 0.766428 0.146405
vn 0.874900 0.382000 0.297700
vn 0.900333 0.381014 0.210308
vn 0.852649 0.425925 0.302618
vn 0.891431 0.445415 0.083403
vn 0.755407 0.617005 0.220602
vn 0.960606 0.173001 0.217501
vn 0.813328 0.461016 0.354912
vn 0.923970 0.271791 0.269091
vn 0.913603 0.321601 -0.248801
vn 0.580625 0.744332 0.329914
vn 0.499615 0.857825 0.120504
vn 0.337898 0.917593 0.209398
vn 0.495087 0.817879 -0.293193
vn 0.697570 0.607774 -0.379484
vn 0.943520 0.329607 0.033601
vn 0.890434 0.197107 -0.410215
vn 0.467383 0.341888 -0.815270
vn 0.742581 0.483288 -0.463688
vn 0.694108 0.599107 -0.399105
vn 0.525906 0.385805 -0.758009
vn 0.666718 0.456412 -0.589216
vn 0.828687 0.403794 0.387594
vn 0.686607 0.672807 -0.275503
vn 0.690036 0.633733 0.349618
vn 0.879095 0.159699 0.449097
vn 0.690720 0.559416 0.458213
vn 0.731376 0.564482 0.382688
vn 0.652297 0.698496 0.294299
vn 0.600885 0.792580 -0.103697
vn 0.566907 0.171602 -0.805710
vn 0.840612 0.530308 -0.110202
vn 0.893068 0.370687 -0.254991
vn 0.705142 0.579835 0.408125
vn 0.943494 0.243299 0.224999
vn 0.841085 0.518991 -0.152397
vn 0.529217 0.830327 0.174606
vn 0.471303 0.856606 0.210001
vn 0.699007 0.672706 0.242602
vn 0.686093 0.698793 0.202398
vn 0.712705 0.587804 0.382803
vn 0.806010 0.553207 0.210502
vn 0.653095 0.675195 0.342897
vn 0.894571 0.362588 0.261291
vn 0.846231 0.529220 -0.061802
vn 0.530276 0.823363 -0.202191
vn 0.923527 0.287009 0.254408
vn 0.781733 0.622827 0.031301
vn 0.808464 0.564975 -0.164893
vn 0.884660 0.453580 0.107895
vn 0.885821 0.215005 0.411210
vn 0.880686 0.469692 -0.061499
vn 0.912092 0.090399 0.399896
vn 0.822193 0.508896 0.254998
vn 0.899809 0.022500 0.435704
vn 0.772167 0.277388 0.571676
vn 0.765608 -0.001500 0.643306
vn 0.749688 -0.001900 0.661789
vn 0.772595 -0.277598 0.570996
vn 0.523876 -0.802563 0.285387
vn 0.411988 -0.810177 0.416988
vn 0.339502 -0.917205 0.208501
vn 0.495500 -0.818199 -0.291600
vn 0.890571 -0.197794 -0.409587
vn 0.502995 -0.856591 0.115099
vn 0.535789 -0.836783 0.112798
vn 0.695777 -0.597380 -0.398787
vn 0.525426 -0.385419 -0.758538
vn 0.465617 -0.340812 -0.816730
vn 0.695434 -0.610630 -0.378818
vn 0.742498 -0.480898 -0.466298
vn 0.912036 -0.324013 -0.251410
vn 0.577185 -0.744380 0.335791
vn 0.813126 -0.460215 0.356411
vn 0.922199 -0.273100 0.273800
vn 0.959328 -0.175505 0.221106
vn 0.755789 -0.615891 0.222397
vn 0.892024 -0.444412 0.082402
vn 0.900435 -0.381815 0.208408
vn 0.852906 -0.426203 0.301502
vn 0.943416 -0.243504 0.225104
vn 0.705899 -0.577799 0.409700
vn 0.842207 -0.527604 -0.111001
vn 0.893530 -0.370112 -0.254208
vn 0.566512 -0.169103 -0.806516
vn 0.674084 0.306893 0.671884
vn 0.815202 0.437001 0.380101
vn 0.726239 0.449724 0.519928
vn 0.587382 0.176294 0.789875
vn 0.890524 0.450412 0.064002
vn 0.715618 0.632716 0.295907
vn 0.778418 0.477411 0.407609
vn 0.684289 0.547291 0.481892
vn 0.574788 0.715885 0.396392
vn 0.592010 0.665611 0.454408
vn 0.789698 0.602999 -0.113000
vn 0.757044 0.647437 -0.087805
vn 0.465483 0.409985 -0.784371
vn 0.683088 0.695588 0.222596
vn 0.789525 0.360311 0.496816
vn 0.691796 0.470697 0.547597
vn 0.383102 0.267901 0.884004
vn 0.885277 0.364691 0.288592
vn 0.861526 0.461514 0.211606
vn 0.874779 0.466589 0.130597
vn 0.694626 0.545021 0.469518
vn 0.901213 0.396206 0.175603
vn 0.906087 0.305796 0.292396
vn 0.838536 0.542223 -0.053402
vn 0.781794 0.586896 0.210598
vn 0.867144 0.259813 -0.424922
vn 0.817698 0.491599 0.299499
vn 0.896505 0.204901 0.392802
vn 0.809027 0.555318 0.192606
vn 0.745376 0.666179 -0.024899
vn 0.507406 0.441505 0.740009
vn 0.853497 0.497199 0.156000
vn 0.782079 0.556285 0.280892
vn 0.753990 0.581892 -0.304796
vn 0.846738 0.438320 0.301514
vn 0.885372 0.189994 -0.424286
vn 0.979059 0.139894 -0.147894
vn 0.974784 0.135898 -0.176997
vn 0.536183 0.496584 0.682578
vn 0.775567 0.533478 0.337486
vn 0.585688 0.583588 0.562489
vn 0.725296 0.400298 0.560097
vn 0.986176 0.156796 -0.053599
vn 0.595506 0.337304 0.729108
vn 0.765772 0.592578 0.249891
vn 0.756667 0.650572 0.064897
vn 0.630808 0.573007 0.523206
vn 0.885975 0.318991 0.336590
vn 0.781393 0.618495 -0.082999
vn 0.812726 0.530917 -0.240008
vn 0.888745 0.443873 -0.114493
vn 0.838730 0.399714 -0.369813
vn 0.558403 -0.094200 -0.824204
vn 0.778381 0.605585 -0.165496
vn 0.007600 0.298192 0.954476
vn 0.457580 0.291687 0.839964
vn 0.306584 0.632768 0.711064
vn -0.274612 0.565024 0.778033
vn -0.689388 0.651789 0.316094
vn 0.061000 0.894098 0.443699
vn 0.030700 0.988285 -0.149498
vn -0.681600 0.693300 -0.234000
vn 0.985309 0.168502 -0.027800
vn 0.948039 0.119692 -0.294781
vn 0.129104 0.910727 -0.392312
vn -0.409293 0.823286 -0.393293
vn 0.969213 0.196703 0.148102
vn 0.210893 0.866372 -0.452685
vn 0.122504 0.989831 -0.072302
vn 0.947438 0.260311 0.186008
vn 0.938563 -0.268418 0.216915
vn 0.930088 -0.313596 -0.191297
vn 0.882119 -0.180404 0.435109
vn 0.961501 0.016600 0.274300
vn 0.686209 -0.350105 -0.637608
vn 0.858283 0.276695 -0.432192
vn 0.983656 0.109295 -0.143094
vn 0.599579 0.126396 -0.790272
vn 0.908618 0.403608 -0.107302
vn 0.524285 0.446687 -0.724980
vn 0.449397 0.072399 0.890394
vn 0.836274 0.490785 -0.244492
vn 0.606785 0.079498 0.790881
vn 0.919733 0.388514 -0.056102
vn 0.365212 0.692522 -0.622120
vn 0.415896 0.676294 -0.607994
vn 0.604610 0.770113 -0.203403
vn 0.965308 0.098801 0.241702
vn 0.732724 0.569518 0.372512
vn 0.870905 -0.006900 0.491403
vn 0.731511 0.236203 0.639609
vn 0.911174 0.292292 0.290392
vn 0.802907 -0.119001 0.584105
vn 0.732570 0.017299 0.680472
vn 0.987101 -0.054600 0.150500
vn 0.656181 0.013800 -0.754478
vn 0.785539 0.605930 -0.125606
vn 0.845978 0.488787 0.213094
vn 0.381214 0.624223 -0.681925
vn 0.909869 0.333589 0.246692
vn 0.207311 0.851447 -0.481726
vn 0.287294 0.957779 -0.011000
vn 0.392697 0.459596 0.796593
vn 0.795412 0.596709 0.106102
vn 0.643023 0.753127 0.139005
vn 0.683489 0.483592 -0.546791
vn 0.527806 0.847510 0.056101
vn 0.999999 -0.001400 -0.000000
vn 0.544598 0.557597 -0.626497
vn 0.649711 0.729113 -0.215104
vn 0.792626 0.124704 -0.596819
vn 0.650799 -0.581399 -0.488299
vn 0.885189 0.296396 -0.358595
vn 0.844803 -0.450702 -0.288401
vn 0.949173 -0.301192 0.091397
vn 0.937741 0.333015 0.098704
f 1/1/1 2/2/2 3/3/3
f 1/1/1 3/3/3 4/4/4
f 5/5/5 3/3/3 2/2/2
f 3/3/3 6/6/6 4/4/4
f 5/5/5 7/7/7 3/3/3
f 3/3/3 7/7/7 6/6/6
f 8/8/8 5/5/5 2/2/2
f 2/2/2 9/9/9 8/8/8
f 9/9/9 10/10/10 8/8/8
f 8/8/8 11/11/11 5/5/5
f 12/12/12 7/7/7 5/5/5
f 5/5/5 11/11/11 12/12/12
f 12/12/12 6/6/6 7/7/7
f 8/8/8 13/13/13 11/11/11
f 8/8/8 10/10/10 13/13/13
f 12/12/12 11/11/11 13/13/13
f 14/14/14 13/13/13 10/10/10
f 10/10/10 15/15/15 14/14/14
f 14/14/14 15/15/15 16/16/16
f 14/14/14 17/17/17 13/13/13
f 16/16/16 17/17/17 14/14/14
f 12/12/12 13/13/13 17/17/17
f 17/17/17 16/16/16 18/18/18
f 18/18/18 16/16/16 19/19/19
f 20/20/20 18/18/18 19/19/19
f 18/18/18 20/20/20 21/21/21
f 17/17/17 18/18/18 22/22/22
f 18/18/18 21/21/21 22/22/22
f 12/12/12 17/17/17 23/23/23
f 23/23/23 17/17/17 22/22/22
f 21/21/21 24/24/24 22/22/22
f 23/23/23 22/22/22 24/24/24
f 24/24/24 21/21/21 25/25/25
f 21/21/21 26/26/26 25/25/25
f 26/26/26 27/27/27 25/25/25
f 25/25/25 27/27/27 28/28/28
f 24/24/24 25/25/25 29/29/29
f 25/25/25 28/28/28 29/29/29
f 30/30/30 23/23/23 24/24/24
f 30/30/30 24/24/24 29/29/29
f 23/23/23 31/31/31 12/12/12
f 23/23/23 30/30/30 31/31/31
f 12/12/12 31/31/31 32/32/32
f 12/12/12 32/32/32 6/6/6
f 33/33/33 31/31/31 30/30/30
f 33/33/33 32/32/32 31/31/31
f 30/30/30 29/29/29 34/34/34
f 34/34/34 29/29/29 28/28/28
f 30/30/30 34/34/34 35/35/35
f 33/33/33 30/30/30 35/35/35
f 34/34/34 28/28/28 36/36/36
f 28/28/28 37/37/37 36/36/36
f 35/35/35 34/34/34 38/38/38
f 34/34/34 36/36/36 38/38/38
f 35/35/35 38/38/38 39/39/39
f 37/37/37 40/40/40 36/36/36
f 37/37/37 41/41/41 40/40/40
f 40/40/40 41/41/41 42/42/42
f 40/40/40 42/42/42 43/43/43
f 40/40/40 43/43/43 36/36/36
f 42/42/42 44/44/44 43/43/43
f 45/45/45 43/43/43 44/44/44
f 45/45/45 36/36/36 43/43/43
f 45/45/45 46/46/46 36/36/36
f 46/46/46 45/45/45 47/47/47
f 45/45/45 48/48/48 47/47/47
f 49/49/49 47/47/47 48/48/48
f 47/47/47 49/49/49 50/50/50
f 47/47/47 50/50/50 46/46/46
f 50/50/50 36/36/36 46/46/46
f 50/50/50 51/51/51 36/36/36
f 51/51/51 50/50/50 52/52/52
f 51/51/51 52/52/52 53/53/53
f 36/36/36 51/51/51 53/53/53
f 53/53/53 54/54/54 36/36/36
f 55/55/55 54/54/54 53/53/53
f 55/55/55 53/53/53 56/56/56
f 55/55/55 56/56/56 57/57/57
f 54/54/54 55/55/55 58/58/58
f 55/55/55 57/57/57 59/59/59
f 59/59/59 58/58/58 55/55/55
f 57/57/57 60/60/60 59/59/59
f 57/57/57 61/61/61 60/60/60
f 61/61/61 62/62/62 60/60/60
f 62/62/62 63/63/63 60/60/60
f 64/64/64 60/60/60 63/63/63
f 64/64/64 59/59/59 60/60/60
f 59/59/59 64/64/64 58/58/58
f 65/65/65 58/58/58 64/64/64
f 64/64/64 66/66/66 65/65/65
f 67/67/67 65/65/65 66/66/66
f 68/68/68 58/58/58 65/65/65
f 68/68/68 65/65/65 67/67/67
f 54/54/54 58/58/58 69/69/69
f 69/69/69 58/58/58 68/68/68
f 54/54/54 69/69/69 70/70/70
f 36/36/36 54/54/54 70/70/70
f 36/36/36 70/70/70 38/38/38
f 70/70/70 39/39/39 38/38/38
f 69/69/69 71/71/71 70/70/70
f 70/70/70 71/71/71 39/39/39
f 69/69/69 72/72/72 71/71/71
f 73/73/73 39/39/39 71/71/71
f 72/72/72 73/73/73 71/71/71
f 39/39/39 73/73/73 74/74/74
f 39/39/39 74/74/74 35/35/35
f 73/73/73 75/75/75 74/74/74
f 35/35/35 74/74/74 76/76/76
f 73/73/73 77/77/77 75/75/75
f 72/72/72 77/77/77 73/73/73
f 74/74/74 75/75/75 78/78/78
f 74/74/74 78/78/78 76/76/76
f 35/35/35 76/76/76 33/33/33
f 79/79/79 78/78/78 75/75/75
f 77/77/77 79/79/79 75/75/75
f 76/76/76 78/78/78 80/80/80
f 81/81/81 33/33/33 76/76/76
f 76/76/76 80/80/80 81/81/81
f 79/79/79 82/82/82 78/78/78
f 82/82/82 80/80/80 78/78/78
f 77/77/77 83/83/83 79/79/79
f 82/82/82 79/79/79 84/84/84
f 83/83/83 84/84/84 79/79/79
f 85/85/85 83/83/83 77/77/77
f 72/72/72 85/85/85 77/77/77
f 83/83/83 86/86/86 84/84/84
f 85/85/85 72/72/72 87/87/87
f 85/85/85 88/88/88 83/83/83
f 86/86/86 83/83/83 88/88/88
f 89/89/89 88/88/88 85/85/85
f 85/85/85 87/87/87 89/89/89
f 86/86/86 88/88/88 90/90/90
f 89/89/89 91/91/91 88/88/88
f 91/91/91 90/90/90 88/88/88
f 89/89/89 92/92/92 91/91/91
f 87/87/87 93/93/93 89/89/89
f 89/89/89 93/93/93 92/92/92
f 94/94/94 87/87/87 72/72/72
f 94/94/94 72/72/72 69/69/69
f 69/69/69 68/68/68 94/94/94
f 95/95/95 87/87/87 94/94/94
f 87/87/87 96/96/96 93/93/93
f 95/95/95 96/96/96 87/87/87
f 94/94/94 68/68/68 97/97/97
f 97/97/97 95/95/95 94/94/94
f 68/68/68 98/98/98 97/97/97
f 96/96/96 95/95/95 99/99/99
f 68/68/68 100/100/100 98/98/98
f 67/67/67 100/100/100 68/68/68
f 67/67/67 101/101/101 100/100/100
f 98/98/98 100/100/100 101/101/101
f 67/67/67 102/102/102 101/101/101
f 101/101/101 102/102/102 103/103/103
f 101/101/101 103/103/103 104/104/104
f 98/98/98 101/101/101 104/104/104
f 97/97/97 105/105/105 95/95/95
f 106/106/106 97/97/97 98/98/98
f 97/97/97 106/106/106 105/105/105
f 98/98/98 104/104/104 107/107/107
f 98/98/98 107/107/107 106/106/106
f 108/108/108 107/107/107 104/104/104
f 108/108/108 104/104/104 109/109/109
f 110/110/110 108/108/108 109/109/109
f 111/111/111 108/108/108 110/110/110
f 108/108/108 111/111/111 112/112/112
f 108/108/108 112/112/112 107/107/107
f 113/113/113 107/107/107 112/112/112
f 113/113/113 106/106/106 107/107/107
f 113/113/113 105/105/105 106/106/106
f 105/105/105 113/113/113 114/114/114
f 113/113/113 115/115/115 114/114/114
f 113/113/113 116/116/116 115/115/115
f 105/105/105 114/114/114 117/117/117
f 117/117/117 114/114/114 115/115/115
f 116/116/116 118/118/118 115/115/115
f 116/116/116 119/119/119 118/118/118
f 119/119/119 120/120/120 118/118/118
f 120/120/120 121/121/121 118/118/118
f 122/122/122 118/118/118 121/121/121
f 122/122/122 115/115/115 118/118/118
f 117/117/117 115/115/115 122/122/122
f 117/117/117 122/122/122 123/123/123
f 122/122/122 124/124/124 123/123/123
f 122/122/122 125/125/125 124/124/124
f 124/124/124 125/125/125 126/126/126
f 124/124/124 126/126/126 127/127/127
f 124/124/124 128/128/128 123/123/123
f 117/117/117 123/123/123 128/128/128
f 124/124/124 127/127/127 128/128/128
f 127/127/127 129/129/129 128/128/128
f 127/127/127 130/130/130 129/129/129
f 127/127/127 131/131/131 130/130/130
f 131/131/131 132/132/132 130/130/130
f 130/130/130 132/132/132 133/133/133
f 130/130/130 133/133/133 129/129/129
f 128/128/128 129/129/129 133/133/133
f 134/134/134 128/128/128 133/133/133
f 128/128/128 134/134/134 135/135/135
f 117/117/117 128/128/128 136/136/136
f 136/136/136 128/128/128 135/135/135
f 137/137/137 117/117/117 136/136/136
f 105/105/105 117/117/117 137/137/137
f 137/137/137 95/95/95 105/105/105
f 137/137/137 99/99/99 95/95/95
f 137/137/137 136/136/136 138/138/138
f 137/137/137 138/138/138 99/99/99
f 138/138/138 136/136/136 139/139/139
f 135/135/135 139/139/139 136/136/136
f 140/140/140 99/99/99 138/138/138
f 138/138/138 139/139/139 140/140/140
f 140/140/140 141/141/141 99/99/99
f 142/142/142 140/140/140 139/139/139
f 141/141/141 140/140/140 142/142/142
f 143/143/143 99/99/99 141/141/141
f 96/96/96 99/99/99 143/143/143
f 141/141/141 142/142/142 144/144/144
f 144/144/144 143/143/143 141/141/141
f 142/142/142 139/139/139 145/145/145
f 146/146/146 139/139/139 135/135/135
f 146/146/146 145/145/145 139/139/139
f 135/135/135 147/147/147 146/146/146
f 135/135/135 148/148/148 147/147/147
f 146/146/146 147/147/147 149/149/149
f 146/146/146 149/149/149 145/145/145
f 150/150/150 147/147/147 148/148/148
f 149/149/149 147/147/147 150/150/150
f 150/150/150 148/148/148 151/151/151
f 150/150/150 151/151/151 152/152/152
f 152/152/152 153/153/153 150/150/150
f 149/149/149 150/150/150 153/153/153
f 154/154/154 153/153/153 152/152/152
f 155/155/155 149/149/149 153/153/153
f 154/154/154 155/155/155 153/153/153
f 145/145/145 149/149/149 155/155/155
f 155/155/155 154/154/154 156/156/156
f 145/145/145 155/155/155 157/157/157
f 155/155/155 156/156/156 157/157/157
f 145/145/145 157/157/157 158/158/158
f 142/142/142 145/145/145 158/158/158
f 159/159/159 157/157/157 156/156/156
f 158/158/158 157/157/157 159/159/159
f 154/154/154 160/160/160 156/156/156
f 154/154/154 161/161/161 160/160/160
f 162/162/162 156/156/156 160/160/160
f 159/159/159 156/156/156 162/162/162
f 161/161/161 163/163/163 160/160/160
f 161/161/161 164/164/164 163/163/163
f 162/162/162 160/160/160 165/165/165
f 163/163/163 165/165/165 160/160/160
f 165/165/165 166/166/166 162/162/162
f 159/159/159 162/162/162 166/166/166
f 163/163/163 167/167/167 165/165/165
f 164/164/164 168/168/168 163/163/163
f 168/168/168 167/167/167 163/163/163
f 165/165/165 169/169/169 166/166/166
f 167/167/167 169/169/169 165/165/165
f 159/159/159 166/166/166 170/170/170
f 170/170/170 166/166/166 169/169/169
f 164/164/164 171/171/171 168/168/168
f 159/159/159 170/170/170 172/172/172
f 170/170/170 169/169/169 173/173/173
f 173/173/173 172/172/172 170/170/170
f 159/159/159 172/172/172 174/174/174
f 158/158/158 159/159/159 174/174/174
f 175/175/175 172/172/172 173/173/173
f 176/176/176 158/158/158 174/174/174
f 176/176/176 142/142/142 158/158/158
f 144/144/144 142/142/142 176/176/176
f 177/177/177 174/174/174 172/172/172
f 177/177/177 176/176/176 174/174/174
f 175/175/175 177/177/177 172/172/172
f 144/144/144 176/176/176 178/178/178
f 178/178/178 176/176/176 177/177/177
f 175/175/175 178/178/178 177/177/177
f 143/143/143 144/144/144 178/178/178
f 175/175/175 173/173/173 179/179/179
f 169/169/169 179/179/179 173/173/173
f 175/175/175 180/180/180 178/178/178
f 180/180/180 175/175/175 181/181/181
f 175/175/175 179/179/179 181/181/181
f 178/178/178 180/180/180 182/182/182
f 143/143/143 178/178/178 183/183/183
f 178/178/178 182/182/182 183/183/183
f 180/180/180 181/181/181 184/184/184
f 182/182/182 180/180/180 184/184/184
f 185/185/185 184/184/184 181/181/181
f 179/179/179 185/185/185 181/181/181
f 186/186/186 143/143/143 183/183/183
f 186/186/186 96/96/96 143/143/143
f 96/96/96 186/186/186 93/93/93
f 186/186/186 183/183/183 187/187/187
f 93/93/93 186/186/186 188/188/188
f 186/186/186 187/187/187 188/188/188
f 93/93/93 188/188/188 92/92/92
f 189/189/189 187/187/187 183/183/183
f 189/189/189 183/183/183 182/182/182
f 188/188/188 187/187/187 190/190/190
f 189/189/189 190/190/190 187/187/187
f 191/191/191 92/92/92 188/188/188
f 188/188/188 190/190/190 191/191/191
f 189/189/189 182/182/182 192/192/192
f 182/182/182 184/184/184 192/192/192
f 189/189/189 193/193/193 190/190/190
f 189/189/189 192/192/192 193/193/193
f 191/191/191 190/190/190 194/194/194
f 192/192/192 184/184/184 195/195/195
f 185/185/185 195/195/195 184/184/184
f 195/195/195 196/196/196 192/192/192
f 193/193/193 192/192/192 196/196/196
f 185/185/185 197/197/197 195/195/195
f 198/198/198 190/190/190 193/193/193
f 198/198/198 194/194/194 190/190/190
f 199/199/199 198/198/198 193/193/193
f 200/200/200 195/195/195 197/197/197
f 195/195/195 200/200/200 196/196/196
f 185/185/185 201/201/201 197/197/197
f 179/179/179 201/201/201 185/185/185
f 200/200/200 197/197/197 202/202/202
f 179/179/179 203/203/203 201/201/201
f 179/179/179 204/204/204 203/203/203
f 169/169/169 204/204/204 179/179/179
f 167/167/167 204/204/204 169/169/169
f 204/204/204 167/167/167 205/205/205
f 204/204/204 205/205/205 203/203/203
f 168/168/168 205/205/205 167/167/167
f 203/203/203 206/206/206 201/201/201
f 203/203/203 205/205/205 206/206/206
f 206/206/206 205/205/205 168/168/168
f 201/201/201 206/206/206 197/197/197
f 197/197/197 206/206/206 207/207/207
f 206/206/206 168/168/168 207/207/207
f 197/197/197 207/207/207 202/202/202
f 168/168/168 208/208/208 207/207/207
f 207/207/207 209/209/209 202/202/202
f 200/200/200 202/202/202 209/209/209
f 207/207/207 208/208/208 209/209/209
f 168/168/168 171/171/171 208/208/208
f 200/200/200 209/209/209 210/210/210
f 196/196/196 200/200/200 210/210/210
f 208/208/208 211/211/211 209/209/209
f 211/211/211 210/210/210 209/209/209
f 208/208/208 171/171/171 212/212/212
f 208/208/208 213/213/213 211/211/211
f 208/208/208 212/212/212 213/213/213
f 171/171/171 214/214/214 212/212/212
f 171/171/171 215/215/215 214/214/214
f 215/215/215 216/216/216 214/214/214
f 216/216/216 217/217/217 214/214/214
f 212/212/212 214/214/214 217/217/217
f 212/212/212 217/217/217 218/218/218
f 218/218/218 217/217/217 219/219/219
f 220/220/220 218/218/218 219/219/219
f 218/218/218 221/221/221 212/212/212
f 218/218/218 220/220/220 221/221/221
f 221/221/221 213/213/213 212/212/212
f 222/222/222 221/221/221 220/220/220
f 213/213/213 221/221/221 223/223/223
f 221/221/221 222/222/222 224/224/224
f 221/221/221 224/224/224 223/223/223
f 225/225/225 224/224/224 222/222/222
f 226/226/226 224/224/224 225/225/225
f 227/227/227 223/223/223 224/224/224
f 227/227/227 224/224/224 226/226/226
f 213/213/213 223/223/223 227/227/227
f 228/228/228 227/227/227 226/226/226
f 229/229/229 228/228/228 226/226/226
f 213/213/213 227/227/227 230/230/230
f 231/231/231 228/228/228 229/229/229
f 211/211/211 213/213/213 230/230/230
f 228/228/228 232/232/232 227/227/227
f 230/230/230 227/227/227 232/232/232
f 233/233/233 232/232/232 228/228/228
f 233/233/233 228/228/228 231/231/231
f 232/232/232 234/234/234 230/230/230
f 233/233/233 234/234/234 232/232/232
f 211/211/211 230/230/230 235/235/235
f 235/235/235 230/230/230 234/234/234
f 235/235/235 210/210/210 211/211/211
f 235/235/235 236/236/236 210/210/210
f 236/236/236 196/196/196 210/210/210
f 235/235/235 234/234/234 237/237/237
f 236/236/236 235/235/235 237/237/237
f 233/233/233 238/238/238 234/234/234
f 233/233/233 231/231/231 238/238/238
f 237/237/237 234/234/234 239/239/239
f 238/238/238 239/239/239 234/234/234
f 236/236/236 237/237/237 240/240/240
f 237/237/237 239/239/239 240/240/240
f 231/231/231 241/241/241 238/238/238
f 231/231/231 242/242/242 241/241/241
f 241/241/241 242/242/242 243/243/243
f 244/244/244 241/241/241 243/243/243
f 244/244/244 238/238/238 241/241/241
f 238/238/238 244/244/244 239/239/239
f 239/239/239 244/244/244 245/245/245
f 245/245/245 244/244/244 246/246/246
f 246/246/246 247/247/247 245/245/245
f 239/239/239 245/245/245 248/248/248
f 240/240/240 239/239/239 248/248/248
f 249/249/249 245/245/245 247/247/247
f 249/249/249 247/247/247 250/250/250
f 249/249/249 250/250/250 251/251/251
f 249/249/249 251/251/251 252/252/252
f 253/253/253 245/245/245 249/249/249
f 253/253/253 249/249/249 252/252/252
f 253/253/253 248/248/248 245/245/245
f 254/254/254 253/253/253 252/252/252
f 255/255/255 248/248/248 253/253/253
f 254/254/254 255/255/255 253/253/253
f 256/256/256 254/254/254 252/252/252
f 256/256/256 252/252/252 257/257/257
f 258/258/258 256/256/256 257/257/257
f 256/256/256 258/258/258 259/259/259
f 256/256/256 259/259/259 254/254/254
f 260/260/260 259/259/259 258/258/258
f 261/261/261 259/259/259 260/260/260
f 262/262/262 254/254/254 259/259/259
f 262/262/262 259/259/259 261/261/261
f 254/254/254 262/262/262 255/255/255
f 262/262/262 261/261/261 263/263/263
f 255/255/255 262/262/262 263/263/263
f 264/264/264 255/255/255 265/265/265
f 264/264/264 248/248/248 255/255/255
f 264/264/264 265/265/265 266/266/266
f 264/264/264 267/267/267 248/248/248
f 268/268/268 264/264/264 266/266/266
f 268/268/268 267/267/267 264/264/264
f 267/267/267 269/269/269 248/248/248
f 267/267/267 268/268/268 269/269/269
f 240/240/240 248/248/248 269/269/269
f 240/240/240 269/269/269 270/270/270
f 236/236/236 240/240/240 270/270/270
f 270/270/270 269/269/269 271/271/271
f 272/272/272 236/236/236 270/270/270
f 272/272/272 270/270/270 271/271/271
f 236/236/236 272/272/272 196/196/196
f 196/196/196 272/272/272 273/273/273
f 193/193/193 196/196/196 273/273/273
f 199/199/199 193/193/193 273/273/273
f 273/273/273 272/272/272 274/274/274
f 274/274/274 272/272/272 271/271/271
f 275/275/275 199/199/199 273/273/273
f 275/275/275 273/273/273 274/274/274
f 276/276/276 275/275/275 274/274/274
f 271/271/271 277/277/277 274/274/274
f 276/276/276 274/274/274 277/277/277
f 271/271/271 278/278/278 277/277/277
f 269/269/269 279/279/279 271/271/271
f 278/278/278 271/271/271 279/279/279
f 269/269/269 268/268/268 279/279/279
f 278/278/278 280/280/280 277/277/277
f 280/280/280 276/276/276 277/277/277
f 278/278/278 279/279/279 281/281/281
f 282/282/282 279/279/279 268/268/268
f 281/281/281 279/279/279 282/282/282
f 268/268/268 283/283/283 282/282/282
f 268/268/268 266/266/266 283/283/283
f 266/266/266 284/284/284 283/283/283
f 285/285/285 283/283/283 284/284/284
f 286/286/286 282/282/282 283/283/283
f 286/286/286 283/283/283 285/285/285
f 281/281/281 282/282/282 286/286/286
f 287/287/287 278/278/278 281/281/281
f 287/287/287 288/288/288 278/278/278
f 278/278/278 288/288/288 280/280/280
f 281/281/281 289/289/289 287/287/287
f 281/281/281 286/286/286 289/289/289
f 289/289/289 290/290/290 287/287/287
f 288/288/288 287/287/287 290/290/290
f 286/286/286 291/291/291 289/289/289
f 286/286/286 285/285/285 291/291/291
f 289/289/289 292/292/292 290/290/290
f 291/291/291 292/292/292 289/289/289
f 288/288/288 290/290/290 293/293/293
f 293/293/293 290/290/290 292/292/292
f 294/294/294 291/291/291 285/285/285
f 294/294/294 285/285/285 295/295/295
f 291/291/291 296/296/296 292/292/292
f 296/296/296 291/291/291 294/294/294
f 293/293/293 292/292/292 297/297/297
f 298/298/298 294/294/294 295/295/295
f 298/298/298 295/295/295 299/299/299
f 299/299/299 300/300/300 298/298/298
f 301/301/301 298/298/298 300/300/300
f 294/294/294 298/298/298 301/301/301
f 302/302/302 294/294/294 301/301/301
f 302/302/302 296/296/296 294/294/294
f 302/302/302 301/301/301 303/303/303
f 304/304/304 302/302/302 303/303/303
f 302/302/302 304/304/304 296/296/296
f 296/296/296 304/304/304 305/305/305
f 306/306/306 305/305/305 304/304/304
f 307/307/307 292/292/292 296/296/296
f 307/307/307 297/297/297 292/292/292
f 296/296/296 305/305/305 307/307/307
f 308/308/308 297/297/297 307/307/307
f 308/308/308 293/293/293 297/297/297
f 305/305/305 309/309/309 307/307/307
f 308/308/308 307/307/307 309/309/309
f 306/306/306 310/310/310 305/305/305
f 310/310/310 306/306/306 311/311/311
f 305/305/305 312/312/312 309/309/309
f 312/312/312 305/305/305 310/310/310
f 308/308/308 309/309/309 313/313/313
f 312/312/312 313/313/313 309/309/309
f 310/310/310 311/311/311 314/314/314
f 315/315/315 314/314/314 311/311/311
f 314/314/314 315/315/315 316/316/316
f 314/314/314 316/316/316 310/310/310
f 316/316/316 317/317/317 310/310/310
f 312/312/312 310/310/310 317/317/317
f 312/312/312 317/317/317 318/318/318
f 318/318/318 317/317/317 319/319/319
f 320/320/320 318/318/318 319/319/319
f 312/312/312 318/318/318 320/320/320
f 312/312/312 320/320/320 313/313/313
f 321/321/321 313/313/313 320/320/320
f 322/322/322 321/321/321 320/320/320
f 308/308/308 313/313/313 323/323/323
f 321/321/321 322/322/322 324/324/324
f 321/321/321 325/325/325 313/313/313
f 325/325/325 323/323/323 313/313/313
f 322/322/322 326/326/326 324/324/324
f 322/322/322 327/327/327 326/326/326
f 326/326/326 327/327/327 328/328/328
f 326/326/326 328/328/328 329/329/329
f 330/330/330 324/324/324 326/326/326
f 321/321/321 324/324/324 330/330/330
f 330/330/330 326/326/326 329/329/329
f 325/325/325 321/321/321 331/331/331
f 321/321/321 330/330/330 331/331/331
f 325/325/325 331/331/331 332/332/332
f 325/325/325 333/333/333 323/323/323
f 325/325/325 332/332/332 333/333/333
f 334/334/334 308/308/308 323/323/323
f 308/308/308 334/334/334 293/293/293
f 335/335/335 323/323/323 333/333/333
f 334/334/334 323/323/323 335/335/335
f 334/334/334 336/336/336 293/293/293
f 336/336/336 334/334/334 335/335/335
f 288/288/288 293/293/293 336/336/336
f 335/335/335 333/333/333 337/337/337
f 337/337/337 333/333/333 332/332/332
f 338/338/338 335/335/335 337/337/337
f 338/338/338 336/336/336 335/335/335
f 337/337/337 332/332/332 339/339/339
f 338/338/338 337/337/337 339/339/339
f 340/340/340 288/288/288 336/336/336
f 341/341/341 338/338/338 339/339/339
f 340/340/340 280/280/280 288/288/288
f 342/342/342 339/339/339 332/332/332
f 341/341/341 339/339/339 342/342/342
f 342/342/342 332/332/332 343/343/343
f 331/331/331 343/343/343 332/332/332
f 344/344/344 342/342/342 343/343/343
f 331/331/331 345/345/345 343/343/343
f 345/345/345 344/344/344 343/343/343
f 330/330/330 345/345/345 331/331/331
f 344/344/344 346/346/346 342/342/342
f 342/342/342 346/346/346 341/341/341
f 347/347/347 344/344/344 345/345/345
f 330/330/330 348/348/348 345/345/345
f 347/347/347 345/345/345 348/348/348
f 348/348/348 330/330/330 349/349/349
f 329/329/329 349/349/349 330/330/330
f 347/347/347 348/348/348 350/350/350
f 348/348/348 349/349/349 350/350/350
f 344/344/344 347/347/347 351/351/351
f 351/351/351 347/347/347 350/350/350
f 329/329/329 352/352/352 349/349/349
f 352/352/352 350/350/350 349/349/349
f 329/329/329 353/353/353 352/352/352
f 353/353/353 354/354/354 352/352/352
f 355/355/355 352/352/352 354/354/354
f 352/352/352 355/355/355 350/350/350
f 356/356/356 350/350/350 355/355/355
f 351/351/351 350/350/350 356/356/356
f 357/357/357 356/356/356 355/355/355
f 357/357/357 355/355/355 358/358/358
f 356/356/356 359/359/359 351/351/351
f 357/357/357 359/359/359 356/356/356
f 360/360/360 357/357/357 358/358/358
f 357/357/357 360/360/360 359/359/359
f 360/360/360 361/361/361 359/359/359
f 361/361/361 360/360/360 362/362/362
f 363/363/363 362/362/362 360/360/360
f 359/359/359 361/361/361 364/364/364
f 365/365/365 362/362/362 363/363/363
f 366/366/366 361/361/361 362/362/362
f 366/366/366 362/362/362 365/365/365
f 366/366/366 364/364/364 361/361/361
f 366/366/366 365/365/365 367/367/367
f 359/359/359 364/364/364 368/368/368
f 351/351/351 359/359/359 368/368/368
f 366/366/366 369/369/369 364/364/364
f 369/369/369 366/366/366 367/367/367
f 351/351/351 368/368/368 370/370/370
f 344/344/344 351/351/351 370/370/370
f 346/346/346 344/344/344 370/370/370
f 346/346/346 370/370/370 371/371/371
f 372/372/372 346/346/346 371/371/371
f 372/372/372 341/341/341 346/346/346
f 373/373/373 371/371/371 370/370/370
f 373/373/373 372/372/372 371/371/371
f 373/373/373 370/370/370 368/368/368
f 374/374/374 341/341/341 372/372/372
f 373/373/373 374/374/374 372/372/372
f 368/368/368 375/375/375 373/373/373
f 368/368/368 364/364/364 375/375/375
f 375/375/375 374/374/374 373/373/373
f 376/376/376 375/375/375 364/364/364
f 374/374/374 375/375/375 376/376/376
f 376/376/376 364/364/364 369/369/369
f 377/377/377 341/341/341 374/374/374
f 377/377/377 338/338/338 341/341/341
f 374/374/374 376/376/376 378/378/378
f 378/378/378 379/379/379 374/374/374
f 379/379/379 377/377/377 374/374/374
f 378/378/378 376/376/376 380/380/380
f 369/369/369 380/380/380 376/376/376
f 381/381/381 378/378/378 380/380/380
f 381/381/381 379/379/379 378/378/378
f 369/369/369 382/382/382 380/380/380
f 369/369/369 367/367/367 382/382/382
f 381/381/381 380/380/380 383/383/383
f 383/383/383 380/380/380 382/382/382
f 367/367/367 384/384/384 382/382/382
f 383/383/383 382/382/382 384/384/384
f 383/383/383 385/385/385 381/381/381
f 383/383/383 386/386/386 385/385/385
f 386/386/386 383/383/383 384/384/384
f 387/387/387 381/381/381 385/385/385
f 387/387/387 379/379/379 381/381/381
f 388/388/388 385/385/385 386/386/386
f 388/388/388 387/387/387 385/385/385
f 386/386/386 384/384/384 389/389/389
f 388/388/388 386/386/386 390/390/390
f 391/391/391 386/386/386 389/389/389
f 391/391/391 390/390/390 386/386/386
f 389/389/389 392/392/392 391/391/391
f 390/390/390 391/391/391 393/393/393
f 392/392/392 393/393/393 391/391/391
f 384/384/384 394/394/394 389/389/389
f 389/389/389 394/394/394 392/392/392
f 384/384/384 395/395/395 394/394/394
f 367/367/367 395/395/395 384/384/384
f 367/367/367 396/396/396 395/395/395
f 367/367/367 365/365/365 396/396/396
f 397/397/397 394/394/394 395/395/395
f 398/398/398 394/394/394 397/397/397
f 392/392/392 394/394/394 398/398/398
f 397/397/397 395/395/395 399/399/399
f 395/395/395 396/396/396 399/399/399
f 365/365/365 400/400/400 396/396/396
f 400/400/400 399/399/399 396/396/396
f 365/365/365 401/401/401 400/400/400
f 401/401/401 402/402/402 400/400/400
f 400/400/400 402/402/402 403/403/403
f 400/400/400 403/403/403 399/399/399
f 399/399/399 404/404/404 397/397/397
f 398/398/398 397/397/397 404/404/404
f 399/399/399 405/405/405 404/404/404
f 405/405/405 406/406/406 404/404/404
f 404/404/404 406/406/406 407/407/407
f 398/398/398 404/404/404 407/407/407
f 398/398/398 407/407/407 408/408/408
f 398/398/398 408/408/408 409/409/409
f 392/392/392 398/398/398 409/409/409
f 392/392/392 409/409/409 410/410/410
f 411/411/411 410/410/410 409/409/409
f 411/411/411 409/409/409 412/412/412
f 411/411/411 412/412/412 413/413/413
f 414/414/414 411/411/411 413/413/413
f 414/414/414 410/410/410 411/411/411
f 414/414/414 413/413/413 415/415/415
f 416/416/416 414/414/414 415/415/415
f 416/416/416 410/410/410 414/414/414
f 410/410/410 416/416/416 417/417/417
f 418/418/418 417/417/417 416/416/416
f 418/418/418 419/419/419 417/417/417
f 419/419/419 418/418/418 420/420/420
f 410/410/410 417/417/417 421/421/421
f 421/421/421 417/417/417 419/419/419
f 422/422/422 419/419/419 420/420/420
f 423/423/423 410/410/410 421/421/421
f 392/392/392 410/410/410 423/423/423
f 421/421/421 419/419/419 424/424/424
f 422/422/422 424/424/424 419/419/419
f 424/424/424 425/425/425 421/421/421
f 423/423/423 421/421/421 425/425/425
f 424/424/424 422/422/422 426/426/426
f 424/424/424 426/426/426 425/425/425
f 423/423/423 427/427/427 392/392/392
f 393/393/393 392/392/392 427/427/427
f 428/428/428 423/423/423 425/425/425
f 423/423/423 428/428/428 427/427/427
f 393/393/393 427/427/427 429/429/429
f 429/429/429 427/427/427 428/428/428
f 393/393/393 429/429/429 430/430/430
f 390/390/390 393/393/393 430/430/430
f 429/429/429 428/428/428 431/431/431
f 432/432/432 390/390/390 430/430/430
f 432/432/432 388/388/388 390/390/390
f 430/430/430 429/429/429 433/433/433
f 432/432/432 430/430/430 433/433/433
f 388/388/388 432/432/432 434/434/434
f 435/435/435 433/433/433 429/429/429
f 435/435/435 429/429/429 431/431/431
f 432/432/432 433/433/433 436/436/436
f 435/435/435 436/436/436 433/433/433
f 434/434/434 432/432/432 436/436/436
f 435/435/435 437/437/437 436/436/436
f 434/434/434 436/436/436 437/437/437
f 388/388/388 434/434/434 387/387/387
f 438/438/438 435/435/435 431/431/431
f 435/435/435 438/438/438 437/437/437
f 439/439/439 431/431/431 428/428/428
f 438/438/438 431/431/431 439/439/439
f 439/439/439 428/428/428 425/425/425
f 440/440/440 438/438/438 439/439/439
f 441/441/441 439/439/439 425/425/425
f 441/441/441 440/440/440 439/439/439
f 441/441/441 425/425/425 426/426/426
f 426/426/426 442/442/442 441/441/441
f 440/440/440 441/441/441 442/442/442
f 426/426/426 422/422/422 442/442/442
f 422/422/422 443/443/443 442/442/442
f 443/443/443 422/422/422 444/444/444
f 445/445/445 443/443/443 444/444/444
f 442/442/442 443/443/443 445/445/445
f 440/440/440 442/442/442 446/446/446
f 446/446/446 442/442/442 445/445/445
f 440/440/440 447/447/447 438/438/438
f 438/438/438 447/447/447 437/437/437
f 440/440/440 446/446/446 448/448/448
f 447/447/447 440/440/440 448/448/448
f 446/446/446 445/445/445 449/449/449
f 450/450/450 437/437/437 447/447/447
f 451/451/451 448/448/448 446/446/446
f 446/446/446 449/449/449 451/451/451
f 447/447/447 448/448/448 452/452/452
f 450/450/450 447/447/447 452/452/452
f 451/451/451 453/453/453 448/448/448
f 453/453/453 452/452/452 448/448/448
f 454/454/454 449/449/449 445/445/445
f 445/445/445 455/455/455 454/454/454
f 454/454/454 455/455/455 456/456/456
f 449/449/449 454/454/454 456/456/456
f 457/457/457 449/449/449 456/456/456
f 456/456/456 458/458/458 457/457/457
f 459/459/459 457/457/457 458/458/458
f 449/449/449 457/457/457 459/459/459
f 449/449/449 459/459/459 460/460/460
f 449/449/449 460/460/460 461/461/461
f 451/451/451 449/449/449 461/461/461
f 460/460/460 462/462/462 461/461/461
f 460/460/460 463/463/463 462/462/462
f 463/463/463 464/464/464 462/462/462
f 462/462/462 464/464/464 461/461/461
f 451/451/451 461/461/461 465/465/465
f 465/465/465 453/453/453 451/451/451
f 461/461/461 464/464/464 466/466/466
f 466/466/466 464/464/464 467/467/467
f 468/468/468 466/466/466 467/467/467
f 461/461/461 466/466/466 469/469/469
f 461/461/461 469/469/469 465/465/465
f 470/470/470 469/469/469 466/466/466
f 470/470/470 466/466/466 468/468/468
f 465/465/465 469/469/469 470/470/470
f 471/471/471 470/470/470 468/468/468
f 471/471/471 468/468/468 472/472/472
f 473/473/473 471/471/471 472/472/472
f 471/471/471 474/474/474 470/470/470
f 471/471/471 473/473/473 475/475/475
f 471/471/471 475/475/475 474/474/474
f 475/475/475 473/473/473 476/476/476
f 475/475/475 476/476/476 477/477/477
f 474/474/474 478/478/478 470/470/470
f 475/475/475 478/478/478 474/474/474
f 465/465/465 470/470/470 478/478/478
f 479/479/479 475/475/475 477/477/477
f 479/479/479 478/478/478 475/475/475
f 477/477/477 480/480/480 479/479/479
f 477/477/477 481/481/481 480/480/480
f 481/481/481 482/482/482 480/480/480
f 482/482/482 483/483/483 480/480/480
f 479/479/479 480/480/480 483/483/483
f 479/479/479 483/483/483 484/484/484
f 479/479/479 484/484/484 478/478/478
f 485/485/485 465/465/465 478/478/478
f 465/465/465 485/485/485 453/453/453
f 486/486/486 478/478/478 484/484/484
f 487/487/487 486/486/486 484/484/484
f 486/486/486 488/488/488 478/478/478
f 485/485/485 478/478/478 488/488/488
f 486/486/486 487/487/487 489/489/489
f 486/486/486 489/489/489 488/488/488
f 485/485/485 488/488/488 490/490/490
f 489/489/489 490/490/490 488/488/488
f 491/491/491 453/453/453 485/485/485
f 453/453/453 491/491/491 452/452/452
f 450/450/450 452/452/452 491/491/491
f 491/491/491 485/485/485 492/492/492
f 485/485/485 490/490/490 492/492/492
f 450/450/450 491/491/491 493/493/493
f 492/492/492 493/493/493 491/491/491
f 450/450/450 493/493/493 494/494/494
f 494/494/494 437/437/437 450/450/450
f 494/494/494 434/434/434 437/437/437
f 492/492/492 495/495/495 493/493/493
f 496/496/496 492/492/492 490/490/490
f 492/492/492 496/496/496 495/495/495
f 497/497/497 493/493/493 495/495/495
f 497/497/497 494/494/494 493/493/493
f 495/495/495 498/498/498 497/497/497
f 495/495/495 496/496/496 498/498/498
f 494/494/494 497/497/497 499/499/499
f 499/499/499 497/497/497 498/498/498
f 500/500/500 434/434/434 494/494/494
f 387/387/387 434/434/434 500/500/500
f 494/494/494 499/499/499 501/501/501
f 500/500/500 494/494/494 501/501/501
f 499/499/499 498/498/498 502/502/502
f 387/387/387 500/500/500 503/503/503
f 387/387/387 503/503/503 504/504/504
f 387/387/387 504/504/504 379/379/379
f 500/500/500 505/505/505 503/503/503
f 506/506/506 379/379/379 504/504/504
f 506/506/506 377/377/377 379/379/379
f 507/507/507 504/504/504 503/503/503
f 507/507/507 506/506/506 504/504/504
f 507/507/507 503/503/503 505/505/505
f 501/501/501 508/508/508 500/500/500
f 500/500/500 508/508/508 505/505/505
f 501/501/501 509/509/509 508/508/508
f 499/499/499 509/509/509 501/501/501
f 510/510/510 505/505/505 508/508/508
f 509/509/509 510/510/510 508/508/508
f 499/499/499 511/511/511 509/509/509
f 511/511/511 499/499/499 502/502/502
f 509/509/509 512/512/512 510/510/510
f 511/511/511 512/512/512 509/509/509
f 510/510/510 513/513/513 505/505/505
f 513/513/513 510/510/510 512/512/512
f 514/514/514 505/505/505 513/513/513
f 514/514/514 507/507/507 505/505/505
f 515/515/515 507/507/507 514/514/514
f 507/507/507 515/515/515 506/506/506
f 516/516/516 514/514/514 513/513/513
f 515/515/515 514/514/514 516/516/516
f 513/513/513 512/512/512 517/517/517
f 516/516/516 513/513/513 517/517/517
f 518/518/518 517/517/517 512/512/512
f 511/511/511 518/518/518 512/512/512
f 519/519/519 516/516/516 517/517/517
f 519/519/519 517/517/517 520/520/520
f 518/518/518 520/520/520 517/517/517
f 516/516/516 521/521/521 515/515/515
f 516/516/516 519/519/519 521/521/521
f 522/522/522 515/515/515 521/521/521
f 522/522/522 506/506/506 515/515/515
f 506/506/506 522/522/522 523/523/523
f 506/506/506 523/523/523 377/377/377
f 522/522/522 524/524/524 523/523/523
f 377/377/377 523/523/523 525/525/525
f 524/524/524 525/525/525 523/523/523
f 377/377/377 525/525/525 338/338/338
f 338/338/338 525/525/525 336/336/336
f 524/524/524 336/336/336 525/525/525
f 340/340/340 336/336/336 524/524/524
f 521/521/521 526/526/526 522/522/522
f 522/522/522 526/526/526 524/524/524
f 521/521/521 527/527/527 526/526/526
f 527/527/527 521/521/521 519/519/519
f 524/524/524 526/526/526 528/528/528
f 524/524/524 528/528/528 340/340/340
f 527/527/527 528/528/528 526/526/526
f 527/527/527 519/519/519 529/529/529
f 527/527/527 530/530/530 528/528/528
f 531/531/531 527/527/527 529/529/529
f 531/531/531 530/530/530 527/527/527
f 519/519/519 532/532/532 529/529/529
f 532/532/532 531/531/531 529/529/529
f 519/519/519 533/533/533 532/532/532
f 533/533/533 519/519/519 520/520/520
f 533/533/533 520/520/520 518/518/518
f 534/534/534 528/528/528 530/530/530
f 532/532/532 533/533/533 535/535/535
f 532/532/532 536/536/536 531/531/531
f 532/532/532 535/535/535 536/536/536
f 537/537/537 531/531/531 536/536/536
f 530/530/530 531/531/531 538/538/538
f 537/537/537 538/538/538 531/531/531
f 530/530/530 538/538/538 534/534/534
f 536/536/536 539/539/539 537/537/537
f 539/539/539 538/538/538 537/537/537
f 536/536/536 535/535/535 539/539/539
f 539/539/539 540/540/540 538/538/538
f 540/540/540 534/534/534 538/538/538
f 534/534/534 541/541/541 528/528/528
f 340/340/340 528/528/528 541/541/541
f 340/340/340 541/541/541 542/542/542
f 340/340/340 542/542/542 280/280/280
f 543/543/543 542/542/542 541/541/541
f 543/543/543 280/280/280 542/542/542
f 534/534/534 544/544/544 541/541/541
f 543/543/543 541/541/541 544/544/544
f 534/534/534 545/545/545 544/544/544
f 540/540/540 545/545/545 534/534/534
f 544/544/544 546/546/546 543/543/543
f 543/543/543 547/547/547 280/280/280
f 280/280/280 547/547/547 276/276/276
f 548/548/548 547/547/547 543/543/543
f 548/548/548 543/543/543 546/546/546
f 549/549/549 544/544/544 545/545/545
f 544/544/544 549/549/549 546/546/546
f 540/540/540 550/550/550 545/545/545
f 549/549/549 545/545/545 550/550/550
f 540/540/540 551/551/551 550/550/550
f 549/549/549 552/552/552 546/546/546
f 553/553/553 551/551/551 540/540/540
f 553/553/553 540/540/540 539/539/539
f 550/550/550 554/554/554 549/549/549
f 549/549/549 554/554/554 552/552/552
f 550/550/550 551/551/551 555/555/555
f 550/550/550 555/555/555 554/554/554
f 556/556/556 555/555/555 551/551/551
f 556/556/556 551/551/551 553/553/553
f 557/557/557 554/554/554 555/555/555
f 557/557/557 555/555/555 556/556/556
f 558/558/558 554/554/554 557/557/557
f 558/558/558 552/552/552 554/554/554
f 559/559/559 557/557/557 556/556/556
f 558/558/558 557/557/557 559/559/559
f 553/553/553 560/560/560 556/556/556
f 559/559/559 556/556/556 560/560/560
f 561/561/561 553/553/553 539/539/539
f 553/553/553 561/561/561 560/560/560
f 561/561/561 539/539/539 535/535/535
f 562/562/562 552/552/552 558/558/558
f 561/561/561 535/535/535 563/563/563
f 560/560/560 561/561/561 564/564/564
f 561/561/561 563/563/563 564/564/564
f 560/560/560 564/564/564 565/565/565
f 565/565/565 559/559/559 560/560/560
f 565/565/565 564/564/564 566/566/566
f 558/558/558 559/559/559 567/567/567
f 567/567/567 562/562/562 558/558/558
f 565/565/565 568/568/568 559/559/559
f 564/564/564 569/569/569 566/566/566
f 564/564/564 563/563/563 569/569/569
f 565/565/565 566/566/566 570/570/570
f 568/568/568 565/565/565 570/570/570
f 566/566/566 571/571/571 570/570/570
f 569/569/569 571/571/571 566/566/566
f 568/568/568 570/570/570 572/572/572
f 571/571/571 572/572/572 570/570/570
f 559/559/559 568/568/568 573/573/573
f 573/573/573 568/568/568 572/572/572
f 559/559/559 573/573/573 567/567/567
f 574/574/574 567/567/567 573/573/573
f 573/573/573 572/572/572 575/575/575
f 575/575/575 574/574/574 573/573/573
f 571/571/571 576/576/576 572/572/572
f 576/576/576 575/575/575 572/572/572
f 576/576/576 571/571/571 577/577/577
f 569/569/569 577/577/577 571/571/571
f 576/576/576 578/578/578 575/575/575
f 579/579/579 577/577/577 569/569/569
f 576/576/576 577/577/577 580/580/580
f 579/579/579 580/580/580 577/577/577
f 580/580/580 578/578/578 576/576/576
f 578/578/578 581/581/581 575/575/575
f 575/575/575 581/581/581 574/574/574
f 580/580/580 582/582/582 578/578/578
f 578/578/578 583/583/583 581/581/581
f 582/582/582 583/583/583 578/578/578
f 574/574/574 581/581/581 584/584/584
f 584/584/584 581/581/581 583/583/583
f 585/585/585 582/582/582 580/580/580
f 579/579/579 585/585/585 580/580/580
f 585/585/585 586/586/586 582/582/582
f 587/587/587 585/585/585 579/579/579
f 585/585/585 588/588/588 586/586/586
f 585/585/585 587/587/587 588/588/588
f 589/589/589 582/582/582 586/586/586
f 589/589/589 586/586/586 588/588/588
f 582/582/582 590/590/590 583/583/583
f 589/589/589 590/590/590 582/582/582
f 590/590/590 591/591/591 583/583/583
f 498/498/498 588/588/588 587/587/587
f 588/588/588 498/498/498 496/496/496
f 498/498/498 587/587/587 502/502/502
f 588/588/588 496/496/496 592/592/592
f 589/589/589 588/588/588 592/592/592
f 592/592/592 496/496/496 593/593/593
f 496/496/496 490/490/490 593/593/593
f 594/594/594 589/589/589 592/592/592
f 594/594/594 592/592/592 593/593/593
f 595/595/595 593/593/593 490/490/490
f 594/594/594 596/596/596 589/589/589
f 489/489/489 595/595/595 490/490/490
f 594/594/594 593/593/593 597/597/597
f 595/595/595 597/597/597 593/593/593
f 589/589/589 596/596/596 598/598/598
f 589/589/589 598/598/598 590/590/590
f 599/599/599 596/596/596 594/594/594
f 597/597/597 599/599/599 594/594/594
f 597/597/597 595/595/595 600/600/600
f 601/601/601 597/597/597 600/600/600
f 597/597/597 601/601/601 599/599/599
f 600/600/600 595/595/595 602/602/602
f 489/489/489 602/602/602 595/595/595
f 603/603/603 601/601/601 600/600/600
f 600/600/600 602/602/602 603/603/603
f 603/603/603 604/604/604 601/601/601
f 604/604/604 599/599/599 601/601/601
f 602/602/602 605/605/605 603/603/603
f 604/604/604 603/603/603 606/606/606
f 605/605/605 606/606/606 603/603/603
f 607/607/607 605/605/605 602/602/602
f 607/607/607 602/602/602 489/489/489
f 605/605/605 608/608/608 606/606/606
f 607/607/607 608/608/608 605/605/605
f 604/604/604 606/606/606 609/609/609
f 609/609/609 599/599/599 604/604/604
f 608/608/608 610/610/610 606/606/606
f 610/610/610 609/609/609 606/606/606
f 489/489/489 611/611/611 607/607/607
f 489/489/489 487/487/487 611/611/611
f 607/607/607 612/612/612 608/608/608
f 611/611/611 612/612/612 607/607/607
f 608/608/608 613/613/613 610/610/610
f 612/612/612 613/613/613 608/608/608
f 487/487/487 614/614/614 611/611/611
f 487/487/487 615/615/615 614/614/614
f 616/616/616 611/611/611 614/614/614
f 611/611/611 616/616/616 612/612/612
f 616/616/616 614/614/614 617/617/617
f 615/615/615 618/618/618 614/614/614
f 618/618/618 617/617/617 614/614/614
f 615/615/615 619/619/619 618/618/618
f 618/618/618 620/620/620 617/617/617
f 618/618/618 619/619/619 621/621/621
f 620/620/620 618/618/618 621/621/621
f 616/616/616 622/622/622 612/612/612
f 616/616/616 623/623/623 622/622/622
f 624/624/624 622/622/622 623/623/623
f 625/625/625 612/612/612 622/622/622
f 625/625/625 622/622/622 624/624/624
f 626/626/626 612/612/612 625/625/625
f 627/627/627 625/625/625 624/624/624
f 627/627/627 626/626/626 625/625/625
f 624/624/624 628/628/628 627/627/627
f 628/628/628 629/629/629 627/627/627
f 627/627/627 629/629/629 626/626/626
f 612/612/612 626/626/626 613/613/613
f 613/613/613 626/626/626 630/630/630
f 626/626/626 631/631/631 630/630/630
f 631/631/631 632/632/632 630/630/630
f 633/633/633 630/630/630 632/632/632
f 613/613/613 630/630/630 633/633/633
f 634/634/634 613/613/613 633/633/633
f 610/610/610 613/613/613 634/634/634
f 634/634/634 633/633/633 635/635/635
f 635/635/635 633/633/633 636/636/636
f 636/636/636 637/637/637 635/635/635
f 634/634/634 635/635/635 637/637/637
f 634/634/634 637/637/637 638/638/638
f 638/638/638 637/637/637 639/639/639
f 639/639/639 640/640/640 638/638/638
f 641/641/641 638/638/638 640/640/640
f 634/634/634 638/638/638 642/642/642
f 638/638/638 641/641/641 642/642/642
f 634/634/634 642/642/642 643/643/643
f 642/642/642 641/641/641 643/643/643
f 634/634/634 643/643/643 610/610/610
f 610/610/610 643/643/643 644/644/644
f 610/610/610 644/644/644 609/609/609
f 645/645/645 643/643/643 641/641/641
f 641/641/641 646/646/646 645/645/645
f 647/647/647 645/645/645 646/646/646
f 648/648/648 645/645/645 647/647/647
f 649/649/649 643/643/643 645/645/645
f 645/645/645 648/648/648 649/649/649
f 644/644/644 643/643/643 649/649/649
f 649/649/649 648/648/648 650/650/650
f 648/648/648 651/651/651 650/650/650
f 652/652/652 650/650/650 651/651/651
f 652/652/652 649/649/649 650/650/650
f 652/652/652 653/653/653 649/649/649
f 653/653/653 652/652/652 654/654/654
f 654/654/654 655/655/655 653/653/653
f 653/653/653 656/656/656 649/649/649
f 653/653/653 655/655/655 656/656/656
f 644/644/644 649/649/649 657/657/657
f 658/658/658 649/649/649 656/656/656
f 657/657/657 649/649/649 658/658/658
f 644/644/644 657/657/657 659/659/659
f 644/644/644 659/659/659 660/660/660
f 644/644/644 660/660/660 609/609/609
f 609/609/609 660/660/660 599/599/599
f 660/660/660 659/659/659 661/661/661
f 660/660/660 662/662/662 599/599/599
f 660/660/660 661/661/661 662/662/662
f 599/599/599 662/662/662 596/596/596
f 598/598/598 596/596/596 662/662/662
f 663/663/663 659/659/659 657/657/657
f 661/661/661 659/659/659 663/663/663
f 598/598/598 662/662/662 664/664/664
f 661/661/661 664/664/664 662/662/662
f 663/663/663 657/657/657 665/665/665
f 658/658/658 665/665/665 657/657/657
f 661/661/661 663/663/663 666/666/666
f 661/661/661 667/667/667 664/664/664
f 666/666/666 667/667/667 661/661/661
f 664/664/664 668/668/668 598/598/598
f 667/667/667 669/669/669 664/664/664
f 664/664/664 669/669/669 668/668/668
f 670/670/670 598/598/598 668/668/668
f 670/670/670 590/590/590 598/598/598
f 590/590/590 670/670/670 591/591/591
f 669/669/669 671/671/671 668/668/668
f 672/672/672 670/670/670 668/668/668
f 672/672/672 668/668/668 671/671/671
f 670/670/670 673/673/673 591/591/591
f 670/670/670 672/672/672 673/673/673
f 673/673/673 672/672/672 674/674/674
f 675/675/675 674/674/674 672/672/672
f 671/671/671 675/675/675 672/672/672
f 674/674/674 676/676/676 673/673/673
f 675/675/675 676/676/676 674/674/674
f 677/677/677 591/591/591 673/673/673
f 677/677/677 673/673/673 676/676/676
f 591/591/591 677/677/677 678/678/678
f 591/591/591 678/678/678 583/583/583
f 584/584/584 583/583/583 678/678/678
f 677/677/677 679/679/679 678/678/678
f 584/584/584 678/678/678 679/679/679
f 680/680/680 677/677/677 676/676/676
f 675/675/675 680/680/680 676/676/676
f 677/677/677 680/680/680 679/679/679
f 584/584/584 679/679/679 681/681/681
f 682/682/682 679/679/679 680/680/680
f 682/682/682 681/681/681 679/679/679
f 675/675/675 683/683/683 680/680/680
f 683/683/683 682/682/682 680/680/680
f 684/684/684 683/683/683 675/675/675
f 671/671/671 684/684/684 675/675/675
f 683/683/683 685/685/685 682/682/682
f 684/684/684 686/686/686 683/683/683
f 686/686/686 685/685/685 683/683/683
f 687/687/687 686/686/686 684/684/684
f 688/688/688 682/682/682 685/685/685
f 681/681/681 682/682/682 688/688/688
f 686/686/686 689/689/689 685/685/685
f 687/687/687 689/689/689 686/686/686
f 688/688/688 685/685/685 690/690/690
f 690/690/690 685/685/685 689/689/689
f 681/681/681 688/688/688 691/691/691
f 690/690/690 692/692/692 688/688/688
f 691/691/691 688/688/688 692/692/692
f 690/690/690 693/693/693 692/692/692
f 690/690/690 689/689/689 694/694/694
f 694/694/694 693/693/693 690/690/690
f 695/695/695 694/694/694 689/689/689
f 687/687/687 695/695/695 689/689/689
f 687/687/687 684/684/684 696/696/696
f 684/684/684 697/697/697 696/696/696
f 697/697/697 684/684/684 671/671/671
f 687/687/687 696/696/696 698/698/698
f 697/697/697 698/698/698 696/696/696
f 699/699/699 697/697/697 671/671/671
f 698/698/698 697/697/697 699/699/699
f 669/669/669 699/699/699 671/671/671
f 700/700/700 699/699/699 669/669/669
f 700/700/700 698/698/698 699/699/699
f 667/667/667 700/700/700 669/669/669
f 687/687/687 698/698/698 701/701/701
f 701/701/701 698/698/698 700/700/700
f 701/701/701 700/700/700 667/667/667
f 695/695/695 687/687/687 701/701/701
f 666/666/666 701/701/701 667/667/667
f 695/695/695 701/701/701 666/666/666
f 695/695/695 666/666/666 702/702/702
f 663/663/663 702/702/702 666/666/666
f 695/695/695 702/702/702 703/703/703
f 695/695/695 703/703/703 694/694/694
f 663/663/663 704/704/704 702/702/702
f 665/665/665 704/704/704 663/663/663
f 705/705/705 703/703/703 702/702/702
f 705/705/705 702/702/702 704/704/704
f 703/703/703 706/706/706 694/694/694
f 703/703/703 705/705/705 706/706/706
f 694/694/694 706/706/706 693/693/693
f 665/665/665 707/707/707 704/704/704
f 707/707/707 705/705/705 704/704/704
f 708/708/708 707/707/707 665/665/665
f 709/709/709 706/706/706 705/705/705
f 707/707/707 710/710/710 705/705/705
f 709/709/709 705/705/705 710/710/710
f 707/707/707 711/711/711 710/710/710
f 707/707/707 708/708/708 711/711/711
f 710/710/710 712/712/712 709/709/709
f 706/706/706 709/709/709 713/713/713
f 706/706/706 713/713/713 693/693/693
f 709/709/709 714/714/714 713/713/713
f 693/693/693 713/713/713 715/715/715
f 693/693/693 715/715/715 716/716/716
f 693/693/693 716/716/716 692/692/692
f 717/717/717 715/715/715 713/713/713
f 717/717/717 713/713/713 714/714/714
f 718/718/718 715/715/715 717/717/717
f 718/718/718 716/716/716 715/715/715
f 80/80/80 692/692/692 716/716/716
f 691/691/691 692/692/692 80/80/80
f 82/82/82 691/691/691 80/80/80
f 80/80/80 716/716/716 719/719/719
f 719/719/719 81/81/81 80/80/80
f 720/720/720 691/691/691 82/82/82
f 720/720/720 681/681/681 691/691/691
f 82/82/82 84/84/84 720/720/720
f 681/681/681 720/720/720 721/721/721
f 681/681/681 721/721/721 584/584/584
f 574/574/574 584/584/584 721/721/721
f 720/720/720 84/84/84 722/722/722
f 720/720/720 722/722/722 721/721/721
f 86/86/86 722/722/722 84/84/84
f 723/723/723 574/574/574 721/721/721
f 723/723/723 721/721/721 722/722/722
f 574/574/574 723/723/723 567/567/567
f 567/567/567 723/723/723 562/562/562
f 724/724/724 723/723/723 722/722/722
f 86/86/86 724/724/724 722/722/722
f 724/724/724 562/562/562 723/723/723
f 90/90/90 724/724/724 86/86/86
f 562/562/562 724/724/724 725/725/725
f 90/90/90 725/725/725 724/724/724
f 562/562/562 725/725/725 726/726/726
f 562/562/562 726/726/726 552/552/552
f 726/726/726 546/546/546 552/552/552
f 726/726/726 548/548/548 546/546/546
f 725/725/725 548/548/548 726/726/726
f 725/725/725 727/727/727 548/548/548
f 728/728/728 725/725/725 90/90/90
f 728/728/728 727/727/727 725/725/725
f 729/729/729 728/728/728 90/90/90
f 91/91/91 729/729/729 90/90/90
f 730/730/730 727/727/727 728/728/728
f 731/731/731 548/548/548 727/727/727
f 731/731/731 727/727/727 730/730/730
f 731/731/731 547/547/547 548/548/548
f 732/732/732 729/729/729 91/91/91
f 732/732/732 91/91/91 92/92/92
f 191/191/191 732/732/732 92/92/92
f 733/733/733 732/732/732 191/191/191
f 191/191/191 194/194/194 733/733/733
f 734/734/734 729/729/729 732/732/732
f 733/733/733 734/734/734 732/732/732
f 729/729/729 735/735/735 728/728/728
f 734/734/734 735/735/735 729/729/729
f 730/730/730 728/728/728 735/735/735
f 734/734/734 733/733/733 736/736/736
f 736/736/736 733/733/733 194/194/194
f 735/735/735 734/734/734 737/737/737
f 734/734/734 736/736/736 737/737/737
f 738/738/738 730/730/730 735/735/735
f 735/735/735 737/737/737 738/738/738
f 739/739/739 730/730/730 738/738/738
f 739/739/739 731/731/731 730/730/730
f 738/738/738 737/737/737 740/740/740
f 738/738/738 740/740/740 739/739/739
f 737/737/737 741/741/741 740/740/740
f 739/739/739 740/740/740 741/741/741
f 737/737/737 736/736/736 742/742/742
f 737/737/737 742/742/742 741/741/741
f 739/739/739 743/743/743 731/731/731
f 739/739/739 741/741/741 743/743/743
f 731/731/731 743/743/743 547/547/547
f 276/276/276 547/547/547 743/743/743
f 744/744/744 743/743/743 741/741/741
f 276/276/276 743/743/743 744/744/744
f 744/744/744 741/741/741 742/742/742
f 275/275/275 276/276/276 744/744/744
f 275/275/275 744/744/744 745/745/745
f 742/742/742 745/745/745 744/744/744
f 745/745/745 199/199/199 275/275/275
f 745/745/745 746/746/746 199/199/199
f 746/746/746 198/198/198 199/199/199
f 742/742/742 747/747/747 745/745/745
f 747/747/747 746/746/746 745/745/745
f 748/748/748 747/747/747 742/742/742
f 736/736/736 748/748/748 742/742/742
f 747/747/747 749/749/749 746/746/746
f 746/746/746 749/749/749 198/198/198
f 747/747/747 748/748/748 749/749/749
f 749/749/749 194/194/194 198/198/198
f 750/750/750 748/748/748 736/736/736
f 750/750/750 749/749/749 748/748/748
f 736/736/736 194/194/194 750/750/750
f 749/749/749 750/750/750 194/194/194
f 751/751/751 6/6/6 752/752/752
f 751/751/751 4/4/4 6/6/6
f 752/752/752 6/6/6 32/32/32
f 4/4/4 751/751/751 753/753/753
f 4/4/4 753/753/753 754/754/754
f 753/753/753 755/755/755 754/754/754
f 753/753/753 756/756/756 755/755/755
f 757/757/757 753/753/753 751/751/751
f 757/757/757 756/756/756 753/753/753
f 751/751/751 752/752/752 757/757/757
f 757/757/757 758/758/758 756/756/756
f 758/758/758 759/759/759 756/756/756
f 758/758/758 760/760/760 759/759/759
f 760/760/760 758/758/758 757/757/757
f 760/760/760 757/757/757 761/761/761
f 760/760/760 761/761/761 762/762/762
f 762/762/762 761/761/761 763/763/763
f 761/761/761 764/764/764 763/763/763
f 761/761/761 757/757/757 764/764/764
f 765/765/765 764/764/764 757/757/757
f 764/764/764 765/765/765 766/766/766
f 764/764/764 766/766/766 767/767/767
f 765/765/765 757/757/757 768/768/768
f 768/768/768 757/757/757 752/752/752
f 769/769/769 767/767/767 766/766/766
f 768/768/768 718/718/718 765/765/765
f 765/765/765 718/718/718 717/717/717
f 768/768/768 770/770/770 718/718/718
f 770/770/770 716/716/716 718/718/718
f 770/770/770 719/719/719 716/716/716
f 771/771/771 770/770/770 768/768/768
f 768/768/768 752/752/752 771/771/771
f 772/772/772 719/719/719 770/770/770
f 771/771/771 772/772/772 770/770/770
f 772/772/772 81/81/81 719/719/719
f 81/81/81 772/772/772 33/33/33
f 773/773/773 772/772/772 771/771/771
f 773/773/773 771/771/771 752/752/752
f 772/772/772 773/773/773 33/33/33
f 752/752/752 32/32/32 773/773/773
f 33/33/33 773/773/773 32/32/32
f 765/765/765 717/717/717 774/774/774
f 774/774/774 717/717/717 714/714/714
f 775/775/775 765/765/765 774/774/774
f 766/766/766 765/765/765 775/775/775
f 774/774/774 714/714/714 776/776/776
f 775/775/775 769/769/769 766/766/766
f 777/777/777 774/774/774 776/776/776
f 777/777/777 775/775/775 774/774/774
f 776/776/776 714/714/714 778/778/778
f 776/776/776 778/778/778 777/777/777
f 709/709/709 778/778/778 714/714/714
f 709/709/709 712/712/712 778/778/778
f 778/778/778 779/779/779 777/777/777
f 778/778/778 712/712/712 779/779/779
f 777/777/777 779/779/779 780/780/780
f 779/779/779 712/712/712 781/781/781
f 781/781/781 780/780/780 779/779/779
f 777/777/777 780/780/780 782/782/782
f 783/783/783 775/775/775 777/777/777
f 783/783/783 777/777/777 782/782/782
f 775/775/775 784/784/784 769/769/769
f 784/784/784 775/775/775 785/785/785
f 784/784/784 786/786/786 769/769/769
f 784/784/784 785/785/785 786/786/786
f 786/786/786 785/785/785 787/787/787
f 788/788/788 786/786/786 787/787/787
f 769/769/769 786/786/786 788/788/788
f 785/785/785 775/775/775 789/789/789
f 775/775/775 783/783/783 789/789/789
f 789/789/789 790/790/790 785/785/785
f 789/789/789 791/791/791 790/790/790
f 789/789/789 783/783/783 791/791/791
f 769/769/769 788/788/788 792/792/792
f 769/769/769 792/792/792 767/767/767
f 788/788/788 793/793/793 792/792/792
f 767/767/767 792/792/792 794/794/794
f 793/793/793 794/794/794 792/792/792
f 791/791/791 783/783/783 795/795/795
f 791/791/791 795/795/795 796/796/796
f 797/797/797 796/796/796 795/795/795
f 783/783/783 797/797/797 795/795/795
f 782/782/782 797/797/797 783/783/783
f 782/782/782 798/798/798 797/797/797
f 797/797/797 798/798/798 799/799/799
f 798/798/798 800/800/800 799/799/799
f 782/782/782 800/800/800 798/798/798
f 782/782/782 801/801/801 800/800/800
f 801/801/801 802/802/802 800/800/800
f 803/803/803 802/802/802 801/801/801
f 782/782/782 780/780/780 801/801/801
f 804/804/804 803/803/803 801/801/801
f 804/804/804 801/801/801 780/780/780
f 781/781/781 804/804/804 780/780/780
f 804/804/804 781/781/781 805/805/805
f 806/806/806 805/805/805 781/781/781
f 807/807/807 805/805/805 806/806/806
f 807/807/807 808/808/808 805/805/805
f 807/807/807 809/809/809 808/808/808
f 807/807/807 810/810/810 809/809/809
f 811/811/811 809/809/809 810/810/810
f 811/811/811 812/812/812 809/809/809
f 813/813/813 810/810/810 807/807/807
f 813/813/813 811/811/811 810/810/810
f 814/814/814 807/807/807 806/806/806
f 813/813/813 807/807/807 814/814/814
f 815/815/815 812/812/812 811/811/811
f 815/815/815 816/816/816 812/812/812
f 813/813/813 817/817/817 811/811/811
f 815/815/815 811/811/811 817/817/817
f 816/816/816 815/815/815 818/818/818
f 816/816/816 818/818/818 819/819/819
f 815/815/815 817/817/817 820/820/820
f 818/818/818 815/815/815 820/820/820
f 813/813/813 821/821/821 817/817/817
f 820/820/820 817/817/817 821/821/821
f 813/813/813 822/822/822 821/821/821
f 822/822/822 813/813/813 814/814/814
f 820/820/820 821/821/821 823/823/823
f 822/822/822 824/824/824 821/821/821
f 823/823/823 821/821/821 824/824/824
f 822/822/822 814/814/814 825/825/825
f 825/825/825 814/814/814 826/826/826
f 825/825/825 827/827/827 822/822/822
f 822/822/822 827/827/827 824/824/824
f 814/814/814 806/806/806 826/826/826
f 825/825/825 828/828/828 827/827/827
f 825/825/825 826/826/826 828/828/828
f 829/829/829 824/824/824 827/827/827
f 828/828/828 829/829/829 827/827/827
f 826/826/826 830/830/830 828/828/828
f 828/828/828 830/830/830 829/829/829
f 831/831/831 826/826/826 806/806/806
f 806/806/806 781/781/781 831/831/831
f 826/826/826 832/832/832 830/830/830
f 831/831/831 832/832/832 826/826/826
f 833/833/833 831/831/831 781/781/781
f 832/832/832 831/831/831 833/833/833
f 833/833/833 781/781/781 712/712/712
f 834/834/834 833/833/833 712/712/712
f 834/834/834 832/832/832 833/833/833
f 710/710/710 834/834/834 712/712/712
f 711/711/711 834/834/834 710/710/710
f 834/834/834 835/835/835 832/832/832
f 711/711/711 835/835/835 834/834/834
f 832/832/832 835/835/835 836/836/836
f 711/711/711 836/836/836 835/835/835
f 832/832/832 836/836/836 830/830/830
f 829/829/829 830/830/830 836/836/836
f 711/711/711 837/837/837 836/836/836
f 829/829/829 836/836/836 837/837/837
f 708/708/708 837/837/837 711/711/711
f 838/838/838 829/829/829 837/837/837
f 829/829/829 838/838/838 824/824/824
f 708/708/708 839/839/839 837/837/837
f 838/838/838 837/837/837 839/839/839
f 823/823/823 824/824/824 838/838/838
f 840/840/840 838/838/838 839/839/839
f 840/840/840 823/823/823 838/838/838
f 841/841/841 839/839/839 708/708/708
f 840/840/840 839/839/839 841/841/841
f 841/841/841 708/708/708 842/842/842
f 708/708/708 665/665/665 842/842/842
f 658/658/658 842/842/842 665/665/665
f 841/841/841 843/843/843 840/840/840
f 840/840/840 843/843/843 823/823/823
f 842/842/842 844/844/844 841/841/841
f 841/841/841 844/844/844 843/843/843
f 658/658/658 845/845/845 842/842/842
f 842/842/842 845/845/845 844/844/844
f 658/658/658 846/846/846 845/845/845
f 846/846/846 658/658/658 656/656/656
f 844/844/844 845/845/845 847/847/847
f 846/846/846 847/847/847 845/845/845
f 844/844/844 847/847/847 848/848/848
f 848/848/848 843/843/843 844/844/844
f 846/846/846 849/849/849 847/847/847
f 849/849/849 848/848/848 847/847/847
f 846/846/846 656/656/656 849/849/849
f 848/848/848 850/850/850 843/843/843
f 850/850/850 823/823/823 843/843/843
f 850/850/850 820/820/820 823/823/823
f 818/818/818 820/820/820 850/850/850
f 849/849/849 851/851/851 848/848/848
f 850/850/850 848/848/848 851/851/851
f 850/850/850 851/851/851 818/818/818
f 656/656/656 851/851/851 849/849/849
f 818/818/818 851/851/851 852/852/852
f 656/656/656 852/852/852 851/851/851
f 818/818/818 852/852/852 819/819/819
f 852/852/852 853/853/853 819/819/819
f 854/854/854 852/852/852 656/656/656
f 854/854/854 853/853/853 852/852/852
f 656/656/656 655/655/655 854/854/854
f 853/853/853 854/854/854 855/855/855
f 855/855/855 854/854/854 655/655/655
f 856/856/856 857/857/857 858/858/858
f 511/511/511 502/502/502 859/859/859
f 587/587/587 859/859/859 502/502/502
f 518/518/518 511/511/511 859/859/859
f 587/587/587 860/860/860 859/859/859
f 587/587/587 579/579/579 860/860/860
f 518/518/518 859/859/859 861/861/861
f 860/860/860 861/861/861 859/859/859
f 518/518/518 861/861/861 862/862/862
f 518/518/518 862/862/862 533/533/533
f 862/862/862 535/535/535 533/533/533
f 863/863/863 862/862/862 861/861/861
f 860/860/860 863/863/863 861/861/861
f 862/862/862 864/864/864 535/535/535
f 863/863/863 864/864/864 862/862/862
f 563/563/563 535/535/535 864/864/864
f 865/865/865 864/864/864 863/863/863
f 563/563/563 864/864/864 865/865/865
f 860/860/860 866/866/866 863/863/863
f 865/865/865 863/863/863 866/866/866
f 866/866/866 563/563/563 865/865/865
f 860/860/860 579/579/579 866/866/866
f 866/866/866 569/569/569 563/563/563
f 579/579/579 569/569/569 866/866/866
