o Sponza_Mesh_052
v 3.944724 1.846948 6.736400
v 3.935715 1.847573 6.738732
v 3.935715 2.157941 6.655570
v 3.944724 2.157316 6.653238
v 3.929120 2.159648 6.661939
v 3.929120 1.849279 6.745103
v 3.926706 2.161979 6.670642
v 3.926706 1.851611 6.753805
v 3.929120 2.164311 6.679345
v 3.929120 1.853943 6.762507
v 3.935715 2.166018 6.685714
v 3.935715 1.855650 6.768877
v 3.944724 2.166643 6.688046
v 3.944724 1.856275 6.771209
v 3.953733 2.166018 6.685714
v 3.953733 1.855650 6.768877
v 3.960328 2.164311 6.679345
v 3.960328 1.853943 6.762507
v 3.962742 2.161979 6.670642
v 3.962742 1.851611 6.753805
v 3.960328 2.159648 6.661939
v 3.960328 1.849279 6.745103
v 3.953733 2.157941 6.655570
v 3.953733 1.847573 6.738732
v 3.944724 2.157316 6.653238
v 3.944724 1.846948 6.736400
v 3.944724 1.536579 6.819563
v 3.935715 1.537204 6.821895
v 3.935715 1.847573 6.738732
v 3.944724 1.846948 6.736400
v 3.929120 1.849279 6.745103
v 3.929120 1.538911 6.828265
v 3.926706 1.851611 6.753805
v 3.926706 1.541243 6.836968
v 3.929120 1.853943 6.762507
v 3.929120 1.543574 6.845670
v 3.935715 1.855650 6.768877
v 3.935715 1.545282 6.852039
v 3.944724 1.856275 6.771209
v 3.944724 1.545906 6.854371
v 3.953733 1.855650 6.768877
v 3.953733 1.545282 6.852039
v 3.960328 1.853943 6.762507
v 3.960328 1.543574 6.845670
v 3.962742 1.851611 6.753805
v 3.962742 1.541243 6.836968
v 3.960328 1.849279 6.745103
v 3.960328 1.538911 6.828265
v 3.953733 1.847573 6.738732
v 3.953733 1.537204 6.821895
v 3.944724 1.846948 6.736400
v 3.944724 1.536579 6.819563
v 3.944724 1.226211 6.902727
v 3.935715 1.226836 6.905058
v 3.935715 1.537204 6.821895
v 3.944724 1.536579 6.819563
v 3.929120 1.538911 6.828265
v 3.929120 1.228543 6.911429
v 3.926706 1.541243 6.836968
v 3.926706 1.230875 6.920130
v 3.929120 1.543574 6.845670
v 3.929120 1.233206 6.928832
v 3.935715 1.545282 6.852039
v 3.935715 1.234914 6.935203
v 3.944724 1.545906 6.854371
v 3.944724 1.235539 6.937535
v 3.953733 1.545282 6.852039
v 3.953733 1.234914 6.935203
v 3.960328 1.543574 6.845670
v 3.960328 1.233206 6.928832
v 3.962742 1.541243 6.836968
v 3.962742 1.230875 6.920130
v 3.960328 1.538911 6.828265
v 3.960328 1.228543 6.911429
v 3.953733 1.537204 6.821895
v 3.953733 1.226836 6.905058
v 3.944724 1.536579 6.819563
v 3.944724 1.226211 6.902727
v 3.940502 0.634529 7.074847
v 3.942287 0.634066 7.073123
v 3.944724 0.633898 7.072493
v 3.948945 0.634529 7.074847
v 3.947161 0.634066 7.073123
v 3.940502 0.635790 7.079555
v 3.939849 0.635159 7.077201
v 3.948945 0.635790 7.079555
v 3.949599 0.635159 7.077201
v 3.944724 0.636421 7.081909
v 3.947161 0.636252 7.081278
v 3.942287 0.636252 7.081278
v 3.944724 0.817751 7.005217
v 3.932355 0.818609 7.008418
v 3.935715 0.846176 7.007056
v 3.944724 0.791759 7.012459
v 3.944724 0.845551 7.004724
v 3.935715 1.226836 6.905058
v 3.944724 1.226211 6.902727
v 3.929120 1.228543 6.911429
v 3.929120 0.847883 7.013426
v 3.926706 1.230875 6.920130
v 3.932490 0.792608 7.015626
v 3.944724 0.737967 7.020196
v 3.923301 0.820952 7.017163
v 3.926706 0.850215 7.022128
v 3.929120 1.233206 6.928832
v 3.929265 0.739039 7.024197
v 3.944724 0.683737 7.038149
v 3.923534 0.794926 7.024277
v 3.931534 0.684652 7.041563
v 3.944724 0.633898 7.072493
v 3.942287 0.634066 7.073123
v 3.921878 0.687150 7.050889
v 3.940502 0.634529 7.074847
v 3.939849 0.635159 7.077201
v 3.917948 0.741969 7.035128
v 3.918343 0.690565 7.063631
v 3.940502 0.635790 7.079555
v 3.920255 0.798092 7.036094
v 3.913806 0.745970 7.050060
v 3.921878 0.693978 7.076371
v 3.931534 0.696478 7.085698
v 3.942287 0.636252 7.081278
v 3.917948 0.749970 7.064993
v 3.923534 0.801258 7.047911
v 3.929265 0.752899 7.075924
v 3.944724 0.697393 7.089112
v 3.944724 0.636421 7.081909
v 3.944724 0.753972 7.079925
v 3.932490 0.803577 7.056563
v 3.944724 0.804425 7.059728
v 3.957914 0.696478 7.085698
v 3.947161 0.636252 7.081278
v 3.960183 0.752899 7.075924
v 3.956958 0.803577 7.056563
v 3.967570 0.693978 7.076371
v 3.948945 0.635790 7.079555
v 3.971499 0.749970 7.064993
v 3.965914 0.801258 7.047911
v 3.971104 0.690565 7.063631
v 3.949599 0.635159 7.077201
v 3.975642 0.745970 7.050060
v 3.969191 0.798092 7.036094
v 3.967570 0.687150 7.050889
v 3.948945 0.634529 7.074847
v 3.971499 0.741968 7.035128
v 3.965914 0.794926 7.024277
v 3.957914 0.684652 7.041563
v 3.947161 0.634066 7.073123
v 3.944724 0.683737 7.038149
v 3.944724 0.633898 7.072493
v 3.944724 0.737967 7.020196
v 3.960183 0.739039 7.024197
v 3.944724 0.791759 7.012459
v 3.956958 0.792608 7.015626
v 3.944724 0.817751 7.005217
v 3.957092 0.818609 7.008418
v 3.944724 0.845551 7.004724
v 3.966147 0.820952 7.017163
v 3.953733 0.846176 7.007056
v 3.944724 1.226211 6.902727
v 3.953733 1.226836 6.905058
v 3.960328 0.847883 7.013426
v 3.960328 1.228543 6.911429
v 3.969461 0.824154 7.029112
v 3.962742 0.850215 7.022128
v 3.962742 1.230875 6.920130
v 3.966147 0.827354 7.041058
v 3.960328 0.852546 7.030830
v 3.960328 1.233206 6.928832
v 3.957092 0.829698 7.049805
v 3.953733 0.854254 7.037201
v 3.953733 1.234914 6.935203
v 3.944724 0.830556 7.053005
v 3.944724 0.854878 7.039533
v 3.944724 1.235539 6.937535
v 3.932355 0.829698 7.049805
v 3.935715 0.854254 7.037201
v 3.935715 1.234914 6.935203
v 3.923301 0.827354 7.041058
v 3.929120 0.852546 7.030830
v 3.919987 0.824154 7.029112
v 4.022725 2.062271 6.734502
v 4.017616 2.042778 6.733133
v 4.020296 2.042778 6.713126
v 4.014517 2.062271 6.754447
v 4.025589 2.062271 6.713126
v 4.009935 2.042778 6.751800
v 4.017616 2.042778 6.693119
v 4.001349 2.062271 6.771527
v 4.022725 2.062271 6.691751
v 3.997609 2.042778 6.767787
v 4.009935 2.042778 6.674453
v 3.984269 2.062271 6.784696
v 4.014518 2.062271 6.671807
v 3.981623 2.042778 6.780112
v 3.997610 2.042778 6.658468
v 3.964326 2.062271 6.792903
v 4.001350 2.062271 6.654727
v 3.962957 2.042778 6.787794
v 3.981623 2.042778 6.646143
v 3.942951 2.062271 6.795766
v 3.984271 2.062271 6.641559
v 3.942951 2.042778 6.790474
v 3.962957 2.042778 6.638461
v 3.921575 2.062271 6.792902
v 3.964325 2.062271 6.633351
v 3.922943 2.042778 6.787793
v 3.942950 2.042778 6.635780
v 3.901631 2.062271 6.784694
v 3.942949 2.062271 6.630488
v 3.904276 2.042778 6.780112
v 3.922943 2.042778 6.638460
v 3.884550 2.062271 6.771526
v 3.921574 2.062271 6.633351
v 3.888290 2.042778 6.767786
v 3.904276 2.042778 6.646143
v 3.871382 2.062271 6.754446
v 3.901630 2.062271 6.641559
v 3.875965 2.042778 6.751800
v 3.888290 2.042778 6.658467
v 3.863174 2.062271 6.734502
v 3.884550 2.062271 6.654727
v 3.868283 2.042778 6.733133
v 3.875966 2.042778 6.674453
v 3.860310 2.062271 6.713127
v 3.871382 2.062271 6.671807
v 3.865602 2.042778 6.713127
v 3.868283 2.042778 6.693120
v 3.863174 2.062271 6.691751
v 3.981517 2.006753 6.723461
v 3.985167 2.014256 6.724439
v 3.980823 2.014256 6.734993
v 3.986681 2.014255 6.713127
v 3.988594 2.029830 6.725357
v 3.990232 2.029830 6.713127
v 3.995045 2.034469 6.713127
v 3.988594 2.029830 6.700897
v 3.993240 2.034469 6.699652
v 3.985167 2.014256 6.701816
v 4.008103 2.037015 6.713126
v 3.981517 2.006753 6.702793
v 3.982902 2.006753 6.713127
v 3.975209 2.003094 6.713127
v 3.974091 2.003094 6.721471
v 3.974091 2.003094 6.704783
v 3.970887 2.003094 6.729256
v 3.970887 2.003094 6.696997
v 3.977549 2.006753 6.733103
v 3.971183 2.006753 6.741360
v 3.965747 2.003094 6.735924
v 3.959079 2.003094 6.741064
v 3.977549 2.006753 6.693152
v 3.962926 2.006753 6.747726
v 3.980823 2.014255 6.691261
v 3.971183 2.006753 6.684894
v 3.965747 2.003094 6.690330
v 3.959079 2.003094 6.685189
v 3.962926 2.006753 6.678528
v 3.983898 2.029830 6.689486
v 3.973855 2.014255 6.682222
v 3.964815 2.014256 6.675254
v 3.953284 2.006753 6.674559
v 3.951294 2.003094 6.681986
v 3.942950 2.003094 6.680868
v 3.976363 2.029830 6.679713
v 3.966591 2.029830 6.672180
v 3.942950 2.006753 6.673176
v 3.955180 2.029830 6.667484
v 3.954262 2.014256 6.670910
v 3.942950 2.014256 6.669395
v 3.932616 2.006753 6.674559
v 3.934606 2.003094 6.681986
v 3.926820 2.003094 6.685189
v 3.922974 2.006753 6.678528
v 3.942950 2.029830 6.665845
v 3.921084 2.014256 6.675254
v 3.914716 2.006753 6.684894
v 3.920153 2.003094 6.690330
v 3.915012 2.003094 6.696997
v 3.931638 2.014256 6.670910
v 3.930719 2.029830 6.667484
v 3.919309 2.029830 6.672180
v 3.908351 2.006753 6.693152
v 3.909536 2.029830 6.679713
v 3.912046 2.014256 6.682222
v 3.905077 2.014255 6.691261
v 3.904383 2.006753 6.702793
v 3.911808 2.003094 6.704783
v 3.910691 2.003094 6.713127
v 3.902998 2.006753 6.713127
v 3.902002 2.029830 6.689486
v 3.899219 2.014255 6.713127
v 3.904383 2.006753 6.723461
v 3.911808 2.003094 6.721471
v 3.915012 2.003094 6.729256
v 3.900734 2.014256 6.701816
v 3.897307 2.029830 6.700897
v 3.895667 2.029830 6.713127
v 3.908351 2.006753 6.733103
v 3.897307 2.029830 6.725357
v 3.900734 2.014256 6.724439
v 3.905077 2.014256 6.734993
v 3.914716 2.006753 6.741360
v 3.920153 2.003094 6.735924
v 3.926820 2.003094 6.741064
v 3.922974 2.006753 6.747726
v 3.902002 2.029830 6.736767
v 3.921084 2.014256 6.750999
v 3.932616 2.006753 6.751694
v 3.934606 2.003094 6.744268
v 3.942950 2.003094 6.745386
v 3.912046 2.014256 6.744031
v 3.909536 2.029830 6.746540
v 3.919309 2.029830 6.754075
v 3.942950 2.006753 6.753079
v 3.930720 2.029830 6.758771
v 3.931638 2.014256 6.755343
v 3.942950 2.014256 6.756859
v 3.953284 2.006753 6.751694
v 3.951294 2.003094 6.744268
v 3.964815 2.014256 6.750999
v 3.954262 2.014256 6.755343
v 3.973855 2.014256 6.744031
v 3.966591 2.029830 6.754075
v 3.983898 2.029830 6.736767
v 3.976363 2.029830 6.746540
v 3.993240 2.034469 6.726602
v 3.988066 2.034469 6.739175
v 3.979765 2.034469 6.749942
v 4.005846 2.037015 6.729979
v 3.999375 2.037015 6.745703
v 3.988992 2.037015 6.759170
v 4.007818 2.041464 6.750578
v 4.015257 2.041464 6.732501
v 3.995882 2.041464 6.766059
v 4.017616 2.042778 6.733133
v 4.009935 2.042778 6.751800
v 4.020296 2.042778 6.713126
v 3.997609 2.042778 6.767787
v 4.017853 2.041464 6.713126
v 4.017616 2.042778 6.693119
v 3.980400 2.041464 6.777995
v 3.981623 2.042778 6.780112
v 3.975527 2.037015 6.769552
v 3.962324 2.041464 6.785434
v 3.962957 2.042778 6.787794
v 3.968997 2.034469 6.758243
v 3.959803 2.037015 6.776023
v 3.942951 2.041464 6.788030
v 3.942951 2.042778 6.790474
v 3.955180 2.029830 6.758771
v 3.956425 2.034469 6.763417
v 3.942950 2.029830 6.760409
v 3.942950 2.034469 6.765222
v 3.942951 2.037015 6.778280
v 3.929475 2.034469 6.763417
v 3.926097 2.037015 6.776023
v 3.923576 2.041464 6.785434
v 3.922943 2.042778 6.787793
v 3.905498 2.041464 6.777995
v 3.904276 2.042778 6.780112
v 3.910373 2.037015 6.769552
v 3.890017 2.041464 6.766059
v 3.888290 2.042778 6.767786
v 3.916902 2.034469 6.758243
v 3.896907 2.037015 6.759169
v 3.906135 2.034469 6.749942
v 3.878082 2.041464 6.750577
v 3.875965 2.042778 6.751800
v 3.886525 2.037015 6.745703
v 3.897834 2.034469 6.739175
v 3.870643 2.041464 6.732501
v 3.868283 2.042778 6.733133
v 3.880054 2.037015 6.729979
v 3.892660 2.034469 6.726602
v 3.868047 2.041464 6.713127
v 3.865602 2.042778 6.713127
v 3.877796 2.037015 6.713127
v 3.890855 2.034469 6.713127
v 3.870643 2.041464 6.693752
v 3.868283 2.042778 6.693120
v 3.880054 2.037015 6.696274
v 3.892660 2.034469 6.699652
v 3.878083 2.041464 6.675676
v 3.875966 2.042778 6.674453
v 3.886525 2.037015 6.680550
v 3.897834 2.034469 6.687079
v 3.890018 2.041464 6.660195
v 3.888290 2.042778 6.658467
v 3.896907 2.037015 6.667083
v 3.906135 2.034469 6.676311
v 3.905498 2.041464 6.648259
v 3.904276 2.042778 6.646143
v 3.910373 2.037015 6.656702
v 3.916902 2.034469 6.668011
v 3.923575 2.041464 6.640820
v 3.922943 2.042778 6.638460
v 3.926097 2.037015 6.650231
v 3.929475 2.034469 6.662837
v 3.942950 2.041464 6.638224
v 3.942950 2.042778 6.635780
v 3.942950 2.037015 6.647973
v 3.942950 2.034469 6.661032
v 3.962324 2.041464 6.640820
v 3.962957 2.042778 6.638461
v 3.959803 2.037015 6.650231
v 3.956425 2.034469 6.662837
v 3.980402 2.041464 6.648260
v 3.981623 2.042778 6.646143
v 3.975527 2.037015 6.656703
v 3.968998 2.034469 6.668011
v 3.995883 2.041464 6.660195
v 3.997610 2.042778 6.658468
v 3.988993 2.037015 6.667084
v 3.979765 2.034469 6.676311
v 4.007818 2.041464 6.675676
v 4.009935 2.042778 6.674453
v 3.999375 2.037015 6.680550
v 3.988066 2.034469 6.687079
v 4.015257 2.041464 6.693751
v 4.005846 2.037015 6.696274
v 3.974091 2.003094 6.721471
v 3.970031 2.020443 6.720384
v 3.971003 2.020444 6.713127
v 3.970887 2.003094 6.729256
v 3.975209 2.003094 6.713127
v 3.967245 2.020443 6.727154
v 3.970031 2.020444 6.705871
v 3.965747 2.003094 6.735924
v 3.974091 2.003094 6.704783
v 3.962775 2.020444 6.732951
v 3.967245 2.020443 6.699100
v 3.959079 2.003094 6.741064
v 3.970887 2.003094 6.696997
v 3.956977 2.020443 6.737422
v 3.962775 2.020443 6.693302
v 3.951294 2.003094 6.744268
v 3.965747 2.003094 6.690330
v 3.950206 2.020444 6.740207
v 3.956977 2.020444 6.688831
v 3.942950 2.003094 6.745386
v 3.959079 2.003094 6.685189
v 3.942950 2.020443 6.741180
v 3.950206 2.020444 6.686046
v 3.934606 2.003094 6.744268
v 3.951294 2.003094 6.681986
v 3.935694 2.020444 6.740207
v 3.942950 2.020444 6.685074
v 3.926820 2.003094 6.741064
v 3.942950 2.003094 6.680868
v 3.928923 2.020443 6.737422
v 3.935694 2.020444 6.686046
v 3.920153 2.003094 6.735924
v 3.934606 2.003094 6.681986
v 3.923125 2.020444 6.732951
v 3.928923 2.020444 6.688831
v 3.915012 2.003094 6.729256
v 3.926820 2.003094 6.685189
v 3.918654 2.020443 6.727154
v 3.923125 2.020443 6.693302
v 3.911808 2.003094 6.721471
v 3.920153 2.003094 6.690330
v 3.915869 2.020443 6.720384
v 3.918654 2.020444 6.699100
v 3.910691 2.003094 6.713127
v 3.915012 2.003094 6.696997
v 3.914897 2.020444 6.713127
v 3.915869 2.020444 6.705871
v 3.911808 2.003094 6.704783
v 3.971003 2.020444 6.713127
v 3.970031 2.020443 6.720384
v 3.942950 2.022447 6.713127
v 3.970031 2.020444 6.705871
v 3.967245 2.020443 6.727154
v 3.967245 2.020443 6.699100
v 3.962775 2.020444 6.732951
v 3.962775 2.020443 6.693302
v 3.956977 2.020443 6.737422
v 3.956977 2.020444 6.688831
v 3.950206 2.020444 6.740207
v 3.950206 2.020444 6.686046
v 3.942950 2.020443 6.741180
v 3.942950 2.020444 6.685074
v 3.935694 2.020444 6.740207
v 3.935694 2.020444 6.686046
v 3.928923 2.020443 6.737422
v 3.928923 2.020444 6.688831
v 3.923125 2.020444 6.732951
v 3.923125 2.020443 6.693302
v 3.918654 2.020444 6.699100
v 3.918654 2.020443 6.727154
v 3.915869 2.020444 6.705871
v 3.915869 2.020443 6.720384
v 3.914897 2.020444 6.713127
v 1.054050 2.062271 6.734502
v 1.048942 2.042778 6.733133
v 1.051622 2.042778 6.713126
v 1.045842 2.062271 6.754447
v 1.056914 2.062271 6.713126
v 1.041260 2.042778 6.751800
v 1.048942 2.042778 6.693119
v 1.032674 2.062271 6.771527
v 1.054050 2.062271 6.691751
v 1.028934 2.042778 6.767787
v 1.041260 2.042778 6.674453
v 1.015594 2.062271 6.784696
v 1.045843 2.062271 6.671807
v 1.012948 2.042778 6.780112
v 1.028935 2.042778 6.658468
v 0.995651 2.062271 6.792903
v 1.032675 2.062271 6.654727
v 0.994282 2.042778 6.787794
v 1.012950 2.042778 6.646143
v 0.974276 2.062271 6.795766
v 1.015595 2.062271 6.641559
v 0.974276 2.042778 6.790474
v 0.994282 2.042778 6.638461
v 0.952900 2.062271 6.792902
v 0.995651 2.062271 6.633351
v 0.954269 2.042778 6.787793
v 0.974274 2.042778 6.635780
v 0.932956 2.062271 6.784694
v 0.974274 2.062271 6.630488
v 0.935602 2.042778 6.780112
v 0.954268 2.042778 6.638460
v 0.915875 2.062271 6.771526
v 0.952899 2.062271 6.633351
v 0.919615 2.042778 6.767786
v 0.935602 2.042778 6.646143
v 0.902707 2.062271 6.754446
v 0.932955 2.062271 6.641559
v 0.907290 2.042778 6.751800
v 0.919616 2.042778 6.658467
v 0.894500 2.062271 6.734502
v 0.915876 2.062271 6.654727
v 0.899609 2.042778 6.733133
v 0.907291 2.042778 6.674453
v 0.891636 2.062271 6.713127
v 0.902708 2.062271 6.671807
v 0.896929 2.042778 6.713127
v 0.899609 2.042778 6.693120
v 0.894500 2.062271 6.691751
v 1.012842 2.006753 6.723461
v 1.016491 2.014256 6.724439
v 1.012148 2.014256 6.734993
v 1.018007 2.014255 6.713127
v 1.019919 2.029830 6.725357
v 1.021558 2.029830 6.713127
v 1.026371 2.034469 6.713127
v 1.019919 2.029830 6.700897
v 1.024566 2.034469 6.699652
v 1.016491 2.014256 6.701816
v 1.039429 2.037015 6.713126
v 1.012842 2.006753 6.702793
v 1.014227 2.006753 6.713127
v 1.006534 2.003094 6.713127
v 1.005417 2.003094 6.721471
v 1.005417 2.003094 6.704783
v 1.002213 2.003094 6.729256
v 1.002213 2.003094 6.696997
v 1.008874 2.006753 6.733103
v 1.002509 2.006753 6.741360
v 0.997073 2.003094 6.735924
v 0.990405 2.003094 6.741064
v 1.008874 2.006753 6.693152
v 0.994251 2.006753 6.747726
v 1.012148 2.014255 6.691261
v 1.002509 2.006753 6.684894
v 0.997073 2.003094 6.690330
v 0.990405 2.003094 6.685189
v 0.994251 2.006753 6.678528
v 1.015223 2.029830 6.689486
v 1.005180 2.014255 6.682222
v 0.996141 2.014256 6.675254
v 0.984610 2.006753 6.674559
v 0.982620 2.003094 6.681986
v 0.974275 2.003094 6.680868
v 1.007689 2.029830 6.679713
v 0.997917 2.029830 6.672180
v 0.974275 2.006753 6.673176
v 0.986506 2.029830 6.667484
v 0.985587 2.014256 6.670910
v 0.974275 2.014256 6.669395
v 0.963942 2.006753 6.674559
v 0.965931 2.003094 6.681986
v 0.958146 2.003094 6.685189
v 0.954299 2.006753 6.678528
v 0.974275 2.029830 6.665845
v 0.952410 2.014256 6.675254
v 0.946042 2.006753 6.684894
v 0.951478 2.003094 6.690330
v 0.946338 2.003094 6.696997
v 0.962964 2.014256 6.670910
v 0.962045 2.029830 6.667484
v 0.950634 2.029830 6.672180
v 0.939676 2.006753 6.693152
v 0.940862 2.029830 6.679713
v 0.943371 2.014256 6.682222
v 0.936402 2.014255 6.691261
v 0.935708 2.006753 6.702793
v 0.943134 2.003094 6.704783
v 0.942016 2.003094 6.713127
v 0.934324 2.006753 6.713127
v 0.933328 2.029830 6.689486
v 0.930544 2.014255 6.713127
v 0.935708 2.006753 6.723461
v 0.943134 2.003094 6.721471
v 0.946338 2.003094 6.729256
v 0.932059 2.014256 6.701816
v 0.928632 2.029830 6.700897
v 0.926993 2.029830 6.713127
v 0.939676 2.006753 6.733103
v 0.928632 2.029830 6.725357
v 0.932059 2.014256 6.724439
v 0.936402 2.014256 6.734993
v 0.946042 2.006753 6.741360
v 0.951478 2.003094 6.735924
v 0.958146 2.003094 6.741064
v 0.954299 2.006753 6.747726
v 0.933328 2.029830 6.736767
v 0.952410 2.014256 6.750999
v 0.963942 2.006753 6.751694
v 0.965931 2.003094 6.744268
v 0.974275 2.003094 6.745386
v 0.943371 2.014256 6.744031
v 0.940862 2.029830 6.746540
v 0.950634 2.029830 6.754075
v 0.974275 2.006753 6.753079
v 0.962045 2.029830 6.758771
v 0.962964 2.014256 6.755343
v 0.974275 2.014256 6.756859
v 0.984610 2.006753 6.751694
v 0.982620 2.003094 6.744268
v 0.996141 2.014256 6.750999
v 0.985587 2.014256 6.755343
v 1.005180 2.014256 6.744031
v 0.997917 2.029830 6.754075
v 1.015223 2.029830 6.736767
v 1.007689 2.029830 6.746540
v 1.024566 2.034469 6.726602
v 1.019391 2.034469 6.739175
v 1.011090 2.034469 6.749942
v 1.037171 2.037015 6.729979
v 1.030700 2.037015 6.745703
v 1.020318 2.037015 6.759170
v 1.039143 2.041464 6.750578
v 1.046582 2.041464 6.732501
v 1.027207 2.041464 6.766059
v 1.048942 2.042778 6.733133
v 1.041260 2.042778 6.751800
v 1.051622 2.042778 6.713126
v 1.028934 2.042778 6.767787
v 1.049178 2.041464 6.713126
v 1.048942 2.042778 6.693119
v 1.011726 2.041464 6.777995
v 1.012948 2.042778 6.780112
v 1.006852 2.037015 6.769552
v 0.993650 2.041464 6.785434
v 0.994282 2.042778 6.787794
v 1.000323 2.034469 6.758243
v 0.991128 2.037015 6.776023
v 0.974276 2.041464 6.788030
v 0.974276 2.042778 6.790474
v 0.986506 2.029830 6.758771
v 0.987750 2.034469 6.763417
v 0.974275 2.029830 6.760409
v 0.974276 2.034469 6.765222
v 0.974276 2.037015 6.778280
v 0.960800 2.034469 6.763417
v 0.957423 2.037015 6.776023
v 0.954902 2.041464 6.785434
v 0.954269 2.042778 6.787793
v 0.936824 2.041464 6.777995
v 0.935602 2.042778 6.780112
v 0.941698 2.037015 6.769552
v 0.921342 2.041464 6.766059
v 0.919615 2.042778 6.767786
v 0.948228 2.034469 6.758243
v 0.928233 2.037015 6.759169
v 0.937461 2.034469 6.749942
v 0.909407 2.041464 6.750577
v 0.907290 2.042778 6.751800
v 0.917850 2.037015 6.745703
v 0.929159 2.034469 6.739175
v 0.901968 2.041464 6.732501
v 0.899609 2.042778 6.733133
v 0.911379 2.037015 6.729979
v 0.923986 2.034469 6.726602
v 0.899373 2.041464 6.713127
v 0.896929 2.042778 6.713127
v 0.909122 2.037015 6.713127
v 0.922180 2.034469 6.713127
v 0.901969 2.041464 6.693752
v 0.899609 2.042778 6.693120
v 0.911380 2.037015 6.696274
v 0.923986 2.034469 6.699652
v 0.909408 2.041464 6.675676
v 0.907291 2.042778 6.674453
v 0.917850 2.037015 6.680550
v 0.929159 2.034469 6.687079
v 0.921343 2.041464 6.660195
v 0.919616 2.042778 6.658467
v 0.928233 2.037015 6.667083
v 0.937461 2.034469 6.676311
v 0.936824 2.041464 6.648259
v 0.935602 2.042778 6.646143
v 0.941698 2.037015 6.656702
v 0.948227 2.034469 6.668011
v 0.954900 2.041464 6.640820
v 0.954268 2.042778 6.638460
v 0.957422 2.037015 6.650231
v 0.960800 2.034469 6.662837
v 0.974274 2.041464 6.638224
v 0.974274 2.042778 6.635780
v 0.974275 2.037015 6.647973
v 0.974275 2.034469 6.661032
v 0.993650 2.041464 6.640820
v 0.994282 2.042778 6.638461
v 0.991128 2.037015 6.650231
v 0.987750 2.034469 6.662837
v 1.011727 2.041464 6.648260
v 1.012950 2.042778 6.646143
v 1.006853 2.037015 6.656703
v 1.000323 2.034469 6.668011
v 1.027208 2.041464 6.660195
v 1.028935 2.042778 6.658468
v 1.020318 2.037015 6.667084
v 1.011090 2.034469 6.676311
v 1.039143 2.041464 6.675676
v 1.041260 2.042778 6.674453
v 1.030700 2.037015 6.680550
v 1.019391 2.034469 6.687079
v 1.046582 2.041464 6.693751
v 1.037171 2.037015 6.696274
v 1.005417 2.003094 6.721471
v 1.001357 2.020443 6.720384
v 1.002329 2.020444 6.713127
v 1.002213 2.003094 6.729256
v 1.006534 2.003094 6.713127
v 0.998570 2.020443 6.727154
v 1.001357 2.020444 6.705871
v 0.997073 2.003094 6.735924
v 1.005417 2.003094 6.704783
v 0.994100 2.020444 6.732951
v 0.998570 2.020443 6.699100
v 0.990405 2.003094 6.741064
v 1.002213 2.003094 6.696997
v 0.988302 2.020443 6.737422
v 0.994100 2.020443 6.693302
v 0.982620 2.003094 6.744268
v 0.997073 2.003094 6.690330
v 0.981532 2.020444 6.740207
v 0.988302 2.020444 6.688831
v 0.974275 2.003094 6.745386
v 0.990405 2.003094 6.685189
v 0.974275 2.020443 6.741180
v 0.981532 2.020444 6.686046
v 0.965931 2.003094 6.744268
v 0.982620 2.003094 6.681986
v 0.967019 2.020444 6.740207
v 0.974275 2.020444 6.685074
v 0.958146 2.003094 6.741064
v 0.974275 2.003094 6.680868
v 0.960249 2.020443 6.737422
v 0.967019 2.020444 6.686046
v 0.951478 2.003094 6.735924
v 0.965931 2.003094 6.681986
v 0.954450 2.020444 6.732951
v 0.960249 2.020444 6.688831
v 0.946338 2.003094 6.729256
v 0.958146 2.003094 6.685189
v 0.949981 2.020443 6.727154
v 0.954450 2.020443 6.693302
v 0.943134 2.003094 6.721471
v 0.951478 2.003094 6.690330
v 0.947194 2.020443 6.720384
v 0.949981 2.020444 6.699100
v 0.942016 2.003094 6.713127
v 0.946338 2.003094 6.696997
v 0.946222 2.020444 6.713127
v 0.947194 2.020444 6.705871
v 0.943134 2.003094 6.704783
v 1.002329 2.020444 6.713127
v 1.001357 2.020443 6.720384
v 0.974275 2.022447 6.713127
v 1.001357 2.020444 6.705871
v 0.998570 2.020443 6.727154
v 0.998570 2.020443 6.699100
v 0.994100 2.020444 6.732951
v 0.994100 2.020443 6.693302
v 0.988302 2.020443 6.737422
v 0.988302 2.020444 6.688831
v 0.981532 2.020444 6.740207
v 0.981532 2.020444 6.686046
v 0.974275 2.020443 6.741180
v 0.974275 2.020444 6.685074
v 0.967019 2.020444 6.740207
v 0.967019 2.020444 6.686046
v 0.960249 2.020443 6.737422
v 0.960249 2.020444 6.688831
v 0.954450 2.020444 6.732951
v 0.954450 2.020443 6.693302
v 0.949981 2.020444 6.699100
v 0.949981 2.020443 6.727154
v 0.947194 2.020444 6.705871
v 0.947194 2.020443 6.720384
v 0.946222 2.020444 6.713127
v 0.976050 1.846948 6.736400
v 0.967040 1.847573 6.738732
v 0.967040 2.157941 6.655570
v 0.976050 2.157316 6.653238
v 0.960446 2.159648 6.661939
v 0.960446 1.849279 6.745103
v 0.958031 2.161979 6.670642
v 0.958031 1.851611 6.753805
v 0.960446 2.164311 6.679345
v 0.960446 1.853943 6.762507
v 0.967040 2.166018 6.685714
v 0.967040 1.855650 6.768877
v 0.976050 2.166643 6.688046
v 0.976050 1.856275 6.771209
v 0.985058 2.166018 6.685714
v 0.985058 1.855650 6.768877
v 0.991654 2.164311 6.679345
v 0.991654 1.853943 6.762507
v 0.994067 2.161979 6.670642
v 0.994067 1.851611 6.753805
v 0.991654 2.159648 6.661939
v 0.991654 1.849279 6.745103
v 0.985058 2.157941 6.655570
v 0.985058 1.847573 6.738732
v 0.976050 2.157316 6.653238
v 0.976050 1.846948 6.736400
v 0.976050 1.536580 6.819563
v 0.967040 1.537205 6.821895
v 0.967040 1.847573 6.738732
v 0.976050 1.846948 6.736400
v 0.960446 1.849279 6.745103
v 0.960446 1.538911 6.828265
v 0.958031 1.851611 6.753805
v 0.958031 1.541243 6.836968
v 0.960446 1.853943 6.762507
v 0.960446 1.543575 6.845670
v 0.967040 1.855650 6.768877
v 0.967040 1.545282 6.852039
v 0.976050 1.856275 6.771209
v 0.976050 1.545906 6.854371
v 0.985058 1.855650 6.768877
v 0.985058 1.545282 6.852039
v 0.991654 1.853943 6.762507
v 0.991654 1.543575 6.845670
v 0.994067 1.851611 6.753805
v 0.994067 1.541243 6.836968
v 0.991654 1.849279 6.745103
v 0.991654 1.538911 6.828265
v 0.985058 1.847573 6.738732
v 0.985058 1.537205 6.821895
v 0.976050 1.846948 6.736400
v 0.976050 1.536580 6.819563
v 0.976050 1.226211 6.902727
v 0.967040 1.226837 6.905058
v 0.967040 1.537205 6.821895
v 0.976050 1.536580 6.819563
v 0.960446 1.538911 6.828265
v 0.960446 1.228543 6.911429
v 0.958031 1.541243 6.836968
v 0.958031 1.230875 6.920130
v 0.960446 1.543575 6.845670
v 0.960446 1.233206 6.928832
v 0.967040 1.545282 6.852039
v 0.967040 1.234914 6.935203
v 0.976050 1.545906 6.854371
v 0.976050 1.235539 6.937535
v 0.985058 1.545282 6.852039
v 0.985058 1.234914 6.935203
v 0.991654 1.543575 6.845670
v 0.991654 1.233206 6.928832
v 0.994067 1.541243 6.836968
v 0.994067 1.230875 6.920130
v 0.991654 1.538911 6.828265
v 0.991654 1.228543 6.911429
v 0.985058 1.537205 6.821895
v 0.985058 1.226837 6.905058
v 0.976050 1.536580 6.819563
v 0.976050 1.226211 6.902727
v 0.971828 0.634529 7.074847
v 0.973612 0.634066 7.073123
v 0.976049 0.633898 7.072493
v 0.980270 0.634529 7.074847
v 0.978486 0.634066 7.073123
v 0.971828 0.635790 7.079555
v 0.971174 0.635159 7.077201
v 0.980270 0.635790 7.079555
v 0.980924 0.635159 7.077201
v 0.976049 0.636421 7.081909
v 0.978486 0.636252 7.081278
v 0.973612 0.636252 7.081278
v 0.976050 0.817751 7.005217
v 0.963681 0.818609 7.008418
v 0.967040 0.846176 7.007056
v 0.976050 0.791759 7.012459
v 0.976050 0.845551 7.004724
v 0.967040 1.226837 6.905058
v 0.976050 1.226211 6.902727
v 0.960446 1.228543 6.911429
v 0.960445 0.847883 7.013426
v 0.958031 1.230875 6.920130
v 0.963815 0.792608 7.015626
v 0.976050 0.737967 7.020196
v 0.954626 0.820953 7.017163
v 0.958031 0.850215 7.022128
v 0.960446 1.233206 6.928832
v 0.960590 0.739039 7.024197
v 0.976050 0.683737 7.038149
v 0.954859 0.794926 7.024277
v 0.962859 0.684652 7.041563
v 0.976049 0.633898 7.072493
v 0.973612 0.634066 7.073123
v 0.953203 0.687151 7.050889
v 0.971828 0.634529 7.074847
v 0.971174 0.635159 7.077201
v 0.949274 0.741969 7.035128
v 0.949669 0.690565 7.063630
v 0.971828 0.635790 7.079555
v 0.951582 0.798092 7.036094
v 0.945131 0.745970 7.050060
v 0.953203 0.693978 7.076371
v 0.962859 0.696478 7.085698
v 0.973612 0.636252 7.081278
v 0.949274 0.749970 7.064993
v 0.954859 0.801258 7.047911
v 0.960590 0.752900 7.075924
v 0.976050 0.697393 7.089112
v 0.976049 0.636421 7.081909
v 0.976050 0.753972 7.079925
v 0.963815 0.803577 7.056562
v 0.976050 0.804425 7.059728
v 0.989239 0.696478 7.085698
v 0.978486 0.636252 7.081278
v 0.991508 0.752899 7.075924
v 0.988283 0.803577 7.056562
v 0.998895 0.693978 7.076371
v 0.980270 0.635790 7.079555
v 1.002825 0.749970 7.064993
v 0.997239 0.801258 7.047911
v 1.002430 0.690565 7.063630
v 0.980924 0.635159 7.077201
v 1.006967 0.745970 7.050060
v 1.000517 0.798092 7.036094
v 0.998895 0.687151 7.050889
v 0.980270 0.634529 7.074847
v 1.002825 0.741969 7.035128
v 0.997239 0.794926 7.024277
v 0.989239 0.684652 7.041563
v 0.978486 0.634066 7.073123
v 0.976050 0.683737 7.038149
v 0.976049 0.633898 7.072493
v 0.976050 0.737967 7.020196
v 0.991508 0.739039 7.024197
v 0.976050 0.791759 7.012459
v 0.988283 0.792608 7.015626
v 0.976050 0.817751 7.005217
v 0.988418 0.818609 7.008418
v 0.976050 0.845551 7.004724
v 0.997472 0.820952 7.017163
v 0.985058 0.846176 7.007056
v 0.976050 1.226211 6.902727
v 0.985058 1.226837 6.905058
v 0.991654 0.847883 7.013426
v 0.991654 1.228543 6.911429
v 1.000786 0.824154 7.029112
v 0.994067 0.850215 7.022128
v 0.994067 1.230875 6.920130
v 0.997472 0.827355 7.041058
v 0.991654 0.852546 7.030830
v 0.991654 1.233206 6.928832
v 0.988418 0.829698 7.049805
v 0.985058 0.854254 7.037201
v 0.985058 1.234914 6.935203
v 0.976050 0.830556 7.053005
v 0.976050 0.854878 7.039533
v 0.976050 1.235539 6.937535
v 0.963681 0.829698 7.049805
v 0.967040 0.854254 7.037201
v 0.967040 1.234914 6.935203
v 0.954626 0.827354 7.041058
v 0.960445 0.852546 7.030830
v 0.951312 0.824154 7.029112
v -1.904108 2.062271 6.734502
v -1.909217 2.042778 6.733133
v -1.906537 2.042778 6.713126
v -1.912316 2.062271 6.754447
v -1.901244 2.062271 6.713126
v -1.916899 2.042778 6.751800
v -1.909217 2.042778 6.693119
v -1.925484 2.062271 6.771527
v -1.904108 2.062271 6.691751
v -1.929224 2.042778 6.767787
v -1.916899 2.042778 6.674453
v -1.942565 2.062271 6.784696
v -1.912315 2.062271 6.671807
v -1.945211 2.042778 6.780112
v -1.929223 2.042778 6.658468
v -1.962507 2.062271 6.792903
v -1.925483 2.062271 6.654727
v -1.963877 2.042778 6.787794
v -1.945210 2.042778 6.646143
v -1.983883 2.062271 6.795766
v -1.942563 2.062271 6.641559
v -1.983883 2.042778 6.790474
v -1.963877 2.042778 6.638461
v -2.005259 2.062271 6.792902
v -1.962508 2.062271 6.633351
v -2.003890 2.042778 6.787793
v -1.983884 2.042778 6.635780
v -2.025202 2.062271 6.784694
v -1.983884 2.062271 6.630488
v -2.022557 2.042778 6.780112
v -2.003890 2.042778 6.638460
v -2.042283 2.062271 6.771526
v -2.005260 2.062271 6.633351
v -2.038543 2.042778 6.767786
v -2.022557 2.042778 6.646143
v -2.055451 2.062271 6.754446
v -2.025203 2.062271 6.641559
v -2.050868 2.042778 6.751800
v -2.038543 2.042778 6.658467
v -2.063659 2.062271 6.734502
v -2.042282 2.062271 6.654727
v -2.058550 2.042778 6.733133
v -2.050868 2.042778 6.674453
v -2.066523 2.062271 6.713127
v -2.055451 2.062271 6.671807
v -2.061231 2.042778 6.713127
v -2.058550 2.042778 6.693120
v -2.063659 2.062271 6.691751
v -1.945316 2.006753 6.723461
v -1.941667 2.014256 6.724439
v -1.946010 2.014256 6.734993
v -1.940152 2.014255 6.713127
v -1.938240 2.029830 6.725357
v -1.936601 2.029830 6.713127
v -1.931788 2.034469 6.713127
v -1.938240 2.029830 6.700897
v -1.933594 2.034469 6.699652
v -1.941667 2.014256 6.701816
v -1.918730 2.037015 6.713126
v -1.945316 2.006753 6.702793
v -1.943932 2.006753 6.713127
v -1.951624 2.003094 6.713127
v -1.952742 2.003094 6.721471
v -1.952742 2.003094 6.704783
v -1.955946 2.003094 6.729256
v -1.955946 2.003094 6.696997
v -1.949284 2.006753 6.733103
v -1.955650 2.006753 6.741360
v -1.961087 2.003094 6.735924
v -1.967754 2.003094 6.741064
v -1.949284 2.006753 6.693152
v -1.963907 2.006753 6.747726
v -1.946010 2.014255 6.691261
v -1.955650 2.006753 6.684894
v -1.961087 2.003094 6.690330
v -1.967754 2.003094 6.685189
v -1.963907 2.006753 6.678528
v -1.942935 2.029830 6.689486
v -1.952979 2.014255 6.682222
v -1.962018 2.014256 6.675254
v -1.973550 2.006753 6.674559
v -1.975539 2.003094 6.681986
v -1.983883 2.003094 6.680868
v -1.950470 2.029830 6.679713
v -1.960243 2.029830 6.672180
v -1.983883 2.006753 6.673176
v -1.971654 2.029830 6.667484
v -1.972572 2.014256 6.670910
v -1.983883 2.014256 6.669395
v -1.994218 2.006753 6.674559
v -1.992227 2.003094 6.681986
v -2.000013 2.003094 6.685189
v -2.003859 2.006753 6.678528
v -1.983883 2.029830 6.665845
v -2.005749 2.014256 6.675254
v -2.012117 2.006753 6.684894
v -2.006680 2.003094 6.690330
v -2.011821 2.003094 6.696997
v -1.995195 2.014256 6.670910
v -1.996114 2.029830 6.667484
v -2.007525 2.029830 6.672180
v -2.018483 2.006753 6.693152
v -2.017297 2.029830 6.679713
v -2.014787 2.014256 6.682222
v -2.021756 2.014255 6.691261
v -2.022451 2.006753 6.702793
v -2.015025 2.003094 6.704783
v -2.016143 2.003094 6.713127
v -2.023835 2.006753 6.713127
v -2.024831 2.029830 6.689486
v -2.027614 2.014255 6.713127
v -2.022451 2.006753 6.723461
v -2.015025 2.003094 6.721471
v -2.011821 2.003094 6.729256
v -2.026100 2.014256 6.701816
v -2.029527 2.029830 6.700897
v -2.031166 2.029830 6.713127
v -2.018483 2.006753 6.733103
v -2.029527 2.029830 6.725357
v -2.026100 2.014256 6.724439
v -2.021756 2.014256 6.734993
v -2.012117 2.006753 6.741360
v -2.006680 2.003094 6.735924
v -2.000013 2.003094 6.741064
v -2.003859 2.006753 6.747726
v -2.024831 2.029830 6.736767
v -2.005749 2.014256 6.750999
v -1.994218 2.006753 6.751694
v -1.992227 2.003094 6.744268
v -1.983883 2.003094 6.745386
v -2.014787 2.014256 6.744031
v -2.017297 2.029830 6.746540
v -2.007525 2.029830 6.754075
v -1.983883 2.006753 6.753079
v -1.996114 2.029830 6.758771
v -1.995195 2.014256 6.755343
v -1.983883 2.014256 6.756859
v -1.973550 2.006753 6.751694
v -1.975539 2.003094 6.744268
v -1.962018 2.014256 6.750999
v -1.972571 2.014256 6.755343
v -1.952979 2.014256 6.744031
v -1.960243 2.029830 6.754075
v -1.942935 2.029830 6.736767
v -1.950470 2.029830 6.746540
v -1.933594 2.034469 6.726602
v -1.938767 2.034469 6.739175
v -1.947068 2.034469 6.749942
v -1.920987 2.037015 6.729979
v -1.927458 2.037015 6.745703
v -1.937841 2.037015 6.759170
v -1.919016 2.041464 6.750578
v -1.911576 2.041464 6.732501
v -1.930951 2.041464 6.766059
v -1.909217 2.042778 6.733133
v -1.916899 2.042778 6.751800
v -1.906537 2.042778 6.713126
v -1.929224 2.042778 6.767787
v -1.908981 2.041464 6.713126
v -1.909217 2.042778 6.693119
v -1.946433 2.041464 6.777995
v -1.945211 2.042778 6.780112
v -1.951306 2.037015 6.769552
v -1.964509 2.041464 6.785434
v -1.963877 2.042778 6.787794
v -1.957836 2.034469 6.758243
v -1.967030 2.037015 6.776023
v -1.983883 2.041464 6.788030
v -1.983883 2.042778 6.790474
v -1.971654 2.029830 6.758771
v -1.970408 2.034469 6.763417
v -1.983883 2.029830 6.760409
v -1.983883 2.034469 6.765222
v -1.983883 2.037015 6.778280
v -1.997358 2.034469 6.763417
v -2.000736 2.037015 6.776023
v -2.003258 2.041464 6.785434
v -2.003890 2.042778 6.787793
v -2.021334 2.041464 6.777995
v -2.022557 2.042778 6.780112
v -2.016460 2.037015 6.769552
v -2.036816 2.041464 6.766059
v -2.038543 2.042778 6.767786
v -2.009931 2.034469 6.758243
v -2.029926 2.037015 6.759169
v -2.020698 2.034469 6.749942
v -2.048751 2.041464 6.750577
v -2.050868 2.042778 6.751800
v -2.040308 2.037015 6.745703
v -2.028999 2.034469 6.739175
v -2.056191 2.041464 6.732501
v -2.058550 2.042778 6.733133
v -2.046779 2.037015 6.729979
v -2.034174 2.034469 6.726602
v -2.058786 2.041464 6.713127
v -2.061231 2.042778 6.713127
v -2.049037 2.037015 6.713127
v -2.035978 2.034469 6.713127
v -2.056191 2.041464 6.693752
v -2.058550 2.042778 6.693120
v -2.046779 2.037015 6.696274
v -2.034174 2.034469 6.699652
v -2.048751 2.041464 6.675676
v -2.050868 2.042778 6.674453
v -2.040308 2.037015 6.680550
v -2.028999 2.034469 6.687079
v -2.036815 2.041464 6.660195
v -2.038543 2.042778 6.658467
v -2.029926 2.037015 6.667083
v -2.020698 2.034469 6.676311
v -2.021335 2.041464 6.648259
v -2.022557 2.042778 6.646143
v -2.016460 2.037015 6.656702
v -2.009931 2.034469 6.668011
v -2.003259 2.041464 6.640820
v -2.003890 2.042778 6.638460
v -2.000736 2.037015 6.650231
v -1.997358 2.034469 6.662837
v -1.983884 2.041464 6.638224
v -1.983884 2.042778 6.635780
v -1.983884 2.037015 6.647973
v -1.983883 2.034469 6.661032
v -1.964509 2.041464 6.640820
v -1.963877 2.042778 6.638461
v -1.967030 2.037015 6.650231
v -1.970408 2.034469 6.662837
v -1.946432 2.041464 6.648260
v -1.945210 2.042778 6.646143
v -1.951306 2.037015 6.656703
v -1.957835 2.034469 6.668011
v -1.930951 2.041464 6.660195
v -1.929223 2.042778 6.658468
v -1.937840 2.037015 6.667084
v -1.947068 2.034469 6.676311
v -1.919016 2.041464 6.675676
v -1.916899 2.042778 6.674453
v -1.927458 2.037015 6.680550
v -1.938767 2.034469 6.687079
v -1.911576 2.041464 6.693751
v -1.920988 2.037015 6.696274
v -1.952742 2.003094 6.721471
v -1.956802 2.020443 6.720384
v -1.955831 2.020444 6.713127
v -1.955946 2.003094 6.729256
v -1.951624 2.003094 6.713127
v -1.959588 2.020443 6.727154
v -1.956802 2.020444 6.705871
v -1.961087 2.003094 6.735924
v -1.952742 2.003094 6.704783
v -1.964058 2.020444 6.732951
v -1.959588 2.020443 6.699100
v -1.967754 2.003094 6.741064
v -1.955946 2.003094 6.696997
v -1.969857 2.020443 6.737422
v -1.964058 2.020443 6.693302
v -1.975539 2.003094 6.744268
v -1.961087 2.003094 6.690330
v -1.976627 2.020444 6.740207
v -1.969857 2.020444 6.688831
v -1.983883 2.003094 6.745386
v -1.967754 2.003094 6.685189
v -1.983883 2.020443 6.741180
v -1.976627 2.020444 6.686046
v -1.992227 2.003094 6.744268
v -1.975539 2.003094 6.681986
v -1.991140 2.020444 6.740207
v -1.983883 2.020444 6.685074
v -2.000013 2.003094 6.741064
v -1.983883 2.003094 6.680868
v -1.997910 2.020443 6.737422
v -1.991140 2.020444 6.686046
v -2.006680 2.003094 6.735924
v -1.992227 2.003094 6.681986
v -2.003708 2.020444 6.732951
v -1.997910 2.020444 6.688831
v -2.011821 2.003094 6.729256
v -2.000013 2.003094 6.685189
v -2.008178 2.020443 6.727154
v -2.003708 2.020443 6.693302
v -2.015025 2.003094 6.721471
v -2.006680 2.003094 6.690330
v -2.010964 2.020443 6.720384
v -2.008178 2.020444 6.699100
v -2.016143 2.003094 6.713127
v -2.011821 2.003094 6.696997
v -2.011937 2.020444 6.713127
v -2.010964 2.020444 6.705871
v -2.015025 2.003094 6.704783
v -1.955831 2.020444 6.713127
v -1.956802 2.020443 6.720384
v -1.983883 2.022447 6.713127
v -1.956802 2.020444 6.705871
v -1.959588 2.020443 6.727154
v -1.959588 2.020443 6.699100
v -1.964058 2.020444 6.732951
v -1.964058 2.020443 6.693302
v -1.969857 2.020443 6.737422
v -1.969857 2.020444 6.688831
v -1.976627 2.020444 6.740207
v -1.976627 2.020444 6.686046
v -1.983883 2.020443 6.741180
v -1.983883 2.020444 6.685074
v -1.991140 2.020444 6.740207
v -1.991140 2.020444 6.686046
v -1.997910 2.020443 6.737422
v -1.997910 2.020444 6.688831
v -2.003708 2.020444 6.732951
v -2.003708 2.020443 6.693302
v -2.008178 2.020444 6.699100
v -2.008178 2.020443 6.727154
v -2.010964 2.020444 6.705871
v -2.010964 2.020443 6.720384
v -2.011937 2.020444 6.713127
v -1.982110 1.846948 6.736400
v -1.991119 1.847573 6.738732
v -1.991119 2.157941 6.655570
v -1.982110 2.157316 6.653238
v -1.997714 2.159648 6.661939
v -1.997714 1.849279 6.745103
v -2.000127 2.161979 6.670642
v -2.000127 1.851611 6.753805
v -1.997714 2.164311 6.679345
v -1.997714 1.853943 6.762507
v -1.991119 2.166018 6.685714
v -1.991119 1.855650 6.768877
v -1.982110 2.166643 6.688046
v -1.982110 1.856275 6.771209
v -1.973101 2.166018 6.685714
v -1.973101 1.855650 6.768877
v -1.966506 2.164311 6.679345
v -1.966506 1.853943 6.762507
v -1.964091 2.161979 6.670642
v -1.964091 1.851611 6.753805
v -1.966506 2.159648 6.661939
v -1.966506 1.849279 6.745103
v -1.973101 2.157941 6.655570
v -1.973101 1.847573 6.738732
v -1.982110 2.157316 6.653238
v -1.982110 1.846948 6.736400
v -1.982110 1.536580 6.819563
v -1.991119 1.537205 6.821895
v -1.991119 1.847573 6.738732
v -1.982110 1.846948 6.736400
v -1.997714 1.849279 6.745103
v -1.997714 1.538911 6.828265
v -2.000127 1.851611 6.753805
v -2.000127 1.541243 6.836968
v -1.997714 1.853943 6.762507
v -1.997714 1.543575 6.845670
v -1.991119 1.855650 6.768877
v -1.991119 1.545282 6.852039
v -1.982110 1.856275 6.771209
v -1.982110 1.545906 6.854371
v -1.973101 1.855650 6.768877
v -1.973101 1.545282 6.852039
v -1.966506 1.853943 6.762507
v -1.966506 1.543575 6.845670
v -1.964091 1.851611 6.753805
v -1.964091 1.541243 6.836968
v -1.966506 1.849279 6.745103
v -1.966506 1.538911 6.828265
v -1.973101 1.847573 6.738732
v -1.973101 1.537205 6.821895
v -1.982110 1.846948 6.736400
v -1.982110 1.536580 6.819563
v -1.982110 1.226211 6.902727
v -1.991119 1.226837 6.905058
v -1.991119 1.537205 6.821895
v -1.982110 1.536580 6.819563
v -1.997714 1.538911 6.828265
v -1.997714 1.228543 6.911429
v -2.000127 1.541243 6.836968
v -2.000127 1.230875 6.920130
v -1.997714 1.543575 6.845670
v -1.997714 1.233206 6.928832
v -1.991119 1.545282 6.852039
v -1.991119 1.234914 6.935203
v -1.982110 1.545906 6.854371
v -1.982110 1.235539 6.937535
v -1.973101 1.545282 6.852039
v -1.973101 1.234914 6.935203
v -1.966506 1.543575 6.845670
v -1.966506 1.233206 6.928832
v -1.964091 1.541243 6.836968
v -1.964091 1.230875 6.920130
v -1.966506 1.538911 6.828265
v -1.966506 1.228543 6.911429
v -1.973101 1.537205 6.821895
v -1.973101 1.226837 6.905058
v -1.982110 1.536580 6.819563
v -1.982110 1.226211 6.902727
v -1.986331 0.634529 7.074847
v -1.984547 0.634066 7.073123
v -1.982110 0.633898 7.072493
v -1.977888 0.634529 7.074847
v -1.979672 0.634066 7.073123
v -1.986331 0.635790 7.079555
v -1.986984 0.635159 7.077201
v -1.977888 0.635790 7.079555
v -1.977235 0.635159 7.077201
v -1.982110 0.636421 7.081909
v -1.979672 0.636252 7.081278
v -1.984547 0.636252 7.081278
v -1.982110 0.817751 7.005217
v -1.994478 0.818609 7.008418
v -1.991119 0.846176 7.007056
v -1.982110 0.791759 7.012459
v -1.982110 0.845551 7.004724
v -1.991119 1.226837 6.905058
v -1.982110 1.226211 6.902727
v -1.997714 1.228543 6.911429
v -1.997714 0.847883 7.013426
v -2.000127 1.230875 6.920130
v -1.994343 0.792608 7.015626
v -1.982110 0.737967 7.020196
v -2.003532 0.820953 7.017163
v -2.000127 0.850215 7.022128
v -1.997714 1.233206 6.928832
v -1.997568 0.739039 7.024197
v -1.982110 0.683737 7.038149
v -2.003299 0.794926 7.024277
v -1.995300 0.684652 7.041563
v -1.982110 0.633898 7.072493
v -1.984547 0.634066 7.073123
v -2.004955 0.687151 7.050889
v -1.986331 0.634529 7.074847
v -1.986984 0.635159 7.077201
v -2.008886 0.741969 7.035128
v -2.008490 0.690565 7.063630
v -1.986331 0.635790 7.079555
v -2.006578 0.798092 7.036094
v -2.013027 0.745970 7.050060
v -2.004955 0.693978 7.076371
v -1.995300 0.696478 7.085698
v -1.984547 0.636252 7.081278
v -2.008886 0.749970 7.064993
v -2.003299 0.801258 7.047911
v -1.997568 0.752900 7.075924
v -1.982110 0.697393 7.089112
v -1.982110 0.636421 7.081909
v -1.982110 0.753972 7.079925
v -1.994343 0.803577 7.056562
v -1.982110 0.804425 7.059728
v -1.968919 0.696478 7.085698
v -1.979672 0.636252 7.081278
v -1.966650 0.752899 7.075924
v -1.969875 0.803577 7.056562
v -1.959263 0.693978 7.076371
v -1.977888 0.635790 7.079555
v -1.955334 0.749970 7.064993
v -1.960919 0.801258 7.047911
v -1.955729 0.690565 7.063630
v -1.977235 0.635159 7.077201
v -1.951191 0.745970 7.050060
v -1.957642 0.798092 7.036094
v -1.959263 0.687151 7.050889
v -1.977888 0.634529 7.074847
v -1.955334 0.741969 7.035128
v -1.960919 0.794926 7.024277
v -1.968919 0.684652 7.041563
v -1.979672 0.634066 7.073123
v -1.982110 0.683737 7.038149
v -1.982110 0.633898 7.072493
v -1.982110 0.737967 7.020196
v -1.966650 0.739039 7.024197
v -1.982110 0.791759 7.012459
v -1.969875 0.792608 7.015626
v -1.982110 0.817751 7.005217
v -1.969742 0.818609 7.008418
v -1.982110 0.845551 7.004724
v -1.960686 0.820952 7.017163
v -1.973101 0.846176 7.007056
v -1.982110 1.226211 6.902727
v -1.973101 1.226837 6.905058
v -1.966506 0.847883 7.013426
v -1.966506 1.228543 6.911429
v -1.957373 0.824154 7.029112
v -1.964091 0.850215 7.022128
v -1.964091 1.230875 6.920130
v -1.960686 0.827355 7.041058
v -1.966506 0.852546 7.030830
v -1.966506 1.233206 6.928832
v -1.969742 0.829698 7.049805
v -1.973101 0.854254 7.037201
v -1.973101 1.234914 6.935203
v -1.982110 0.830556 7.053005
v -1.982110 0.854878 7.039533
v -1.982110 1.235539 6.937535
v -1.994478 0.829698 7.049805
v -1.991119 0.854254 7.037201
v -1.991119 1.234914 6.935203
v -2.003532 0.827354 7.041058
v -1.997714 0.852546 7.030830
v -2.006847 0.824154 7.029112
v -4.866814 2.062271 6.734502
v -4.871922 2.042778 6.733133
v -4.869242 2.042778 6.713126
v -4.875022 2.062271 6.754447
v -4.863950 2.062271 6.713126
v -4.879605 2.042778 6.751800
v -4.871924 2.042778 6.693119
v -4.888190 2.062271 6.771527
v -4.866814 2.062271 6.691751
v -4.891930 2.042778 6.767787
v -4.879605 2.042778 6.674453
v -4.905270 2.062271 6.784696
v -4.875022 2.062271 6.671807
v -4.907916 2.042778 6.780112
v -4.891929 2.042778 6.658468
v -4.925213 2.062271 6.792903
v -4.888189 2.062271 6.654727
v -4.926583 2.042778 6.787794
v -4.907915 2.042778 6.646143
v -4.946588 2.062271 6.795766
v -4.905269 2.062271 6.641559
v -4.946588 2.042778 6.790474
v -4.926583 2.042778 6.638461
v -4.967964 2.062271 6.792902
v -4.925213 2.062271 6.633351
v -4.966594 2.042778 6.787793
v -4.946590 2.042778 6.635780
v -4.987908 2.062271 6.784694
v -4.946590 2.062271 6.630488
v -4.985262 2.042778 6.780112
v -4.966597 2.042778 6.638460
v -5.004990 2.062271 6.771526
v -4.967965 2.062271 6.633351
v -5.001249 2.042778 6.767786
v -4.985262 2.042778 6.646143
v -5.018158 2.062271 6.754446
v -4.987908 2.062271 6.641559
v -5.013574 2.042778 6.751800
v -5.001249 2.042778 6.658467
v -5.026364 2.062271 6.734502
v -5.004988 2.062271 6.654727
v -5.021256 2.042778 6.733133
v -5.013574 2.042778 6.674453
v -5.029229 2.062271 6.713127
v -5.018156 2.062271 6.671807
v -5.023935 2.042778 6.713127
v -5.021256 2.042778 6.693120
v -5.026364 2.062271 6.691751
v -4.908022 2.006753 6.723461
v -4.904373 2.014256 6.724439
v -4.908716 2.014256 6.734993
v -4.902858 2.014255 6.713127
v -4.900946 2.029830 6.725357
v -4.899307 2.029830 6.713127
v -4.894493 2.034469 6.713127
v -4.900946 2.029830 6.700897
v -4.896300 2.034469 6.699652
v -4.904373 2.014256 6.701816
v -4.881435 2.037015 6.713126
v -4.908022 2.006753 6.702793
v -4.906637 2.006753 6.713127
v -4.914329 2.003094 6.713127
v -4.915447 2.003094 6.721471
v -4.915447 2.003094 6.704783
v -4.918652 2.003094 6.729256
v -4.918652 2.003094 6.696997
v -4.911990 2.006753 6.733103
v -4.918355 2.006753 6.741360
v -4.923792 2.003094 6.735924
v -4.930459 2.003094 6.741064
v -4.911990 2.006753 6.693152
v -4.926614 2.006753 6.747726
v -4.908716 2.014255 6.691261
v -4.918355 2.006753 6.684894
v -4.923792 2.003094 6.690330
v -4.930459 2.003094 6.685189
v -4.926614 2.006753 6.678528
v -4.905642 2.029830 6.689486
v -4.915685 2.014255 6.682222
v -4.924722 2.014256 6.675254
v -4.936256 2.006753 6.674559
v -4.938244 2.003094 6.681986
v -4.946589 2.003094 6.680868
v -4.913176 2.029830 6.679713
v -4.922948 2.029830 6.672180
v -4.946589 2.006753 6.673176
v -4.934359 2.029830 6.667484
v -4.935278 2.014256 6.670910
v -4.946589 2.014256 6.669395
v -4.956924 2.006753 6.674559
v -4.954934 2.003094 6.681986
v -4.962718 2.003094 6.685189
v -4.966565 2.006753 6.678528
v -4.946589 2.029830 6.665845
v -4.968455 2.014256 6.675254
v -4.974823 2.006753 6.684894
v -4.969386 2.003094 6.690330
v -4.974527 2.003094 6.696997
v -4.957900 2.014256 6.670910
v -4.958820 2.029830 6.667484
v -4.970230 2.029830 6.672180
v -4.981189 2.006753 6.693152
v -4.980002 2.029830 6.679713
v -4.977493 2.014256 6.682222
v -4.984462 2.014255 6.691261
v -4.985156 2.006753 6.702793
v -4.977731 2.003094 6.704783
v -4.978849 2.003094 6.713127
v -4.986541 2.006753 6.713127
v -4.987536 2.029830 6.689486
v -4.990320 2.014255 6.713127
v -4.985156 2.006753 6.723461
v -4.977731 2.003094 6.721471
v -4.974527 2.003094 6.729256
v -4.988805 2.014256 6.701816
v -4.992233 2.029830 6.700897
v -4.993871 2.029830 6.713127
v -4.981189 2.006753 6.733103
v -4.992233 2.029830 6.725357
v -4.988805 2.014256 6.724439
v -4.984462 2.014256 6.734993
v -4.974823 2.006753 6.741360
v -4.969386 2.003094 6.735924
v -4.962718 2.003094 6.741064
v -4.966565 2.006753 6.747726
v -4.987536 2.029830 6.736767
v -4.968455 2.014256 6.750999
v -4.956924 2.006753 6.751694
v -4.954934 2.003094 6.744268
v -4.946589 2.003094 6.745386
v -4.977493 2.014256 6.744031
v -4.980002 2.029830 6.746540
v -4.970230 2.029830 6.754075
v -4.946589 2.006753 6.753079
v -4.958820 2.029830 6.758771
v -4.957900 2.014256 6.755343
v -4.946589 2.014256 6.756859
v -4.936256 2.006753 6.751694
v -4.938244 2.003094 6.744268
v -4.924722 2.014256 6.750999
v -4.935278 2.014256 6.755343
v -4.915685 2.014256 6.744031
v -4.922948 2.029830 6.754075
v -4.905642 2.029830 6.736767
v -4.913176 2.029830 6.746540
v -4.896300 2.034469 6.726602
v -4.901473 2.034469 6.739175
v -4.909775 2.034469 6.749942
v -4.883694 2.037015 6.729979
v -4.890164 2.037015 6.745703
v -4.900546 2.037015 6.759170
v -4.881722 2.041464 6.750578
v -4.874282 2.041464 6.732501
v -4.893658 2.041464 6.766059
v -4.871922 2.042778 6.733133
v -4.879605 2.042778 6.751800
v -4.869242 2.042778 6.713126
v -4.891930 2.042778 6.767787
v -4.871687 2.041464 6.713126
v -4.871924 2.042778 6.693119
v -4.909138 2.041464 6.777995
v -4.907916 2.042778 6.780112
v -4.914013 2.037015 6.769552
v -4.927214 2.041464 6.785434
v -4.926583 2.042778 6.787794
v -4.920541 2.034469 6.758243
v -4.929736 2.037015 6.776023
v -4.946588 2.041464 6.788030
v -4.946588 2.042778 6.790474
v -4.934359 2.029830 6.758771
v -4.933114 2.034469 6.763417
v -4.946589 2.029830 6.760409
v -4.946589 2.034469 6.765222
v -4.946589 2.037015 6.778280
v -4.960063 2.034469 6.763417
v -4.963442 2.037015 6.776023
v -4.965964 2.041464 6.785434
v -4.966594 2.042778 6.787793
v -4.984040 2.041464 6.777995
v -4.985262 2.042778 6.780112
v -4.979167 2.037015 6.769552
v -4.999522 2.041464 6.766059
v -5.001249 2.042778 6.767786
v -4.972637 2.034469 6.758243
v -4.992632 2.037015 6.759169
v -4.983404 2.034469 6.749942
v -5.011457 2.041464 6.750577
v -5.013574 2.042778 6.751800
v -5.003014 2.037015 6.745703
v -4.991705 2.034469 6.739175
v -5.018895 2.041464 6.732501
v -5.021256 2.042778 6.733133
v -5.009484 2.037015 6.729979
v -4.996880 2.034469 6.726602
v -5.021491 2.041464 6.713127
v -5.023935 2.042778 6.713127
v -5.011742 2.037015 6.713127
v -4.998685 2.034469 6.713127
v -5.018895 2.041464 6.693752
v -5.021256 2.042778 6.693120
v -5.009484 2.037015 6.696274
v -4.996880 2.034469 6.699652
v -5.011456 2.041464 6.675676
v -5.013574 2.042778 6.674453
v -5.003014 2.037015 6.680550
v -4.991705 2.034469 6.687079
v -4.999522 2.041464 6.660195
v -5.001249 2.042778 6.658467
v -4.992632 2.037015 6.667083
v -4.983404 2.034469 6.676311
v -4.984040 2.041464 6.648259
v -4.985262 2.042778 6.646143
v -4.979167 2.037015 6.656702
v -4.972637 2.034469 6.668011
v -4.965964 2.041464 6.640820
v -4.966597 2.042778 6.638460
v -4.963443 2.037015 6.650231
v -4.960065 2.034469 6.662837
v -4.946590 2.041464 6.638224
v -4.946590 2.042778 6.635780
v -4.946589 2.037015 6.647973
v -4.946589 2.034469 6.661032
v -4.927216 2.041464 6.640820
v -4.926583 2.042778 6.638461
v -4.929736 2.037015 6.650231
v -4.933114 2.034469 6.662837
v -4.909137 2.041464 6.648260
v -4.907915 2.042778 6.646143
v -4.914012 2.037015 6.656703
v -4.920541 2.034469 6.668011
v -4.893656 2.041464 6.660195
v -4.891929 2.042778 6.658468
v -4.900546 2.037015 6.667084
v -4.909774 2.034469 6.676311
v -4.881721 2.041464 6.675676
v -4.879605 2.042778 6.674453
v -4.890164 2.037015 6.680550
v -4.901473 2.034469 6.687079
v -4.874282 2.041464 6.693751
v -4.883694 2.037015 6.696274
v -4.915447 2.003094 6.721471
v -4.919508 2.020443 6.720384
v -4.918535 2.020444 6.713127
v -4.918652 2.003094 6.729256
v -4.914329 2.003094 6.713127
v -4.922294 2.020443 6.727154
v -4.919508 2.020444 6.705871
v -4.923792 2.003094 6.735924
v -4.915447 2.003094 6.704783
v -4.926764 2.020444 6.732951
v -4.922294 2.020443 6.699100
v -4.930459 2.003094 6.741064
v -4.918652 2.003094 6.696997
v -4.932563 2.020443 6.737422
v -4.926764 2.020443 6.693302
v -4.938244 2.003094 6.744268
v -4.923792 2.003094 6.690330
v -4.939332 2.020444 6.740207
v -4.932563 2.020444 6.688831
v -4.946589 2.003094 6.745386
v -4.930459 2.003094 6.685189
v -4.946589 2.020443 6.741180
v -4.939332 2.020444 6.686046
v -4.954934 2.003094 6.744268
v -4.938244 2.003094 6.681986
v -4.953846 2.020444 6.740207
v -4.946589 2.020444 6.685074
v -4.962718 2.003094 6.741064
v -4.946589 2.003094 6.680868
v -4.960615 2.020443 6.737422
v -4.953846 2.020444 6.686046
v -4.969386 2.003094 6.735924
v -4.954934 2.003094 6.681986
v -4.966415 2.020444 6.732951
v -4.960615 2.020444 6.688831
v -4.974527 2.003094 6.729256
v -4.962718 2.003094 6.685189
v -4.970884 2.020443 6.727154
v -4.966415 2.020443 6.693302
v -4.977731 2.003094 6.721471
v -4.969386 2.003094 6.690330
v -4.973670 2.020443 6.720384
v -4.970884 2.020444 6.699100
v -4.978849 2.003094 6.713127
v -4.974527 2.003094 6.696997
v -4.974643 2.020444 6.713127
v -4.973670 2.020444 6.705871
v -4.977731 2.003094 6.704783
v -4.918535 2.020444 6.713127
v -4.919508 2.020443 6.720384
v -4.946589 2.022447 6.713127
v -4.919508 2.020444 6.705871
v -4.922294 2.020443 6.727154
v -4.922294 2.020443 6.699100
v -4.926764 2.020444 6.732951
v -4.926764 2.020443 6.693302
v -4.932563 2.020443 6.737422
v -4.932563 2.020444 6.688831
v -4.939332 2.020444 6.740207
v -4.939332 2.020444 6.686046
v -4.946589 2.020443 6.741180
v -4.946589 2.020444 6.685074
v -4.953846 2.020444 6.740207
v -4.953846 2.020444 6.686046
v -4.960615 2.020443 6.737422
v -4.960615 2.020444 6.688831
v -4.966415 2.020444 6.732951
v -4.966415 2.020443 6.693302
v -4.970884 2.020444 6.699100
v -4.970884 2.020443 6.727154
v -4.973670 2.020444 6.705871
v -4.973670 2.020443 6.720384
v -4.974643 2.020444 6.713127
v -4.944815 1.846948 6.736400
v -4.953823 1.847573 6.738732
v -4.953823 2.157941 6.655570
v -4.944815 2.157316 6.653238
v -4.960420 2.159648 6.661939
v -4.960420 1.849279 6.745103
v -4.962833 2.161979 6.670642
v -4.962833 1.851611 6.753805
v -4.960420 2.164311 6.679345
v -4.960420 1.853943 6.762507
v -4.953823 2.166018 6.685714
v -4.953823 1.855650 6.768877
v -4.944815 2.166643 6.688046
v -4.944815 1.856275 6.771209
v -4.935806 2.166018 6.685714
v -4.935806 1.855650 6.768877
v -4.929212 2.164311 6.679345
v -4.929212 1.853943 6.762507
v -4.926797 2.161979 6.670642
v -4.926797 1.851611 6.753805
v -4.929212 2.159648 6.661939
v -4.929212 1.849279 6.745103
v -4.935806 2.157941 6.655570
v -4.935806 1.847573 6.738732
v -4.944815 2.157316 6.653238
v -4.944815 1.846948 6.736400
v -4.944815 1.536580 6.819563
v -4.953823 1.537205 6.821895
v -4.953823 1.847573 6.738732
v -4.944815 1.846948 6.736400
v -4.960420 1.849279 6.745103
v -4.960420 1.538911 6.828265
v -4.962833 1.851611 6.753805
v -4.962833 1.541243 6.836968
v -4.960420 1.853943 6.762507
v -4.960420 1.543575 6.845670
v -4.953823 1.855650 6.768877
v -4.953823 1.545282 6.852039
v -4.944815 1.856275 6.771209
v -4.944815 1.545906 6.854371
v -4.935806 1.855650 6.768877
v -4.935806 1.545282 6.852039
v -4.929212 1.853943 6.762507
v -4.929212 1.543575 6.845670
v -4.926797 1.851611 6.753805
v -4.926797 1.541243 6.836968
v -4.929212 1.849279 6.745103
v -4.929212 1.538911 6.828265
v -4.935806 1.847573 6.738732
v -4.935806 1.537205 6.821895
v -4.944815 1.846948 6.736400
v -4.944815 1.536580 6.819563
v -4.944815 1.226211 6.902727
v -4.953823 1.226837 6.905058
v -4.953823 1.537205 6.821895
v -4.944815 1.536580 6.819563
v -4.960420 1.538911 6.828265
v -4.960420 1.228543 6.911429
v -4.962833 1.541243 6.836968
v -4.962833 1.230875 6.920130
v -4.960420 1.543575 6.845670
v -4.960420 1.233206 6.928832
v -4.953823 1.545282 6.852039
v -4.953823 1.234914 6.935203
v -4.944815 1.545906 6.854371
v -4.944815 1.235539 6.937535
v -4.935806 1.545282 6.852039
v -4.935806 1.234914 6.935203
v -4.929212 1.543575 6.845670
v -4.929212 1.233206 6.928832
v -4.926797 1.541243 6.836968
v -4.926797 1.230875 6.920130
v -4.929212 1.538911 6.828265
v -4.929212 1.228543 6.911429
v -4.935806 1.537205 6.821895
v -4.935806 1.226837 6.905058
v -4.944815 1.536580 6.819563
v -4.944815 1.226211 6.902727
v -4.949036 0.634529 7.074847
v -4.947252 0.634066 7.073123
v -4.944815 0.633898 7.072493
v -4.940593 0.634529 7.074847
v -4.942377 0.634066 7.073123
v -4.949036 0.635790 7.079555
v -4.949690 0.635159 7.077201
v -4.940593 0.635790 7.079555
v -4.939941 0.635159 7.077201
v -4.944815 0.636421 7.081909
v -4.942377 0.636252 7.081278
v -4.947252 0.636252 7.081278
v -4.944815 0.817751 7.005217
v -4.957183 0.818609 7.008418
v -4.953823 0.846176 7.007056
v -4.944815 0.791759 7.012459
v -4.944815 0.845551 7.004724
v -4.953823 1.226837 6.905058
v -4.944815 1.226211 6.902727
v -4.960420 1.228543 6.911429
v -4.960420 0.847883 7.013426
v -4.962833 1.230875 6.920130
v -4.957049 0.792608 7.015626
v -4.944815 0.737967 7.020196
v -4.966238 0.820953 7.017163
v -4.962833 0.850215 7.022128
v -4.960420 1.233206 6.928832
v -4.960274 0.739039 7.024197
v -4.944815 0.683737 7.038149
v -4.966005 0.794926 7.024277
v -4.958005 0.684652 7.041563
v -4.944815 0.633898 7.072493
v -4.947252 0.634066 7.073123
v -4.967661 0.687151 7.050889
v -4.949036 0.634529 7.074847
v -4.949690 0.635159 7.077201
v -4.971590 0.741969 7.035128
v -4.971196 0.690565 7.063630
v -4.949036 0.635790 7.079555
v -4.969282 0.798092 7.036094
v -4.975733 0.745970 7.050060
v -4.967661 0.693978 7.076371
v -4.958005 0.696478 7.085698
v -4.947252 0.636252 7.081278
v -4.971590 0.749970 7.064993
v -4.966005 0.801258 7.047911
v -4.960274 0.752900 7.075924
v -4.944815 0.697393 7.089112
v -4.944815 0.636421 7.081909
v -4.944815 0.753972 7.079925
v -4.957049 0.803577 7.056562
v -4.944815 0.804425 7.059728
v -4.931624 0.696478 7.085698
v -4.942377 0.636252 7.081278
v -4.929355 0.752899 7.075924
v -4.932580 0.803577 7.056562
v -4.921969 0.693978 7.076371
v -4.940593 0.635790 7.079555
v -4.918039 0.749970 7.064993
v -4.923625 0.801258 7.047911
v -4.918435 0.690565 7.063630
v -4.939941 0.635159 7.077201
v -4.913897 0.745970 7.050060
v -4.920346 0.798092 7.036094
v -4.921969 0.687151 7.050889
v -4.940593 0.634529 7.074847
v -4.918039 0.741969 7.035128
v -4.923625 0.794926 7.024277
v -4.931624 0.684652 7.041563
v -4.942377 0.634066 7.073123
v -4.944815 0.683737 7.038149
v -4.944815 0.633898 7.072493
v -4.944815 0.737967 7.020196
v -4.929355 0.739039 7.024197
v -4.944815 0.791759 7.012459
v -4.932580 0.792608 7.015626
v -4.944815 0.817751 7.005217
v -4.932447 0.818609 7.008418
v -4.944815 0.845551 7.004724
v -4.923392 0.820952 7.017163
v -4.935806 0.846176 7.007056
v -4.944815 1.226211 6.902727
v -4.935806 1.226837 6.905058
v -4.929212 0.847883 7.013426
v -4.929212 1.228543 6.911429
v -4.920077 0.824154 7.029112
v -4.926797 0.850215 7.022128
v -4.926797 1.230875 6.920130
v -4.923392 0.827355 7.041058
v -4.929212 0.852546 7.030830
v -4.929212 1.233206 6.928832
v -4.932447 0.829698 7.049805
v -4.935806 0.854254 7.037201
v -4.935806 1.234914 6.935203
v -4.944815 0.830556 7.053005
v -4.944815 0.854878 7.039533
v -4.944815 1.235539 6.937535
v -4.957183 0.829698 7.049805
v -4.953823 0.854254 7.037201
v -4.953823 1.234914 6.935203
v -4.966238 0.827354 7.041058
v -4.960420 0.852546 7.030830
v -4.969552 0.824154 7.029112
v 3.935715 -1.586424 6.655570
v 3.935715 -1.276055 6.738732
v 3.944724 -1.275430 6.736400
v 3.944724 -1.585799 6.653238
v 3.929120 -1.588130 6.661939
v 3.929120 -1.277763 6.745103
v 3.926706 -1.590462 6.670642
v 3.926706 -1.280094 6.753805
v 3.929120 -1.592794 6.679345
v 3.929120 -1.282426 6.762507
v 3.935715 -1.594501 6.685714
v 3.935715 -1.284133 6.768877
v 3.944724 -1.595126 6.688046
v 3.944724 -1.284758 6.771209
v 3.953733 -1.594501 6.685714
v 3.953733 -1.284133 6.768877
v 3.960328 -1.592794 6.679345
v 3.960328 -1.282426 6.762507
v 3.962742 -1.590462 6.670642
v 3.962742 -1.280094 6.753805
v 3.960328 -1.588130 6.661939
v 3.960328 -1.277763 6.745103
v 3.953733 -1.586424 6.655570
v 3.953733 -1.276055 6.738732
v 3.944724 -1.585799 6.653238
v 3.944724 -1.275430 6.736400
v 3.935715 -1.276055 6.738732
v 3.935715 -0.965687 6.821895
v 3.944724 -0.965062 6.819563
v 3.944724 -1.275430 6.736400
v 3.929120 -1.277763 6.745103
v 3.929120 -0.967394 6.828265
v 3.926706 -1.280094 6.753805
v 3.926706 -0.969726 6.836968
v 3.929120 -1.282426 6.762507
v 3.929120 -0.972058 6.845670
v 3.935715 -1.284133 6.768877
v 3.935715 -0.973765 6.852039
v 3.944724 -1.284758 6.771209
v 3.944724 -0.974390 6.854371
v 3.953733 -1.284133 6.768877
v 3.953733 -0.973765 6.852039
v 3.960328 -1.282426 6.762507
v 3.960328 -0.972058 6.845670
v 3.962742 -1.280094 6.753805
v 3.962742 -0.969726 6.836968
v 3.960328 -1.277763 6.745103
v 3.960328 -0.967394 6.828265
v 3.953733 -1.276055 6.738732
v 3.953733 -0.965687 6.821895
v 3.944724 -1.275430 6.736400
v 3.944724 -0.965062 6.819563
v 3.935715 -0.965687 6.821895
v 3.935715 -0.655319 6.905058
v 3.944724 -0.654694 6.902727
v 3.944724 -0.965062 6.819563
v 3.929120 -0.967394 6.828265
v 3.929120 -0.657026 6.911429
v 3.926706 -0.969726 6.836968
v 3.926706 -0.659358 6.920130
v 3.929120 -0.972058 6.845670
v 3.929120 -0.661690 6.928832
v 3.935715 -0.973765 6.852039
v 3.935715 -0.663397 6.935203
v 3.944724 -0.974390 6.854371
v 3.944724 -0.664022 6.937535
v 3.953733 -0.973765 6.852039
v 3.953733 -0.663397 6.935203
v 3.960328 -0.972058 6.845670
v 3.960328 -0.661690 6.928832
v 3.962742 -0.969726 6.836968
v 3.962742 -0.659358 6.920130
v 3.960328 -0.967394 6.828265
v 3.960328 -0.657026 6.911429
v 3.953733 -0.965687 6.821895
v 3.953733 -0.655319 6.905058
v 3.944724 -0.965062 6.819563
v 3.944724 -0.654694 6.902727
v 3.940502 -0.063011 7.074847
v 3.944724 -0.062381 7.072493
v 3.942287 -0.062550 7.073123
v 3.948945 -0.063011 7.074847
v 3.947161 -0.062550 7.073123
v 3.939849 -0.063642 7.077201
v 3.940502 -0.064273 7.079555
v 3.944724 -0.064904 7.081909
v 3.942287 -0.064735 7.081278
v 3.948945 -0.064273 7.079555
v 3.947161 -0.064735 7.081278
v 3.949599 -0.063642 7.077201
v 3.935715 -0.274659 7.007056
v 3.932355 -0.247092 7.008418
v 3.944724 -0.246234 7.005217
v 3.944724 -0.274034 7.004724
v 3.944724 -0.220242 7.012459
v 3.935715 -0.655319 6.905058
v 3.944724 -0.654694 6.902727
v 3.929120 -0.657026 6.911429
v 3.929120 -0.276366 7.013426
v 3.926706 -0.659358 6.920130
v 3.932490 -0.221090 7.015626
v 3.944724 -0.166450 7.020196
v 3.923301 -0.249435 7.017163
v 3.926706 -0.278698 7.022128
v 3.929120 -0.661690 6.928832
v 3.929265 -0.167522 7.024197
v 3.944724 -0.112219 7.038149
v 3.923534 -0.223409 7.024277
v 3.919987 -0.252637 7.029112
v 3.929120 -0.281030 7.030830
v 3.935715 -0.663397 6.935203
v 3.931534 -0.113134 7.041563
v 3.944724 -0.062381 7.072493
v 3.942287 -0.062550 7.073123
v 3.921878 -0.115634 7.050889
v 3.940502 -0.063011 7.074847
v 3.939849 -0.063642 7.077201
v 3.917948 -0.170451 7.035128
v 3.918343 -0.119047 7.063631
v 3.940502 -0.064273 7.079555
v 3.920255 -0.226575 7.036094
v 3.913806 -0.174453 7.050060
v 3.921878 -0.122462 7.076371
v 3.931534 -0.124961 7.085698
v 3.942287 -0.064735 7.081278
v 3.917948 -0.178454 7.064993
v 3.923534 -0.229742 7.047911
v 3.923301 -0.255838 7.041058
v 3.944724 -0.125875 7.089112
v 3.944724 -0.064904 7.081909
v 3.935715 -0.282736 7.037201
v 3.944724 -0.664022 6.937535
v 3.932355 -0.258181 7.049805
v 3.944724 -0.283362 7.039533
v 3.953733 -0.663397 6.935203
v 3.932490 -0.232059 7.056563
v 3.944724 -0.259039 7.053005
v 3.953733 -0.282736 7.037201
v 3.960328 -0.661690 6.928832
v 3.929265 -0.181382 7.075924
v 3.944724 -0.232908 7.059728
v 3.957092 -0.258181 7.049805
v 3.960328 -0.281030 7.030830
v 3.962742 -0.659358 6.920130
v 3.944724 -0.182454 7.079925
v 3.956958 -0.232059 7.056563
v 3.966147 -0.255838 7.041058
v 3.962742 -0.278698 7.022128
v 3.960328 -0.657026 6.911429
v 3.960183 -0.181382 7.075924
v 3.957914 -0.124960 7.085698
v 3.947161 -0.064735 7.081278
v 3.960328 -0.276366 7.013426
v 3.953733 -0.655319 6.905058
v 3.969461 -0.252637 7.029112
v 3.953733 -0.274659 7.007056
v 3.944724 -0.654694 6.902727
v 3.944724 -0.274034 7.004724
v 3.965914 -0.229742 7.047911
v 3.966147 -0.249435 7.017163
v 3.969191 -0.226575 7.036094
v 3.971499 -0.178454 7.064993
v 3.957092 -0.247092 7.008418
v 3.944724 -0.246234 7.005217
v 3.965914 -0.223409 7.024277
v 3.956958 -0.221090 7.015626
v 3.944724 -0.220242 7.012459
v 3.975642 -0.174452 7.050060
v 3.971499 -0.170451 7.035128
v 3.960183 -0.167522 7.024197
v 3.944724 -0.166450 7.020196
v 3.967570 -0.122462 7.076371
v 3.948945 -0.064273 7.079555
v 3.971104 -0.119048 7.063631
v 3.949599 -0.063642 7.077201
v 3.967570 -0.115634 7.050889
v 3.948945 -0.063011 7.074847
v 3.957914 -0.113134 7.041563
v 3.947161 -0.062550 7.073123
v 3.944724 -0.112219 7.038149
v 3.944724 -0.062381 7.072493
v 4.020296 -1.471261 6.713126
v 4.017616 -1.471261 6.733133
v 4.022725 -1.490754 6.734502
v 4.025589 -1.490754 6.713126
v 4.014517 -1.490754 6.754447
v 4.017616 -1.471261 6.693119
v 4.009935 -1.471261 6.751800
v 4.022725 -1.490754 6.691751
v 4.001349 -1.490754 6.771527
v 4.009935 -1.471261 6.674453
v 3.997609 -1.471261 6.767787
v 4.014518 -1.490754 6.671807
v 3.984269 -1.490754 6.784696
v 3.997610 -1.471261 6.658468
v 3.981623 -1.471261 6.780112
v 4.001350 -1.490754 6.654727
v 3.964326 -1.490754 6.792903
v 3.981623 -1.471261 6.646143
v 3.962957 -1.471261 6.787794
v 3.984271 -1.490754 6.641559
v 3.942951 -1.490754 6.795766
v 3.962957 -1.471261 6.638461
v 3.942951 -1.471261 6.790474
v 3.964325 -1.490754 6.633351
v 3.921575 -1.490754 6.792902
v 3.942950 -1.471261 6.635780
v 3.922943 -1.471261 6.787793
v 3.942949 -1.490754 6.630488
v 3.901631 -1.490754 6.784694
v 3.922943 -1.471261 6.638460
v 3.904276 -1.471261 6.780112
v 3.921574 -1.490754 6.633351
v 3.884550 -1.490754 6.771526
v 3.904276 -1.471261 6.646143
v 3.888290 -1.471261 6.767786
v 3.901630 -1.490754 6.641559
v 3.871382 -1.490754 6.754446
v 3.888290 -1.471261 6.658467
v 3.875965 -1.471261 6.751800
v 3.884550 -1.490754 6.654727
v 3.863174 -1.490754 6.734502
v 3.875966 -1.471261 6.674453
v 3.868283 -1.471261 6.733133
v 3.871382 -1.490754 6.671807
v 3.860310 -1.490754 6.713127
v 3.868283 -1.471261 6.693120
v 3.865602 -1.471261 6.713127
v 3.863174 -1.490754 6.691751
v 3.980823 -1.442738 6.734993
v 3.985167 -1.442738 6.724439
v 3.981517 -1.435236 6.723461
v 3.986681 -1.442738 6.713127
v 3.988594 -1.458313 6.725357
v 3.990232 -1.458313 6.713127
v 3.995045 -1.462952 6.713127
v 3.983898 -1.458313 6.736767
v 3.993240 -1.462952 6.726602
v 3.973855 -1.442738 6.744031
v 4.005846 -1.465498 6.729979
v 3.976363 -1.458313 6.746540
v 3.988066 -1.462952 6.739175
v 3.999375 -1.465498 6.745703
v 3.979765 -1.462952 6.749942
v 3.988992 -1.465498 6.759170
v 3.964815 -1.442738 6.750999
v 3.995882 -1.469947 6.766059
v 3.966591 -1.458313 6.754075
v 4.007818 -1.469947 6.750578
v 4.009935 -1.471261 6.751800
v 3.997609 -1.471261 6.767787
v 4.017616 -1.471261 6.733133
v 3.980400 -1.469947 6.777995
v 3.981623 -1.471261 6.780112
v 4.015257 -1.469947 6.732501
v 4.020296 -1.471261 6.713126
v 3.962324 -1.469947 6.785434
v 3.962957 -1.471261 6.787794
v 3.975527 -1.465498 6.769552
v 3.942951 -1.469947 6.788030
v 3.942951 -1.471261 6.790474
v 3.959803 -1.465498 6.776023
v 3.968997 -1.462952 6.758243
v 3.923576 -1.469947 6.785434
v 3.922943 -1.471261 6.787793
v 3.942951 -1.465498 6.778280
v 3.956425 -1.462952 6.763417
v 3.955180 -1.458313 6.758771
v 3.954262 -1.442738 6.755343
v 3.942950 -1.442738 6.756859
v 3.942950 -1.458313 6.760409
v 3.942950 -1.462952 6.765222
v 3.926097 -1.465498 6.776023
v 3.930720 -1.458313 6.758771
v 3.905498 -1.469947 6.777995
v 3.904276 -1.471261 6.780112
v 3.929475 -1.462952 6.763417
v 3.910373 -1.465498 6.769552
v 3.890017 -1.469947 6.766059
v 3.888290 -1.471261 6.767786
v 3.878082 -1.469947 6.750577
v 3.875965 -1.471261 6.751800
v 3.896907 -1.465498 6.759169
v 3.916902 -1.462952 6.758243
v 3.870643 -1.469947 6.732501
v 3.868283 -1.471261 6.733133
v 3.886525 -1.465498 6.745703
v 3.906135 -1.462952 6.749942
v 3.919309 -1.458313 6.754075
v 3.909536 -1.458313 6.746540
v 3.897834 -1.462952 6.739175
v 3.902002 -1.458313 6.736767
v 3.880054 -1.465498 6.729979
v 3.868047 -1.469947 6.713127
v 3.865602 -1.471261 6.713127
v 3.870643 -1.469947 6.693752
v 3.868283 -1.471261 6.693120
v 3.877796 -1.465498 6.713127
v 3.892660 -1.462952 6.726602
v 3.897307 -1.458313 6.725357
v 3.878083 -1.469947 6.675676
v 3.875966 -1.471261 6.674453
v 3.880054 -1.465498 6.696274
v 3.890855 -1.462952 6.713127
v 3.890018 -1.469947 6.660195
v 3.888290 -1.471261 6.658467
v 3.886525 -1.465498 6.680550
v 3.892660 -1.462952 6.699652
v 3.895667 -1.458313 6.713127
v 3.897307 -1.458313 6.700897
v 3.897834 -1.462952 6.687079
v 3.902002 -1.458313 6.689486
v 3.896907 -1.465498 6.667083
v 3.905498 -1.469947 6.648259
v 3.904276 -1.471261 6.646143
v 3.923575 -1.469947 6.640820
v 3.922943 -1.471261 6.638460
v 3.910373 -1.465498 6.656702
v 3.906135 -1.462952 6.676311
v 3.909536 -1.458313 6.679713
v 3.942950 -1.469947 6.638224
v 3.942950 -1.471261 6.635780
v 3.926097 -1.465498 6.650231
v 3.916902 -1.462952 6.668011
v 3.962324 -1.469947 6.640820
v 3.962957 -1.471261 6.638461
v 3.942950 -1.465498 6.647973
v 3.929475 -1.462952 6.662837
v 3.919309 -1.458313 6.672180
v 3.930719 -1.458313 6.667484
v 3.942950 -1.462952 6.661032
v 3.942950 -1.458313 6.665845
v 3.959803 -1.465498 6.650231
v 3.980402 -1.469947 6.648260
v 3.981623 -1.471261 6.646143
v 3.995883 -1.469947 6.660195
v 3.997610 -1.471261 6.658468
v 3.975527 -1.465498 6.656703
v 3.956425 -1.462952 6.662837
v 3.955180 -1.458313 6.667484
v 4.007818 -1.469947 6.675676
v 4.009935 -1.471261 6.674453
v 3.988993 -1.465498 6.667084
v 3.968998 -1.462952 6.668011
v 4.015257 -1.469947 6.693751
v 4.017616 -1.471261 6.693119
v 3.999375 -1.465498 6.680550
v 3.979765 -1.462952 6.676311
v 3.966591 -1.458313 6.672180
v 3.976363 -1.458313 6.679713
v 3.988066 -1.462952 6.687079
v 3.983898 -1.458313 6.689486
v 4.005846 -1.465498 6.696274
v 4.017853 -1.469947 6.713126
v 4.008103 -1.465498 6.713126
v 3.993240 -1.462952 6.699652
v 3.988594 -1.458313 6.700897
v 3.985167 -1.442738 6.701816
v 3.980823 -1.442738 6.691261
v 3.981517 -1.435236 6.702793
v 3.973855 -1.442738 6.682222
v 3.964815 -1.442738 6.675254
v 3.971183 -1.435236 6.684894
v 3.977549 -1.435236 6.693152
v 3.970887 -1.431577 6.696997
v 3.974091 -1.431577 6.704783
v 3.965747 -1.431577 6.690330
v 3.975209 -1.431577 6.713127
v 3.959079 -1.431577 6.685189
v 3.982902 -1.435236 6.713127
v 3.974091 -1.431577 6.721471
v 3.970887 -1.431577 6.729256
v 3.962926 -1.435236 6.678528
v 3.977549 -1.435236 6.733103
v 3.971183 -1.435236 6.741360
v 3.965747 -1.431577 6.735924
v 3.959079 -1.431577 6.741064
v 3.962926 -1.435236 6.747726
v 3.953284 -1.435236 6.751694
v 3.951294 -1.431577 6.744268
v 3.942950 -1.431577 6.745386
v 3.942950 -1.435236 6.753079
v 3.932616 -1.435236 6.751694
v 3.934606 -1.431577 6.744268
v 3.926820 -1.431577 6.741064
v 3.931638 -1.442738 6.755343
v 3.921084 -1.442738 6.750999
v 3.922974 -1.435236 6.747726
v 3.914716 -1.435236 6.741360
v 3.920153 -1.431577 6.735924
v 3.912046 -1.442738 6.744031
v 3.915012 -1.431577 6.729256
v 3.905077 -1.442738 6.734993
v 3.908351 -1.435236 6.733103
v 3.904383 -1.435236 6.723461
v 3.911808 -1.431577 6.721471
v 3.900734 -1.442738 6.724439
v 3.910691 -1.431577 6.713127
v 3.899219 -1.442738 6.713127
v 3.902998 -1.435236 6.713127
v 3.904383 -1.435236 6.702793
v 3.911808 -1.431577 6.704783
v 3.900734 -1.442738 6.701816
v 3.915012 -1.431577 6.696997
v 3.905077 -1.442738 6.691261
v 3.908351 -1.435236 6.693152
v 3.914716 -1.435236 6.684894
v 3.920153 -1.431577 6.690330
v 3.912046 -1.442738 6.682222
v 3.926820 -1.431577 6.685189
v 3.921084 -1.442738 6.675254
v 3.922974 -1.435236 6.678528
v 3.932616 -1.435236 6.674559
v 3.934606 -1.431577 6.681986
v 3.931638 -1.442738 6.670910
v 3.942950 -1.431577 6.680868
v 3.942950 -1.442738 6.669395
v 3.942950 -1.435236 6.673176
v 3.953284 -1.435236 6.674559
v 3.951294 -1.431577 6.681986
v 3.954262 -1.442738 6.670910
v 3.971003 -1.448926 6.713127
v 3.970031 -1.448926 6.720384
v 3.974091 -1.431577 6.721471
v 3.975209 -1.431577 6.713127
v 3.970887 -1.431577 6.729256
v 3.970031 -1.448926 6.705871
v 3.967245 -1.448926 6.727154
v 3.974091 -1.431577 6.704783
v 3.965747 -1.431577 6.735924
v 3.967245 -1.448926 6.699100
v 3.962775 -1.448926 6.732951
v 3.970887 -1.431577 6.696997
v 3.959079 -1.431577 6.741064
v 3.962775 -1.448926 6.693302
v 3.956977 -1.448926 6.737422
v 3.965747 -1.431577 6.690330
v 3.951294 -1.431577 6.744268
v 3.956977 -1.448926 6.688831
v 3.950206 -1.448926 6.740207
v 3.959079 -1.431577 6.685189
v 3.942950 -1.431577 6.745386
v 3.950206 -1.448926 6.686046
v 3.942950 -1.448926 6.741180
v 3.951294 -1.431577 6.681986
v 3.934606 -1.431577 6.744268
v 3.942950 -1.448926 6.685074
v 3.935694 -1.448926 6.740207
v 3.942950 -1.431577 6.680868
v 3.926820 -1.431577 6.741064
v 3.935694 -1.448926 6.686046
v 3.928923 -1.448926 6.737422
v 3.934606 -1.431577 6.681986
v 3.920153 -1.431577 6.735924
v 3.928923 -1.448926 6.688831
v 3.923125 -1.448926 6.732951
v 3.926820 -1.431577 6.685189
v 3.915012 -1.431577 6.729256
v 3.923125 -1.448926 6.693302
v 3.918654 -1.448926 6.727154
v 3.920153 -1.431577 6.690330
v 3.911808 -1.431577 6.721471
v 3.918654 -1.448926 6.699100
v 3.915869 -1.448926 6.720384
v 3.915012 -1.431577 6.696997
v 3.910691 -1.431577 6.713127
v 3.915869 -1.448926 6.705871
v 3.914897 -1.448926 6.713127
v 3.911808 -1.431577 6.704783
v 3.971003 -1.448926 6.713127
v 3.942950 -1.450929 6.713127
v 3.970031 -1.448926 6.720384
v 3.970031 -1.448926 6.705871
v 3.967245 -1.448926 6.727154
v 3.967245 -1.448926 6.699100
v 3.962775 -1.448926 6.732951
v 3.962775 -1.448926 6.693302
v 3.956977 -1.448926 6.737422
v 3.956977 -1.448926 6.688831
v 3.950206 -1.448926 6.740207
v 3.950206 -1.448926 6.686046
v 3.942950 -1.448926 6.741180
v 3.942950 -1.448926 6.685074
v 3.935694 -1.448926 6.740207
v 3.935694 -1.448926 6.686046
v 3.928923 -1.448926 6.737422
v 3.928923 -1.448926 6.688831
v 3.923125 -1.448926 6.732951
v 3.923125 -1.448926 6.693302
v 3.918654 -1.448926 6.699100
v 3.918654 -1.448926 6.727154
v 3.915869 -1.448926 6.705871
v 3.915869 -1.448926 6.720384
v 3.914897 -1.448926 6.713127
v 1.051622 -1.471261 6.713126
v 1.048942 -1.471261 6.733133
v 1.054050 -1.490754 6.734502
v 1.056914 -1.490754 6.713126
v 1.045842 -1.490754 6.754447
v 1.048942 -1.471261 6.693119
v 1.041260 -1.471261 6.751800
v 1.054050 -1.490754 6.691751
v 1.032674 -1.490754 6.771527
v 1.041260 -1.471261 6.674453
v 1.028934 -1.471261 6.767787
v 1.045843 -1.490754 6.671807
v 1.015594 -1.490754 6.784696
v 1.028935 -1.471261 6.658468
v 1.012948 -1.471261 6.780112
v 1.032675 -1.490754 6.654727
v 0.995651 -1.490754 6.792903
v 1.012950 -1.471261 6.646143
v 0.994282 -1.471261 6.787794
v 1.015595 -1.490754 6.641559
v 0.974276 -1.490754 6.795766
v 0.994282 -1.471261 6.638461
v 0.974276 -1.471261 6.790474
v 0.995651 -1.490754 6.633351
v 0.952900 -1.490754 6.792902
v 0.974274 -1.471261 6.635780
v 0.954269 -1.471261 6.787793
v 0.974274 -1.490754 6.630488
v 0.932956 -1.490754 6.784694
v 0.954268 -1.471261 6.638460
v 0.935602 -1.471261 6.780112
v 0.952899 -1.490754 6.633351
v 0.915875 -1.490754 6.771526
v 0.935602 -1.471261 6.646143
v 0.919615 -1.471261 6.767786
v 0.932955 -1.490754 6.641559
v 0.902707 -1.490754 6.754446
v 0.919616 -1.471261 6.658467
v 0.907290 -1.471261 6.751800
v 0.915876 -1.490754 6.654727
v 0.894500 -1.490754 6.734502
v 0.907291 -1.471261 6.674453
v 0.899609 -1.471261 6.733133
v 0.902708 -1.490754 6.671807
v 0.891636 -1.490754 6.713127
v 0.899609 -1.471261 6.693120
v 0.896929 -1.471261 6.713127
v 0.894500 -1.490754 6.691751
v 1.012148 -1.442738 6.734993
v 1.016491 -1.442738 6.724439
v 1.012842 -1.435236 6.723461
v 1.018007 -1.442738 6.713127
v 1.019919 -1.458313 6.725357
v 1.021558 -1.458313 6.713127
v 1.026371 -1.462952 6.713127
v 1.015223 -1.458313 6.736767
v 1.024566 -1.462952 6.726602
v 1.005180 -1.442738 6.744031
v 1.037171 -1.465498 6.729979
v 1.007689 -1.458313 6.746540
v 1.019391 -1.462952 6.739175
v 1.030700 -1.465498 6.745703
v 1.011090 -1.462952 6.749942
v 1.020318 -1.465498 6.759170
v 0.996141 -1.442738 6.750999
v 1.027207 -1.469947 6.766059
v 0.997917 -1.458313 6.754075
v 1.039143 -1.469947 6.750578
v 1.041260 -1.471261 6.751800
v 1.028934 -1.471261 6.767787
v 1.048942 -1.471261 6.733133
v 1.011726 -1.469947 6.777995
v 1.012948 -1.471261 6.780112
v 1.046582 -1.469947 6.732501
v 1.051622 -1.471261 6.713126
v 0.993650 -1.469947 6.785434
v 0.994282 -1.471261 6.787794
v 1.006852 -1.465498 6.769552
v 0.974276 -1.469947 6.788030
v 0.974276 -1.471261 6.790474
v 0.991128 -1.465498 6.776023
v 1.000323 -1.462952 6.758243
v 0.954902 -1.469947 6.785434
v 0.954269 -1.471261 6.787793
v 0.974276 -1.465498 6.778280
v 0.987750 -1.462952 6.763417
v 0.986506 -1.458313 6.758771
v 0.985587 -1.442738 6.755343
v 0.974275 -1.442738 6.756859
v 0.974275 -1.458313 6.760409
v 0.974276 -1.462952 6.765222
v 0.957423 -1.465498 6.776023
v 0.962045 -1.458313 6.758771
v 0.936824 -1.469947 6.777995
v 0.935602 -1.471261 6.780112
v 0.960800 -1.462952 6.763417
v 0.941698 -1.465498 6.769552
v 0.921342 -1.469947 6.766059
v 0.919615 -1.471261 6.767786
v 0.909407 -1.469947 6.750577
v 0.907290 -1.471261 6.751800
v 0.928233 -1.465498 6.759169
v 0.948228 -1.462952 6.758243
v 0.901968 -1.469947 6.732501
v 0.899609 -1.471261 6.733133
v 0.917850 -1.465498 6.745703
v 0.937461 -1.462952 6.749942
v 0.950634 -1.458313 6.754075
v 0.940862 -1.458313 6.746540
v 0.929159 -1.462952 6.739175
v 0.933328 -1.458313 6.736767
v 0.911379 -1.465498 6.729979
v 0.899373 -1.469947 6.713127
v 0.896929 -1.471261 6.713127
v 0.901969 -1.469947 6.693752
v 0.899609 -1.471261 6.693120
v 0.909122 -1.465498 6.713127
v 0.923986 -1.462952 6.726602
v 0.928632 -1.458313 6.725357
v 0.909408 -1.469947 6.675676
v 0.907291 -1.471261 6.674453
v 0.911380 -1.465498 6.696274
v 0.922180 -1.462952 6.713127
v 0.921343 -1.469947 6.660195
v 0.919616 -1.471261 6.658467
v 0.917850 -1.465498 6.680550
v 0.923986 -1.462952 6.699652
v 0.926993 -1.458313 6.713127
v 0.928632 -1.458313 6.700897
v 0.929159 -1.462952 6.687079
v 0.933328 -1.458313 6.689486
v 0.928233 -1.465498 6.667083
v 0.936824 -1.469947 6.648259
v 0.935602 -1.471261 6.646143
v 0.954900 -1.469947 6.640820
v 0.954268 -1.471261 6.638460
v 0.941698 -1.465498 6.656702
v 0.937461 -1.462952 6.676311
v 0.940862 -1.458313 6.679713
v 0.974274 -1.469947 6.638224
v 0.974274 -1.471261 6.635780
v 0.957422 -1.465498 6.650231
v 0.948227 -1.462952 6.668011
v 0.993650 -1.469947 6.640820
v 0.994282 -1.471261 6.638461
v 0.974275 -1.465498 6.647973
v 0.960800 -1.462952 6.662837
v 0.950634 -1.458313 6.672180
v 0.962045 -1.458313 6.667484
v 0.974275 -1.462952 6.661032
v 0.974275 -1.458313 6.665845
v 0.991128 -1.465498 6.650231
v 1.011727 -1.469947 6.648260
v 1.012950 -1.471261 6.646143
v 1.027208 -1.469947 6.660195
v 1.028935 -1.471261 6.658468
v 1.006853 -1.465498 6.656703
v 0.987750 -1.462952 6.662837
v 0.986506 -1.458313 6.667484
v 1.039143 -1.469947 6.675676
v 1.041260 -1.471261 6.674453
v 1.020318 -1.465498 6.667084
v 1.000323 -1.462952 6.668011
v 1.046582 -1.469947 6.693751
v 1.048942 -1.471261 6.693119
v 1.030700 -1.465498 6.680550
v 1.011090 -1.462952 6.676311
v 0.997917 -1.458313 6.672180
v 1.007689 -1.458313 6.679713
v 1.019391 -1.462952 6.687079
v 1.015223 -1.458313 6.689486
v 1.037171 -1.465498 6.696274
v 1.049178 -1.469947 6.713126
v 1.039429 -1.465498 6.713126
v 1.024566 -1.462952 6.699652
v 1.019919 -1.458313 6.700897
v 1.016491 -1.442738 6.701816
v 1.012148 -1.442738 6.691261
v 1.012842 -1.435236 6.702793
v 1.005180 -1.442738 6.682222
v 0.996141 -1.442738 6.675254
v 1.002509 -1.435236 6.684894
v 1.008874 -1.435236 6.693152
v 1.002213 -1.431577 6.696997
v 1.005417 -1.431577 6.704783
v 0.997073 -1.431577 6.690330
v 1.006534 -1.431577 6.713127
v 0.990405 -1.431577 6.685189
v 1.014227 -1.435236 6.713127
v 1.005417 -1.431577 6.721471
v 1.002213 -1.431577 6.729256
v 0.994251 -1.435236 6.678528
v 1.008874 -1.435236 6.733103
v 1.002509 -1.435236 6.741360
v 0.997073 -1.431577 6.735924
v 0.990405 -1.431577 6.741064
v 0.994251 -1.435236 6.747726
v 0.984610 -1.435236 6.751694
v 0.982620 -1.431577 6.744268
v 0.974275 -1.431577 6.745386
v 0.974275 -1.435236 6.753079
v 0.963942 -1.435236 6.751694
v 0.965931 -1.431577 6.744268
v 0.958146 -1.431577 6.741064
v 0.962964 -1.442738 6.755343
v 0.952410 -1.442738 6.750999
v 0.954299 -1.435236 6.747726
v 0.946042 -1.435236 6.741360
v 0.951478 -1.431577 6.735924
v 0.943371 -1.442738 6.744031
v 0.946338 -1.431577 6.729256
v 0.936402 -1.442738 6.734993
v 0.939676 -1.435236 6.733103
v 0.935708 -1.435236 6.723461
v 0.943134 -1.431577 6.721471
v 0.932059 -1.442738 6.724439
v 0.942016 -1.431577 6.713127
v 0.930544 -1.442738 6.713127
v 0.934324 -1.435236 6.713127
v 0.935708 -1.435236 6.702793
v 0.943134 -1.431577 6.704783
v 0.932059 -1.442738 6.701816
v 0.946338 -1.431577 6.696997
v 0.936402 -1.442738 6.691261
v 0.939676 -1.435236 6.693152
v 0.946042 -1.435236 6.684894
v 0.951478 -1.431577 6.690330
v 0.943371 -1.442738 6.682222
v 0.958146 -1.431577 6.685189
v 0.952410 -1.442738 6.675254
v 0.954299 -1.435236 6.678528
v 0.963942 -1.435236 6.674559
v 0.965931 -1.431577 6.681986
v 0.962964 -1.442738 6.670910
v 0.974275 -1.431577 6.680868
v 0.974275 -1.442738 6.669395
v 0.974275 -1.435236 6.673176
v 0.984610 -1.435236 6.674559
v 0.982620 -1.431577 6.681986
v 0.985587 -1.442738 6.670910
v 1.002329 -1.448926 6.713127
v 1.001357 -1.448926 6.720384
v 1.005417 -1.431577 6.721471
v 1.006534 -1.431577 6.713127
v 1.002213 -1.431577 6.729256
v 1.001357 -1.448926 6.705871
v 0.998570 -1.448926 6.727154
v 1.005417 -1.431577 6.704783
v 0.997073 -1.431577 6.735924
v 0.998570 -1.448926 6.699100
v 0.994100 -1.448926 6.732951
v 1.002213 -1.431577 6.696997
v 0.990405 -1.431577 6.741064
v 0.994100 -1.448926 6.693302
v 0.988302 -1.448926 6.737422
v 0.997073 -1.431577 6.690330
v 0.982620 -1.431577 6.744268
v 0.988302 -1.448926 6.688831
v 0.981532 -1.448926 6.740207
v 0.990405 -1.431577 6.685189
v 0.974275 -1.431577 6.745386
v 0.981532 -1.448926 6.686046
v 0.974275 -1.448926 6.741180
v 0.982620 -1.431577 6.681986
v 0.965931 -1.431577 6.744268
v 0.974275 -1.448926 6.685074
v 0.967019 -1.448926 6.740207
v 0.974275 -1.431577 6.680868
v 0.958146 -1.431577 6.741064
v 0.967019 -1.448926 6.686046
v 0.960249 -1.448926 6.737422
v 0.965931 -1.431577 6.681986
v 0.951478 -1.431577 6.735924
v 0.960249 -1.448926 6.688831
v 0.954450 -1.448926 6.732951
v 0.958146 -1.431577 6.685189
v 0.946338 -1.431577 6.729256
v 0.954450 -1.448926 6.693302
v 0.949981 -1.448926 6.727154
v 0.951478 -1.431577 6.690330
v 0.943134 -1.431577 6.721471
v 0.949981 -1.448926 6.699100
v 0.947194 -1.448926 6.720384
v 0.946338 -1.431577 6.696997
v 0.942016 -1.431577 6.713127
v 0.947194 -1.448926 6.705871
v 0.946222 -1.448926 6.713127
v 0.943134 -1.431577 6.704783
v 1.002329 -1.448926 6.713127
v 0.974275 -1.450929 6.713127
v 1.001357 -1.448926 6.720384
v 1.001357 -1.448926 6.705871
v 0.998570 -1.448926 6.727154
v 0.998570 -1.448926 6.699100
v 0.994100 -1.448926 6.732951
v 0.994100 -1.448926 6.693302
v 0.988302 -1.448926 6.737422
v 0.988302 -1.448926 6.688831
v 0.981532 -1.448926 6.740207
v 0.981532 -1.448926 6.686046
v 0.974275 -1.448926 6.741180
v 0.974275 -1.448926 6.685074
v 0.967019 -1.448926 6.740207
v 0.967019 -1.448926 6.686046
v 0.960249 -1.448926 6.737422
v 0.960249 -1.448926 6.688831
v 0.954450 -1.448926 6.732951
v 0.954450 -1.448926 6.693302
v 0.949981 -1.448926 6.699100
v 0.949981 -1.448926 6.727154
v 0.947194 -1.448926 6.705871
v 0.947194 -1.448926 6.720384
v 0.946222 -1.448926 6.713127
v 0.967040 -1.586424 6.655570
v 0.967040 -1.276056 6.738732
v 0.976050 -1.275431 6.736400
v 0.976050 -1.585799 6.653238
v 0.960446 -1.588130 6.661939
v 0.960446 -1.277763 6.745103
v 0.958031 -1.590462 6.670642
v 0.958031 -1.280094 6.753805
v 0.960446 -1.592795 6.679345
v 0.960446 -1.282426 6.762507
v 0.967040 -1.594501 6.685714
v 0.967040 -1.284133 6.768877
v 0.976050 -1.595126 6.688046
v 0.976050 -1.284758 6.771209
v 0.985058 -1.594501 6.685714
v 0.985058 -1.284133 6.768877
v 0.991654 -1.592795 6.679345
v 0.991654 -1.282426 6.762507
v 0.994067 -1.590462 6.670642
v 0.994067 -1.280094 6.753805
v 0.991654 -1.588130 6.661939
v 0.991654 -1.277763 6.745103
v 0.985058 -1.586424 6.655570
v 0.985058 -1.276056 6.738732
v 0.976050 -1.585799 6.653238
v 0.976050 -1.275431 6.736400
v 0.967040 -1.276056 6.738732
v 0.967040 -0.965687 6.821895
v 0.976050 -0.965062 6.819563
v 0.976050 -1.275431 6.736400
v 0.960446 -1.277763 6.745103
v 0.960446 -0.967394 6.828265
v 0.958031 -1.280094 6.753805
v 0.958031 -0.969726 6.836968
v 0.960446 -1.282426 6.762507
v 0.960446 -0.972058 6.845670
v 0.967040 -1.284133 6.768877
v 0.967040 -0.973765 6.852039
v 0.976050 -1.284758 6.771209
v 0.976050 -0.974390 6.854371
v 0.985058 -1.284133 6.768877
v 0.985058 -0.973765 6.852039
v 0.991654 -1.282426 6.762507
v 0.991654 -0.972058 6.845670
v 0.994067 -1.280094 6.753805
v 0.994067 -0.969726 6.836968
v 0.991654 -1.277763 6.745103
v 0.991654 -0.967394 6.828265
v 0.985058 -1.276056 6.738732
v 0.985058 -0.965687 6.821895
v 0.976050 -1.275431 6.736400
v 0.976050 -0.965062 6.819563
v 0.967040 -0.965687 6.821895
v 0.967040 -0.655319 6.905058
v 0.976050 -0.654694 6.902727
v 0.976050 -0.965062 6.819563
v 0.960446 -0.967394 6.828265
v 0.960446 -0.657026 6.911429
v 0.958031 -0.969726 6.836968
v 0.958031 -0.659358 6.920130
v 0.960446 -0.972058 6.845670
v 0.960446 -0.661690 6.928832
v 0.967040 -0.973765 6.852039
v 0.967040 -0.663397 6.935203
v 0.976050 -0.974390 6.854371
v 0.976050 -0.664022 6.937535
v 0.985058 -0.973765 6.852039
v 0.985058 -0.663397 6.935203
v 0.991654 -0.972058 6.845670
v 0.991654 -0.661690 6.928832
v 0.994067 -0.969726 6.836968
v 0.994067 -0.659358 6.920130
v 0.991654 -0.967394 6.828265
v 0.991654 -0.657026 6.911429
v 0.985058 -0.965687 6.821895
v 0.985058 -0.655319 6.905058
v 0.976050 -0.965062 6.819563
v 0.976050 -0.654694 6.902727
v 0.971828 -0.063011 7.074847
v 0.976049 -0.062381 7.072493
v 0.973612 -0.062550 7.073123
v 0.980270 -0.063011 7.074847
v 0.978486 -0.062550 7.073123
v 0.971174 -0.063642 7.077201
v 0.971828 -0.064273 7.079555
v 0.976049 -0.064904 7.081909
v 0.973612 -0.064735 7.081278
v 0.980270 -0.064273 7.079555
v 0.978486 -0.064735 7.081278
v 0.980924 -0.063642 7.077201
v 0.967040 -0.274659 7.007056
v 0.963681 -0.247092 7.008418
v 0.976050 -0.246234 7.005217
v 0.976050 -0.274034 7.004724
v 0.976050 -0.220242 7.012459
v 0.967040 -0.655319 6.905058
v 0.976050 -0.654694 6.902727
v 0.960446 -0.657026 6.911429
v 0.960445 -0.276366 7.013426
v 0.958031 -0.659358 6.920130
v 0.963815 -0.221091 7.015626
v 0.976050 -0.166450 7.020196
v 0.954626 -0.249435 7.017163
v 0.958031 -0.278698 7.022128
v 0.960446 -0.661690 6.928832
v 0.960590 -0.167522 7.024197
v 0.976050 -0.112220 7.038149
v 0.954859 -0.223409 7.024277
v 0.951312 -0.252637 7.029112
v 0.960445 -0.281030 7.030830
v 0.967040 -0.663397 6.935203
v 0.962859 -0.113134 7.041563
v 0.976049 -0.062381 7.072493
v 0.973612 -0.062550 7.073123
v 0.953203 -0.115634 7.050889
v 0.971828 -0.063011 7.074847
v 0.971174 -0.063642 7.077201
v 0.949274 -0.170451 7.035128
v 0.949669 -0.119048 7.063630
v 0.971828 -0.064273 7.079555
v 0.951582 -0.226575 7.036094
v 0.945131 -0.174453 7.050060
v 0.953203 -0.122462 7.076371
v 0.962859 -0.124961 7.085698
v 0.973612 -0.064735 7.081278
v 0.949274 -0.178454 7.064993
v 0.954859 -0.229742 7.047911
v 0.954626 -0.255838 7.041058
v 0.976050 -0.125875 7.089112
v 0.976049 -0.064904 7.081909
v 0.967040 -0.282737 7.037201
v 0.976050 -0.664022 6.937535
v 0.963681 -0.258182 7.049805
v 0.976050 -0.283362 7.039533
v 0.985058 -0.663397 6.935203
v 0.963815 -0.232060 7.056562
v 0.976050 -0.259039 7.053005
v 0.985058 -0.282737 7.037201
v 0.991654 -0.661690 6.928832
v 0.960590 -0.181382 7.075924
v 0.976050 -0.232908 7.059728
v 0.988418 -0.258182 7.049805
v 0.991654 -0.281030 7.030830
v 0.994067 -0.659358 6.920130
v 0.976050 -0.182455 7.079925
v 0.988283 -0.232060 7.056562
v 0.997472 -0.255838 7.041058
v 0.994067 -0.278698 7.022128
v 0.991654 -0.657026 6.911429
v 0.991508 -0.181382 7.075924
v 0.989239 -0.124961 7.085698
v 0.978486 -0.064735 7.081278
v 0.991654 -0.276366 7.013426
v 0.985058 -0.655319 6.905058
v 1.000786 -0.252637 7.029112
v 0.985058 -0.274659 7.007056
v 0.976050 -0.654694 6.902727
v 0.976050 -0.274034 7.004724
v 0.997239 -0.229742 7.047911
v 0.997472 -0.249435 7.017163
v 1.000517 -0.226575 7.036094
v 1.002825 -0.178454 7.064993
v 0.988418 -0.247092 7.008418
v 0.976050 -0.246234 7.005217
v 0.997239 -0.223409 7.024277
v 0.988283 -0.221091 7.015626
v 0.976050 -0.220242 7.012459
v 1.006967 -0.174453 7.050060
v 1.002825 -0.170451 7.035128
v 0.991508 -0.167522 7.024197
v 0.976050 -0.166450 7.020196
v 0.998895 -0.122462 7.076371
v 0.980270 -0.064273 7.079555
v 1.002430 -0.119048 7.063630
v 0.980924 -0.063642 7.077201
v 0.998895 -0.115634 7.050889
v 0.980270 -0.063011 7.074847
v 0.989239 -0.113134 7.041563
v 0.978486 -0.062550 7.073123
v 0.976050 -0.112220 7.038149
v 0.976049 -0.062381 7.072493
v -1.906537 -1.471261 6.713126
v -1.909217 -1.471261 6.733133
v -1.904108 -1.490754 6.734502
v -1.901244 -1.490754 6.713126
v -1.912316 -1.490754 6.754447
v -1.909217 -1.471261 6.693119
v -1.916899 -1.471261 6.751800
v -1.904108 -1.490754 6.691751
v -1.925484 -1.490754 6.771527
v -1.916899 -1.471261 6.674453
v -1.929224 -1.471261 6.767787
v -1.912315 -1.490754 6.671807
v -1.942565 -1.490754 6.784696
v -1.929223 -1.471261 6.658468
v -1.945211 -1.471261 6.780112
v -1.925483 -1.490754 6.654727
v -1.962507 -1.490754 6.792903
v -1.945210 -1.471261 6.646143
v -1.963877 -1.471261 6.787794
v -1.942563 -1.490754 6.641559
v -1.983883 -1.490754 6.795766
v -1.963877 -1.471261 6.638461
v -1.983883 -1.471261 6.790474
v -1.962508 -1.490754 6.633351
v -2.005259 -1.490754 6.792902
v -1.983884 -1.471261 6.635780
v -2.003890 -1.471261 6.787793
v -1.983884 -1.490754 6.630488
v -2.025202 -1.490754 6.784694
v -2.003890 -1.471261 6.638460
v -2.022557 -1.471261 6.780112
v -2.005260 -1.490754 6.633351
v -2.042283 -1.490754 6.771526
v -2.022557 -1.471261 6.646143
v -2.038543 -1.471261 6.767786
v -2.025203 -1.490754 6.641559
v -2.055451 -1.490754 6.754446
v -2.038543 -1.471261 6.658467
v -2.050868 -1.471261 6.751800
v -2.042282 -1.490754 6.654727
v -2.063659 -1.490754 6.734502
v -2.050868 -1.471261 6.674453
v -2.058550 -1.471261 6.733133
v -2.055451 -1.490754 6.671807
v -2.066523 -1.490754 6.713127
v -2.058550 -1.471261 6.693120
v -2.061231 -1.471261 6.713127
v -2.063659 -1.490754 6.691751
v -1.946010 -1.442738 6.734993
v -1.941667 -1.442738 6.724439
v -1.945316 -1.435236 6.723461
v -1.940152 -1.442738 6.713127
v -1.938240 -1.458313 6.725357
v -1.936601 -1.458313 6.713127
v -1.931788 -1.462952 6.713127
v -1.942935 -1.458313 6.736767
v -1.933594 -1.462952 6.726602
v -1.952979 -1.442738 6.744031
v -1.920987 -1.465498 6.729979
v -1.950470 -1.458313 6.746540
v -1.938767 -1.462952 6.739175
v -1.927458 -1.465498 6.745703
v -1.947068 -1.462952 6.749942
v -1.937841 -1.465498 6.759170
v -1.962018 -1.442738 6.750999
v -1.930951 -1.469947 6.766059
v -1.960243 -1.458313 6.754075
v -1.919016 -1.469947 6.750578
v -1.916899 -1.471261 6.751800
v -1.929224 -1.471261 6.767787
v -1.909217 -1.471261 6.733133
v -1.946433 -1.469947 6.777995
v -1.945211 -1.471261 6.780112
v -1.911576 -1.469947 6.732501
v -1.906537 -1.471261 6.713126
v -1.964509 -1.469947 6.785434
v -1.963877 -1.471261 6.787794
v -1.951306 -1.465498 6.769552
v -1.983883 -1.469947 6.788030
v -1.983883 -1.471261 6.790474
v -1.967030 -1.465498 6.776023
v -1.957836 -1.462952 6.758243
v -2.003258 -1.469947 6.785434
v -2.003890 -1.471261 6.787793
v -1.983883 -1.465498 6.778280
v -1.970408 -1.462952 6.763417
v -1.971654 -1.458313 6.758771
v -1.972571 -1.442738 6.755343
v -1.983883 -1.442738 6.756859
v -1.983883 -1.458313 6.760409
v -1.983883 -1.462952 6.765222
v -2.000736 -1.465498 6.776023
v -1.996114 -1.458313 6.758771
v -2.021334 -1.469947 6.777995
v -2.022557 -1.471261 6.780112
v -1.997358 -1.462952 6.763417
v -2.016460 -1.465498 6.769552
v -2.036816 -1.469947 6.766059
v -2.038543 -1.471261 6.767786
v -2.048751 -1.469947 6.750577
v -2.050868 -1.471261 6.751800
v -2.029926 -1.465498 6.759169
v -2.009931 -1.462952 6.758243
v -2.056191 -1.469947 6.732501
v -2.058550 -1.471261 6.733133
v -2.040308 -1.465498 6.745703
v -2.020698 -1.462952 6.749942
v -2.007525 -1.458313 6.754075
v -2.017297 -1.458313 6.746540
v -2.028999 -1.462952 6.739175
v -2.024831 -1.458313 6.736767
v -2.046779 -1.465498 6.729979
v -2.058786 -1.469947 6.713127
v -2.061231 -1.471261 6.713127
v -2.056191 -1.469947 6.693752
v -2.058550 -1.471261 6.693120
v -2.049037 -1.465498 6.713127
v -2.034174 -1.462952 6.726602
v -2.029527 -1.458313 6.725357
v -2.048751 -1.469947 6.675676
v -2.050868 -1.471261 6.674453
v -2.046779 -1.465498 6.696274
v -2.035978 -1.462952 6.713127
v -2.036815 -1.469947 6.660195
v -2.038543 -1.471261 6.658467
v -2.040308 -1.465498 6.680550
v -2.034174 -1.462952 6.699652
v -2.031166 -1.458313 6.713127
v -2.029527 -1.458313 6.700897
v -2.028999 -1.462952 6.687079
v -2.024831 -1.458313 6.689486
v -2.029926 -1.465498 6.667083
v -2.021335 -1.469947 6.648259
v -2.022557 -1.471261 6.646143
v -2.003259 -1.469947 6.640820
v -2.003890 -1.471261 6.638460
v -2.016460 -1.465498 6.656702
v -2.020698 -1.462952 6.676311
v -2.017297 -1.458313 6.679713
v -1.983884 -1.469947 6.638224
v -1.983884 -1.471261 6.635780
v -2.000736 -1.465498 6.650231
v -2.009931 -1.462952 6.668011
v -1.964509 -1.469947 6.640820
v -1.963877 -1.471261 6.638461
v -1.983884 -1.465498 6.647973
v -1.997358 -1.462952 6.662837
v -2.007525 -1.458313 6.672180
v -1.996114 -1.458313 6.667484
v -1.983883 -1.462952 6.661032
v -1.983883 -1.458313 6.665845
v -1.967030 -1.465498 6.650231
v -1.946432 -1.469947 6.648260
v -1.945210 -1.471261 6.646143
v -1.930951 -1.469947 6.660195
v -1.929223 -1.471261 6.658468
v -1.951306 -1.465498 6.656703
v -1.970408 -1.462952 6.662837
v -1.971654 -1.458313 6.667484
v -1.919016 -1.469947 6.675676
v -1.916899 -1.471261 6.674453
v -1.937840 -1.465498 6.667084
v -1.957835 -1.462952 6.668011
v -1.911576 -1.469947 6.693751
v -1.909217 -1.471261 6.693119
v -1.927458 -1.465498 6.680550
v -1.947068 -1.462952 6.676311
v -1.960243 -1.458313 6.672180
v -1.950470 -1.458313 6.679713
v -1.938767 -1.462952 6.687079
v -1.942935 -1.458313 6.689486
v -1.920988 -1.465498 6.696274
v -1.908981 -1.469947 6.713126
v -1.918730 -1.465498 6.713126
v -1.933594 -1.462952 6.699652
v -1.938240 -1.458313 6.700897
v -1.941667 -1.442738 6.701816
v -1.946010 -1.442738 6.691261
v -1.945316 -1.435236 6.702793
v -1.952979 -1.442738 6.682222
v -1.962018 -1.442738 6.675254
v -1.955650 -1.435236 6.684894
v -1.949284 -1.435236 6.693152
v -1.955946 -1.431577 6.696997
v -1.952742 -1.431577 6.704783
v -1.961087 -1.431577 6.690330
v -1.951624 -1.431577 6.713127
v -1.967754 -1.431577 6.685189
v -1.943932 -1.435236 6.713127
v -1.952742 -1.431577 6.721471
v -1.955946 -1.431577 6.729256
v -1.963907 -1.435236 6.678528
v -1.949284 -1.435236 6.733103
v -1.955650 -1.435236 6.741360
v -1.961087 -1.431577 6.735924
v -1.967754 -1.431577 6.741064
v -1.963907 -1.435236 6.747726
v -1.973550 -1.435236 6.751694
v -1.975539 -1.431577 6.744268
v -1.983883 -1.431577 6.745386
v -1.983883 -1.435236 6.753079
v -1.994218 -1.435236 6.751694
v -1.992227 -1.431577 6.744268
v -2.000013 -1.431577 6.741064
v -1.995195 -1.442738 6.755343
v -2.005749 -1.442738 6.750999
v -2.003859 -1.435236 6.747726
v -2.012117 -1.435236 6.741360
v -2.006680 -1.431577 6.735924
v -2.014787 -1.442738 6.744031
v -2.011821 -1.431577 6.729256
v -2.021756 -1.442738 6.734993
v -2.018483 -1.435236 6.733103
v -2.022451 -1.435236 6.723461
v -2.015025 -1.431577 6.721471
v -2.026100 -1.442738 6.724439
v -2.016143 -1.431577 6.713127
v -2.027614 -1.442738 6.713127
v -2.023835 -1.435236 6.713127
v -2.022451 -1.435236 6.702793
v -2.015025 -1.431577 6.704783
v -2.026100 -1.442738 6.701816
v -2.011821 -1.431577 6.696997
v -2.021756 -1.442738 6.691261
v -2.018483 -1.435236 6.693152
v -2.012117 -1.435236 6.684894
v -2.006680 -1.431577 6.690330
v -2.014787 -1.442738 6.682222
v -2.000013 -1.431577 6.685189
v -2.005749 -1.442738 6.675254
v -2.003859 -1.435236 6.678528
v -1.994218 -1.435236 6.674559
v -1.992227 -1.431577 6.681986
v -1.995195 -1.442738 6.670910
v -1.983883 -1.431577 6.680868
v -1.983883 -1.442738 6.669395
v -1.983883 -1.435236 6.673176
v -1.973550 -1.435236 6.674559
v -1.975539 -1.431577 6.681986
v -1.972572 -1.442738 6.670910
v -1.955831 -1.448926 6.713127
v -1.956802 -1.448926 6.720384
v -1.952742 -1.431577 6.721471
v -1.951624 -1.431577 6.713127
v -1.955946 -1.431577 6.729256
v -1.956802 -1.448926 6.705871
v -1.959588 -1.448926 6.727154
v -1.952742 -1.431577 6.704783
v -1.961087 -1.431577 6.735924
v -1.959588 -1.448926 6.699100
v -1.964058 -1.448926 6.732951
v -1.955946 -1.431577 6.696997
v -1.967754 -1.431577 6.741064
v -1.964058 -1.448926 6.693302
v -1.969857 -1.448926 6.737422
v -1.961087 -1.431577 6.690330
v -1.975539 -1.431577 6.744268
v -1.969857 -1.448926 6.688831
v -1.976627 -1.448926 6.740207
v -1.967754 -1.431577 6.685189
v -1.983883 -1.431577 6.745386
v -1.976627 -1.448926 6.686046
v -1.983883 -1.448926 6.741180
v -1.975539 -1.431577 6.681986
v -1.992227 -1.431577 6.744268
v -1.983883 -1.448926 6.685074
v -1.991140 -1.448926 6.740207
v -1.983883 -1.431577 6.680868
v -2.000013 -1.431577 6.741064
v -1.991140 -1.448926 6.686046
v -1.997910 -1.448926 6.737422
v -1.992227 -1.431577 6.681986
v -2.006680 -1.431577 6.735924
v -1.997910 -1.448926 6.688831
v -2.003708 -1.448926 6.732951
v -2.000013 -1.431577 6.685189
v -2.011821 -1.431577 6.729256
v -2.003708 -1.448926 6.693302
v -2.008178 -1.448926 6.727154
v -2.006680 -1.431577 6.690330
v -2.015025 -1.431577 6.721471
v -2.008178 -1.448926 6.699100
v -2.010964 -1.448926 6.720384
v -2.011821 -1.431577 6.696997
v -2.016143 -1.431577 6.713127
v -2.010964 -1.448926 6.705871
v -2.011937 -1.448926 6.713127
v -2.015025 -1.431577 6.704783
v -1.955831 -1.448926 6.713127
v -1.983883 -1.450929 6.713127
v -1.956802 -1.448926 6.720384
v -1.956802 -1.448926 6.705871
v -1.959588 -1.448926 6.727154
v -1.959588 -1.448926 6.699100
v -1.964058 -1.448926 6.732951
v -1.964058 -1.448926 6.693302
v -1.969857 -1.448926 6.737422
v -1.969857 -1.448926 6.688831
v -1.976627 -1.448926 6.740207
v -1.976627 -1.448926 6.686046
v -1.983883 -1.448926 6.741180
v -1.983883 -1.448926 6.685074
v -1.991140 -1.448926 6.740207
v -1.991140 -1.448926 6.686046
v -1.997910 -1.448926 6.737422
v -1.997910 -1.448926 6.688831
v -2.003708 -1.448926 6.732951
v -2.003708 -1.448926 6.693302
v -2.008178 -1.448926 6.699100
v -2.008178 -1.448926 6.727154
v -2.010964 -1.448926 6.705871
v -2.010964 -1.448926 6.720384
v -2.011937 -1.448926 6.713127
v -1.991119 -1.586424 6.655570
v -1.991119 -1.276056 6.738732
v -1.982110 -1.275431 6.736400
v -1.982110 -1.585799 6.653238
v -1.997714 -1.588130 6.661939
v -1.997714 -1.277763 6.745103
v -2.000127 -1.590462 6.670642
v -2.000127 -1.280094 6.753805
v -1.997714 -1.592795 6.679345
v -1.997714 -1.282426 6.762507
v -1.991119 -1.594501 6.685714
v -1.991119 -1.284133 6.768877
v -1.982110 -1.595126 6.688046
v -1.982110 -1.284758 6.771209
v -1.973101 -1.594501 6.685714
v -1.973101 -1.284133 6.768877
v -1.966506 -1.592795 6.679345
v -1.966506 -1.282426 6.762507
v -1.964091 -1.590462 6.670642
v -1.964091 -1.280094 6.753805
v -1.966506 -1.588130 6.661939
v -1.966506 -1.277763 6.745103
v -1.973101 -1.586424 6.655570
v -1.973101 -1.276056 6.738732
v -1.982110 -1.585799 6.653238
v -1.982110 -1.275431 6.736400
v -1.991119 -1.276056 6.738732
v -1.991119 -0.965687 6.821895
v -1.982110 -0.965062 6.819563
v -1.982110 -1.275431 6.736400
v -1.997714 -1.277763 6.745103
v -1.997714 -0.967394 6.828265
v -2.000127 -1.280094 6.753805
v -2.000127 -0.969726 6.836968
v -1.997714 -1.282426 6.762507
v -1.997714 -0.972058 6.845670
v -1.991119 -1.284133 6.768877
v -1.991119 -0.973765 6.852039
v -1.982110 -1.284758 6.771209
v -1.982110 -0.974390 6.854371
v -1.973101 -1.284133 6.768877
v -1.973101 -0.973765 6.852039
v -1.966506 -1.282426 6.762507
v -1.966506 -0.972058 6.845670
v -1.964091 -1.280094 6.753805
v -1.964091 -0.969726 6.836968
v -1.966506 -1.277763 6.745103
v -1.966506 -0.967394 6.828265
v -1.973101 -1.276056 6.738732
v -1.973101 -0.965687 6.821895
v -1.982110 -1.275431 6.736400
v -1.982110 -0.965062 6.819563
v -1.991119 -0.965687 6.821895
v -1.991119 -0.655319 6.905058
v -1.982110 -0.654694 6.902727
v -1.982110 -0.965062 6.819563
v -1.997714 -0.967394 6.828265
v -1.997714 -0.657026 6.911429
v -2.000127 -0.969726 6.836968
v -2.000127 -0.659358 6.920130
v -1.997714 -0.972058 6.845670
v -1.997714 -0.661690 6.928832
v -1.991119 -0.973765 6.852039
v -1.991119 -0.663397 6.935203
v -1.982110 -0.974390 6.854371
v -1.982110 -0.664022 6.937535
v -1.973101 -0.973765 6.852039
v -1.973101 -0.663397 6.935203
v -1.966506 -0.972058 6.845670
v -1.966506 -0.661690 6.928832
v -1.964091 -0.969726 6.836968
v -1.964091 -0.659358 6.920130
v -1.966506 -0.967394 6.828265
v -1.966506 -0.657026 6.911429
v -1.973101 -0.965687 6.821895
v -1.973101 -0.655319 6.905058
v -1.982110 -0.965062 6.819563
v -1.982110 -0.654694 6.902727
v -1.986331 -0.063011 7.074847
v -1.982110 -0.062381 7.072493
v -1.984547 -0.062550 7.073123
v -1.977888 -0.063011 7.074847
v -1.979672 -0.062550 7.073123
v -1.986984 -0.063642 7.077201
v -1.986331 -0.064273 7.079555
v -1.982110 -0.064904 7.081909
v -1.984547 -0.064735 7.081278
v -1.977888 -0.064273 7.079555
v -1.979672 -0.064735 7.081278
v -1.977235 -0.063642 7.077201
v -1.991119 -0.274659 7.007056
v -1.994478 -0.247092 7.008418
v -1.982110 -0.246234 7.005217
v -1.982110 -0.274034 7.004724
v -1.982110 -0.220242 7.012459
v -1.991119 -0.655319 6.905058
v -1.982110 -0.654694 6.902727
v -1.997714 -0.657026 6.911429
v -1.997714 -0.276366 7.013426
v -2.000127 -0.659358 6.920130
v -1.994343 -0.221091 7.015626
v -1.982110 -0.166450 7.020196
v -2.003532 -0.249435 7.017163
v -2.000127 -0.278698 7.022128
v -1.997714 -0.661690 6.928832
v -1.997568 -0.167522 7.024197
v -1.982110 -0.112220 7.038149
v -2.003299 -0.223409 7.024277
v -2.006847 -0.252637 7.029112
v -1.997714 -0.281030 7.030830
v -1.991119 -0.663397 6.935203
v -1.995300 -0.113134 7.041563
v -1.982110 -0.062381 7.072493
v -1.984547 -0.062550 7.073123
v -2.004955 -0.115634 7.050889
v -1.986331 -0.063011 7.074847
v -1.986984 -0.063642 7.077201
v -2.008886 -0.170451 7.035128
v -2.008490 -0.119048 7.063630
v -1.986331 -0.064273 7.079555
v -2.006578 -0.226575 7.036094
v -2.013027 -0.174453 7.050060
v -2.004955 -0.122462 7.076371
v -1.995300 -0.124961 7.085698
v -1.984547 -0.064735 7.081278
v -2.008886 -0.178454 7.064993
v -2.003299 -0.229742 7.047911
v -2.003532 -0.255838 7.041058
v -1.982110 -0.125875 7.089112
v -1.982110 -0.064904 7.081909
v -1.991119 -0.282737 7.037201
v -1.982110 -0.664022 6.937535
v -1.994478 -0.258182 7.049805
v -1.982110 -0.283362 7.039533
v -1.973101 -0.663397 6.935203
v -1.994343 -0.232060 7.056562
v -1.982110 -0.259039 7.053005
v -1.973101 -0.282737 7.037201
v -1.966506 -0.661690 6.928832
v -1.997568 -0.181382 7.075924
v -1.982110 -0.232908 7.059728
v -1.969742 -0.258182 7.049805
v -1.966506 -0.281030 7.030830
v -1.964091 -0.659358 6.920130
v -1.982110 -0.182455 7.079925
v -1.969875 -0.232060 7.056562
v -1.960686 -0.255838 7.041058
v -1.964091 -0.278698 7.022128
v -1.966506 -0.657026 6.911429
v -1.966650 -0.181382 7.075924
v -1.968919 -0.124961 7.085698
v -1.979672 -0.064735 7.081278
v -1.966506 -0.276366 7.013426
v -1.973101 -0.655319 6.905058
v -1.957373 -0.252637 7.029112
v -1.973101 -0.274659 7.007056
v -1.982110 -0.654694 6.902727
v -1.982110 -0.274034 7.004724
v -1.960919 -0.229742 7.047911
v -1.960686 -0.249435 7.017163
v -1.957642 -0.226575 7.036094
v -1.955334 -0.178454 7.064993
v -1.969742 -0.247092 7.008418
v -1.982110 -0.246234 7.005217
v -1.960919 -0.223409 7.024277
v -1.969875 -0.221091 7.015626
v -1.982110 -0.220242 7.012459
v -1.951191 -0.174453 7.050060
v -1.955334 -0.170451 7.035128
v -1.966650 -0.167522 7.024197
v -1.982110 -0.166450 7.020196
v -1.959263 -0.122462 7.076371
v -1.977888 -0.064273 7.079555
v -1.955729 -0.119048 7.063630
v -1.977235 -0.063642 7.077201
v -1.959263 -0.115634 7.050889
v -1.977888 -0.063011 7.074847
v -1.968919 -0.113134 7.041563
v -1.979672 -0.062550 7.073123
v -1.982110 -0.112220 7.038149
v -1.982110 -0.062381 7.072493
v -4.869242 -1.471261 6.713126
v -4.871922 -1.471261 6.733133
v -4.866814 -1.490754 6.734502
v -4.863950 -1.490754 6.713126
v -4.875022 -1.490754 6.754447
v -4.871924 -1.471261 6.693119
v -4.879605 -1.471261 6.751800
v -4.866814 -1.490754 6.691751
v -4.888190 -1.490754 6.771527
v -4.879605 -1.471261 6.674453
v -4.891930 -1.471261 6.767787
v -4.875022 -1.490754 6.671807
v -4.905270 -1.490754 6.784696
v -4.891929 -1.471261 6.658468
v -4.907916 -1.471261 6.780112
v -4.888189 -1.490754 6.654727
v -4.925213 -1.490754 6.792903
v -4.907915 -1.471261 6.646143
v -4.926583 -1.471261 6.787794
v -4.905269 -1.490754 6.641559
v -4.946588 -1.490754 6.795766
v -4.926583 -1.471261 6.638461
v -4.946588 -1.471261 6.790474
v -4.925213 -1.490754 6.633351
v -4.967964 -1.490754 6.792902
v -4.946590 -1.471261 6.635780
v -4.966594 -1.471261 6.787793
v -4.946590 -1.490754 6.630488
v -4.987908 -1.490754 6.784694
v -4.966597 -1.471261 6.638460
v -4.985262 -1.471261 6.780112
v -4.967965 -1.490754 6.633351
v -5.004990 -1.490754 6.771526
v -4.985262 -1.471261 6.646143
v -5.001249 -1.471261 6.767786
v -4.987908 -1.490754 6.641559
v -5.018158 -1.490754 6.754446
v -5.001249 -1.471261 6.658467
v -5.013574 -1.471261 6.751800
v -5.004988 -1.490754 6.654727
v -5.026364 -1.490754 6.734502
v -5.013574 -1.471261 6.674453
v -5.021256 -1.471261 6.733133
v -5.018156 -1.490754 6.671807
v -5.029229 -1.490754 6.713127
v -5.021256 -1.471261 6.693120
v -5.023935 -1.471261 6.713127
v -5.026364 -1.490754 6.691751
v -4.908716 -1.442738 6.734993
v -4.904373 -1.442738 6.724439
v -4.908022 -1.435236 6.723461
v -4.902858 -1.442738 6.713127
v -4.900946 -1.458313 6.725357
v -4.899307 -1.458313 6.713127
v -4.894493 -1.462952 6.713127
v -4.905642 -1.458313 6.736767
v -4.896300 -1.462952 6.726602
v -4.915685 -1.442738 6.744031
v -4.883694 -1.465498 6.729979
v -4.913176 -1.458313 6.746540
v -4.901473 -1.462952 6.739175
v -4.890164 -1.465498 6.745703
v -4.909775 -1.462952 6.749942
v -4.900546 -1.465498 6.759170
v -4.924722 -1.442738 6.750999
v -4.893658 -1.469947 6.766059
v -4.922948 -1.458313 6.754075
v -4.881722 -1.469947 6.750578
v -4.879605 -1.471261 6.751800
v -4.891930 -1.471261 6.767787
v -4.871922 -1.471261 6.733133
v -4.909138 -1.469947 6.777995
v -4.907916 -1.471261 6.780112
v -4.874282 -1.469947 6.732501
v -4.869242 -1.471261 6.713126
v -4.927214 -1.469947 6.785434
v -4.926583 -1.471261 6.787794
v -4.914013 -1.465498 6.769552
v -4.946588 -1.469947 6.788030
v -4.946588 -1.471261 6.790474
v -4.929736 -1.465498 6.776023
v -4.920541 -1.462952 6.758243
v -4.965964 -1.469947 6.785434
v -4.966594 -1.471261 6.787793
v -4.946589 -1.465498 6.778280
v -4.933114 -1.462952 6.763417
v -4.934359 -1.458313 6.758771
v -4.935278 -1.442738 6.755343
v -4.946589 -1.442738 6.756859
v -4.946589 -1.458313 6.760409
v -4.946589 -1.462952 6.765222
v -4.963442 -1.465498 6.776023
v -4.958820 -1.458313 6.758771
v -4.984040 -1.469947 6.777995
v -4.985262 -1.471261 6.780112
v -4.960063 -1.462952 6.763417
v -4.979167 -1.465498 6.769552
v -4.999522 -1.469947 6.766059
v -5.001249 -1.471261 6.767786
v -5.011457 -1.469947 6.750577
v -5.013574 -1.471261 6.751800
v -4.992632 -1.465498 6.759169
v -4.972637 -1.462952 6.758243
v -5.018895 -1.469947 6.732501
v -5.021256 -1.471261 6.733133
v -5.003014 -1.465498 6.745703
v -4.983404 -1.462952 6.749942
v -4.970230 -1.458313 6.754075
v -4.980002 -1.458313 6.746540
v -4.991705 -1.462952 6.739175
v -4.987536 -1.458313 6.736767
v -5.009484 -1.465498 6.729979
v -5.021491 -1.469947 6.713127
v -5.023935 -1.471261 6.713127
v -5.018895 -1.469947 6.693752
v -5.021256 -1.471261 6.693120
v -5.011742 -1.465498 6.713127
v -4.996880 -1.462952 6.726602
v -4.992233 -1.458313 6.725357
v -5.011456 -1.469947 6.675676
v -5.013574 -1.471261 6.674453
v -5.009484 -1.465498 6.696274
v -4.998685 -1.462952 6.713127
v -4.999522 -1.469947 6.660195
v -5.001249 -1.471261 6.658467
v -5.003014 -1.465498 6.680550
v -4.996880 -1.462952 6.699652
v -4.993871 -1.458313 6.713127
v -4.992233 -1.458313 6.700897
v -4.991705 -1.462952 6.687079
v -4.987536 -1.458313 6.689486
v -4.992632 -1.465498 6.667083
v -4.984040 -1.469947 6.648259
v -4.985262 -1.471261 6.646143
v -4.965964 -1.469947 6.640820
v -4.966597 -1.471261 6.638460
v -4.979167 -1.465498 6.656702
v -4.983404 -1.462952 6.676311
v -4.980002 -1.458313 6.679713
v -4.946590 -1.469947 6.638224
v -4.946590 -1.471261 6.635780
v -4.963443 -1.465498 6.650231
v -4.972637 -1.462952 6.668011
v -4.927216 -1.469947 6.640820
v -4.926583 -1.471261 6.638461
v -4.946589 -1.465498 6.647973
v -4.960065 -1.462952 6.662837
v -4.970230 -1.458313 6.672180
v -4.958820 -1.458313 6.667484
v -4.946589 -1.462952 6.661032
v -4.946589 -1.458313 6.665845
v -4.929736 -1.465498 6.650231
v -4.909137 -1.469947 6.648260
v -4.907915 -1.471261 6.646143
v -4.893656 -1.469947 6.660195
v -4.891929 -1.471261 6.658468
v -4.914012 -1.465498 6.656703
v -4.933114 -1.462952 6.662837
v -4.934359 -1.458313 6.667484
v -4.881721 -1.469947 6.675676
v -4.879605 -1.471261 6.674453
v -4.900546 -1.465498 6.667084
v -4.920541 -1.462952 6.668011
v -4.874282 -1.469947 6.693751
v -4.871924 -1.471261 6.693119
v -4.890164 -1.465498 6.680550
v -4.909774 -1.462952 6.676311
v -4.922948 -1.458313 6.672180
v -4.913176 -1.458313 6.679713
v -4.901473 -1.462952 6.687079
v -4.905642 -1.458313 6.689486
v -4.883694 -1.465498 6.696274
v -4.871687 -1.469947 6.713126
v -4.881435 -1.465498 6.713126
v -4.896300 -1.462952 6.699652
v -4.900946 -1.458313 6.700897
v -4.904373 -1.442738 6.701816
v -4.908716 -1.442738 6.691261
v -4.908022 -1.435236 6.702793
v -4.915685 -1.442738 6.682222
v -4.924722 -1.442738 6.675254
v -4.918355 -1.435236 6.684894
v -4.911990 -1.435236 6.693152
v -4.918652 -1.431577 6.696997
v -4.915447 -1.431577 6.704783
v -4.923792 -1.431577 6.690330
v -4.914329 -1.431577 6.713127
v -4.930459 -1.431577 6.685189
v -4.906637 -1.435236 6.713127
v -4.915447 -1.431577 6.721471
v -4.918652 -1.431577 6.729256
v -4.926614 -1.435236 6.678528
v -4.911990 -1.435236 6.733103
v -4.918355 -1.435236 6.741360
v -4.923792 -1.431577 6.735924
v -4.930459 -1.431577 6.741064
v -4.926614 -1.435236 6.747726
v -4.936256 -1.435236 6.751694
v -4.938244 -1.431577 6.744268
v -4.946589 -1.431577 6.745386
v -4.946589 -1.435236 6.753079
v -4.956924 -1.435236 6.751694
v -4.954934 -1.431577 6.744268
v -4.962718 -1.431577 6.741064
v -4.957900 -1.442738 6.755343
v -4.968455 -1.442738 6.750999
v -4.966565 -1.435236 6.747726
v -4.974823 -1.435236 6.741360
v -4.969386 -1.431577 6.735924
v -4.977493 -1.442738 6.744031
v -4.974527 -1.431577 6.729256
v -4.984462 -1.442738 6.734993
v -4.981189 -1.435236 6.733103
v -4.985156 -1.435236 6.723461
v -4.977731 -1.431577 6.721471
v -4.988805 -1.442738 6.724439
v -4.978849 -1.431577 6.713127
v -4.990320 -1.442738 6.713127
v -4.986541 -1.435236 6.713127
v -4.985156 -1.435236 6.702793
v -4.977731 -1.431577 6.704783
v -4.988805 -1.442738 6.701816
v -4.974527 -1.431577 6.696997
v -4.984462 -1.442738 6.691261
v -4.981189 -1.435236 6.693152
v -4.974823 -1.435236 6.684894
v -4.969386 -1.431577 6.690330
v -4.977493 -1.442738 6.682222
v -4.962718 -1.431577 6.685189
v -4.968455 -1.442738 6.675254
v -4.966565 -1.435236 6.678528
v -4.956924 -1.435236 6.674559
v -4.954934 -1.431577 6.681986
v -4.957900 -1.442738 6.670910
v -4.946589 -1.431577 6.680868
v -4.946589 -1.442738 6.669395
v -4.946589 -1.435236 6.673176
v -4.936256 -1.435236 6.674559
v -4.938244 -1.431577 6.681986
v -4.935278 -1.442738 6.670910
v -4.918535 -1.448926 6.713127
v -4.919508 -1.448926 6.720384
v -4.915447 -1.431577 6.721471
v -4.914329 -1.431577 6.713127
v -4.918652 -1.431577 6.729256
v -4.919508 -1.448926 6.705871
v -4.922294 -1.448926 6.727154
v -4.915447 -1.431577 6.704783
v -4.923792 -1.431577 6.735924
v -4.922294 -1.448926 6.699100
v -4.926764 -1.448926 6.732951
v -4.918652 -1.431577 6.696997
v -4.930459 -1.431577 6.741064
v -4.926764 -1.448926 6.693302
v -4.932563 -1.448926 6.737422
v -4.923792 -1.431577 6.690330
v -4.938244 -1.431577 6.744268
v -4.932563 -1.448926 6.688831
v -4.939332 -1.448926 6.740207
v -4.930459 -1.431577 6.685189
v -4.946589 -1.431577 6.745386
v -4.939332 -1.448926 6.686046
v -4.946589 -1.448926 6.741180
v -4.938244 -1.431577 6.681986
v -4.954934 -1.431577 6.744268
v -4.946589 -1.448926 6.685074
v -4.953846 -1.448926 6.740207
v -4.946589 -1.431577 6.680868
v -4.962718 -1.431577 6.741064
v -4.953846 -1.448926 6.686046
v -4.960615 -1.448926 6.737422
v -4.954934 -1.431577 6.681986
v -4.969386 -1.431577 6.735924
v -4.960615 -1.448926 6.688831
v -4.966415 -1.448926 6.732951
v -4.962718 -1.431577 6.685189
v -4.974527 -1.431577 6.729256
v -4.966415 -1.448926 6.693302
v -4.970884 -1.448926 6.727154
v -4.969386 -1.431577 6.690330
v -4.977731 -1.431577 6.721471
v -4.970884 -1.448926 6.699100
v -4.973670 -1.448926 6.720384
v -4.974527 -1.431577 6.696997
v -4.978849 -1.431577 6.713127
v -4.973670 -1.448926 6.705871
v -4.974643 -1.448926 6.713127
v -4.977731 -1.431577 6.704783
v -4.918535 -1.448926 6.713127
v -4.946589 -1.450929 6.713127
v -4.919508 -1.448926 6.720384
v -4.919508 -1.448926 6.705871
v -4.922294 -1.448926 6.727154
v -4.922294 -1.448926 6.699100
v -4.926764 -1.448926 6.732951
v -4.926764 -1.448926 6.693302
v -4.932563 -1.448926 6.737422
v -4.932563 -1.448926 6.688831
v -4.939332 -1.448926 6.740207
v -4.939332 -1.448926 6.686046
v -4.946589 -1.448926 6.741180
v -4.946589 -1.448926 6.685074
v -4.953846 -1.448926 6.740207
v -4.953846 -1.448926 6.686046
v -4.960615 -1.448926 6.737422
v -4.960615 -1.448926 6.688831
v -4.966415 -1.448926 6.732951
v -4.966415 -1.448926 6.693302
v -4.970884 -1.448926 6.699100
v -4.970884 -1.448926 6.727154
v -4.973670 -1.448926 6.705871
v -4.973670 -1.448926 6.720384
v -4.974643 -1.448926 6.713127
v -4.953823 -1.586424 6.655570
v -4.953823 -1.276056 6.738732
v -4.944815 -1.275431 6.736400
v -4.944815 -1.585799 6.653238
v -4.960420 -1.588130 6.661939
v -4.960420 -1.277763 6.745103
v -4.962833 -1.590462 6.670642
v -4.962833 -1.280094 6.753805
v -4.960420 -1.592795 6.679345
v -4.960420 -1.282426 6.762507
v -4.953823 -1.594501 6.685714
v -4.953823 -1.284133 6.768877
v -4.944815 -1.595126 6.688046
v -4.944815 -1.284758 6.771209
v -4.935806 -1.594501 6.685714
v -4.935806 -1.284133 6.768877
v -4.929212 -1.592795 6.679345
v -4.929212 -1.282426 6.762507
v -4.926797 -1.590462 6.670642
v -4.926797 -1.280094 6.753805
v -4.929212 -1.588130 6.661939
v -4.929212 -1.277763 6.745103
v -4.935806 -1.586424 6.655570
v -4.935806 -1.276056 6.738732
v -4.944815 -1.585799 6.653238
v -4.944815 -1.275431 6.736400
v -4.953823 -1.276056 6.738732
v -4.953823 -0.965687 6.821895
v -4.944815 -0.965062 6.819563
v -4.944815 -1.275431 6.736400
v -4.960420 -1.277763 6.745103
v -4.960420 -0.967394 6.828265
v -4.962833 -1.280094 6.753805
v -4.962833 -0.969726 6.836968
v -4.960420 -1.282426 6.762507
v -4.960420 -0.972058 6.845670
v -4.953823 -1.284133 6.768877
v -4.953823 -0.973765 6.852039
v -4.944815 -1.284758 6.771209
v -4.944815 -0.974390 6.854371
v -4.935806 -1.284133 6.768877
v -4.935806 -0.973765 6.852039
v -4.929212 -1.282426 6.762507
v -4.929212 -0.972058 6.845670
v -4.926797 -1.280094 6.753805
v -4.926797 -0.969726 6.836968
v -4.929212 -1.277763 6.745103
v -4.929212 -0.967394 6.828265
v -4.935806 -1.276056 6.738732
v -4.935806 -0.965687 6.821895
v -4.944815 -1.275431 6.736400
v -4.944815 -0.965062 6.819563
v -4.953823 -0.965687 6.821895
v -4.953823 -0.655319 6.905058
v -4.944815 -0.654694 6.902727
v -4.944815 -0.965062 6.819563
v -4.960420 -0.967394 6.828265
v -4.960420 -0.657026 6.911429
v -4.962833 -0.969726 6.836968
v -4.962833 -0.659358 6.920130
v -4.960420 -0.972058 6.845670
v -4.960420 -0.661690 6.928832
v -4.953823 -0.973765 6.852039
v -4.953823 -0.663397 6.935203
v -4.944815 -0.974390 6.854371
v -4.944815 -0.664022 6.937535
v -4.935806 -0.973765 6.852039
v -4.935806 -0.663397 6.935203
v -4.929212 -0.972058 6.845670
v -4.929212 -0.661690 6.928832
v -4.926797 -0.969726 6.836968
v -4.926797 -0.659358 6.920130
v -4.929212 -0.967394 6.828265
v -4.929212 -0.657026 6.911429
v -4.935806 -0.965687 6.821895
v -4.935806 -0.655319 6.905058
v -4.944815 -0.965062 6.819563
v -4.944815 -0.654694 6.902727
v -4.949036 -0.063011 7.074847
v -4.944815 -0.062381 7.072493
v -4.947252 -0.062550 7.073123
v -4.940593 -0.063011 7.074847
v -4.942377 -0.062550 7.073123
v -4.949690 -0.063642 7.077201
v -4.949036 -0.064273 7.079555
v -4.944815 -0.064904 7.081909
v -4.947252 -0.064735 7.081278
v -4.940593 -0.064273 7.079555
v -4.942377 -0.064735 7.081278
v -4.939941 -0.063642 7.077201
v -4.953823 -0.274659 7.007056
v -4.957183 -0.247092 7.008418
v -4.944815 -0.246234 7.005217
v -4.944815 -0.274034 7.004724
v -4.944815 -0.220242 7.012459
v -4.953823 -0.655319 6.905058
v -4.944815 -0.654694 6.902727
v -4.960420 -0.657026 6.911429
v -4.960420 -0.276366 7.013426
v -4.962833 -0.659358 6.920130
v -4.957049 -0.221091 7.015626
v -4.944815 -0.166450 7.020196
v -4.966238 -0.249435 7.017163
v -4.962833 -0.278698 7.022128
v -4.960420 -0.661690 6.928832
v -4.960274 -0.167522 7.024197
v -4.944815 -0.112220 7.038149
v -4.966005 -0.223409 7.024277
v -4.969552 -0.252637 7.029112
v -4.960420 -0.281030 7.030830
v -4.953823 -0.663397 6.935203
v -4.958005 -0.113134 7.041563
v -4.944815 -0.062381 7.072493
v -4.947252 -0.062550 7.073123
v -4.967661 -0.115634 7.050889
v -4.949036 -0.063011 7.074847
v -4.949690 -0.063642 7.077201
v -4.971590 -0.170451 7.035128
v -4.971196 -0.119048 7.063630
v -4.949036 -0.064273 7.079555
v -4.969282 -0.226575 7.036094
v -4.975733 -0.174453 7.050060
v -4.967661 -0.122462 7.076371
v -4.958005 -0.124961 7.085698
v -4.947252 -0.064735 7.081278
v -4.971590 -0.178454 7.064993
v -4.966005 -0.229742 7.047911
v -4.966238 -0.255838 7.041058
v -4.944815 -0.125875 7.089112
v -4.944815 -0.064904 7.081909
v -4.953823 -0.282737 7.037201
v -4.944815 -0.664022 6.937535
v -4.957183 -0.258182 7.049805
v -4.944815 -0.283362 7.039533
v -4.935806 -0.663397 6.935203
v -4.957049 -0.232060 7.056562
v -4.944815 -0.259039 7.053005
v -4.935806 -0.282737 7.037201
v -4.929212 -0.661690 6.928832
v -4.960274 -0.181382 7.075924
v -4.944815 -0.232908 7.059728
v -4.932447 -0.258182 7.049805
v -4.929212 -0.281030 7.030830
v -4.926797 -0.659358 6.920130
v -4.944815 -0.182455 7.079925
v -4.932580 -0.232060 7.056562
v -4.923392 -0.255838 7.041058
v -4.926797 -0.278698 7.022128
v -4.929212 -0.657026 6.911429
v -4.929355 -0.181382 7.075924
v -4.931624 -0.124961 7.085698
v -4.942377 -0.064735 7.081278
v -4.929212 -0.276366 7.013426
v -4.935806 -0.655319 6.905058
v -4.920077 -0.252637 7.029112
v -4.935806 -0.274659 7.007056
v -4.944815 -0.654694 6.902727
v -4.944815 -0.274034 7.004724
v -4.923625 -0.229742 7.047911
v -4.923392 -0.249435 7.017163
v -4.920346 -0.226575 7.036094
v -4.918039 -0.178454 7.064993
v -4.932447 -0.247092 7.008418
v -4.944815 -0.246234 7.005217
v -4.923625 -0.223409 7.024277
v -4.932580 -0.221091 7.015626
v -4.944815 -0.220242 7.012459
v -4.913897 -0.174453 7.050060
v -4.918039 -0.170451 7.035128
v -4.929355 -0.167522 7.024197
v -4.944815 -0.166450 7.020196
v -4.921969 -0.122462 7.076371
v -4.940593 -0.064273 7.079555
v -4.918435 -0.119048 7.063630
v -4.939941 -0.063642 7.077201
v -4.921969 -0.115634 7.050889
v -4.940593 -0.063011 7.074847
v -4.931624 -0.113134 7.041563
v -4.942377 -0.062550 7.073123
v -4.944815 -0.112220 7.038149
v -4.944815 -0.062381 7.072493
vt 0.987600 0.524100
vt 0.963300 0.524100
vt 0.963300 0.005300
vt 0.987600 0.005300
vt 0.939100 0.005300
vt 0.939100 0.524100
vt 0.914800 0.005300
vt 0.914800 0.524100
vt 0.890600 0.005300
vt 0.890600 0.524100
vt 0.866300 0.005300
vt 0.866300 0.524100
vt 0.842100 0.005300
vt 0.842100 0.524100
vt 0.817800 0.005300
vt 0.817800 0.524100
vt 0.793600 0.005300
vt 0.793600 0.524100
vt 0.769400 0.005300
vt 0.769400 0.524100
vt 0.745100 0.005300
vt 0.745100 0.524100
vt 0.720900 0.005300
vt 0.720900 0.524100
vt 0.696600 0.005300
vt 0.696600 0.524100
vt 0.987600 0.524100
vt 0.963300 0.524100
vt 0.963300 0.005300
vt 0.987600 0.005300
vt 0.939100 0.005300
vt 0.939100 0.524100
vt 0.914800 0.005300
vt 0.914800 0.524100
vt 0.890600 0.005300
vt 0.890600 0.524100
vt 0.866300 0.005300
vt 0.866300 0.524100
vt 0.842100 0.005300
vt 0.842100 0.524100
vt 0.817800 0.005300
vt 0.817800 0.524100
vt 0.793600 0.005300
vt 0.793600 0.524100
vt 0.769400 0.005300
vt 0.769400 0.524100
vt 0.745100 0.005300
vt 0.745100 0.524100
vt 0.720900 0.005300
vt 0.720900 0.524100
vt 0.696600 0.005300
vt 0.696600 0.524100
vt 0.987600 0.524100
vt 0.963300 0.524100
vt 0.963300 0.005300
vt 0.987600 0.005300
vt 0.939100 0.005300
vt 0.939100 0.524100
vt 0.914800 0.005300
vt 0.914800 0.524100
vt 0.890600 0.005300
vt 0.890600 0.524100
vt 0.866300 0.005300
vt 0.866300 0.524100
vt 0.842100 0.005300
vt 0.842100 0.524100
vt 0.817800 0.005300
vt 0.817800 0.524100
vt 0.793600 0.005300
vt 0.793600 0.524100
vt 0.769400 0.005300
vt 0.769400 0.524100
vt 0.745100 0.005300
vt 0.745100 0.524100
vt 0.720900 0.005300
vt 0.720900 0.524100
vt 0.696600 0.005300
vt 0.696600 0.524100
vt 0.991800 0.012900
vt 0.991800 0.012900
vt 0.991800 0.012900
vt 0.991800 0.012900
vt 0.991800 0.012900
vt 0.991800 0.012900
vt 0.991800 0.012900
vt 0.991800 0.012900
vt 0.991800 0.012900
vt 0.991800 0.012900
vt 0.991800 0.012900
vt 0.991800 0.012900
vt 0.987600 0.685100
vt 0.963300 0.685100
vt 0.963300 0.641600
vt 0.987600 0.728700
vt 0.987600 0.641600
vt 0.963300 0.005300
vt 0.987600 0.005300
vt 0.939100 0.005300
vt 0.939100 0.641600
vt 0.914800 0.005300
vt 0.963300 0.728700
vt 0.987600 0.815800
vt 0.939100 0.685100
vt 0.914800 0.641600
vt 0.890600 0.005300
vt 0.963300 0.815800
vt 0.987600 0.902900
vt 0.939100 0.728700
vt 0.963300 0.902900
vt 0.987600 0.990000
vt 0.963300 0.990000
vt 0.939100 0.902900
vt 0.939100 0.990000
vt 0.914800 0.990000
vt 0.939100 0.815800
vt 0.914800 0.902900
vt 0.890600 0.990000
vt 0.914800 0.728700
vt 0.914800 0.815800
vt 0.890600 0.902900
vt 0.866300 0.902900
vt 0.866300 0.990000
vt 0.890600 0.815800
vt 0.890600 0.728700
vt 0.866300 0.815800
vt 0.842100 0.902900
vt 0.842100 0.990000
vt 0.842100 0.815800
vt 0.866300 0.728700
vt 0.842100 0.728700
vt 0.817800 0.902900
vt 0.817800 0.990000
vt 0.817800 0.815800
vt 0.817800 0.728700
vt 0.793600 0.902900
vt 0.793600 0.990000
vt 0.793600 0.815800
vt 0.793600 0.728700
vt 0.769400 0.902900
vt 0.769400 0.990000
vt 0.769400 0.815800
vt 0.769400 0.728700
vt 0.745100 0.902900
vt 0.745100 0.990000
vt 0.745100 0.815800
vt 0.745100 0.728700
vt 0.720900 0.902900
vt 0.720900 0.990000
vt 0.696600 0.902900
vt 0.696600 0.990000
vt 0.696600 0.815800
vt 0.720900 0.815800
vt 0.696600 0.728700
vt 0.720900 0.728700
vt 0.696600 0.685100
vt 0.720900 0.685100
vt 0.696600 0.641600
vt 0.745100 0.685100
vt 0.720900 0.641600
vt 0.696600 0.005300
vt 0.720900 0.005300
vt 0.745100 0.641600
vt 0.745100 0.005300
vt 0.769400 0.685100
vt 0.769400 0.641600
vt 0.769400 0.005300
vt 0.793600 0.685100
vt 0.793600 0.641600
vt 0.793600 0.005300
vt 0.817800 0.685100
vt 0.817800 0.641600
vt 0.817800 0.005300
vt 0.842100 0.685100
vt 0.842100 0.641600
vt 0.842100 0.005300
vt 0.866300 0.685100
vt 0.866300 0.641600
vt 0.866300 0.005300
vt 0.890600 0.685100
vt 0.890600 0.641600
vt 0.914800 0.685100
vt 0.663600 0.729300
vt 0.643100 0.723900
vt 0.653900 0.643700
vt 0.630700 0.809300
vt 0.675100 0.643700
vt 0.612300 0.798700
vt 0.643100 0.563500
vt 0.577900 0.877800
vt 0.663600 0.558000
vt 0.562900 0.862800
vt 0.612300 0.488600
vt 0.509500 0.930600
vt 0.630700 0.478000
vt 0.498800 0.912200
vt 0.562900 0.424500
vt 0.429500 0.963500
vt 0.577900 0.409500
vt 0.424000 0.943000
vt 0.498900 0.375100
vt 0.343800 0.974900
vt 0.509500 0.356800
vt 0.343800 0.953700
vt 0.424000 0.344300
vt 0.258100 0.963500
vt 0.429500 0.323900
vt 0.263600 0.943000
vt 0.343800 0.333600
vt 0.178200 0.930600
vt 0.343800 0.312400
vt 0.188800 0.912200
vt 0.263600 0.344300
vt 0.109700 0.877800
vt 0.258100 0.323900
vt 0.124700 0.862800
vt 0.188800 0.375100
vt 0.056900 0.809300
vt 0.178200 0.356800
vt 0.075300 0.798700
vt 0.124700 0.424500
vt 0.024000 0.729300
vt 0.109700 0.409500
vt 0.044500 0.723900
vt 0.075300 0.488600
vt 0.012500 0.643700
vt 0.056900 0.478000
vt 0.033700 0.643700
vt 0.044500 0.563500
vt 0.024000 0.558000
vt 0.498400 0.685100
vt 0.513100 0.689000
vt 0.495600 0.731300
vt 0.519100 0.643700
vt 0.526800 0.692700
vt 0.533400 0.643700
vt 0.552700 0.643700
vt 0.526800 0.594600
vt 0.545400 0.589600
vt 0.513100 0.598300
vt 0.605000 0.643700
vt 0.498400 0.602200
vt 0.504000 0.643700
vt 0.473100 0.643700
vt 0.468700 0.677100
vt 0.468700 0.610200
vt 0.455800 0.708300
vt 0.455800 0.579000
vt 0.482500 0.723700
vt 0.457000 0.756800
vt 0.435200 0.735000
vt 0.408500 0.755700
vt 0.482500 0.563600
vt 0.423900 0.782400
vt 0.495600 0.556000
vt 0.457000 0.530500
vt 0.435200 0.552300
vt 0.408500 0.531700
vt 0.423900 0.505000
vt 0.508000 0.548900
vt 0.467700 0.519800
vt 0.431500 0.491800
vt 0.385200 0.489000
vt 0.377300 0.518800
vt 0.343800 0.514300
vt 0.477800 0.509700
vt 0.438600 0.479500
vt 0.343800 0.483500
vt 0.392800 0.460700
vt 0.389200 0.474400
vt 0.343800 0.468300
vt 0.302400 0.489000
vt 0.310400 0.518800
vt 0.279200 0.531700
vt 0.263700 0.505000
vt 0.343800 0.454100
vt 0.256200 0.491800
vt 0.230600 0.530500
vt 0.252400 0.552300
vt 0.231800 0.579000
vt 0.298500 0.474400
vt 0.294800 0.460700
vt 0.249000 0.479500
vt 0.205100 0.563600
vt 0.209900 0.509700
vt 0.219900 0.519800
vt 0.192000 0.556000
vt 0.189200 0.602200
vt 0.219000 0.610200
vt 0.214500 0.643700
vt 0.183700 0.643700
vt 0.179700 0.548900
vt 0.168500 0.643700
vt 0.189200 0.685100
vt 0.219000 0.677100
vt 0.231800 0.708300
vt 0.174600 0.598300
vt 0.160800 0.594600
vt 0.154300 0.643700
vt 0.205100 0.723700
vt 0.160800 0.692700
vt 0.174600 0.689000
vt 0.192000 0.731300
vt 0.230600 0.756800
vt 0.252400 0.735000
vt 0.279200 0.755700
vt 0.263700 0.782400
vt 0.179700 0.738400
vt 0.256200 0.795500
vt 0.302400 0.798300
vt 0.310400 0.768500
vt 0.343800 0.773000
vt 0.219900 0.767500
vt 0.209900 0.777600
vt 0.249000 0.807800
vt 0.343800 0.803800
vt 0.294800 0.826600
vt 0.298500 0.812900
vt 0.343800 0.819000
vt 0.385200 0.798300
vt 0.377300 0.768500
vt 0.431500 0.795500
vt 0.389200 0.812900
vt 0.467700 0.767500
vt 0.438600 0.807800
vt 0.508000 0.738400
vt 0.477800 0.777600
vt 0.545400 0.697700
vt 0.524700 0.748100
vt 0.491400 0.791200
vt 0.596000 0.711200
vt 0.570000 0.774300
vt 0.528400 0.828200
vt 0.603900 0.793800
vt 0.633700 0.721300
vt 0.556000 0.855900
vt 0.643100 0.723900
vt 0.612300 0.798700
vt 0.653900 0.643700
vt 0.562900 0.862800
vt 0.644100 0.643700
vt 0.643100 0.563500
vt 0.493900 0.903700
vt 0.498800 0.912200
vt 0.474400 0.869900
vt 0.421500 0.933500
vt 0.424000 0.943000
vt 0.448200 0.824500
vt 0.411400 0.895800
vt 0.343800 0.943900
vt 0.343800 0.953700
vt 0.392800 0.826600
vt 0.397800 0.845300
vt 0.343800 0.833200
vt 0.343800 0.852500
vt 0.343800 0.904800
vt 0.289800 0.845300
vt 0.276300 0.895800
vt 0.266100 0.933500
vt 0.263600 0.943000
vt 0.193700 0.903700
vt 0.188800 0.912200
vt 0.213200 0.869900
vt 0.131600 0.855900
vt 0.124700 0.862800
vt 0.239400 0.824500
vt 0.159200 0.828200
vt 0.196200 0.791200
vt 0.083800 0.793800
vt 0.075300 0.798700
vt 0.117600 0.774300
vt 0.163000 0.748100
vt 0.053900 0.721300
vt 0.044500 0.723900
vt 0.091700 0.711200
vt 0.142200 0.697700
vt 0.043500 0.643700
vt 0.033700 0.643700
vt 0.082600 0.643700
vt 0.135000 0.643700
vt 0.053900 0.566000
vt 0.044500 0.563500
vt 0.091700 0.576100
vt 0.142200 0.589600
vt 0.083800 0.493500
vt 0.075300 0.488600
vt 0.117600 0.513100
vt 0.163000 0.539200
vt 0.131600 0.431500
vt 0.124700 0.424500
vt 0.159200 0.459100
vt 0.196200 0.496100
vt 0.193700 0.383600
vt 0.188800 0.375100
vt 0.213200 0.417500
vt 0.239400 0.462800
vt 0.266100 0.353800
vt 0.263600 0.344300
vt 0.276300 0.391500
vt 0.289800 0.442100
vt 0.343800 0.343400
vt 0.343800 0.333600
vt 0.343800 0.382500
vt 0.343800 0.434800
vt 0.421500 0.353800
vt 0.424000 0.344300
vt 0.411400 0.391500
vt 0.397800 0.442100
vt 0.494000 0.383600
vt 0.498900 0.375100
vt 0.474400 0.417500
vt 0.448200 0.462800
vt 0.556000 0.431500
vt 0.562900 0.424500
vt 0.528400 0.459100
vt 0.491400 0.496100
vt 0.603900 0.493500
vt 0.612300 0.488600
vt 0.570000 0.513100
vt 0.524700 0.539200
vt 0.633700 0.566000
vt 0.596000 0.576100
vt 0.468700 0.677100
vt 0.452400 0.672700
vt 0.456300 0.643700
vt 0.455800 0.708300
vt 0.473100 0.643700
vt 0.441200 0.699900
vt 0.452400 0.614600
vt 0.435200 0.735000
vt 0.468700 0.610200
vt 0.423300 0.723100
vt 0.441200 0.587400
vt 0.408500 0.755700
vt 0.455800 0.579000
vt 0.400000 0.741100
vt 0.423300 0.564200
vt 0.377300 0.768500
vt 0.435200 0.552300
vt 0.372900 0.752200
vt 0.400000 0.546300
vt 0.343800 0.773000
vt 0.408500 0.531700
vt 0.343800 0.756100
vt 0.372900 0.535100
vt 0.310400 0.768500
vt 0.377300 0.518800
vt 0.314700 0.752200
vt 0.343800 0.531200
vt 0.279200 0.755700
vt 0.343800 0.514300
vt 0.287600 0.741100
vt 0.314700 0.535100
vt 0.252400 0.735000
vt 0.310400 0.518800
vt 0.264300 0.723100
vt 0.287600 0.546300
vt 0.231800 0.708300
vt 0.279200 0.531700
vt 0.246400 0.699900
vt 0.264300 0.564200
vt 0.219000 0.677100
vt 0.252400 0.552300
vt 0.235300 0.672700
vt 0.246400 0.587400
vt 0.214500 0.643700
vt 0.231800 0.579000
vt 0.231400 0.643700
vt 0.235300 0.614600
vt 0.219000 0.610200
vt 0.456300 0.643700
vt 0.452400 0.672700
vt 0.343800 0.643700
vt 0.452400 0.614600
vt 0.441200 0.699900
vt 0.441200 0.587400
vt 0.423300 0.723100
vt 0.423300 0.564200
vt 0.400000 0.741100
vt 0.400000 0.546300
vt 0.372900 0.752200
vt 0.372900 0.535100
vt 0.343800 0.756100
vt 0.343800 0.531200
vt 0.314700 0.752200
vt 0.314700 0.535100
vt 0.287600 0.741100
vt 0.287600 0.546300
vt 0.264300 0.723100
vt 0.264300 0.564200
vt 0.246400 0.587400
vt 0.246400 0.699900
vt 0.235300 0.614600
vt 0.235300 0.672700
vt 0.231400 0.643700
vt 0.663600 0.729300
vt 0.643100 0.723900
vt 0.653900 0.643700
vt 0.630700 0.809300
vt 0.675100 0.643700
vt 0.612300 0.798700
vt 0.643100 0.563500
vt 0.577900 0.877800
vt 0.663600 0.558000
vt 0.562900 0.862800
vt 0.612300 0.488600
vt 0.509500 0.930600
vt 0.630700 0.478000
vt 0.498800 0.912200
vt 0.562900 0.424500
vt 0.429500 0.963500
vt 0.577900 0.409500
vt 0.424000 0.943000
vt 0.498900 0.375100
vt 0.343800 0.974900
vt 0.509500 0.356800
vt 0.343800 0.953700
vt 0.424000 0.344300
vt 0.258100 0.963500
vt 0.429500 0.323900
vt 0.263600 0.943000
vt 0.343800 0.333600
vt 0.178200 0.930600
vt 0.343800 0.312400
vt 0.188800 0.912200
vt 0.263600 0.344300
vt 0.109700 0.877800
vt 0.258100 0.323900
vt 0.124700 0.862800
vt 0.188800 0.375100
vt 0.056900 0.809300
vt 0.178200 0.356800
vt 0.075300 0.798700
vt 0.124700 0.424500
vt 0.024000 0.729300
vt 0.109700 0.409500
vt 0.044500 0.723900
vt 0.075300 0.488600
vt 0.012500 0.643700
vt 0.056900 0.478000
vt 0.033700 0.643700
vt 0.044500 0.563500
vt 0.024000 0.558000
vt 0.498400 0.685100
vt 0.513100 0.689000
vt 0.495600 0.731300
vt 0.519100 0.643700
vt 0.526800 0.692700
vt 0.533400 0.643700
vt 0.552700 0.643700
vt 0.526800 0.594600
vt 0.545400 0.589600
vt 0.513100 0.598300
vt 0.605000 0.643700
vt 0.498400 0.602200
vt 0.504000 0.643700
vt 0.473100 0.643700
vt 0.468700 0.677100
vt 0.468700 0.610200
vt 0.455800 0.708300
vt 0.455800 0.579000
vt 0.482500 0.723700
vt 0.457000 0.756800
vt 0.435200 0.735000
vt 0.408500 0.755700
vt 0.482500 0.563600
vt 0.423900 0.782400
vt 0.495600 0.556000
vt 0.457000 0.530500
vt 0.435200 0.552300
vt 0.408500 0.531700
vt 0.423900 0.505000
vt 0.508000 0.548900
vt 0.467700 0.519800
vt 0.431500 0.491800
vt 0.385200 0.489000
vt 0.377300 0.518800
vt 0.343800 0.514300
vt 0.477800 0.509700
vt 0.438600 0.479500
vt 0.343800 0.483500
vt 0.392800 0.460700
vt 0.389200 0.474400
vt 0.343800 0.468300
vt 0.302400 0.489000
vt 0.310400 0.518800
vt 0.279200 0.531700
vt 0.263700 0.505000
vt 0.343800 0.454100
vt 0.256200 0.491800
vt 0.230600 0.530500
vt 0.252400 0.552300
vt 0.231800 0.579000
vt 0.298500 0.474400
vt 0.294800 0.460700
vt 0.249000 0.479500
vt 0.205100 0.563600
vt 0.209900 0.509700
vt 0.219900 0.519800
vt 0.192000 0.556000
vt 0.189200 0.602200
vt 0.219000 0.610200
vt 0.214500 0.643700
vt 0.183700 0.643700
vt 0.179700 0.548900
vt 0.168500 0.643700
vt 0.189200 0.685100
vt 0.219000 0.677100
vt 0.231800 0.708300
vt 0.174600 0.598300
vt 0.160800 0.594600
vt 0.154300 0.643700
vt 0.205100 0.723700
vt 0.160800 0.692700
vt 0.174600 0.689000
vt 0.192000 0.731300
vt 0.230600 0.756800
vt 0.252400 0.735000
vt 0.279200 0.755700
vt 0.263700 0.782400
vt 0.179700 0.738400
vt 0.256200 0.795500
vt 0.302400 0.798300
vt 0.310400 0.768500
vt 0.343800 0.773000
vt 0.219900 0.767500
vt 0.209900 0.777600
vt 0.249000 0.807800
vt 0.343800 0.803800
vt 0.294800 0.826600
vt 0.298500 0.812900
vt 0.343800 0.819000
vt 0.385200 0.798300
vt 0.377300 0.768500
vt 0.431500 0.795500
vt 0.389200 0.812900
vt 0.467700 0.767500
vt 0.438600 0.807800
vt 0.508000 0.738400
vt 0.477800 0.777600
vt 0.545400 0.697700
vt 0.524700 0.748100
vt 0.491400 0.791200
vt 0.596000 0.711200
vt 0.570000 0.774300
vt 0.528400 0.828200
vt 0.603900 0.793800
vt 0.633700 0.721300
vt 0.556000 0.855900
vt 0.643100 0.723900
vt 0.612300 0.798700
vt 0.653900 0.643700
vt 0.562900 0.862800
vt 0.644100 0.643700
vt 0.643100 0.563500
vt 0.493900 0.903700
vt 0.498800 0.912200
vt 0.474400 0.869900
vt 0.421500 0.933500
vt 0.424000 0.943000
vt 0.448200 0.824500
vt 0.411400 0.895800
vt 0.343800 0.943900
vt 0.343800 0.953700
vt 0.392800 0.826600
vt 0.397800 0.845300
vt 0.343800 0.833200
vt 0.343800 0.852500
vt 0.343800 0.904800
vt 0.289800 0.845300
vt 0.276300 0.895800
vt 0.266100 0.933500
vt 0.263600 0.943000
vt 0.193700 0.903700
vt 0.188800 0.912200
vt 0.213200 0.869900
vt 0.131600 0.855900
vt 0.124700 0.862800
vt 0.239400 0.824500
vt 0.159200 0.828200
vt 0.196200 0.791200
vt 0.083800 0.793800
vt 0.075300 0.798700
vt 0.117600 0.774300
vt 0.163000 0.748100
vt 0.053900 0.721300
vt 0.044500 0.723900
vt 0.091700 0.711200
vt 0.142200 0.697700
vt 0.043500 0.643700
vt 0.033700 0.643700
vt 0.082600 0.643700
vt 0.135000 0.643700
vt 0.053900 0.566000
vt 0.044500 0.563500
vt 0.091700 0.576100
vt 0.142200 0.589600
vt 0.083800 0.493500
vt 0.075300 0.488600
vt 0.117600 0.513100
vt 0.163000 0.539200
vt 0.131600 0.431500
vt 0.124700 0.424500
vt 0.159200 0.459100
vt 0.196200 0.496100
vt 0.193700 0.383600
vt 0.188800 0.375100
vt 0.213200 0.417500
vt 0.239400 0.462800
vt 0.266100 0.353800
vt 0.263600 0.344300
vt 0.276300 0.391500
vt 0.289800 0.442100
vt 0.343800 0.343400
vt 0.343800 0.333600
vt 0.343800 0.382500
vt 0.343800 0.434800
vt 0.421500 0.353800
vt 0.424000 0.344300
vt 0.411400 0.391500
vt 0.397800 0.442100
vt 0.494000 0.383600
vt 0.498900 0.375100
vt 0.474400 0.417500
vt 0.448200 0.462800
vt 0.556000 0.431500
vt 0.562900 0.424500
vt 0.528400 0.459100
vt 0.491400 0.496100
vt 0.603900 0.493500
vt 0.612300 0.488600
vt 0.570000 0.513100
vt 0.524700 0.539200
vt 0.633700 0.566000
vt 0.596000 0.576100
vt 0.468700 0.677100
vt 0.452400 0.672700
vt 0.456300 0.643700
vt 0.455800 0.708300
vt 0.473100 0.643700
vt 0.441200 0.699900
vt 0.452400 0.614600
vt 0.435200 0.735000
vt 0.468700 0.610200
vt 0.423300 0.723100
vt 0.441200 0.587400
vt 0.408500 0.755700
vt 0.455800 0.579000
vt 0.400000 0.741100
vt 0.423300 0.564200
vt 0.377300 0.768500
vt 0.435200 0.552300
vt 0.372900 0.752200
vt 0.400000 0.546300
vt 0.343800 0.773000
vt 0.408500 0.531700
vt 0.343800 0.756100
vt 0.372900 0.535100
vt 0.310400 0.768500
vt 0.377300 0.518800
vt 0.314700 0.752200
vt 0.343800 0.531200
vt 0.279200 0.755700
vt 0.343800 0.514300
vt 0.287600 0.741100
vt 0.314700 0.535100
vt 0.252400 0.735000
vt 0.310400 0.518800
vt 0.264300 0.723100
vt 0.287600 0.546300
vt 0.231800 0.708300
vt 0.279200 0.531700
vt 0.246400 0.699900
vt 0.264300 0.564200
vt 0.219000 0.677100
vt 0.252400 0.552300
vt 0.235300 0.672700
vt 0.246400 0.587400
vt 0.214500 0.643700
vt 0.231800 0.579000
vt 0.231400 0.643700
vt 0.235300 0.614600
vt 0.219000 0.610200
vt 0.456300 0.643700
vt 0.452400 0.672700
vt 0.343800 0.643700
vt 0.452400 0.614600
vt 0.441200 0.699900
vt 0.441200 0.587400
vt 0.423300 0.723100
vt 0.423300 0.564200
vt 0.400000 0.741100
vt 0.400000 0.546300
vt 0.372900 0.752200
vt 0.372900 0.535100
vt 0.343800 0.756100
vt 0.343800 0.531200
vt 0.314700 0.752200
vt 0.314700 0.535100
vt 0.287600 0.741100
vt 0.287600 0.546300
vt 0.264300 0.723100
vt 0.264300 0.564200
vt 0.246400 0.587400
vt 0.246400 0.699900
vt 0.235300 0.614600
vt 0.235300 0.672700
vt 0.231400 0.643700
vt 0.987600 0.524100
vt 0.963300 0.524100
vt 0.963300 0.005300
vt 0.987600 0.005300
vt 0.939100 0.005300
vt 0.939100 0.524100
vt 0.914800 0.005300
vt 0.914800 0.524100
vt 0.890600 0.005300
vt 0.890600 0.524100
vt 0.866300 0.005300
vt 0.866300 0.524100
vt 0.842100 0.005300
vt 0.842100 0.524100
vt 0.817800 0.005300
vt 0.817800 0.524100
vt 0.793600 0.005300
vt 0.793600 0.524100
vt 0.769400 0.005300
vt 0.769400 0.524100
vt 0.745100 0.005300
vt 0.745100 0.524100
vt 0.720900 0.005300
vt 0.720900 0.524100
vt 0.696600 0.005300
vt 0.696600 0.524100
vt 0.987600 0.524100
vt 0.963300 0.524100
vt 0.963300 0.005300
vt 0.987600 0.005300
vt 0.939100 0.005300
vt 0.939100 0.524100
vt 0.914800 0.005300
vt 0.914800 0.524100
vt 0.890600 0.005300
vt 0.890600 0.524100
vt 0.866300 0.005300
vt 0.866300 0.524100
vt 0.842100 0.005300
vt 0.842100 0.524100
vt 0.817800 0.005300
vt 0.817800 0.524100
vt 0.793600 0.005300
vt 0.793600 0.524100
vt 0.769400 0.005300
vt 0.769400 0.524100
vt 0.745100 0.005300
vt 0.745100 0.524100
vt 0.720900 0.005300
vt 0.720900 0.524100
vt 0.696600 0.005300
vt 0.696600 0.524100
vt 0.987600 0.524100
vt 0.963300 0.524100
vt 0.963300 0.005300
vt 0.987600 0.005300
vt 0.939100 0.005300
vt 0.939100 0.524100
vt 0.914800 0.005300
vt 0.914800 0.524100
vt 0.890600 0.005300
vt 0.890600 0.524100
vt 0.866300 0.005300
vt 0.866300 0.524100
vt 0.842100 0.005300
vt 0.842100 0.524100
vt 0.817800 0.005300
vt 0.817800 0.524100
vt 0.793600 0.005300
vt 0.793600 0.524100
vt 0.769400 0.005300
vt 0.769400 0.524100
vt 0.745100 0.005300
vt 0.745100 0.524100
vt 0.720900 0.005300
vt 0.720900 0.524100
vt 0.696600 0.005300
vt 0.696600 0.524100
vt 0.991800 0.012900
vt 0.991800 0.012900
vt 0.991800 0.012900
vt 0.991800 0.012900
vt 0.991800 0.012900
vt 0.991800 0.012900
vt 0.991800 0.012900
vt 0.991800 0.012900
vt 0.991800 0.012900
vt 0.991800 0.012900
vt 0.991800 0.012900
vt 0.991800 0.012900
vt 0.987600 0.685100
vt 0.963300 0.685100
vt 0.963300 0.641600
vt 0.987600 0.728700
vt 0.987600 0.641600
vt 0.963300 0.005300
vt 0.987600 0.005300
vt 0.939100 0.005300
vt 0.939100 0.641600
vt 0.914800 0.005300
vt 0.963300 0.728700
vt 0.987600 0.815800
vt 0.939100 0.685100
vt 0.914800 0.641600
vt 0.890600 0.005300
vt 0.963300 0.815800
vt 0.987600 0.902900
vt 0.939100 0.728700
vt 0.963300 0.902900
vt 0.987600 0.990000
vt 0.963300 0.990000
vt 0.939100 0.902900
vt 0.939100 0.990000
vt 0.914800 0.990000
vt 0.939100 0.815800
vt 0.914800 0.902900
vt 0.890600 0.990000
vt 0.914800 0.728700
vt 0.914800 0.815800
vt 0.890600 0.902900
vt 0.866300 0.902900
vt 0.866300 0.990000
vt 0.890600 0.815800
vt 0.890600 0.728700
vt 0.866300 0.815800
vt 0.842100 0.902900
vt 0.842100 0.990000
vt 0.842100 0.815800
vt 0.866300 0.728700
vt 0.842100 0.728700
vt 0.817800 0.902900
vt 0.817800 0.990000
vt 0.817800 0.815800
vt 0.817800 0.728700
vt 0.793600 0.902900
vt 0.793600 0.990000
vt 0.793600 0.815800
vt 0.793600 0.728700
vt 0.769400 0.902900
vt 0.769400 0.990000
vt 0.769400 0.815800
vt 0.769400 0.728700
vt 0.745100 0.902900
vt 0.745100 0.990000
vt 0.745100 0.815800
vt 0.745100 0.728700
vt 0.720900 0.902900
vt 0.720900 0.990000
vt 0.696600 0.902900
vt 0.696600 0.990000
vt 0.696600 0.815800
vt 0.720900 0.815800
vt 0.696600 0.728700
vt 0.720900 0.728700
vt 0.696600 0.685100
vt 0.720900 0.685100
vt 0.696600 0.641600
vt 0.745100 0.685100
vt 0.720900 0.641600
vt 0.696600 0.005300
vt 0.720900 0.005300
vt 0.745100 0.641600
vt 0.745100 0.005300
vt 0.769400 0.685100
vt 0.769400 0.641600
vt 0.769400 0.005300
vt 0.793600 0.685100
vt 0.793600 0.641600
vt 0.793600 0.005300
vt 0.817800 0.685100
vt 0.817800 0.641600
vt 0.817800 0.005300
vt 0.842100 0.685100
vt 0.842100 0.641600
vt 0.842100 0.005300
vt 0.866300 0.685100
vt 0.866300 0.641600
vt 0.866300 0.005300
vt 0.890600 0.685100
vt 0.890600 0.641600
vt 0.914800 0.685100
vt 0.663600 0.729300
vt 0.643100 0.723900
vt 0.653900 0.643700
vt 0.630700 0.809300
vt 0.675100 0.643700
vt 0.612300 0.798700
vt 0.643100 0.563500
vt 0.577900 0.877800
vt 0.663600 0.558000
vt 0.562900 0.862800
vt 0.612300 0.488600
vt 0.509500 0.930600
vt 0.630700 0.478000
vt 0.498800 0.912200
vt 0.562900 0.424500
vt 0.429500 0.963500
vt 0.577900 0.409500
vt 0.424000 0.943000
vt 0.498900 0.375100
vt 0.343800 0.974900
vt 0.509500 0.356800
vt 0.343800 0.953700
vt 0.424000 0.344300
vt 0.258100 0.963500
vt 0.429500 0.323900
vt 0.263600 0.943000
vt 0.343800 0.333600
vt 0.178200 0.930600
vt 0.343800 0.312400
vt 0.188800 0.912200
vt 0.263600 0.344300
vt 0.109700 0.877800
vt 0.258100 0.323900
vt 0.124700 0.862800
vt 0.188800 0.375100
vt 0.056900 0.809300
vt 0.178200 0.356800
vt 0.075300 0.798700
vt 0.124700 0.424500
vt 0.024000 0.729300
vt 0.109700 0.409500
vt 0.044500 0.723900
vt 0.075300 0.488600
vt 0.012500 0.643700
vt 0.056900 0.478000
vt 0.033700 0.643700
vt 0.044500 0.563500
vt 0.024000 0.558000
vt 0.498400 0.685100
vt 0.513100 0.689000
vt 0.495600 0.731300
vt 0.519100 0.643700
vt 0.526800 0.692700
vt 0.533400 0.643700
vt 0.552700 0.643700
vt 0.526800 0.594600
vt 0.545400 0.589600
vt 0.513100 0.598300
vt 0.605000 0.643700
vt 0.498400 0.602200
vt 0.504000 0.643700
vt 0.473100 0.643700
vt 0.468700 0.677100
vt 0.468700 0.610200
vt 0.455800 0.708300
vt 0.455800 0.579000
vt 0.482500 0.723700
vt 0.457000 0.756800
vt 0.435200 0.735000
vt 0.408500 0.755700
vt 0.482500 0.563600
vt 0.423900 0.782400
vt 0.495600 0.556000
vt 0.457000 0.530500
vt 0.435200 0.552300
vt 0.408500 0.531700
vt 0.423900 0.505000
vt 0.508000 0.548900
vt 0.467700 0.519800
vt 0.431500 0.491800
vt 0.385200 0.489000
vt 0.377300 0.518800
vt 0.343800 0.514300
vt 0.477800 0.509700
vt 0.438600 0.479500
vt 0.343800 0.483500
vt 0.392800 0.460700
vt 0.389200 0.474400
vt 0.343800 0.468300
vt 0.302400 0.489000
vt 0.310400 0.518800
vt 0.279200 0.531700
vt 0.263700 0.505000
vt 0.343800 0.454100
vt 0.256200 0.491800
vt 0.230600 0.530500
vt 0.252400 0.552300
vt 0.231800 0.579000
vt 0.298500 0.474400
vt 0.294800 0.460700
vt 0.249000 0.479500
vt 0.205100 0.563600
vt 0.209900 0.509700
vt 0.219900 0.519800
vt 0.192000 0.556000
vt 0.189200 0.602200
vt 0.219000 0.610200
vt 0.214500 0.643700
vt 0.183700 0.643700
vt 0.179700 0.548900
vt 0.168500 0.643700
vt 0.189200 0.685100
vt 0.219000 0.677100
vt 0.231800 0.708300
vt 0.174600 0.598300
vt 0.160800 0.594600
vt 0.154300 0.643700
vt 0.205100 0.723700
vt 0.160800 0.692700
vt 0.174600 0.689000
vt 0.192000 0.731300
vt 0.230600 0.756800
vt 0.252400 0.735000
vt 0.279200 0.755700
vt 0.263700 0.782400
vt 0.179700 0.738400
vt 0.256200 0.795500
vt 0.302400 0.798300
vt 0.310400 0.768500
vt 0.343800 0.773000
vt 0.219900 0.767500
vt 0.209900 0.777600
vt 0.249000 0.807800
vt 0.343800 0.803800
vt 0.294800 0.826600
vt 0.298500 0.812900
vt 0.343800 0.819000
vt 0.385200 0.798300
vt 0.377300 0.768500
vt 0.431500 0.795500
vt 0.389200 0.812900
vt 0.467700 0.767500
vt 0.438600 0.807800
vt 0.508000 0.738400
vt 0.477800 0.777600
vt 0.545400 0.697700
vt 0.524700 0.748100
vt 0.491400 0.791200
vt 0.596000 0.711200
vt 0.570000 0.774300
vt 0.528400 0.828200
vt 0.603900 0.793800
vt 0.633700 0.721300
vt 0.556000 0.855900
vt 0.643100 0.723900
vt 0.612300 0.798700
vt 0.653900 0.643700
vt 0.562900 0.862800
vt 0.644100 0.643700
vt 0.643100 0.563500
vt 0.493900 0.903700
vt 0.498800 0.912200
vt 0.474400 0.869900
vt 0.421500 0.933500
vt 0.424000 0.943000
vt 0.448200 0.824500
vt 0.411400 0.895800
vt 0.343800 0.943900
vt 0.343800 0.953700
vt 0.392800 0.826600
vt 0.397800 0.845300
vt 0.343800 0.833200
vt 0.343800 0.852500
vt 0.343800 0.904800
vt 0.289800 0.845300
vt 0.276300 0.895800
vt 0.266100 0.933500
vt 0.263600 0.943000
vt 0.193700 0.903700
vt 0.188800 0.912200
vt 0.213200 0.869900
vt 0.131600 0.855900
vt 0.124700 0.862800
vt 0.239400 0.824500
vt 0.159200 0.828200
vt 0.196200 0.791200
vt 0.083800 0.793800
vt 0.075300 0.798700
vt 0.117600 0.774300
vt 0.163000 0.748100
vt 0.053900 0.721300
vt 0.044500 0.723900
vt 0.091700 0.711200
vt 0.142200 0.697700
vt 0.043500 0.643700
vt 0.033700 0.643700
vt 0.082600 0.643700
vt 0.135000 0.643700
vt 0.053900 0.566000
vt 0.044500 0.563500
vt 0.091700 0.576100
vt 0.142200 0.589600
vt 0.083800 0.493500
vt 0.075300 0.488600
vt 0.117600 0.513100
vt 0.163000 0.539200
vt 0.131600 0.431500
vt 0.124700 0.424500
vt 0.159200 0.459100
vt 0.196200 0.496100
vt 0.193700 0.383600
vt 0.188800 0.375100
vt 0.213200 0.417500
vt 0.239400 0.462800
vt 0.266100 0.353800
vt 0.263600 0.344300
vt 0.276300 0.391500
vt 0.289800 0.442100
vt 0.343800 0.343400
vt 0.343800 0.333600
vt 0.343800 0.382500
vt 0.343800 0.434800
vt 0.421500 0.353800
vt 0.424000 0.344300
vt 0.411400 0.391500
vt 0.397800 0.442100
vt 0.494000 0.383600
vt 0.498900 0.375100
vt 0.474400 0.417500
vt 0.448200 0.462800
vt 0.556000 0.431500
vt 0.562900 0.424500
vt 0.528400 0.459100
vt 0.491400 0.496100
vt 0.603900 0.493500
vt 0.612300 0.488600
vt 0.570000 0.513100
vt 0.524700 0.539200
vt 0.633700 0.566000
vt 0.596000 0.576100
vt 0.468700 0.677100
vt 0.452400 0.672700
vt 0.456300 0.643700
vt 0.455800 0.708300
vt 0.473100 0.643700
vt 0.441200 0.699900
vt 0.452400 0.614600
vt 0.435200 0.735000
vt 0.468700 0.610200
vt 0.423300 0.723100
vt 0.441200 0.587400
vt 0.408500 0.755700
vt 0.455800 0.579000
vt 0.400000 0.741100
vt 0.423300 0.564200
vt 0.377300 0.768500
vt 0.435200 0.552300
vt 0.372900 0.752200
vt 0.400000 0.546300
vt 0.343800 0.773000
vt 0.408500 0.531700
vt 0.343800 0.756100
vt 0.372900 0.535100
vt 0.310400 0.768500
vt 0.377300 0.518800
vt 0.314700 0.752200
vt 0.343800 0.531200
vt 0.279200 0.755700
vt 0.343800 0.514300
vt 0.287600 0.741100
vt 0.314700 0.535100
vt 0.252400 0.735000
vt 0.310400 0.518800
vt 0.264300 0.723100
vt 0.287600 0.546300
vt 0.231800 0.708300
vt 0.279200 0.531700
vt 0.246400 0.699900
vt 0.264300 0.564200
vt 0.219000 0.677100
vt 0.252400 0.552300
vt 0.235300 0.672700
vt 0.246400 0.587400
vt 0.214500 0.643700
vt 0.231800 0.579000
vt 0.231400 0.643700
vt 0.235300 0.614600
vt 0.219000 0.610200
vt 0.456300 0.643700
vt 0.452400 0.672700
vt 0.343800 0.643700
vt 0.452400 0.614600
vt 0.441200 0.699900
vt 0.441200 0.587400
vt 0.423300 0.723100
vt 0.423300 0.564200
vt 0.400000 0.741100
vt 0.400000 0.546300
vt 0.372900 0.752200
vt 0.372900 0.535100
vt 0.343800 0.756100
vt 0.343800 0.531200
vt 0.314700 0.752200
vt 0.314700 0.535100
vt 0.287600 0.741100
vt 0.287600 0.546300
vt 0.264300 0.723100
vt 0.264300 0.564200
vt 0.246400 0.587400
vt 0.246400 0.699900
vt 0.235300 0.614600
vt 0.235300 0.672700
vt 0.231400 0.643700
vt 0.987600 0.524100
vt 0.963300 0.524100
vt 0.963300 0.005300
vt 0.987600 0.005300
vt 0.939100 0.005300
vt 0.939100 0.524100
vt 0.914800 0.005300
vt 0.914800 0.524100
vt 0.890600 0.005300
vt 0.890600 0.524100
vt 0.866300 0.005300
vt 0.866300 0.524100
vt 0.842100 0.005300
vt 0.842100 0.524100
vt 0.817800 0.005300
vt 0.817800 0.524100
vt 0.793600 0.005300
vt 0.793600 0.524100
vt 0.769400 0.005300
vt 0.769400 0.524100
vt 0.745100 0.005300
vt 0.745100 0.524100
vt 0.720900 0.005300
vt 0.720900 0.524100
vt 0.696600 0.005300
vt 0.696600 0.524100
vt 0.987600 0.524100
vt 0.963300 0.524100
vt 0.963300 0.005300
vt 0.987600 0.005300
vt 0.939100 0.005300
vt 0.939100 0.524100
vt 0.914800 0.005300
vt 0.914800 0.524100
vt 0.890600 0.005300
vt 0.890600 0.524100
vt 0.866300 0.005300
vt 0.866300 0.524100
vt 0.842100 0.005300
vt 0.842100 0.524100
vt 0.817800 0.005300
vt 0.817800 0.524100
vt 0.793600 0.005300
vt 0.793600 0.524100
vt 0.769400 0.005300
vt 0.769400 0.524100
vt 0.745100 0.005300
vt 0.745100 0.524100
vt 0.720900 0.005300
vt 0.720900 0.524100
vt 0.696600 0.005300
vt 0.696600 0.524100
vt 0.987600 0.524100
vt 0.963300 0.524100
vt 0.963300 0.005300
vt 0.987600 0.005300
vt 0.939100 0.005300
vt 0.939100 0.524100
vt 0.914800 0.005300
vt 0.914800 0.524100
vt 0.890600 0.005300
vt 0.890600 0.524100
vt 0.866300 0.005300
vt 0.866300 0.524100
vt 0.842100 0.005300
vt 0.842100 0.524100
vt 0.817800 0.005300
vt 0.817800 0.524100
vt 0.793600 0.005300
vt 0.793600 0.524100
vt 0.769400 0.005300
vt 0.769400 0.524100
vt 0.745100 0.005300
vt 0.745100 0.524100
vt 0.720900 0.005300
vt 0.720900 0.524100
vt 0.696600 0.005300
vt 0.696600 0.524100
vt 0.991800 0.012900
vt 0.991800 0.012900
vt 0.991800 0.012900
vt 0.991800 0.012900
vt 0.991800 0.012900
vt 0.991800 0.012900
vt 0.991800 0.012900
vt 0.991800 0.012900
vt 0.991800 0.012900
vt 0.991800 0.012900
vt 0.991800 0.012900
vt 0.991800 0.012900
vt 0.987600 0.685100
vt 0.963300 0.685100
vt 0.963300 0.641600
vt 0.987600 0.728700
vt 0.987600 0.641600
vt 0.963300 0.005300
vt 0.987600 0.005300
vt 0.939100 0.005300
vt 0.939100 0.641600
vt 0.914800 0.005300
vt 0.963300 0.728700
vt 0.987600 0.815800
vt 0.939100 0.685100
vt 0.914800 0.641600
vt 0.890600 0.005300
vt 0.963300 0.815800
vt 0.987600 0.902900
vt 0.939100 0.728700
vt 0.963300 0.902900
vt 0.987600 0.990000
vt 0.963300 0.990000
vt 0.939100 0.902900
vt 0.939100 0.990000
vt 0.914800 0.990000
vt 0.939100 0.815800
vt 0.914800 0.902900
vt 0.890600 0.990000
vt 0.914800 0.728700
vt 0.914800 0.815800
vt 0.890600 0.902900
vt 0.866300 0.902900
vt 0.866300 0.990000
vt 0.890600 0.815800
vt 0.890600 0.728700
vt 0.866300 0.815800
vt 0.842100 0.902900
vt 0.842100 0.990000
vt 0.842100 0.815800
vt 0.866300 0.728700
vt 0.842100 0.728700
vt 0.817800 0.902900
vt 0.817800 0.990000
vt 0.817800 0.815800
vt 0.817800 0.728700
vt 0.793600 0.902900
vt 0.793600 0.990000
vt 0.793600 0.815800
vt 0.793600 0.728700
vt 0.769400 0.902900
vt 0.769400 0.990000
vt 0.769400 0.815800
vt 0.769400 0.728700
vt 0.745100 0.902900
vt 0.745100 0.990000
vt 0.745100 0.815800
vt 0.745100 0.728700
vt 0.720900 0.902900
vt 0.720900 0.990000
vt 0.696600 0.902900
vt 0.696600 0.990000
vt 0.696600 0.815800
vt 0.720900 0.815800
vt 0.696600 0.728700
vt 0.720900 0.728700
vt 0.696600 0.685100
vt 0.720900 0.685100
vt 0.696600 0.641600
vt 0.745100 0.685100
vt 0.720900 0.641600
vt 0.696600 0.005300
vt 0.720900 0.005300
vt 0.745100 0.641600
vt 0.745100 0.005300
vt 0.769400 0.685100
vt 0.769400 0.641600
vt 0.769400 0.005300
vt 0.793600 0.685100
vt 0.793600 0.641600
vt 0.793600 0.005300
vt 0.817800 0.685100
vt 0.817800 0.641600
vt 0.817800 0.005300
vt 0.842100 0.685100
vt 0.842100 0.641600
vt 0.842100 0.005300
vt 0.866300 0.685100
vt 0.866300 0.641600
vt 0.866300 0.005300
vt 0.890600 0.685100
vt 0.890600 0.641600
vt 0.914800 0.685100
vt 0.663600 0.729300
vt 0.643100 0.723900
vt 0.653900 0.643700
vt 0.630700 0.809300
vt 0.675100 0.643700
vt 0.612300 0.798700
vt 0.643100 0.563500
vt 0.577900 0.877800
vt 0.663600 0.558000
vt 0.562900 0.862800
vt 0.612300 0.488600
vt 0.509500 0.930600
vt 0.630700 0.478000
vt 0.498800 0.912200
vt 0.562900 0.424500
vt 0.429500 0.963500
vt 0.577900 0.409500
vt 0.424000 0.943000
vt 0.498900 0.375100
vt 0.343800 0.974900
vt 0.509500 0.356800
vt 0.343800 0.953700
vt 0.424000 0.344300
vt 0.258100 0.963500
vt 0.429500 0.323900
vt 0.263600 0.943000
vt 0.343800 0.333600
vt 0.178200 0.930600
vt 0.343800 0.312400
vt 0.188800 0.912200
vt 0.263600 0.344300
vt 0.109700 0.877800
vt 0.258100 0.323900
vt 0.124700 0.862800
vt 0.188800 0.375100
vt 0.056900 0.809300
vt 0.178200 0.356800
vt 0.075300 0.798700
vt 0.124700 0.424500
vt 0.024000 0.729300
vt 0.109700 0.409500
vt 0.044500 0.723900
vt 0.075300 0.488600
vt 0.012500 0.643700
vt 0.056900 0.478000
vt 0.033700 0.643700
vt 0.044500 0.563500
vt 0.024000 0.558000
vt 0.498400 0.685100
vt 0.513100 0.689000
vt 0.495600 0.731300
vt 0.519100 0.643700
vt 0.526800 0.692700
vt 0.533400 0.643700
vt 0.552700 0.643700
vt 0.526800 0.594600
vt 0.545400 0.589600
vt 0.513100 0.598300
vt 0.605000 0.643700
vt 0.498400 0.602200
vt 0.504000 0.643700
vt 0.473100 0.643700
vt 0.468700 0.677100
vt 0.468700 0.610200
vt 0.455800 0.708300
vt 0.455800 0.579000
vt 0.482500 0.723700
vt 0.457000 0.756800
vt 0.435200 0.735000
vt 0.408500 0.755700
vt 0.482500 0.563600
vt 0.423900 0.782400
vt 0.495600 0.556000
vt 0.457000 0.530500
vt 0.435200 0.552300
vt 0.408500 0.531700
vt 0.423900 0.505000
vt 0.508000 0.548900
vt 0.467700 0.519800
vt 0.431500 0.491800
vt 0.385200 0.489000
vt 0.377300 0.518800
vt 0.343800 0.514300
vt 0.477800 0.509700
vt 0.438600 0.479500
vt 0.343800 0.483500
vt 0.392800 0.460700
vt 0.389200 0.474400
vt 0.343800 0.468300
vt 0.302400 0.489000
vt 0.310400 0.518800
vt 0.279200 0.531700
vt 0.263700 0.505000
vt 0.343800 0.454100
vt 0.256200 0.491800
vt 0.230600 0.530500
vt 0.252400 0.552300
vt 0.231800 0.579000
vt 0.298500 0.474400
vt 0.294800 0.460700
vt 0.249000 0.479500
vt 0.205100 0.563600
vt 0.209900 0.509700
vt 0.219900 0.519800
vt 0.192000 0.556000
vt 0.189200 0.602200
vt 0.219000 0.610200
vt 0.214500 0.643700
vt 0.183700 0.643700
vt 0.179700 0.548900
vt 0.168500 0.643700
vt 0.189200 0.685100
vt 0.219000 0.677100
vt 0.231800 0.708300
vt 0.174600 0.598300
vt 0.160800 0.594600
vt 0.154300 0.643700
vt 0.205100 0.723700
vt 0.160800 0.692700
vt 0.174600 0.689000
vt 0.192000 0.731300
vt 0.230600 0.756800
vt 0.252400 0.735000
vt 0.279200 0.755700
vt 0.263700 0.782400
vt 0.179700 0.738400
vt 0.256200 0.795500
vt 0.302400 0.798300
vt 0.310400 0.768500
vt 0.343800 0.773000
vt 0.219900 0.767500
vt 0.209900 0.777600
vt 0.249000 0.807800
vt 0.343800 0.803800
vt 0.294800 0.826600
vt 0.298500 0.812900
vt 0.343800 0.819000
vt 0.385200 0.798300
vt 0.377300 0.768500
vt 0.431500 0.795500
vt 0.389200 0.812900
vt 0.467700 0.767500
vt 0.438600 0.807800
vt 0.508000 0.738400
vt 0.477800 0.777600
vt 0.545400 0.697700
vt 0.524700 0.748100
vt 0.491400 0.791200
vt 0.596000 0.711200
vt 0.570000 0.774300
vt 0.528400 0.828200
vt 0.603900 0.793800
vt 0.633700 0.721300
vt 0.556000 0.855900
vt 0.643100 0.723900
vt 0.612300 0.798700
vt 0.653900 0.643700
vt 0.562900 0.862800
vt 0.644100 0.643700
vt 0.643100 0.563500
vt 0.493900 0.903700
vt 0.498800 0.912200
vt 0.474400 0.869900
vt 0.421500 0.933500
vt 0.424000 0.943000
vt 0.448200 0.824500
vt 0.411400 0.895800
vt 0.343800 0.943900
vt 0.343800 0.953700
vt 0.392800 0.826600
vt 0.397800 0.845300
vt 0.343800 0.833200
vt 0.343800 0.852500
vt 0.343800 0.904800
vt 0.289800 0.845300
vt 0.276300 0.895800
vt 0.266100 0.933500
vt 0.263600 0.943000
vt 0.193700 0.903700
vt 0.188800 0.912200
vt 0.213200 0.869900
vt 0.131600 0.855900
vt 0.124700 0.862800
vt 0.239400 0.824500
vt 0.159200 0.828200
vt 0.196200 0.791200
vt 0.083800 0.793800
vt 0.075300 0.798700
vt 0.117600 0.774300
vt 0.163000 0.748100
vt 0.053900 0.721300
vt 0.044500 0.723900
vt 0.091700 0.711200
vt 0.142200 0.697700
vt 0.043500 0.643700
vt 0.033700 0.643700
vt 0.082600 0.643700
vt 0.135000 0.643700
vt 0.053900 0.566000
vt 0.044500 0.563500
vt 0.091700 0.576100
vt 0.142200 0.589600
vt 0.083800 0.493500
vt 0.075300 0.488600
vt 0.117600 0.513100
vt 0.163000 0.539200
vt 0.131600 0.431500
vt 0.124700 0.424500
vt 0.159200 0.459100
vt 0.196200 0.496100
vt 0.193700 0.383600
vt 0.188800 0.375100
vt 0.213200 0.417500
vt 0.239400 0.462800
vt 0.266100 0.353800
vt 0.263600 0.344300
vt 0.276300 0.391500
vt 0.289800 0.442100
vt 0.343800 0.343400
vt 0.343800 0.333600
vt 0.343800 0.382500
vt 0.343800 0.434800
vt 0.421500 0.353800
vt 0.424000 0.344300
vt 0.411400 0.391500
vt 0.397800 0.442100
vt 0.494000 0.383600
vt 0.498900 0.375100
vt 0.474400 0.417500
vt 0.448200 0.462800
vt 0.556000 0.431500
vt 0.562900 0.424500
vt 0.528400 0.459100
vt 0.491400 0.496100
vt 0.603900 0.493500
vt 0.612300 0.488600
vt 0.570000 0.513100
vt 0.524700 0.539200
vt 0.633700 0.566000
vt 0.596000 0.576100
vt 0.468700 0.677100
vt 0.452400 0.672700
vt 0.456300 0.643700
vt 0.455800 0.708300
vt 0.473100 0.643700
vt 0.441200 0.699900
vt 0.452400 0.614600
vt 0.435200 0.735000
vt 0.468700 0.610200
vt 0.423300 0.723100
vt 0.441200 0.587400
vt 0.408500 0.755700
vt 0.455800 0.579000
vt 0.400000 0.741100
vt 0.423300 0.564200
vt 0.377300 0.768500
vt 0.435200 0.552300
vt 0.372900 0.752200
vt 0.400000 0.546300
vt 0.343800 0.773000
vt 0.408500 0.531700
vt 0.343800 0.756100
vt 0.372900 0.535100
vt 0.310400 0.768500
vt 0.377300 0.518800
vt 0.314700 0.752200
vt 0.343800 0.531200
vt 0.279200 0.755700
vt 0.343800 0.514300
vt 0.287600 0.741100
vt 0.314700 0.535100
vt 0.252400 0.735000
vt 0.310400 0.518800
vt 0.264300 0.723100
vt 0.287600 0.546300
vt 0.231800 0.708300
vt 0.279200 0.531700
vt 0.246400 0.699900
vt 0.264300 0.564200
vt 0.219000 0.677100
vt 0.252400 0.552300
vt 0.235300 0.672700
vt 0.246400 0.587400
vt 0.214500 0.643700
vt 0.231800 0.579000
vt 0.231400 0.643700
vt 0.235300 0.614600
vt 0.219000 0.610200
vt 0.456300 0.643700
vt 0.452400 0.672700
vt 0.343800 0.643700
vt 0.452400 0.614600
vt 0.441200 0.699900
vt 0.441200 0.587400
vt 0.423300 0.723100
vt 0.423300 0.564200
vt 0.400000 0.741100
vt 0.400000 0.546300
vt 0.372900 0.752200
vt 0.372900 0.535100
vt 0.343800 0.756100
vt 0.343800 0.531200
vt 0.314700 0.752200
vt 0.314700 0.535100
vt 0.287600 0.741100
vt 0.287600 0.546300
vt 0.264300 0.723100
vt 0.264300 0.564200
vt 0.246400 0.587400
vt 0.246400 0.699900
vt 0.235300 0.614600
vt 0.235300 0.672700
vt 0.231400 0.643700
vt 0.987600 0.524100
vt 0.963300 0.524100
vt 0.963300 0.005300
vt 0.987600 0.005300
vt 0.939100 0.005300
vt 0.939100 0.524100
vt 0.914800 0.005300
vt 0.914800 0.524100
vt 0.890600 0.005300
vt 0.890600 0.524100
vt 0.866300 0.005300
vt 0.866300 0.524100
vt 0.842100 0.005300
vt 0.842100 0.524100
vt 0.817800 0.005300
vt 0.817800 0.524100
vt 0.793600 0.005300
vt 0.793600 0.524100
vt 0.769400 0.005300
vt 0.769400 0.524100
vt 0.745100 0.005300
vt 0.745100 0.524100
vt 0.720900 0.005300
vt 0.720900 0.524100
vt 0.696600 0.005300
vt 0.696600 0.524100
vt 0.987600 0.524100
vt 0.963300 0.524100
vt 0.963300 0.005300
vt 0.987600 0.005300
vt 0.939100 0.005300
vt 0.939100 0.524100
vt 0.914800 0.005300
vt 0.914800 0.524100
vt 0.890600 0.005300
vt 0.890600 0.524100
vt 0.866300 0.005300
vt 0.866300 0.524100
vt 0.842100 0.005300
vt 0.842100 0.524100
vt 0.817800 0.005300
vt 0.817800 0.524100
vt 0.793600 0.005300
vt 0.793600 0.524100
vt 0.769400 0.005300
vt 0.769400 0.524100
vt 0.745100 0.005300
vt 0.745100 0.524100
vt 0.720900 0.005300
vt 0.720900 0.524100
vt 0.696600 0.005300
vt 0.696600 0.524100
vt 0.987600 0.524100
vt 0.963300 0.524100
vt 0.963300 0.005300
vt 0.987600 0.005300
vt 0.939100 0.005300
vt 0.939100 0.524100
vt 0.914800 0.005300
vt 0.914800 0.524100
vt 0.890600 0.005300
vt 0.890600 0.524100
vt 0.866300 0.005300
vt 0.866300 0.524100
vt 0.842100 0.005300
vt 0.842100 0.524100
vt 0.817800 0.005300
vt 0.817800 0.524100
vt 0.793600 0.005300
vt 0.793600 0.524100
vt 0.769400 0.005300
vt 0.769400 0.524100
vt 0.745100 0.005300
vt 0.745100 0.524100
vt 0.720900 0.005300
vt 0.720900 0.524100
vt 0.696600 0.005300
vt 0.696600 0.524100
vt 0.991800 0.012900
vt 0.991800 0.012900
vt 0.991800 0.012900
vt 0.991800 0.012900
vt 0.991800 0.012900
vt 0.991800 0.012900
vt 0.991800 0.012900
vt 0.991800 0.012900
vt 0.991800 0.012900
vt 0.991800 0.012900
vt 0.991800 0.012900
vt 0.991800 0.012900
vt 0.987600 0.685100
vt 0.963300 0.685100
vt 0.963300 0.641600
vt 0.987600 0.728700
vt 0.987600 0.641600
vt 0.963300 0.005300
vt 0.987600 0.005300
vt 0.939100 0.005300
vt 0.939100 0.641600
vt 0.914800 0.005300
vt 0.963300 0.728700
vt 0.987600 0.815800
vt 0.939100 0.685100
vt 0.914800 0.641600
vt 0.890600 0.005300
vt 0.963300 0.815800
vt 0.987600 0.902900
vt 0.939100 0.728700
vt 0.963300 0.902900
vt 0.987600 0.990000
vt 0.963300 0.990000
vt 0.939100 0.902900
vt 0.939100 0.990000
vt 0.914800 0.990000
vt 0.939100 0.815800
vt 0.914800 0.902900
vt 0.890600 0.990000
vt 0.914800 0.728700
vt 0.914800 0.815800
vt 0.890600 0.902900
vt 0.866300 0.902900
vt 0.866300 0.990000
vt 0.890600 0.815800
vt 0.890600 0.728700
vt 0.866300 0.815800
vt 0.842100 0.902900
vt 0.842100 0.990000
vt 0.842100 0.815800
vt 0.866300 0.728700
vt 0.842100 0.728700
vt 0.817800 0.902900
vt 0.817800 0.990000
vt 0.817800 0.815800
vt 0.817800 0.728700
vt 0.793600 0.902900
vt 0.793600 0.990000
vt 0.793600 0.815800
vt 0.793600 0.728700
vt 0.769400 0.902900
vt 0.769400 0.990000
vt 0.769400 0.815800
vt 0.769400 0.728700
vt 0.745100 0.902900
vt 0.745100 0.990000
vt 0.745100 0.815800
vt 0.745100 0.728700
vt 0.720900 0.902900
vt 0.720900 0.990000
vt 0.696600 0.902900
vt 0.696600 0.990000
vt 0.696600 0.815800
vt 0.720900 0.815800
vt 0.696600 0.728700
vt 0.720900 0.728700
vt 0.696600 0.685100
vt 0.720900 0.685100
vt 0.696600 0.641600
vt 0.745100 0.685100
vt 0.720900 0.641600
vt 0.696600 0.005300
vt 0.720900 0.005300
vt 0.745100 0.641600
vt 0.745100 0.005300
vt 0.769400 0.685100
vt 0.769400 0.641600
vt 0.769400 0.005300
vt 0.793600 0.685100
vt 0.793600 0.641600
vt 0.793600 0.005300
vt 0.817800 0.685100
vt 0.817800 0.641600
vt 0.817800 0.005300
vt 0.842100 0.685100
vt 0.842100 0.641600
vt 0.842100 0.005300
vt 0.866300 0.685100
vt 0.866300 0.641600
vt 0.866300 0.005300
vt 0.890600 0.685100
vt 0.890600 0.641600
vt 0.914800 0.685100
vt 0.963300 0.005300
vt 0.963300 0.524100
vt 0.987600 0.524100
vt 0.987600 0.005300
vt 0.939100 0.005300
vt 0.939100 0.524100
vt 0.914800 0.005300
vt 0.914800 0.524100
vt 0.890600 0.005300
vt 0.890600 0.524100
vt 0.866300 0.005300
vt 0.866300 0.524100
vt 0.842100 0.005300
vt 0.842100 0.524100
vt 0.817800 0.005300
vt 0.817800 0.524100
vt 0.793600 0.005300
vt 0.793600 0.524100
vt 0.769400 0.005300
vt 0.769400 0.524100
vt 0.745100 0.005300
vt 0.745100 0.524100
vt 0.720900 0.005300
vt 0.720900 0.524100
vt 0.696600 0.005300
vt 0.696600 0.524100
vt 0.963300 0.005300
vt 0.963300 0.524100
vt 0.987600 0.524100
vt 0.987600 0.005300
vt 0.939100 0.005300
vt 0.939100 0.524100
vt 0.914800 0.005300
vt 0.914800 0.524100
vt 0.890600 0.005300
vt 0.890600 0.524100
vt 0.866300 0.005300
vt 0.866300 0.524100
vt 0.842100 0.005300
vt 0.842100 0.524100
vt 0.817800 0.005300
vt 0.817800 0.524100
vt 0.793600 0.005300
vt 0.793600 0.524100
vt 0.769400 0.005300
vt 0.769400 0.524100
vt 0.745100 0.005300
vt 0.745100 0.524100
vt 0.720900 0.005300
vt 0.720900 0.524100
vt 0.696600 0.005300
vt 0.696600 0.524100
vt 0.963300 0.005300
vt 0.963300 0.524100
vt 0.987600 0.524100
vt 0.987600 0.005300
vt 0.939100 0.005300
vt 0.939100 0.524100
vt 0.914800 0.005300
vt 0.914800 0.524100
vt 0.890600 0.005300
vt 0.890600 0.524100
vt 0.866300 0.005300
vt 0.866300 0.524100
vt 0.842100 0.005300
vt 0.842100 0.524100
vt 0.817800 0.005300
vt 0.817800 0.524100
vt 0.793600 0.005300
vt 0.793600 0.524100
vt 0.769400 0.005300
vt 0.769400 0.524100
vt 0.745100 0.005300
vt 0.745100 0.524100
vt 0.720900 0.005300
vt 0.720900 0.524100
vt 0.696600 0.005300
vt 0.696600 0.524100
vt 0.991800 0.012900
vt 0.991800 0.012900
vt 0.991800 0.012900
vt 0.991800 0.012900
vt 0.991800 0.012900
vt 0.991800 0.012900
vt 0.991800 0.012900
vt 0.991800 0.012900
vt 0.991800 0.012900
vt 0.991800 0.012900
vt 0.991800 0.012900
vt 0.991800 0.012900
vt 0.963300 0.641600
vt 0.963300 0.685100
vt 0.987600 0.685100
vt 0.987600 0.641600
vt 0.987600 0.728700
vt 0.963300 0.005300
vt 0.987600 0.005300
vt 0.939100 0.005300
vt 0.939100 0.641600
vt 0.914800 0.005300
vt 0.963300 0.728700
vt 0.987600 0.815800
vt 0.939100 0.685100
vt 0.914800 0.641600
vt 0.890600 0.005300
vt 0.963300 0.815800
vt 0.987600 0.902900
vt 0.939100 0.728700
vt 0.914800 0.685100
vt 0.890600 0.641600
vt 0.866300 0.005300
vt 0.963300 0.902900
vt 0.987600 0.990000
vt 0.963300 0.990000
vt 0.939100 0.902900
vt 0.939100 0.990000
vt 0.914800 0.990000
vt 0.939100 0.815800
vt 0.914800 0.902900
vt 0.890600 0.990000
vt 0.914800 0.728700
vt 0.914800 0.815800
vt 0.890600 0.902900
vt 0.866300 0.902900
vt 0.866300 0.990000
vt 0.890600 0.815800
vt 0.890600 0.728700
vt 0.890600 0.685100
vt 0.842100 0.902900
vt 0.842100 0.990000
vt 0.866300 0.641600
vt 0.842100 0.005300
vt 0.866300 0.685100
vt 0.842100 0.641600
vt 0.817800 0.005300
vt 0.866300 0.728700
vt 0.842100 0.685100
vt 0.817800 0.641600
vt 0.793600 0.005300
vt 0.866300 0.815800
vt 0.842100 0.728700
vt 0.817800 0.685100
vt 0.793600 0.641600
vt 0.769400 0.005300
vt 0.842100 0.815800
vt 0.817800 0.728700
vt 0.793600 0.685100
vt 0.769400 0.641600
vt 0.745100 0.005300
vt 0.817800 0.815800
vt 0.817800 0.902900
vt 0.817800 0.990000
vt 0.745100 0.641600
vt 0.720900 0.005300
vt 0.769400 0.685100
vt 0.720900 0.641600
vt 0.696600 0.005300
vt 0.696600 0.641600
vt 0.793600 0.728700
vt 0.745100 0.685100
vt 0.769400 0.728700
vt 0.793600 0.815800
vt 0.720900 0.685100
vt 0.696600 0.685100
vt 0.745100 0.728700
vt 0.720900 0.728700
vt 0.696600 0.728700
vt 0.769400 0.815800
vt 0.745100 0.815800
vt 0.720900 0.815800
vt 0.696600 0.815800
vt 0.793600 0.902900
vt 0.793600 0.990000
vt 0.769400 0.902900
vt 0.769400 0.990000
vt 0.745100 0.902900
vt 0.745100 0.990000
vt 0.720900 0.902900
vt 0.720900 0.990000
vt 0.696600 0.902900
vt 0.696600 0.990000
vt 0.653900 0.643700
vt 0.643100 0.723900
vt 0.663600 0.729300
vt 0.675100 0.643700
vt 0.630700 0.809300
vt 0.643100 0.563500
vt 0.612300 0.798700
vt 0.663600 0.558000
vt 0.577900 0.877800
vt 0.612300 0.488600
vt 0.562900 0.862800
vt 0.630700 0.478000
vt 0.509500 0.930600
vt 0.562900 0.424500
vt 0.498800 0.912200
vt 0.577900 0.409500
vt 0.429500 0.963500
vt 0.498900 0.375100
vt 0.424000 0.943000
vt 0.509500 0.356800
vt 0.343800 0.974900
vt 0.424000 0.344300
vt 0.343800 0.953700
vt 0.429500 0.323900
vt 0.258100 0.963500
vt 0.343800 0.333600
vt 0.263600 0.943000
vt 0.343800 0.312400
vt 0.178200 0.930600
vt 0.263600 0.344300
vt 0.188800 0.912200
vt 0.258100 0.323900
vt 0.109700 0.877800
vt 0.188800 0.375100
vt 0.124700 0.862800
vt 0.178200 0.356800
vt 0.056900 0.809300
vt 0.124700 0.424500
vt 0.075300 0.798700
vt 0.109700 0.409500
vt 0.024000 0.729300
vt 0.075300 0.488600
vt 0.044500 0.723900
vt 0.056900 0.478000
vt 0.012500 0.643700
vt 0.044500 0.563500
vt 0.033700 0.643700
vt 0.024000 0.558000
vt 0.495600 0.731300
vt 0.513100 0.689000
vt 0.498400 0.685100
vt 0.519100 0.643700
vt 0.526800 0.692700
vt 0.533400 0.643700
vt 0.552700 0.643700
vt 0.508000 0.738400
vt 0.545400 0.697700
vt 0.467700 0.767500
vt 0.596000 0.711200
vt 0.477800 0.777600
vt 0.524700 0.748100
vt 0.570000 0.774300
vt 0.491400 0.791200
vt 0.528400 0.828200
vt 0.431500 0.795500
vt 0.556000 0.855900
vt 0.438600 0.807800
vt 0.603900 0.793800
vt 0.612300 0.798700
vt 0.562900 0.862800
vt 0.643100 0.723900
vt 0.493900 0.903700
vt 0.498800 0.912200
vt 0.633700 0.721300
vt 0.653900 0.643700
vt 0.421500 0.933500
vt 0.424000 0.943000
vt 0.474400 0.869900
vt 0.343800 0.943900
vt 0.343800 0.953700
vt 0.411400 0.895800
vt 0.448200 0.824500
vt 0.266100 0.933500
vt 0.263600 0.943000
vt 0.343800 0.904800
vt 0.397800 0.845300
vt 0.392800 0.826600
vt 0.389200 0.812900
vt 0.343800 0.819000
vt 0.343800 0.833200
vt 0.343800 0.852500
vt 0.276300 0.895800
vt 0.294800 0.826600
vt 0.193700 0.903700
vt 0.188800 0.912200
vt 0.289800 0.845300
vt 0.213200 0.869900
vt 0.131600 0.855900
vt 0.124700 0.862800
vt 0.083800 0.793800
vt 0.075300 0.798700
vt 0.159200 0.828200
vt 0.239400 0.824500
vt 0.053900 0.721300
vt 0.044500 0.723900
vt 0.117600 0.774300
vt 0.196200 0.791200
vt 0.249000 0.807800
vt 0.209900 0.777600
vt 0.163000 0.748100
vt 0.179700 0.738400
vt 0.091700 0.711200
vt 0.043500 0.643700
vt 0.033700 0.643700
vt 0.053900 0.566000
vt 0.044500 0.563500
vt 0.082600 0.643700
vt 0.142200 0.697700
vt 0.160800 0.692700
vt 0.083800 0.493500
vt 0.075300 0.488600
vt 0.091700 0.576100
vt 0.135000 0.643700
vt 0.131600 0.431500
vt 0.124700 0.424500
vt 0.117600 0.513100
vt 0.142200 0.589600
vt 0.154300 0.643700
vt 0.160800 0.594600
vt 0.163000 0.539200
vt 0.179700 0.548900
vt 0.159200 0.459100
vt 0.193700 0.383600
vt 0.188800 0.375100
vt 0.266100 0.353800
vt 0.263600 0.344300
vt 0.213200 0.417500
vt 0.196200 0.496100
vt 0.209900 0.509700
vt 0.343800 0.343400
vt 0.343800 0.333600
vt 0.276300 0.391500
vt 0.239400 0.462800
vt 0.421500 0.353800
vt 0.424000 0.344300
vt 0.343800 0.382500
vt 0.289800 0.442100
vt 0.249000 0.479500
vt 0.294800 0.460700
vt 0.343800 0.434800
vt 0.343800 0.454100
vt 0.411400 0.391500
vt 0.494000 0.383600
vt 0.498900 0.375100
vt 0.556000 0.431500
vt 0.562900 0.424500
vt 0.474400 0.417500
vt 0.397800 0.442100
vt 0.392800 0.460700
vt 0.603900 0.493500
vt 0.612300 0.488600
vt 0.528400 0.459100
vt 0.448200 0.462800
vt 0.633700 0.566000
vt 0.643100 0.563500
vt 0.570000 0.513100
vt 0.491400 0.496100
vt 0.438600 0.479500
vt 0.477800 0.509700
vt 0.524700 0.539200
vt 0.508000 0.548900
vt 0.596000 0.576100
vt 0.644100 0.643700
vt 0.605000 0.643700
vt 0.545400 0.589600
vt 0.526800 0.594600
vt 0.513100 0.598300
vt 0.495600 0.556000
vt 0.498400 0.602200
vt 0.467700 0.519800
vt 0.431500 0.491800
vt 0.457000 0.530500
vt 0.482500 0.563600
vt 0.455800 0.579000
vt 0.468700 0.610200
vt 0.435200 0.552300
vt 0.473100 0.643700
vt 0.408500 0.531700
vt 0.504000 0.643700
vt 0.468700 0.677100
vt 0.455800 0.708300
vt 0.423900 0.505000
vt 0.482500 0.723700
vt 0.457000 0.756800
vt 0.435200 0.735000
vt 0.408500 0.755700
vt 0.423900 0.782400
vt 0.385200 0.798300
vt 0.377300 0.768500
vt 0.343800 0.773000
vt 0.343800 0.803800
vt 0.302400 0.798300
vt 0.310400 0.768500
vt 0.279200 0.755700
vt 0.298500 0.812900
vt 0.256200 0.795500
vt 0.263700 0.782400
vt 0.230600 0.756800
vt 0.252400 0.735000
vt 0.219900 0.767500
vt 0.231800 0.708300
vt 0.192000 0.731300
vt 0.205100 0.723700
vt 0.189200 0.685100
vt 0.219000 0.677100
vt 0.174600 0.689000
vt 0.214500 0.643700
vt 0.168500 0.643700
vt 0.183700 0.643700
vt 0.189200 0.602200
vt 0.219000 0.610200
vt 0.174600 0.598300
vt 0.231800 0.579000
vt 0.192000 0.556000
vt 0.205100 0.563600
vt 0.230600 0.530500
vt 0.252400 0.552300
vt 0.219900 0.519800
vt 0.279200 0.531700
vt 0.256200 0.491800
vt 0.263700 0.505000
vt 0.302400 0.489000
vt 0.310400 0.518800
vt 0.298500 0.474400
vt 0.343800 0.514300
vt 0.343800 0.468300
vt 0.343800 0.483500
vt 0.385200 0.489000
vt 0.377300 0.518800
vt 0.389200 0.474400
vt 0.456300 0.643700
vt 0.452400 0.672700
vt 0.468700 0.677100
vt 0.473100 0.643700
vt 0.455800 0.708300
vt 0.452400 0.614600
vt 0.441200 0.699900
vt 0.468700 0.610200
vt 0.435200 0.735000
vt 0.441200 0.587400
vt 0.423300 0.723100
vt 0.455800 0.579000
vt 0.408500 0.755700
vt 0.423300 0.564200
vt 0.400000 0.741100
vt 0.435200 0.552300
vt 0.377300 0.768500
vt 0.400000 0.546300
vt 0.372900 0.752200
vt 0.408500 0.531700
vt 0.343800 0.773000
vt 0.372900 0.535100
vt 0.343800 0.756100
vt 0.377300 0.518800
vt 0.310400 0.768500
vt 0.343800 0.531200
vt 0.314700 0.752200
vt 0.343800 0.514300
vt 0.279200 0.755700
vt 0.314700 0.535100
vt 0.287600 0.741100
vt 0.310400 0.518800
vt 0.252400 0.735000
vt 0.287600 0.546300
vt 0.264300 0.723100
vt 0.279200 0.531700
vt 0.231800 0.708300
vt 0.264300 0.564200
vt 0.246400 0.699900
vt 0.252400 0.552300
vt 0.219000 0.677100
vt 0.246400 0.587400
vt 0.235300 0.672700
vt 0.231800 0.579000
vt 0.214500 0.643700
vt 0.235300 0.614600
vt 0.231400 0.643700
vt 0.219000 0.610200
vt 0.456300 0.643700
vt 0.343800 0.643700
vt 0.452400 0.672700
vt 0.452400 0.614600
vt 0.441200 0.699900
vt 0.441200 0.587400
vt 0.423300 0.723100
vt 0.423300 0.564200
vt 0.400000 0.741100
vt 0.400000 0.546300
vt 0.372900 0.752200
vt 0.372900 0.535100
vt 0.343800 0.756100
vt 0.343800 0.531200
vt 0.314700 0.752200
vt 0.314700 0.535100
vt 0.287600 0.741100
vt 0.287600 0.546300
vt 0.264300 0.723100
vt 0.264300 0.564200
vt 0.246400 0.587400
vt 0.246400 0.699900
vt 0.235300 0.614600
vt 0.235300 0.672700
vt 0.231400 0.643700
vt 0.653900 0.643700
vt 0.643100 0.723900
vt 0.663600 0.729300
vt 0.675100 0.643700
vt 0.630700 0.809300
vt 0.643100 0.563500
vt 0.612300 0.798700
vt 0.663600 0.558000
vt 0.577900 0.877800
vt 0.612300 0.488600
vt 0.562900 0.862800
vt 0.630700 0.478000
vt 0.509500 0.930600
vt 0.562900 0.424500
vt 0.498800 0.912200
vt 0.577900 0.409500
vt 0.429500 0.963500
vt 0.498900 0.375100
vt 0.424000 0.943000
vt 0.509500 0.356800
vt 0.343800 0.974900
vt 0.424000 0.344300
vt 0.343800 0.953700
vt 0.429500 0.323900
vt 0.258100 0.963500
vt 0.343800 0.333600
vt 0.263600 0.943000
vt 0.343800 0.312400
vt 0.178200 0.930600
vt 0.263600 0.344300
vt 0.188800 0.912200
vt 0.258100 0.323900
vt 0.109700 0.877800
vt 0.188800 0.375100
vt 0.124700 0.862800
vt 0.178200 0.356800
vt 0.056900 0.809300
vt 0.124700 0.424500
vt 0.075300 0.798700
vt 0.109700 0.409500
vt 0.024000 0.729300
vt 0.075300 0.488600
vt 0.044500 0.723900
vt 0.056900 0.478000
vt 0.012500 0.643700
vt 0.044500 0.563500
vt 0.033700 0.643700
vt 0.024000 0.558000
vt 0.495600 0.731300
vt 0.513100 0.689000
vt 0.498400 0.685100
vt 0.519100 0.643700
vt 0.526800 0.692700
vt 0.533400 0.643700
vt 0.552700 0.643700
vt 0.508000 0.738400
vt 0.545400 0.697700
vt 0.467700 0.767500
vt 0.596000 0.711200
vt 0.477800 0.777600
vt 0.524700 0.748100
vt 0.570000 0.774300
vt 0.491400 0.791200
vt 0.528400 0.828200
vt 0.431500 0.795500
vt 0.556000 0.855900
vt 0.438600 0.807800
vt 0.603900 0.793800
vt 0.612300 0.798700
vt 0.562900 0.862800
vt 0.643100 0.723900
vt 0.493900 0.903700
vt 0.498800 0.912200
vt 0.633700 0.721300
vt 0.653900 0.643700
vt 0.421500 0.933500
vt 0.424000 0.943000
vt 0.474400 0.869900
vt 0.343800 0.943900
vt 0.343800 0.953700
vt 0.411400 0.895800
vt 0.448200 0.824500
vt 0.266100 0.933500
vt 0.263600 0.943000
vt 0.343800 0.904800
vt 0.397800 0.845300
vt 0.392800 0.826600
vt 0.389200 0.812900
vt 0.343800 0.819000
vt 0.343800 0.833200
vt 0.343800 0.852500
vt 0.276300 0.895800
vt 0.294800 0.826600
vt 0.193700 0.903700
vt 0.188800 0.912200
vt 0.289800 0.845300
vt 0.213200 0.869900
vt 0.131600 0.855900
vt 0.124700 0.862800
vt 0.083800 0.793800
vt 0.075300 0.798700
vt 0.159200 0.828200
vt 0.239400 0.824500
vt 0.053900 0.721300
vt 0.044500 0.723900
vt 0.117600 0.774300
vt 0.196200 0.791200
vt 0.249000 0.807800
vt 0.209900 0.777600
vt 0.163000 0.748100
vt 0.179700 0.738400
vt 0.091700 0.711200
vt 0.043500 0.643700
vt 0.033700 0.643700
vt 0.053900 0.566000
vt 0.044500 0.563500
vt 0.082600 0.643700
vt 0.142200 0.697700
vt 0.160800 0.692700
vt 0.083800 0.493500
vt 0.075300 0.488600
vt 0.091700 0.576100
vt 0.135000 0.643700
vt 0.131600 0.431500
vt 0.124700 0.424500
vt 0.117600 0.513100
vt 0.142200 0.589600
vt 0.154300 0.643700
vt 0.160800 0.594600
vt 0.163000 0.539200
vt 0.179700 0.548900
vt 0.159200 0.459100
vt 0.193700 0.383600
vt 0.188800 0.375100
vt 0.266100 0.353800
vt 0.263600 0.344300
vt 0.213200 0.417500
vt 0.196200 0.496100
vt 0.209900 0.509700
vt 0.343800 0.343400
vt 0.343800 0.333600
vt 0.276300 0.391500
vt 0.239400 0.462800
vt 0.421500 0.353800
vt 0.424000 0.344300
vt 0.343800 0.382500
vt 0.289800 0.442100
vt 0.249000 0.479500
vt 0.294800 0.460700
vt 0.343800 0.434800
vt 0.343800 0.454100
vt 0.411400 0.391500
vt 0.494000 0.383600
vt 0.498900 0.375100
vt 0.556000 0.431500
vt 0.562900 0.424500
vt 0.474400 0.417500
vt 0.397800 0.442100
vt 0.392800 0.460700
vt 0.603900 0.493500
vt 0.612300 0.488600
vt 0.528400 0.459100
vt 0.448200 0.462800
vt 0.633700 0.566000
vt 0.643100 0.563500
vt 0.570000 0.513100
vt 0.491400 0.496100
vt 0.438600 0.479500
vt 0.477800 0.509700
vt 0.524700 0.539200
vt 0.508000 0.548900
vt 0.596000 0.576100
vt 0.644100 0.643700
vt 0.605000 0.643700
vt 0.545400 0.589600
vt 0.526800 0.594600
vt 0.513100 0.598300
vt 0.495600 0.556000
vt 0.498400 0.602200
vt 0.467700 0.519800
vt 0.431500 0.491800
vt 0.457000 0.530500
vt 0.482500 0.563600
vt 0.455800 0.579000
vt 0.468700 0.610200
vt 0.435200 0.552300
vt 0.473100 0.643700
vt 0.408500 0.531700
vt 0.504000 0.643700
vt 0.468700 0.677100
vt 0.455800 0.708300
vt 0.423900 0.505000
vt 0.482500 0.723700
vt 0.457000 0.756800
vt 0.435200 0.735000
vt 0.408500 0.755700
vt 0.423900 0.782400
vt 0.385200 0.798300
vt 0.377300 0.768500
vt 0.343800 0.773000
vt 0.343800 0.803800
vt 0.302400 0.798300
vt 0.310400 0.768500
vt 0.279200 0.755700
vt 0.298500 0.812900
vt 0.256200 0.795500
vt 0.263700 0.782400
vt 0.230600 0.756800
vt 0.252400 0.735000
vt 0.219900 0.767500
vt 0.231800 0.708300
vt 0.192000 0.731300
vt 0.205100 0.723700
vt 0.189200 0.685100
vt 0.219000 0.677100
vt 0.174600 0.689000
vt 0.214500 0.643700
vt 0.168500 0.643700
vt 0.183700 0.643700
vt 0.189200 0.602200
vt 0.219000 0.610200
vt 0.174600 0.598300
vt 0.231800 0.579000
vt 0.192000 0.556000
vt 0.205100 0.563600
vt 0.230600 0.530500
vt 0.252400 0.552300
vt 0.219900 0.519800
vt 0.279200 0.531700
vt 0.256200 0.491800
vt 0.263700 0.505000
vt 0.302400 0.489000
vt 0.310400 0.518800
vt 0.298500 0.474400
vt 0.343800 0.514300
vt 0.343800 0.468300
vt 0.343800 0.483500
vt 0.385200 0.489000
vt 0.377300 0.518800
vt 0.389200 0.474400
vt 0.456300 0.643700
vt 0.452400 0.672700
vt 0.468700 0.677100
vt 0.473100 0.643700
vt 0.455800 0.708300
vt 0.452400 0.614600
vt 0.441200 0.699900
vt 0.468700 0.610200
vt 0.435200 0.735000
vt 0.441200 0.587400
vt 0.423300 0.723100
vt 0.455800 0.579000
vt 0.408500 0.755700
vt 0.423300 0.564200
vt 0.400000 0.741100
vt 0.435200 0.552300
vt 0.377300 0.768500
vt 0.400000 0.546300
vt 0.372900 0.752200
vt 0.408500 0.531700
vt 0.343800 0.773000
vt 0.372900 0.535100
vt 0.343800 0.756100
vt 0.377300 0.518800
vt 0.310400 0.768500
vt 0.343800 0.531200
vt 0.314700 0.752200
vt 0.343800 0.514300
vt 0.279200 0.755700
vt 0.314700 0.535100
vt 0.287600 0.741100
vt 0.310400 0.518800
vt 0.252400 0.735000
vt 0.287600 0.546300
vt 0.264300 0.723100
vt 0.279200 0.531700
vt 0.231800 0.708300
vt 0.264300 0.564200
vt 0.246400 0.699900
vt 0.252400 0.552300
vt 0.219000 0.677100
vt 0.246400 0.587400
vt 0.235300 0.672700
vt 0.231800 0.579000
vt 0.214500 0.643700
vt 0.235300 0.614600
vt 0.231400 0.643700
vt 0.219000 0.610200
vt 0.456300 0.643700
vt 0.343800 0.643700
vt 0.452400 0.672700
vt 0.452400 0.614600
vt 0.441200 0.699900
vt 0.441200 0.587400
vt 0.423300 0.723100
vt 0.423300 0.564200
vt 0.400000 0.741100
vt 0.400000 0.546300
vt 0.372900 0.752200
vt 0.372900 0.535100
vt 0.343800 0.756100
vt 0.343800 0.531200
vt 0.314700 0.752200
vt 0.314700 0.535100
vt 0.287600 0.741100
vt 0.287600 0.546300
vt 0.264300 0.723100
vt 0.264300 0.564200
vt 0.246400 0.587400
vt 0.246400 0.699900
vt 0.235300 0.614600
vt 0.235300 0.672700
vt 0.231400 0.643700
vt 0.963300 0.005300
vt 0.963300 0.524100
vt 0.987600 0.524100
vt 0.987600 0.005300
vt 0.939100 0.005300
vt 0.939100 0.524100
vt 0.914800 0.005300
vt 0.914800 0.524100
vt 0.890600 0.005300
vt 0.890600 0.524100
vt 0.866300 0.005300
vt 0.866300 0.524100
vt 0.842100 0.005300
vt 0.842100 0.524100
vt 0.817800 0.005300
vt 0.817800 0.524100
vt 0.793600 0.005300
vt 0.793600 0.524100
vt 0.769400 0.005300
vt 0.769400 0.524100
vt 0.745100 0.005300
vt 0.745100 0.524100
vt 0.720900 0.005300
vt 0.720900 0.524100
vt 0.696600 0.005300
vt 0.696600 0.524100
vt 0.963300 0.005300
vt 0.963300 0.524100
vt 0.987600 0.524100
vt 0.987600 0.005300
vt 0.939100 0.005300
vt 0.939100 0.524100
vt 0.914800 0.005300
vt 0.914800 0.524100
vt 0.890600 0.005300
vt 0.890600 0.524100
vt 0.866300 0.005300
vt 0.866300 0.524100
vt 0.842100 0.005300
vt 0.842100 0.524100
vt 0.817800 0.005300
vt 0.817800 0.524100
vt 0.793600 0.005300
vt 0.793600 0.524100
vt 0.769400 0.005300
vt 0.769400 0.524100
vt 0.745100 0.005300
vt 0.745100 0.524100
vt 0.720900 0.005300
vt 0.720900 0.524100
vt 0.696600 0.005300
vt 0.696600 0.524100
vt 0.963300 0.005300
vt 0.963300 0.524100
vt 0.987600 0.524100
vt 0.987600 0.005300
vt 0.939100 0.005300
vt 0.939100 0.524100
vt 0.914800 0.005300
vt 0.914800 0.524100
vt 0.890600 0.005300
vt 0.890600 0.524100
vt 0.866300 0.005300
vt 0.866300 0.524100
vt 0.842100 0.005300
vt 0.842100 0.524100
vt 0.817800 0.005300
vt 0.817800 0.524100
vt 0.793600 0.005300
vt 0.793600 0.524100
vt 0.769400 0.005300
vt 0.769400 0.524100
vt 0.745100 0.005300
vt 0.745100 0.524100
vt 0.720900 0.005300
vt 0.720900 0.524100
vt 0.696600 0.005300
vt 0.696600 0.524100
vt 0.991800 0.012900
vt 0.991800 0.012900
vt 0.991800 0.012900
vt 0.991800 0.012900
vt 0.991800 0.012900
vt 0.991800 0.012900
vt 0.991800 0.012900
vt 0.991800 0.012900
vt 0.991800 0.012900
vt 0.991800 0.012900
vt 0.991800 0.012900
vt 0.991800 0.012900
vt 0.963300 0.641600
vt 0.963300 0.685100
vt 0.987600 0.685100
vt 0.987600 0.641600
vt 0.987600 0.728700
vt 0.963300 0.005300
vt 0.987600 0.005300
vt 0.939100 0.005300
vt 0.939100 0.641600
vt 0.914800 0.005300
vt 0.963300 0.728700
vt 0.987600 0.815800
vt 0.939100 0.685100
vt 0.914800 0.641600
vt 0.890600 0.005300
vt 0.963300 0.815800
vt 0.987600 0.902900
vt 0.939100 0.728700
vt 0.914800 0.685100
vt 0.890600 0.641600
vt 0.866300 0.005300
vt 0.963300 0.902900
vt 0.987600 0.990000
vt 0.963300 0.990000
vt 0.939100 0.902900
vt 0.939100 0.990000
vt 0.914800 0.990000
vt 0.939100 0.815800
vt 0.914800 0.902900
vt 0.890600 0.990000
vt 0.914800 0.728700
vt 0.914800 0.815800
vt 0.890600 0.902900
vt 0.866300 0.902900
vt 0.866300 0.990000
vt 0.890600 0.815800
vt 0.890600 0.728700
vt 0.890600 0.685100
vt 0.842100 0.902900
vt 0.842100 0.990000
vt 0.866300 0.641600
vt 0.842100 0.005300
vt 0.866300 0.685100
vt 0.842100 0.641600
vt 0.817800 0.005300
vt 0.866300 0.728700
vt 0.842100 0.685100
vt 0.817800 0.641600
vt 0.793600 0.005300
vt 0.866300 0.815800
vt 0.842100 0.728700
vt 0.817800 0.685100
vt 0.793600 0.641600
vt 0.769400 0.005300
vt 0.842100 0.815800
vt 0.817800 0.728700
vt 0.793600 0.685100
vt 0.769400 0.641600
vt 0.745100 0.005300
vt 0.817800 0.815800
vt 0.817800 0.902900
vt 0.817800 0.990000
vt 0.745100 0.641600
vt 0.720900 0.005300
vt 0.769400 0.685100
vt 0.720900 0.641600
vt 0.696600 0.005300
vt 0.696600 0.641600
vt 0.793600 0.728700
vt 0.745100 0.685100
vt 0.769400 0.728700
vt 0.793600 0.815800
vt 0.720900 0.685100
vt 0.696600 0.685100
vt 0.745100 0.728700
vt 0.720900 0.728700
vt 0.696600 0.728700
vt 0.769400 0.815800
vt 0.745100 0.815800
vt 0.720900 0.815800
vt 0.696600 0.815800
vt 0.793600 0.902900
vt 0.793600 0.990000
vt 0.769400 0.902900
vt 0.769400 0.990000
vt 0.745100 0.902900
vt 0.745100 0.990000
vt 0.720900 0.902900
vt 0.720900 0.990000
vt 0.696600 0.902900
vt 0.696600 0.990000
vt 0.653900 0.643700
vt 0.643100 0.723900
vt 0.663600 0.729300
vt 0.675100 0.643700
vt 0.630700 0.809300
vt 0.643100 0.563500
vt 0.612300 0.798700
vt 0.663600 0.558000
vt 0.577900 0.877800
vt 0.612300 0.488600
vt 0.562900 0.862800
vt 0.630700 0.478000
vt 0.509500 0.930600
vt 0.562900 0.424500
vt 0.498800 0.912200
vt 0.577900 0.409500
vt 0.429500 0.963500
vt 0.498900 0.375100
vt 0.424000 0.943000
vt 0.509500 0.356800
vt 0.343800 0.974900
vt 0.424000 0.344300
vt 0.343800 0.953700
vt 0.429500 0.323900
vt 0.258100 0.963500
vt 0.343800 0.333600
vt 0.263600 0.943000
vt 0.343800 0.312400
vt 0.178200 0.930600
vt 0.263600 0.344300
vt 0.188800 0.912200
vt 0.258100 0.323900
vt 0.109700 0.877800
vt 0.188800 0.375100
vt 0.124700 0.862800
vt 0.178200 0.356800
vt 0.056900 0.809300
vt 0.124700 0.424500
vt 0.075300 0.798700
vt 0.109700 0.409500
vt 0.024000 0.729300
vt 0.075300 0.488600
vt 0.044500 0.723900
vt 0.056900 0.478000
vt 0.012500 0.643700
vt 0.044500 0.563500
vt 0.033700 0.643700
vt 0.024000 0.558000
vt 0.495600 0.731300
vt 0.513100 0.689000
vt 0.498400 0.685100
vt 0.519100 0.643700
vt 0.526800 0.692700
vt 0.533400 0.643700
vt 0.552700 0.643700
vt 0.508000 0.738400
vt 0.545400 0.697700
vt 0.467700 0.767500
vt 0.596000 0.711200
vt 0.477800 0.777600
vt 0.524700 0.748100
vt 0.570000 0.774300
vt 0.491400 0.791200
vt 0.528400 0.828200
vt 0.431500 0.795500
vt 0.556000 0.855900
vt 0.438600 0.807800
vt 0.603900 0.793800
vt 0.612300 0.798700
vt 0.562900 0.862800
vt 0.643100 0.723900
vt 0.493900 0.903700
vt 0.498800 0.912200
vt 0.633700 0.721300
vt 0.653900 0.643700
vt 0.421500 0.933500
vt 0.424000 0.943000
vt 0.474400 0.869900
vt 0.343800 0.943900
vt 0.343800 0.953700
vt 0.411400 0.895800
vt 0.448200 0.824500
vt 0.266100 0.933500
vt 0.263600 0.943000
vt 0.343800 0.904800
vt 0.397800 0.845300
vt 0.392800 0.826600
vt 0.389200 0.812900
vt 0.343800 0.819000
vt 0.343800 0.833200
vt 0.343800 0.852500
vt 0.276300 0.895800
vt 0.294800 0.826600
vt 0.193700 0.903700
vt 0.188800 0.912200
vt 0.289800 0.845300
vt 0.213200 0.869900
vt 0.131600 0.855900
vt 0.124700 0.862800
vt 0.083800 0.793800
vt 0.075300 0.798700
vt 0.159200 0.828200
vt 0.239400 0.824500
vt 0.053900 0.721300
vt 0.044500 0.723900
vt 0.117600 0.774300
vt 0.196200 0.791200
vt 0.249000 0.807800
vt 0.209900 0.777600
vt 0.163000 0.748100
vt 0.179700 0.738400
vt 0.091700 0.711200
vt 0.043500 0.643700
vt 0.033700 0.643700
vt 0.053900 0.566000
vt 0.044500 0.563500
vt 0.082600 0.643700
vt 0.142200 0.697700
vt 0.160800 0.692700
vt 0.083800 0.493500
vt 0.075300 0.488600
vt 0.091700 0.576100
vt 0.135000 0.643700
vt 0.131600 0.431500
vt 0.124700 0.424500
vt 0.117600 0.513100
vt 0.142200 0.589600
vt 0.154300 0.643700
vt 0.160800 0.594600
vt 0.163000 0.539200
vt 0.179700 0.548900
vt 0.159200 0.459100
vt 0.193700 0.383600
vt 0.188800 0.375100
vt 0.266100 0.353800
vt 0.263600 0.344300
vt 0.213200 0.417500
vt 0.196200 0.496100
vt 0.209900 0.509700
vt 0.343800 0.343400
vt 0.343800 0.333600
vt 0.276300 0.391500
vt 0.239400 0.462800
vt 0.421500 0.353800
vt 0.424000 0.344300
vt 0.343800 0.382500
vt 0.289800 0.442100
vt 0.249000 0.479500
vt 0.294800 0.460700
vt 0.343800 0.434800
vt 0.343800 0.454100
vt 0.411400 0.391500
vt 0.494000 0.383600
vt 0.498900 0.375100
vt 0.556000 0.431500
vt 0.562900 0.424500
vt 0.474400 0.417500
vt 0.397800 0.442100
vt 0.392800 0.460700
vt 0.603900 0.493500
vt 0.612300 0.488600
vt 0.528400 0.459100
vt 0.448200 0.462800
vt 0.633700 0.566000
vt 0.643100 0.563500
vt 0.570000 0.513100
vt 0.491400 0.496100
vt 0.438600 0.479500
vt 0.477800 0.509700
vt 0.524700 0.539200
vt 0.508000 0.548900
vt 0.596000 0.576100
vt 0.644100 0.643700
vt 0.605000 0.643700
vt 0.545400 0.589600
vt 0.526800 0.594600
vt 0.513100 0.598300
vt 0.495600 0.556000
vt 0.498400 0.602200
vt 0.467700 0.519800
vt 0.431500 0.491800
vt 0.457000 0.530500
vt 0.482500 0.563600
vt 0.455800 0.579000
vt 0.468700 0.610200
vt 0.435200 0.552300
vt 0.473100 0.643700
vt 0.408500 0.531700
vt 0.504000 0.643700
vt 0.468700 0.677100
vt 0.455800 0.708300
vt 0.423900 0.505000
vt 0.482500 0.723700
vt 0.457000 0.756800
vt 0.435200 0.735000
vt 0.408500 0.755700
vt 0.423900 0.782400
vt 0.385200 0.798300
vt 0.377300 0.768500
vt 0.343800 0.773000
vt 0.343800 0.803800
vt 0.302400 0.798300
vt 0.310400 0.768500
vt 0.279200 0.755700
vt 0.298500 0.812900
vt 0.256200 0.795500
vt 0.263700 0.782400
vt 0.230600 0.756800
vt 0.252400 0.735000
vt 0.219900 0.767500
vt 0.231800 0.708300
vt 0.192000 0.731300
vt 0.205100 0.723700
vt 0.189200 0.685100
vt 0.219000 0.677100
vt 0.174600 0.689000
vt 0.214500 0.643700
vt 0.168500 0.643700
vt 0.183700 0.643700
vt 0.189200 0.602200
vt 0.219000 0.610200
vt 0.174600 0.598300
vt 0.231800 0.579000
vt 0.192000 0.556000
vt 0.205100 0.563600
vt 0.230600 0.530500
vt 0.252400 0.552300
vt 0.219900 0.519800
vt 0.279200 0.531700
vt 0.256200 0.491800
vt 0.263700 0.505000
vt 0.302400 0.489000
vt 0.310400 0.518800
vt 0.298500 0.474400
vt 0.343800 0.514300
vt 0.343800 0.468300
vt 0.343800 0.483500
vt 0.385200 0.489000
vt 0.377300 0.518800
vt 0.389200 0.474400
vt 0.456300 0.643700
vt 0.452400 0.672700
vt 0.468700 0.677100
vt 0.473100 0.643700
vt 0.455800 0.708300
vt 0.452400 0.614600
vt 0.441200 0.699900
vt 0.468700 0.610200
vt 0.435200 0.735000
vt 0.441200 0.587400
vt 0.423300 0.723100
vt 0.455800 0.579000
vt 0.408500 0.755700
vt 0.423300 0.564200
vt 0.400000 0.741100
vt 0.435200 0.552300
vt 0.377300 0.768500
vt 0.400000 0.546300
vt 0.372900 0.752200
vt 0.408500 0.531700
vt 0.343800 0.773000
vt 0.372900 0.535100
vt 0.343800 0.756100
vt 0.377300 0.518800
vt 0.310400 0.768500
vt 0.343800 0.531200
vt 0.314700 0.752200
vt 0.343800 0.514300
vt 0.279200 0.755700
vt 0.314700 0.535100
vt 0.287600 0.741100
vt 0.310400 0.518800
vt 0.252400 0.735000
vt 0.287600 0.546300
vt 0.264300 0.723100
vt 0.279200 0.531700
vt 0.231800 0.708300
vt 0.264300 0.564200
vt 0.246400 0.699900
vt 0.252400 0.552300
vt 0.219000 0.677100
vt 0.246400 0.587400
vt 0.235300 0.672700
vt 0.231800 0.579000
vt 0.214500 0.643700
vt 0.235300 0.614600
vt 0.231400 0.643700
vt 0.219000 0.610200
vt 0.456300 0.643700
vt 0.343800 0.643700
vt 0.452400 0.672700
vt 0.452400 0.614600
vt 0.441200 0.699900
vt 0.441200 0.587400
vt 0.423300 0.723100
vt 0.423300 0.564200
vt 0.400000 0.741100
vt 0.400000 0.546300
vt 0.372900 0.752200
vt 0.372900 0.535100
vt 0.343800 0.756100
vt 0.343800 0.531200
vt 0.314700 0.752200
vt 0.314700 0.535100
vt 0.287600 0.741100
vt 0.287600 0.546300
vt 0.264300 0.723100
vt 0.264300 0.564200
vt 0.246400 0.587400
vt 0.246400 0.699900
vt 0.235300 0.614600
vt 0.235300 0.672700
vt 0.231400 0.643700
vt 0.963300 0.005300
vt 0.963300 0.524100
vt 0.987600 0.524100
vt 0.987600 0.005300
vt 0.939100 0.005300
vt 0.939100 0.524100
vt 0.914800 0.005300
vt 0.914800 0.524100
vt 0.890600 0.005300
vt 0.890600 0.524100
vt 0.866300 0.005300
vt 0.866300 0.524100
vt 0.842100 0.005300
vt 0.842100 0.524100
vt 0.817800 0.005300
vt 0.817800 0.524100
vt 0.793600 0.005300
vt 0.793600 0.524100
vt 0.769400 0.005300
vt 0.769400 0.524100
vt 0.745100 0.005300
vt 0.745100 0.524100
vt 0.720900 0.005300
vt 0.720900 0.524100
vt 0.696600 0.005300
vt 0.696600 0.524100
vt 0.963300 0.005300
vt 0.963300 0.524100
vt 0.987600 0.524100
vt 0.987600 0.005300
vt 0.939100 0.005300
vt 0.939100 0.524100
vt 0.914800 0.005300
vt 0.914800 0.524100
vt 0.890600 0.005300
vt 0.890600 0.524100
vt 0.866300 0.005300
vt 0.866300 0.524100
vt 0.842100 0.005300
vt 0.842100 0.524100
vt 0.817800 0.005300
vt 0.817800 0.524100
vt 0.793600 0.005300
vt 0.793600 0.524100
vt 0.769400 0.005300
vt 0.769400 0.524100
vt 0.745100 0.005300
vt 0.745100 0.524100
vt 0.720900 0.005300
vt 0.720900 0.524100
vt 0.696600 0.005300
vt 0.696600 0.524100
vt 0.963300 0.005300
vt 0.963300 0.524100
vt 0.987600 0.524100
vt 0.987600 0.005300
vt 0.939100 0.005300
vt 0.939100 0.524100
vt 0.914800 0.005300
vt 0.914800 0.524100
vt 0.890600 0.005300
vt 0.890600 0.524100
vt 0.866300 0.005300
vt 0.866300 0.524100
vt 0.842100 0.005300
vt 0.842100 0.524100
vt 0.817800 0.005300
vt 0.817800 0.524100
vt 0.793600 0.005300
vt 0.793600 0.524100
vt 0.769400 0.005300
vt 0.769400 0.524100
vt 0.745100 0.005300
vt 0.745100 0.524100
vt 0.720900 0.005300
vt 0.720900 0.524100
vt 0.696600 0.005300
vt 0.696600 0.524100
vt 0.991800 0.012900
vt 0.991800 0.012900
vt 0.991800 0.012900
vt 0.991800 0.012900
vt 0.991800 0.012900
vt 0.991800 0.012900
vt 0.991800 0.012900
vt 0.991800 0.012900
vt 0.991800 0.012900
vt 0.991800 0.012900
vt 0.991800 0.012900
vt 0.991800 0.012900
vt 0.963300 0.641600
vt 0.963300 0.685100
vt 0.987600 0.685100
vt 0.987600 0.641600
vt 0.987600 0.728700
vt 0.963300 0.005300
vt 0.987600 0.005300
vt 0.939100 0.005300
vt 0.939100 0.641600
vt 0.914800 0.005300
vt 0.963300 0.728700
vt 0.987600 0.815800
vt 0.939100 0.685100
vt 0.914800 0.641600
vt 0.890600 0.005300
vt 0.963300 0.815800
vt 0.987600 0.902900
vt 0.939100 0.728700
vt 0.914800 0.685100
vt 0.890600 0.641600
vt 0.866300 0.005300
vt 0.963300 0.902900
vt 0.987600 0.990000
vt 0.963300 0.990000
vt 0.939100 0.902900
vt 0.939100 0.990000
vt 0.914800 0.990000
vt 0.939100 0.815800
vt 0.914800 0.902900
vt 0.890600 0.990000
vt 0.914800 0.728700
vt 0.914800 0.815800
vt 0.890600 0.902900
vt 0.866300 0.902900
vt 0.866300 0.990000
vt 0.890600 0.815800
vt 0.890600 0.728700
vt 0.890600 0.685100
vt 0.842100 0.902900
vt 0.842100 0.990000
vt 0.866300 0.641600
vt 0.842100 0.005300
vt 0.866300 0.685100
vt 0.842100 0.641600
vt 0.817800 0.005300
vt 0.866300 0.728700
vt 0.842100 0.685100
vt 0.817800 0.641600
vt 0.793600 0.005300
vt 0.866300 0.815800
vt 0.842100 0.728700
vt 0.817800 0.685100
vt 0.793600 0.641600
vt 0.769400 0.005300
vt 0.842100 0.815800
vt 0.817800 0.728700
vt 0.793600 0.685100
vt 0.769400 0.641600
vt 0.745100 0.005300
vt 0.817800 0.815800
vt 0.817800 0.902900
vt 0.817800 0.990000
vt 0.745100 0.641600
vt 0.720900 0.005300
vt 0.769400 0.685100
vt 0.720900 0.641600
vt 0.696600 0.005300
vt 0.696600 0.641600
vt 0.793600 0.728700
vt 0.745100 0.685100
vt 0.769400 0.728700
vt 0.793600 0.815800
vt 0.720900 0.685100
vt 0.696600 0.685100
vt 0.745100 0.728700
vt 0.720900 0.728700
vt 0.696600 0.728700
vt 0.769400 0.815800
vt 0.745100 0.815800
vt 0.720900 0.815800
vt 0.696600 0.815800
vt 0.793600 0.902900
vt 0.793600 0.990000
vt 0.769400 0.902900
vt 0.769400 0.990000
vt 0.745100 0.902900
vt 0.745100 0.990000
vt 0.720900 0.902900
vt 0.720900 0.990000
vt 0.696600 0.902900
vt 0.696600 0.990000
vt 0.653900 0.643700
vt 0.643100 0.723900
vt 0.663600 0.729300
vt 0.675100 0.643700
vt 0.630700 0.809300
vt 0.643100 0.563500
vt 0.612300 0.798700
vt 0.663600 0.558000
vt 0.577900 0.877800
vt 0.612300 0.488600
vt 0.562900 0.862800
vt 0.630700 0.478000
vt 0.509500 0.930600
vt 0.562900 0.424500
vt 0.498800 0.912200
vt 0.577900 0.409500
vt 0.429500 0.963500
vt 0.498900 0.375100
vt 0.424000 0.943000
vt 0.509500 0.356800
vt 0.343800 0.974900
vt 0.424000 0.344300
vt 0.343800 0.953700
vt 0.429500 0.323900
vt 0.258100 0.963500
vt 0.343800 0.333600
vt 0.263600 0.943000
vt 0.343800 0.312400
vt 0.178200 0.930600
vt 0.263600 0.344300
vt 0.188800 0.912200
vt 0.258100 0.323900
vt 0.109700 0.877800
vt 0.188800 0.375100
vt 0.124700 0.862800
vt 0.178200 0.356800
vt 0.056900 0.809300
vt 0.124700 0.424500
vt 0.075300 0.798700
vt 0.109700 0.409500
vt 0.024000 0.729300
vt 0.075300 0.488600
vt 0.044500 0.723900
vt 0.056900 0.478000
vt 0.012500 0.643700
vt 0.044500 0.563500
vt 0.033700 0.643700
vt 0.024000 0.558000
vt 0.495600 0.731300
vt 0.513100 0.689000
vt 0.498400 0.685100
vt 0.519100 0.643700
vt 0.526800 0.692700
vt 0.533400 0.643700
vt 0.552700 0.643700
vt 0.508000 0.738400
vt 0.545400 0.697700
vt 0.467700 0.767500
vt 0.596000 0.711200
vt 0.477800 0.777600
vt 0.524700 0.748100
vt 0.570000 0.774300
vt 0.491400 0.791200
vt 0.528400 0.828200
vt 0.431500 0.795500
vt 0.556000 0.855900
vt 0.438600 0.807800
vt 0.603900 0.793800
vt 0.612300 0.798700
vt 0.562900 0.862800
vt 0.643100 0.723900
vt 0.493900 0.903700
vt 0.498800 0.912200
vt 0.633700 0.721300
vt 0.653900 0.643700
vt 0.421500 0.933500
vt 0.424000 0.943000
vt 0.474400 0.869900
vt 0.343800 0.943900
vt 0.343800 0.953700
vt 0.411400 0.895800
vt 0.448200 0.824500
vt 0.266100 0.933500
vt 0.263600 0.943000
vt 0.343800 0.904800
vt 0.397800 0.845300
vt 0.392800 0.826600
vt 0.389200 0.812900
vt 0.343800 0.819000
vt 0.343800 0.833200
vt 0.343800 0.852500
vt 0.276300 0.895800
vt 0.294800 0.826600
vt 0.193700 0.903700
vt 0.188800 0.912200
vt 0.289800 0.845300
vt 0.213200 0.869900
vt 0.131600 0.855900
vt 0.124700 0.862800
vt 0.083800 0.793800
vt 0.075300 0.798700
vt 0.159200 0.828200
vt 0.239400 0.824500
vt 0.053900 0.721300
vt 0.044500 0.723900
vt 0.117600 0.774300
vt 0.196200 0.791200
vt 0.249000 0.807800
vt 0.209900 0.777600
vt 0.163000 0.748100
vt 0.179700 0.738400
vt 0.091700 0.711200
vt 0.043500 0.643700
vt 0.033700 0.643700
vt 0.053900 0.566000
vt 0.044500 0.563500
vt 0.082600 0.643700
vt 0.142200 0.697700
vt 0.160800 0.692700
vt 0.083800 0.493500
vt 0.075300 0.488600
vt 0.091700 0.576100
vt 0.135000 0.643700
vt 0.131600 0.431500
vt 0.124700 0.424500
vt 0.117600 0.513100
vt 0.142200 0.589600
vt 0.154300 0.643700
vt 0.160800 0.594600
vt 0.163000 0.539200
vt 0.179700 0.548900
vt 0.159200 0.459100
vt 0.193700 0.383600
vt 0.188800 0.375100
vt 0.266100 0.353800
vt 0.263600 0.344300
vt 0.213200 0.417500
vt 0.196200 0.496100
vt 0.209900 0.509700
vt 0.343800 0.343400
vt 0.343800 0.333600
vt 0.276300 0.391500
vt 0.239400 0.462800
vt 0.421500 0.353800
vt 0.424000 0.344300
vt 0.343800 0.382500
vt 0.289800 0.442100
vt 0.249000 0.479500
vt 0.294800 0.460700
vt 0.343800 0.434800
vt 0.343800 0.454100
vt 0.411400 0.391500
vt 0.494000 0.383600
vt 0.498900 0.375100
vt 0.556000 0.431500
vt 0.562900 0.424500
vt 0.474400 0.417500
vt 0.397800 0.442100
vt 0.392800 0.460700
vt 0.603900 0.493500
vt 0.612300 0.488600
vt 0.528400 0.459100
vt 0.448200 0.462800
vt 0.633700 0.566000
vt 0.643100 0.563500
vt 0.570000 0.513100
vt 0.491400 0.496100
vt 0.438600 0.479500
vt 0.477800 0.509700
vt 0.524700 0.539200
vt 0.508000 0.548900
vt 0.596000 0.576100
vt 0.644100 0.643700
vt 0.605000 0.643700
vt 0.545400 0.589600
vt 0.526800 0.594600
vt 0.513100 0.598300
vt 0.495600 0.556000
vt 0.498400 0.602200
vt 0.467700 0.519800
vt 0.431500 0.491800
vt 0.457000 0.530500
vt 0.482500 0.563600
vt 0.455800 0.579000
vt 0.468700 0.610200
vt 0.435200 0.552300
vt 0.473100 0.643700
vt 0.408500 0.531700
vt 0.504000 0.643700
vt 0.468700 0.677100
vt 0.455800 0.708300
vt 0.423900 0.505000
vt 0.482500 0.723700
vt 0.457000 0.756800
vt 0.435200 0.735000
vt 0.408500 0.755700
vt 0.423900 0.782400
vt 0.385200 0.798300
vt 0.377300 0.768500
vt 0.343800 0.773000
vt 0.343800 0.803800
vt 0.302400 0.798300
vt 0.310400 0.768500
vt 0.279200 0.755700
vt 0.298500 0.812900
vt 0.256200 0.795500
vt 0.263700 0.782400
vt 0.230600 0.756800
vt 0.252400 0.735000
vt 0.219900 0.767500
vt 0.231800 0.708300
vt 0.192000 0.731300
vt 0.205100 0.723700
vt 0.189200 0.685100
vt 0.219000 0.677100
vt 0.174600 0.689000
vt 0.214500 0.643700
vt 0.168500 0.643700
vt 0.183700 0.643700
vt 0.189200 0.602200
vt 0.219000 0.610200
vt 0.174600 0.598300
vt 0.231800 0.579000
vt 0.192000 0.556000
vt 0.205100 0.563600
vt 0.230600 0.530500
vt 0.252400 0.552300
vt 0.219900 0.519800
vt 0.279200 0.531700
vt 0.256200 0.491800
vt 0.263700 0.505000
vt 0.302400 0.489000
vt 0.310400 0.518800
vt 0.298500 0.474400
vt 0.343800 0.514300
vt 0.343800 0.468300
vt 0.343800 0.483500
vt 0.385200 0.489000
vt 0.377300 0.518800
vt 0.389200 0.474400
vt 0.456300 0.643700
vt 0.452400 0.672700
vt 0.468700 0.677100
vt 0.473100 0.643700
vt 0.455800 0.708300
vt 0.452400 0.614600
vt 0.441200 0.699900
vt 0.468700 0.610200
vt 0.435200 0.735000
vt 0.441200 0.587400
vt 0.423300 0.723100
vt 0.455800 0.579000
vt 0.408500 0.755700
vt 0.423300 0.564200
vt 0.400000 0.741100
vt 0.435200 0.552300
vt 0.377300 0.768500
vt 0.400000 0.546300
vt 0.372900 0.752200
vt 0.408500 0.531700
vt 0.343800 0.773000
vt 0.372900 0.535100
vt 0.343800 0.756100
vt 0.377300 0.518800
vt 0.310400 0.768500
vt 0.343800 0.531200
vt 0.314700 0.752200
vt 0.343800 0.514300
vt 0.279200 0.755700
vt 0.314700 0.535100
vt 0.287600 0.741100
vt 0.310400 0.518800
vt 0.252400 0.735000
vt 0.287600 0.546300
vt 0.264300 0.723100
vt 0.279200 0.531700
vt 0.231800 0.708300
vt 0.264300 0.564200
vt 0.246400 0.699900
vt 0.252400 0.552300
vt 0.219000 0.677100
vt 0.246400 0.587400
vt 0.235300 0.672700
vt 0.231800 0.579000
vt 0.214500 0.643700
vt 0.235300 0.614600
vt 0.231400 0.643700
vt 0.219000 0.610200
vt 0.456300 0.643700
vt 0.343800 0.643700
vt 0.452400 0.672700
vt 0.452400 0.614600
vt 0.441200 0.699900
vt 0.441200 0.587400
vt 0.423300 0.723100
vt 0.423300 0.564200
vt 0.400000 0.741100
vt 0.400000 0.546300
vt 0.372900 0.752200
vt 0.372900 0.535100
vt 0.343800 0.756100
vt 0.343800 0.531200
vt 0.314700 0.752200
vt 0.314700 0.535100
vt 0.287600 0.741100
vt 0.287600 0.546300
vt 0.264300 0.723100
vt 0.264300 0.564200
vt 0.246400 0.587400
vt 0.246400 0.699900
vt 0.235300 0.614600
vt 0.235300 0.672700
vt 0.231400 0.643700
vt 0.963300 0.005300
vt 0.963300 0.524100
vt 0.987600 0.524100
vt 0.987600 0.005300
vt 0.939100 0.005300
vt 0.939100 0.524100
vt 0.914800 0.005300
vt 0.914800 0.524100
vt 0.890600 0.005300
vt 0.890600 0.524100
vt 0.866300 0.005300
vt 0.866300 0.524100
vt 0.842100 0.005300
vt 0.842100 0.524100
vt 0.817800 0.005300
vt 0.817800 0.524100
vt 0.793600 0.005300
vt 0.793600 0.524100
vt 0.769400 0.005300
vt 0.769400 0.524100
vt 0.745100 0.005300
vt 0.745100 0.524100
vt 0.720900 0.005300
vt 0.720900 0.524100
vt 0.696600 0.005300
vt 0.696600 0.524100
vt 0.963300 0.005300
vt 0.963300 0.524100
vt 0.987600 0.524100
vt 0.987600 0.005300
vt 0.939100 0.005300
vt 0.939100 0.524100
vt 0.914800 0.005300
vt 0.914800 0.524100
vt 0.890600 0.005300
vt 0.890600 0.524100
vt 0.866300 0.005300
vt 0.866300 0.524100
vt 0.842100 0.005300
vt 0.842100 0.524100
vt 0.817800 0.005300
vt 0.817800 0.524100
vt 0.793600 0.005300
vt 0.793600 0.524100
vt 0.769400 0.005300
vt 0.769400 0.524100
vt 0.745100 0.005300
vt 0.745100 0.524100
vt 0.720900 0.005300
vt 0.720900 0.524100
vt 0.696600 0.005300
vt 0.696600 0.524100
vt 0.963300 0.005300
vt 0.963300 0.524100
vt 0.987600 0.524100
vt 0.987600 0.005300
vt 0.939100 0.005300
vt 0.939100 0.524100
vt 0.914800 0.005300
vt 0.914800 0.524100
vt 0.890600 0.005300
vt 0.890600 0.524100
vt 0.866300 0.005300
vt 0.866300 0.524100
vt 0.842100 0.005300
vt 0.842100 0.524100
vt 0.817800 0.005300
vt 0.817800 0.524100
vt 0.793600 0.005300
vt 0.793600 0.524100
vt 0.769400 0.005300
vt 0.769400 0.524100
vt 0.745100 0.005300
vt 0.745100 0.524100
vt 0.720900 0.005300
vt 0.720900 0.524100
vt 0.696600 0.005300
vt 0.696600 0.524100
vt 0.991800 0.012900
vt 0.991800 0.012900
vt 0.991800 0.012900
vt 0.991800 0.012900
vt 0.991800 0.012900
vt 0.991800 0.012900
vt 0.991800 0.012900
vt 0.991800 0.012900
vt 0.991800 0.012900
vt 0.991800 0.012900
vt 0.991800 0.012900
vt 0.991800 0.012900
vt 0.963300 0.641600
vt 0.963300 0.685100
vt 0.987600 0.685100
vt 0.987600 0.641600
vt 0.987600 0.728700
vt 0.963300 0.005300
vt 0.987600 0.005300
vt 0.939100 0.005300
vt 0.939100 0.641600
vt 0.914800 0.005300
vt 0.963300 0.728700
vt 0.987600 0.815800
vt 0.939100 0.685100
vt 0.914800 0.641600
vt 0.890600 0.005300
vt 0.963300 0.815800
vt 0.987600 0.902900
vt 0.939100 0.728700
vt 0.914800 0.685100
vt 0.890600 0.641600
vt 0.866300 0.005300
vt 0.963300 0.902900
vt 0.987600 0.990000
vt 0.963300 0.990000
vt 0.939100 0.902900
vt 0.939100 0.990000
vt 0.914800 0.990000
vt 0.939100 0.815800
vt 0.914800 0.902900
vt 0.890600 0.990000
vt 0.914800 0.728700
vt 0.914800 0.815800
vt 0.890600 0.902900
vt 0.866300 0.902900
vt 0.866300 0.990000
vt 0.890600 0.815800
vt 0.890600 0.728700
vt 0.890600 0.685100
vt 0.842100 0.902900
vt 0.842100 0.990000
vt 0.866300 0.641600
vt 0.842100 0.005300
vt 0.866300 0.685100
vt 0.842100 0.641600
vt 0.817800 0.005300
vt 0.866300 0.728700
vt 0.842100 0.685100
vt 0.817800 0.641600
vt 0.793600 0.005300
vt 0.866300 0.815800
vt 0.842100 0.728700
vt 0.817800 0.685100
vt 0.793600 0.641600
vt 0.769400 0.005300
vt 0.842100 0.815800
vt 0.817800 0.728700
vt 0.793600 0.685100
vt 0.769400 0.641600
vt 0.745100 0.005300
vt 0.817800 0.815800
vt 0.817800 0.902900
vt 0.817800 0.990000
vt 0.745100 0.641600
vt 0.720900 0.005300
vt 0.769400 0.685100
vt 0.720900 0.641600
vt 0.696600 0.005300
vt 0.696600 0.641600
vt 0.793600 0.728700
vt 0.745100 0.685100
vt 0.769400 0.728700
vt 0.793600 0.815800
vt 0.720900 0.685100
vt 0.696600 0.685100
vt 0.745100 0.728700
vt 0.720900 0.728700
vt 0.696600 0.728700
vt 0.769400 0.815800
vt 0.745100 0.815800
vt 0.720900 0.815800
vt 0.696600 0.815800
vt 0.793600 0.902900
vt 0.793600 0.990000
vt 0.769400 0.902900
vt 0.769400 0.990000
vt 0.745100 0.902900
vt 0.745100 0.990000
vt 0.720900 0.902900
vt 0.720900 0.990000
vt 0.696600 0.902900
vt 0.696600 0.990000
vn 0.000000 -0.258808 -0.965929
vn -0.500012 -0.224105 -0.836520
vn -0.500012 -0.224105 -0.836520
vn 0.000000 -0.258808 -0.965929
vn -0.866005 -0.129401 -0.483003
vn -0.866005 -0.129401 -0.483003
vn -1.000000 -0.000000 -0.000000
vn -1.000000 0.000000 -0.000000
vn -0.866005 0.129401 0.483003
vn -0.866005 0.129401 0.483003
vn -0.500012 0.224105 0.836520
vn -0.500012 0.224105 0.836520
vn 0.000000 0.258808 0.965929
vn 0.000000 0.258808 0.965929
vn 0.500012 0.224105 0.836520
vn 0.500012 0.224105 0.836520
vn 0.866005 0.129401 0.483003
vn 0.866005 0.129401 0.483003
vn 1.000000 -0.000000 -0.000000
vn 1.000000 -0.000000 -0.000000
vn 0.866005 -0.129401 -0.483003
vn 0.866005 -0.129401 -0.483003
vn 0.500012 -0.224105 -0.836520
vn 0.500012 -0.224105 -0.836520
vn 0.000000 -0.258808 -0.965929
vn 0.000000 -0.258808 -0.965929
vn 0.000000 -0.258808 -0.965929
vn -0.500012 -0.224105 -0.836520
vn -0.500012 -0.224105 -0.836520
vn 0.000000 -0.258808 -0.965929
vn -0.866005 -0.129401 -0.483003
vn -0.866005 -0.129401 -0.483003
vn -1.000000 0.000000 -0.000000
vn -1.000000 -0.000000 -0.000000
vn -0.866005 0.129401 0.483003
vn -0.866005 0.129401 0.483003
vn -0.500012 0.224105 0.836520
vn -0.500012 0.224105 0.836520
vn 0.000000 0.258808 0.965929
vn 0.000000 0.258808 0.965929
vn 0.500012 0.224105 0.836520
vn 0.500012 0.224105 0.836520
vn 0.866005 0.129401 0.483003
vn 0.866005 0.129401 0.483003
vn 1.000000 -0.000000 -0.000000
vn 1.000000 -0.000000 -0.000000
vn 0.866005 -0.129401 -0.483003
vn 0.866005 -0.129401 -0.483003
vn 0.500012 -0.224105 -0.836520
vn 0.500012 -0.224105 -0.836520
vn 0.000000 -0.258808 -0.965929
vn 0.000000 -0.258808 -0.965929
vn 0.000000 -0.258808 -0.965929
vn -0.500012 -0.224105 -0.836520
vn -0.500012 -0.224105 -0.836520
vn 0.000000 -0.258808 -0.965929
vn -0.866005 -0.129401 -0.483003
vn -0.866005 -0.129401 -0.483003
vn -1.000000 -0.000000 -0.000000
vn -1.000000 -0.000000 0.000000
vn -0.866005 0.129401 0.483003
vn -0.866005 0.129401 0.483003
vn -0.500012 0.224105 0.836520
vn -0.500012 0.224105 0.836520
vn 0.000000 0.258808 0.965929
vn 0.000000 0.258808 0.965929
vn 0.500012 0.224105 0.836520
vn 0.500012 0.224105 0.836520
vn 0.866005 0.129401 0.483003
vn 0.866005 0.129401 0.483003
vn 1.000000 -0.000000 -0.000000
vn 1.000000 -0.000000 0.000000
vn 0.866005 -0.129401 -0.483003
vn 0.866005 -0.129401 -0.483003
vn 0.500012 -0.224105 -0.836520
vn 0.500012 -0.224105 -0.836520
vn 0.000000 -0.258808 -0.965929
vn 0.000000 -0.258808 -0.965929
vn -0.000000 -0.965929 0.258808
vn -0.000000 -0.965929 0.258808
vn 0.000000 -0.965929 0.258808
vn 0.000000 -0.965929 0.258808
vn 0.000000 -0.965929 0.258808
vn -0.000000 -0.965929 0.258808
vn -0.000100 -0.965929 0.258808
vn 0.000000 -0.965929 0.258808
vn 0.000100 -0.965929 0.258808
vn -0.000000 -0.965929 0.258808
vn -0.000000 -0.965929 0.258808
vn 0.000000 -0.965929 0.258808
vn 0.000000 -0.146599 -0.989196
vn -0.496722 -0.112105 -0.860639
vn -0.496103 -0.102401 -0.862204
vn 0.000000 -0.205204 -0.978719
vn 0.000000 -0.136800 -0.990599
vn -0.500012 -0.224105 -0.836520
vn 0.000000 -0.258808 -0.965929
vn -0.866005 -0.129401 -0.483003
vn -0.859301 -0.008400 -0.511401
vn -1.000000 -0.000000 0.000000
vn -0.499211 -0.170604 -0.849519
vn 0.000000 -0.229597 -0.973286
vn -0.860331 -0.018001 -0.509418
vn -0.992256 0.119995 -0.032099
vn -0.866005 0.129401 0.483003
vn -0.500570 -0.196288 -0.843149
vn 0.000000 -0.441284 -0.897367
vn -0.864703 -0.076000 -0.496501
vn -0.490017 -0.409714 -0.769427
vn 0.000000 -0.567420 -0.823429
vn -0.469194 -0.537093 -0.700991
vn -0.847679 -0.323592 -0.420390
vn -0.811756 -0.454332 -0.366926
vn -0.935714 -0.341605 0.088001
vn -0.866537 -0.105104 -0.487921
vn -0.976955 -0.206291 0.054797
vn -0.808895 -0.229299 0.541397
vn -0.998482 0.053199 -0.014300
vn -0.999810 0.019200 -0.003300
vn -0.844393 -0.089499 0.528196
vn -0.486801 -0.004200 0.873503
vn -0.466410 -0.147303 0.872218
vn -0.865194 0.143399 0.480496
vn -0.864700 0.182400 0.468000
vn -0.499215 0.234207 0.834225
vn 0.000000 0.027001 0.999635
vn 0.000000 -0.117300 0.993097
vn 0.000000 0.267396 0.963587
vn -0.499207 0.277004 0.821012
vn 0.000000 0.311604 0.950212
vn 0.486801 -0.004200 0.873503
vn 0.466410 -0.147303 0.872218
vn 0.499215 0.234207 0.834225
vn 0.499207 0.277004 0.821012
vn 0.844393 -0.089499 0.528196
vn 0.808895 -0.229299 0.541397
vn 0.865194 0.143399 0.480496
vn 0.864700 0.182400 0.468000
vn 0.976955 -0.206291 0.054797
vn 0.935714 -0.341605 0.088001
vn 0.999810 0.019200 -0.003300
vn 0.998482 0.053199 -0.014300
vn 0.847679 -0.323592 -0.420390
vn 0.811690 -0.454394 -0.366995
vn 0.866537 -0.105104 -0.487921
vn 0.864703 -0.076000 -0.496501
vn 0.490017 -0.409714 -0.769427
vn 0.469194 -0.537093 -0.700991
vn 0.000000 -0.441284 -0.897367
vn 0.000000 -0.567420 -0.823429
vn 0.000000 -0.229597 -0.973286
vn 0.500570 -0.196288 -0.843149
vn 0.000000 -0.205204 -0.978719
vn 0.499211 -0.170604 -0.849519
vn 0.000000 -0.146599 -0.989196
vn 0.496722 -0.112105 -0.860639
vn 0.000000 -0.136800 -0.990599
vn 0.860331 -0.018001 -0.509418
vn 0.496103 -0.102401 -0.862204
vn 0.000000 -0.258808 -0.965929
vn 0.500012 -0.224105 -0.836520
vn 0.859301 -0.008400 -0.511401
vn 0.866005 -0.129401 -0.483003
vn 0.993435 0.110504 -0.029601
vn 0.992252 0.119994 -0.032198
vn 1.000000 -0.000000 0.000000
vn 0.860315 0.239104 0.450208
vn 0.859301 0.248400 0.447101
vn 0.866005 0.129401 0.483003
vn 0.496706 0.333204 0.801410
vn 0.496101 0.342400 0.797901
vn 0.500012 0.224105 0.836520
vn 0.000000 0.367681 0.929952
vn 0.000000 0.376798 0.926295
vn 0.000000 0.258808 0.965929
vn -0.496706 0.333204 0.801410
vn -0.496101 0.342400 0.797901
vn -0.500012 0.224105 0.836520
vn -0.860315 0.239104 0.450208
vn -0.859301 0.248400 0.447101
vn -0.993435 0.110504 -0.029601
vn 0.932205 -0.261902 0.249801
vn 0.932205 -0.261902 0.249801
vn 0.965070 -0.261992 0.000000
vn 0.835795 -0.261998 0.482497
vn 0.965070 -0.261992 -0.000000
vn 0.835795 -0.261998 0.482497
vn 0.932205 -0.261902 -0.249801
vn 0.682423 -0.261909 0.682423
vn 0.932205 -0.261902 -0.249801
vn 0.682423 -0.261909 0.682423
vn 0.835795 -0.261998 -0.482497
vn 0.482497 -0.261998 0.835795
vn 0.835795 -0.261998 -0.482497
vn 0.482497 -0.261998 0.835795
vn 0.682423 -0.261909 -0.682423
vn 0.249801 -0.261902 0.932205
vn 0.682423 -0.261909 -0.682423
vn 0.249801 -0.261902 0.932205
vn 0.482497 -0.261998 -0.835795
vn -0.000000 -0.261992 0.965070
vn 0.482497 -0.261998 -0.835795
vn -0.000000 -0.261992 0.965070
vn 0.249801 -0.261902 -0.932205
vn -0.249801 -0.261902 0.932205
vn 0.249801 -0.261902 -0.932205
vn -0.249801 -0.261902 0.932205
vn 0.000000 -0.261992 -0.965070
vn -0.482497 -0.261998 0.835795
vn 0.000000 -0.261992 -0.965070
vn -0.482497 -0.261998 0.835795
vn -0.249801 -0.261902 -0.932205
vn -0.682423 -0.261909 0.682423
vn -0.249801 -0.261902 -0.932205
vn -0.682423 -0.261909 0.682423
vn -0.482497 -0.261998 -0.835795
vn -0.835795 -0.261998 0.482497
vn -0.482497 -0.261998 -0.835795
vn -0.835795 -0.261998 0.482497
vn -0.682423 -0.261909 -0.682423
vn -0.932205 -0.261902 0.249801
vn -0.682423 -0.261909 -0.682423
vn -0.932205 -0.261902 0.249801
vn -0.835795 -0.261998 -0.482497
vn -0.965070 -0.261992 -0.000000
vn -0.835795 -0.261998 -0.482497
vn -0.965070 -0.261992 -0.000000
vn -0.932205 -0.261902 -0.249801
vn -0.932205 -0.261902 -0.249801
vn 0.687996 -0.701896 0.184399
vn 0.910016 -0.335306 0.243804
vn 0.815889 -0.335395 0.470994
vn 0.942079 -0.335392 -0.000000
vn 0.835574 -0.501685 0.223893
vn 0.864695 -0.502297 -0.000000
vn 0.442287 -0.896874 0.000000
vn 0.835574 -0.501685 -0.223893
vn 0.427989 -0.896477 -0.114697
vn 0.910016 -0.335306 -0.243804
vn 0.314397 -0.949292 -0.000000
vn 0.688009 -0.701909 -0.184302
vn 0.712585 -0.701586 0.000000
vn 0.429607 -0.903016 0.000000
vn 0.415120 -0.902944 0.111205
vn 0.415120 -0.902944 -0.111205
vn 0.372013 -0.903031 0.214807
vn 0.372013 -0.903031 -0.214807
vn 0.617099 -0.701598 0.356299
vn 0.503677 -0.701868 0.503677
vn 0.303909 -0.902928 0.303909
vn 0.214807 -0.903031 0.372013
vn 0.617099 -0.701598 -0.356299
vn 0.356299 -0.701598 0.617099
vn 0.815851 -0.335380 -0.471071
vn 0.503677 -0.701868 -0.503677
vn 0.303909 -0.902928 -0.303909
vn 0.214807 -0.903031 -0.372013
vn 0.356299 -0.701598 -0.617099
vn 0.748841 -0.502328 -0.432324
vn 0.666176 -0.335288 -0.666176
vn 0.470994 -0.335395 -0.815889
vn 0.184302 -0.701909 -0.688009
vn 0.111205 -0.902944 -0.415120
vn 0.000000 -0.903016 -0.429607
vn 0.611683 -0.501686 -0.611683
vn 0.432291 -0.502290 -0.748885
vn -0.000000 -0.701586 -0.712585
vn 0.223893 -0.501685 -0.835574
vn 0.243804 -0.335306 -0.910016
vn 0.000000 -0.335392 -0.942079
vn -0.184302 -0.701909 -0.688009
vn -0.111205 -0.902944 -0.415120
vn -0.214807 -0.903031 -0.372013
vn -0.356299 -0.701598 -0.617099
vn 0.000000 -0.502297 -0.864695
vn -0.470994 -0.335395 -0.815889
vn -0.503677 -0.701868 -0.503677
vn -0.303909 -0.902928 -0.303909
vn -0.372013 -0.903031 -0.214807
vn -0.243804 -0.335306 -0.910016
vn -0.223893 -0.501685 -0.835574
vn -0.432405 -0.502306 -0.748809
vn -0.617099 -0.701598 -0.356299
vn -0.611683 -0.501686 -0.611683
vn -0.666176 -0.335288 -0.666176
vn -0.815889 -0.335395 -0.470994
vn -0.688009 -0.701909 -0.184302
vn -0.415120 -0.902944 -0.111205
vn -0.429607 -0.903016 0.000000
vn -0.712585 -0.701586 0.000000
vn -0.748841 -0.502328 -0.432324
vn -0.942079 -0.335392 0.000000
vn -0.687996 -0.701896 0.184399
vn -0.415120 -0.902944 0.111205
vn -0.372013 -0.903031 0.214807
vn -0.910016 -0.335306 -0.243804
vn -0.835574 -0.501685 -0.223893
vn -0.864695 -0.502297 0.000000
vn -0.617099 -0.701598 0.356299
vn -0.835574 -0.501685 0.223893
vn -0.910016 -0.335306 0.243804
vn -0.815889 -0.335395 0.470994
vn -0.503677 -0.701868 0.503677
vn -0.303909 -0.902928 0.303909
vn -0.214807 -0.903031 0.372013
vn -0.356299 -0.701598 0.617099
vn -0.748841 -0.502328 0.432324
vn -0.470994 -0.335395 0.815889
vn -0.184302 -0.701909 0.688009
vn -0.111205 -0.902944 0.415120
vn 0.000000 -0.903016 0.429607
vn -0.666176 -0.335288 0.666176
vn -0.611683 -0.501686 0.611683
vn -0.432324 -0.502328 0.748841
vn 0.000000 -0.701586 0.712585
vn -0.223893 -0.501685 0.835574
vn -0.243804 -0.335306 0.910016
vn 0.000000 -0.335392 0.942079
vn 0.184302 -0.701909 0.688009
vn 0.111205 -0.902944 0.415120
vn 0.470994 -0.335395 0.815889
vn 0.243804 -0.335306 0.910016
vn 0.666176 -0.335288 0.666176
vn 0.432291 -0.502290 0.748885
vn 0.748885 -0.502290 0.432291
vn 0.611683 -0.501686 0.611683
vn 0.427989 -0.896477 0.114697
vn 0.382999 -0.896898 0.221100
vn 0.313296 -0.896488 0.313296
vn 0.303516 -0.949351 0.081304
vn 0.272296 -0.949286 0.157198
vn 0.222209 -0.949340 0.222209
vn 0.386892 -0.894681 0.223295
vn 0.431606 -0.894612 0.115702
vn 0.315997 -0.894591 0.315997
vn 0.457507 -0.880713 0.122602
vn 0.409894 -0.880887 0.236696
vn 0.473420 -0.880837 -0.000000
vn 0.334909 -0.880723 0.334909
vn 0.446694 -0.894687 -0.000000
vn 0.457507 -0.880713 -0.122602
vn 0.223390 -0.894661 0.386883
vn 0.236696 -0.880887 0.409894
vn 0.157198 -0.949286 0.272296
vn 0.115702 -0.894612 0.431606
vn 0.122602 -0.880713 0.457507
vn 0.221100 -0.896898 0.382999
vn 0.081304 -0.949351 0.303516
vn -0.000000 -0.894687 0.446694
vn -0.000000 -0.880859 0.473378
vn 0.223893 -0.501685 0.835574
vn 0.114697 -0.896477 0.427989
vn -0.000000 -0.502297 0.864695
vn -0.000000 -0.896874 0.442287
vn 0.000000 -0.949292 0.314397
vn -0.114697 -0.896477 0.427989
vn -0.081304 -0.949351 0.303516
vn -0.115702 -0.894612 0.431606
vn -0.122602 -0.880713 0.457507
vn -0.223295 -0.894681 0.386892
vn -0.236696 -0.880887 0.409894
vn -0.157198 -0.949286 0.272296
vn -0.315997 -0.894591 0.315997
vn -0.334909 -0.880723 0.334909
vn -0.221100 -0.896898 0.382999
vn -0.222209 -0.949340 0.222209
vn -0.313296 -0.896488 0.313296
vn -0.386883 -0.894661 0.223390
vn -0.409977 -0.880851 0.236687
vn -0.272296 -0.949286 0.157198
vn -0.382999 -0.896898 0.221100
vn -0.431611 -0.894622 0.115603
vn -0.457388 -0.880776 0.122597
vn -0.303516 -0.949351 0.081304
vn -0.427989 -0.896477 0.114697
vn -0.446694 -0.894687 0.000000
vn -0.473301 -0.880901 -0.000000
vn -0.314397 -0.949292 0.000000
vn -0.442287 -0.896874 -0.000000
vn -0.431606 -0.894612 -0.115702
vn -0.457507 -0.880713 -0.122602
vn -0.303516 -0.949351 -0.081304
vn -0.427989 -0.896477 -0.114697
vn -0.386883 -0.894661 -0.223390
vn -0.409894 -0.880887 -0.236696
vn -0.272296 -0.949286 -0.157198
vn -0.382999 -0.896898 -0.221100
vn -0.315997 -0.894591 -0.315997
vn -0.334879 -0.880745 -0.334879
vn -0.222209 -0.949340 -0.222209
vn -0.313296 -0.896488 -0.313296
vn -0.223304 -0.894716 -0.386807
vn -0.236696 -0.880887 -0.409894
vn -0.157198 -0.949286 -0.272296
vn -0.221100 -0.896898 -0.382999
vn -0.115702 -0.894612 -0.431606
vn -0.122597 -0.880776 -0.457388
vn -0.081304 -0.949351 -0.303516
vn -0.114697 -0.896477 -0.427989
vn 0.000000 -0.894687 -0.446694
vn 0.000000 -0.880859 -0.473378
vn -0.000000 -0.949292 -0.314397
vn 0.000000 -0.896874 -0.442287
vn 0.115702 -0.894612 -0.431606
vn 0.122607 -0.880754 -0.457428
vn 0.081304 -0.949351 -0.303516
vn 0.114697 -0.896477 -0.427989
vn 0.223390 -0.894661 -0.386883
vn 0.236696 -0.880887 -0.409894
vn 0.157198 -0.949286 -0.272296
vn 0.221100 -0.896898 -0.382999
vn 0.315997 -0.894591 -0.315997
vn 0.334909 -0.880723 -0.334909
vn 0.222209 -0.949340 -0.222209
vn 0.313296 -0.896488 -0.313296
vn 0.386883 -0.894661 -0.223390
vn 0.409894 -0.880887 -0.236696
vn 0.272296 -0.949286 -0.157198
vn 0.382999 -0.896898 -0.221100
vn 0.431606 -0.894612 -0.115702
vn 0.303488 -0.949361 -0.081297
vn -0.938773 -0.235493 -0.251493
vn -0.938773 -0.235493 -0.251493
vn -0.971847 -0.235611 0.000000
vn -0.841643 -0.235612 -0.485925
vn -0.971847 -0.235611 0.000000
vn -0.841643 -0.235612 -0.485925
vn -0.938773 -0.235493 0.251493
vn -0.687218 -0.235506 -0.687218
vn -0.938773 -0.235493 0.251493
vn -0.687218 -0.235506 -0.687218
vn -0.841643 -0.235612 0.485925
vn -0.485925 -0.235612 -0.841643
vn -0.841643 -0.235612 0.485925
vn -0.485925 -0.235612 -0.841643
vn -0.687218 -0.235506 0.687218
vn -0.251493 -0.235493 -0.938773
vn -0.687218 -0.235506 0.687218
vn -0.251493 -0.235493 -0.938773
vn -0.485925 -0.235612 0.841643
vn 0.000000 -0.235589 -0.971853
vn -0.485925 -0.235612 0.841643
vn 0.000000 -0.235589 -0.971853
vn -0.251493 -0.235493 0.938773
vn 0.251493 -0.235493 -0.938773
vn -0.251493 -0.235493 0.938773
vn 0.251493 -0.235493 -0.938773
vn 0.000000 -0.235589 0.971853
vn 0.485925 -0.235612 -0.841643
vn 0.000000 -0.235589 0.971853
vn 0.485925 -0.235612 -0.841643
vn 0.251493 -0.235493 0.938773
vn 0.687218 -0.235506 -0.687218
vn 0.251493 -0.235493 0.938773
vn 0.687218 -0.235506 -0.687218
vn 0.485925 -0.235612 0.841643
vn 0.841643 -0.235612 -0.485925
vn 0.485925 -0.235612 0.841643
vn 0.841643 -0.235612 -0.485925
vn 0.687218 -0.235506 0.687218
vn 0.938773 -0.235493 -0.251493
vn 0.687218 -0.235506 0.687218
vn 0.938773 -0.235493 -0.251493
vn 0.841643 -0.235612 0.485925
vn 0.971847 -0.235611 -0.000000
vn 0.841643 -0.235612 0.485925
vn 0.971847 -0.235611 -0.000000
vn 0.938773 -0.235493 0.251493
vn 0.938773 -0.235493 0.251493
vn -0.071197 -0.997462 -0.000000
vn -0.068797 -0.997461 -0.018399
vn -0.000000 -1.000000 -0.000000
vn -0.068797 -0.997461 0.018399
vn -0.061698 -0.997460 -0.035599
vn -0.061698 -0.997460 0.035599
vn -0.050398 -0.997457 -0.050398
vn -0.050398 -0.997457 0.050398
vn -0.035599 -0.997460 -0.061698
vn -0.035599 -0.997460 0.061698
vn -0.018399 -0.997461 -0.068797
vn -0.018399 -0.997461 0.068797
vn 0.000000 -0.997462 -0.071197
vn 0.000000 -0.997462 0.071197
vn 0.018399 -0.997461 -0.068797
vn 0.018399 -0.997461 0.068797
vn 0.035599 -0.997460 -0.061698
vn 0.035599 -0.997460 0.061698
vn 0.050398 -0.997457 -0.050398
vn 0.050398 -0.997457 0.050398
vn 0.061698 -0.997460 0.035599
vn 0.061698 -0.997460 -0.035599
vn 0.068797 -0.997461 0.018399
vn 0.068797 -0.997461 -0.018399
vn 0.071197 -0.997462 -0.000000
vn 0.932205 -0.261902 0.249801
vn 0.932205 -0.261902 0.249801
vn 0.965070 -0.261992 -0.000000
vn 0.835795 -0.261998 0.482497
vn 0.965070 -0.261992 -0.000000
vn 0.835795 -0.261998 0.482497
vn 0.932205 -0.261902 -0.249801
vn 0.682423 -0.261909 0.682423
vn 0.932205 -0.261902 -0.249801
vn 0.682423 -0.261909 0.682423
vn 0.835795 -0.261998 -0.482497
vn 0.482497 -0.261998 0.835795
vn 0.835795 -0.261998 -0.482497
vn 0.482497 -0.261998 0.835795
vn 0.682423 -0.261909 -0.682423
vn 0.249801 -0.261902 0.932205
vn 0.682423 -0.261909 -0.682423
vn 0.249801 -0.261902 0.932205
vn 0.482497 -0.261998 -0.835795
vn -0.000000 -0.261992 0.965070
vn 0.482497 -0.261998 -0.835795
vn -0.000000 -0.261992 0.965070
vn 0.249801 -0.261902 -0.932205
vn -0.249801 -0.261902 0.932205
vn 0.249801 -0.261902 -0.932205
vn -0.249801 -0.261902 0.932205
vn 0.000000 -0.261992 -0.965070
vn -0.482497 -0.261998 0.835795
vn 0.000000 -0.261992 -0.965070
vn -0.482497 -0.261998 0.835795
vn -0.249801 -0.261902 -0.932205
vn -0.682423 -0.261909 0.682423
vn -0.249801 -0.261902 -0.932205
vn -0.682423 -0.261909 0.682423
vn -0.482497 -0.261998 -0.835795
vn -0.835795 -0.261998 0.482497
vn -0.482497 -0.261998 -0.835795
vn -0.835795 -0.261998 0.482497
vn -0.682423 -0.261909 -0.682423
vn -0.932205 -0.261902 0.249801
vn -0.682423 -0.261909 -0.682423
vn -0.932205 -0.261902 0.249801
vn -0.835795 -0.261998 -0.482497
vn -0.965070 -0.261992 -0.000000
vn -0.835795 -0.261998 -0.482497
vn -0.965070 -0.261992 -0.000000
vn -0.932205 -0.261902 -0.249801
vn -0.932205 -0.261902 -0.249801
vn 0.688009 -0.701909 0.184302
vn 0.910016 -0.335306 0.243804
vn 0.815889 -0.335395 0.470994
vn 0.942079 -0.335392 0.000000
vn 0.835574 -0.501685 0.223893
vn 0.864695 -0.502297 0.000000
vn 0.442287 -0.896874 -0.000000
vn 0.835544 -0.501727 -0.223912
vn 0.427989 -0.896477 -0.114697
vn 0.910016 -0.335306 -0.243804
vn 0.314397 -0.949292 -0.000000
vn 0.687996 -0.701896 -0.184399
vn 0.712585 -0.701586 0.000000
vn 0.429607 -0.903016 0.000000
vn 0.415120 -0.902944 0.111205
vn 0.415120 -0.902944 -0.111205
vn 0.372013 -0.903031 0.214807
vn 0.372013 -0.903031 -0.214807
vn 0.617099 -0.701598 0.356299
vn 0.503677 -0.701868 0.503677
vn 0.303909 -0.902928 0.303909
vn 0.214807 -0.903031 0.372013
vn 0.617099 -0.701598 -0.356299
vn 0.356299 -0.701598 0.617099
vn 0.815889 -0.335395 -0.470994
vn 0.503677 -0.701868 -0.503677
vn 0.303909 -0.902928 -0.303909
vn 0.214807 -0.903031 -0.372013
vn 0.356299 -0.701598 -0.617099
vn 0.748885 -0.502290 -0.432291
vn 0.666176 -0.335288 -0.666176
vn 0.470994 -0.335395 -0.815889
vn 0.184302 -0.701909 -0.688009
vn 0.111205 -0.902944 -0.415120
vn 0.000000 -0.903016 -0.429607
vn 0.611683 -0.501686 -0.611683
vn 0.432291 -0.502290 -0.748885
vn -0.000000 -0.701586 -0.712585
vn 0.223893 -0.501685 -0.835574
vn 0.243804 -0.335306 -0.910016
vn -0.000000 -0.335392 -0.942079
vn -0.184399 -0.701896 -0.687996
vn -0.111205 -0.902944 -0.415120
vn -0.214807 -0.903031 -0.372013
vn -0.356299 -0.701598 -0.617099
vn 0.000000 -0.502297 -0.864695
vn -0.470994 -0.335395 -0.815889
vn -0.503677 -0.701868 -0.503677
vn -0.303909 -0.902928 -0.303909
vn -0.372013 -0.903031 -0.214807
vn -0.243804 -0.335306 -0.910016
vn -0.223893 -0.501685 -0.835574
vn -0.432324 -0.502328 -0.748841
vn -0.617099 -0.701598 -0.356299
vn -0.611683 -0.501686 -0.611683
vn -0.666176 -0.335288 -0.666176
vn -0.815889 -0.335395 -0.470994
vn -0.688009 -0.701909 -0.184302
vn -0.415120 -0.902944 -0.111205
vn -0.429607 -0.903016 0.000000
vn -0.712585 -0.701586 0.000000
vn -0.748885 -0.502290 -0.432291
vn -0.942079 -0.335392 -0.000000
vn -0.688009 -0.701909 0.184302
vn -0.415120 -0.902944 0.111205
vn -0.372013 -0.903031 0.214807
vn -0.910016 -0.335306 -0.243804
vn -0.835574 -0.501685 -0.223893
vn -0.864695 -0.502297 0.000000
vn -0.617099 -0.701598 0.356299
vn -0.835574 -0.501685 0.223893
vn -0.910016 -0.335306 0.243804
vn -0.815889 -0.335395 0.470994
vn -0.503677 -0.701868 0.503677
vn -0.303909 -0.902928 0.303909
vn -0.214807 -0.903031 0.372013
vn -0.356299 -0.701598 0.617099
vn -0.748885 -0.502290 0.432291
vn -0.470994 -0.335395 0.815889
vn -0.184302 -0.701909 0.688009
vn -0.111205 -0.902944 0.415120
vn 0.000000 -0.903016 0.429607
vn -0.666176 -0.335288 0.666176
vn -0.611683 -0.501686 0.611683
vn -0.432324 -0.502328 0.748841
vn 0.000000 -0.701586 0.712585
vn -0.223893 -0.501685 0.835574
vn -0.243804 -0.335306 0.910016
vn -0.000000 -0.335392 0.942079
vn 0.184302 -0.701909 0.688009
vn 0.111205 -0.902944 0.415120
vn 0.470994 -0.335395 0.815889
vn 0.243804 -0.335306 0.910016
vn 0.666176 -0.335288 0.666176
vn 0.432324 -0.502328 0.748841
vn 0.748841 -0.502328 0.432324
vn 0.611683 -0.501686 0.611683
vn 0.427989 -0.896477 0.114697
vn 0.382999 -0.896898 0.221100
vn 0.313296 -0.896488 0.313296
vn 0.303516 -0.949351 0.081304
vn 0.272296 -0.949286 0.157198
vn 0.222209 -0.949340 0.222209
vn 0.386807 -0.894716 0.223304
vn 0.431606 -0.894612 0.115702
vn 0.315997 -0.894591 0.315997
vn 0.457428 -0.880754 0.122607
vn 0.409894 -0.880887 0.236696
vn 0.473301 -0.880901 -0.000000
vn 0.334909 -0.880723 0.334909
vn 0.446694 -0.894687 -0.000000
vn 0.457507 -0.880713 -0.122602
vn 0.223390 -0.894661 0.386883
vn 0.236687 -0.880851 0.409977
vn 0.157198 -0.949286 0.272296
vn 0.115702 -0.894612 0.431606
vn 0.122602 -0.880713 0.457507
vn 0.221100 -0.896898 0.382999
vn 0.081304 -0.949351 0.303516
vn -0.000000 -0.894687 0.446694
vn 0.000000 -0.880859 0.473378
vn 0.223912 -0.501727 0.835544
vn 0.114697 -0.896477 0.427989
vn -0.000000 -0.502297 0.864695
vn 0.000000 -0.896874 0.442287
vn 0.000000 -0.949292 0.314397
vn -0.114697 -0.896477 0.427989
vn -0.081304 -0.949351 0.303516
vn -0.115702 -0.894612 0.431606
vn -0.122602 -0.880713 0.457507
vn -0.223295 -0.894681 0.386892
vn -0.236696 -0.880887 0.409894
vn -0.157198 -0.949286 0.272296
vn -0.315997 -0.894591 0.315997
vn -0.334909 -0.880723 0.334909
vn -0.221100 -0.896898 0.382999
vn -0.222209 -0.949340 0.222209
vn -0.313296 -0.896488 0.313296
vn -0.386807 -0.894716 0.223304
vn -0.409894 -0.880887 0.236696
vn -0.272296 -0.949286 0.157198
vn -0.382999 -0.896898 0.221100
vn -0.431606 -0.894612 0.115702
vn -0.457507 -0.880713 0.122602
vn -0.303516 -0.949351 0.081304
vn -0.427989 -0.896477 0.114697
vn -0.446694 -0.894687 -0.000000
vn -0.473378 -0.880859 -0.000000
vn -0.314397 -0.949292 -0.000000
vn -0.442287 -0.896874 0.000000
vn -0.431606 -0.894612 -0.115702
vn -0.457507 -0.880713 -0.122602
vn -0.303516 -0.949351 -0.081304
vn -0.427989 -0.896477 -0.114697
vn -0.386892 -0.894681 -0.223295
vn -0.409894 -0.880887 -0.236696
vn -0.272296 -0.949286 -0.157198
vn -0.382999 -0.896898 -0.221100
vn -0.315997 -0.894591 -0.315997
vn -0.334909 -0.880723 -0.334909
vn -0.222209 -0.949340 -0.222209
vn -0.313296 -0.896488 -0.313296
vn -0.223304 -0.894716 -0.386807
vn -0.236696 -0.880887 -0.409894
vn -0.157198 -0.949286 -0.272296
vn -0.221100 -0.896898 -0.382999
vn -0.115702 -0.894612 -0.431606
vn -0.122597 -0.880776 -0.457388
vn -0.081304 -0.949351 -0.303516
vn -0.114697 -0.896477 -0.427989
vn 0.000000 -0.894687 -0.446694
vn 0.000000 -0.880859 -0.473378
vn 0.000000 -0.949292 -0.314397
vn -0.000000 -0.896874 -0.442287
vn 0.115702 -0.894612 -0.431606
vn 0.122607 -0.880754 -0.457428
vn 0.081304 -0.949351 -0.303516
vn 0.114697 -0.896477 -0.427989
vn 0.223390 -0.894661 -0.386883
vn 0.236687 -0.880851 -0.409977
vn 0.157198 -0.949286 -0.272296
vn 0.221100 -0.896898 -0.382999
vn 0.315997 -0.894591 -0.315997
vn 0.334909 -0.880723 -0.334909
vn 0.222209 -0.949340 -0.222209
vn 0.313296 -0.896488 -0.313296
vn 0.386883 -0.894661 -0.223390
vn 0.409894 -0.880887 -0.236696
vn 0.272296 -0.949286 -0.157198
vn 0.382999 -0.896898 -0.221100
vn 0.431606 -0.894612 -0.115702
vn 0.303516 -0.949351 -0.081304
vn -0.938773 -0.235493 -0.251493
vn -0.938773 -0.235493 -0.251493
vn -0.971847 -0.235611 -0.000000
vn -0.841643 -0.235612 -0.485925
vn -0.971847 -0.235611 0.000000
vn -0.841643 -0.235612 -0.485925
vn -0.938773 -0.235493 0.251493
vn -0.687218 -0.235506 -0.687218
vn -0.938773 -0.235493 0.251493
vn -0.687218 -0.235506 -0.687218
vn -0.841643 -0.235612 0.485925
vn -0.485925 -0.235612 -0.841643
vn -0.841643 -0.235612 0.485925
vn -0.485925 -0.235612 -0.841643
vn -0.687218 -0.235506 0.687218
vn -0.251493 -0.235493 -0.938773
vn -0.687218 -0.235506 0.687218
vn -0.251493 -0.235493 -0.938773
vn -0.485925 -0.235612 0.841643
vn 0.000000 -0.235589 -0.971853
vn -0.485925 -0.235612 0.841643
vn 0.000000 -0.235589 -0.971853
vn -0.251493 -0.235493 0.938773
vn 0.251493 -0.235493 -0.938773
vn -0.251493 -0.235493 0.938773
vn 0.251493 -0.235493 -0.938773
vn 0.000000 -0.235589 0.971853
vn 0.485925 -0.235612 -0.841643
vn 0.000000 -0.235589 0.971853
vn 0.485925 -0.235612 -0.841643
vn 0.251493 -0.235493 0.938773
vn 0.687218 -0.235506 -0.687218
vn 0.251493 -0.235493 0.938773
vn 0.687218 -0.235506 -0.687218
vn 0.485925 -0.235612 0.841643
vn 0.841643 -0.235612 -0.485925
vn 0.485925 -0.235612 0.841643
vn 0.841643 -0.235612 -0.485925
vn 0.687218 -0.235506 0.687218
vn 0.938773 -0.235493 -0.251493
vn 0.687218 -0.235506 0.687218
vn 0.938773 -0.235493 -0.251493
vn 0.841643 -0.235612 0.485925
vn 0.971847 -0.235611 -0.000000
vn 0.841643 -0.235612 0.485925
vn 0.971847 -0.235611 -0.000000
vn 0.938773 -0.235493 0.251493
vn 0.938773 -0.235493 0.251493
vn -0.071197 -0.997462 -0.000000
vn -0.068797 -0.997461 -0.018399
vn -0.000000 -1.000000 -0.000000
vn -0.068797 -0.997461 0.018399
vn -0.061698 -0.997460 -0.035599
vn -0.061698 -0.997460 0.035599
vn -0.050398 -0.997457 -0.050398
vn -0.050398 -0.997457 0.050398
vn -0.035599 -0.997460 -0.061698
vn -0.035599 -0.997460 0.061698
vn -0.018399 -0.997461 -0.068797
vn -0.018399 -0.997461 0.068797
vn 0.000000 -0.997462 -0.071197
vn 0.000000 -0.997462 0.071197
vn 0.018399 -0.997461 -0.068797
vn 0.018399 -0.997461 0.068797
vn 0.035599 -0.997460 -0.061698
vn 0.035599 -0.997460 0.061698
vn 0.050398 -0.997457 -0.050398
vn 0.050398 -0.997457 0.050398
vn 0.061698 -0.997460 0.035599
vn 0.061698 -0.997460 -0.035599
vn 0.068797 -0.997461 0.018399
vn 0.068797 -0.997461 -0.018399
vn 0.071197 -0.997462 -0.000000
vn -0.000000 -0.258808 -0.965929
vn -0.500012 -0.224105 -0.836520
vn -0.500012 -0.224105 -0.836520
vn -0.000000 -0.258808 -0.965929
vn -0.866005 -0.129401 -0.483003
vn -0.866005 -0.129401 -0.483003
vn -1.000000 -0.000000 -0.000000
vn -1.000000 -0.000000 -0.000000
vn -0.866005 0.129401 0.483003
vn -0.866005 0.129401 0.483003
vn -0.500012 0.224105 0.836520
vn -0.500012 0.224105 0.836520
vn -0.000000 0.258808 0.965929
vn 0.000000 0.258808 0.965929
vn 0.500012 0.224105 0.836520
vn 0.500012 0.224105 0.836520
vn 0.866005 0.129401 0.483003
vn 0.866005 0.129401 0.483003
vn 1.000000 -0.000000 -0.000000
vn 1.000000 0.000000 0.000000
vn 0.866005 -0.129401 -0.483003
vn 0.866005 -0.129401 -0.483003
vn 0.500012 -0.224105 -0.836520
vn 0.500012 -0.224105 -0.836520
vn -0.000000 -0.258808 -0.965929
vn -0.000000 -0.258808 -0.965929
vn 0.000000 -0.258808 -0.965929
vn -0.500012 -0.224105 -0.836520
vn -0.500012 -0.224105 -0.836520
vn -0.000000 -0.258808 -0.965929
vn -0.866005 -0.129401 -0.483003
vn -0.866005 -0.129401 -0.483003
vn -1.000000 -0.000000 -0.000000
vn -1.000000 -0.000000 -0.000000
vn -0.866005 0.129401 0.483003
vn -0.866005 0.129401 0.483003
vn -0.500012 0.224105 0.836520
vn -0.500012 0.224105 0.836520
vn 0.000000 0.258808 0.965929
vn 0.000000 0.258808 0.965929
vn 0.500012 0.224105 0.836520
vn 0.500012 0.224105 0.836520
vn 0.866005 0.129401 0.483003
vn 0.866005 0.129401 0.483003
vn 1.000000 0.000000 0.000000
vn 1.000000 -0.000000 -0.000000
vn 0.866005 -0.129401 -0.483003
vn 0.866005 -0.129401 -0.483003
vn 0.500012 -0.224105 -0.836520
vn 0.500012 -0.224105 -0.836520
vn -0.000000 -0.258808 -0.965929
vn 0.000000 -0.258808 -0.965929
vn 0.000000 -0.258808 -0.965929
vn -0.500012 -0.224105 -0.836520
vn -0.500012 -0.224105 -0.836520
vn 0.000000 -0.258808 -0.965929
vn -0.866005 -0.129401 -0.483003
vn -0.866005 -0.129401 -0.483003
vn -1.000000 -0.000000 -0.000000
vn -1.000000 0.000000 0.000000
vn -0.866005 0.129401 0.483003
vn -0.866005 0.129401 0.483003
vn -0.500012 0.224105 0.836520
vn -0.500012 0.224105 0.836520
vn 0.000000 0.258808 0.965929
vn 0.000000 0.258808 0.965929
vn 0.500012 0.224105 0.836520
vn 0.500012 0.224105 0.836520
vn 0.866005 0.129401 0.483003
vn 0.866005 0.129401 0.483003
vn 1.000000 -0.000000 -0.000000
vn 1.000000 -0.000000 0.000000
vn 0.866005 -0.129401 -0.483003
vn 0.866005 -0.129401 -0.483003
vn 0.500012 -0.224105 -0.836520
vn 0.500012 -0.224105 -0.836520
vn 0.000000 -0.258808 -0.965929
vn 0.000000 -0.258808 -0.965929
vn -0.000000 -0.965929 0.258808
vn -0.000000 -0.965929 0.258808
vn 0.000000 -0.965929 0.258808
vn 0.000000 -0.965929 0.258808
vn 0.000000 -0.965929 0.258808
vn -0.000000 -0.965929 0.258808
vn -0.000100 -0.965929 0.258808
vn 0.000000 -0.965929 0.258808
vn 0.000100 -0.965929 0.258808
vn 0.000000 -0.965929 0.258808
vn -0.000000 -0.965929 0.258808
vn 0.000000 -0.965929 0.258808
vn 0.000000 -0.146599 -0.989196
vn -0.496722 -0.112105 -0.860639
vn -0.496103 -0.102401 -0.862204
vn 0.000000 -0.205204 -0.978719
vn 0.000000 -0.136800 -0.990599
vn -0.500012 -0.224105 -0.836520
vn 0.000000 -0.258808 -0.965929
vn -0.866005 -0.129401 -0.483003
vn -0.859301 -0.008400 -0.511401
vn -1.000000 0.000000 0.000000
vn -0.499211 -0.170604 -0.849519
vn 0.000000 -0.229597 -0.973286
vn -0.860331 -0.018001 -0.509418
vn -0.992252 0.119994 -0.032198
vn -0.866005 0.129401 0.483003
vn -0.500570 -0.196288 -0.843149
vn 0.000000 -0.441284 -0.897367
vn -0.864703 -0.076000 -0.496501
vn -0.490017 -0.409714 -0.769427
vn -0.000000 -0.567420 -0.823429
vn -0.469194 -0.537093 -0.700991
vn -0.847679 -0.323592 -0.420390
vn -0.811690 -0.454394 -0.366995
vn -0.935714 -0.341605 0.088001
vn -0.866537 -0.105104 -0.487921
vn -0.976955 -0.206291 0.054797
vn -0.808895 -0.229299 0.541397
vn -0.998483 0.053199 -0.014200
vn -0.999810 0.019200 -0.003300
vn -0.844400 -0.089400 0.528200
vn -0.486801 -0.004200 0.873503
vn -0.466410 -0.147303 0.872218
vn -0.865194 0.143399 0.480496
vn -0.864700 0.182400 0.468000
vn -0.499215 0.234207 0.834225
vn 0.000000 0.027001 0.999635
vn -0.000000 -0.117300 0.993097
vn 0.000000 0.267396 0.963587
vn -0.499207 0.277004 0.821012
vn 0.000000 0.311604 0.950212
vn 0.486801 -0.004200 0.873503
vn 0.466410 -0.147303 0.872218
vn 0.499215 0.234207 0.834225
vn 0.499207 0.277004 0.821012
vn 0.844400 -0.089400 0.528200
vn 0.808895 -0.229299 0.541397
vn 0.865194 0.143399 0.480496
vn 0.864700 0.182400 0.468000
vn 0.976955 -0.206291 0.054797
vn 0.935714 -0.341605 0.088001
vn 0.999810 0.019200 -0.003300
vn 0.998482 0.053199 -0.014300
vn 0.847679 -0.323592 -0.420390
vn 0.811690 -0.454394 -0.366995
vn 0.866537 -0.105104 -0.487921
vn 0.864703 -0.076000 -0.496501
vn 0.490093 -0.409694 -0.769389
vn 0.469194 -0.537093 -0.700991
vn 0.000000 -0.441284 -0.897367
vn -0.000000 -0.567420 -0.823429
vn 0.000000 -0.229597 -0.973286
vn 0.500570 -0.196288 -0.843149
vn 0.000000 -0.205204 -0.978719
vn 0.499211 -0.170604 -0.849519
vn 0.000000 -0.146599 -0.989196
vn 0.496722 -0.112105 -0.860639
vn 0.000000 -0.136800 -0.990599
vn 0.860331 -0.018001 -0.509418
vn 0.496103 -0.102401 -0.862204
vn 0.000000 -0.258808 -0.965929
vn 0.500012 -0.224105 -0.836520
vn 0.859301 -0.008400 -0.511401
vn 0.866005 -0.129401 -0.483003
vn 0.993435 0.110504 -0.029601
vn 0.992256 0.119995 -0.032099
vn 1.000000 -0.000000 0.000000
vn 0.860315 0.239104 0.450208
vn 0.859301 0.248400 0.447101
vn 0.866005 0.129401 0.483003
vn 0.496706 0.333204 0.801410
vn 0.496101 0.342400 0.797901
vn 0.500012 0.224105 0.836520
vn 0.000000 0.367681 0.929952
vn 0.000000 0.376798 0.926295
vn 0.000000 0.258808 0.965929
vn -0.496706 0.333204 0.801410
vn -0.496101 0.342400 0.797901
vn -0.500012 0.224105 0.836520
vn -0.860315 0.239104 0.450208
vn -0.859301 0.248400 0.447101
vn -0.993435 0.110504 -0.029601
vn 0.932205 -0.261902 0.249801
vn 0.932205 -0.261902 0.249801
vn 0.965070 -0.261992 0.000000
vn 0.835795 -0.261998 0.482497
vn 0.965070 -0.261992 -0.000000
vn 0.835795 -0.261998 0.482497
vn 0.932205 -0.261902 -0.249801
vn 0.682423 -0.261909 0.682423
vn 0.932205 -0.261902 -0.249801
vn 0.682423 -0.261909 0.682423
vn 0.835795 -0.261998 -0.482497
vn 0.482497 -0.261998 0.835795
vn 0.835795 -0.261998 -0.482497
vn 0.482497 -0.261998 0.835795
vn 0.682423 -0.261909 -0.682423
vn 0.249801 -0.261902 0.932205
vn 0.682423 -0.261909 -0.682423
vn 0.249801 -0.261902 0.932205
vn 0.482497 -0.261998 -0.835795
vn -0.000000 -0.261992 0.965070
vn 0.482497 -0.261998 -0.835795
vn -0.000000 -0.261992 0.965070
vn 0.249801 -0.261902 -0.932205
vn -0.249801 -0.261902 0.932205
vn 0.249801 -0.261902 -0.932205
vn -0.249801 -0.261902 0.932205
vn 0.000000 -0.261992 -0.965070
vn -0.482497 -0.261998 0.835795
vn 0.000000 -0.261992 -0.965070
vn -0.482497 -0.261998 0.835795
vn -0.249801 -0.261902 -0.932205
vn -0.682423 -0.261909 0.682423
vn -0.249801 -0.261902 -0.932205
vn -0.682423 -0.261909 0.682423
vn -0.482497 -0.261998 -0.835795
vn -0.835795 -0.261998 0.482497
vn -0.482497 -0.261998 -0.835795
vn -0.835795 -0.261998 0.482497
vn -0.682423 -0.261909 -0.682423
vn -0.932205 -0.261902 0.249801
vn -0.682423 -0.261909 -0.682423
vn -0.932205 -0.261902 0.249801
vn -0.835795 -0.261998 -0.482497
vn -0.965070 -0.261992 -0.000000
vn -0.835795 -0.261998 -0.482497
vn -0.965070 -0.261992 -0.000000
vn -0.932205 -0.261902 -0.249801
vn -0.932205 -0.261902 -0.249801
vn 0.687996 -0.701896 0.184399
vn 0.910016 -0.335306 0.243804
vn 0.815889 -0.335395 0.470994
vn 0.942079 -0.335392 -0.000000
vn 0.835574 -0.501685 0.223893
vn 0.864695 -0.502297 -0.000000
vn 0.442287 -0.896874 0.000000
vn 0.835574 -0.501685 -0.223893
vn 0.427989 -0.896477 -0.114697
vn 0.910016 -0.335306 -0.243804
vn 0.314397 -0.949292 -0.000000
vn 0.688009 -0.701909 -0.184302
vn 0.712585 -0.701586 0.000000
vn 0.429607 -0.903016 0.000000
vn 0.415120 -0.902944 0.111205
vn 0.415120 -0.902944 -0.111205
vn 0.372013 -0.903031 0.214807
vn 0.372013 -0.903031 -0.214807
vn 0.617099 -0.701598 0.356299
vn 0.503677 -0.701868 0.503677
vn 0.303909 -0.902928 0.303909
vn 0.214807 -0.903031 0.372013
vn 0.617099 -0.701598 -0.356299
vn 0.356299 -0.701598 0.617099
vn 0.815851 -0.335380 -0.471071
vn 0.503677 -0.701868 -0.503677
vn 0.303909 -0.902928 -0.303909
vn 0.214807 -0.903031 -0.372013
vn 0.356299 -0.701598 -0.617099
vn 0.748841 -0.502328 -0.432324
vn 0.666176 -0.335288 -0.666176
vn 0.470994 -0.335395 -0.815889
vn 0.184302 -0.701909 -0.688009
vn 0.111205 -0.902944 -0.415120
vn 0.000000 -0.903016 -0.429607
vn 0.611683 -0.501686 -0.611683
vn 0.432291 -0.502290 -0.748885
vn -0.000000 -0.701586 -0.712585
vn 0.223893 -0.501685 -0.835574
vn 0.243804 -0.335306 -0.910016
vn 0.000000 -0.335392 -0.942079
vn -0.184302 -0.701909 -0.688009
vn -0.111205 -0.902944 -0.415120
vn -0.214807 -0.903031 -0.372013
vn -0.356299 -0.701598 -0.617099
vn 0.000000 -0.502297 -0.864695
vn -0.470994 -0.335395 -0.815889
vn -0.503677 -0.701868 -0.503677
vn -0.303909 -0.902928 -0.303909
vn -0.372013 -0.903031 -0.214807
vn -0.243804 -0.335306 -0.910016
vn -0.223893 -0.501685 -0.835574
vn -0.432405 -0.502306 -0.748809
vn -0.617099 -0.701598 -0.356299
vn -0.611683 -0.501686 -0.611683
vn -0.666176 -0.335288 -0.666176
vn -0.815889 -0.335395 -0.470994
vn -0.688009 -0.701909 -0.184302
vn -0.415120 -0.902944 -0.111205
vn -0.429607 -0.903016 0.000000
vn -0.712585 -0.701586 0.000000
vn -0.748841 -0.502328 -0.432324
vn -0.942079 -0.335392 0.000000
vn -0.687996 -0.701896 0.184399
vn -0.415120 -0.902944 0.111205
vn -0.372013 -0.903031 0.214807
vn -0.910016 -0.335306 -0.243804
vn -0.835574 -0.501685 -0.223893
vn -0.864695 -0.502297 0.000000
vn -0.617099 -0.701598 0.356299
vn -0.835574 -0.501685 0.223893
vn -0.910016 -0.335306 0.243804
vn -0.815889 -0.335395 0.470994
vn -0.503677 -0.701868 0.503677
vn -0.303909 -0.902928 0.303909
vn -0.214807 -0.903031 0.372013
vn -0.356299 -0.701598 0.617099
vn -0.748841 -0.502328 0.432324
vn -0.470994 -0.335395 0.815889
vn -0.184302 -0.701909 0.688009
vn -0.111205 -0.902944 0.415120
vn 0.000000 -0.903016 0.429607
vn -0.666176 -0.335288 0.666176
vn -0.611683 -0.501686 0.611683
vn -0.432324 -0.502328 0.748841
vn 0.000000 -0.701586 0.712585
vn -0.223893 -0.501685 0.835574
vn -0.243804 -0.335306 0.910016
vn 0.000000 -0.335392 0.942079
vn 0.184302 -0.701909 0.688009
vn 0.111205 -0.902944 0.415120
vn 0.470994 -0.335395 0.815889
vn 0.243804 -0.335306 0.910016
vn 0.666176 -0.335288 0.666176
vn 0.432291 -0.502290 0.748885
vn 0.748885 -0.502290 0.432291
vn 0.611683 -0.501686 0.611683
vn 0.427989 -0.896477 0.114697
vn 0.382999 -0.896898 0.221100
vn 0.313296 -0.896488 0.313296
vn 0.303516 -0.949351 0.081304
vn 0.272296 -0.949286 0.157198
vn 0.222209 -0.949340 0.222209
vn 0.386892 -0.894681 0.223295
vn 0.431606 -0.894612 0.115702
vn 0.315997 -0.894591 0.315997
vn 0.457507 -0.880713 0.122602
vn 0.409894 -0.880887 0.236696
vn 0.473420 -0.880837 -0.000000
vn 0.334909 -0.880723 0.334909
vn 0.446694 -0.894687 -0.000000
vn 0.457507 -0.880713 -0.122602
vn 0.223390 -0.894661 0.386883
vn 0.236696 -0.880887 0.409894
vn 0.157198 -0.949286 0.272296
vn 0.115702 -0.894612 0.431606
vn 0.122602 -0.880713 0.457507
vn 0.221100 -0.896898 0.382999
vn 0.081304 -0.949351 0.303516
vn -0.000000 -0.894687 0.446694
vn -0.000000 -0.880859 0.473378
vn 0.223893 -0.501685 0.835574
vn 0.114697 -0.896477 0.427989
vn -0.000000 -0.502297 0.864695
vn -0.000000 -0.896874 0.442287
vn 0.000000 -0.949292 0.314397
vn -0.114697 -0.896477 0.427989
vn -0.081304 -0.949351 0.303516
vn -0.115702 -0.894612 0.431606
vn -0.122602 -0.880713 0.457507
vn -0.223295 -0.894681 0.386892
vn -0.236696 -0.880887 0.409894
vn -0.157198 -0.949286 0.272296
vn -0.315997 -0.894591 0.315997
vn -0.334909 -0.880723 0.334909
vn -0.221100 -0.896898 0.382999
vn -0.222209 -0.949340 0.222209
vn -0.313296 -0.896488 0.313296
vn -0.386883 -0.894661 0.223390
vn -0.409977 -0.880851 0.236687
vn -0.272296 -0.949286 0.157198
vn -0.382999 -0.896898 0.221100
vn -0.431611 -0.894622 0.115603
vn -0.457388 -0.880776 0.122597
vn -0.303516 -0.949351 0.081304
vn -0.427989 -0.896477 0.114697
vn -0.446694 -0.894687 0.000000
vn -0.473301 -0.880901 -0.000000
vn -0.314397 -0.949292 0.000000
vn -0.442287 -0.896874 -0.000000
vn -0.431606 -0.894612 -0.115702
vn -0.457507 -0.880713 -0.122602
vn -0.303516 -0.949351 -0.081304
vn -0.427989 -0.896477 -0.114697
vn -0.386883 -0.894661 -0.223390
vn -0.409894 -0.880887 -0.236696
vn -0.272296 -0.949286 -0.157198
vn -0.382999 -0.896898 -0.221100
vn -0.315997 -0.894591 -0.315997
vn -0.334879 -0.880745 -0.334879
vn -0.222209 -0.949340 -0.222209
vn -0.313296 -0.896488 -0.313296
vn -0.223304 -0.894716 -0.386807
vn -0.236696 -0.880887 -0.409894
vn -0.157198 -0.949286 -0.272296
vn -0.221100 -0.896898 -0.382999
vn -0.115702 -0.894612 -0.431606
vn -0.122597 -0.880776 -0.457388
vn -0.081304 -0.949351 -0.303516
vn -0.114697 -0.896477 -0.427989
vn 0.000000 -0.894687 -0.446694
vn 0.000000 -0.880859 -0.473378
vn -0.000000 -0.949292 -0.314397
vn 0.000000 -0.896874 -0.442287
vn 0.115702 -0.894612 -0.431606
vn 0.122607 -0.880754 -0.457428
vn 0.081304 -0.949351 -0.303516
vn 0.114697 -0.896477 -0.427989
vn 0.223390 -0.894661 -0.386883
vn 0.236696 -0.880887 -0.409894
vn 0.157198 -0.949286 -0.272296
vn 0.221100 -0.896898 -0.382999
vn 0.315997 -0.894591 -0.315997
vn 0.334909 -0.880723 -0.334909
vn 0.222209 -0.949340 -0.222209
vn 0.313296 -0.896488 -0.313296
vn 0.386883 -0.894661 -0.223390
vn 0.409894 -0.880887 -0.236696
vn 0.272296 -0.949286 -0.157198
vn 0.382999 -0.896898 -0.221100
vn 0.431606 -0.894612 -0.115702
vn 0.303488 -0.949361 -0.081297
vn -0.938773 -0.235493 -0.251493
vn -0.938773 -0.235493 -0.251493
vn -0.971847 -0.235611 0.000000
vn -0.841643 -0.235612 -0.485925
vn -0.971847 -0.235611 0.000000
vn -0.841643 -0.235612 -0.485925
vn -0.938773 -0.235493 0.251493
vn -0.687218 -0.235506 -0.687218
vn -0.938773 -0.235493 0.251493
vn -0.687218 -0.235506 -0.687218
vn -0.841643 -0.235612 0.485925
vn -0.485925 -0.235612 -0.841643
vn -0.841643 -0.235612 0.485925
vn -0.485925 -0.235612 -0.841643
vn -0.687218 -0.235506 0.687218
vn -0.251493 -0.235493 -0.938773
vn -0.687218 -0.235506 0.687218
vn -0.251493 -0.235493 -0.938773
vn -0.485925 -0.235612 0.841643
vn 0.000000 -0.235589 -0.971853
vn -0.485925 -0.235612 0.841643
vn 0.000000 -0.235589 -0.971853
vn -0.251493 -0.235493 0.938773
vn 0.251493 -0.235493 -0.938773
vn -0.251493 -0.235493 0.938773
vn 0.251493 -0.235493 -0.938773
vn 0.000000 -0.235589 0.971853
vn 0.485925 -0.235612 -0.841643
vn 0.000000 -0.235589 0.971853
vn 0.485925 -0.235612 -0.841643
vn 0.251493 -0.235493 0.938773
vn 0.687218 -0.235506 -0.687218
vn 0.251493 -0.235493 0.938773
vn 0.687218 -0.235506 -0.687218
vn 0.485925 -0.235612 0.841643
vn 0.841643 -0.235612 -0.485925
vn 0.485925 -0.235612 0.841643
vn 0.841643 -0.235612 -0.485925
vn 0.687218 -0.235506 0.687218
vn 0.938773 -0.235493 -0.251493
vn 0.687218 -0.235506 0.687218
vn 0.938773 -0.235493 -0.251493
vn 0.841643 -0.235612 0.485925
vn 0.971847 -0.235611 -0.000000
vn 0.841643 -0.235612 0.485925
vn 0.971847 -0.235611 -0.000000
vn 0.938773 -0.235493 0.251493
vn 0.938773 -0.235493 0.251493
vn -0.071197 -0.997462 -0.000000
vn -0.068797 -0.997461 -0.018399
vn -0.000000 -1.000000 -0.000000
vn -0.068797 -0.997461 0.018399
vn -0.061698 -0.997460 -0.035599
vn -0.061698 -0.997460 0.035599
vn -0.050398 -0.997457 -0.050398
vn -0.050398 -0.997457 0.050398
vn -0.035599 -0.997460 -0.061698
vn -0.035599 -0.997460 0.061698
vn -0.018399 -0.997461 -0.068797
vn -0.018399 -0.997461 0.068797
vn 0.000000 -0.997462 -0.071197
vn 0.000000 -0.997462 0.071197
vn 0.018399 -0.997461 -0.068797
vn 0.018399 -0.997461 0.068797
vn 0.035599 -0.997460 -0.061698
vn 0.035599 -0.997460 0.061698
vn 0.050398 -0.997457 -0.050398
vn 0.050398 -0.997457 0.050398
vn 0.061698 -0.997460 0.035599
vn 0.061698 -0.997460 -0.035599
vn 0.068797 -0.997461 0.018399
vn 0.068797 -0.997461 -0.018399
vn 0.071197 -0.997462 -0.000000
vn 0.000000 -0.258808 -0.965929
vn -0.500012 -0.224105 -0.836520
vn -0.500012 -0.224105 -0.836520
vn 0.000000 -0.258808 -0.965929
vn -0.866005 -0.129401 -0.483003
vn -0.866005 -0.129401 -0.483003
vn -1.000000 -0.000000 -0.000000
vn -1.000000 -0.000000 -0.000000
vn -0.866005 0.129401 0.483003
vn -0.866005 0.129401 0.483003
vn -0.500012 0.224105 0.836520
vn -0.500012 0.224105 0.836520
vn 0.000000 0.258808 0.965929
vn 0.000000 0.258808 0.965929
vn 0.500012 0.224105 0.836520
vn 0.500012 0.224105 0.836520
vn 0.866005 0.129401 0.483003
vn 0.866005 0.129401 0.483003
vn 1.000000 -0.000000 -0.000000
vn 1.000000 0.000000 0.000000
vn 0.866005 -0.129401 -0.483003
vn 0.866005 -0.129401 -0.483003
vn 0.500012 -0.224105 -0.836520
vn 0.500012 -0.224105 -0.836520
vn 0.000000 -0.258808 -0.965929
vn 0.000000 -0.258808 -0.965929
vn 0.000000 -0.258808 -0.965929
vn -0.500012 -0.224105 -0.836520
vn -0.500012 -0.224105 -0.836520
vn 0.000000 -0.258808 -0.965929
vn -0.866005 -0.129401 -0.483003
vn -0.866005 -0.129401 -0.483003
vn -1.000000 -0.000000 -0.000000
vn -1.000000 -0.000000 -0.000000
vn -0.866005 0.129401 0.483003
vn -0.866005 0.129401 0.483003
vn -0.500012 0.224105 0.836520
vn -0.500012 0.224105 0.836520
vn 0.000000 0.258808 0.965929
vn 0.000000 0.258808 0.965929
vn 0.500012 0.224105 0.836520
vn 0.500012 0.224105 0.836520
vn 0.866005 0.129401 0.483003
vn 0.866005 0.129401 0.483003
vn 1.000000 0.000000 0.000000
vn 1.000000 -0.000000 0.000000
vn 0.866005 -0.129401 -0.483003
vn 0.866005 -0.129401 -0.483003
vn 0.500012 -0.224105 -0.836520
vn 0.500012 -0.224105 -0.836520
vn 0.000000 -0.258808 -0.965929
vn 0.000000 -0.258808 -0.965929
vn 0.000000 -0.258808 -0.965929
vn -0.500012 -0.224105 -0.836520
vn -0.500012 -0.224105 -0.836520
vn 0.000000 -0.258808 -0.965929
vn -0.866005 -0.129401 -0.483003
vn -0.866005 -0.129401 -0.483003
vn -1.000000 -0.000000 -0.000000
vn -1.000000 -0.000000 0.000000
vn -0.866005 0.129401 0.483003
vn -0.866005 0.129401 0.483003
vn -0.500012 0.224105 0.836520
vn -0.500012 0.224105 0.836520
vn 0.000000 0.258808 0.965929
vn 0.000000 0.258808 0.965929
vn 0.500012 0.224105 0.836520
vn 0.500012 0.224105 0.836520
vn 0.866005 0.129401 0.483003
vn 0.866005 0.129401 0.483003
vn 1.000000 -0.000000 0.000000
vn 1.000000 0.000000 0.000000
vn 0.866005 -0.129401 -0.483003
vn 0.866005 -0.129401 -0.483003
vn 0.500012 -0.224105 -0.836520
vn 0.500012 -0.224105 -0.836520
vn 0.000000 -0.258808 -0.965929
vn 0.000000 -0.258808 -0.965929
vn -0.000000 -0.965929 0.258808
vn -0.000000 -0.965929 0.258808
vn 0.000000 -0.965929 0.258808
vn 0.000000 -0.965929 0.258808
vn 0.000000 -0.965929 0.258808
vn -0.000000 -0.965929 0.258808
vn -0.000100 -0.965929 0.258808
vn 0.000000 -0.965929 0.258808
vn 0.000100 -0.965929 0.258808
vn -0.000000 -0.965929 0.258808
vn -0.000000 -0.965929 0.258808
vn 0.000000 -0.965929 0.258808
vn 0.000000 -0.146599 -0.989196
vn -0.496722 -0.112105 -0.860639
vn -0.496103 -0.102401 -0.862204
vn 0.000000 -0.205204 -0.978719
vn 0.000000 -0.136800 -0.990599
vn -0.500012 -0.224105 -0.836520
vn 0.000000 -0.258808 -0.965929
vn -0.866005 -0.129401 -0.483003
vn -0.859301 -0.008400 -0.511401
vn -1.000000 -0.000000 0.000000
vn -0.499211 -0.170604 -0.849519
vn 0.000000 -0.229597 -0.973286
vn -0.860331 -0.018001 -0.509418
vn -0.992256 0.119995 -0.032099
vn -0.866005 0.129401 0.483003
vn -0.500570 -0.196288 -0.843149
vn 0.000000 -0.441284 -0.897367
vn -0.864703 -0.076000 -0.496501
vn -0.490017 -0.409714 -0.769427
vn 0.000000 -0.567420 -0.823429
vn -0.469194 -0.537093 -0.700991
vn -0.847679 -0.323592 -0.420390
vn -0.811756 -0.454332 -0.366926
vn -0.935714 -0.341605 0.088001
vn -0.866537 -0.105104 -0.487921
vn -0.976955 -0.206291 0.054797
vn -0.808895 -0.229299 0.541397
vn -0.998482 0.053199 -0.014300
vn -0.999810 0.019200 -0.003300
vn -0.844393 -0.089499 0.528196
vn -0.486801 -0.004200 0.873503
vn -0.466410 -0.147303 0.872218
vn -0.865194 0.143399 0.480496
vn -0.864700 0.182400 0.468000
vn -0.499215 0.234207 0.834225
vn 0.000000 0.027001 0.999635
vn 0.000000 -0.117300 0.993097
vn 0.000000 0.267396 0.963587
vn -0.499207 0.277004 0.821012
vn 0.000000 0.311604 0.950212
vn 0.486801 -0.004200 0.873503
vn 0.466410 -0.147303 0.872218
vn 0.499215 0.234207 0.834225
vn 0.499207 0.277004 0.821012
vn 0.844393 -0.089499 0.528196
vn 0.808895 -0.229299 0.541397
vn 0.865194 0.143399 0.480496
vn 0.864700 0.182400 0.468000
vn 0.976955 -0.206291 0.054797
vn 0.935714 -0.341605 0.088001
vn 0.999810 0.019200 -0.003300
vn 0.998482 0.053199 -0.014300
vn 0.847679 -0.323592 -0.420390
vn 0.811690 -0.454394 -0.366995
vn 0.866537 -0.105104 -0.487921
vn 0.864703 -0.076000 -0.496501
vn 0.490017 -0.409714 -0.769427
vn 0.469194 -0.537093 -0.700991
vn 0.000000 -0.441284 -0.897367
vn 0.000000 -0.567420 -0.823429
vn 0.000000 -0.229597 -0.973286
vn 0.500570 -0.196288 -0.843149
vn 0.000000 -0.205204 -0.978719
vn 0.499211 -0.170604 -0.849519
vn 0.000000 -0.146599 -0.989196
vn 0.496722 -0.112105 -0.860639
vn 0.000000 -0.136800 -0.990599
vn 0.860331 -0.018001 -0.509418
vn 0.496103 -0.102401 -0.862204
vn 0.000000 -0.258808 -0.965929
vn 0.500012 -0.224105 -0.836520
vn 0.859301 -0.008400 -0.511401
vn 0.866005 -0.129401 -0.483003
vn 0.993435 0.110504 -0.029601
vn 0.992252 0.119994 -0.032198
vn 1.000000 0.000000 0.000000
vn 0.860315 0.239104 0.450208
vn 0.859301 0.248400 0.447101
vn 0.866005 0.129401 0.483003
vn 0.496706 0.333204 0.801410
vn 0.496101 0.342400 0.797901
vn 0.500012 0.224105 0.836520
vn 0.000000 0.367681 0.929952
vn 0.000000 0.376798 0.926295
vn 0.000000 0.258808 0.965929
vn -0.496706 0.333204 0.801410
vn -0.496101 0.342400 0.797901
vn -0.500012 0.224105 0.836520
vn -0.860315 0.239104 0.450208
vn -0.859301 0.248400 0.447101
vn -0.993435 0.110504 -0.029601
vn 0.932205 -0.261902 0.249801
vn 0.932230 -0.261808 0.249808
vn 0.965070 -0.261992 -0.000000
vn 0.835795 -0.261998 0.482497
vn 0.965070 -0.261992 -0.000000
vn 0.835795 -0.261998 0.482497
vn 0.932205 -0.261902 -0.249801
vn 0.682423 -0.261909 0.682423
vn 0.932205 -0.261902 -0.249801
vn 0.682423 -0.261909 0.682423
vn 0.835795 -0.261998 -0.482497
vn 0.482497 -0.261998 0.835795
vn 0.835795 -0.261998 -0.482497
vn 0.482497 -0.261998 0.835795
vn 0.682423 -0.261909 -0.682423
vn 0.249801 -0.261902 0.932205
vn 0.682423 -0.261909 -0.682423
vn 0.249801 -0.261902 0.932205
vn 0.482497 -0.261998 -0.835795
vn -0.000000 -0.261992 0.965070
vn 0.482497 -0.261998 -0.835795
vn -0.000000 -0.261992 0.965070
vn 0.249801 -0.261902 -0.932205
vn -0.249801 -0.261902 0.932205
vn 0.249801 -0.261902 -0.932205
vn -0.249801 -0.261902 0.932205
vn 0.000000 -0.261992 -0.965070
vn -0.482497 -0.261998 0.835795
vn 0.000000 -0.261992 -0.965070
vn -0.482497 -0.261998 0.835795
vn -0.249801 -0.261902 -0.932205
vn -0.682423 -0.261909 0.682423
vn -0.249801 -0.261902 -0.932205
vn -0.682423 -0.261909 0.682423
vn -0.482497 -0.261998 -0.835795
vn -0.835795 -0.261998 0.482497
vn -0.482497 -0.261998 -0.835795
vn -0.835795 -0.261998 0.482497
vn -0.682441 -0.261816 -0.682441
vn -0.932205 -0.261902 0.249801
vn -0.682441 -0.261816 -0.682441
vn -0.932205 -0.261902 0.249801
vn -0.835795 -0.261998 -0.482497
vn -0.965070 -0.261992 -0.000000
vn -0.835795 -0.261998 -0.482497
vn -0.965070 -0.261992 -0.000000
vn -0.932230 -0.261808 -0.249808
vn -0.932205 -0.261902 -0.249801
vn 0.688009 -0.701909 0.184302
vn 0.910016 -0.335306 0.243804
vn 0.815889 -0.335395 0.470994
vn 0.942079 -0.335392 0.000000
vn 0.835544 -0.501727 0.223912
vn 0.864695 -0.502297 -0.000000
vn 0.442287 -0.896874 -0.000000
vn 0.835544 -0.501727 -0.223912
vn 0.427989 -0.896477 -0.114697
vn 0.910016 -0.335306 -0.243804
vn 0.314397 -0.949292 -0.000000
vn 0.688009 -0.701909 -0.184302
vn 0.712585 -0.701586 0.000000
vn 0.429607 -0.903016 0.000000
vn 0.415120 -0.902944 0.111205
vn 0.415120 -0.902944 -0.111205
vn 0.372013 -0.903031 0.214807
vn 0.372013 -0.903031 -0.214807
vn 0.617099 -0.701598 0.356299
vn 0.503677 -0.701868 0.503677
vn 0.303909 -0.902928 0.303909
vn 0.214807 -0.903031 0.372013
vn 0.617099 -0.701598 -0.356299
vn 0.356299 -0.701598 0.617099
vn 0.815889 -0.335395 -0.470994
vn 0.503602 -0.701903 -0.503702
vn 0.303909 -0.902928 -0.303909
vn 0.214807 -0.903031 -0.372013
vn 0.356299 -0.701598 -0.617099
vn 0.748841 -0.502328 -0.432324
vn 0.666176 -0.335288 -0.666176
vn 0.470994 -0.335395 -0.815889
vn 0.184302 -0.701909 -0.688009
vn 0.111205 -0.902944 -0.415120
vn 0.000000 -0.903016 -0.429607
vn 0.611620 -0.501716 -0.611720
vn 0.432405 -0.502306 -0.748809
vn -0.000000 -0.701586 -0.712585
vn 0.223912 -0.501727 -0.835544
vn 0.243804 -0.335306 -0.910016
vn 0.000000 -0.335392 -0.942079
vn -0.184302 -0.701909 -0.688009
vn -0.111205 -0.902944 -0.415120
vn -0.214807 -0.903031 -0.372013
vn -0.356299 -0.701598 -0.617099
vn 0.000000 -0.502297 -0.864695
vn -0.470994 -0.335395 -0.815889
vn -0.503677 -0.701868 -0.503677
vn -0.303909 -0.902928 -0.303909
vn -0.372013 -0.903031 -0.214807
vn -0.243804 -0.335306 -0.910016
vn -0.223912 -0.501727 -0.835544
vn -0.432405 -0.502306 -0.748809
vn -0.617099 -0.701598 -0.356299
vn -0.611683 -0.501686 -0.611683
vn -0.666176 -0.335288 -0.666176
vn -0.815889 -0.335395 -0.470994
vn -0.688009 -0.701909 -0.184302
vn -0.415120 -0.902944 -0.111205
vn -0.429607 -0.903016 -0.000000
vn -0.712585 -0.701586 0.000000
vn -0.748809 -0.502306 -0.432405
vn -0.942079 -0.335392 -0.000000
vn -0.688009 -0.701909 0.184302
vn -0.415120 -0.902944 0.111205
vn -0.372013 -0.903031 0.214807
vn -0.910016 -0.335306 -0.243804
vn -0.835544 -0.501727 -0.223912
vn -0.864695 -0.502297 0.000000
vn -0.617099 -0.701598 0.356299
vn -0.835544 -0.501727 0.223912
vn -0.910016 -0.335306 0.243804
vn -0.815889 -0.335395 0.470994
vn -0.503677 -0.701868 0.503677
vn -0.303909 -0.902928 0.303909
vn -0.214807 -0.903031 0.372013
vn -0.356299 -0.701598 0.617099
vn -0.748841 -0.502328 0.432324
vn -0.470994 -0.335395 0.815889
vn -0.184302 -0.701909 0.688009
vn -0.111205 -0.902944 0.415120
vn -0.000000 -0.903016 0.429607
vn -0.666176 -0.335288 0.666176
vn -0.611620 -0.501716 0.611720
vn -0.432324 -0.502328 0.748841
vn 0.000000 -0.701586 0.712585
vn -0.223893 -0.501685 0.835574
vn -0.243804 -0.335306 0.910016
vn -0.000000 -0.335392 0.942079
vn 0.184302 -0.701909 0.688009
vn 0.111205 -0.902944 0.415120
vn 0.470994 -0.335395 0.815889
vn 0.243804 -0.335306 0.910016
vn 0.666176 -0.335288 0.666176
vn 0.432324 -0.502328 0.748841
vn 0.748809 -0.502306 0.432405
vn 0.611683 -0.501686 0.611683
vn 0.427989 -0.896477 0.114697
vn 0.382999 -0.896898 0.221100
vn 0.313296 -0.896488 0.313296
vn 0.303516 -0.949351 0.081304
vn 0.272296 -0.949286 0.157198
vn 0.222209 -0.949340 0.222209
vn 0.386807 -0.894716 0.223304
vn 0.431611 -0.894622 0.115603
vn 0.315997 -0.894591 0.315997
vn 0.457314 -0.880827 0.122504
vn 0.409904 -0.880908 0.236602
vn 0.473301 -0.880901 -0.000000
vn 0.334879 -0.880745 0.334879
vn 0.446694 -0.894687 -0.000000
vn 0.457507 -0.880713 -0.122602
vn 0.223390 -0.894661 0.386883
vn 0.236687 -0.880851 0.409977
vn 0.157202 -0.949312 0.272203
vn 0.115702 -0.894612 0.431606
vn 0.122602 -0.880713 0.457507
vn 0.221100 -0.896898 0.382999
vn 0.081304 -0.949351 0.303516
vn 0.000000 -0.894687 0.446694
vn 0.000000 -0.880859 0.473378
vn 0.223912 -0.501727 0.835544
vn 0.114697 -0.896477 0.427989
vn -0.000000 -0.502297 0.864695
vn -0.000000 -0.896874 0.442287
vn -0.000000 -0.949292 0.314397
vn -0.114697 -0.896477 0.427989
vn -0.081304 -0.949351 0.303516
vn -0.115702 -0.894612 0.431606
vn -0.122602 -0.880713 0.457507
vn -0.223304 -0.894716 0.386807
vn -0.236696 -0.880887 0.409894
vn -0.157198 -0.949286 0.272296
vn -0.315997 -0.894591 0.315997
vn -0.334909 -0.880723 0.334909
vn -0.221100 -0.896898 0.382999
vn -0.222209 -0.949340 0.222209
vn -0.313296 -0.896488 0.313296
vn -0.386883 -0.894661 0.223390
vn -0.410013 -0.880828 0.236708
vn -0.272296 -0.949286 0.157198
vn -0.382999 -0.896898 0.221100
vn -0.431611 -0.894622 0.115603
vn -0.457388 -0.880776 0.122597
vn -0.303516 -0.949351 0.081304
vn -0.427989 -0.896477 0.114697
vn -0.446694 -0.894687 -0.000000
vn -0.473301 -0.880901 -0.000000
vn -0.314397 -0.949292 0.000000
vn -0.442287 -0.896874 0.000000
vn -0.431611 -0.894622 -0.115603
vn -0.457393 -0.880787 -0.122498
vn -0.303516 -0.949351 -0.081304
vn -0.427989 -0.896477 -0.114697
vn -0.386807 -0.894716 -0.223304
vn -0.409904 -0.880908 -0.236602
vn -0.272296 -0.949286 -0.157198
vn -0.382999 -0.896898 -0.221100
vn -0.315997 -0.894591 -0.315997
vn -0.334879 -0.880745 -0.334879
vn -0.222209 -0.949340 -0.222209
vn -0.313296 -0.896488 -0.313296
vn -0.223304 -0.894716 -0.386807
vn -0.236696 -0.880887 -0.409894
vn -0.157198 -0.949286 -0.272296
vn -0.221100 -0.896898 -0.382999
vn -0.115603 -0.894622 -0.431611
vn -0.122597 -0.880776 -0.457388
vn -0.081304 -0.949351 -0.303516
vn -0.114697 -0.896477 -0.427989
vn 0.000000 -0.894687 -0.446694
vn 0.000000 -0.880859 -0.473378
vn 0.000000 -0.949292 -0.314397
vn 0.000000 -0.896874 -0.442287
vn 0.115603 -0.894622 -0.431611
vn 0.122597 -0.880776 -0.457388
vn 0.081304 -0.949351 -0.303516
vn 0.114697 -0.896477 -0.427989
vn 0.223390 -0.894661 -0.386883
vn 0.236708 -0.880828 -0.410013
vn 0.157198 -0.949286 -0.272296
vn 0.221100 -0.896898 -0.382999
vn 0.315997 -0.894591 -0.315997
vn 0.334909 -0.880723 -0.334909
vn 0.222209 -0.949340 -0.222209
vn 0.313296 -0.896488 -0.313296
vn 0.386883 -0.894661 -0.223390
vn 0.410013 -0.880828 -0.236708
vn 0.272296 -0.949286 -0.157198
vn 0.382999 -0.896898 -0.221100
vn 0.431606 -0.894612 -0.115702
vn 0.303516 -0.949351 -0.081304
vn -0.938749 -0.235487 -0.251586
vn -0.938749 -0.235487 -0.251586
vn -0.971847 -0.235611 0.000000
vn -0.841643 -0.235612 -0.485925
vn -0.971847 -0.235611 0.000000
vn -0.841673 -0.235592 -0.485884
vn -0.938749 -0.235487 0.251586
vn -0.687218 -0.235506 -0.687218
vn -0.938749 -0.235487 0.251586
vn -0.687218 -0.235506 -0.687218
vn -0.841673 -0.235592 0.485884
vn -0.485925 -0.235612 -0.841643
vn -0.841643 -0.235612 0.485925
vn -0.485884 -0.235592 -0.841673
vn -0.687218 -0.235506 0.687218
vn -0.251493 -0.235493 -0.938773
vn -0.687218 -0.235506 0.687218
vn -0.251586 -0.235487 -0.938749
vn -0.485925 -0.235612 0.841643
vn 0.000000 -0.235589 -0.971853
vn -0.485925 -0.235612 0.841643
vn 0.000000 -0.235589 -0.971853
vn -0.251586 -0.235487 0.938749
vn 0.251493 -0.235493 -0.938773
vn -0.251493 -0.235493 0.938773
vn 0.251586 -0.235487 -0.938749
vn 0.000000 -0.235589 0.971853
vn 0.485925 -0.235612 -0.841643
vn 0.000000 -0.235589 0.971853
vn 0.485925 -0.235612 -0.841643
vn 0.251586 -0.235487 0.938749
vn 0.687218 -0.235506 -0.687218
vn 0.251493 -0.235493 0.938773
vn 0.687218 -0.235506 -0.687218
vn 0.485884 -0.235592 0.841673
vn 0.841643 -0.235612 -0.485925
vn 0.485925 -0.235612 0.841643
vn 0.841673 -0.235592 -0.485884
vn 0.687218 -0.235506 0.687218
vn 0.938749 -0.235487 -0.251586
vn 0.687218 -0.235506 0.687218
vn 0.938749 -0.235487 -0.251586
vn 0.841673 -0.235592 0.485884
vn 0.971847 -0.235611 -0.000000
vn 0.841643 -0.235612 0.485925
vn 0.971847 -0.235611 -0.000000
vn 0.938749 -0.235487 0.251586
vn 0.938749 -0.235487 0.251586
vn -0.071197 -0.997462 -0.000000
vn -0.068797 -0.997461 -0.018399
vn -0.000000 -1.000000 -0.000000
vn -0.068797 -0.997461 0.018399
vn -0.061698 -0.997460 -0.035599
vn -0.061698 -0.997460 0.035599
vn -0.050398 -0.997457 -0.050398
vn -0.050398 -0.997457 0.050398
vn -0.035599 -0.997460 -0.061698
vn -0.035599 -0.997460 0.061698
vn -0.018399 -0.997461 -0.068797
vn -0.018399 -0.997461 0.068797
vn 0.000000 -0.997462 -0.071197
vn 0.000000 -0.997462 0.071197
vn 0.018399 -0.997461 -0.068797
vn 0.018399 -0.997461 0.068797
vn 0.035599 -0.997460 -0.061698
vn 0.035599 -0.997460 0.061698
vn 0.050398 -0.997457 -0.050398
vn 0.050398 -0.997457 0.050398
vn 0.061698 -0.997460 0.035599
vn 0.061698 -0.997460 -0.035599
vn 0.068797 -0.997461 0.018399
vn 0.068797 -0.997461 -0.018399
vn 0.071197 -0.997462 -0.000000
vn -0.000000 -0.258808 -0.965929
vn -0.500012 -0.224105 -0.836520
vn -0.500012 -0.224105 -0.836520
vn 0.000000 -0.258808 -0.965929
vn -0.866005 -0.129401 -0.483003
vn -0.866005 -0.129401 -0.483003
vn -1.000000 -0.000000 -0.000000
vn -1.000000 -0.000000 -0.000000
vn -0.866005 0.129401 0.483003
vn -0.866005 0.129401 0.483003
vn -0.500012 0.224105 0.836520
vn -0.500012 0.224105 0.836520
vn 0.000000 0.258808 0.965929
vn 0.000000 0.258808 0.965929
vn 0.500012 0.224105 0.836520
vn 0.500012 0.224105 0.836520
vn 0.866005 0.129401 0.483003
vn 0.866005 0.129401 0.483003
vn 1.000000 -0.000000 -0.000000
vn 1.000000 0.000000 0.000000
vn 0.866005 -0.129401 -0.483003
vn 0.866005 -0.129401 -0.483003
vn 0.500012 -0.224105 -0.836520
vn 0.500012 -0.224105 -0.836520
vn 0.000000 -0.258808 -0.965929
vn -0.000000 -0.258808 -0.965929
vn 0.000000 -0.258808 -0.965929
vn -0.500012 -0.224105 -0.836520
vn -0.500012 -0.224105 -0.836520
vn -0.000000 -0.258808 -0.965929
vn -0.866005 -0.129401 -0.483003
vn -0.866005 -0.129401 -0.483003
vn -1.000000 -0.000000 -0.000000
vn -1.000000 -0.000000 -0.000000
vn -0.866005 0.129401 0.483003
vn -0.866005 0.129401 0.483003
vn -0.500012 0.224105 0.836520
vn -0.500012 0.224105 0.836520
vn 0.000000 0.258808 0.965929
vn -0.000000 0.258808 0.965929
vn 0.500012 0.224105 0.836520
vn 0.500012 0.224105 0.836520
vn 0.866005 0.129401 0.483003
vn 0.866005 0.129401 0.483003
vn 1.000000 0.000000 0.000000
vn 1.000000 -0.000000 0.000000
vn 0.866005 -0.129401 -0.483003
vn 0.866005 -0.129401 -0.483003
vn 0.500012 -0.224105 -0.836520
vn 0.500012 -0.224105 -0.836520
vn -0.000000 -0.258808 -0.965929
vn 0.000000 -0.258808 -0.965929
vn 0.000000 -0.258808 -0.965929
vn -0.500012 -0.224105 -0.836520
vn -0.500012 -0.224105 -0.836520
vn 0.000000 -0.258808 -0.965929
vn -0.866005 -0.129401 -0.483003
vn -0.866005 -0.129401 -0.483003
vn -1.000000 -0.000000 -0.000000
vn -1.000000 -0.000000 0.000000
vn -0.866005 0.129401 0.483003
vn -0.866005 0.129401 0.483003
vn -0.500012 0.224105 0.836520
vn -0.500012 0.224105 0.836520
vn -0.000000 0.258808 0.965929
vn 0.000000 0.258808 0.965929
vn 0.500012 0.224105 0.836520
vn 0.500012 0.224105 0.836520
vn 0.866005 0.129401 0.483003
vn 0.866005 0.129401 0.483003
vn 1.000000 -0.000000 0.000000
vn 1.000000 0.000000 0.000000
vn 0.866005 -0.129401 -0.483003
vn 0.866005 -0.129401 -0.483003
vn 0.500012 -0.224105 -0.836520
vn 0.500012 -0.224105 -0.836520
vn 0.000000 -0.258808 -0.965929
vn 0.000000 -0.258808 -0.965929
vn -0.000000 -0.965929 0.258808
vn -0.000000 -0.965929 0.258808
vn 0.000000 -0.965929 0.258808
vn 0.000000 -0.965929 0.258808
vn 0.000000 -0.965929 0.258808
vn -0.000000 -0.965929 0.258808
vn -0.000100 -0.965929 0.258808
vn 0.000000 -0.965929 0.258808
vn 0.000100 -0.965929 0.258808
vn -0.000000 -0.965929 0.258808
vn -0.000000 -0.965929 0.258808
vn 0.000000 -0.965929 0.258808
vn -0.000000 -0.146599 -0.989196
vn -0.496722 -0.112105 -0.860639
vn -0.496103 -0.102401 -0.862204
vn -0.000000 -0.205204 -0.978719
vn -0.000000 -0.136800 -0.990599
vn -0.500012 -0.224105 -0.836520
vn 0.000000 -0.258808 -0.965929
vn -0.866005 -0.129401 -0.483003
vn -0.859301 -0.008400 -0.511401
vn -1.000000 -0.000000 0.000000
vn -0.499211 -0.170604 -0.849519
vn 0.000000 -0.229597 -0.973286
vn -0.860331 -0.018001 -0.509418
vn -0.992252 0.119994 -0.032198
vn -0.866005 0.129401 0.483003
vn -0.500570 -0.196288 -0.843149
vn -0.000000 -0.441284 -0.897367
vn -0.864703 -0.076000 -0.496501
vn -0.490017 -0.409714 -0.769427
vn -0.000000 -0.567420 -0.823429
vn -0.469194 -0.537093 -0.700991
vn -0.847679 -0.323592 -0.420390
vn -0.811690 -0.454394 -0.366995
vn -0.935714 -0.341605 0.088001
vn -0.866537 -0.105104 -0.487921
vn -0.976955 -0.206291 0.054797
vn -0.808895 -0.229299 0.541397
vn -0.998483 0.053199 -0.014200
vn -0.999810 0.019200 -0.003300
vn -0.844400 -0.089400 0.528200
vn -0.486801 -0.004200 0.873503
vn -0.466410 -0.147303 0.872218
vn -0.865194 0.143399 0.480496
vn -0.864700 0.182400 0.468000
vn -0.499215 0.234207 0.834225
vn -0.000000 0.027001 0.999635
vn 0.000000 -0.117300 0.993097
vn -0.000000 0.267396 0.963587
vn -0.499207 0.277004 0.821012
vn 0.000000 0.311604 0.950212
vn 0.486801 -0.004200 0.873503
vn 0.466410 -0.147303 0.872218
vn 0.499215 0.234207 0.834225
vn 0.499282 0.276990 0.820971
vn 0.844393 -0.089499 0.528196
vn 0.808939 -0.229311 0.541326
vn 0.865194 0.143399 0.480496
vn 0.864700 0.182400 0.468000
vn 0.976955 -0.206291 0.054797
vn 0.935714 -0.341605 0.088001
vn 0.999810 0.019200 -0.003300
vn 0.998483 0.053199 -0.014200
vn 0.847679 -0.323592 -0.420390
vn 0.811791 -0.454295 -0.366896
vn 0.866537 -0.105104 -0.487921
vn 0.864703 -0.076000 -0.496501
vn 0.490093 -0.409694 -0.769389
vn 0.469194 -0.537093 -0.700991
vn -0.000000 -0.441284 -0.897367
vn -0.000000 -0.567420 -0.823429
vn 0.000000 -0.229597 -0.973286
vn 0.500570 -0.196288 -0.843149
vn -0.000000 -0.205204 -0.978719
vn 0.499286 -0.170595 -0.849477
vn -0.000000 -0.146599 -0.989196
vn 0.496722 -0.112105 -0.860639
vn -0.000000 -0.136800 -0.990599
vn 0.860331 -0.018001 -0.509418
vn 0.496103 -0.102401 -0.862204
vn 0.000000 -0.258808 -0.965929
vn 0.500012 -0.224105 -0.836520
vn 0.859301 -0.008400 -0.511401
vn 0.866005 -0.129401 -0.483003
vn 0.993435 0.110504 -0.029601
vn 0.992252 0.119994 -0.032198
vn 1.000000 0.000000 0.000000
vn 0.860315 0.239104 0.450208
vn 0.859301 0.248400 0.447101
vn 0.866005 0.129401 0.483003
vn 0.496706 0.333204 0.801410
vn 0.496101 0.342400 0.797901
vn 0.500012 0.224105 0.836520
vn 0.000000 0.367681 0.929952
vn 0.000000 0.376798 0.926295
vn 0.000000 0.258808 0.965929
vn -0.496706 0.333204 0.801410
vn -0.496101 0.342400 0.797901
vn -0.500012 0.224105 0.836520
vn -0.860315 0.239104 0.450208
vn -0.859301 0.248400 0.447101
vn -0.993435 0.110504 -0.029601
vn -0.500012 0.224105 -0.836520
vn -0.500012 0.224105 -0.836520
vn 0.000000 0.258808 -0.965929
vn 0.000000 0.258808 -0.965929
vn -0.866005 0.129401 -0.483003
vn -0.866005 0.129401 -0.483003
vn -1.000000 0.000000 -0.000000
vn -1.000000 0.000000 -0.000000
vn -0.866005 -0.129401 0.483003
vn -0.866005 -0.129401 0.483003
vn -0.500012 -0.224105 0.836520
vn -0.500012 -0.224105 0.836520
vn 0.000000 -0.258808 0.965929
vn 0.000000 -0.258808 0.965929
vn 0.500012 -0.224105 0.836520
vn 0.500012 -0.224105 0.836520
vn 0.866005 -0.129401 0.483003
vn 0.866005 -0.129401 0.483003
vn 1.000000 0.000000 -0.000000
vn 1.000000 0.000000 -0.000000
vn 0.866005 0.129401 -0.483003
vn 0.866005 0.129401 -0.483003
vn 0.500012 0.224105 -0.836520
vn 0.500012 0.224105 -0.836520
vn 0.000000 0.258808 -0.965929
vn 0.000000 0.258808 -0.965929
vn -0.500012 0.224105 -0.836520
vn -0.500012 0.224105 -0.836520
vn 0.000000 0.258808 -0.965929
vn 0.000000 0.258808 -0.965929
vn -0.866005 0.129401 -0.483003
vn -0.866005 0.129401 -0.483003
vn -1.000000 0.000000 -0.000000
vn -1.000000 -0.000000 0.000000
vn -0.866005 -0.129401 0.483003
vn -0.866005 -0.129401 0.483003
vn -0.500012 -0.224105 0.836520
vn -0.500012 -0.224105 0.836520
vn 0.000000 -0.258808 0.965929
vn 0.000000 -0.258808 0.965929
vn 0.500012 -0.224105 0.836520
vn 0.500012 -0.224105 0.836520
vn 0.866005 -0.129401 0.483003
vn 0.866005 -0.129401 0.483003
vn 1.000000 0.000000 -0.000000
vn 1.000000 0.000000 -0.000000
vn 0.866005 0.129401 -0.483003
vn 0.866005 0.129401 -0.483003
vn 0.500012 0.224105 -0.836520
vn 0.500012 0.224105 -0.836520
vn 0.000000 0.258808 -0.965929
vn 0.000000 0.258808 -0.965929
vn -0.500012 0.224105 -0.836520
vn -0.500012 0.224105 -0.836520
vn 0.000000 0.258808 -0.965929
vn 0.000000 0.258808 -0.965929
vn -0.866005 0.129401 -0.483003
vn -0.866005 0.129401 -0.483003
vn -1.000000 -0.000000 0.000000
vn -1.000000 0.000000 -0.000000
vn -0.866005 -0.129401 0.483003
vn -0.866005 -0.129401 0.483003
vn -0.500012 -0.224105 0.836520
vn -0.500012 -0.224105 0.836520
vn 0.000000 -0.258808 0.965929
vn 0.000000 -0.258808 0.965929
vn 0.500012 -0.224105 0.836520
vn 0.500012 -0.224105 0.836520
vn 0.866005 -0.129401 0.483003
vn 0.866005 -0.129401 0.483003
vn 1.000000 0.000000 -0.000000
vn 1.000000 0.000000 -0.000000
vn 0.866005 0.129401 -0.483003
vn 0.866005 0.129401 -0.483003
vn 0.500012 0.224105 -0.836520
vn 0.500012 0.224105 -0.836520
vn 0.000000 0.258808 -0.965929
vn 0.000000 0.258808 -0.965929
vn -0.000000 0.965929 0.258808
vn 0.000000 0.965929 0.258808
vn -0.000000 0.965929 0.258808
vn 0.000000 0.965929 0.258808
vn 0.000000 0.965929 0.258808
vn -0.000100 0.965929 0.258808
vn 0.000000 0.965929 0.258808
vn -0.000000 0.965929 0.258808
vn 0.000000 0.965929 0.258808
vn -0.000000 0.965929 0.258808
vn -0.000000 0.965929 0.258808
vn 0.000100 0.965929 0.258808
vn -0.496103 0.102401 -0.862204
vn -0.496722 0.112105 -0.860639
vn 0.000000 0.146599 -0.989196
vn 0.000000 0.136800 -0.990599
vn 0.000000 0.205204 -0.978719
vn -0.500012 0.224105 -0.836520
vn 0.000000 0.258808 -0.965929
vn -0.866005 0.129401 -0.483003
vn -0.859301 0.008400 -0.511401
vn -1.000000 0.000000 -0.000000
vn -0.499211 0.170604 -0.849519
vn 0.000000 0.229597 -0.973286
vn -0.860331 0.018001 -0.509418
vn -0.992256 -0.119995 -0.032099
vn -0.866005 -0.129401 0.483003
vn -0.500570 0.196288 -0.843149
vn 0.000000 0.441284 -0.897367
vn -0.864703 0.076000 -0.496501
vn -0.993435 -0.110504 -0.029601
vn -0.859301 -0.248400 0.447101
vn -0.500012 -0.224105 0.836520
vn -0.490017 0.409714 -0.769427
vn 0.000000 0.567420 -0.823429
vn -0.469194 0.537093 -0.700991
vn -0.847679 0.323592 -0.420390
vn -0.811756 0.454332 -0.366926
vn -0.935714 0.341605 0.088001
vn -0.866537 0.105104 -0.487921
vn -0.976955 0.206291 0.054797
vn -0.808895 0.229299 0.541397
vn -0.998482 -0.053199 -0.014300
vn -0.999810 -0.019200 -0.003300
vn -0.844393 0.089499 0.528196
vn -0.486801 0.004200 0.873503
vn -0.466410 0.147303 0.872218
vn -0.865194 -0.143399 0.480496
vn -0.864700 -0.182400 0.468000
vn -0.860315 -0.239104 0.450208
vn 0.000000 -0.027001 0.999635
vn 0.000000 0.117300 0.993097
vn -0.496101 -0.342400 0.797901
vn 0.000000 -0.258808 0.965929
vn -0.496706 -0.333204 0.801410
vn 0.000000 -0.376798 0.926295
vn 0.500012 -0.224105 0.836520
vn -0.499207 -0.277004 0.821012
vn 0.000000 -0.367681 0.929952
vn 0.496101 -0.342400 0.797901
vn 0.866005 -0.129401 0.483003
vn -0.499215 -0.234207 0.834225
vn 0.000000 -0.311604 0.950212
vn 0.496706 -0.333204 0.801410
vn 0.859301 -0.248400 0.447101
vn 1.000000 0.000000 -0.000000
vn 0.000000 -0.267396 0.963587
vn 0.499207 -0.277004 0.821012
vn 0.860315 -0.239104 0.450208
vn 0.992252 -0.119994 -0.032198
vn 0.866005 0.129401 -0.483003
vn 0.499215 -0.234207 0.834225
vn 0.486801 0.004200 0.873503
vn 0.466410 0.147303 0.872218
vn 0.859301 0.008400 -0.511401
vn 0.500012 0.224105 -0.836520
vn 0.993435 -0.110504 -0.029601
vn 0.496103 0.102401 -0.862204
vn 0.000000 0.258808 -0.965929
vn 0.000000 0.136800 -0.990599
vn 0.864700 -0.182400 0.468000
vn 0.860331 0.018001 -0.509418
vn 0.998482 -0.053199 -0.014300
vn 0.865194 -0.143399 0.480496
vn 0.496722 0.112105 -0.860639
vn 0.000000 0.146599 -0.989196
vn 0.864703 0.076000 -0.496501
vn 0.499211 0.170604 -0.849519
vn 0.000000 0.205204 -0.978719
vn 0.999810 -0.019200 -0.003300
vn 0.866537 0.105104 -0.487921
vn 0.500570 0.196288 -0.843149
vn 0.000000 0.229597 -0.973286
vn 0.844393 0.089499 0.528196
vn 0.808895 0.229299 0.541397
vn 0.976955 0.206291 0.054797
vn 0.935714 0.341605 0.088001
vn 0.847679 0.323592 -0.420390
vn 0.811690 0.454394 -0.366995
vn 0.490017 0.409714 -0.769427
vn 0.469194 0.537093 -0.700991
vn 0.000000 0.441284 -0.897367
vn 0.000000 0.567420 -0.823429
vn 0.965070 0.261992 0.000000
vn 0.932205 0.261902 0.249801
vn 0.932205 0.261902 0.249801
vn 0.965070 0.261992 -0.000000
vn 0.835795 0.261998 0.482497
vn 0.932205 0.261902 -0.249801
vn 0.835795 0.261998 0.482497
vn 0.932205 0.261902 -0.249801
vn 0.682423 0.261909 0.682423
vn 0.835795 0.261998 -0.482497
vn 0.682423 0.261909 0.682423
vn 0.835795 0.261998 -0.482497
vn 0.482497 0.261998 0.835795
vn 0.682423 0.261909 -0.682423
vn 0.482497 0.261998 0.835795
vn 0.682423 0.261909 -0.682423
vn 0.249801 0.261902 0.932205
vn 0.482497 0.261998 -0.835795
vn 0.249801 0.261902 0.932205
vn 0.482497 0.261998 -0.835795
vn -0.000000 0.261992 0.965070
vn 0.249801 0.261902 -0.932205
vn -0.000000 0.261992 0.965070
vn 0.249801 0.261902 -0.932205
vn -0.249801 0.261902 0.932205
vn 0.000000 0.261992 -0.965070
vn -0.249801 0.261902 0.932205
vn 0.000000 0.261992 -0.965070
vn -0.482497 0.261998 0.835795
vn -0.249801 0.261902 -0.932205
vn -0.482497 0.261998 0.835795
vn -0.249801 0.261902 -0.932205
vn -0.682423 0.261909 0.682423
vn -0.482497 0.261998 -0.835795
vn -0.682423 0.261909 0.682423
vn -0.482497 0.261998 -0.835795
vn -0.835795 0.261998 0.482497
vn -0.682423 0.261909 -0.682423
vn -0.835795 0.261998 0.482497
vn -0.682423 0.261909 -0.682423
vn -0.932205 0.261902 0.249801
vn -0.835795 0.261998 -0.482497
vn -0.932205 0.261902 0.249801
vn -0.835795 0.261998 -0.482497
vn -0.965070 0.261992 -0.000000
vn -0.932205 0.261902 -0.249801
vn -0.965070 0.261992 -0.000000
vn -0.932205 0.261902 -0.249801
vn 0.815889 0.335395 0.470994
vn 0.910016 0.335306 0.243804
vn 0.687996 0.701896 0.184399
vn 0.942079 0.335392 -0.000000
vn 0.835574 0.501685 0.223893
vn 0.864695 0.502297 -0.000000
vn 0.442287 0.896874 0.000000
vn 0.748885 0.502290 0.432291
vn 0.427989 0.896477 0.114697
vn 0.666176 0.335288 0.666176
vn 0.303516 0.949351 0.081304
vn 0.611683 0.501686 0.611683
vn 0.382999 0.896898 0.221100
vn 0.272296 0.949286 0.157198
vn 0.313296 0.896488 0.313296
vn 0.222209 0.949340 0.222209
vn 0.470994 0.335395 0.815889
vn 0.315997 0.894591 0.315997
vn 0.432291 0.502290 0.748885
vn 0.386892 0.894681 0.223295
vn 0.409894 0.880887 0.236696
vn 0.334909 0.880723 0.334909
vn 0.457507 0.880713 0.122602
vn 0.223390 0.894661 0.386883
vn 0.236696 0.880887 0.409894
vn 0.431606 0.894612 0.115702
vn 0.473420 0.880837 -0.000000
vn 0.115702 0.894612 0.431606
vn 0.122602 0.880713 0.457507
vn 0.157198 0.949286 0.272296
vn -0.000000 0.894687 0.446694
vn -0.000000 0.880859 0.473378
vn 0.081304 0.949351 0.303516
vn 0.221100 0.896898 0.382999
vn -0.115702 0.894612 0.431606
vn -0.122602 0.880713 0.457507
vn 0.000000 0.949292 0.314397
vn 0.114697 0.896477 0.427989
vn 0.223893 0.501685 0.835574
vn 0.243804 0.335306 0.910016
vn 0.000000 0.335392 0.942079
vn -0.000000 0.502297 0.864695
vn -0.000000 0.896874 0.442287
vn -0.081304 0.949351 0.303516
vn -0.223893 0.501685 0.835574
vn -0.223295 0.894681 0.386892
vn -0.236696 0.880887 0.409894
vn -0.114697 0.896477 0.427989
vn -0.157198 0.949286 0.272296
vn -0.315997 0.894591 0.315997
vn -0.334909 0.880723 0.334909
vn -0.386883 0.894661 0.223390
vn -0.409977 0.880851 0.236687
vn -0.222209 0.949340 0.222209
vn -0.221100 0.896898 0.382999
vn -0.431611 0.894622 0.115603
vn -0.457388 0.880776 0.122597
vn -0.272296 0.949286 0.157198
vn -0.313296 0.896488 0.313296
vn -0.432324 0.502328 0.748841
vn -0.611683 0.501686 0.611683
vn -0.382999 0.896898 0.221100
vn -0.748841 0.502328 0.432324
vn -0.303516 0.949351 0.081304
vn -0.446694 0.894687 0.000000
vn -0.473301 0.880901 -0.000000
vn -0.431606 0.894612 -0.115702
vn -0.457507 0.880713 -0.122602
vn -0.314397 0.949292 0.000000
vn -0.427989 0.896477 0.114697
vn -0.835574 0.501685 0.223893
vn -0.386883 0.894661 -0.223390
vn -0.409894 0.880887 -0.236696
vn -0.303516 0.949351 -0.081304
vn -0.442287 0.896874 -0.000000
vn -0.315997 0.894591 -0.315997
vn -0.334879 0.880745 -0.334879
vn -0.272296 0.949286 -0.157198
vn -0.427989 0.896477 -0.114697
vn -0.864695 0.502297 0.000000
vn -0.835574 0.501685 -0.223893
vn -0.382999 0.896898 -0.221100
vn -0.748841 0.502328 -0.432324
vn -0.222209 0.949340 -0.222209
vn -0.223304 0.894716 -0.386807
vn -0.236696 0.880887 -0.409894
vn -0.115702 0.894612 -0.431606
vn -0.122597 0.880776 -0.457388
vn -0.157198 0.949286 -0.272296
vn -0.313296 0.896488 -0.313296
vn -0.611683 0.501686 -0.611683
vn 0.000000 0.894687 -0.446694
vn 0.000000 0.880859 -0.473378
vn -0.081304 0.949351 -0.303516
vn -0.221100 0.896898 -0.382999
vn 0.115702 0.894612 -0.431606
vn 0.122607 0.880754 -0.457428
vn -0.000000 0.949292 -0.314397
vn -0.114697 0.896477 -0.427989
vn -0.432405 0.502306 -0.748809
vn -0.223893 0.501685 -0.835574
vn 0.000000 0.896874 -0.442287
vn 0.000000 0.502297 -0.864695
vn 0.081304 0.949351 -0.303516
vn 0.223390 0.894661 -0.386883
vn 0.236696 0.880887 -0.409894
vn 0.315997 0.894591 -0.315997
vn 0.334909 0.880723 -0.334909
vn 0.157198 0.949286 -0.272296
vn 0.114697 0.896477 -0.427989
vn 0.223893 0.501685 -0.835574
vn 0.386883 0.894661 -0.223390
vn 0.409894 0.880887 -0.236696
vn 0.222209 0.949340 -0.222209
vn 0.221100 0.896898 -0.382999
vn 0.431606 0.894612 -0.115702
vn 0.457507 0.880713 -0.122602
vn 0.272296 0.949286 -0.157198
vn 0.313296 0.896488 -0.313296
vn 0.432291 0.502290 -0.748885
vn 0.611683 0.501686 -0.611683
vn 0.382999 0.896898 -0.221100
vn 0.748841 0.502328 -0.432324
vn 0.303488 0.949361 -0.081297
vn 0.446694 0.894687 -0.000000
vn 0.314397 0.949292 -0.000000
vn 0.427989 0.896477 -0.114697
vn 0.835574 0.501685 -0.223893
vn 0.910016 0.335306 -0.243804
vn 0.815851 0.335380 -0.471071
vn 0.688009 0.701909 -0.184302
vn 0.666176 0.335288 -0.666176
vn 0.470994 0.335395 -0.815889
vn 0.503677 0.701868 -0.503677
vn 0.617099 0.701598 -0.356299
vn 0.372013 0.903031 -0.214807
vn 0.415120 0.902944 -0.111205
vn 0.303909 0.902928 -0.303909
vn 0.429607 0.903016 0.000000
vn 0.214807 0.903031 -0.372013
vn 0.712585 0.701586 0.000000
vn 0.415120 0.902944 0.111205
vn 0.372013 0.903031 0.214807
vn 0.356299 0.701598 -0.617099
vn 0.617099 0.701598 0.356299
vn 0.503677 0.701868 0.503677
vn 0.303909 0.902928 0.303909
vn 0.214807 0.903031 0.372013
vn 0.356299 0.701598 0.617099
vn 0.184302 0.701909 0.688009
vn 0.111205 0.902944 0.415120
vn -0.000000 0.903016 0.429607
vn 0.000000 0.701586 0.712585
vn -0.184302 0.701909 0.688009
vn -0.111205 0.902944 0.415120
vn -0.214807 0.903031 0.372013
vn -0.243804 0.335306 0.910016
vn -0.470994 0.335395 0.815889
vn -0.356299 0.701598 0.617099
vn -0.503677 0.701868 0.503677
vn -0.303909 0.902928 0.303909
vn -0.666176 0.335288 0.666176
vn -0.372013 0.903031 0.214807
vn -0.815889 0.335395 0.470994
vn -0.617099 0.701598 0.356299
vn -0.687996 0.701896 0.184399
vn -0.415120 0.902944 0.111205
vn -0.910016 0.335306 0.243804
vn -0.429607 0.903016 -0.000000
vn -0.942079 0.335392 0.000000
vn -0.712585 0.701586 0.000000
vn -0.688009 0.701909 -0.184302
vn -0.415120 0.902944 -0.111205
vn -0.910016 0.335306 -0.243804
vn -0.372013 0.903031 -0.214807
vn -0.815889 0.335395 -0.470994
vn -0.617099 0.701598 -0.356299
vn -0.503677 0.701868 -0.503677
vn -0.303909 0.902928 -0.303909
vn -0.666176 0.335288 -0.666176
vn -0.214807 0.903031 -0.372013
vn -0.470994 0.335395 -0.815889
vn -0.356299 0.701598 -0.617099
vn -0.184302 0.701909 -0.688009
vn -0.111205 0.902944 -0.415120
vn -0.243804 0.335306 -0.910016
vn 0.000000 0.903016 -0.429607
vn 0.000000 0.335392 -0.942079
vn -0.000000 0.701586 -0.712585
vn 0.184302 0.701909 -0.688009
vn 0.111205 0.902944 -0.415120
vn 0.243804 0.335306 -0.910016
vn -0.971847 0.235611 0.000000
vn -0.938773 0.235493 -0.251493
vn -0.938773 0.235493 -0.251493
vn -0.971847 0.235611 0.000000
vn -0.841643 0.235612 -0.485925
vn -0.938773 0.235493 0.251493
vn -0.841643 0.235612 -0.485925
vn -0.938773 0.235493 0.251493
vn -0.687218 0.235506 -0.687218
vn -0.841643 0.235612 0.485925
vn -0.687218 0.235506 -0.687218
vn -0.841643 0.235612 0.485925
vn -0.485925 0.235612 -0.841643
vn -0.687218 0.235506 0.687218
vn -0.485925 0.235612 -0.841643
vn -0.687218 0.235506 0.687218
vn -0.251493 0.235493 -0.938773
vn -0.485925 0.235612 0.841643
vn -0.251493 0.235493 -0.938773
vn -0.485925 0.235612 0.841643
vn 0.000000 0.235589 -0.971853
vn -0.251493 0.235493 0.938773
vn 0.000000 0.235589 -0.971853
vn -0.251493 0.235493 0.938773
vn 0.251493 0.235493 -0.938773
vn 0.000000 0.235589 0.971853
vn 0.251493 0.235493 -0.938773
vn 0.000000 0.235589 0.971853
vn 0.485925 0.235612 -0.841643
vn 0.251493 0.235493 0.938773
vn 0.485925 0.235612 -0.841643
vn 0.251493 0.235493 0.938773
vn 0.687218 0.235506 -0.687218
vn 0.485925 0.235612 0.841643
vn 0.687218 0.235506 -0.687218
vn 0.485925 0.235612 0.841643
vn 0.841643 0.235612 -0.485925
vn 0.687218 0.235506 0.687218
vn 0.841643 0.235612 -0.485925
vn 0.687218 0.235506 0.687218
vn 0.938773 0.235493 -0.251493
vn 0.841643 0.235612 0.485925
vn 0.938773 0.235493 -0.251493
vn 0.841643 0.235612 0.485925
vn 0.971847 0.235611 -0.000000
vn 0.938773 0.235493 0.251493
vn 0.971847 0.235611 -0.000000
vn 0.938773 0.235493 0.251493
vn -0.071197 0.997462 -0.000000
vn -0.000000 1.000000 -0.000000
vn -0.068797 0.997461 -0.018399
vn -0.068797 0.997461 0.018399
vn -0.061698 0.997460 -0.035599
vn -0.061698 0.997460 0.035599
vn -0.050398 0.997457 -0.050398
vn -0.050398 0.997457 0.050398
vn -0.035599 0.997460 -0.061698
vn -0.035599 0.997460 0.061698
vn -0.018399 0.997461 -0.068797
vn -0.018399 0.997461 0.068797
vn -0.000000 0.997462 -0.071197
vn -0.000000 0.997462 0.071197
vn 0.018399 0.997461 -0.068797
vn 0.018399 0.997461 0.068797
vn 0.035599 0.997460 -0.061698
vn 0.035599 0.997460 0.061698
vn 0.050398 0.997457 -0.050398
vn 0.050398 0.997457 0.050398
vn 0.061698 0.997460 0.035599
vn 0.061698 0.997460 -0.035599
vn 0.068797 0.997461 0.018399
vn 0.068797 0.997461 -0.018399
vn 0.071197 0.997462 -0.000000
vn 0.965070 0.261992 -0.000000
vn 0.932205 0.261902 0.249801
vn 0.932205 0.261902 0.249801
vn 0.965070 0.261992 -0.000000
vn 0.835795 0.261998 0.482497
vn 0.932205 0.261902 -0.249801
vn 0.835795 0.261998 0.482497
vn 0.932205 0.261902 -0.249801
vn 0.682423 0.261909 0.682423
vn 0.835795 0.261998 -0.482497
vn 0.682423 0.261909 0.682423
vn 0.835795 0.261998 -0.482497
vn 0.482497 0.261998 0.835795
vn 0.682423 0.261909 -0.682423
vn 0.482497 0.261998 0.835795
vn 0.682423 0.261909 -0.682423
vn 0.249801 0.261902 0.932205
vn 0.482497 0.261998 -0.835795
vn 0.249801 0.261902 0.932205
vn 0.482497 0.261998 -0.835795
vn -0.000000 0.261992 0.965070
vn 0.249801 0.261902 -0.932205
vn -0.000000 0.261992 0.965070
vn 0.249801 0.261902 -0.932205
vn -0.249801 0.261902 0.932205
vn 0.000000 0.261992 -0.965070
vn -0.249801 0.261902 0.932205
vn 0.000000 0.261992 -0.965070
vn -0.482497 0.261998 0.835795
vn -0.249801 0.261902 -0.932205
vn -0.482497 0.261998 0.835795
vn -0.249801 0.261902 -0.932205
vn -0.682423 0.261909 0.682423
vn -0.482497 0.261998 -0.835795
vn -0.682423 0.261909 0.682423
vn -0.482497 0.261998 -0.835795
vn -0.835795 0.261998 0.482497
vn -0.682423 0.261909 -0.682423
vn -0.835795 0.261998 0.482497
vn -0.682423 0.261909 -0.682423
vn -0.932205 0.261902 0.249801
vn -0.835795 0.261998 -0.482497
vn -0.932205 0.261902 0.249801
vn -0.835795 0.261998 -0.482497
vn -0.965070 0.261992 -0.000000
vn -0.932205 0.261902 -0.249801
vn -0.965070 0.261992 -0.000000
vn -0.932205 0.261902 -0.249801
vn 0.815889 0.335395 0.470994
vn 0.910016 0.335306 0.243804
vn 0.688009 0.701909 0.184302
vn 0.942079 0.335392 0.000000
vn 0.835574 0.501685 0.223893
vn 0.864695 0.502297 0.000000
vn 0.442287 0.896874 -0.000000
vn 0.748841 0.502328 0.432324
vn 0.427989 0.896477 0.114697
vn 0.666176 0.335288 0.666176
vn 0.303516 0.949351 0.081304
vn 0.611683 0.501686 0.611683
vn 0.382999 0.896898 0.221100
vn 0.272296 0.949286 0.157198
vn 0.313296 0.896488 0.313296
vn 0.222209 0.949340 0.222209
vn 0.470994 0.335395 0.815889
vn 0.315997 0.894591 0.315997
vn 0.432324 0.502328 0.748841
vn 0.386807 0.894716 0.223304
vn 0.409894 0.880887 0.236696
vn 0.334909 0.880723 0.334909
vn 0.457428 0.880754 0.122607
vn 0.223390 0.894661 0.386883
vn 0.236687 0.880851 0.409977
vn 0.431606 0.894612 0.115702
vn 0.473301 0.880901 -0.000000
vn 0.115702 0.894612 0.431606
vn 0.122602 0.880713 0.457507
vn 0.157198 0.949286 0.272296
vn -0.000000 0.894687 0.446694
vn 0.000000 0.880859 0.473378
vn 0.081304 0.949351 0.303516
vn 0.221100 0.896898 0.382999
vn -0.115702 0.894612 0.431606
vn -0.122602 0.880713 0.457507
vn 0.000000 0.949292 0.314397
vn 0.114697 0.896477 0.427989
vn 0.223912 0.501727 0.835544
vn 0.243804 0.335306 0.910016
vn -0.000000 0.335392 0.942079
vn -0.000000 0.502297 0.864695
vn 0.000000 0.896874 0.442287
vn -0.081304 0.949351 0.303516
vn -0.223893 0.501685 0.835574
vn -0.223295 0.894681 0.386892
vn -0.236696 0.880887 0.409894
vn -0.114697 0.896477 0.427989
vn -0.157198 0.949286 0.272296
vn -0.315997 0.894591 0.315997
vn -0.334909 0.880723 0.334909
vn -0.386807 0.894716 0.223304
vn -0.409894 0.880887 0.236696
vn -0.222209 0.949340 0.222209
vn -0.221100 0.896898 0.382999
vn -0.431606 0.894612 0.115702
vn -0.457507 0.880713 0.122602
vn -0.272296 0.949286 0.157198
vn -0.313296 0.896488 0.313296
vn -0.432324 0.502328 0.748841
vn -0.611683 0.501686 0.611683
vn -0.382999 0.896898 0.221100
vn -0.748885 0.502290 0.432291
vn -0.303516 0.949351 0.081304
vn -0.446694 0.894687 -0.000000
vn -0.473378 0.880859 -0.000000
vn -0.431606 0.894612 -0.115702
vn -0.457507 0.880713 -0.122602
vn -0.314397 0.949292 -0.000000
vn -0.427989 0.896477 0.114697
vn -0.835574 0.501685 0.223893
vn -0.386892 0.894681 -0.223295
vn -0.409894 0.880887 -0.236696
vn -0.303516 0.949351 -0.081304
vn -0.442287 0.896874 0.000000
vn -0.315997 0.894591 -0.315997
vn -0.334909 0.880723 -0.334909
vn -0.272296 0.949286 -0.157198
vn -0.427989 0.896477 -0.114697
vn -0.864695 0.502297 0.000000
vn -0.835574 0.501685 -0.223893
vn -0.382999 0.896898 -0.221100
vn -0.748885 0.502290 -0.432291
vn -0.222209 0.949340 -0.222209
vn -0.223304 0.894716 -0.386807
vn -0.236696 0.880887 -0.409894
vn -0.115702 0.894612 -0.431606
vn -0.122597 0.880776 -0.457388
vn -0.157198 0.949286 -0.272296
vn -0.313296 0.896488 -0.313296
vn -0.611683 0.501686 -0.611683
vn 0.000000 0.894687 -0.446694
vn 0.000000 0.880859 -0.473378
vn -0.081304 0.949351 -0.303516
vn -0.221100 0.896898 -0.382999
vn 0.115702 0.894612 -0.431606
vn 0.122607 0.880754 -0.457428
vn 0.000000 0.949292 -0.314397
vn -0.114697 0.896477 -0.427989
vn -0.432324 0.502328 -0.748841
vn -0.223893 0.501685 -0.835574
vn -0.000000 0.896874 -0.442287
vn 0.000000 0.502297 -0.864695
vn 0.081304 0.949351 -0.303516
vn 0.223390 0.894661 -0.386883
vn 0.236687 0.880851 -0.409977
vn 0.315997 0.894591 -0.315997
vn 0.334909 0.880723 -0.334909
vn 0.157198 0.949286 -0.272296
vn 0.114697 0.896477 -0.427989
vn 0.223893 0.501685 -0.835574
vn 0.386883 0.894661 -0.223390
vn 0.409894 0.880887 -0.236696
vn 0.222209 0.949340 -0.222209
vn 0.221100 0.896898 -0.382999
vn 0.431606 0.894612 -0.115702
vn 0.457507 0.880713 -0.122602
vn 0.272296 0.949286 -0.157198
vn 0.313296 0.896488 -0.313296
vn 0.432291 0.502290 -0.748885
vn 0.611683 0.501686 -0.611683
vn 0.382999 0.896898 -0.221100
vn 0.748885 0.502290 -0.432291
vn 0.303516 0.949351 -0.081304
vn 0.446694 0.894687 -0.000000
vn 0.314397 0.949292 -0.000000
vn 0.427989 0.896477 -0.114697
vn 0.835544 0.501727 -0.223912
vn 0.910016 0.335306 -0.243804
vn 0.815889 0.335395 -0.470994
vn 0.687996 0.701896 -0.184399
vn 0.666176 0.335288 -0.666176
vn 0.470994 0.335395 -0.815889
vn 0.503677 0.701868 -0.503677
vn 0.617099 0.701598 -0.356299
vn 0.372013 0.903031 -0.214807
vn 0.415120 0.902944 -0.111205
vn 0.303909 0.902928 -0.303909
vn 0.429607 0.903016 0.000000
vn 0.214807 0.903031 -0.372013
vn 0.712585 0.701586 0.000000
vn 0.415120 0.902944 0.111205
vn 0.372013 0.903031 0.214807
vn 0.356299 0.701598 -0.617099
vn 0.617099 0.701598 0.356299
vn 0.503677 0.701868 0.503677
vn 0.303909 0.902928 0.303909
vn 0.214807 0.903031 0.372013
vn 0.356299 0.701598 0.617099
vn 0.184302 0.701909 0.688009
vn 0.111205 0.902944 0.415120
vn -0.000000 0.903016 0.429607
vn 0.000000 0.701586 0.712585
vn -0.184302 0.701909 0.688009
vn -0.111205 0.902944 0.415120
vn -0.214807 0.903031 0.372013
vn -0.243804 0.335306 0.910016
vn -0.470994 0.335395 0.815889
vn -0.356299 0.701598 0.617099
vn -0.503677 0.701868 0.503677
vn -0.303909 0.902928 0.303909
vn -0.666176 0.335288 0.666176
vn -0.372013 0.903031 0.214807
vn -0.815889 0.335395 0.470994
vn -0.617099 0.701598 0.356299
vn -0.688009 0.701909 0.184302
vn -0.415120 0.902944 0.111205
vn -0.910016 0.335306 0.243804
vn -0.429607 0.903016 -0.000000
vn -0.942079 0.335392 -0.000000
vn -0.712585 0.701586 0.000000
vn -0.688009 0.701909 -0.184302
vn -0.415120 0.902944 -0.111205
vn -0.910016 0.335306 -0.243804
vn -0.372013 0.903031 -0.214807
vn -0.815889 0.335395 -0.470994
vn -0.617099 0.701598 -0.356299
vn -0.503677 0.701868 -0.503677
vn -0.303909 0.902928 -0.303909
vn -0.666176 0.335288 -0.666176
vn -0.214807 0.903031 -0.372013
vn -0.470994 0.335395 -0.815889
vn -0.356299 0.701598 -0.617099
vn -0.184399 0.701896 -0.687996
vn -0.111205 0.902944 -0.415120
vn -0.243804 0.335306 -0.910016
vn 0.000000 0.903016 -0.429607
vn -0.000000 0.335392 -0.942079
vn -0.000000 0.701586 -0.712585
vn 0.184302 0.701909 -0.688009
vn 0.111205 0.902944 -0.415120
vn 0.243804 0.335306 -0.910016
vn -0.971847 0.235611 -0.000000
vn -0.938773 0.235493 -0.251493
vn -0.938773 0.235493 -0.251493
vn -0.971847 0.235611 0.000000
vn -0.841643 0.235612 -0.485925
vn -0.938773 0.235493 0.251493
vn -0.841643 0.235612 -0.485925
vn -0.938773 0.235493 0.251493
vn -0.687218 0.235506 -0.687218
vn -0.841643 0.235612 0.485925
vn -0.687218 0.235506 -0.687218
vn -0.841643 0.235612 0.485925
vn -0.485925 0.235612 -0.841643
vn -0.687218 0.235506 0.687218
vn -0.485925 0.235612 -0.841643
vn -0.687218 0.235506 0.687218
vn -0.251493 0.235493 -0.938773
vn -0.485925 0.235612 0.841643
vn -0.251493 0.235493 -0.938773
vn -0.485925 0.235612 0.841643
vn 0.000000 0.235589 -0.971853
vn -0.251493 0.235493 0.938773
vn 0.000000 0.235589 -0.971853
vn -0.251493 0.235493 0.938773
vn 0.251493 0.235493 -0.938773
vn 0.000000 0.235589 0.971853
vn 0.251493 0.235493 -0.938773
vn 0.000000 0.235589 0.971853
vn 0.485925 0.235612 -0.841643
vn 0.251493 0.235493 0.938773
vn 0.485925 0.235612 -0.841643
vn 0.251493 0.235493 0.938773
vn 0.687218 0.235506 -0.687218
vn 0.485925 0.235612 0.841643
vn 0.687218 0.235506 -0.687218
vn 0.485925 0.235612 0.841643
vn 0.841643 0.235612 -0.485925
vn 0.687218 0.235506 0.687218
vn 0.841643 0.235612 -0.485925
vn 0.687218 0.235506 0.687218
vn 0.938773 0.235493 -0.251493
vn 0.841643 0.235612 0.485925
vn 0.938773 0.235493 -0.251493
vn 0.841643 0.235612 0.485925
vn 0.971847 0.235611 -0.000000
vn 0.938773 0.235493 0.251493
vn 0.971847 0.235611 -0.000000
vn 0.938773 0.235493 0.251493
vn -0.071197 0.997462 -0.000000
vn -0.000000 1.000000 -0.000000
vn -0.068797 0.997461 -0.018399
vn -0.068797 0.997461 0.018399
vn -0.061698 0.997460 -0.035599
vn -0.061698 0.997460 0.035599
vn -0.050398 0.997457 -0.050398
vn -0.050398 0.997457 0.050398
vn -0.035599 0.997460 -0.061698
vn -0.035599 0.997460 0.061698
vn -0.018399 0.997461 -0.068797
vn -0.018399 0.997461 0.068797
vn -0.000000 0.997462 -0.071197
vn -0.000000 0.997462 0.071197
vn 0.018399 0.997461 -0.068797
vn 0.018399 0.997461 0.068797
vn 0.035599 0.997460 -0.061698
vn 0.035599 0.997460 0.061698
vn 0.050398 0.997457 -0.050398
vn 0.050398 0.997457 0.050398
vn 0.061698 0.997460 0.035599
vn 0.061698 0.997460 -0.035599
vn 0.068797 0.997461 0.018399
vn 0.068797 0.997461 -0.018399
vn 0.071197 0.997462 -0.000000
vn -0.500012 0.224105 -0.836520
vn -0.500012 0.224105 -0.836520
vn 0.000000 0.258808 -0.965929
vn -0.000000 0.258808 -0.965929
vn -0.866005 0.129401 -0.483003
vn -0.866005 0.129401 -0.483003
vn -1.000000 0.000000 -0.000000
vn -1.000000 0.000000 0.000000
vn -0.866005 -0.129401 0.483003
vn -0.866005 -0.129401 0.483003
vn -0.500012 -0.224105 0.836520
vn -0.500012 -0.224105 0.836520
vn -0.000000 -0.258808 0.965929
vn 0.000000 -0.258808 0.965929
vn 0.500012 -0.224105 0.836520
vn 0.500012 -0.224105 0.836520
vn 0.866005 -0.129401 0.483003
vn 0.866005 -0.129401 0.483003
vn 1.000000 0.000000 -0.000000
vn 1.000000 -0.000000 -0.000000
vn 0.866005 0.129401 -0.483003
vn 0.866005 0.129401 -0.483003
vn 0.500012 0.224105 -0.836520
vn 0.500012 0.224105 -0.836520
vn -0.000000 0.258808 -0.965929
vn 0.000000 0.258808 -0.965929
vn -0.500012 0.224105 -0.836520
vn -0.500012 0.224105 -0.836520
vn 0.000000 0.258808 -0.965929
vn 0.000000 0.258808 -0.965929
vn -0.866005 0.129401 -0.483003
vn -0.866005 0.129401 -0.483003
vn -1.000000 0.000000 0.000000
vn -1.000000 -0.000000 0.000000
vn -0.866005 -0.129401 0.483003
vn -0.866005 -0.129401 0.483003
vn -0.500012 -0.224105 0.836520
vn -0.500012 -0.224105 0.836520
vn 0.000000 -0.258808 0.965929
vn 0.000000 -0.258808 0.965929
vn 0.500012 -0.224105 0.836520
vn 0.500012 -0.224105 0.836520
vn 0.866005 -0.129401 0.483003
vn 0.866005 -0.129401 0.483003
vn 1.000000 -0.000000 -0.000000
vn 1.000000 0.000000 -0.000000
vn 0.866005 0.129401 -0.483003
vn 0.866005 0.129401 -0.483003
vn 0.500012 0.224105 -0.836520
vn 0.500012 0.224105 -0.836520
vn 0.000000 0.258808 -0.965929
vn 0.000000 0.258808 -0.965929
vn -0.500012 0.224105 -0.836520
vn -0.500012 0.224105 -0.836520
vn 0.000000 0.258808 -0.965929
vn 0.000000 0.258808 -0.965929
vn -0.866005 0.129401 -0.483003
vn -0.866005 0.129401 -0.483003
vn -1.000000 -0.000000 0.000000
vn -1.000000 -0.000000 0.000000
vn -0.866005 -0.129401 0.483003
vn -0.866005 -0.129401 0.483003
vn -0.500012 -0.224105 0.836520
vn -0.500012 -0.224105 0.836520
vn 0.000000 -0.258808 0.965929
vn 0.000000 -0.258808 0.965929
vn 0.500012 -0.224105 0.836520
vn 0.500012 -0.224105 0.836520
vn 0.866005 -0.129401 0.483003
vn 0.866005 -0.129401 0.483003
vn 1.000000 0.000000 -0.000000
vn 1.000000 0.000000 0.000000
vn 0.866005 0.129401 -0.483003
vn 0.866005 0.129401 -0.483003
vn 0.500012 0.224105 -0.836520
vn 0.500012 0.224105 -0.836520
vn 0.000000 0.258808 -0.965929
vn 0.000000 0.258808 -0.965929
vn -0.000000 0.965929 0.258808
vn -0.000000 0.965929 0.258808
vn -0.000000 0.965929 0.258808
vn 0.000000 0.965929 0.258808
vn 0.000000 0.965929 0.258808
vn -0.000100 0.965929 0.258808
vn 0.000000 0.965929 0.258808
vn 0.000000 0.965929 0.258808
vn 0.000000 0.965929 0.258808
vn -0.000000 0.965929 0.258808
vn -0.000000 0.965929 0.258808
vn 0.000100 0.965929 0.258808
vn -0.496103 0.102401 -0.862204
vn -0.496722 0.112105 -0.860639
vn 0.000000 0.146599 -0.989196
vn 0.000000 0.136800 -0.990599
vn 0.000000 0.205204 -0.978719
vn -0.500012 0.224105 -0.836520
vn 0.000000 0.258808 -0.965929
vn -0.866005 0.129401 -0.483003
vn -0.859301 0.008400 -0.511401
vn -1.000000 -0.000000 0.000000
vn -0.499211 0.170604 -0.849519
vn 0.000000 0.229597 -0.973286
vn -0.860331 0.018001 -0.509418
vn -0.992252 -0.119994 -0.032198
vn -0.866005 -0.129401 0.483003
vn -0.500570 0.196288 -0.843149
vn 0.000000 0.441284 -0.897367
vn -0.864703 0.076000 -0.496501
vn -0.993435 -0.110504 -0.029601
vn -0.859301 -0.248400 0.447101
vn -0.500012 -0.224105 0.836520
vn -0.490017 0.409714 -0.769427
vn -0.000000 0.567420 -0.823429
vn -0.469194 0.537093 -0.700991
vn -0.847679 0.323592 -0.420390
vn -0.811690 0.454394 -0.366995
vn -0.935714 0.341605 0.088001
vn -0.866537 0.105104 -0.487921
vn -0.976955 0.206291 0.054797
vn -0.808895 0.229299 0.541397
vn -0.998483 -0.053199 -0.014200
vn -0.999810 -0.019200 -0.003300
vn -0.844400 0.089400 0.528200
vn -0.486801 0.004200 0.873503
vn -0.466410 0.147303 0.872218
vn -0.865194 -0.143399 0.480496
vn -0.864700 -0.182400 0.468000
vn -0.860315 -0.239104 0.450208
vn 0.000000 -0.027001 0.999635
vn -0.000000 0.117300 0.993097
vn -0.496101 -0.342400 0.797901
vn 0.000000 -0.258808 0.965929
vn -0.496706 -0.333204 0.801410
vn 0.000000 -0.376798 0.926295
vn 0.500012 -0.224105 0.836520
vn -0.499207 -0.277004 0.821012
vn 0.000000 -0.367681 0.929952
vn 0.496101 -0.342400 0.797901
vn 0.866005 -0.129401 0.483003
vn -0.499215 -0.234207 0.834225
vn 0.000000 -0.311604 0.950212
vn 0.496706 -0.333204 0.801410
vn 0.859301 -0.248400 0.447101
vn 1.000000 0.000000 0.000000
vn 0.000000 -0.267396 0.963587
vn 0.499207 -0.277004 0.821012
vn 0.860315 -0.239104 0.450208
vn 0.992256 -0.119995 -0.032099
vn 0.866005 0.129401 -0.483003
vn 0.499215 -0.234207 0.834225
vn 0.486801 0.004200 0.873503
vn 0.466410 0.147303 0.872218
vn 0.859301 0.008400 -0.511401
vn 0.500012 0.224105 -0.836520
vn 0.993435 -0.110504 -0.029601
vn 0.496103 0.102401 -0.862204
vn 0.000000 0.258808 -0.965929
vn 0.000000 0.136800 -0.990599
vn 0.864700 -0.182400 0.468000
vn 0.860331 0.018001 -0.509418
vn 0.998482 -0.053199 -0.014300
vn 0.865194 -0.143399 0.480496
vn 0.496722 0.112105 -0.860639
vn 0.000000 0.146599 -0.989196
vn 0.864703 0.076000 -0.496501
vn 0.499211 0.170604 -0.849519
vn 0.000000 0.205204 -0.978719
vn 0.999810 -0.019200 -0.003300
vn 0.866537 0.105104 -0.487921
vn 0.500570 0.196288 -0.843149
vn 0.000000 0.229597 -0.973286
vn 0.844400 0.089400 0.528200
vn 0.808895 0.229299 0.541397
vn 0.976955 0.206291 0.054797
vn 0.935714 0.341605 0.088001
vn 0.847679 0.323592 -0.420390
vn 0.811690 0.454394 -0.366995
vn 0.490093 0.409694 -0.769389
vn 0.469194 0.537093 -0.700991
vn 0.000000 0.441284 -0.897367
vn -0.000000 0.567420 -0.823429
vn 0.965070 0.261992 0.000000
vn 0.932205 0.261902 0.249801
vn 0.932205 0.261902 0.249801
vn 0.965070 0.261992 -0.000000
vn 0.835795 0.261998 0.482497
vn 0.932205 0.261902 -0.249801
vn 0.835795 0.261998 0.482497
vn 0.932205 0.261902 -0.249801
vn 0.682423 0.261909 0.682423
vn 0.835795 0.261998 -0.482497
vn 0.682423 0.261909 0.682423
vn 0.835795 0.261998 -0.482497
vn 0.482497 0.261998 0.835795
vn 0.682423 0.261909 -0.682423
vn 0.482497 0.261998 0.835795
vn 0.682423 0.261909 -0.682423
vn 0.249801 0.261902 0.932205
vn 0.482497 0.261998 -0.835795
vn 0.249801 0.261902 0.932205
vn 0.482497 0.261998 -0.835795
vn -0.000000 0.261992 0.965070
vn 0.249801 0.261902 -0.932205
vn -0.000000 0.261992 0.965070
vn 0.249801 0.261902 -0.932205
vn -0.249801 0.261902 0.932205
vn 0.000000 0.261992 -0.965070
vn -0.249801 0.261902 0.932205
vn 0.000000 0.261992 -0.965070
vn -0.482497 0.261998 0.835795
vn -0.249801 0.261902 -0.932205
vn -0.482497 0.261998 0.835795
vn -0.249801 0.261902 -0.932205
vn -0.682423 0.261909 0.682423
vn -0.482497 0.261998 -0.835795
vn -0.682423 0.261909 0.682423
vn -0.482497 0.261998 -0.835795
vn -0.835795 0.261998 0.482497
vn -0.682423 0.261909 -0.682423
vn -0.835795 0.261998 0.482497
vn -0.682423 0.261909 -0.682423
vn -0.932205 0.261902 0.249801
vn -0.835795 0.261998 -0.482497
vn -0.932205 0.261902 0.249801
vn -0.835795 0.261998 -0.482497
vn -0.965070 0.261992 -0.000000
vn -0.932205 0.261902 -0.249801
vn -0.965070 0.261992 -0.000000
vn -0.932205 0.261902 -0.249801
vn 0.815889 0.335395 0.470994
vn 0.910016 0.335306 0.243804
vn 0.687996 0.701896 0.184399
vn 0.942079 0.335392 -0.000000
vn 0.835574 0.501685 0.223893
vn 0.864695 0.502297 -0.000000
vn 0.442287 0.896874 0.000000
vn 0.748885 0.502290 0.432291
vn 0.427989 0.896477 0.114697
vn 0.666176 0.335288 0.666176
vn 0.303516 0.949351 0.081304
vn 0.611683 0.501686 0.611683
vn 0.382999 0.896898 0.221100
vn 0.272296 0.949286 0.157198
vn 0.313296 0.896488 0.313296
vn 0.222209 0.949340 0.222209
vn 0.470994 0.335395 0.815889
vn 0.315997 0.894591 0.315997
vn 0.432291 0.502290 0.748885
vn 0.386892 0.894681 0.223295
vn 0.409894 0.880887 0.236696
vn 0.334909 0.880723 0.334909
vn 0.457507 0.880713 0.122602
vn 0.223390 0.894661 0.386883
vn 0.236696 0.880887 0.409894
vn 0.431606 0.894612 0.115702
vn 0.473420 0.880837 -0.000000
vn 0.115702 0.894612 0.431606
vn 0.122602 0.880713 0.457507
vn 0.157198 0.949286 0.272296
vn -0.000000 0.894687 0.446694
vn -0.000000 0.880859 0.473378
vn 0.081304 0.949351 0.303516
vn 0.221100 0.896898 0.382999
vn -0.115702 0.894612 0.431606
vn -0.122602 0.880713 0.457507
vn 0.000000 0.949292 0.314397
vn 0.114697 0.896477 0.427989
vn 0.223893 0.501685 0.835574
vn 0.243804 0.335306 0.910016
vn 0.000000 0.335392 0.942079
vn -0.000000 0.502297 0.864695
vn -0.000000 0.896874 0.442287
vn -0.081304 0.949351 0.303516
vn -0.223893 0.501685 0.835574
vn -0.223295 0.894681 0.386892
vn -0.236696 0.880887 0.409894
vn -0.114697 0.896477 0.427989
vn -0.157198 0.949286 0.272296
vn -0.315997 0.894591 0.315997
vn -0.334909 0.880723 0.334909
vn -0.386883 0.894661 0.223390
vn -0.409977 0.880851 0.236687
vn -0.222209 0.949340 0.222209
vn -0.221100 0.896898 0.382999
vn -0.431611 0.894622 0.115603
vn -0.457388 0.880776 0.122597
vn -0.272296 0.949286 0.157198
vn -0.313296 0.896488 0.313296
vn -0.432324 0.502328 0.748841
vn -0.611683 0.501686 0.611683
vn -0.382999 0.896898 0.221100
vn -0.748841 0.502328 0.432324
vn -0.303516 0.949351 0.081304
vn -0.446694 0.894687 0.000000
vn -0.473301 0.880901 -0.000000
vn -0.431606 0.894612 -0.115702
vn -0.457507 0.880713 -0.122602
vn -0.314397 0.949292 0.000000
vn -0.427989 0.896477 0.114697
vn -0.835574 0.501685 0.223893
vn -0.386883 0.894661 -0.223390
vn -0.409894 0.880887 -0.236696
vn -0.303516 0.949351 -0.081304
vn -0.442287 0.896874 -0.000000
vn -0.315997 0.894591 -0.315997
vn -0.334879 0.880745 -0.334879
vn -0.272296 0.949286 -0.157198
vn -0.427989 0.896477 -0.114697
vn -0.864695 0.502297 0.000000
vn -0.835574 0.501685 -0.223893
vn -0.382999 0.896898 -0.221100
vn -0.748841 0.502328 -0.432324
vn -0.222209 0.949340 -0.222209
vn -0.223304 0.894716 -0.386807
vn -0.236696 0.880887 -0.409894
vn -0.115702 0.894612 -0.431606
vn -0.122597 0.880776 -0.457388
vn -0.157198 0.949286 -0.272296
vn -0.313296 0.896488 -0.313296
vn -0.611683 0.501686 -0.611683
vn 0.000000 0.894687 -0.446694
vn 0.000000 0.880859 -0.473378
vn -0.081304 0.949351 -0.303516
vn -0.221100 0.896898 -0.382999
vn 0.115702 0.894612 -0.431606
vn 0.122607 0.880754 -0.457428
vn -0.000000 0.949292 -0.314397
vn -0.114697 0.896477 -0.427989
vn -0.432405 0.502306 -0.748809
vn -0.223893 0.501685 -0.835574
vn 0.000000 0.896874 -0.442287
vn 0.000000 0.502297 -0.864695
vn 0.081304 0.949351 -0.303516
vn 0.223390 0.894661 -0.386883
vn 0.236696 0.880887 -0.409894
vn 0.315997 0.894591 -0.315997
vn 0.334909 0.880723 -0.334909
vn 0.157198 0.949286 -0.272296
vn 0.114697 0.896477 -0.427989
vn 0.223893 0.501685 -0.835574
vn 0.386883 0.894661 -0.223390
vn 0.409894 0.880887 -0.236696
vn 0.222209 0.949340 -0.222209
vn 0.221100 0.896898 -0.382999
vn 0.431606 0.894612 -0.115702
vn 0.457507 0.880713 -0.122602
vn 0.272296 0.949286 -0.157198
vn 0.313296 0.896488 -0.313296
vn 0.432291 0.502290 -0.748885
vn 0.611683 0.501686 -0.611683
vn 0.382999 0.896898 -0.221100
vn 0.748841 0.502328 -0.432324
vn 0.303488 0.949361 -0.081297
vn 0.446694 0.894687 -0.000000
vn 0.314397 0.949292 -0.000000
vn 0.427989 0.896477 -0.114697
vn 0.835574 0.501685 -0.223893
vn 0.910016 0.335306 -0.243804
vn 0.815851 0.335380 -0.471071
vn 0.688009 0.701909 -0.184302
vn 0.666176 0.335288 -0.666176
vn 0.470994 0.335395 -0.815889
vn 0.503677 0.701868 -0.503677
vn 0.617099 0.701598 -0.356299
vn 0.372013 0.903031 -0.214807
vn 0.415120 0.902944 -0.111205
vn 0.303909 0.902928 -0.303909
vn 0.429607 0.903016 0.000000
vn 0.214807 0.903031 -0.372013
vn 0.712585 0.701586 0.000000
vn 0.415120 0.902944 0.111205
vn 0.372013 0.903031 0.214807
vn 0.356299 0.701598 -0.617099
vn 0.617099 0.701598 0.356299
vn 0.503677 0.701868 0.503677
vn 0.303909 0.902928 0.303909
vn 0.214807 0.903031 0.372013
vn 0.356299 0.701598 0.617099
vn 0.184302 0.701909 0.688009
vn 0.111205 0.902944 0.415120
vn -0.000000 0.903016 0.429607
vn 0.000000 0.701586 0.712585
vn -0.184302 0.701909 0.688009
vn -0.111205 0.902944 0.415120
vn -0.214807 0.903031 0.372013
vn -0.243804 0.335306 0.910016
vn -0.470994 0.335395 0.815889
vn -0.356299 0.701598 0.617099
vn -0.503677 0.701868 0.503677
vn -0.303909 0.902928 0.303909
vn -0.666176 0.335288 0.666176
vn -0.372013 0.903031 0.214807
vn -0.815889 0.335395 0.470994
vn -0.617099 0.701598 0.356299
vn -0.687996 0.701896 0.184399
vn -0.415120 0.902944 0.111205
vn -0.910016 0.335306 0.243804
vn -0.429607 0.903016 -0.000000
vn -0.942079 0.335392 0.000000
vn -0.712585 0.701586 0.000000
vn -0.688009 0.701909 -0.184302
vn -0.415120 0.902944 -0.111205
vn -0.910016 0.335306 -0.243804
vn -0.372013 0.903031 -0.214807
vn -0.815889 0.335395 -0.470994
vn -0.617099 0.701598 -0.356299
vn -0.503677 0.701868 -0.503677
vn -0.303909 0.902928 -0.303909
vn -0.666176 0.335288 -0.666176
vn -0.214807 0.903031 -0.372013
vn -0.470994 0.335395 -0.815889
vn -0.356299 0.701598 -0.617099
vn -0.184302 0.701909 -0.688009
vn -0.111205 0.902944 -0.415120
vn -0.243804 0.335306 -0.910016
vn 0.000000 0.903016 -0.429607
vn 0.000000 0.335392 -0.942079
vn -0.000000 0.701586 -0.712585
vn 0.184302 0.701909 -0.688009
vn 0.111205 0.902944 -0.415120
vn 0.243804 0.335306 -0.910016
vn -0.971847 0.235611 0.000000
vn -0.938773 0.235493 -0.251493
vn -0.938773 0.235493 -0.251493
vn -0.971847 0.235611 0.000000
vn -0.841643 0.235612 -0.485925
vn -0.938773 0.235493 0.251493
vn -0.841643 0.235612 -0.485925
vn -0.938773 0.235493 0.251493
vn -0.687218 0.235506 -0.687218
vn -0.841643 0.235612 0.485925
vn -0.687218 0.235506 -0.687218
vn -0.841643 0.235612 0.485925
vn -0.485925 0.235612 -0.841643
vn -0.687218 0.235506 0.687218
vn -0.485925 0.235612 -0.841643
vn -0.687218 0.235506 0.687218
vn -0.251493 0.235493 -0.938773
vn -0.485925 0.235612 0.841643
vn -0.251493 0.235493 -0.938773
vn -0.485925 0.235612 0.841643
vn 0.000000 0.235589 -0.971853
vn -0.251493 0.235493 0.938773
vn 0.000000 0.235589 -0.971853
vn -0.251493 0.235493 0.938773
vn 0.251493 0.235493 -0.938773
vn 0.000000 0.235589 0.971853
vn 0.251493 0.235493 -0.938773
vn 0.000000 0.235589 0.971853
vn 0.485925 0.235612 -0.841643
vn 0.251493 0.235493 0.938773
vn 0.485925 0.235612 -0.841643
vn 0.251493 0.235493 0.938773
vn 0.687218 0.235506 -0.687218
vn 0.485925 0.235612 0.841643
vn 0.687218 0.235506 -0.687218
vn 0.485925 0.235612 0.841643
vn 0.841643 0.235612 -0.485925
vn 0.687218 0.235506 0.687218
vn 0.841643 0.235612 -0.485925
vn 0.687218 0.235506 0.687218
vn 0.938773 0.235493 -0.251493
vn 0.841643 0.235612 0.485925
vn 0.938773 0.235493 -0.251493
vn 0.841643 0.235612 0.485925
vn 0.971847 0.235611 -0.000000
vn 0.938773 0.235493 0.251493
vn 0.971847 0.235611 -0.000000
vn 0.938773 0.235493 0.251493
vn -0.071197 0.997462 -0.000000
vn -0.000000 1.000000 -0.000000
vn -0.068797 0.997461 -0.018399
vn -0.068797 0.997461 0.018399
vn -0.061698 0.997460 -0.035599
vn -0.061698 0.997460 0.035599
vn -0.050398 0.997457 -0.050398
vn -0.050398 0.997457 0.050398
vn -0.035599 0.997460 -0.061698
vn -0.035599 0.997460 0.061698
vn -0.018399 0.997461 -0.068797
vn -0.018399 0.997461 0.068797
vn -0.000000 0.997462 -0.071197
vn -0.000000 0.997462 0.071197
vn 0.018399 0.997461 -0.068797
vn 0.018399 0.997461 0.068797
vn 0.035599 0.997460 -0.061698
vn 0.035599 0.997460 0.061698
vn 0.050398 0.997457 -0.050398
vn 0.050398 0.997457 0.050398
vn 0.061698 0.997460 0.035599
vn 0.061698 0.997460 -0.035599
vn 0.068797 0.997461 0.018399
vn 0.068797 0.997461 -0.018399
vn 0.071197 0.997462 -0.000000
vn -0.500012 0.224105 -0.836520
vn -0.500012 0.224105 -0.836520
vn 0.000000 0.258808 -0.965929
vn 0.000000 0.258808 -0.965929
vn -0.866005 0.129401 -0.483003
vn -0.866005 0.129401 -0.483003
vn -1.000000 0.000000 -0.000000
vn -1.000000 0.000000 0.000000
vn -0.866005 -0.129401 0.483003
vn -0.866005 -0.129401 0.483003
vn -0.500012 -0.224105 0.836520
vn -0.500012 -0.224105 0.836520
vn 0.000000 -0.258808 0.965929
vn 0.000000 -0.258808 0.965929
vn 0.500012 -0.224105 0.836520
vn 0.500012 -0.224105 0.836520
vn 0.866005 -0.129401 0.483003
vn 0.866005 -0.129401 0.483003
vn 1.000000 0.000000 -0.000000
vn 1.000000 -0.000000 -0.000000
vn 0.866005 0.129401 -0.483003
vn 0.866005 0.129401 -0.483003
vn 0.500012 0.224105 -0.836520
vn 0.500012 0.224105 -0.836520
vn 0.000000 0.258808 -0.965929
vn 0.000000 0.258808 -0.965929
vn -0.500012 0.224105 -0.836520
vn -0.500012 0.224105 -0.836520
vn 0.000000 0.258808 -0.965929
vn 0.000000 0.258808 -0.965929
vn -0.866005 0.129401 -0.483003
vn -0.866005 0.129401 -0.483003
vn -1.000000 0.000000 0.000000
vn -1.000000 -0.000000 0.000000
vn -0.866005 -0.129401 0.483003
vn -0.866005 -0.129401 0.483003
vn -0.500012 -0.224105 0.836520
vn -0.500012 -0.224105 0.836520
vn 0.000000 -0.258808 0.965929
vn 0.000000 -0.258808 0.965929
vn 0.500012 -0.224105 0.836520
vn 0.500012 -0.224105 0.836520
vn 0.866005 -0.129401 0.483003
vn 0.866005 -0.129401 0.483003
vn 1.000000 -0.000000 -0.000000
vn 1.000000 0.000000 -0.000000
vn 0.866005 0.129401 -0.483003
vn 0.866005 0.129401 -0.483003
vn 0.500012 0.224105 -0.836520
vn 0.500012 0.224105 -0.836520
vn 0.000000 0.258808 -0.965929
vn 0.000000 0.258808 -0.965929
vn -0.500012 0.224105 -0.836520
vn -0.500012 0.224105 -0.836520
vn 0.000000 0.258808 -0.965929
vn 0.000000 0.258808 -0.965929
vn -0.866005 0.129401 -0.483003
vn -0.866005 0.129401 -0.483003
vn -1.000000 -0.000000 0.000000
vn -1.000000 0.000000 -0.000000
vn -0.866005 -0.129401 0.483003
vn -0.866005 -0.129401 0.483003
vn -0.500012 -0.224105 0.836520
vn -0.500012 -0.224105 0.836520
vn 0.000000 -0.258808 0.965929
vn 0.000000 -0.258808 0.965929
vn 0.500012 -0.224105 0.836520
vn 0.500012 -0.224105 0.836520
vn 0.866005 -0.129401 0.483003
vn 0.866005 -0.129401 0.483003
vn 1.000000 0.000000 -0.000000
vn 1.000000 0.000000 0.000000
vn 0.866005 0.129401 -0.483003
vn 0.866005 0.129401 -0.483003
vn 0.500012 0.224105 -0.836520
vn 0.500012 0.224105 -0.836520
vn 0.000000 0.258808 -0.965929
vn 0.000000 0.258808 -0.965929
vn -0.000000 0.965929 0.258808
vn 0.000000 0.965929 0.258808
vn -0.000000 0.965929 0.258808
vn 0.000000 0.965929 0.258808
vn 0.000000 0.965929 0.258808
vn -0.000100 0.965929 0.258808
vn 0.000000 0.965929 0.258808
vn -0.000000 0.965929 0.258808
vn 0.000000 0.965929 0.258808
vn -0.000000 0.965929 0.258808
vn -0.000000 0.965929 0.258808
vn 0.000100 0.965929 0.258808
vn -0.496103 0.102401 -0.862204
vn -0.496722 0.112105 -0.860639
vn 0.000000 0.146599 -0.989196
vn 0.000000 0.136800 -0.990599
vn 0.000000 0.205204 -0.978719
vn -0.500012 0.224105 -0.836520
vn 0.000000 0.258808 -0.965929
vn -0.866005 0.129401 -0.483003
vn -0.859301 0.008400 -0.511401
vn -1.000000 0.000000 -0.000000
vn -0.499211 0.170604 -0.849519
vn 0.000000 0.229597 -0.973286
vn -0.860331 0.018001 -0.509418
vn -0.992256 -0.119995 -0.032099
vn -0.866005 -0.129401 0.483003
vn -0.500570 0.196288 -0.843149
vn 0.000000 0.441284 -0.897367
vn -0.864703 0.076000 -0.496501
vn -0.993435 -0.110504 -0.029601
vn -0.859301 -0.248400 0.447101
vn -0.500012 -0.224105 0.836520
vn -0.490017 0.409714 -0.769427
vn 0.000000 0.567420 -0.823429
vn -0.469194 0.537093 -0.700991
vn -0.847679 0.323592 -0.420390
vn -0.811756 0.454332 -0.366926
vn -0.935714 0.341605 0.088001
vn -0.866537 0.105104 -0.487921
vn -0.976955 0.206291 0.054797
vn -0.808895 0.229299 0.541397
vn -0.998482 -0.053199 -0.014300
vn -0.999810 -0.019200 -0.003300
vn -0.844393 0.089499 0.528196
vn -0.486801 0.004200 0.873503
vn -0.466410 0.147303 0.872218
vn -0.865194 -0.143399 0.480496
vn -0.864700 -0.182400 0.468000
vn -0.860315 -0.239104 0.450208
vn 0.000000 -0.027001 0.999635
vn 0.000000 0.117300 0.993097
vn -0.496101 -0.342400 0.797901
vn 0.000000 -0.258808 0.965929
vn -0.496706 -0.333204 0.801410
vn 0.000000 -0.376798 0.926295
vn 0.500012 -0.224105 0.836520
vn -0.499207 -0.277004 0.821012
vn 0.000000 -0.367681 0.929952
vn 0.496101 -0.342400 0.797901
vn 0.866005 -0.129401 0.483003
vn -0.499215 -0.234207 0.834225
vn 0.000000 -0.311604 0.950212
vn 0.496706 -0.333204 0.801410
vn 0.859301 -0.248400 0.447101
vn 1.000000 0.000000 0.000000
vn 0.000000 -0.267396 0.963587
vn 0.499207 -0.277004 0.821012
vn 0.860315 -0.239104 0.450208
vn 0.992252 -0.119994 -0.032198
vn 0.866005 0.129401 -0.483003
vn 0.499215 -0.234207 0.834225
vn 0.486801 0.004200 0.873503
vn 0.466410 0.147303 0.872218
vn 0.859301 0.008400 -0.511401
vn 0.500012 0.224105 -0.836520
vn 0.993435 -0.110504 -0.029601
vn 0.496103 0.102401 -0.862204
vn 0.000000 0.258808 -0.965929
vn 0.000000 0.136800 -0.990599
vn 0.864700 -0.182400 0.468000
vn 0.860331 0.018001 -0.509418
vn 0.998482 -0.053199 -0.014300
vn 0.865194 -0.143399 0.480496
vn 0.496722 0.112105 -0.860639
vn 0.000000 0.146599 -0.989196
vn 0.864703 0.076000 -0.496501
vn 0.499211 0.170604 -0.849519
vn 0.000000 0.205204 -0.978719
vn 0.999810 -0.019200 -0.003300
vn 0.866537 0.105104 -0.487921
vn 0.500570 0.196288 -0.843149
vn 0.000000 0.229597 -0.973286
vn 0.844393 0.089499 0.528196
vn 0.808895 0.229299 0.541397
vn 0.976955 0.206291 0.054797
vn 0.935714 0.341605 0.088001
vn 0.847679 0.323592 -0.420390
vn 0.811690 0.454394 -0.366995
vn 0.490017 0.409714 -0.769427
vn 0.469194 0.537093 -0.700991
vn 0.000000 0.441284 -0.897367
vn 0.000000 0.567420 -0.823429
vn 0.965070 0.261992 -0.000000
vn 0.932230 0.261808 0.249808
vn 0.932205 0.261902 0.249801
vn 0.965070 0.261992 -0.000000
vn 0.835795 0.261998 0.482497
vn 0.932205 0.261902 -0.249801
vn 0.835795 0.261998 0.482497
vn 0.932205 0.261902 -0.249801
vn 0.682423 0.261909 0.682423
vn 0.835795 0.261998 -0.482497
vn 0.682423 0.261909 0.682423
vn 0.835795 0.261998 -0.482497
vn 0.482497 0.261998 0.835795
vn 0.682423 0.261909 -0.682423
vn 0.482497 0.261998 0.835795
vn 0.682423 0.261909 -0.682423
vn 0.249801 0.261902 0.932205
vn 0.482497 0.261998 -0.835795
vn 0.249801 0.261902 0.932205
vn 0.482497 0.261998 -0.835795
vn -0.000000 0.261992 0.965070
vn 0.249801 0.261902 -0.932205
vn -0.000000 0.261992 0.965070
vn 0.249801 0.261902 -0.932205
vn -0.249801 0.261902 0.932205
vn 0.000000 0.261992 -0.965070
vn -0.249801 0.261902 0.932205
vn 0.000000 0.261992 -0.965070
vn -0.482497 0.261998 0.835795
vn -0.249801 0.261902 -0.932205
vn -0.482497 0.261998 0.835795
vn -0.249801 0.261902 -0.932205
vn -0.682423 0.261909 0.682423
vn -0.482497 0.261998 -0.835795
vn -0.682423 0.261909 0.682423
vn -0.482497 0.261998 -0.835795
vn -0.835795 0.261998 0.482497
vn -0.682441 0.261816 -0.682441
vn -0.835795 0.261998 0.482497
vn -0.682441 0.261816 -0.682441
vn -0.932205 0.261902 0.249801
vn -0.835795 0.261998 -0.482497
vn -0.932205 0.261902 0.249801
vn -0.835795 0.261998 -0.482497
vn -0.965070 0.261992 -0.000000
vn -0.932230 0.261808 -0.249808
vn -0.965070 0.261992 -0.000000
vn -0.932205 0.261902 -0.249801
vn 0.815889 0.335395 0.470994
vn 0.910016 0.335306 0.243804
vn 0.688009 0.701909 0.184302
vn 0.942079 0.335392 0.000000
vn 0.835544 0.501727 0.223912
vn 0.864695 0.502297 -0.000000
vn 0.442287 0.896874 -0.000000
vn 0.748809 0.502306 0.432405
vn 0.427989 0.896477 0.114697
vn 0.666176 0.335288 0.666176
vn 0.303516 0.949351 0.081304
vn 0.611683 0.501686 0.611683
vn 0.382999 0.896898 0.221100
vn 0.272296 0.949286 0.157198
vn 0.313296 0.896488 0.313296
vn 0.222209 0.949340 0.222209
vn 0.470994 0.335395 0.815889
vn 0.315997 0.894591 0.315997
vn 0.432324 0.502328 0.748841
vn 0.386807 0.894716 0.223304
vn 0.409904 0.880908 0.236602
vn 0.334879 0.880745 0.334879
vn 0.457314 0.880827 0.122504
vn 0.223390 0.894661 0.386883
vn 0.236687 0.880851 0.409977
vn 0.431611 0.894622 0.115603
vn 0.473301 0.880901 -0.000000
vn 0.115702 0.894612 0.431606
vn 0.122602 0.880713 0.457507
vn 0.157202 0.949312 0.272203
vn 0.000000 0.894687 0.446694
vn 0.000000 0.880859 0.473378
vn 0.081304 0.949351 0.303516
vn 0.221100 0.896898 0.382999
vn -0.115702 0.894612 0.431606
vn -0.122602 0.880713 0.457507
vn -0.000000 0.949292 0.314397
vn 0.114697 0.896477 0.427989
vn 0.223912 0.501727 0.835544
vn 0.243804 0.335306 0.910016
vn -0.000000 0.335392 0.942079
vn -0.000000 0.502297 0.864695
vn -0.000000 0.896874 0.442287
vn -0.081304 0.949351 0.303516
vn -0.223893 0.501685 0.835574
vn -0.223304 0.894716 0.386807
vn -0.236696 0.880887 0.409894
vn -0.114697 0.896477 0.427989
vn -0.157198 0.949286 0.272296
vn -0.315997 0.894591 0.315997
vn -0.334909 0.880723 0.334909
vn -0.386883 0.894661 0.223390
vn -0.410013 0.880828 0.236708
vn -0.222209 0.949340 0.222209
vn -0.221100 0.896898 0.382999
vn -0.431611 0.894622 0.115603
vn -0.457388 0.880776 0.122597
vn -0.272296 0.949286 0.157198
vn -0.313296 0.896488 0.313296
vn -0.432324 0.502328 0.748841
vn -0.611620 0.501716 0.611720
vn -0.382999 0.896898 0.221100
vn -0.748841 0.502328 0.432324
vn -0.303516 0.949351 0.081304
vn -0.446694 0.894687 -0.000000
vn -0.473301 0.880901 -0.000000
vn -0.431611 0.894622 -0.115603
vn -0.457393 0.880787 -0.122498
vn -0.314397 0.949292 0.000000
vn -0.427989 0.896477 0.114697
vn -0.835544 0.501727 0.223912
vn -0.386807 0.894716 -0.223304
vn -0.409904 0.880908 -0.236602
vn -0.303516 0.949351 -0.081304
vn -0.442287 0.896874 0.000000
vn -0.315997 0.894591 -0.315997
vn -0.334879 0.880745 -0.334879
vn -0.272296 0.949286 -0.157198
vn -0.427989 0.896477 -0.114697
vn -0.864695 0.502297 0.000000
vn -0.835544 0.501727 -0.223912
vn -0.382999 0.896898 -0.221100
vn -0.748809 0.502306 -0.432405
vn -0.222209 0.949340 -0.222209
vn -0.223304 0.894716 -0.386807
vn -0.236696 0.880887 -0.409894
vn -0.115603 0.894622 -0.431611
vn -0.122597 0.880776 -0.457388
vn -0.157198 0.949286 -0.272296
vn -0.313296 0.896488 -0.313296
vn -0.611683 0.501686 -0.611683
vn 0.000000 0.894687 -0.446694
vn 0.000000 0.880859 -0.473378
vn -0.081304 0.949351 -0.303516
vn -0.221100 0.896898 -0.382999
vn 0.115603 0.894622 -0.431611
vn 0.122597 0.880776 -0.457388
vn 0.000000 0.949292 -0.314397
vn -0.114697 0.896477 -0.427989
vn -0.432405 0.502306 -0.748809
vn -0.223912 0.501727 -0.835544
vn 0.000000 0.896874 -0.442287
vn 0.000000 0.502297 -0.864695
vn 0.081304 0.949351 -0.303516
vn 0.223390 0.894661 -0.386883
vn 0.236708 0.880828 -0.410013
vn 0.315997 0.894591 -0.315997
vn 0.334909 0.880723 -0.334909
vn 0.157198 0.949286 -0.272296
vn 0.114697 0.896477 -0.427989
vn 0.223912 0.501727 -0.835544
vn 0.386883 0.894661 -0.223390
vn 0.410013 0.880828 -0.236708
vn 0.222209 0.949340 -0.222209
vn 0.221100 0.896898 -0.382999
vn 0.431606 0.894612 -0.115702
vn 0.457507 0.880713 -0.122602
vn 0.272296 0.949286 -0.157198
vn 0.313296 0.896488 -0.313296
vn 0.432405 0.502306 -0.748809
vn 0.611620 0.501716 -0.611720
vn 0.382999 0.896898 -0.221100
vn 0.748841 0.502328 -0.432324
vn 0.303516 0.949351 -0.081304
vn 0.446694 0.894687 -0.000000
vn 0.314397 0.949292 -0.000000
vn 0.427989 0.896477 -0.114697
vn 0.835544 0.501727 -0.223912
vn 0.910016 0.335306 -0.243804
vn 0.815889 0.335395 -0.470994
vn 0.688009 0.701909 -0.184302
vn 0.666176 0.335288 -0.666176
vn 0.470994 0.335395 -0.815889
vn 0.503602 0.701903 -0.503702
vn 0.617099 0.701598 -0.356299
vn 0.372013 0.903031 -0.214807
vn 0.415120 0.902944 -0.111205
vn 0.303909 0.902928 -0.303909
vn 0.429607 0.903016 0.000000
vn 0.214807 0.903031 -0.372013
vn 0.712585 0.701586 0.000000
vn 0.415120 0.902944 0.111205
vn 0.372013 0.903031 0.214807
vn 0.356299 0.701598 -0.617099
vn 0.617099 0.701598 0.356299
vn 0.503677 0.701868 0.503677
vn 0.303909 0.902928 0.303909
vn 0.214807 0.903031 0.372013
vn 0.356299 0.701598 0.617099
vn 0.184302 0.701909 0.688009
vn 0.111205 0.902944 0.415120
vn 0.000000 0.903016 0.429607
vn 0.000000 0.701586 0.712585
vn -0.184302 0.701909 0.688009
vn -0.111205 0.902944 0.415120
vn -0.214807 0.903031 0.372013
vn -0.243804 0.335306 0.910016
vn -0.470994 0.335395 0.815889
vn -0.356299 0.701598 0.617099
vn -0.503677 0.701868 0.503677
vn -0.303909 0.902928 0.303909
vn -0.666176 0.335288 0.666176
vn -0.372013 0.903031 0.214807
vn -0.815889 0.335395 0.470994
vn -0.617099 0.701598 0.356299
vn -0.688009 0.701909 0.184302
vn -0.415120 0.902944 0.111205
vn -0.910016 0.335306 0.243804
vn -0.429607 0.903016 0.000000
vn -0.942079 0.335392 -0.000000
vn -0.712585 0.701586 0.000000
vn -0.688009 0.701909 -0.184302
vn -0.415120 0.902944 -0.111205
vn -0.910016 0.335306 -0.243804
vn -0.372013 0.903031 -0.214807
vn -0.815889 0.335395 -0.470994
vn -0.617099 0.701598 -0.356299
vn -0.503677 0.701868 -0.503677
vn -0.303909 0.902928 -0.303909
vn -0.666176 0.335288 -0.666176
vn -0.214807 0.903031 -0.372013
vn -0.470994 0.335395 -0.815889
vn -0.356299 0.701598 -0.617099
vn -0.184302 0.701909 -0.688009
vn -0.111205 0.902944 -0.415120
vn -0.243804 0.335306 -0.910016
vn 0.000000 0.903016 -0.429607
vn 0.000000 0.335392 -0.942079
vn -0.000000 0.701586 -0.712585
vn 0.184302 0.701909 -0.688009
vn 0.111205 0.902944 -0.415120
vn 0.243804 0.335306 -0.910016
vn -0.971847 0.235611 0.000000
vn -0.938749 0.235487 -0.251586
vn -0.938749 0.235487 -0.251586
vn -0.971847 0.235611 0.000000
vn -0.841643 0.235612 -0.485925
vn -0.938749 0.235487 0.251586
vn -0.841673 0.235592 -0.485884
vn -0.938749 0.235487 0.251586
vn -0.687218 0.235506 -0.687218
vn -0.841673 0.235592 0.485884
vn -0.687218 0.235506 -0.687218
vn -0.841643 0.235612 0.485925
vn -0.485925 0.235612 -0.841643
vn -0.687218 0.235506 0.687218
vn -0.485884 0.235592 -0.841673
vn -0.687218 0.235506 0.687218
vn -0.251493 0.235493 -0.938773
vn -0.485925 0.235612 0.841643
vn -0.251586 0.235487 -0.938749
vn -0.485925 0.235612 0.841643
vn 0.000000 0.235589 -0.971853
vn -0.251586 0.235487 0.938749
vn 0.000000 0.235589 -0.971853
vn -0.251493 0.235493 0.938773
vn 0.251493 0.235493 -0.938773
vn 0.000000 0.235589 0.971853
vn 0.251586 0.235487 -0.938749
vn 0.000000 0.235589 0.971853
vn 0.485925 0.235612 -0.841643
vn 0.251586 0.235487 0.938749
vn 0.485925 0.235612 -0.841643
vn 0.251493 0.235493 0.938773
vn 0.687218 0.235506 -0.687218
vn 0.485884 0.235592 0.841673
vn 0.687218 0.235506 -0.687218
vn 0.485925 0.235612 0.841643
vn 0.841643 0.235612 -0.485925
vn 0.687218 0.235506 0.687218
vn 0.841673 0.235592 -0.485884
vn 0.687218 0.235506 0.687218
vn 0.938749 0.235487 -0.251586
vn 0.841673 0.235592 0.485884
vn 0.938749 0.235487 -0.251586
vn 0.841643 0.235612 0.485925
vn 0.971847 0.235611 -0.000000
vn 0.938749 0.235487 0.251586
vn 0.971847 0.235611 -0.000000
vn 0.938749 0.235487 0.251586
vn -0.071197 0.997462 -0.000000
vn -0.000000 1.000000 -0.000000
vn -0.068797 0.997461 -0.018399
vn -0.068797 0.997461 0.018399
vn -0.061698 0.997460 -0.035599
vn -0.061698 0.997460 0.035599
vn -0.050398 0.997457 -0.050398
vn -0.050398 0.997457 0.050398
vn -0.035599 0.997460 -0.061698
vn -0.035599 0.997460 0.061698
vn -0.018399 0.997461 -0.068797
vn -0.018399 0.997461 0.068797
vn -0.000000 0.997462 -0.071197
vn 0.000000 0.997462 0.071197
vn 0.018399 0.997461 -0.068797
vn 0.018399 0.997461 0.068797
vn 0.035599 0.997460 -0.061698
vn 0.035599 0.997460 0.061698
vn 0.050398 0.997457 -0.050398
vn 0.050398 0.997457 0.050398
vn 0.061698 0.997460 0.035599
vn 0.061698 0.997460 -0.035599
vn 0.068797 0.997461 0.018399
vn 0.068797 0.997461 -0.018399
vn 0.071197 0.997462 -0.000000
vn -0.500012 0.224105 -0.836520
vn -0.500012 0.224105 -0.836520
vn -0.000000 0.258808 -0.965929
vn -0.000000 0.258808 -0.965929
vn -0.866005 0.129401 -0.483003
vn -0.866005 0.129401 -0.483003
vn -1.000000 0.000000 -0.000000
vn -1.000000 0.000000 0.000000
vn -0.866005 -0.129401 0.483003
vn -0.866005 -0.129401 0.483003
vn -0.500012 -0.224105 0.836520
vn -0.500012 -0.224105 0.836520
vn -0.000000 -0.258808 0.965929
vn 0.000000 -0.258808 0.965929
vn 0.500012 -0.224105 0.836520
vn 0.500012 -0.224105 0.836520
vn 0.866005 -0.129401 0.483003
vn 0.866005 -0.129401 0.483003
vn 1.000000 0.000000 -0.000000
vn 1.000000 -0.000000 -0.000000
vn 0.866005 0.129401 -0.483003
vn 0.866005 0.129401 -0.483003
vn 0.500012 0.224105 -0.836520
vn 0.500012 0.224105 -0.836520
vn -0.000000 0.258808 -0.965929
vn -0.000000 0.258808 -0.965929
vn -0.500012 0.224105 -0.836520
vn -0.500012 0.224105 -0.836520
vn 0.000000 0.258808 -0.965929
vn -0.000000 0.258808 -0.965929
vn -0.866005 0.129401 -0.483003
vn -0.866005 0.129401 -0.483003
vn -1.000000 0.000000 0.000000
vn -1.000000 -0.000000 0.000000
vn -0.866005 -0.129401 0.483003
vn -0.866005 -0.129401 0.483003
vn -0.500012 -0.224105 0.836520
vn -0.500012 -0.224105 0.836520
vn 0.000000 -0.258808 0.965929
vn -0.000000 -0.258808 0.965929
vn 0.500012 -0.224105 0.836520
vn 0.500012 -0.224105 0.836520
vn 0.866005 -0.129401 0.483003
vn 0.866005 -0.129401 0.483003
vn 1.000000 -0.000000 -0.000000
vn 1.000000 0.000000 -0.000000
vn 0.866005 0.129401 -0.483003
vn 0.866005 0.129401 -0.483003
vn 0.500012 0.224105 -0.836520
vn 0.500012 0.224105 -0.836520
vn -0.000000 0.258808 -0.965929
vn 0.000000 0.258808 -0.965929
vn -0.500012 0.224105 -0.836520
vn -0.500012 0.224105 -0.836520
vn 0.000000 0.258808 -0.965929
vn 0.000000 0.258808 -0.965929
vn -0.866005 0.129401 -0.483003
vn -0.866005 0.129401 -0.483003
vn -1.000000 -0.000000 0.000000
vn -1.000000 0.000000 -0.000000
vn -0.866005 -0.129401 0.483003
vn -0.866005 -0.129401 0.483003
vn -0.500012 -0.224105 0.836520
vn -0.500012 -0.224105 0.836520
vn -0.000000 -0.258808 0.965929
vn 0.000000 -0.258808 0.965929
vn 0.500012 -0.224105 0.836520
vn 0.500012 -0.224105 0.836520
vn 0.866005 -0.129401 0.483003
vn 0.866005 -0.129401 0.483003
vn 1.000000 0.000000 -0.000000
vn 1.000000 0.000000 0.000000
vn 0.866005 0.129401 -0.483003
vn 0.866005 0.129401 -0.483003
vn 0.500012 0.224105 -0.836520
vn 0.500012 0.224105 -0.836520
vn 0.000000 0.258808 -0.965929
vn 0.000000 0.258808 -0.965929
vn -0.000000 0.965929 0.258808
vn 0.000000 0.965929 0.258808
vn -0.000000 0.965929 0.258808
vn 0.000000 0.965929 0.258808
vn 0.000000 0.965929 0.258808
vn -0.000100 0.965929 0.258808
vn 0.000000 0.965929 0.258808
vn 0.000000 0.965929 0.258808
vn 0.000000 0.965929 0.258808
vn -0.000000 0.965929 0.258808
vn -0.000000 0.965929 0.258808
vn 0.000100 0.965929 0.258808
vn -0.496103 0.102401 -0.862204
vn -0.496722 0.112105 -0.860639
vn -0.000000 0.146599 -0.989196
vn -0.000000 0.136800 -0.990599
vn -0.000000 0.205204 -0.978719
vn -0.500012 0.224105 -0.836520
vn 0.000000 0.258808 -0.965929
vn -0.866005 0.129401 -0.483003
vn -0.859301 0.008400 -0.511401
vn -1.000000 0.000000 -0.000000
vn -0.499211 0.170604 -0.849519
vn 0.000000 0.229597 -0.973286
vn -0.860331 0.018001 -0.509418
vn -0.992252 -0.119994 -0.032198
vn -0.866005 -0.129401 0.483003
vn -0.500570 0.196288 -0.843149
vn -0.000000 0.441284 -0.897367
vn -0.864703 0.076000 -0.496501
vn -0.993435 -0.110504 -0.029601
vn -0.859301 -0.248400 0.447101
vn -0.500012 -0.224105 0.836520
vn -0.490017 0.409714 -0.769427
vn -0.000000 0.567420 -0.823429
vn -0.469194 0.537093 -0.700991
vn -0.847679 0.323592 -0.420390
vn -0.811690 0.454394 -0.366995
vn -0.935714 0.341605 0.088001
vn -0.866537 0.105104 -0.487921
vn -0.976955 0.206291 0.054797
vn -0.808895 0.229299 0.541397
vn -0.998483 -0.053199 -0.014200
vn -0.999810 -0.019200 -0.003300
vn -0.844400 0.089400 0.528200
vn -0.486801 0.004200 0.873503
vn -0.466410 0.147303 0.872218
vn -0.865194 -0.143399 0.480496
vn -0.864700 -0.182400 0.468000
vn -0.860315 -0.239104 0.450208
vn -0.000000 -0.027001 0.999635
vn 0.000000 0.117300 0.993097
vn -0.496101 -0.342400 0.797901
vn 0.000000 -0.258808 0.965929
vn -0.496706 -0.333204 0.801410
vn 0.000000 -0.376798 0.926295
vn 0.500012 -0.224105 0.836520
vn -0.499207 -0.277004 0.821012
vn 0.000000 -0.367681 0.929952
vn 0.496101 -0.342400 0.797901
vn 0.866005 -0.129401 0.483003
vn -0.499215 -0.234207 0.834225
vn 0.000000 -0.311604 0.950212
vn 0.496706 -0.333204 0.801410
vn 0.859301 -0.248400 0.447101
vn 1.000000 0.000000 0.000000
vn -0.000000 -0.267396 0.963587
vn 0.499282 -0.276990 0.820971
vn 0.860315 -0.239104 0.450208
vn 0.992252 -0.119994 -0.032198
vn 0.866005 0.129401 -0.483003
vn 0.499215 -0.234207 0.834225
vn 0.486801 0.004200 0.873503
vn 0.466410 0.147303 0.872218
vn 0.859301 0.008400 -0.511401
vn 0.500012 0.224105 -0.836520
vn 0.993435 -0.110504 -0.029601
vn 0.496103 0.102401 -0.862204
vn 0.000000 0.258808 -0.965929
vn -0.000000 0.136800 -0.990599
vn 0.864700 -0.182400 0.468000
vn 0.860331 0.018001 -0.509418
vn 0.998483 -0.053199 -0.014200
vn 0.865194 -0.143399 0.480496
vn 0.496722 0.112105 -0.860639
vn -0.000000 0.146599 -0.989196
vn 0.864703 0.076000 -0.496501
vn 0.499286 0.170595 -0.849477
vn -0.000000 0.205204 -0.978719
vn 0.999810 -0.019200 -0.003300
vn 0.866537 0.105104 -0.487921
vn 0.500570 0.196288 -0.843149
vn 0.000000 0.229597 -0.973286
vn 0.844393 0.089499 0.528196
vn 0.808939 0.229311 0.541326
vn 0.976955 0.206291 0.054797
vn 0.935714 0.341605 0.088001
vn 0.847679 0.323592 -0.420390
vn 0.811791 0.454295 -0.366896
vn 0.490093 0.409694 -0.769389
vn 0.469194 0.537093 -0.700991
vn -0.000000 0.441284 -0.897367
vn -0.000000 0.567420 -0.823429
f 1/1/1 2/2/2 3/3/3
f 1/1/1 3/3/3 4/4/4
f 2/2/2 5/5/5 3/3/3
f 2/2/2 6/6/6 5/5/5
f 6/6/6 7/7/7 5/5/5
f 6/6/6 8/8/8 7/7/7
f 8/8/8 9/9/9 7/7/7
f 8/8/8 10/10/10 9/9/9
f 10/10/10 11/11/11 9/9/9
f 10/10/10 12/12/12 11/11/11
f 12/12/12 13/13/13 11/11/11
f 12/12/12 14/14/14 13/13/13
f 14/14/14 15/15/15 13/13/13
f 14/14/14 16/16/16 15/15/15
f 16/16/16 17/17/17 15/15/15
f 16/16/16 18/18/18 17/17/17
f 18/18/18 19/19/19 17/17/17
f 18/18/18 20/20/20 19/19/19
f 20/20/20 21/21/21 19/19/19
f 20/20/20 22/22/22 21/21/21
f 22/22/22 23/23/23 21/21/21
f 22/22/22 24/24/24 23/23/23
f 24/24/24 25/25/25 23/23/23
f 24/24/24 26/26/26 25/25/25
f 27/27/27 28/28/28 29/29/29
f 27/27/27 29/29/29 30/30/30
f 28/28/28 31/31/31 29/29/29
f 28/28/28 32/32/32 31/31/31
f 32/32/32 33/33/33 31/31/31
f 32/32/32 34/34/34 33/33/33
f 34/34/34 35/35/35 33/33/33
f 34/34/34 36/36/36 35/35/35
f 36/36/36 37/37/37 35/35/35
f 36/36/36 38/38/38 37/37/37
f 38/38/38 39/39/39 37/37/37
f 38/38/38 40/40/40 39/39/39
f 40/40/40 41/41/41 39/39/39
f 40/40/40 42/42/42 41/41/41
f 42/42/42 43/43/43 41/41/41
f 42/42/42 44/44/44 43/43/43
f 44/44/44 45/45/45 43/43/43
f 44/44/44 46/46/46 45/45/45
f 46/46/46 47/47/47 45/45/45
f 46/46/46 48/48/48 47/47/47
f 48/48/48 49/49/49 47/47/47
f 48/48/48 50/50/50 49/49/49
f 50/50/50 51/51/51 49/49/49
f 50/50/50 52/52/52 51/51/51
f 53/53/53 54/54/54 55/55/55
f 53/53/53 55/55/55 56/56/56
f 54/54/54 57/57/57 55/55/55
f 54/54/54 58/58/58 57/57/57
f 58/58/58 59/59/59 57/57/57
f 58/58/58 60/60/60 59/59/59
f 60/60/60 61/61/61 59/59/59
f 60/60/60 62/62/62 61/61/61
f 62/62/62 63/63/63 61/61/61
f 62/62/62 64/64/64 63/63/63
f 64/64/64 65/65/65 63/63/63
f 64/64/64 66/66/66 65/65/65
f 66/66/66 67/67/67 65/65/65
f 66/66/66 68/68/68 67/67/67
f 68/68/68 69/69/69 67/67/67
f 68/68/68 70/70/70 69/69/69
f 70/70/70 71/71/71 69/69/69
f 70/70/70 72/72/72 71/71/71
f 72/72/72 73/73/73 71/71/71
f 72/72/72 74/74/74 73/73/73
f 74/74/74 75/75/75 73/73/73
f 74/74/74 76/76/76 75/75/75
f 76/76/76 77/77/77 75/75/75
f 76/76/76 78/78/78 77/77/77
f 79/79/79 80/80/80 81/81/81
f 79/79/79 81/81/81 82/82/82
f 83/83/83 82/82/82 81/81/81
f 79/79/79 82/82/82 84/84/84
f 85/85/85 79/79/79 84/84/84
f 82/82/82 86/86/86 84/84/84
f 82/82/82 87/87/87 86/86/86
f 86/86/86 88/88/88 84/84/84
f 86/86/86 89/89/89 88/88/88
f 88/88/88 90/90/90 84/84/84
f 91/91/91 92/92/92 93/93/93
f 94/94/94 92/92/92 91/91/91
f 91/91/91 93/93/93 95/95/95
f 95/95/95 93/93/93 96/96/96
f 95/95/95 96/96/96 97/97/97
f 93/93/93 98/98/98 96/96/96
f 93/93/93 99/99/99 98/98/98
f 92/92/92 99/99/99 93/93/93
f 99/99/99 100/100/100 98/98/98
f 94/94/94 101/101/101 92/92/92
f 102/102/102 101/101/101 94/94/94
f 92/92/92 103/103/103 99/99/99
f 101/101/101 103/103/103 92/92/92
f 99/99/99 104/104/104 100/100/100
f 103/103/103 104/104/104 99/99/99
f 104/104/104 105/105/105 100/100/100
f 102/102/102 106/106/106 101/101/101
f 107/107/107 106/106/106 102/102/102
f 101/101/101 108/108/108 103/103/103
f 106/106/106 108/108/108 101/101/101
f 107/107/107 109/109/109 106/106/106
f 110/110/110 109/109/109 107/107/107
f 110/110/110 111/111/111 109/109/109
f 111/111/111 112/112/112 109/109/109
f 106/106/106 109/109/109 112/112/112
f 111/111/111 113/113/113 112/112/112
f 112/112/112 113/113/113 114/114/114
f 106/106/106 112/112/112 115/115/115
f 106/106/106 115/115/115 108/108/108
f 112/112/112 114/114/114 116/116/116
f 115/115/115 112/112/112 116/116/116
f 116/116/116 114/114/114 117/117/117
f 115/115/115 118/118/118 108/108/108
f 115/115/115 116/116/116 119/119/119
f 115/115/115 119/119/119 118/118/118
f 116/116/116 117/117/117 120/120/120
f 119/119/119 116/116/116 120/120/120
f 117/117/117 121/121/121 120/120/120
f 117/117/117 122/122/122 121/121/121
f 119/119/119 120/120/120 123/123/123
f 123/123/123 120/120/120 121/121/121
f 119/119/119 123/123/123 124/124/124
f 119/119/119 124/124/124 118/118/118
f 123/123/123 121/121/121 125/125/125
f 122/122/122 126/126/126 121/121/121
f 122/122/122 127/127/127 126/126/126
f 121/121/121 128/128/128 125/125/125
f 121/121/121 126/126/126 128/128/128
f 123/123/123 125/125/125 129/129/129
f 123/123/123 129/129/129 124/124/124
f 125/125/125 128/128/128 130/130/130
f 125/125/125 130/130/130 129/129/129
f 127/127/127 131/131/131 126/126/126
f 127/127/127 132/132/132 131/131/131
f 126/126/126 133/133/133 128/128/128
f 126/126/126 131/131/131 133/133/133
f 128/128/128 134/134/134 130/130/130
f 128/128/128 133/133/133 134/134/134
f 132/132/132 135/135/135 131/131/131
f 132/132/132 136/136/136 135/135/135
f 131/131/131 137/137/137 133/133/133
f 131/131/131 135/135/135 137/137/137
f 133/133/133 138/138/138 134/134/134
f 133/133/133 137/137/137 138/138/138
f 136/136/136 139/139/139 135/135/135
f 136/136/136 140/140/140 139/139/139
f 135/135/135 141/141/141 137/137/137
f 135/135/135 139/139/139 141/141/141
f 137/137/137 142/142/142 138/138/138
f 137/137/137 141/141/141 142/142/142
f 140/140/140 143/143/143 139/139/139
f 140/140/140 144/144/144 143/143/143
f 139/139/139 145/145/145 141/141/141
f 139/139/139 143/143/143 145/145/145
f 141/141/141 146/146/146 142/142/142
f 141/141/141 145/145/145 146/146/146
f 144/144/144 147/147/147 143/143/143
f 144/144/144 148/148/148 147/147/147
f 148/148/148 149/149/149 147/147/147
f 148/148/148 150/150/150 149/149/149
f 147/147/147 149/149/149 151/151/151
f 143/143/143 147/147/147 152/152/152
f 147/147/147 151/151/151 152/152/152
f 143/143/143 152/152/152 145/145/145
f 152/152/152 151/151/151 153/153/153
f 145/145/145 152/152/152 154/154/154
f 152/152/152 153/153/153 154/154/154
f 145/145/145 154/154/154 146/146/146
f 154/154/154 153/153/153 155/155/155
f 154/154/154 155/155/155 156/156/156
f 146/146/146 154/154/154 156/156/156
f 156/156/156 155/155/155 157/157/157
f 146/146/146 156/156/156 158/158/158
f 142/142/142 146/146/146 158/158/158
f 156/156/156 157/157/157 159/159/159
f 158/158/158 156/156/156 159/159/159
f 159/159/159 157/157/157 160/160/160
f 159/159/159 160/160/160 161/161/161
f 162/162/162 159/159/159 161/161/161
f 158/158/158 159/159/159 162/162/162
f 162/162/162 161/161/161 163/163/163
f 142/142/142 158/158/158 164/164/164
f 164/164/164 158/158/158 162/162/162
f 138/138/138 142/142/142 164/164/164
f 165/165/165 162/162/162 163/163/163
f 164/164/164 162/162/162 165/165/165
f 165/165/165 163/163/163 166/166/166
f 138/138/138 164/164/164 167/167/167
f 167/167/167 164/164/164 165/165/165
f 134/134/134 138/138/138 167/167/167
f 168/168/168 165/165/165 166/166/166
f 167/167/167 165/165/165 168/168/168
f 168/168/168 166/166/166 169/169/169
f 134/134/134 167/167/167 170/170/170
f 170/170/170 167/167/167 168/168/168
f 130/130/130 134/134/134 170/170/170
f 171/171/171 168/168/168 169/169/169
f 170/170/170 168/168/168 171/171/171
f 171/171/171 169/169/169 172/172/172
f 130/130/130 170/170/170 173/173/173
f 173/173/173 170/170/170 171/171/171
f 129/129/129 130/130/130 173/173/173
f 174/174/174 171/171/171 172/172/172
f 173/173/173 171/171/171 174/174/174
f 174/174/174 172/172/172 175/175/175
f 129/129/129 173/173/173 176/176/176
f 176/176/176 173/173/173 174/174/174
f 124/124/124 129/129/129 176/176/176
f 177/177/177 174/174/174 175/175/175
f 176/176/176 174/174/174 177/177/177
f 177/177/177 175/175/175 178/178/178
f 124/124/124 176/176/176 179/179/179
f 179/179/179 176/176/176 177/177/177
f 118/118/118 124/124/124 179/179/179
f 180/180/180 177/177/177 178/178/178
f 179/179/179 177/177/177 180/180/180
f 180/180/180 178/178/178 105/105/105
f 104/104/104 180/180/180 105/105/105
f 181/181/181 179/179/179 180/180/180
f 181/181/181 180/180/180 104/104/104
f 118/118/118 179/179/179 181/181/181
f 103/103/103 181/181/181 104/104/104
f 108/108/108 118/118/118 181/181/181
f 108/108/108 181/181/181 103/103/103
f 182/182/182 183/183/183 184/184/184
f 185/185/185 183/183/183 182/182/182
f 182/182/182 184/184/184 186/186/186
f 185/185/185 187/187/187 183/183/183
f 186/186/186 184/184/184 188/188/188
f 189/189/189 187/187/187 185/185/185
f 186/186/186 188/188/188 190/190/190
f 189/189/189 191/191/191 187/187/187
f 190/190/190 188/188/188 192/192/192
f 193/193/193 191/191/191 189/189/189
f 190/190/190 192/192/192 194/194/194
f 193/193/193 195/195/195 191/191/191
f 194/194/194 192/192/192 196/196/196
f 197/197/197 195/195/195 193/193/193
f 194/194/194 196/196/196 198/198/198
f 197/197/197 199/199/199 195/195/195
f 198/198/198 196/196/196 200/200/200
f 201/201/201 199/199/199 197/197/197
f 198/198/198 200/200/200 202/202/202
f 201/201/201 203/203/203 199/199/199
f 202/202/202 200/200/200 204/204/204
f 205/205/205 203/203/203 201/201/201
f 202/202/202 204/204/204 206/206/206
f 205/205/205 207/207/207 203/203/203
f 206/206/206 204/204/204 208/208/208
f 209/209/209 207/207/207 205/205/205
f 206/206/206 208/208/208 210/210/210
f 209/209/209 211/211/211 207/207/207
f 210/210/210 208/208/208 212/212/212
f 213/213/213 211/211/211 209/209/209
f 210/210/210 212/212/212 214/214/214
f 213/213/213 215/215/215 211/211/211
f 214/214/214 212/212/212 216/216/216
f 217/217/217 215/215/215 213/213/213
f 214/214/214 216/216/216 218/218/218
f 217/217/217 219/219/219 215/215/215
f 218/218/218 216/216/216 220/220/220
f 221/221/221 219/219/219 217/217/217
f 218/218/218 220/220/220 222/222/222
f 221/221/221 223/223/223 219/219/219
f 222/222/222 220/220/220 224/224/224
f 225/225/225 223/223/223 221/221/221
f 222/222/222 224/224/224 226/226/226
f 225/225/225 227/227/227 223/223/223
f 226/226/226 224/224/224 228/228/228
f 229/229/229 227/227/227 225/225/225
f 226/226/226 228/228/228 229/229/229
f 229/229/229 228/228/228 227/227/227
f 230/230/230 231/231/231 232/232/232
f 233/233/233 231/231/231 230/230/230
f 232/232/232 231/231/231 234/234/234
f 235/235/235 231/231/231 233/233/233
f 235/235/235 234/234/234 231/231/231
f 236/236/236 234/234/234 235/235/235
f 233/233/233 237/237/237 235/235/235
f 238/238/238 236/236/236 235/235/235
f 238/238/238 235/235/235 237/237/237
f 233/233/233 239/239/239 237/237/237
f 238/238/238 240/240/240 236/236/236
f 241/241/241 239/239/239 233/233/233
f 241/241/241 233/233/233 242/242/242
f 233/233/233 230/230/230 242/242/242
f 243/243/243 241/241/241 242/242/242
f 230/230/230 243/243/243 242/242/242
f 230/230/230 244/244/244 243/243/243
f 243/243/243 245/245/245 241/241/241
f 246/246/246 244/244/244 230/230/230
f 241/241/241 245/245/245 247/247/247
f 246/246/246 230/230/230 248/248/248
f 230/230/230 232/232/232 248/248/248
f 249/249/249 246/246/246 248/248/248
f 232/232/232 249/249/249 248/248/248
f 249/249/249 250/250/250 246/246/246
f 251/251/251 250/250/250 249/249/249
f 241/241/241 247/247/247 252/252/252
f 251/251/251 249/249/249 253/253/253
f 254/254/254 241/241/241 252/252/252
f 254/254/254 239/239/239 241/241/241
f 247/247/247 255/255/255 252/252/252
f 255/255/255 254/254/254 252/252/252
f 247/247/247 256/256/256 255/255/255
f 255/255/255 256/256/256 257/257/257
f 255/255/255 257/257/257 258/258/258
f 259/259/259 239/239/239 254/254/254
f 259/259/259 237/237/237 239/239/239
f 255/255/255 260/260/260 254/254/254
f 261/261/261 255/255/255 258/258/258
f 261/261/261 260/260/260 255/255/255
f 257/257/257 262/262/262 258/258/258
f 262/262/262 261/261/261 258/258/258
f 257/257/257 263/263/263 262/262/262
f 262/262/262 263/263/263 264/264/264
f 254/254/254 260/260/260 265/265/265
f 254/254/254 265/265/265 259/259/259
f 266/266/266 260/260/260 261/261/261
f 266/266/266 265/265/265 260/260/260
f 262/262/262 264/264/264 267/267/267
f 261/261/261 268/268/268 266/266/266
f 262/262/262 269/269/269 261/261/261
f 261/261/261 269/269/269 268/268/268
f 270/270/270 262/262/262 267/267/267
f 270/270/270 269/269/269 262/262/262
f 264/264/264 271/271/271 267/267/267
f 271/271/271 270/270/270 267/267/267
f 264/264/264 272/272/272 271/271/271
f 271/271/271 272/272/272 273/273/273
f 271/271/271 273/273/273 274/274/274
f 275/275/275 268/268/268 269/269/269
f 275/275/275 269/269/269 270/270/270
f 276/276/276 271/271/271 274/274/274
f 273/273/273 277/277/277 274/274/274
f 277/277/277 276/276/276 274/274/274
f 273/273/273 278/278/278 277/277/277
f 277/277/277 278/278/278 279/279/279
f 271/271/271 280/280/280 270/270/270
f 276/276/276 280/280/280 271/271/271
f 270/270/270 280/280/280 281/281/281
f 270/270/270 281/281/281 275/275/275
f 282/282/282 280/280/280 276/276/276
f 282/282/282 281/281/281 280/280/280
f 277/277/277 279/279/279 283/283/283
f 276/276/276 284/284/284 282/282/282
f 277/277/277 285/285/285 276/276/276
f 276/276/276 285/285/285 284/284/284
f 286/286/286 277/277/277 283/283/283
f 286/286/286 285/285/285 277/277/277
f 279/279/279 287/287/287 283/283/283
f 287/287/287 286/286/286 283/283/283
f 279/279/279 288/288/288 287/287/287
f 287/287/287 288/288/288 289/289/289
f 287/287/287 289/289/289 290/290/290
f 291/291/291 284/284/284 285/285/285
f 291/291/291 285/285/285 286/286/286
f 292/292/292 287/287/287 290/290/290
f 289/289/289 293/293/293 290/290/290
f 293/293/293 292/292/292 290/290/290
f 289/289/289 294/294/294 293/293/293
f 293/293/293 294/294/294 295/295/295
f 287/287/287 296/296/296 286/286/286
f 292/292/292 296/296/296 287/287/287
f 286/286/286 296/296/296 297/297/297
f 286/286/286 297/297/297 291/291/291
f 298/298/298 296/296/296 292/292/292
f 298/298/298 297/297/297 296/296/296
f 293/293/293 295/295/295 299/299/299
f 292/292/292 300/300/300 298/298/298
f 293/293/293 301/301/301 292/292/292
f 292/292/292 301/301/301 300/300/300
f 302/302/302 293/293/293 299/299/299
f 302/302/302 301/301/301 293/293/293
f 295/295/295 303/303/303 299/299/299
f 303/303/303 302/302/302 299/299/299
f 295/295/295 304/304/304 303/303/303
f 303/303/303 304/304/304 305/305/305
f 303/303/303 305/305/305 306/306/306
f 307/307/307 300/300/300 301/301/301
f 307/307/307 301/301/301 302/302/302
f 308/308/308 303/303/303 306/306/306
f 305/305/305 309/309/309 306/306/306
f 309/309/309 308/308/308 306/306/306
f 305/305/305 310/310/310 309/309/309
f 309/309/309 310/310/310 311/311/311
f 303/303/303 312/312/312 302/302/302
f 308/308/308 312/312/312 303/303/303
f 302/302/302 312/312/312 313/313/313
f 302/302/302 313/313/313 307/307/307
f 314/314/314 312/312/312 308/308/308
f 314/314/314 313/313/313 312/312/312
f 309/309/309 311/311/311 315/315/315
f 308/308/308 316/316/316 314/314/314
f 309/309/309 317/317/317 308/308/308
f 308/308/308 317/317/317 316/316/316
f 318/318/318 309/309/309 315/315/315
f 318/318/318 317/317/317 309/309/309
f 311/311/311 319/319/319 315/315/315
f 319/319/319 318/318/318 315/315/315
f 311/311/311 320/320/320 319/319/319
f 319/319/319 320/320/320 251/251/251
f 319/319/319 251/251/251 253/253/253
f 321/321/321 319/319/319 253/253/253
f 249/249/249 321/321/321 253/253/253
f 319/319/319 322/322/322 318/318/318
f 321/321/321 322/322/322 319/319/319
f 249/249/249 323/323/323 321/321/321
f 232/232/232 323/323/323 249/249/249
f 324/324/324 322/322/322 321/321/321
f 325/325/325 323/323/323 232/232/232
f 232/232/232 234/234/234 325/325/325
f 321/321/321 323/323/323 326/326/326
f 325/325/325 326/326/326 323/323/323
f 321/321/321 326/326/326 324/324/324
f 327/327/327 325/325/325 234/234/234
f 236/236/236 327/327/327 234/234/234
f 328/328/328 326/326/326 325/325/325
f 327/327/327 328/328/328 325/325/325
f 329/329/329 324/324/324 326/326/326
f 328/328/328 329/329/329 326/326/326
f 236/236/236 330/330/330 327/327/327
f 327/327/327 331/331/331 328/328/328
f 327/327/327 330/330/330 331/331/331
f 236/236/236 240/240/240 330/330/330
f 328/328/328 331/331/331 332/332/332
f 328/328/328 332/332/332 329/329/329
f 330/330/330 333/333/333 331/331/331
f 334/334/334 330/330/330 240/240/240
f 330/330/330 334/334/334 333/333/333
f 335/335/335 332/332/332 331/331/331
f 335/335/335 331/331/331 333/333/333
f 333/333/333 334/334/334 336/336/336
f 333/333/333 336/336/336 337/337/337
f 337/337/337 335/335/335 333/333/333
f 338/338/338 336/336/336 334/334/334
f 337/337/337 339/339/339 335/335/335
f 338/338/338 334/334/334 340/340/340
f 334/334/334 240/240/240 340/340/340
f 340/340/340 341/341/341 338/338/338
f 342/342/342 335/335/335 339/339/339
f 342/342/342 332/332/332 335/335/335
f 342/342/342 339/339/339 343/343/343
f 342/342/342 344/344/344 332/332/332
f 329/329/329 332/332/332 344/344/344
f 343/343/343 345/345/345 342/342/342
f 345/345/345 344/344/344 342/342/342
f 343/343/343 346/346/346 345/345/345
f 329/329/329 344/344/344 347/347/347
f 329/329/329 347/347/347 324/324/324
f 345/345/345 348/348/348 344/344/344
f 347/347/347 344/344/344 348/348/348
f 349/349/349 345/345/345 346/346/346
f 348/348/348 345/345/345 349/349/349
f 349/349/349 346/346/346 350/350/350
f 347/347/347 351/351/351 324/324/324
f 324/324/324 351/351/351 322/322/322
f 318/318/318 322/322/322 351/351/351
f 347/347/347 352/352/352 351/351/351
f 347/347/347 348/348/348 352/352/352
f 318/318/318 351/351/351 353/353/353
f 352/352/352 353/353/353 351/351/351
f 353/353/353 317/317/317 318/318/318
f 353/353/353 316/316/316 317/317/317
f 352/352/352 354/354/354 353/353/353
f 354/354/354 316/316/316 353/353/353
f 352/352/352 348/348/348 355/355/355
f 352/352/352 355/355/355 354/354/354
f 348/348/348 349/349/349 355/355/355
f 354/354/354 356/356/356 316/316/316
f 356/356/356 314/314/314 316/316/316
f 354/354/354 355/355/355 357/357/357
f 354/354/354 357/357/357 356/356/356
f 358/358/358 355/355/355 349/349/349
f 358/358/358 357/357/357 355/355/355
f 350/350/350 358/358/358 349/349/349
f 350/350/350 359/359/359 358/358/358
f 360/360/360 358/358/358 359/359/359
f 357/357/357 358/358/358 360/360/360
f 360/360/360 359/359/359 361/361/361
f 357/357/357 360/360/360 362/362/362
f 356/356/356 357/357/357 362/362/362
f 361/361/361 363/363/363 360/360/360
f 363/363/363 362/362/362 360/360/360
f 361/361/361 364/364/364 363/363/363
f 356/356/356 362/362/362 365/365/365
f 356/356/356 365/365/365 314/314/314
f 365/365/365 313/313/313 314/314/314
f 365/365/365 362/362/362 366/366/366
f 363/363/363 366/366/366 362/362/362
f 365/365/365 367/367/367 313/313/313
f 365/365/365 366/366/366 367/367/367
f 367/367/367 307/307/307 313/313/313
f 368/368/368 363/363/363 364/364/364
f 366/366/366 363/363/363 368/368/368
f 368/368/368 364/364/364 369/369/369
f 367/367/367 366/366/366 370/370/370
f 366/366/366 368/368/368 370/370/370
f 367/367/367 371/371/371 307/307/307
f 367/367/367 370/370/370 371/371/371
f 371/371/371 300/300/300 307/307/307
f 369/369/369 372/372/372 368/368/368
f 372/372/372 370/370/370 368/368/368
f 369/369/369 373/373/373 372/372/372
f 371/371/371 370/370/370 374/374/374
f 372/372/372 374/374/374 370/370/370
f 371/371/371 375/375/375 300/300/300
f 371/371/371 374/374/374 375/375/375
f 375/375/375 298/298/298 300/300/300
f 376/376/376 372/372/372 373/373/373
f 374/374/374 372/372/372 376/376/376
f 376/376/376 373/373/373 377/377/377
f 375/375/375 374/374/374 378/378/378
f 374/374/374 376/376/376 378/378/378
f 375/375/375 379/379/379 298/298/298
f 375/375/375 378/378/378 379/379/379
f 379/379/379 297/297/297 298/298/298
f 377/377/377 380/380/380 376/376/376
f 380/380/380 378/378/378 376/376/376
f 377/377/377 381/381/381 380/380/380
f 379/379/379 378/378/378 382/382/382
f 380/380/380 382/382/382 378/378/378
f 379/379/379 383/383/383 297/297/297
f 379/379/379 382/382/382 383/383/383
f 383/383/383 291/291/291 297/297/297
f 384/384/384 380/380/380 381/381/381
f 382/382/382 380/380/380 384/384/384
f 384/384/384 381/381/381 385/385/385
f 383/383/383 382/382/382 386/386/386
f 382/382/382 384/384/384 386/386/386
f 383/383/383 387/387/387 291/291/291
f 383/383/383 386/386/386 387/387/387
f 387/387/387 284/284/284 291/291/291
f 385/385/385 388/388/388 384/384/384
f 388/388/388 386/386/386 384/384/384
f 385/385/385 389/389/389 388/388/388
f 387/387/387 386/386/386 390/390/390
f 388/388/388 390/390/390 386/386/386
f 387/387/387 391/391/391 284/284/284
f 387/387/387 390/390/390 391/391/391
f 391/391/391 282/282/282 284/284/284
f 392/392/392 388/388/388 389/389/389
f 390/390/390 388/388/388 392/392/392
f 392/392/392 389/389/389 393/393/393
f 391/391/391 390/390/390 394/394/394
f 390/390/390 392/392/392 394/394/394
f 391/391/391 395/395/395 282/282/282
f 391/391/391 394/394/394 395/395/395
f 395/395/395 281/281/281 282/282/282
f 393/393/393 396/396/396 392/392/392
f 396/396/396 394/394/394 392/392/392
f 393/393/393 397/397/397 396/396/396
f 395/395/395 394/394/394 398/398/398
f 396/396/396 398/398/398 394/394/394
f 395/395/395 399/399/399 281/281/281
f 395/395/395 398/398/398 399/399/399
f 399/399/399 275/275/275 281/281/281
f 400/400/400 396/396/396 397/397/397
f 398/398/398 396/396/396 400/400/400
f 400/400/400 397/397/397 401/401/401
f 399/399/399 398/398/398 402/402/402
f 398/398/398 400/400/400 402/402/402
f 399/399/399 403/403/403 275/275/275
f 399/399/399 402/402/402 403/403/403
f 403/403/403 268/268/268 275/275/275
f 401/401/401 404/404/404 400/400/400
f 404/404/404 402/402/402 400/400/400
f 401/401/401 405/405/405 404/404/404
f 403/403/403 402/402/402 406/406/406
f 404/404/404 406/406/406 402/402/402
f 403/403/403 407/407/407 268/268/268
f 403/403/403 406/406/406 407/407/407
f 407/407/407 266/266/266 268/268/268
f 408/408/408 404/404/404 405/405/405
f 406/406/406 404/404/404 408/408/408
f 408/408/408 405/405/405 409/409/409
f 407/407/407 406/406/406 410/410/410
f 406/406/406 408/408/408 410/410/410
f 407/407/407 411/411/411 266/266/266
f 407/407/407 410/410/410 411/411/411
f 411/411/411 265/265/265 266/266/266
f 409/409/409 412/412/412 408/408/408
f 412/412/412 410/410/410 408/408/408
f 409/409/409 413/413/413 412/412/412
f 411/411/411 410/410/410 414/414/414
f 412/412/412 414/414/414 410/410/410
f 411/411/411 415/415/415 265/265/265
f 411/411/411 414/414/414 415/415/415
f 415/415/415 259/259/259 265/265/265
f 416/416/416 412/412/412 413/413/413
f 414/414/414 412/412/412 416/416/416
f 416/416/416 413/413/413 417/417/417
f 415/415/415 414/414/414 418/418/418
f 414/414/414 416/416/416 418/418/418
f 415/415/415 419/419/419 259/259/259
f 415/415/415 418/418/418 419/419/419
f 419/419/419 237/237/237 259/259/259
f 419/419/419 238/238/238 237/237/237
f 417/417/417 420/420/420 416/416/416
f 420/420/420 418/418/418 416/416/416
f 417/417/417 341/341/341 420/420/420
f 340/340/340 420/420/420 341/341/341
f 420/420/420 421/421/421 418/418/418
f 421/421/421 420/420/420 340/340/340
f 419/419/419 418/418/418 421/421/421
f 419/419/419 421/421/421 238/238/238
f 421/421/421 340/340/340 240/240/240
f 238/238/238 421/421/421 240/240/240
f 422/422/422 423/423/423 424/424/424
f 425/425/425 423/423/423 422/422/422
f 422/422/422 424/424/424 426/426/426
f 425/425/425 427/427/427 423/423/423
f 426/426/426 424/424/424 428/428/428
f 429/429/429 427/427/427 425/425/425
f 426/426/426 428/428/428 430/430/430
f 429/429/429 431/431/431 427/427/427
f 430/430/430 428/428/428 432/432/432
f 433/433/433 431/431/431 429/429/429
f 430/430/430 432/432/432 434/434/434
f 433/433/433 435/435/435 431/431/431
f 434/434/434 432/432/432 436/436/436
f 437/437/437 435/435/435 433/433/433
f 434/434/434 436/436/436 438/438/438
f 437/437/437 439/439/439 435/435/435
f 438/438/438 436/436/436 440/440/440
f 441/441/441 439/439/439 437/437/437
f 438/438/438 440/440/440 442/442/442
f 441/441/441 443/443/443 439/439/439
f 442/442/442 440/440/440 444/444/444
f 445/445/445 443/443/443 441/441/441
f 442/442/442 444/444/444 446/446/446
f 445/445/445 447/447/447 443/443/443
f 446/446/446 444/444/444 448/448/448
f 449/449/449 447/447/447 445/445/445
f 446/446/446 448/448/448 450/450/450
f 449/449/449 451/451/451 447/447/447
f 450/450/450 448/448/448 452/452/452
f 453/453/453 451/451/451 449/449/449
f 450/450/450 452/452/452 454/454/454
f 453/453/453 455/455/455 451/451/451
f 454/454/454 452/452/452 456/456/456
f 457/457/457 455/455/455 453/453/453
f 454/454/454 456/456/456 458/458/458
f 457/457/457 459/459/459 455/455/455
f 458/458/458 456/456/456 460/460/460
f 461/461/461 459/459/459 457/457/457
f 458/458/458 460/460/460 462/462/462
f 461/461/461 463/463/463 459/459/459
f 462/462/462 460/460/460 464/464/464
f 465/465/465 463/463/463 461/461/461
f 462/462/462 464/464/464 466/466/466
f 465/465/465 467/467/467 463/463/463
f 466/466/466 464/464/464 468/468/468
f 469/469/469 467/467/467 465/465/465
f 466/466/466 468/468/468 469/469/469
f 469/469/469 468/468/468 467/467/467
f 470/470/470 471/471/471 472/472/472
f 473/473/473 470/470/470 472/472/472
f 471/471/471 474/474/474 472/472/472
f 475/475/475 473/473/473 472/472/472
f 474/474/474 476/476/476 472/472/472
f 477/477/477 475/475/475 472/472/472
f 476/476/476 478/478/478 472/472/472
f 479/479/479 477/477/477 472/472/472
f 478/478/478 480/480/480 472/472/472
f 481/481/481 479/479/479 472/472/472
f 480/480/480 482/482/482 472/472/472
f 483/483/483 481/481/481 472/472/472
f 482/482/482 484/484/484 472/472/472
f 485/485/485 483/483/483 472/472/472
f 484/484/484 486/486/486 472/472/472
f 487/487/487 485/485/485 472/472/472
f 486/486/486 488/488/488 472/472/472
f 489/489/489 487/487/487 472/472/472
f 490/490/490 489/489/489 472/472/472
f 488/488/488 491/491/491 472/472/472
f 492/492/492 490/490/490 472/472/472
f 491/491/491 493/493/493 472/472/472
f 494/494/494 492/492/492 472/472/472
f 493/493/493 494/494/494 472/472/472
f 495/495/495 496/496/496 497/497/497
f 498/498/498 496/496/496 495/495/495
f 495/495/495 497/497/497 499/499/499
f 498/498/498 500/500/500 496/496/496
f 499/499/499 497/497/497 501/501/501
f 502/502/502 500/500/500 498/498/498
f 499/499/499 501/501/501 503/503/503
f 502/502/502 504/504/504 500/500/500
f 503/503/503 501/501/501 505/505/505
f 506/506/506 504/504/504 502/502/502
f 503/503/503 505/505/505 507/507/507
f 506/506/506 508/508/508 504/504/504
f 507/507/507 505/505/505 509/509/509
f 510/510/510 508/508/508 506/506/506
f 507/507/507 509/509/509 511/511/511
f 510/510/510 512/512/512 508/508/508
f 511/511/511 509/509/509 513/513/513
f 514/514/514 512/512/512 510/510/510
f 511/511/511 513/513/513 515/515/515
f 514/514/514 516/516/516 512/512/512
f 515/515/515 513/513/513 517/517/517
f 518/518/518 516/516/516 514/514/514
f 515/515/515 517/517/517 519/519/519
f 518/518/518 520/520/520 516/516/516
f 519/519/519 517/517/517 521/521/521
f 522/522/522 520/520/520 518/518/518
f 519/519/519 521/521/521 523/523/523
f 522/522/522 524/524/524 520/520/520
f 523/523/523 521/521/521 525/525/525
f 526/526/526 524/524/524 522/522/522
f 523/523/523 525/525/525 527/527/527
f 526/526/526 528/528/528 524/524/524
f 527/527/527 525/525/525 529/529/529
f 530/530/530 528/528/528 526/526/526
f 527/527/527 529/529/529 531/531/531
f 530/530/530 532/532/532 528/528/528
f 531/531/531 529/529/529 533/533/533
f 534/534/534 532/532/532 530/530/530
f 531/531/531 533/533/533 535/535/535
f 534/534/534 536/536/536 532/532/532
f 535/535/535 533/533/533 537/537/537
f 538/538/538 536/536/536 534/534/534
f 535/535/535 537/537/537 539/539/539
f 538/538/538 540/540/540 536/536/536
f 539/539/539 537/537/537 541/541/541
f 542/542/542 540/540/540 538/538/538
f 539/539/539 541/541/541 542/542/542
f 542/542/542 541/541/541 540/540/540
f 543/543/543 544/544/544 545/545/545
f 546/546/546 544/544/544 543/543/543
f 545/545/545 544/544/544 547/547/547
f 548/548/548 544/544/544 546/546/546
f 548/548/548 547/547/547 544/544/544
f 549/549/549 547/547/547 548/548/548
f 546/546/546 550/550/550 548/548/548
f 551/551/551 549/549/549 548/548/548
f 551/551/551 548/548/548 550/550/550
f 546/546/546 552/552/552 550/550/550
f 551/551/551 553/553/553 549/549/549
f 554/554/554 552/552/552 546/546/546
f 554/554/554 546/546/546 555/555/555
f 546/546/546 543/543/543 555/555/555
f 556/556/556 554/554/554 555/555/555
f 543/543/543 556/556/556 555/555/555
f 543/543/543 557/557/557 556/556/556
f 556/556/556 558/558/558 554/554/554
f 559/559/559 557/557/557 543/543/543
f 554/554/554 558/558/558 560/560/560
f 559/559/559 543/543/543 561/561/561
f 543/543/543 545/545/545 561/561/561
f 562/562/562 559/559/559 561/561/561
f 545/545/545 562/562/562 561/561/561
f 562/562/562 563/563/563 559/559/559
f 564/564/564 563/563/563 562/562/562
f 554/554/554 560/560/560 565/565/565
f 564/564/564 562/562/562 566/566/566
f 567/567/567 554/554/554 565/565/565
f 567/567/567 552/552/552 554/554/554
f 560/560/560 568/568/568 565/565/565
f 568/568/568 567/567/567 565/565/565
f 560/560/560 569/569/569 568/568/568
f 568/568/568 569/569/569 570/570/570
f 568/568/568 570/570/570 571/571/571
f 572/572/572 552/552/552 567/567/567
f 572/572/572 550/550/550 552/552/552
f 568/568/568 573/573/573 567/567/567
f 574/574/574 568/568/568 571/571/571
f 574/574/574 573/573/573 568/568/568
f 570/570/570 575/575/575 571/571/571
f 575/575/575 574/574/574 571/571/571
f 570/570/570 576/576/576 575/575/575
f 575/575/575 576/576/576 577/577/577
f 567/567/567 573/573/573 578/578/578
f 567/567/567 578/578/578 572/572/572
f 579/579/579 573/573/573 574/574/574
f 579/579/579 578/578/578 573/573/573
f 575/575/575 577/577/577 580/580/580
f 574/574/574 581/581/581 579/579/579
f 575/575/575 582/582/582 574/574/574
f 574/574/574 582/582/582 581/581/581
f 583/583/583 575/575/575 580/580/580
f 583/583/583 582/582/582 575/575/575
f 577/577/577 584/584/584 580/580/580
f 584/584/584 583/583/583 580/580/580
f 577/577/577 585/585/585 584/584/584
f 584/584/584 585/585/585 586/586/586
f 584/584/584 586/586/586 587/587/587
f 588/588/588 581/581/581 582/582/582
f 588/588/588 582/582/582 583/583/583
f 589/589/589 584/584/584 587/587/587
f 586/586/586 590/590/590 587/587/587
f 590/590/590 589/589/589 587/587/587
f 586/586/586 591/591/591 590/590/590
f 590/590/590 591/591/591 592/592/592
f 584/584/584 593/593/593 583/583/583
f 589/589/589 593/593/593 584/584/584
f 583/583/583 593/593/593 594/594/594
f 583/583/583 594/594/594 588/588/588
f 595/595/595 593/593/593 589/589/589
f 595/595/595 594/594/594 593/593/593
f 590/590/590 592/592/592 596/596/596
f 589/589/589 597/597/597 595/595/595
f 590/590/590 598/598/598 589/589/589
f 589/589/589 598/598/598 597/597/597
f 599/599/599 590/590/590 596/596/596
f 599/599/599 598/598/598 590/590/590
f 592/592/592 600/600/600 596/596/596
f 600/600/600 599/599/599 596/596/596
f 592/592/592 601/601/601 600/600/600
f 600/600/600 601/601/601 602/602/602
f 600/600/600 602/602/602 603/603/603
f 604/604/604 597/597/597 598/598/598
f 604/604/604 598/598/598 599/599/599
f 605/605/605 600/600/600 603/603/603
f 602/602/602 606/606/606 603/603/603
f 606/606/606 605/605/605 603/603/603
f 602/602/602 607/607/607 606/606/606
f 606/606/606 607/607/607 608/608/608
f 600/600/600 609/609/609 599/599/599
f 605/605/605 609/609/609 600/600/600
f 599/599/599 609/609/609 610/610/610
f 599/599/599 610/610/610 604/604/604
f 611/611/611 609/609/609 605/605/605
f 611/611/611 610/610/610 609/609/609
f 606/606/606 608/608/608 612/612/612
f 605/605/605 613/613/613 611/611/611
f 606/606/606 614/614/614 605/605/605
f 605/605/605 614/614/614 613/613/613
f 615/615/615 606/606/606 612/612/612
f 615/615/615 614/614/614 606/606/606
f 608/608/608 616/616/616 612/612/612
f 616/616/616 615/615/615 612/612/612
f 608/608/608 617/617/617 616/616/616
f 616/616/616 617/617/617 618/618/618
f 616/616/616 618/618/618 619/619/619
f 620/620/620 613/613/613 614/614/614
f 620/620/620 614/614/614 615/615/615
f 621/621/621 616/616/616 619/619/619
f 618/618/618 622/622/622 619/619/619
f 622/622/622 621/621/621 619/619/619
f 618/618/618 623/623/623 622/622/622
f 622/622/622 623/623/623 624/624/624
f 616/616/616 625/625/625 615/615/615
f 621/621/621 625/625/625 616/616/616
f 615/615/615 625/625/625 626/626/626
f 615/615/615 626/626/626 620/620/620
f 627/627/627 625/625/625 621/621/621
f 627/627/627 626/626/626 625/625/625
f 622/622/622 624/624/624 628/628/628
f 621/621/621 629/629/629 627/627/627
f 622/622/622 630/630/630 621/621/621
f 621/621/621 630/630/630 629/629/629
f 631/631/631 622/622/622 628/628/628
f 631/631/631 630/630/630 622/622/622
f 624/624/624 632/632/632 628/628/628
f 632/632/632 631/631/631 628/628/628
f 624/624/624 633/633/633 632/632/632
f 632/632/632 633/633/633 564/564/564
f 632/632/632 564/564/564 566/566/566
f 634/634/634 632/632/632 566/566/566
f 562/562/562 634/634/634 566/566/566
f 632/632/632 635/635/635 631/631/631
f 634/634/634 635/635/635 632/632/632
f 562/562/562 636/636/636 634/634/634
f 545/545/545 636/636/636 562/562/562
f 637/637/637 635/635/635 634/634/634
f 638/638/638 636/636/636 545/545/545
f 545/545/545 547/547/547 638/638/638
f 634/634/634 636/636/636 639/639/639
f 638/638/638 639/639/639 636/636/636
f 634/634/634 639/639/639 637/637/637
f 640/640/640 638/638/638 547/547/547
f 549/549/549 640/640/640 547/547/547
f 641/641/641 639/639/639 638/638/638
f 640/640/640 641/641/641 638/638/638
f 642/642/642 637/637/637 639/639/639
f 641/641/641 642/642/642 639/639/639
f 549/549/549 643/643/643 640/640/640
f 640/640/640 644/644/644 641/641/641
f 640/640/640 643/643/643 644/644/644
f 549/549/549 553/553/553 643/643/643
f 641/641/641 644/644/644 645/645/645
f 641/641/641 645/645/645 642/642/642
f 643/643/643 646/646/646 644/644/644
f 647/647/647 643/643/643 553/553/553
f 643/643/643 647/647/647 646/646/646
f 648/648/648 645/645/645 644/644/644
f 648/648/648 644/644/644 646/646/646
f 646/646/646 647/647/647 649/649/649
f 646/646/646 649/649/649 650/650/650
f 650/650/650 648/648/648 646/646/646
f 651/651/651 649/649/649 647/647/647
f 650/650/650 652/652/652 648/648/648
f 651/651/651 647/647/647 653/653/653
f 647/647/647 553/553/553 653/653/653
f 653/653/653 654/654/654 651/651/651
f 655/655/655 648/648/648 652/652/652
f 655/655/655 645/645/645 648/648/648
f 655/655/655 652/652/652 656/656/656
f 655/655/655 657/657/657 645/645/645
f 642/642/642 645/645/645 657/657/657
f 656/656/656 658/658/658 655/655/655
f 658/658/658 657/657/657 655/655/655
f 656/656/656 659/659/659 658/658/658
f 642/642/642 657/657/657 660/660/660
f 642/642/642 660/660/660 637/637/637
f 658/658/658 661/661/661 657/657/657
f 660/660/660 657/657/657 661/661/661
f 662/662/662 658/658/658 659/659/659
f 661/661/661 658/658/658 662/662/662
f 662/662/662 659/659/659 663/663/663
f 660/660/660 664/664/664 637/637/637
f 637/637/637 664/664/664 635/635/635
f 631/631/631 635/635/635 664/664/664
f 660/660/660 665/665/665 664/664/664
f 660/660/660 661/661/661 665/665/665
f 631/631/631 664/664/664 666/666/666
f 665/665/665 666/666/666 664/664/664
f 666/666/666 630/630/630 631/631/631
f 666/666/666 629/629/629 630/630/630
f 665/665/665 667/667/667 666/666/666
f 667/667/667 629/629/629 666/666/666
f 665/665/665 661/661/661 668/668/668
f 665/665/665 668/668/668 667/667/667
f 661/661/661 662/662/662 668/668/668
f 667/667/667 669/669/669 629/629/629
f 669/669/669 627/627/627 629/629/629
f 667/667/667 668/668/668 670/670/670
f 667/667/667 670/670/670 669/669/669
f 671/671/671 668/668/668 662/662/662
f 671/671/671 670/670/670 668/668/668
f 663/663/663 671/671/671 662/662/662
f 663/663/663 672/672/672 671/671/671
f 673/673/673 671/671/671 672/672/672
f 670/670/670 671/671/671 673/673/673
f 673/673/673 672/672/672 674/674/674
f 670/670/670 673/673/673 675/675/675
f 669/669/669 670/670/670 675/675/675
f 674/674/674 676/676/676 673/673/673
f 676/676/676 675/675/675 673/673/673
f 674/674/674 677/677/677 676/676/676
f 669/669/669 675/675/675 678/678/678
f 669/669/669 678/678/678 627/627/627
f 678/678/678 626/626/626 627/627/627
f 678/678/678 675/675/675 679/679/679
f 676/676/676 679/679/679 675/675/675
f 678/678/678 680/680/680 626/626/626
f 678/678/678 679/679/679 680/680/680
f 680/680/680 620/620/620 626/626/626
f 681/681/681 676/676/676 677/677/677
f 679/679/679 676/676/676 681/681/681
f 681/681/681 677/677/677 682/682/682
f 680/680/680 679/679/679 683/683/683
f 679/679/679 681/681/681 683/683/683
f 680/680/680 684/684/684 620/620/620
f 680/680/680 683/683/683 684/684/684
f 684/684/684 613/613/613 620/620/620
f 682/682/682 685/685/685 681/681/681
f 685/685/685 683/683/683 681/681/681
f 682/682/682 686/686/686 685/685/685
f 684/684/684 683/683/683 687/687/687
f 685/685/685 687/687/687 683/683/683
f 684/684/684 688/688/688 613/613/613
f 684/684/684 687/687/687 688/688/688
f 688/688/688 611/611/611 613/613/613
f 689/689/689 685/685/685 686/686/686
f 687/687/687 685/685/685 689/689/689
f 689/689/689 686/686/686 690/690/690
f 688/688/688 687/687/687 691/691/691
f 687/687/687 689/689/689 691/691/691
f 688/688/688 692/692/692 611/611/611
f 688/688/688 691/691/691 692/692/692
f 692/692/692 610/610/610 611/611/611
f 690/690/690 693/693/693 689/689/689
f 693/693/693 691/691/691 689/689/689
f 690/690/690 694/694/694 693/693/693
f 692/692/692 691/691/691 695/695/695
f 693/693/693 695/695/695 691/691/691
f 692/692/692 696/696/696 610/610/610
f 692/692/692 695/695/695 696/696/696
f 696/696/696 604/604/604 610/610/610
f 697/697/697 693/693/693 694/694/694
f 695/695/695 693/693/693 697/697/697
f 697/697/697 694/694/694 698/698/698
f 696/696/696 695/695/695 699/699/699
f 695/695/695 697/697/697 699/699/699
f 696/696/696 700/700/700 604/604/604
f 696/696/696 699/699/699 700/700/700
f 700/700/700 597/597/597 604/604/604
f 698/698/698 701/701/701 697/697/697
f 701/701/701 699/699/699 697/697/697
f 698/698/698 702/702/702 701/701/701
f 700/700/700 699/699/699 703/703/703
f 701/701/701 703/703/703 699/699/699
f 700/700/700 704/704/704 597/597/597
f 700/700/700 703/703/703 704/704/704
f 704/704/704 595/595/595 597/597/597
f 705/705/705 701/701/701 702/702/702
f 703/703/703 701/701/701 705/705/705
f 705/705/705 702/702/702 706/706/706
f 704/704/704 703/703/703 707/707/707
f 703/703/703 705/705/705 707/707/707
f 704/704/704 708/708/708 595/595/595
f 704/704/704 707/707/707 708/708/708
f 708/708/708 594/594/594 595/595/595
f 706/706/706 709/709/709 705/705/705
f 709/709/709 707/707/707 705/705/705
f 706/706/706 710/710/710 709/709/709
f 708/708/708 707/707/707 711/711/711
f 709/709/709 711/711/711 707/707/707
f 708/708/708 712/712/712 594/594/594
f 708/708/708 711/711/711 712/712/712
f 712/712/712 588/588/588 594/594/594
f 713/713/713 709/709/709 710/710/710
f 711/711/711 709/709/709 713/713/713
f 713/713/713 710/710/710 714/714/714
f 712/712/712 711/711/711 715/715/715
f 711/711/711 713/713/713 715/715/715
f 712/712/712 716/716/716 588/588/588
f 712/712/712 715/715/715 716/716/716
f 716/716/716 581/581/581 588/588/588
f 714/714/714 717/717/717 713/713/713
f 717/717/717 715/715/715 713/713/713
f 714/714/714 718/718/718 717/717/717
f 716/716/716 715/715/715 719/719/719
f 717/717/717 719/719/719 715/715/715
f 716/716/716 720/720/720 581/581/581
f 716/716/716 719/719/719 720/720/720
f 720/720/720 579/579/579 581/581/581
f 721/721/721 717/717/717 718/718/718
f 719/719/719 717/717/717 721/721/721
f 721/721/721 718/718/718 722/722/722
f 720/720/720 719/719/719 723/723/723
f 719/719/719 721/721/721 723/723/723
f 720/720/720 724/724/724 579/579/579
f 720/720/720 723/723/723 724/724/724
f 724/724/724 578/578/578 579/579/579
f 722/722/722 725/725/725 721/721/721
f 725/725/725 723/723/723 721/721/721
f 722/722/722 726/726/726 725/725/725
f 724/724/724 723/723/723 727/727/727
f 725/725/725 727/727/727 723/723/723
f 724/724/724 728/728/728 578/578/578
f 724/724/724 727/727/727 728/728/728
f 728/728/728 572/572/572 578/578/578
f 729/729/729 725/725/725 726/726/726
f 727/727/727 725/725/725 729/729/729
f 729/729/729 726/726/726 730/730/730
f 728/728/728 727/727/727 731/731/731
f 727/727/727 729/729/729 731/731/731
f 728/728/728 732/732/732 572/572/572
f 728/728/728 731/731/731 732/732/732
f 732/732/732 550/550/550 572/572/572
f 732/732/732 551/551/551 550/550/550
f 730/730/730 733/733/733 729/729/729
f 733/733/733 731/731/731 729/729/729
f 730/730/730 654/654/654 733/733/733
f 653/653/653 733/733/733 654/654/654
f 733/733/733 734/734/734 731/731/731
f 734/734/734 733/733/733 653/653/653
f 732/732/732 731/731/731 734/734/734
f 732/732/732 734/734/734 551/551/551
f 734/734/734 653/653/653 553/553/553
f 551/551/551 734/734/734 553/553/553
f 735/735/735 736/736/736 737/737/737
f 738/738/738 736/736/736 735/735/735
f 735/735/735 737/737/737 739/739/739
f 738/738/738 740/740/740 736/736/736
f 739/739/739 737/737/737 741/741/741
f 742/742/742 740/740/740 738/738/738
f 739/739/739 741/741/741 743/743/743
f 742/742/742 744/744/744 740/740/740
f 743/743/743 741/741/741 745/745/745
f 746/746/746 744/744/744 742/742/742
f 743/743/743 745/745/745 747/747/747
f 746/746/746 748/748/748 744/744/744
f 747/747/747 745/745/745 749/749/749
f 750/750/750 748/748/748 746/746/746
f 747/747/747 749/749/749 751/751/751
f 750/750/750 752/752/752 748/748/748
f 751/751/751 749/749/749 753/753/753
f 754/754/754 752/752/752 750/750/750
f 751/751/751 753/753/753 755/755/755
f 754/754/754 756/756/756 752/752/752
f 755/755/755 753/753/753 757/757/757
f 758/758/758 756/756/756 754/754/754
f 755/755/755 757/757/757 759/759/759
f 758/758/758 760/760/760 756/756/756
f 759/759/759 757/757/757 761/761/761
f 762/762/762 760/760/760 758/758/758
f 759/759/759 761/761/761 763/763/763
f 762/762/762 764/764/764 760/760/760
f 763/763/763 761/761/761 765/765/765
f 766/766/766 764/764/764 762/762/762
f 763/763/763 765/765/765 767/767/767
f 766/766/766 768/768/768 764/764/764
f 767/767/767 765/765/765 769/769/769
f 770/770/770 768/768/768 766/766/766
f 767/767/767 769/769/769 771/771/771
f 770/770/770 772/772/772 768/768/768
f 771/771/771 769/769/769 773/773/773
f 774/774/774 772/772/772 770/770/770
f 771/771/771 773/773/773 775/775/775
f 774/774/774 776/776/776 772/772/772
f 775/775/775 773/773/773 777/777/777
f 778/778/778 776/776/776 774/774/774
f 775/775/775 777/777/777 779/779/779
f 778/778/778 780/780/780 776/776/776
f 779/779/779 777/777/777 781/781/781
f 782/782/782 780/780/780 778/778/778
f 779/779/779 781/781/781 782/782/782
f 782/782/782 781/781/781 780/780/780
f 783/783/783 784/784/784 785/785/785
f 786/786/786 783/783/783 785/785/785
f 784/784/784 787/787/787 785/785/785
f 788/788/788 786/786/786 785/785/785
f 787/787/787 789/789/789 785/785/785
f 790/790/790 788/788/788 785/785/785
f 789/789/789 791/791/791 785/785/785
f 792/792/792 790/790/790 785/785/785
f 791/791/791 793/793/793 785/785/785
f 794/794/794 792/792/792 785/785/785
f 793/793/793 795/795/795 785/785/785
f 796/796/796 794/794/794 785/785/785
f 795/795/795 797/797/797 785/785/785
f 798/798/798 796/796/796 785/785/785
f 797/797/797 799/799/799 785/785/785
f 800/800/800 798/798/798 785/785/785
f 799/799/799 801/801/801 785/785/785
f 802/802/802 800/800/800 785/785/785
f 803/803/803 802/802/802 785/785/785
f 801/801/801 804/804/804 785/785/785
f 805/805/805 803/803/803 785/785/785
f 804/804/804 806/806/806 785/785/785
f 807/807/807 805/805/805 785/785/785
f 806/806/806 807/807/807 785/785/785
f 808/808/808 809/809/809 810/810/810
f 808/808/808 810/810/810 811/811/811
f 809/809/809 812/812/812 810/810/810
f 809/809/809 813/813/813 812/812/812
f 813/813/813 814/814/814 812/812/812
f 813/813/813 815/815/815 814/814/814
f 815/815/815 816/816/816 814/814/814
f 815/815/815 817/817/817 816/816/816
f 817/817/817 818/818/818 816/816/816
f 817/817/817 819/819/819 818/818/818
f 819/819/819 820/820/820 818/818/818
f 819/819/819 821/821/821 820/820/820
f 821/821/821 822/822/822 820/820/820
f 821/821/821 823/823/823 822/822/822
f 823/823/823 824/824/824 822/822/822
f 823/823/823 825/825/825 824/824/824
f 825/825/825 826/826/826 824/824/824
f 825/825/825 827/827/827 826/826/826
f 827/827/827 828/828/828 826/826/826
f 827/827/827 829/829/829 828/828/828
f 829/829/829 830/830/830 828/828/828
f 829/829/829 831/831/831 830/830/830
f 831/831/831 832/832/832 830/830/830
f 831/831/831 833/833/833 832/832/832
f 834/834/834 835/835/835 836/836/836
f 834/834/834 836/836/836 837/837/837
f 835/835/835 838/838/838 836/836/836
f 835/835/835 839/839/839 838/838/838
f 839/839/839 840/840/840 838/838/838
f 839/839/839 841/841/841 840/840/840
f 841/841/841 842/842/842 840/840/840
f 841/841/841 843/843/843 842/842/842
f 843/843/843 844/844/844 842/842/842
f 843/843/843 845/845/845 844/844/844
f 845/845/845 846/846/846 844/844/844
f 845/845/845 847/847/847 846/846/846
f 847/847/847 848/848/848 846/846/846
f 847/847/847 849/849/849 848/848/848
f 849/849/849 850/850/850 848/848/848
f 849/849/849 851/851/851 850/850/850
f 851/851/851 852/852/852 850/850/850
f 851/851/851 853/853/853 852/852/852
f 853/853/853 854/854/854 852/852/852
f 853/853/853 855/855/855 854/854/854
f 855/855/855 856/856/856 854/854/854
f 855/855/855 857/857/857 856/856/856
f 857/857/857 858/858/858 856/856/856
f 857/857/857 859/859/859 858/858/858
f 860/860/860 861/861/861 862/862/862
f 860/860/860 862/862/862 863/863/863
f 861/861/861 864/864/864 862/862/862
f 861/861/861 865/865/865 864/864/864
f 865/865/865 866/866/866 864/864/864
f 865/865/865 867/867/867 866/866/866
f 867/867/867 868/868/868 866/866/866
f 867/867/867 869/869/869 868/868/868
f 869/869/869 870/870/870 868/868/868
f 869/869/869 871/871/871 870/870/870
f 871/871/871 872/872/872 870/870/870
f 871/871/871 873/873/873 872/872/872
f 873/873/873 874/874/874 872/872/872
f 873/873/873 875/875/875 874/874/874
f 875/875/875 876/876/876 874/874/874
f 875/875/875 877/877/877 876/876/876
f 877/877/877 878/878/878 876/876/876
f 877/877/877 879/879/879 878/878/878
f 879/879/879 880/880/880 878/878/878
f 879/879/879 881/881/881 880/880/880
f 881/881/881 882/882/882 880/880/880
f 881/881/881 883/883/883 882/882/882
f 883/883/883 884/884/884 882/882/882
f 883/883/883 885/885/885 884/884/884
f 886/886/886 887/887/887 888/888/888
f 886/886/886 888/888/888 889/889/889
f 890/890/890 889/889/889 888/888/888
f 886/886/886 889/889/889 891/891/891
f 892/892/892 886/886/886 891/891/891
f 889/889/889 893/893/893 891/891/891
f 889/889/889 894/894/894 893/893/893
f 893/893/893 895/895/895 891/891/891
f 893/893/893 896/896/896 895/895/895
f 895/895/895 897/897/897 891/891/891
f 898/898/898 899/899/899 900/900/900
f 901/901/901 899/899/899 898/898/898
f 898/898/898 900/900/900 902/902/902
f 902/902/902 900/900/900 903/903/903
f 902/902/902 903/903/903 904/904/904
f 900/900/900 905/905/905 903/903/903
f 900/900/900 906/906/906 905/905/905
f 899/899/899 906/906/906 900/900/900
f 906/906/906 907/907/907 905/905/905
f 901/901/901 908/908/908 899/899/899
f 909/909/909 908/908/908 901/901/901
f 899/899/899 910/910/910 906/906/906
f 908/908/908 910/910/910 899/899/899
f 906/906/906 911/911/911 907/907/907
f 910/910/910 911/911/911 906/906/906
f 911/911/911 912/912/912 907/907/907
f 909/909/909 913/913/913 908/908/908
f 914/914/914 913/913/913 909/909/909
f 908/908/908 915/915/915 910/910/910
f 913/913/913 915/915/915 908/908/908
f 914/914/914 916/916/916 913/913/913
f 917/917/917 916/916/916 914/914/914
f 917/917/917 918/918/918 916/916/916
f 918/918/918 919/919/919 916/916/916
f 913/913/913 916/916/916 919/919/919
f 918/918/918 920/920/920 919/919/919
f 919/919/919 920/920/920 921/921/921
f 913/913/913 919/919/919 922/922/922
f 913/913/913 922/922/922 915/915/915
f 919/919/919 921/921/921 923/923/923
f 922/922/922 919/919/919 923/923/923
f 923/923/923 921/921/921 924/924/924
f 922/922/922 925/925/925 915/915/915
f 922/922/922 923/923/923 926/926/926
f 922/922/922 926/926/926 925/925/925
f 923/923/923 924/924/924 927/927/927
f 926/926/926 923/923/923 927/927/927
f 924/924/924 928/928/928 927/927/927
f 924/924/924 929/929/929 928/928/928
f 926/926/926 927/927/927 930/930/930
f 930/930/930 927/927/927 928/928/928
f 926/926/926 930/930/930 931/931/931
f 926/926/926 931/931/931 925/925/925
f 930/930/930 928/928/928 932/932/932
f 929/929/929 933/933/933 928/928/928
f 929/929/929 934/934/934 933/933/933
f 928/928/928 935/935/935 932/932/932
f 928/928/928 933/933/933 935/935/935
f 930/930/930 932/932/932 936/936/936
f 930/930/930 936/936/936 931/931/931
f 932/932/932 935/935/935 937/937/937
f 932/932/932 937/937/937 936/936/936
f 934/934/934 938/938/938 933/933/933
f 934/934/934 939/939/939 938/938/938
f 933/933/933 940/940/940 935/935/935
f 933/933/933 938/938/938 940/940/940
f 935/935/935 941/941/941 937/937/937
f 935/935/935 940/940/940 941/941/941
f 939/939/939 942/942/942 938/938/938
f 939/939/939 943/943/943 942/942/942
f 938/938/938 944/944/944 940/940/940
f 938/938/938 942/942/942 944/944/944
f 940/940/940 945/945/945 941/941/941
f 940/940/940 944/944/944 945/945/945
f 943/943/943 946/946/946 942/942/942
f 943/943/943 947/947/947 946/946/946
f 942/942/942 948/948/948 944/944/944
f 942/942/942 946/946/946 948/948/948
f 944/944/944 949/949/949 945/945/945
f 944/944/944 948/948/948 949/949/949
f 947/947/947 950/950/950 946/946/946
f 947/947/947 951/951/951 950/950/950
f 946/946/946 952/952/952 948/948/948
f 946/946/946 950/950/950 952/952/952
f 948/948/948 953/953/953 949/949/949
f 948/948/948 952/952/952 953/953/953
f 951/951/951 954/954/954 950/950/950
f 951/951/951 955/955/955 954/954/954
f 955/955/955 956/956/956 954/954/954
f 955/955/955 957/957/957 956/956/956
f 954/954/954 956/956/956 958/958/958
f 950/950/950 954/954/954 959/959/959
f 954/954/954 958/958/958 959/959/959
f 950/950/950 959/959/959 952/952/952
f 959/959/959 958/958/958 960/960/960
f 952/952/952 959/959/959 961/961/961
f 959/959/959 960/960/960 961/961/961
f 952/952/952 961/961/961 953/953/953
f 961/961/961 960/960/960 962/962/962
f 961/961/961 962/962/962 963/963/963
f 953/953/953 961/961/961 963/963/963
f 963/963/963 962/962/962 964/964/964
f 953/953/953 963/963/963 965/965/965
f 949/949/949 953/953/953 965/965/965
f 963/963/963 964/964/964 966/966/966
f 965/965/965 963/963/963 966/966/966
f 966/966/966 964/964/964 967/967/967
f 966/966/966 967/967/967 968/968/968
f 969/969/969 966/966/966 968/968/968
f 965/965/965 966/966/966 969/969/969
f 969/969/969 968/968/968 970/970/970
f 949/949/949 965/965/965 971/971/971
f 971/971/971 965/965/965 969/969/969
f 945/945/945 949/949/949 971/971/971
f 972/972/972 969/969/969 970/970/970
f 971/971/971 969/969/969 972/972/972
f 972/972/972 970/970/970 973/973/973
f 945/945/945 971/971/971 974/974/974
f 974/974/974 971/971/971 972/972/972
f 941/941/941 945/945/945 974/974/974
f 975/975/975 972/972/972 973/973/973
f 974/974/974 972/972/972 975/975/975
f 975/975/975 973/973/973 976/976/976
f 941/941/941 974/974/974 977/977/977
f 977/977/977 974/974/974 975/975/975
f 937/937/937 941/941/941 977/977/977
f 978/978/978 975/975/975 976/976/976
f 977/977/977 975/975/975 978/978/978
f 978/978/978 976/976/976 979/979/979
f 937/937/937 977/977/977 980/980/980
f 980/980/980 977/977/977 978/978/978
f 936/936/936 937/937/937 980/980/980
f 981/981/981 978/978/978 979/979/979
f 980/980/980 978/978/978 981/981/981
f 981/981/981 979/979/979 982/982/982
f 936/936/936 980/980/980 983/983/983
f 983/983/983 980/980/980 981/981/981
f 931/931/931 936/936/936 983/983/983
f 984/984/984 981/981/981 982/982/982
f 983/983/983 981/981/981 984/984/984
f 984/984/984 982/982/982 985/985/985
f 931/931/931 983/983/983 986/986/986
f 986/986/986 983/983/983 984/984/984
f 925/925/925 931/931/931 986/986/986
f 987/987/987 984/984/984 985/985/985
f 986/986/986 984/984/984 987/987/987
f 987/987/987 985/985/985 912/912/912
f 911/911/911 987/987/987 912/912/912
f 988/988/988 986/986/986 987/987/987
f 988/988/988 987/987/987 911/911/911
f 925/925/925 986/986/986 988/988/988
f 910/910/910 988/988/988 911/911/911
f 915/915/915 925/925/925 988/988/988
f 915/915/915 988/988/988 910/910/910
f 989/989/989 990/990/990 991/991/991
f 992/992/992 990/990/990 989/989/989
f 989/989/989 991/991/991 993/993/993
f 992/992/992 994/994/994 990/990/990
f 993/993/993 991/991/991 995/995/995
f 996/996/996 994/994/994 992/992/992
f 993/993/993 995/995/995 997/997/997
f 996/996/996 998/998/998 994/994/994
f 997/997/997 995/995/995 999/999/999
f 1000/1000/1000 998/998/998 996/996/996
f 997/997/997 999/999/999 1001/1001/1001
f 1000/1000/1000 1002/1002/1002 998/998/998
f 1001/1001/1001 999/999/999 1003/1003/1003
f 1004/1004/1004 1002/1002/1002 1000/1000/1000
f 1001/1001/1001 1003/1003/1003 1005/1005/1005
f 1004/1004/1004 1006/1006/1006 1002/1002/1002
f 1005/1005/1005 1003/1003/1003 1007/1007/1007
f 1008/1008/1008 1006/1006/1006 1004/1004/1004
f 1005/1005/1005 1007/1007/1007 1009/1009/1009
f 1008/1008/1008 1010/1010/1010 1006/1006/1006
f 1009/1009/1009 1007/1007/1007 1011/1011/1011
f 1012/1012/1012 1010/1010/1010 1008/1008/1008
f 1009/1009/1009 1011/1011/1011 1013/1013/1013
f 1012/1012/1012 1014/1014/1014 1010/1010/1010
f 1013/1013/1013 1011/1011/1011 1015/1015/1015
f 1016/1016/1016 1014/1014/1014 1012/1012/1012
f 1013/1013/1013 1015/1015/1015 1017/1017/1017
f 1016/1016/1016 1018/1018/1018 1014/1014/1014
f 1017/1017/1017 1015/1015/1015 1019/1019/1019
f 1020/1020/1020 1018/1018/1018 1016/1016/1016
f 1017/1017/1017 1019/1019/1019 1021/1021/1021
f 1020/1020/1020 1022/1022/1022 1018/1018/1018
f 1021/1021/1021 1019/1019/1019 1023/1023/1023
f 1024/1024/1024 1022/1022/1022 1020/1020/1020
f 1021/1021/1021 1023/1023/1023 1025/1025/1025
f 1024/1024/1024 1026/1026/1026 1022/1022/1022
f 1025/1025/1025 1023/1023/1023 1027/1027/1027
f 1028/1028/1028 1026/1026/1026 1024/1024/1024
f 1025/1025/1025 1027/1027/1027 1029/1029/1029
f 1028/1028/1028 1030/1030/1030 1026/1026/1026
f 1029/1029/1029 1027/1027/1027 1031/1031/1031
f 1032/1032/1032 1030/1030/1030 1028/1028/1028
f 1029/1029/1029 1031/1031/1031 1033/1033/1033
f 1032/1032/1032 1034/1034/1034 1030/1030/1030
f 1033/1033/1033 1031/1031/1031 1035/1035/1035
f 1036/1036/1036 1034/1034/1034 1032/1032/1032
f 1033/1033/1033 1035/1035/1035 1036/1036/1036
f 1036/1036/1036 1035/1035/1035 1034/1034/1034
f 1037/1037/1037 1038/1038/1038 1039/1039/1039
f 1040/1040/1040 1038/1038/1038 1037/1037/1037
f 1039/1039/1039 1038/1038/1038 1041/1041/1041
f 1042/1042/1042 1038/1038/1038 1040/1040/1040
f 1042/1042/1042 1041/1041/1041 1038/1038/1038
f 1043/1043/1043 1041/1041/1041 1042/1042/1042
f 1040/1040/1040 1044/1044/1044 1042/1042/1042
f 1045/1045/1045 1043/1043/1043 1042/1042/1042
f 1045/1045/1045 1042/1042/1042 1044/1044/1044
f 1040/1040/1040 1046/1046/1046 1044/1044/1044
f 1045/1045/1045 1047/1047/1047 1043/1043/1043
f 1048/1048/1048 1046/1046/1046 1040/1040/1040
f 1048/1048/1048 1040/1040/1040 1049/1049/1049
f 1040/1040/1040 1037/1037/1037 1049/1049/1049
f 1050/1050/1050 1048/1048/1048 1049/1049/1049
f 1037/1037/1037 1050/1050/1050 1049/1049/1049
f 1037/1037/1037 1051/1051/1051 1050/1050/1050
f 1050/1050/1050 1052/1052/1052 1048/1048/1048
f 1053/1053/1053 1051/1051/1051 1037/1037/1037
f 1048/1048/1048 1052/1052/1052 1054/1054/1054
f 1053/1053/1053 1037/1037/1037 1055/1055/1055
f 1037/1037/1037 1039/1039/1039 1055/1055/1055
f 1056/1056/1056 1053/1053/1053 1055/1055/1055
f 1039/1039/1039 1056/1056/1056 1055/1055/1055
f 1056/1056/1056 1057/1057/1057 1053/1053/1053
f 1058/1058/1058 1057/1057/1057 1056/1056/1056
f 1048/1048/1048 1054/1054/1054 1059/1059/1059
f 1058/1058/1058 1056/1056/1056 1060/1060/1060
f 1061/1061/1061 1048/1048/1048 1059/1059/1059
f 1061/1061/1061 1046/1046/1046 1048/1048/1048
f 1054/1054/1054 1062/1062/1062 1059/1059/1059
f 1062/1062/1062 1061/1061/1061 1059/1059/1059
f 1054/1054/1054 1063/1063/1063 1062/1062/1062
f 1062/1062/1062 1063/1063/1063 1064/1064/1064
f 1062/1062/1062 1064/1064/1064 1065/1065/1065
f 1066/1066/1066 1046/1046/1046 1061/1061/1061
f 1066/1066/1066 1044/1044/1044 1046/1046/1046
f 1062/1062/1062 1067/1067/1067 1061/1061/1061
f 1068/1068/1068 1062/1062/1062 1065/1065/1065
f 1068/1068/1068 1067/1067/1067 1062/1062/1062
f 1064/1064/1064 1069/1069/1069 1065/1065/1065
f 1069/1069/1069 1068/1068/1068 1065/1065/1065
f 1064/1064/1064 1070/1070/1070 1069/1069/1069
f 1069/1069/1069 1070/1070/1070 1071/1071/1071
f 1061/1061/1061 1067/1067/1067 1072/1072/1072
f 1061/1061/1061 1072/1072/1072 1066/1066/1066
f 1073/1073/1073 1067/1067/1067 1068/1068/1068
f 1073/1073/1073 1072/1072/1072 1067/1067/1067
f 1069/1069/1069 1071/1071/1071 1074/1074/1074
f 1068/1068/1068 1075/1075/1075 1073/1073/1073
f 1069/1069/1069 1076/1076/1076 1068/1068/1068
f 1068/1068/1068 1076/1076/1076 1075/1075/1075
f 1077/1077/1077 1069/1069/1069 1074/1074/1074
f 1077/1077/1077 1076/1076/1076 1069/1069/1069
f 1071/1071/1071 1078/1078/1078 1074/1074/1074
f 1078/1078/1078 1077/1077/1077 1074/1074/1074
f 1071/1071/1071 1079/1079/1079 1078/1078/1078
f 1078/1078/1078 1079/1079/1079 1080/1080/1080
f 1078/1078/1078 1080/1080/1080 1081/1081/1081
f 1082/1082/1082 1075/1075/1075 1076/1076/1076
f 1082/1082/1082 1076/1076/1076 1077/1077/1077
f 1083/1083/1083 1078/1078/1078 1081/1081/1081
f 1080/1080/1080 1084/1084/1084 1081/1081/1081
f 1084/1084/1084 1083/1083/1083 1081/1081/1081
f 1080/1080/1080 1085/1085/1085 1084/1084/1084
f 1084/1084/1084 1085/1085/1085 1086/1086/1086
f 1078/1078/1078 1087/1087/1087 1077/1077/1077
f 1083/1083/1083 1087/1087/1087 1078/1078/1078
f 1077/1077/1077 1087/1087/1087 1088/1088/1088
f 1077/1077/1077 1088/1088/1088 1082/1082/1082
f 1089/1089/1089 1087/1087/1087 1083/1083/1083
f 1089/1089/1089 1088/1088/1088 1087/1087/1087
f 1084/1084/1084 1086/1086/1086 1090/1090/1090
f 1083/1083/1083 1091/1091/1091 1089/1089/1089
f 1084/1084/1084 1092/1092/1092 1083/1083/1083
f 1083/1083/1083 1092/1092/1092 1091/1091/1091
f 1093/1093/1093 1084/1084/1084 1090/1090/1090
f 1093/1093/1093 1092/1092/1092 1084/1084/1084
f 1086/1086/1086 1094/1094/1094 1090/1090/1090
f 1094/1094/1094 1093/1093/1093 1090/1090/1090
f 1086/1086/1086 1095/1095/1095 1094/1094/1094
f 1094/1094/1094 1095/1095/1095 1096/1096/1096
f 1094/1094/1094 1096/1096/1096 1097/1097/1097
f 1098/1098/1098 1091/1091/1091 1092/1092/1092
f 1098/1098/1098 1092/1092/1092 1093/1093/1093
f 1099/1099/1099 1094/1094/1094 1097/1097/1097
f 1096/1096/1096 1100/1100/1100 1097/1097/1097
f 1100/1100/1100 1099/1099/1099 1097/1097/1097
f 1096/1096/1096 1101/1101/1101 1100/1100/1100
f 1100/1100/1100 1101/1101/1101 1102/1102/1102
f 1094/1094/1094 1103/1103/1103 1093/1093/1093
f 1099/1099/1099 1103/1103/1103 1094/1094/1094
f 1093/1093/1093 1103/1103/1103 1104/1104/1104
f 1093/1093/1093 1104/1104/1104 1098/1098/1098
f 1105/1105/1105 1103/1103/1103 1099/1099/1099
f 1105/1105/1105 1104/1104/1104 1103/1103/1103
f 1100/1100/1100 1102/1102/1102 1106/1106/1106
f 1099/1099/1099 1107/1107/1107 1105/1105/1105
f 1100/1100/1100 1108/1108/1108 1099/1099/1099
f 1099/1099/1099 1108/1108/1108 1107/1107/1107
f 1109/1109/1109 1100/1100/1100 1106/1106/1106
f 1109/1109/1109 1108/1108/1108 1100/1100/1100
f 1102/1102/1102 1110/1110/1110 1106/1106/1106
f 1110/1110/1110 1109/1109/1109 1106/1106/1106
f 1102/1102/1102 1111/1111/1111 1110/1110/1110
f 1110/1110/1110 1111/1111/1111 1112/1112/1112
f 1110/1110/1110 1112/1112/1112 1113/1113/1113
f 1114/1114/1114 1107/1107/1107 1108/1108/1108
f 1114/1114/1114 1108/1108/1108 1109/1109/1109
f 1115/1115/1115 1110/1110/1110 1113/1113/1113
f 1112/1112/1112 1116/1116/1116 1113/1113/1113
f 1116/1116/1116 1115/1115/1115 1113/1113/1113
f 1112/1112/1112 1117/1117/1117 1116/1116/1116
f 1116/1116/1116 1117/1117/1117 1118/1118/1118
f 1110/1110/1110 1119/1119/1119 1109/1109/1109
f 1115/1115/1115 1119/1119/1119 1110/1110/1110
f 1109/1109/1109 1119/1119/1119 1120/1120/1120
f 1109/1109/1109 1120/1120/1120 1114/1114/1114
f 1121/1121/1121 1119/1119/1119 1115/1115/1115
f 1121/1121/1121 1120/1120/1120 1119/1119/1119
f 1116/1116/1116 1118/1118/1118 1122/1122/1122
f 1115/1115/1115 1123/1123/1123 1121/1121/1121
f 1116/1116/1116 1124/1124/1124 1115/1115/1115
f 1115/1115/1115 1124/1124/1124 1123/1123/1123
f 1125/1125/1125 1116/1116/1116 1122/1122/1122
f 1125/1125/1125 1124/1124/1124 1116/1116/1116
f 1118/1118/1118 1126/1126/1126 1122/1122/1122
f 1126/1126/1126 1125/1125/1125 1122/1122/1122
f 1118/1118/1118 1127/1127/1127 1126/1126/1126
f 1126/1126/1126 1127/1127/1127 1058/1058/1058
f 1126/1126/1126 1058/1058/1058 1060/1060/1060
f 1128/1128/1128 1126/1126/1126 1060/1060/1060
f 1056/1056/1056 1128/1128/1128 1060/1060/1060
f 1126/1126/1126 1129/1129/1129 1125/1125/1125
f 1128/1128/1128 1129/1129/1129 1126/1126/1126
f 1056/1056/1056 1130/1130/1130 1128/1128/1128
f 1039/1039/1039 1130/1130/1130 1056/1056/1056
f 1131/1131/1131 1129/1129/1129 1128/1128/1128
f 1132/1132/1132 1130/1130/1130 1039/1039/1039
f 1039/1039/1039 1041/1041/1041 1132/1132/1132
f 1128/1128/1128 1130/1130/1130 1133/1133/1133
f 1132/1132/1132 1133/1133/1133 1130/1130/1130
f 1128/1128/1128 1133/1133/1133 1131/1131/1131
f 1134/1134/1134 1132/1132/1132 1041/1041/1041
f 1043/1043/1043 1134/1134/1134 1041/1041/1041
f 1135/1135/1135 1133/1133/1133 1132/1132/1132
f 1134/1134/1134 1135/1135/1135 1132/1132/1132
f 1136/1136/1136 1131/1131/1131 1133/1133/1133
f 1135/1135/1135 1136/1136/1136 1133/1133/1133
f 1043/1043/1043 1137/1137/1137 1134/1134/1134
f 1134/1134/1134 1138/1138/1138 1135/1135/1135
f 1134/1134/1134 1137/1137/1137 1138/1138/1138
f 1043/1043/1043 1047/1047/1047 1137/1137/1137
f 1135/1135/1135 1138/1138/1138 1139/1139/1139
f 1135/1135/1135 1139/1139/1139 1136/1136/1136
f 1137/1137/1137 1140/1140/1140 1138/1138/1138
f 1141/1141/1141 1137/1137/1137 1047/1047/1047
f 1137/1137/1137 1141/1141/1141 1140/1140/1140
f 1142/1142/1142 1139/1139/1139 1138/1138/1138
f 1142/1142/1142 1138/1138/1138 1140/1140/1140
f 1140/1140/1140 1141/1141/1141 1143/1143/1143
f 1140/1140/1140 1143/1143/1143 1144/1144/1144
f 1144/1144/1144 1142/1142/1142 1140/1140/1140
f 1145/1145/1145 1143/1143/1143 1141/1141/1141
f 1144/1144/1144 1146/1146/1146 1142/1142/1142
f 1145/1145/1145 1141/1141/1141 1147/1147/1147
f 1141/1141/1141 1047/1047/1047 1147/1147/1147
f 1147/1147/1147 1148/1148/1148 1145/1145/1145
f 1149/1149/1149 1142/1142/1142 1146/1146/1146
f 1149/1149/1149 1139/1139/1139 1142/1142/1142
f 1149/1149/1149 1146/1146/1146 1150/1150/1150
f 1149/1149/1149 1151/1151/1151 1139/1139/1139
f 1136/1136/1136 1139/1139/1139 1151/1151/1151
f 1150/1150/1150 1152/1152/1152 1149/1149/1149
f 1152/1152/1152 1151/1151/1151 1149/1149/1149
f 1150/1150/1150 1153/1153/1153 1152/1152/1152
f 1136/1136/1136 1151/1151/1151 1154/1154/1154
f 1136/1136/1136 1154/1154/1154 1131/1131/1131
f 1152/1152/1152 1155/1155/1155 1151/1151/1151
f 1154/1154/1154 1151/1151/1151 1155/1155/1155
f 1156/1156/1156 1152/1152/1152 1153/1153/1153
f 1155/1155/1155 1152/1152/1152 1156/1156/1156
f 1156/1156/1156 1153/1153/1153 1157/1157/1157
f 1154/1154/1154 1158/1158/1158 1131/1131/1131
f 1131/1131/1131 1158/1158/1158 1129/1129/1129
f 1125/1125/1125 1129/1129/1129 1158/1158/1158
f 1154/1154/1154 1159/1159/1159 1158/1158/1158
f 1154/1154/1154 1155/1155/1155 1159/1159/1159
f 1125/1125/1125 1158/1158/1158 1160/1160/1160
f 1159/1159/1159 1160/1160/1160 1158/1158/1158
f 1160/1160/1160 1124/1124/1124 1125/1125/1125
f 1160/1160/1160 1123/1123/1123 1124/1124/1124
f 1159/1159/1159 1161/1161/1161 1160/1160/1160
f 1161/1161/1161 1123/1123/1123 1160/1160/1160
f 1159/1159/1159 1155/1155/1155 1162/1162/1162
f 1159/1159/1159 1162/1162/1162 1161/1161/1161
f 1155/1155/1155 1156/1156/1156 1162/1162/1162
f 1161/1161/1161 1163/1163/1163 1123/1123/1123
f 1163/1163/1163 1121/1121/1121 1123/1123/1123
f 1161/1161/1161 1162/1162/1162 1164/1164/1164
f 1161/1161/1161 1164/1164/1164 1163/1163/1163
f 1165/1165/1165 1162/1162/1162 1156/1156/1156
f 1165/1165/1165 1164/1164/1164 1162/1162/1162
f 1157/1157/1157 1165/1165/1165 1156/1156/1156
f 1157/1157/1157 1166/1166/1166 1165/1165/1165
f 1167/1167/1167 1165/1165/1165 1166/1166/1166
f 1164/1164/1164 1165/1165/1165 1167/1167/1167
f 1167/1167/1167 1166/1166/1166 1168/1168/1168
f 1164/1164/1164 1167/1167/1167 1169/1169/1169
f 1163/1163/1163 1164/1164/1164 1169/1169/1169
f 1168/1168/1168 1170/1170/1170 1167/1167/1167
f 1170/1170/1170 1169/1169/1169 1167/1167/1167
f 1168/1168/1168 1171/1171/1171 1170/1170/1170
f 1163/1163/1163 1169/1169/1169 1172/1172/1172
f 1163/1163/1163 1172/1172/1172 1121/1121/1121
f 1172/1172/1172 1120/1120/1120 1121/1121/1121
f 1172/1172/1172 1169/1169/1169 1173/1173/1173
f 1170/1170/1170 1173/1173/1173 1169/1169/1169
f 1172/1172/1172 1174/1174/1174 1120/1120/1120
f 1172/1172/1172 1173/1173/1173 1174/1174/1174
f 1174/1174/1174 1114/1114/1114 1120/1120/1120
f 1175/1175/1175 1170/1170/1170 1171/1171/1171
f 1173/1173/1173 1170/1170/1170 1175/1175/1175
f 1175/1175/1175 1171/1171/1171 1176/1176/1176
f 1174/1174/1174 1173/1173/1173 1177/1177/1177
f 1173/1173/1173 1175/1175/1175 1177/1177/1177
f 1174/1174/1174 1178/1178/1178 1114/1114/1114
f 1174/1174/1174 1177/1177/1177 1178/1178/1178
f 1178/1178/1178 1107/1107/1107 1114/1114/1114
f 1176/1176/1176 1179/1179/1179 1175/1175/1175
f 1179/1179/1179 1177/1177/1177 1175/1175/1175
f 1176/1176/1176 1180/1180/1180 1179/1179/1179
f 1178/1178/1178 1177/1177/1177 1181/1181/1181
f 1179/1179/1179 1181/1181/1181 1177/1177/1177
f 1178/1178/1178 1182/1182/1182 1107/1107/1107
f 1178/1178/1178 1181/1181/1181 1182/1182/1182
f 1182/1182/1182 1105/1105/1105 1107/1107/1107
f 1183/1183/1183 1179/1179/1179 1180/1180/1180
f 1181/1181/1181 1179/1179/1179 1183/1183/1183
f 1183/1183/1183 1180/1180/1180 1184/1184/1184
f 1182/1182/1182 1181/1181/1181 1185/1185/1185
f 1181/1181/1181 1183/1183/1183 1185/1185/1185
f 1182/1182/1182 1186/1186/1186 1105/1105/1105
f 1182/1182/1182 1185/1185/1185 1186/1186/1186
f 1186/1186/1186 1104/1104/1104 1105/1105/1105
f 1184/1184/1184 1187/1187/1187 1183/1183/1183
f 1187/1187/1187 1185/1185/1185 1183/1183/1183
f 1184/1184/1184 1188/1188/1188 1187/1187/1187
f 1186/1186/1186 1185/1185/1185 1189/1189/1189
f 1187/1187/1187 1189/1189/1189 1185/1185/1185
f 1186/1186/1186 1190/1190/1190 1104/1104/1104
f 1186/1186/1186 1189/1189/1189 1190/1190/1190
f 1190/1190/1190 1098/1098/1098 1104/1104/1104
f 1191/1191/1191 1187/1187/1187 1188/1188/1188
f 1189/1189/1189 1187/1187/1187 1191/1191/1191
f 1191/1191/1191 1188/1188/1188 1192/1192/1192
f 1190/1190/1190 1189/1189/1189 1193/1193/1193
f 1189/1189/1189 1191/1191/1191 1193/1193/1193
f 1190/1190/1190 1194/1194/1194 1098/1098/1098
f 1190/1190/1190 1193/1193/1193 1194/1194/1194
f 1194/1194/1194 1091/1091/1091 1098/1098/1098
f 1192/1192/1192 1195/1195/1195 1191/1191/1191
f 1195/1195/1195 1193/1193/1193 1191/1191/1191
f 1192/1192/1192 1196/1196/1196 1195/1195/1195
f 1194/1194/1194 1193/1193/1193 1197/1197/1197
f 1195/1195/1195 1197/1197/1197 1193/1193/1193
f 1194/1194/1194 1198/1198/1198 1091/1091/1091
f 1194/1194/1194 1197/1197/1197 1198/1198/1198
f 1198/1198/1198 1089/1089/1089 1091/1091/1091
f 1199/1199/1199 1195/1195/1195 1196/1196/1196
f 1197/1197/1197 1195/1195/1195 1199/1199/1199
f 1199/1199/1199 1196/1196/1196 1200/1200/1200
f 1198/1198/1198 1197/1197/1197 1201/1201/1201
f 1197/1197/1197 1199/1199/1199 1201/1201/1201
f 1198/1198/1198 1202/1202/1202 1089/1089/1089
f 1198/1198/1198 1201/1201/1201 1202/1202/1202
f 1202/1202/1202 1088/1088/1088 1089/1089/1089
f 1200/1200/1200 1203/1203/1203 1199/1199/1199
f 1203/1203/1203 1201/1201/1201 1199/1199/1199
f 1200/1200/1200 1204/1204/1204 1203/1203/1203
f 1202/1202/1202 1201/1201/1201 1205/1205/1205
f 1203/1203/1203 1205/1205/1205 1201/1201/1201
f 1202/1202/1202 1206/1206/1206 1088/1088/1088
f 1202/1202/1202 1205/1205/1205 1206/1206/1206
f 1206/1206/1206 1082/1082/1082 1088/1088/1088
f 1207/1207/1207 1203/1203/1203 1204/1204/1204
f 1205/1205/1205 1203/1203/1203 1207/1207/1207
f 1207/1207/1207 1204/1204/1204 1208/1208/1208
f 1206/1206/1206 1205/1205/1205 1209/1209/1209
f 1205/1205/1205 1207/1207/1207 1209/1209/1209
f 1206/1206/1206 1210/1210/1210 1082/1082/1082
f 1206/1206/1206 1209/1209/1209 1210/1210/1210
f 1210/1210/1210 1075/1075/1075 1082/1082/1082
f 1208/1208/1208 1211/1211/1211 1207/1207/1207
f 1211/1211/1211 1209/1209/1209 1207/1207/1207
f 1208/1208/1208 1212/1212/1212 1211/1211/1211
f 1210/1210/1210 1209/1209/1209 1213/1213/1213
f 1211/1211/1211 1213/1213/1213 1209/1209/1209
f 1210/1210/1210 1214/1214/1214 1075/1075/1075
f 1210/1210/1210 1213/1213/1213 1214/1214/1214
f 1214/1214/1214 1073/1073/1073 1075/1075/1075
f 1215/1215/1215 1211/1211/1211 1212/1212/1212
f 1213/1213/1213 1211/1211/1211 1215/1215/1215
f 1215/1215/1215 1212/1212/1212 1216/1216/1216
f 1214/1214/1214 1213/1213/1213 1217/1217/1217
f 1213/1213/1213 1215/1215/1215 1217/1217/1217
f 1214/1214/1214 1218/1218/1218 1073/1073/1073
f 1214/1214/1214 1217/1217/1217 1218/1218/1218
f 1218/1218/1218 1072/1072/1072 1073/1073/1073
f 1216/1216/1216 1219/1219/1219 1215/1215/1215
f 1219/1219/1219 1217/1217/1217 1215/1215/1215
f 1216/1216/1216 1220/1220/1220 1219/1219/1219
f 1218/1218/1218 1217/1217/1217 1221/1221/1221
f 1219/1219/1219 1221/1221/1221 1217/1217/1217
f 1218/1218/1218 1222/1222/1222 1072/1072/1072
f 1218/1218/1218 1221/1221/1221 1222/1222/1222
f 1222/1222/1222 1066/1066/1066 1072/1072/1072
f 1223/1223/1223 1219/1219/1219 1220/1220/1220
f 1221/1221/1221 1219/1219/1219 1223/1223/1223
f 1223/1223/1223 1220/1220/1220 1224/1224/1224
f 1222/1222/1222 1221/1221/1221 1225/1225/1225
f 1221/1221/1221 1223/1223/1223 1225/1225/1225
f 1222/1222/1222 1226/1226/1226 1066/1066/1066
f 1222/1222/1222 1225/1225/1225 1226/1226/1226
f 1226/1226/1226 1044/1044/1044 1066/1066/1066
f 1226/1226/1226 1045/1045/1045 1044/1044/1044
f 1224/1224/1224 1227/1227/1227 1223/1223/1223
f 1227/1227/1227 1225/1225/1225 1223/1223/1223
f 1224/1224/1224 1148/1148/1148 1227/1227/1227
f 1147/1147/1147 1227/1227/1227 1148/1148/1148
f 1227/1227/1227 1228/1228/1228 1225/1225/1225
f 1228/1228/1228 1227/1227/1227 1147/1147/1147
f 1226/1226/1226 1225/1225/1225 1228/1228/1228
f 1226/1226/1226 1228/1228/1228 1045/1045/1045
f 1228/1228/1228 1147/1147/1147 1047/1047/1047
f 1045/1045/1045 1228/1228/1228 1047/1047/1047
f 1229/1229/1229 1230/1230/1230 1231/1231/1231
f 1232/1232/1232 1230/1230/1230 1229/1229/1229
f 1229/1229/1229 1231/1231/1231 1233/1233/1233
f 1232/1232/1232 1234/1234/1234 1230/1230/1230
f 1233/1233/1233 1231/1231/1231 1235/1235/1235
f 1236/1236/1236 1234/1234/1234 1232/1232/1232
f 1233/1233/1233 1235/1235/1235 1237/1237/1237
f 1236/1236/1236 1238/1238/1238 1234/1234/1234
f 1237/1237/1237 1235/1235/1235 1239/1239/1239
f 1240/1240/1240 1238/1238/1238 1236/1236/1236
f 1237/1237/1237 1239/1239/1239 1241/1241/1241
f 1240/1240/1240 1242/1242/1242 1238/1238/1238
f 1241/1241/1241 1239/1239/1239 1243/1243/1243
f 1244/1244/1244 1242/1242/1242 1240/1240/1240
f 1241/1241/1241 1243/1243/1243 1245/1245/1245
f 1244/1244/1244 1246/1246/1246 1242/1242/1242
f 1245/1245/1245 1243/1243/1243 1247/1247/1247
f 1248/1248/1248 1246/1246/1246 1244/1244/1244
f 1245/1245/1245 1247/1247/1247 1249/1249/1249
f 1248/1248/1248 1250/1250/1250 1246/1246/1246
f 1249/1249/1249 1247/1247/1247 1251/1251/1251
f 1252/1252/1252 1250/1250/1250 1248/1248/1248
f 1249/1249/1249 1251/1251/1251 1253/1253/1253
f 1252/1252/1252 1254/1254/1254 1250/1250/1250
f 1253/1253/1253 1251/1251/1251 1255/1255/1255
f 1256/1256/1256 1254/1254/1254 1252/1252/1252
f 1253/1253/1253 1255/1255/1255 1257/1257/1257
f 1256/1256/1256 1258/1258/1258 1254/1254/1254
f 1257/1257/1257 1255/1255/1255 1259/1259/1259
f 1260/1260/1260 1258/1258/1258 1256/1256/1256
f 1257/1257/1257 1259/1259/1259 1261/1261/1261
f 1260/1260/1260 1262/1262/1262 1258/1258/1258
f 1261/1261/1261 1259/1259/1259 1263/1263/1263
f 1264/1264/1264 1262/1262/1262 1260/1260/1260
f 1261/1261/1261 1263/1263/1263 1265/1265/1265
f 1264/1264/1264 1266/1266/1266 1262/1262/1262
f 1265/1265/1265 1263/1263/1263 1267/1267/1267
f 1268/1268/1268 1266/1266/1266 1264/1264/1264
f 1265/1265/1265 1267/1267/1267 1269/1269/1269
f 1268/1268/1268 1270/1270/1270 1266/1266/1266
f 1269/1269/1269 1267/1267/1267 1271/1271/1271
f 1272/1272/1272 1270/1270/1270 1268/1268/1268
f 1269/1269/1269 1271/1271/1271 1273/1273/1273
f 1272/1272/1272 1274/1274/1274 1270/1270/1270
f 1273/1273/1273 1271/1271/1271 1275/1275/1275
f 1276/1276/1276 1274/1274/1274 1272/1272/1272
f 1273/1273/1273 1275/1275/1275 1276/1276/1276
f 1276/1276/1276 1275/1275/1275 1274/1274/1274
f 1277/1277/1277 1278/1278/1278 1279/1279/1279
f 1280/1280/1280 1277/1277/1277 1279/1279/1279
f 1278/1278/1278 1281/1281/1281 1279/1279/1279
f 1282/1282/1282 1280/1280/1280 1279/1279/1279
f 1281/1281/1281 1283/1283/1283 1279/1279/1279
f 1284/1284/1284 1282/1282/1282 1279/1279/1279
f 1283/1283/1283 1285/1285/1285 1279/1279/1279
f 1286/1286/1286 1284/1284/1284 1279/1279/1279
f 1285/1285/1285 1287/1287/1287 1279/1279/1279
f 1288/1288/1288 1286/1286/1286 1279/1279/1279
f 1287/1287/1287 1289/1289/1289 1279/1279/1279
f 1290/1290/1290 1288/1288/1288 1279/1279/1279
f 1289/1289/1289 1291/1291/1291 1279/1279/1279
f 1292/1292/1292 1290/1290/1290 1279/1279/1279
f 1291/1291/1291 1293/1293/1293 1279/1279/1279
f 1294/1294/1294 1292/1292/1292 1279/1279/1279
f 1293/1293/1293 1295/1295/1295 1279/1279/1279
f 1296/1296/1296 1294/1294/1294 1279/1279/1279
f 1297/1297/1297 1296/1296/1296 1279/1279/1279
f 1295/1295/1295 1298/1298/1298 1279/1279/1279
f 1299/1299/1299 1297/1297/1297 1279/1279/1279
f 1298/1298/1298 1300/1300/1300 1279/1279/1279
f 1301/1301/1301 1299/1299/1299 1279/1279/1279
f 1300/1300/1300 1301/1301/1301 1279/1279/1279
f 1302/1302/1302 1303/1303/1303 1304/1304/1304
f 1302/1302/1302 1304/1304/1304 1305/1305/1305
f 1303/1303/1303 1306/1306/1306 1304/1304/1304
f 1303/1303/1303 1307/1307/1307 1306/1306/1306
f 1307/1307/1307 1308/1308/1308 1306/1306/1306
f 1307/1307/1307 1309/1309/1309 1308/1308/1308
f 1309/1309/1309 1310/1310/1310 1308/1308/1308
f 1309/1309/1309 1311/1311/1311 1310/1310/1310
f 1311/1311/1311 1312/1312/1312 1310/1310/1310
f 1311/1311/1311 1313/1313/1313 1312/1312/1312
f 1313/1313/1313 1314/1314/1314 1312/1312/1312
f 1313/1313/1313 1315/1315/1315 1314/1314/1314
f 1315/1315/1315 1316/1316/1316 1314/1314/1314
f 1315/1315/1315 1317/1317/1317 1316/1316/1316
f 1317/1317/1317 1318/1318/1318 1316/1316/1316
f 1317/1317/1317 1319/1319/1319 1318/1318/1318
f 1319/1319/1319 1320/1320/1320 1318/1318/1318
f 1319/1319/1319 1321/1321/1321 1320/1320/1320
f 1321/1321/1321 1322/1322/1322 1320/1320/1320
f 1321/1321/1321 1323/1323/1323 1322/1322/1322
f 1323/1323/1323 1324/1324/1324 1322/1322/1322
f 1323/1323/1323 1325/1325/1325 1324/1324/1324
f 1325/1325/1325 1326/1326/1326 1324/1324/1324
f 1325/1325/1325 1327/1327/1327 1326/1326/1326
f 1328/1328/1328 1329/1329/1329 1330/1330/1330
f 1328/1328/1328 1330/1330/1330 1331/1331/1331
f 1329/1329/1329 1332/1332/1332 1330/1330/1330
f 1329/1329/1329 1333/1333/1333 1332/1332/1332
f 1333/1333/1333 1334/1334/1334 1332/1332/1332
f 1333/1333/1333 1335/1335/1335 1334/1334/1334
f 1335/1335/1335 1336/1336/1336 1334/1334/1334
f 1335/1335/1335 1337/1337/1337 1336/1336/1336
f 1337/1337/1337 1338/1338/1338 1336/1336/1336
f 1337/1337/1337 1339/1339/1339 1338/1338/1338
f 1339/1339/1339 1340/1340/1340 1338/1338/1338
f 1339/1339/1339 1341/1341/1341 1340/1340/1340
f 1341/1341/1341 1342/1342/1342 1340/1340/1340
f 1341/1341/1341 1343/1343/1343 1342/1342/1342
f 1343/1343/1343 1344/1344/1344 1342/1342/1342
f 1343/1343/1343 1345/1345/1345 1344/1344/1344
f 1345/1345/1345 1346/1346/1346 1344/1344/1344
f 1345/1345/1345 1347/1347/1347 1346/1346/1346
f 1347/1347/1347 1348/1348/1348 1346/1346/1346
f 1347/1347/1347 1349/1349/1349 1348/1348/1348
f 1349/1349/1349 1350/1350/1350 1348/1348/1348
f 1349/1349/1349 1351/1351/1351 1350/1350/1350
f 1351/1351/1351 1352/1352/1352 1350/1350/1350
f 1351/1351/1351 1353/1353/1353 1352/1352/1352
f 1354/1354/1354 1355/1355/1355 1356/1356/1356
f 1354/1354/1354 1356/1356/1356 1357/1357/1357
f 1355/1355/1355 1358/1358/1358 1356/1356/1356
f 1355/1355/1355 1359/1359/1359 1358/1358/1358
f 1359/1359/1359 1360/1360/1360 1358/1358/1358
f 1359/1359/1359 1361/1361/1361 1360/1360/1360
f 1361/1361/1361 1362/1362/1362 1360/1360/1360
f 1361/1361/1361 1363/1363/1363 1362/1362/1362
f 1363/1363/1363 1364/1364/1364 1362/1362/1362
f 1363/1363/1363 1365/1365/1365 1364/1364/1364
f 1365/1365/1365 1366/1366/1366 1364/1364/1364
f 1365/1365/1365 1367/1367/1367 1366/1366/1366
f 1367/1367/1367 1368/1368/1368 1366/1366/1366
f 1367/1367/1367 1369/1369/1369 1368/1368/1368
f 1369/1369/1369 1370/1370/1370 1368/1368/1368
f 1369/1369/1369 1371/1371/1371 1370/1370/1370
f 1371/1371/1371 1372/1372/1372 1370/1370/1370
f 1371/1371/1371 1373/1373/1373 1372/1372/1372
f 1373/1373/1373 1374/1374/1374 1372/1372/1372
f 1373/1373/1373 1375/1375/1375 1374/1374/1374
f 1375/1375/1375 1376/1376/1376 1374/1374/1374
f 1375/1375/1375 1377/1377/1377 1376/1376/1376
f 1377/1377/1377 1378/1378/1378 1376/1376/1376
f 1377/1377/1377 1379/1379/1379 1378/1378/1378
f 1380/1380/1380 1381/1381/1381 1382/1382/1382
f 1380/1380/1380 1382/1382/1382 1383/1383/1383
f 1384/1384/1384 1383/1383/1383 1382/1382/1382
f 1380/1380/1380 1383/1383/1383 1385/1385/1385
f 1386/1386/1386 1380/1380/1380 1385/1385/1385
f 1383/1383/1383 1387/1387/1387 1385/1385/1385
f 1383/1383/1383 1388/1388/1388 1387/1387/1387
f 1387/1387/1387 1389/1389/1389 1385/1385/1385
f 1387/1387/1387 1390/1390/1390 1389/1389/1389
f 1389/1389/1389 1391/1391/1391 1385/1385/1385
f 1392/1392/1392 1393/1393/1393 1394/1394/1394
f 1395/1395/1395 1393/1393/1393 1392/1392/1392
f 1392/1392/1392 1394/1394/1394 1396/1396/1396
f 1396/1396/1396 1394/1394/1394 1397/1397/1397
f 1396/1396/1396 1397/1397/1397 1398/1398/1398
f 1394/1394/1394 1399/1399/1399 1397/1397/1397
f 1394/1394/1394 1400/1400/1400 1399/1399/1399
f 1393/1393/1393 1400/1400/1400 1394/1394/1394
f 1400/1400/1400 1401/1401/1401 1399/1399/1399
f 1395/1395/1395 1402/1402/1402 1393/1393/1393
f 1403/1403/1403 1402/1402/1402 1395/1395/1395
f 1393/1393/1393 1404/1404/1404 1400/1400/1400
f 1402/1402/1402 1404/1404/1404 1393/1393/1393
f 1400/1400/1400 1405/1405/1405 1401/1401/1401
f 1404/1404/1404 1405/1405/1405 1400/1400/1400
f 1405/1405/1405 1406/1406/1406 1401/1401/1401
f 1403/1403/1403 1407/1407/1407 1402/1402/1402
f 1408/1408/1408 1407/1407/1407 1403/1403/1403
f 1402/1402/1402 1409/1409/1409 1404/1404/1404
f 1407/1407/1407 1409/1409/1409 1402/1402/1402
f 1408/1408/1408 1410/1410/1410 1407/1407/1407
f 1411/1411/1411 1410/1410/1410 1408/1408/1408
f 1411/1411/1411 1412/1412/1412 1410/1410/1410
f 1412/1412/1412 1413/1413/1413 1410/1410/1410
f 1407/1407/1407 1410/1410/1410 1413/1413/1413
f 1412/1412/1412 1414/1414/1414 1413/1413/1413
f 1413/1413/1413 1414/1414/1414 1415/1415/1415
f 1407/1407/1407 1413/1413/1413 1416/1416/1416
f 1407/1407/1407 1416/1416/1416 1409/1409/1409
f 1413/1413/1413 1415/1415/1415 1417/1417/1417
f 1416/1416/1416 1413/1413/1413 1417/1417/1417
f 1417/1417/1417 1415/1415/1415 1418/1418/1418
f 1416/1416/1416 1419/1419/1419 1409/1409/1409
f 1416/1416/1416 1417/1417/1417 1420/1420/1420
f 1416/1416/1416 1420/1420/1420 1419/1419/1419
f 1417/1417/1417 1418/1418/1418 1421/1421/1421
f 1420/1420/1420 1417/1417/1417 1421/1421/1421
f 1418/1418/1418 1422/1422/1422 1421/1421/1421
f 1418/1418/1418 1423/1423/1423 1422/1422/1422
f 1420/1420/1420 1421/1421/1421 1424/1424/1424
f 1424/1424/1424 1421/1421/1421 1422/1422/1422
f 1420/1420/1420 1424/1424/1424 1425/1425/1425
f 1420/1420/1420 1425/1425/1425 1419/1419/1419
f 1424/1424/1424 1422/1422/1422 1426/1426/1426
f 1423/1423/1423 1427/1427/1427 1422/1422/1422
f 1423/1423/1423 1428/1428/1428 1427/1427/1427
f 1422/1422/1422 1429/1429/1429 1426/1426/1426
f 1422/1422/1422 1427/1427/1427 1429/1429/1429
f 1424/1424/1424 1426/1426/1426 1430/1430/1430
f 1424/1424/1424 1430/1430/1430 1425/1425/1425
f 1426/1426/1426 1429/1429/1429 1431/1431/1431
f 1426/1426/1426 1431/1431/1431 1430/1430/1430
f 1428/1428/1428 1432/1432/1432 1427/1427/1427
f 1428/1428/1428 1433/1433/1433 1432/1432/1432
f 1427/1427/1427 1434/1434/1434 1429/1429/1429
f 1427/1427/1427 1432/1432/1432 1434/1434/1434
f 1429/1429/1429 1435/1435/1435 1431/1431/1431
f 1429/1429/1429 1434/1434/1434 1435/1435/1435
f 1433/1433/1433 1436/1436/1436 1432/1432/1432
f 1433/1433/1433 1437/1437/1437 1436/1436/1436
f 1432/1432/1432 1438/1438/1438 1434/1434/1434
f 1432/1432/1432 1436/1436/1436 1438/1438/1438
f 1434/1434/1434 1439/1439/1439 1435/1435/1435
f 1434/1434/1434 1438/1438/1438 1439/1439/1439
f 1437/1437/1437 1440/1440/1440 1436/1436/1436
f 1437/1437/1437 1441/1441/1441 1440/1440/1440
f 1436/1436/1436 1442/1442/1442 1438/1438/1438
f 1436/1436/1436 1440/1440/1440 1442/1442/1442
f 1438/1438/1438 1443/1443/1443 1439/1439/1439
f 1438/1438/1438 1442/1442/1442 1443/1443/1443
f 1441/1441/1441 1444/1444/1444 1440/1440/1440
f 1441/1441/1441 1445/1445/1445 1444/1444/1444
f 1440/1440/1440 1446/1446/1446 1442/1442/1442
f 1440/1440/1440 1444/1444/1444 1446/1446/1446
f 1442/1442/1442 1447/1447/1447 1443/1443/1443
f 1442/1442/1442 1446/1446/1446 1447/1447/1447
f 1445/1445/1445 1448/1448/1448 1444/1444/1444
f 1445/1445/1445 1449/1449/1449 1448/1448/1448
f 1449/1449/1449 1450/1450/1450 1448/1448/1448
f 1449/1449/1449 1451/1451/1451 1450/1450/1450
f 1448/1448/1448 1450/1450/1450 1452/1452/1452
f 1444/1444/1444 1448/1448/1448 1453/1453/1453
f 1448/1448/1448 1452/1452/1452 1453/1453/1453
f 1444/1444/1444 1453/1453/1453 1446/1446/1446
f 1453/1453/1453 1452/1452/1452 1454/1454/1454
f 1446/1446/1446 1453/1453/1453 1455/1455/1455
f 1453/1453/1453 1454/1454/1454 1455/1455/1455
f 1446/1446/1446 1455/1455/1455 1447/1447/1447
f 1455/1455/1455 1454/1454/1454 1456/1456/1456
f 1455/1455/1455 1456/1456/1456 1457/1457/1457
f 1447/1447/1447 1455/1455/1455 1457/1457/1457
f 1457/1457/1457 1456/1456/1456 1458/1458/1458
f 1447/1447/1447 1457/1457/1457 1459/1459/1459
f 1443/1443/1443 1447/1447/1447 1459/1459/1459
f 1457/1457/1457 1458/1458/1458 1460/1460/1460
f 1459/1459/1459 1457/1457/1457 1460/1460/1460
f 1460/1460/1460 1458/1458/1458 1461/1461/1461
f 1460/1460/1460 1461/1461/1461 1462/1462/1462
f 1463/1463/1463 1460/1460/1460 1462/1462/1462
f 1459/1459/1459 1460/1460/1460 1463/1463/1463
f 1463/1463/1463 1462/1462/1462 1464/1464/1464
f 1443/1443/1443 1459/1459/1459 1465/1465/1465
f 1465/1465/1465 1459/1459/1459 1463/1463/1463
f 1439/1439/1439 1443/1443/1443 1465/1465/1465
f 1466/1466/1466 1463/1463/1463 1464/1464/1464
f 1465/1465/1465 1463/1463/1463 1466/1466/1466
f 1466/1466/1466 1464/1464/1464 1467/1467/1467
f 1439/1439/1439 1465/1465/1465 1468/1468/1468
f 1468/1468/1468 1465/1465/1465 1466/1466/1466
f 1435/1435/1435 1439/1439/1439 1468/1468/1468
f 1469/1469/1469 1466/1466/1466 1467/1467/1467
f 1468/1468/1468 1466/1466/1466 1469/1469/1469
f 1469/1469/1469 1467/1467/1467 1470/1470/1470
f 1435/1435/1435 1468/1468/1468 1471/1471/1471
f 1471/1471/1471 1468/1468/1468 1469/1469/1469
f 1431/1431/1431 1435/1435/1435 1471/1471/1471
f 1472/1472/1472 1469/1469/1469 1470/1470/1470
f 1471/1471/1471 1469/1469/1469 1472/1472/1472
f 1472/1472/1472 1470/1470/1470 1473/1473/1473
f 1431/1431/1431 1471/1471/1471 1474/1474/1474
f 1474/1474/1474 1471/1471/1471 1472/1472/1472
f 1430/1430/1430 1431/1431/1431 1474/1474/1474
f 1475/1475/1475 1472/1472/1472 1473/1473/1473
f 1474/1474/1474 1472/1472/1472 1475/1475/1475
f 1475/1475/1475 1473/1473/1473 1476/1476/1476
f 1430/1430/1430 1474/1474/1474 1477/1477/1477
f 1477/1477/1477 1474/1474/1474 1475/1475/1475
f 1425/1425/1425 1430/1430/1430 1477/1477/1477
f 1478/1478/1478 1475/1475/1475 1476/1476/1476
f 1477/1477/1477 1475/1475/1475 1478/1478/1478
f 1478/1478/1478 1476/1476/1476 1479/1479/1479
f 1425/1425/1425 1477/1477/1477 1480/1480/1480
f 1480/1480/1480 1477/1477/1477 1478/1478/1478
f 1419/1419/1419 1425/1425/1425 1480/1480/1480
f 1481/1481/1481 1478/1478/1478 1479/1479/1479
f 1480/1480/1480 1478/1478/1478 1481/1481/1481
f 1481/1481/1481 1479/1479/1479 1406/1406/1406
f 1405/1405/1405 1481/1481/1481 1406/1406/1406
f 1482/1482/1482 1480/1480/1480 1481/1481/1481
f 1482/1482/1482 1481/1481/1481 1405/1405/1405
f 1419/1419/1419 1480/1480/1480 1482/1482/1482
f 1404/1404/1404 1482/1482/1482 1405/1405/1405
f 1409/1409/1409 1419/1419/1419 1482/1482/1482
f 1409/1409/1409 1482/1482/1482 1404/1404/1404
f 1483/1483/1483 1484/1484/1484 1485/1485/1485
f 1486/1486/1486 1484/1484/1484 1483/1483/1483
f 1483/1483/1483 1485/1485/1485 1487/1487/1487
f 1486/1486/1486 1488/1488/1488 1484/1484/1484
f 1487/1487/1487 1485/1485/1485 1489/1489/1489
f 1490/1490/1490 1488/1488/1488 1486/1486/1486
f 1487/1487/1487 1489/1489/1489 1491/1491/1491
f 1490/1490/1490 1492/1492/1492 1488/1488/1488
f 1491/1491/1491 1489/1489/1489 1493/1493/1493
f 1494/1494/1494 1492/1492/1492 1490/1490/1490
f 1491/1491/1491 1493/1493/1493 1495/1495/1495
f 1494/1494/1494 1496/1496/1496 1492/1492/1492
f 1495/1495/1495 1493/1493/1493 1497/1497/1497
f 1498/1498/1498 1496/1496/1496 1494/1494/1494
f 1495/1495/1495 1497/1497/1497 1499/1499/1499
f 1498/1498/1498 1500/1500/1500 1496/1496/1496
f 1499/1499/1499 1497/1497/1497 1501/1501/1501
f 1502/1502/1502 1500/1500/1500 1498/1498/1498
f 1499/1499/1499 1501/1501/1501 1503/1503/1503
f 1502/1502/1502 1504/1504/1504 1500/1500/1500
f 1503/1503/1503 1501/1501/1501 1505/1505/1505
f 1506/1506/1506 1504/1504/1504 1502/1502/1502
f 1503/1503/1503 1505/1505/1505 1507/1507/1507
f 1506/1506/1506 1508/1508/1508 1504/1504/1504
f 1507/1507/1507 1505/1505/1505 1509/1509/1509
f 1510/1510/1510 1508/1508/1508 1506/1506/1506
f 1507/1507/1507 1509/1509/1509 1511/1511/1511
f 1510/1510/1510 1512/1512/1512 1508/1508/1508
f 1511/1511/1511 1509/1509/1509 1513/1513/1513
f 1514/1514/1514 1512/1512/1512 1510/1510/1510
f 1511/1511/1511 1513/1513/1513 1515/1515/1515
f 1514/1514/1514 1516/1516/1516 1512/1512/1512
f 1515/1515/1515 1513/1513/1513 1517/1517/1517
f 1518/1518/1518 1516/1516/1516 1514/1514/1514
f 1515/1515/1515 1517/1517/1517 1519/1519/1519
f 1518/1518/1518 1520/1520/1520 1516/1516/1516
f 1519/1519/1519 1517/1517/1517 1521/1521/1521
f 1522/1522/1522 1520/1520/1520 1518/1518/1518
f 1519/1519/1519 1521/1521/1521 1523/1523/1523
f 1522/1522/1522 1524/1524/1524 1520/1520/1520
f 1523/1523/1523 1521/1521/1521 1525/1525/1525
f 1526/1526/1526 1524/1524/1524 1522/1522/1522
f 1523/1523/1523 1525/1525/1525 1527/1527/1527
f 1526/1526/1526 1528/1528/1528 1524/1524/1524
f 1527/1527/1527 1525/1525/1525 1529/1529/1529
f 1530/1530/1530 1528/1528/1528 1526/1526/1526
f 1527/1527/1527 1529/1529/1529 1530/1530/1530
f 1530/1530/1530 1529/1529/1529 1528/1528/1528
f 1531/1531/1531 1532/1532/1532 1533/1533/1533
f 1534/1534/1534 1532/1532/1532 1531/1531/1531
f 1533/1533/1533 1532/1532/1532 1535/1535/1535
f 1536/1536/1536 1532/1532/1532 1534/1534/1534
f 1536/1536/1536 1535/1535/1535 1532/1532/1532
f 1537/1537/1537 1535/1535/1535 1536/1536/1536
f 1534/1534/1534 1538/1538/1538 1536/1536/1536
f 1539/1539/1539 1537/1537/1537 1536/1536/1536
f 1539/1539/1539 1536/1536/1536 1538/1538/1538
f 1534/1534/1534 1540/1540/1540 1538/1538/1538
f 1539/1539/1539 1541/1541/1541 1537/1537/1537
f 1542/1542/1542 1540/1540/1540 1534/1534/1534
f 1542/1542/1542 1534/1534/1534 1543/1543/1543
f 1534/1534/1534 1531/1531/1531 1543/1543/1543
f 1544/1544/1544 1542/1542/1542 1543/1543/1543
f 1531/1531/1531 1544/1544/1544 1543/1543/1543
f 1531/1531/1531 1545/1545/1545 1544/1544/1544
f 1544/1544/1544 1546/1546/1546 1542/1542/1542
f 1547/1547/1547 1545/1545/1545 1531/1531/1531
f 1542/1542/1542 1546/1546/1546 1548/1548/1548
f 1547/1547/1547 1531/1531/1531 1549/1549/1549
f 1531/1531/1531 1533/1533/1533 1549/1549/1549
f 1550/1550/1550 1547/1547/1547 1549/1549/1549
f 1533/1533/1533 1550/1550/1550 1549/1549/1549
f 1550/1550/1550 1551/1551/1551 1547/1547/1547
f 1552/1552/1552 1551/1551/1551 1550/1550/1550
f 1542/1542/1542 1548/1548/1548 1553/1553/1553
f 1552/1552/1552 1550/1550/1550 1554/1554/1554
f 1555/1555/1555 1542/1542/1542 1553/1553/1553
f 1555/1555/1555 1540/1540/1540 1542/1542/1542
f 1548/1548/1548 1556/1556/1556 1553/1553/1553
f 1556/1556/1556 1555/1555/1555 1553/1553/1553
f 1548/1548/1548 1557/1557/1557 1556/1556/1556
f 1556/1556/1556 1557/1557/1557 1558/1558/1558
f 1556/1556/1556 1558/1558/1558 1559/1559/1559
f 1560/1560/1560 1540/1540/1540 1555/1555/1555
f 1560/1560/1560 1538/1538/1538 1540/1540/1540
f 1556/1556/1556 1561/1561/1561 1555/1555/1555
f 1562/1562/1562 1556/1556/1556 1559/1559/1559
f 1562/1562/1562 1561/1561/1561 1556/1556/1556
f 1558/1558/1558 1563/1563/1563 1559/1559/1559
f 1563/1563/1563 1562/1562/1562 1559/1559/1559
f 1558/1558/1558 1564/1564/1564 1563/1563/1563
f 1563/1563/1563 1564/1564/1564 1565/1565/1565
f 1555/1555/1555 1561/1561/1561 1566/1566/1566
f 1555/1555/1555 1566/1566/1566 1560/1560/1560
f 1567/1567/1567 1561/1561/1561 1562/1562/1562
f 1567/1567/1567 1566/1566/1566 1561/1561/1561
f 1563/1563/1563 1565/1565/1565 1568/1568/1568
f 1562/1562/1562 1569/1569/1569 1567/1567/1567
f 1563/1563/1563 1570/1570/1570 1562/1562/1562
f 1562/1562/1562 1570/1570/1570 1569/1569/1569
f 1571/1571/1571 1563/1563/1563 1568/1568/1568
f 1571/1571/1571 1570/1570/1570 1563/1563/1563
f 1565/1565/1565 1572/1572/1572 1568/1568/1568
f 1572/1572/1572 1571/1571/1571 1568/1568/1568
f 1565/1565/1565 1573/1573/1573 1572/1572/1572
f 1572/1572/1572 1573/1573/1573 1574/1574/1574
f 1572/1572/1572 1574/1574/1574 1575/1575/1575
f 1576/1576/1576 1569/1569/1569 1570/1570/1570
f 1576/1576/1576 1570/1570/1570 1571/1571/1571
f 1577/1577/1577 1572/1572/1572 1575/1575/1575
f 1574/1574/1574 1578/1578/1578 1575/1575/1575
f 1578/1578/1578 1577/1577/1577 1575/1575/1575
f 1574/1574/1574 1579/1579/1579 1578/1578/1578
f 1578/1578/1578 1579/1579/1579 1580/1580/1580
f 1572/1572/1572 1581/1581/1581 1571/1571/1571
f 1577/1577/1577 1581/1581/1581 1572/1572/1572
f 1571/1571/1571 1581/1581/1581 1582/1582/1582
f 1571/1571/1571 1582/1582/1582 1576/1576/1576
f 1583/1583/1583 1581/1581/1581 1577/1577/1577
f 1583/1583/1583 1582/1582/1582 1581/1581/1581
f 1578/1578/1578 1580/1580/1580 1584/1584/1584
f 1577/1577/1577 1585/1585/1585 1583/1583/1583
f 1578/1578/1578 1586/1586/1586 1577/1577/1577
f 1577/1577/1577 1586/1586/1586 1585/1585/1585
f 1587/1587/1587 1578/1578/1578 1584/1584/1584
f 1587/1587/1587 1586/1586/1586 1578/1578/1578
f 1580/1580/1580 1588/1588/1588 1584/1584/1584
f 1588/1588/1588 1587/1587/1587 1584/1584/1584
f 1580/1580/1580 1589/1589/1589 1588/1588/1588
f 1588/1588/1588 1589/1589/1589 1590/1590/1590
f 1588/1588/1588 1590/1590/1590 1591/1591/1591
f 1592/1592/1592 1585/1585/1585 1586/1586/1586
f 1592/1592/1592 1586/1586/1586 1587/1587/1587
f 1593/1593/1593 1588/1588/1588 1591/1591/1591
f 1590/1590/1590 1594/1594/1594 1591/1591/1591
f 1594/1594/1594 1593/1593/1593 1591/1591/1591
f 1590/1590/1590 1595/1595/1595 1594/1594/1594
f 1594/1594/1594 1595/1595/1595 1596/1596/1596
f 1588/1588/1588 1597/1597/1597 1587/1587/1587
f 1593/1593/1593 1597/1597/1597 1588/1588/1588
f 1587/1587/1587 1597/1597/1597 1598/1598/1598
f 1587/1587/1587 1598/1598/1598 1592/1592/1592
f 1599/1599/1599 1597/1597/1597 1593/1593/1593
f 1599/1599/1599 1598/1598/1598 1597/1597/1597
f 1594/1594/1594 1596/1596/1596 1600/1600/1600
f 1593/1593/1593 1601/1601/1601 1599/1599/1599
f 1594/1594/1594 1602/1602/1602 1593/1593/1593
f 1593/1593/1593 1602/1602/1602 1601/1601/1601
f 1603/1603/1603 1594/1594/1594 1600/1600/1600
f 1603/1603/1603 1602/1602/1602 1594/1594/1594
f 1596/1596/1596 1604/1604/1604 1600/1600/1600
f 1604/1604/1604 1603/1603/1603 1600/1600/1600
f 1596/1596/1596 1605/1605/1605 1604/1604/1604
f 1604/1604/1604 1605/1605/1605 1606/1606/1606
f 1604/1604/1604 1606/1606/1606 1607/1607/1607
f 1608/1608/1608 1601/1601/1601 1602/1602/1602
f 1608/1608/1608 1602/1602/1602 1603/1603/1603
f 1609/1609/1609 1604/1604/1604 1607/1607/1607
f 1606/1606/1606 1610/1610/1610 1607/1607/1607
f 1610/1610/1610 1609/1609/1609 1607/1607/1607
f 1606/1606/1606 1611/1611/1611 1610/1610/1610
f 1610/1610/1610 1611/1611/1611 1612/1612/1612
f 1604/1604/1604 1613/1613/1613 1603/1603/1603
f 1609/1609/1609 1613/1613/1613 1604/1604/1604
f 1603/1603/1603 1613/1613/1613 1614/1614/1614
f 1603/1603/1603 1614/1614/1614 1608/1608/1608
f 1615/1615/1615 1613/1613/1613 1609/1609/1609
f 1615/1615/1615 1614/1614/1614 1613/1613/1613
f 1610/1610/1610 1612/1612/1612 1616/1616/1616
f 1609/1609/1609 1617/1617/1617 1615/1615/1615
f 1610/1610/1610 1618/1618/1618 1609/1609/1609
f 1609/1609/1609 1618/1618/1618 1617/1617/1617
f 1619/1619/1619 1610/1610/1610 1616/1616/1616
f 1619/1619/1619 1618/1618/1618 1610/1610/1610
f 1612/1612/1612 1620/1620/1620 1616/1616/1616
f 1620/1620/1620 1619/1619/1619 1616/1616/1616
f 1612/1612/1612 1621/1621/1621 1620/1620/1620
f 1620/1620/1620 1621/1621/1621 1552/1552/1552
f 1620/1620/1620 1552/1552/1552 1554/1554/1554
f 1622/1622/1622 1620/1620/1620 1554/1554/1554
f 1550/1550/1550 1622/1622/1622 1554/1554/1554
f 1620/1620/1620 1623/1623/1623 1619/1619/1619
f 1622/1622/1622 1623/1623/1623 1620/1620/1620
f 1550/1550/1550 1624/1624/1624 1622/1622/1622
f 1533/1533/1533 1624/1624/1624 1550/1550/1550
f 1625/1625/1625 1623/1623/1623 1622/1622/1622
f 1626/1626/1626 1624/1624/1624 1533/1533/1533
f 1533/1533/1533 1535/1535/1535 1626/1626/1626
f 1622/1622/1622 1624/1624/1624 1627/1627/1627
f 1626/1626/1626 1627/1627/1627 1624/1624/1624
f 1622/1622/1622 1627/1627/1627 1625/1625/1625
f 1628/1628/1628 1626/1626/1626 1535/1535/1535
f 1537/1537/1537 1628/1628/1628 1535/1535/1535
f 1629/1629/1629 1627/1627/1627 1626/1626/1626
f 1628/1628/1628 1629/1629/1629 1626/1626/1626
f 1630/1630/1630 1625/1625/1625 1627/1627/1627
f 1629/1629/1629 1630/1630/1630 1627/1627/1627
f 1537/1537/1537 1631/1631/1631 1628/1628/1628
f 1628/1628/1628 1632/1632/1632 1629/1629/1629
f 1628/1628/1628 1631/1631/1631 1632/1632/1632
f 1537/1537/1537 1541/1541/1541 1631/1631/1631
f 1629/1629/1629 1632/1632/1632 1633/1633/1633
f 1629/1629/1629 1633/1633/1633 1630/1630/1630
f 1631/1631/1631 1634/1634/1634 1632/1632/1632
f 1635/1635/1635 1631/1631/1631 1541/1541/1541
f 1631/1631/1631 1635/1635/1635 1634/1634/1634
f 1636/1636/1636 1633/1633/1633 1632/1632/1632
f 1636/1636/1636 1632/1632/1632 1634/1634/1634
f 1634/1634/1634 1635/1635/1635 1637/1637/1637
f 1634/1634/1634 1637/1637/1637 1638/1638/1638
f 1638/1638/1638 1636/1636/1636 1634/1634/1634
f 1639/1639/1639 1637/1637/1637 1635/1635/1635
f 1638/1638/1638 1640/1640/1640 1636/1636/1636
f 1639/1639/1639 1635/1635/1635 1641/1641/1641
f 1635/1635/1635 1541/1541/1541 1641/1641/1641
f 1641/1641/1641 1642/1642/1642 1639/1639/1639
f 1643/1643/1643 1636/1636/1636 1640/1640/1640
f 1643/1643/1643 1633/1633/1633 1636/1636/1636
f 1643/1643/1643 1640/1640/1640 1644/1644/1644
f 1643/1643/1643 1645/1645/1645 1633/1633/1633
f 1630/1630/1630 1633/1633/1633 1645/1645/1645
f 1644/1644/1644 1646/1646/1646 1643/1643/1643
f 1646/1646/1646 1645/1645/1645 1643/1643/1643
f 1644/1644/1644 1647/1647/1647 1646/1646/1646
f 1630/1630/1630 1645/1645/1645 1648/1648/1648
f 1630/1630/1630 1648/1648/1648 1625/1625/1625
f 1646/1646/1646 1649/1649/1649 1645/1645/1645
f 1648/1648/1648 1645/1645/1645 1649/1649/1649
f 1650/1650/1650 1646/1646/1646 1647/1647/1647
f 1649/1649/1649 1646/1646/1646 1650/1650/1650
f 1650/1650/1650 1647/1647/1647 1651/1651/1651
f 1648/1648/1648 1652/1652/1652 1625/1625/1625
f 1625/1625/1625 1652/1652/1652 1623/1623/1623
f 1619/1619/1619 1623/1623/1623 1652/1652/1652
f 1648/1648/1648 1653/1653/1653 1652/1652/1652
f 1648/1648/1648 1649/1649/1649 1653/1653/1653
f 1619/1619/1619 1652/1652/1652 1654/1654/1654
f 1653/1653/1653 1654/1654/1654 1652/1652/1652
f 1654/1654/1654 1618/1618/1618 1619/1619/1619
f 1654/1654/1654 1617/1617/1617 1618/1618/1618
f 1653/1653/1653 1655/1655/1655 1654/1654/1654
f 1655/1655/1655 1617/1617/1617 1654/1654/1654
f 1653/1653/1653 1649/1649/1649 1656/1656/1656
f 1653/1653/1653 1656/1656/1656 1655/1655/1655
f 1649/1649/1649 1650/1650/1650 1656/1656/1656
f 1655/1655/1655 1657/1657/1657 1617/1617/1617
f 1657/1657/1657 1615/1615/1615 1617/1617/1617
f 1655/1655/1655 1656/1656/1656 1658/1658/1658
f 1655/1655/1655 1658/1658/1658 1657/1657/1657
f 1659/1659/1659 1656/1656/1656 1650/1650/1650
f 1659/1659/1659 1658/1658/1658 1656/1656/1656
f 1651/1651/1651 1659/1659/1659 1650/1650/1650
f 1651/1651/1651 1660/1660/1660 1659/1659/1659
f 1661/1661/1661 1659/1659/1659 1660/1660/1660
f 1658/1658/1658 1659/1659/1659 1661/1661/1661
f 1661/1661/1661 1660/1660/1660 1662/1662/1662
f 1658/1658/1658 1661/1661/1661 1663/1663/1663
f 1657/1657/1657 1658/1658/1658 1663/1663/1663
f 1662/1662/1662 1664/1664/1664 1661/1661/1661
f 1664/1664/1664 1663/1663/1663 1661/1661/1661
f 1662/1662/1662 1665/1665/1665 1664/1664/1664
f 1657/1657/1657 1663/1663/1663 1666/1666/1666
f 1657/1657/1657 1666/1666/1666 1615/1615/1615
f 1666/1666/1666 1614/1614/1614 1615/1615/1615
f 1666/1666/1666 1663/1663/1663 1667/1667/1667
f 1664/1664/1664 1667/1667/1667 1663/1663/1663
f 1666/1666/1666 1668/1668/1668 1614/1614/1614
f 1666/1666/1666 1667/1667/1667 1668/1668/1668
f 1668/1668/1668 1608/1608/1608 1614/1614/1614
f 1669/1669/1669 1664/1664/1664 1665/1665/1665
f 1667/1667/1667 1664/1664/1664 1669/1669/1669
f 1669/1669/1669 1665/1665/1665 1670/1670/1670
f 1668/1668/1668 1667/1667/1667 1671/1671/1671
f 1667/1667/1667 1669/1669/1669 1671/1671/1671
f 1668/1668/1668 1672/1672/1672 1608/1608/1608
f 1668/1668/1668 1671/1671/1671 1672/1672/1672
f 1672/1672/1672 1601/1601/1601 1608/1608/1608
f 1670/1670/1670 1673/1673/1673 1669/1669/1669
f 1673/1673/1673 1671/1671/1671 1669/1669/1669
f 1670/1670/1670 1674/1674/1674 1673/1673/1673
f 1672/1672/1672 1671/1671/1671 1675/1675/1675
f 1673/1673/1673 1675/1675/1675 1671/1671/1671
f 1672/1672/1672 1676/1676/1676 1601/1601/1601
f 1672/1672/1672 1675/1675/1675 1676/1676/1676
f 1676/1676/1676 1599/1599/1599 1601/1601/1601
f 1677/1677/1677 1673/1673/1673 1674/1674/1674
f 1675/1675/1675 1673/1673/1673 1677/1677/1677
f 1677/1677/1677 1674/1674/1674 1678/1678/1678
f 1676/1676/1676 1675/1675/1675 1679/1679/1679
f 1675/1675/1675 1677/1677/1677 1679/1679/1679
f 1676/1676/1676 1680/1680/1680 1599/1599/1599
f 1676/1676/1676 1679/1679/1679 1680/1680/1680
f 1680/1680/1680 1598/1598/1598 1599/1599/1599
f 1678/1678/1678 1681/1681/1681 1677/1677/1677
f 1681/1681/1681 1679/1679/1679 1677/1677/1677
f 1678/1678/1678 1682/1682/1682 1681/1681/1681
f 1680/1680/1680 1679/1679/1679 1683/1683/1683
f 1681/1681/1681 1683/1683/1683 1679/1679/1679
f 1680/1680/1680 1684/1684/1684 1598/1598/1598
f 1680/1680/1680 1683/1683/1683 1684/1684/1684
f 1684/1684/1684 1592/1592/1592 1598/1598/1598
f 1685/1685/1685 1681/1681/1681 1682/1682/1682
f 1683/1683/1683 1681/1681/1681 1685/1685/1685
f 1685/1685/1685 1682/1682/1682 1686/1686/1686
f 1684/1684/1684 1683/1683/1683 1687/1687/1687
f 1683/1683/1683 1685/1685/1685 1687/1687/1687
f 1684/1684/1684 1688/1688/1688 1592/1592/1592
f 1684/1684/1684 1687/1687/1687 1688/1688/1688
f 1688/1688/1688 1585/1585/1585 1592/1592/1592
f 1686/1686/1686 1689/1689/1689 1685/1685/1685
f 1689/1689/1689 1687/1687/1687 1685/1685/1685
f 1686/1686/1686 1690/1690/1690 1689/1689/1689
f 1688/1688/1688 1687/1687/1687 1691/1691/1691
f 1689/1689/1689 1691/1691/1691 1687/1687/1687
f 1688/1688/1688 1692/1692/1692 1585/1585/1585
f 1688/1688/1688 1691/1691/1691 1692/1692/1692
f 1692/1692/1692 1583/1583/1583 1585/1585/1585
f 1693/1693/1693 1689/1689/1689 1690/1690/1690
f 1691/1691/1691 1689/1689/1689 1693/1693/1693
f 1693/1693/1693 1690/1690/1690 1694/1694/1694
f 1692/1692/1692 1691/1691/1691 1695/1695/1695
f 1691/1691/1691 1693/1693/1693 1695/1695/1695
f 1692/1692/1692 1696/1696/1696 1583/1583/1583
f 1692/1692/1692 1695/1695/1695 1696/1696/1696
f 1696/1696/1696 1582/1582/1582 1583/1583/1583
f 1694/1694/1694 1697/1697/1697 1693/1693/1693
f 1697/1697/1697 1695/1695/1695 1693/1693/1693
f 1694/1694/1694 1698/1698/1698 1697/1697/1697
f 1696/1696/1696 1695/1695/1695 1699/1699/1699
f 1697/1697/1697 1699/1699/1699 1695/1695/1695
f 1696/1696/1696 1700/1700/1700 1582/1582/1582
f 1696/1696/1696 1699/1699/1699 1700/1700/1700
f 1700/1700/1700 1576/1576/1576 1582/1582/1582
f 1701/1701/1701 1697/1697/1697 1698/1698/1698
f 1699/1699/1699 1697/1697/1697 1701/1701/1701
f 1701/1701/1701 1698/1698/1698 1702/1702/1702
f 1700/1700/1700 1699/1699/1699 1703/1703/1703
f 1699/1699/1699 1701/1701/1701 1703/1703/1703
f 1700/1700/1700 1704/1704/1704 1576/1576/1576
f 1700/1700/1700 1703/1703/1703 1704/1704/1704
f 1704/1704/1704 1569/1569/1569 1576/1576/1576
f 1702/1702/1702 1705/1705/1705 1701/1701/1701
f 1705/1705/1705 1703/1703/1703 1701/1701/1701
f 1702/1702/1702 1706/1706/1706 1705/1705/1705
f 1704/1704/1704 1703/1703/1703 1707/1707/1707
f 1705/1705/1705 1707/1707/1707 1703/1703/1703
f 1704/1704/1704 1708/1708/1708 1569/1569/1569
f 1704/1704/1704 1707/1707/1707 1708/1708/1708
f 1708/1708/1708 1567/1567/1567 1569/1569/1569
f 1709/1709/1709 1705/1705/1705 1706/1706/1706
f 1707/1707/1707 1705/1705/1705 1709/1709/1709
f 1709/1709/1709 1706/1706/1706 1710/1710/1710
f 1708/1708/1708 1707/1707/1707 1711/1711/1711
f 1707/1707/1707 1709/1709/1709 1711/1711/1711
f 1708/1708/1708 1712/1712/1712 1567/1567/1567
f 1708/1708/1708 1711/1711/1711 1712/1712/1712
f 1712/1712/1712 1566/1566/1566 1567/1567/1567
f 1710/1710/1710 1713/1713/1713 1709/1709/1709
f 1713/1713/1713 1711/1711/1711 1709/1709/1709
f 1710/1710/1710 1714/1714/1714 1713/1713/1713
f 1712/1712/1712 1711/1711/1711 1715/1715/1715
f 1713/1713/1713 1715/1715/1715 1711/1711/1711
f 1712/1712/1712 1716/1716/1716 1566/1566/1566
f 1712/1712/1712 1715/1715/1715 1716/1716/1716
f 1716/1716/1716 1560/1560/1560 1566/1566/1566
f 1717/1717/1717 1713/1713/1713 1714/1714/1714
f 1715/1715/1715 1713/1713/1713 1717/1717/1717
f 1717/1717/1717 1714/1714/1714 1718/1718/1718
f 1716/1716/1716 1715/1715/1715 1719/1719/1719
f 1715/1715/1715 1717/1717/1717 1719/1719/1719
f 1716/1716/1716 1720/1720/1720 1560/1560/1560
f 1716/1716/1716 1719/1719/1719 1720/1720/1720
f 1720/1720/1720 1538/1538/1538 1560/1560/1560
f 1720/1720/1720 1539/1539/1539 1538/1538/1538
f 1718/1718/1718 1721/1721/1721 1717/1717/1717
f 1721/1721/1721 1719/1719/1719 1717/1717/1717
f 1718/1718/1718 1642/1642/1642 1721/1721/1721
f 1641/1641/1641 1721/1721/1721 1642/1642/1642
f 1721/1721/1721 1722/1722/1722 1719/1719/1719
f 1722/1722/1722 1721/1721/1721 1641/1641/1641
f 1720/1720/1720 1719/1719/1719 1722/1722/1722
f 1720/1720/1720 1722/1722/1722 1539/1539/1539
f 1722/1722/1722 1641/1641/1641 1541/1541/1541
f 1539/1539/1539 1722/1722/1722 1541/1541/1541
f 1723/1723/1723 1724/1724/1724 1725/1725/1725
f 1726/1726/1726 1724/1724/1724 1723/1723/1723
f 1723/1723/1723 1725/1725/1725 1727/1727/1727
f 1726/1726/1726 1728/1728/1728 1724/1724/1724
f 1727/1727/1727 1725/1725/1725 1729/1729/1729
f 1730/1730/1730 1728/1728/1728 1726/1726/1726
f 1727/1727/1727 1729/1729/1729 1731/1731/1731
f 1730/1730/1730 1732/1732/1732 1728/1728/1728
f 1731/1731/1731 1729/1729/1729 1733/1733/1733
f 1734/1734/1734 1732/1732/1732 1730/1730/1730
f 1731/1731/1731 1733/1733/1733 1735/1735/1735
f 1734/1734/1734 1736/1736/1736 1732/1732/1732
f 1735/1735/1735 1733/1733/1733 1737/1737/1737
f 1738/1738/1738 1736/1736/1736 1734/1734/1734
f 1735/1735/1735 1737/1737/1737 1739/1739/1739
f 1738/1738/1738 1740/1740/1740 1736/1736/1736
f 1739/1739/1739 1737/1737/1737 1741/1741/1741
f 1742/1742/1742 1740/1740/1740 1738/1738/1738
f 1739/1739/1739 1741/1741/1741 1743/1743/1743
f 1742/1742/1742 1744/1744/1744 1740/1740/1740
f 1743/1743/1743 1741/1741/1741 1745/1745/1745
f 1746/1746/1746 1744/1744/1744 1742/1742/1742
f 1743/1743/1743 1745/1745/1745 1747/1747/1747
f 1746/1746/1746 1748/1748/1748 1744/1744/1744
f 1747/1747/1747 1745/1745/1745 1749/1749/1749
f 1750/1750/1750 1748/1748/1748 1746/1746/1746
f 1747/1747/1747 1749/1749/1749 1751/1751/1751
f 1750/1750/1750 1752/1752/1752 1748/1748/1748
f 1751/1751/1751 1749/1749/1749 1753/1753/1753
f 1754/1754/1754 1752/1752/1752 1750/1750/1750
f 1751/1751/1751 1753/1753/1753 1755/1755/1755
f 1754/1754/1754 1756/1756/1756 1752/1752/1752
f 1755/1755/1755 1753/1753/1753 1757/1757/1757
f 1758/1758/1758 1756/1756/1756 1754/1754/1754
f 1755/1755/1755 1757/1757/1757 1759/1759/1759
f 1758/1758/1758 1760/1760/1760 1756/1756/1756
f 1759/1759/1759 1757/1757/1757 1761/1761/1761
f 1762/1762/1762 1760/1760/1760 1758/1758/1758
f 1759/1759/1759 1761/1761/1761 1763/1763/1763
f 1762/1762/1762 1764/1764/1764 1760/1760/1760
f 1763/1763/1763 1761/1761/1761 1765/1765/1765
f 1766/1766/1766 1764/1764/1764 1762/1762/1762
f 1763/1763/1763 1765/1765/1765 1767/1767/1767
f 1766/1766/1766 1768/1768/1768 1764/1764/1764
f 1767/1767/1767 1765/1765/1765 1769/1769/1769
f 1770/1770/1770 1768/1768/1768 1766/1766/1766
f 1767/1767/1767 1769/1769/1769 1770/1770/1770
f 1770/1770/1770 1769/1769/1769 1768/1768/1768
f 1771/1771/1771 1772/1772/1772 1773/1773/1773
f 1774/1774/1774 1771/1771/1771 1773/1773/1773
f 1772/1772/1772 1775/1775/1775 1773/1773/1773
f 1776/1776/1776 1774/1774/1774 1773/1773/1773
f 1775/1775/1775 1777/1777/1777 1773/1773/1773
f 1778/1778/1778 1776/1776/1776 1773/1773/1773
f 1777/1777/1777 1779/1779/1779 1773/1773/1773
f 1780/1780/1780 1778/1778/1778 1773/1773/1773
f 1779/1779/1779 1781/1781/1781 1773/1773/1773
f 1782/1782/1782 1780/1780/1780 1773/1773/1773
f 1781/1781/1781 1783/1783/1783 1773/1773/1773
f 1784/1784/1784 1782/1782/1782 1773/1773/1773
f 1783/1783/1783 1785/1785/1785 1773/1773/1773
f 1786/1786/1786 1784/1784/1784 1773/1773/1773
f 1785/1785/1785 1787/1787/1787 1773/1773/1773
f 1788/1788/1788 1786/1786/1786 1773/1773/1773
f 1787/1787/1787 1789/1789/1789 1773/1773/1773
f 1790/1790/1790 1788/1788/1788 1773/1773/1773
f 1791/1791/1791 1790/1790/1790 1773/1773/1773
f 1789/1789/1789 1792/1792/1792 1773/1773/1773
f 1793/1793/1793 1791/1791/1791 1773/1773/1773
f 1792/1792/1792 1794/1794/1794 1773/1773/1773
f 1795/1795/1795 1793/1793/1793 1773/1773/1773
f 1794/1794/1794 1795/1795/1795 1773/1773/1773
f 1796/1796/1796 1797/1797/1797 1798/1798/1798
f 1796/1796/1796 1798/1798/1798 1799/1799/1799
f 1797/1797/1797 1800/1800/1800 1798/1798/1798
f 1797/1797/1797 1801/1801/1801 1800/1800/1800
f 1801/1801/1801 1802/1802/1802 1800/1800/1800
f 1801/1801/1801 1803/1803/1803 1802/1802/1802
f 1803/1803/1803 1804/1804/1804 1802/1802/1802
f 1803/1803/1803 1805/1805/1805 1804/1804/1804
f 1805/1805/1805 1806/1806/1806 1804/1804/1804
f 1805/1805/1805 1807/1807/1807 1806/1806/1806
f 1807/1807/1807 1808/1808/1808 1806/1806/1806
f 1807/1807/1807 1809/1809/1809 1808/1808/1808
f 1809/1809/1809 1810/1810/1810 1808/1808/1808
f 1809/1809/1809 1811/1811/1811 1810/1810/1810
f 1811/1811/1811 1812/1812/1812 1810/1810/1810
f 1811/1811/1811 1813/1813/1813 1812/1812/1812
f 1813/1813/1813 1814/1814/1814 1812/1812/1812
f 1813/1813/1813 1815/1815/1815 1814/1814/1814
f 1815/1815/1815 1816/1816/1816 1814/1814/1814
f 1815/1815/1815 1817/1817/1817 1816/1816/1816
f 1817/1817/1817 1818/1818/1818 1816/1816/1816
f 1817/1817/1817 1819/1819/1819 1818/1818/1818
f 1819/1819/1819 1820/1820/1820 1818/1818/1818
f 1819/1819/1819 1821/1821/1821 1820/1820/1820
f 1822/1822/1822 1823/1823/1823 1824/1824/1824
f 1822/1822/1822 1824/1824/1824 1825/1825/1825
f 1823/1823/1823 1826/1826/1826 1824/1824/1824
f 1823/1823/1823 1827/1827/1827 1826/1826/1826
f 1827/1827/1827 1828/1828/1828 1826/1826/1826
f 1827/1827/1827 1829/1829/1829 1828/1828/1828
f 1829/1829/1829 1830/1830/1830 1828/1828/1828
f 1829/1829/1829 1831/1831/1831 1830/1830/1830
f 1831/1831/1831 1832/1832/1832 1830/1830/1830
f 1831/1831/1831 1833/1833/1833 1832/1832/1832
f 1833/1833/1833 1834/1834/1834 1832/1832/1832
f 1833/1833/1833 1835/1835/1835 1834/1834/1834
f 1835/1835/1835 1836/1836/1836 1834/1834/1834
f 1835/1835/1835 1837/1837/1837 1836/1836/1836
f 1837/1837/1837 1838/1838/1838 1836/1836/1836
f 1837/1837/1837 1839/1839/1839 1838/1838/1838
f 1839/1839/1839 1840/1840/1840 1838/1838/1838
f 1839/1839/1839 1841/1841/1841 1840/1840/1840
f 1841/1841/1841 1842/1842/1842 1840/1840/1840
f 1841/1841/1841 1843/1843/1843 1842/1842/1842
f 1843/1843/1843 1844/1844/1844 1842/1842/1842
f 1843/1843/1843 1845/1845/1845 1844/1844/1844
f 1845/1845/1845 1846/1846/1846 1844/1844/1844
f 1845/1845/1845 1847/1847/1847 1846/1846/1846
f 1848/1848/1848 1849/1849/1849 1850/1850/1850
f 1848/1848/1848 1850/1850/1850 1851/1851/1851
f 1849/1849/1849 1852/1852/1852 1850/1850/1850
f 1849/1849/1849 1853/1853/1853 1852/1852/1852
f 1853/1853/1853 1854/1854/1854 1852/1852/1852
f 1853/1853/1853 1855/1855/1855 1854/1854/1854
f 1855/1855/1855 1856/1856/1856 1854/1854/1854
f 1855/1855/1855 1857/1857/1857 1856/1856/1856
f 1857/1857/1857 1858/1858/1858 1856/1856/1856
f 1857/1857/1857 1859/1859/1859 1858/1858/1858
f 1859/1859/1859 1860/1860/1860 1858/1858/1858
f 1859/1859/1859 1861/1861/1861 1860/1860/1860
f 1861/1861/1861 1862/1862/1862 1860/1860/1860
f 1861/1861/1861 1863/1863/1863 1862/1862/1862
f 1863/1863/1863 1864/1864/1864 1862/1862/1862
f 1863/1863/1863 1865/1865/1865 1864/1864/1864
f 1865/1865/1865 1866/1866/1866 1864/1864/1864
f 1865/1865/1865 1867/1867/1867 1866/1866/1866
f 1867/1867/1867 1868/1868/1868 1866/1866/1866
f 1867/1867/1867 1869/1869/1869 1868/1868/1868
f 1869/1869/1869 1870/1870/1870 1868/1868/1868
f 1869/1869/1869 1871/1871/1871 1870/1870/1870
f 1871/1871/1871 1872/1872/1872 1870/1870/1870
f 1871/1871/1871 1873/1873/1873 1872/1872/1872
f 1874/1874/1874 1875/1875/1875 1876/1876/1876
f 1874/1874/1874 1876/1876/1876 1877/1877/1877
f 1878/1878/1878 1877/1877/1877 1876/1876/1876
f 1874/1874/1874 1877/1877/1877 1879/1879/1879
f 1880/1880/1880 1874/1874/1874 1879/1879/1879
f 1877/1877/1877 1881/1881/1881 1879/1879/1879
f 1877/1877/1877 1882/1882/1882 1881/1881/1881
f 1881/1881/1881 1883/1883/1883 1879/1879/1879
f 1881/1881/1881 1884/1884/1884 1883/1883/1883
f 1883/1883/1883 1885/1885/1885 1879/1879/1879
f 1886/1886/1886 1887/1887/1887 1888/1888/1888
f 1889/1889/1889 1887/1887/1887 1886/1886/1886
f 1886/1886/1886 1888/1888/1888 1890/1890/1890
f 1890/1890/1890 1888/1888/1888 1891/1891/1891
f 1890/1890/1890 1891/1891/1891 1892/1892/1892
f 1888/1888/1888 1893/1893/1893 1891/1891/1891
f 1888/1888/1888 1894/1894/1894 1893/1893/1893
f 1887/1887/1887 1894/1894/1894 1888/1888/1888
f 1894/1894/1894 1895/1895/1895 1893/1893/1893
f 1889/1889/1889 1896/1896/1896 1887/1887/1887
f 1897/1897/1897 1896/1896/1896 1889/1889/1889
f 1887/1887/1887 1898/1898/1898 1894/1894/1894
f 1896/1896/1896 1898/1898/1898 1887/1887/1887
f 1894/1894/1894 1899/1899/1899 1895/1895/1895
f 1898/1898/1898 1899/1899/1899 1894/1894/1894
f 1899/1899/1899 1900/1900/1900 1895/1895/1895
f 1897/1897/1897 1901/1901/1901 1896/1896/1896
f 1902/1902/1902 1901/1901/1901 1897/1897/1897
f 1896/1896/1896 1903/1903/1903 1898/1898/1898
f 1901/1901/1901 1903/1903/1903 1896/1896/1896
f 1902/1902/1902 1904/1904/1904 1901/1901/1901
f 1905/1905/1905 1904/1904/1904 1902/1902/1902
f 1905/1905/1905 1906/1906/1906 1904/1904/1904
f 1906/1906/1906 1907/1907/1907 1904/1904/1904
f 1901/1901/1901 1904/1904/1904 1907/1907/1907
f 1906/1906/1906 1908/1908/1908 1907/1907/1907
f 1907/1907/1907 1908/1908/1908 1909/1909/1909
f 1901/1901/1901 1907/1907/1907 1910/1910/1910
f 1901/1901/1901 1910/1910/1910 1903/1903/1903
f 1907/1907/1907 1909/1909/1909 1911/1911/1911
f 1910/1910/1910 1907/1907/1907 1911/1911/1911
f 1911/1911/1911 1909/1909/1909 1912/1912/1912
f 1910/1910/1910 1913/1913/1913 1903/1903/1903
f 1910/1910/1910 1911/1911/1911 1914/1914/1914
f 1910/1910/1910 1914/1914/1914 1913/1913/1913
f 1911/1911/1911 1912/1912/1912 1915/1915/1915
f 1914/1914/1914 1911/1911/1911 1915/1915/1915
f 1912/1912/1912 1916/1916/1916 1915/1915/1915
f 1912/1912/1912 1917/1917/1917 1916/1916/1916
f 1914/1914/1914 1915/1915/1915 1918/1918/1918
f 1918/1918/1918 1915/1915/1915 1916/1916/1916
f 1914/1914/1914 1918/1918/1918 1919/1919/1919
f 1914/1914/1914 1919/1919/1919 1913/1913/1913
f 1918/1918/1918 1916/1916/1916 1920/1920/1920
f 1917/1917/1917 1921/1921/1921 1916/1916/1916
f 1917/1917/1917 1922/1922/1922 1921/1921/1921
f 1916/1916/1916 1923/1923/1923 1920/1920/1920
f 1916/1916/1916 1921/1921/1921 1923/1923/1923
f 1918/1918/1918 1920/1920/1920 1924/1924/1924
f 1918/1918/1918 1924/1924/1924 1919/1919/1919
f 1920/1920/1920 1923/1923/1923 1925/1925/1925
f 1920/1920/1920 1925/1925/1925 1924/1924/1924
f 1922/1922/1922 1926/1926/1926 1921/1921/1921
f 1922/1922/1922 1927/1927/1927 1926/1926/1926
f 1921/1921/1921 1928/1928/1928 1923/1923/1923
f 1921/1921/1921 1926/1926/1926 1928/1928/1928
f 1923/1923/1923 1929/1929/1929 1925/1925/1925
f 1923/1923/1923 1928/1928/1928 1929/1929/1929
f 1927/1927/1927 1930/1930/1930 1926/1926/1926
f 1927/1927/1927 1931/1931/1931 1930/1930/1930
f 1926/1926/1926 1932/1932/1932 1928/1928/1928
f 1926/1926/1926 1930/1930/1930 1932/1932/1932
f 1928/1928/1928 1933/1933/1933 1929/1929/1929
f 1928/1928/1928 1932/1932/1932 1933/1933/1933
f 1931/1931/1931 1934/1934/1934 1930/1930/1930
f 1931/1931/1931 1935/1935/1935 1934/1934/1934
f 1930/1930/1930 1936/1936/1936 1932/1932/1932
f 1930/1930/1930 1934/1934/1934 1936/1936/1936
f 1932/1932/1932 1937/1937/1937 1933/1933/1933
f 1932/1932/1932 1936/1936/1936 1937/1937/1937
f 1935/1935/1935 1938/1938/1938 1934/1934/1934
f 1935/1935/1935 1939/1939/1939 1938/1938/1938
f 1934/1934/1934 1940/1940/1940 1936/1936/1936
f 1934/1934/1934 1938/1938/1938 1940/1940/1940
f 1936/1936/1936 1941/1941/1941 1937/1937/1937
f 1936/1936/1936 1940/1940/1940 1941/1941/1941
f 1939/1939/1939 1942/1942/1942 1938/1938/1938
f 1939/1939/1939 1943/1943/1943 1942/1942/1942
f 1943/1943/1943 1944/1944/1944 1942/1942/1942
f 1943/1943/1943 1945/1945/1945 1944/1944/1944
f 1942/1942/1942 1944/1944/1944 1946/1946/1946
f 1938/1938/1938 1942/1942/1942 1947/1947/1947
f 1942/1942/1942 1946/1946/1946 1947/1947/1947
f 1938/1938/1938 1947/1947/1947 1940/1940/1940
f 1947/1947/1947 1946/1946/1946 1948/1948/1948
f 1940/1940/1940 1947/1947/1947 1949/1949/1949
f 1947/1947/1947 1948/1948/1948 1949/1949/1949
f 1940/1940/1940 1949/1949/1949 1941/1941/1941
f 1949/1949/1949 1948/1948/1948 1950/1950/1950
f 1949/1949/1949 1950/1950/1950 1951/1951/1951
f 1941/1941/1941 1949/1949/1949 1951/1951/1951
f 1951/1951/1951 1950/1950/1950 1952/1952/1952
f 1941/1941/1941 1951/1951/1951 1953/1953/1953
f 1937/1937/1937 1941/1941/1941 1953/1953/1953
f 1951/1951/1951 1952/1952/1952 1954/1954/1954
f 1953/1953/1953 1951/1951/1951 1954/1954/1954
f 1954/1954/1954 1952/1952/1952 1955/1955/1955
f 1954/1954/1954 1955/1955/1955 1956/1956/1956
f 1957/1957/1957 1954/1954/1954 1956/1956/1956
f 1953/1953/1953 1954/1954/1954 1957/1957/1957
f 1957/1957/1957 1956/1956/1956 1958/1958/1958
f 1937/1937/1937 1953/1953/1953 1959/1959/1959
f 1959/1959/1959 1953/1953/1953 1957/1957/1957
f 1933/1933/1933 1937/1937/1937 1959/1959/1959
f 1960/1960/1960 1957/1957/1957 1958/1958/1958
f 1959/1959/1959 1957/1957/1957 1960/1960/1960
f 1960/1960/1960 1958/1958/1958 1961/1961/1961
f 1933/1933/1933 1959/1959/1959 1962/1962/1962
f 1962/1962/1962 1959/1959/1959 1960/1960/1960
f 1929/1929/1929 1933/1933/1933 1962/1962/1962
f 1963/1963/1963 1960/1960/1960 1961/1961/1961
f 1962/1962/1962 1960/1960/1960 1963/1963/1963
f 1963/1963/1963 1961/1961/1961 1964/1964/1964
f 1929/1929/1929 1962/1962/1962 1965/1965/1965
f 1965/1965/1965 1962/1962/1962 1963/1963/1963
f 1925/1925/1925 1929/1929/1929 1965/1965/1965
f 1966/1966/1966 1963/1963/1963 1964/1964/1964
f 1965/1965/1965 1963/1963/1963 1966/1966/1966
f 1966/1966/1966 1964/1964/1964 1967/1967/1967
f 1925/1925/1925 1965/1965/1965 1968/1968/1968
f 1968/1968/1968 1965/1965/1965 1966/1966/1966
f 1924/1924/1924 1925/1925/1925 1968/1968/1968
f 1969/1969/1969 1966/1966/1966 1967/1967/1967
f 1968/1968/1968 1966/1966/1966 1969/1969/1969
f 1969/1969/1969 1967/1967/1967 1970/1970/1970
f 1924/1924/1924 1968/1968/1968 1971/1971/1971
f 1971/1971/1971 1968/1968/1968 1969/1969/1969
f 1919/1919/1919 1924/1924/1924 1971/1971/1971
f 1972/1972/1972 1969/1969/1969 1970/1970/1970
f 1971/1971/1971 1969/1969/1969 1972/1972/1972
f 1972/1972/1972 1970/1970/1970 1973/1973/1973
f 1919/1919/1919 1971/1971/1971 1974/1974/1974
f 1974/1974/1974 1971/1971/1971 1972/1972/1972
f 1913/1913/1913 1919/1919/1919 1974/1974/1974
f 1975/1975/1975 1972/1972/1972 1973/1973/1973
f 1974/1974/1974 1972/1972/1972 1975/1975/1975
f 1975/1975/1975 1973/1973/1973 1900/1900/1900
f 1899/1899/1899 1975/1975/1975 1900/1900/1900
f 1976/1976/1976 1974/1974/1974 1975/1975/1975
f 1976/1976/1976 1975/1975/1975 1899/1899/1899
f 1913/1913/1913 1974/1974/1974 1976/1976/1976
f 1898/1898/1898 1976/1976/1976 1899/1899/1899
f 1903/1903/1903 1913/1913/1913 1976/1976/1976
f 1903/1903/1903 1976/1976/1976 1898/1898/1898
f 1977/1977/1977 1978/1978/1978 1979/1979/1979
f 1977/1977/1977 1979/1979/1979 1980/1980/1980
f 1981/1981/1981 1978/1978/1978 1977/1977/1977
f 1981/1981/1981 1982/1982/1982 1978/1978/1978
f 1983/1983/1983 1982/1982/1982 1981/1981/1981
f 1983/1983/1983 1984/1984/1984 1982/1982/1982
f 1985/1985/1985 1984/1984/1984 1983/1983/1983
f 1985/1985/1985 1986/1986/1986 1984/1984/1984
f 1987/1987/1987 1986/1986/1986 1985/1985/1985
f 1987/1987/1987 1988/1988/1988 1986/1986/1986
f 1989/1989/1989 1988/1988/1988 1987/1987/1987
f 1989/1989/1989 1990/1990/1990 1988/1988/1988
f 1991/1991/1991 1990/1990/1990 1989/1989/1989
f 1991/1991/1991 1992/1992/1992 1990/1990/1990
f 1993/1993/1993 1992/1992/1992 1991/1991/1991
f 1993/1993/1993 1994/1994/1994 1992/1992/1992
f 1995/1995/1995 1994/1994/1994 1993/1993/1993
f 1995/1995/1995 1996/1996/1996 1994/1994/1994
f 1997/1997/1997 1996/1996/1996 1995/1995/1995
f 1997/1997/1997 1998/1998/1998 1996/1996/1996
f 1999/1999/1999 1998/1998/1998 1997/1997/1997
f 1999/1999/1999 2000/2000/2000 1998/1998/1998
f 2001/2001/2001 2000/2000/2000 1999/1999/1999
f 2001/2001/2001 2002/2002/2002 2000/2000/2000
f 2003/2003/2003 2004/2004/2004 2005/2005/2005
f 2003/2003/2003 2005/2005/2005 2006/2006/2006
f 2007/2007/2007 2004/2004/2004 2003/2003/2003
f 2007/2007/2007 2008/2008/2008 2004/2004/2004
f 2009/2009/2009 2008/2008/2008 2007/2007/2007
f 2009/2009/2009 2010/2010/2010 2008/2008/2008
f 2011/2011/2011 2010/2010/2010 2009/2009/2009
f 2011/2011/2011 2012/2012/2012 2010/2010/2010
f 2013/2013/2013 2012/2012/2012 2011/2011/2011
f 2013/2013/2013 2014/2014/2014 2012/2012/2012
f 2015/2015/2015 2014/2014/2014 2013/2013/2013
f 2015/2015/2015 2016/2016/2016 2014/2014/2014
f 2017/2017/2017 2016/2016/2016 2015/2015/2015
f 2017/2017/2017 2018/2018/2018 2016/2016/2016
f 2019/2019/2019 2018/2018/2018 2017/2017/2017
f 2019/2019/2019 2020/2020/2020 2018/2018/2018
f 2021/2021/2021 2020/2020/2020 2019/2019/2019
f 2021/2021/2021 2022/2022/2022 2020/2020/2020
f 2023/2023/2023 2022/2022/2022 2021/2021/2021
f 2023/2023/2023 2024/2024/2024 2022/2022/2022
f 2025/2025/2025 2024/2024/2024 2023/2023/2023
f 2025/2025/2025 2026/2026/2026 2024/2024/2024
f 2027/2027/2027 2026/2026/2026 2025/2025/2025
f 2027/2027/2027 2028/2028/2028 2026/2026/2026
f 2029/2029/2029 2030/2030/2030 2031/2031/2031
f 2029/2029/2029 2031/2031/2031 2032/2032/2032
f 2033/2033/2033 2030/2030/2030 2029/2029/2029
f 2033/2033/2033 2034/2034/2034 2030/2030/2030
f 2035/2035/2035 2034/2034/2034 2033/2033/2033
f 2035/2035/2035 2036/2036/2036 2034/2034/2034
f 2037/2037/2037 2036/2036/2036 2035/2035/2035
f 2037/2037/2037 2038/2038/2038 2036/2036/2036
f 2039/2039/2039 2038/2038/2038 2037/2037/2037
f 2039/2039/2039 2040/2040/2040 2038/2038/2038
f 2041/2041/2041 2040/2040/2040 2039/2039/2039
f 2041/2041/2041 2042/2042/2042 2040/2040/2040
f 2043/2043/2043 2042/2042/2042 2041/2041/2041
f 2043/2043/2043 2044/2044/2044 2042/2042/2042
f 2045/2045/2045 2044/2044/2044 2043/2043/2043
f 2045/2045/2045 2046/2046/2046 2044/2044/2044
f 2047/2047/2047 2046/2046/2046 2045/2045/2045
f 2047/2047/2047 2048/2048/2048 2046/2046/2046
f 2049/2049/2049 2048/2048/2048 2047/2047/2047
f 2049/2049/2049 2050/2050/2050 2048/2048/2048
f 2051/2051/2051 2050/2050/2050 2049/2049/2049
f 2051/2051/2051 2052/2052/2052 2050/2050/2050
f 2053/2053/2053 2052/2052/2052 2051/2051/2051
f 2053/2053/2053 2054/2054/2054 2052/2052/2052
f 2055/2055/2055 2056/2056/2056 2057/2057/2057
f 2058/2058/2058 2056/2056/2056 2055/2055/2055
f 2059/2059/2059 2056/2056/2056 2058/2058/2058
f 2060/2060/2060 2061/2061/2061 2055/2055/2055
f 2061/2061/2061 2062/2062/2062 2055/2055/2055
f 2058/2058/2058 2055/2055/2055 2062/2062/2062
f 2061/2061/2061 2063/2063/2063 2062/2062/2062
f 2062/2062/2062 2064/2064/2064 2058/2058/2058
f 2062/2062/2062 2065/2065/2065 2064/2064/2064
f 2064/2064/2064 2066/2066/2066 2058/2058/2058
f 2067/2067/2067 2068/2068/2068 2069/2069/2069
f 2067/2067/2067 2069/2069/2069 2070/2070/2070
f 2068/2068/2068 2071/2071/2071 2069/2069/2069
f 2072/2072/2072 2067/2067/2067 2070/2070/2070
f 2072/2072/2072 2070/2070/2070 2073/2073/2073
f 2074/2074/2074 2067/2067/2067 2072/2072/2072
f 2074/2074/2074 2075/2075/2075 2067/2067/2067
f 2075/2075/2075 2068/2068/2068 2067/2067/2067
f 2076/2076/2076 2075/2075/2075 2074/2074/2074
f 2068/2068/2068 2077/2077/2077 2071/2071/2071
f 2077/2077/2077 2078/2078/2078 2071/2071/2071
f 2075/2075/2075 2079/2079/2079 2068/2068/2068
f 2079/2079/2079 2077/2077/2077 2068/2068/2068
f 2076/2076/2076 2080/2080/2080 2075/2075/2075
f 2080/2080/2080 2079/2079/2079 2075/2075/2075
f 2081/2081/2081 2080/2080/2080 2076/2076/2076
f 2077/2077/2077 2082/2082/2082 2078/2078/2078
f 2082/2082/2082 2083/2083/2083 2078/2078/2078
f 2079/2079/2079 2084/2084/2084 2077/2077/2077
f 2084/2084/2084 2082/2082/2082 2077/2077/2077
f 2080/2080/2080 2085/2085/2085 2079/2079/2079
f 2085/2085/2085 2084/2084/2084 2079/2079/2079
f 2081/2081/2081 2086/2086/2086 2080/2080/2080
f 2086/2086/2086 2085/2085/2085 2080/2080/2080
f 2087/2087/2087 2086/2086/2086 2081/2081/2081
f 2082/2082/2082 2088/2088/2088 2083/2083/2083
f 2088/2088/2088 2089/2089/2089 2083/2083/2083
f 2088/2088/2088 2090/2090/2090 2089/2089/2089
f 2091/2091/2091 2090/2090/2090 2088/2088/2088
f 2082/2082/2082 2091/2091/2091 2088/2088/2088
f 2091/2091/2091 2092/2092/2092 2090/2090/2090
f 2091/2091/2091 2093/2093/2093 2092/2092/2092
f 2082/2082/2082 2094/2094/2094 2091/2091/2091
f 2084/2084/2084 2094/2094/2094 2082/2082/2082
f 2091/2091/2091 2095/2095/2095 2093/2093/2093
f 2094/2094/2094 2095/2095/2095 2091/2091/2091
f 2095/2095/2095 2096/2096/2096 2093/2093/2093
f 2097/2097/2097 2094/2094/2094 2084/2084/2084
f 2085/2085/2085 2097/2097/2097 2084/2084/2084
f 2094/2094/2094 2098/2098/2098 2095/2095/2095
f 2097/2097/2097 2098/2098/2098 2094/2094/2094
f 2095/2095/2095 2099/2099/2099 2096/2096/2096
f 2098/2098/2098 2099/2099/2099 2095/2095/2095
f 2100/2100/2100 2096/2096/2096 2099/2099/2099
f 2100/2100/2100 2101/2101/2101 2096/2096/2096
f 2098/2098/2098 2102/2102/2102 2099/2099/2099
f 2102/2102/2102 2100/2100/2100 2099/2099/2099
f 2103/2103/2103 2098/2098/2098 2097/2097/2097
f 2103/2103/2103 2102/2102/2102 2098/2098/2098
f 2104/2104/2104 2097/2097/2097 2085/2085/2085
f 2104/2104/2104 2103/2103/2103 2097/2097/2097
f 2086/2086/2086 2104/2104/2104 2085/2085/2085
f 2105/2105/2105 2101/2101/2101 2100/2100/2100
f 2105/2105/2105 2106/2106/2106 2101/2101/2101
f 2107/2107/2107 2104/2104/2104 2086/2086/2086
f 2087/2087/2087 2107/2107/2107 2086/2086/2086
f 2108/2108/2108 2107/2107/2107 2087/2087/2087
f 2107/2107/2107 2109/2109/2109 2104/2104/2104
f 2109/2109/2109 2103/2103/2103 2104/2104/2104
f 2108/2108/2108 2110/2110/2110 2107/2107/2107
f 2110/2110/2110 2109/2109/2109 2107/2107/2107
f 2111/2111/2111 2110/2110/2110 2108/2108/2108
f 2109/2109/2109 2112/2112/2112 2103/2103/2103
f 2112/2112/2112 2102/2102/2102 2103/2103/2103
f 2110/2110/2110 2113/2113/2113 2109/2109/2109
f 2113/2113/2113 2112/2112/2112 2109/2109/2109
f 2111/2111/2111 2114/2114/2114 2110/2110/2110
f 2114/2114/2114 2113/2113/2113 2110/2110/2110
f 2115/2115/2115 2114/2114/2114 2111/2111/2111
f 2112/2112/2112 2116/2116/2116 2102/2102/2102
f 2102/2102/2102 2116/2116/2116 2100/2100/2100
f 2113/2113/2113 2117/2117/2117 2112/2112/2112
f 2117/2117/2117 2116/2116/2116 2112/2112/2112
f 2114/2114/2114 2118/2118/2118 2113/2113/2113
f 2118/2118/2118 2117/2117/2117 2113/2113/2113
f 2115/2115/2115 2119/2119/2119 2114/2114/2114
f 2119/2119/2119 2118/2118/2118 2114/2114/2114
f 2120/2120/2120 2119/2119/2119 2115/2115/2115
f 2121/2121/2121 2100/2100/2100 2116/2116/2116
f 2117/2117/2117 2121/2121/2121 2116/2116/2116
f 2121/2121/2121 2105/2105/2105 2100/2100/2100
f 2118/2118/2118 2122/2122/2122 2117/2117/2117
f 2122/2122/2122 2121/2121/2121 2117/2117/2117
f 2119/2119/2119 2123/2123/2123 2118/2118/2118
f 2123/2123/2123 2122/2122/2122 2118/2118/2118
f 2120/2120/2120 2124/2124/2124 2119/2119/2119
f 2124/2124/2124 2123/2123/2123 2119/2119/2119
f 2125/2125/2125 2124/2124/2124 2120/2120/2120
f 2126/2126/2126 2105/2105/2105 2121/2121/2121
f 2122/2122/2122 2126/2126/2126 2121/2121/2121
f 2126/2126/2126 2127/2127/2127 2105/2105/2105
f 2127/2127/2127 2106/2106/2106 2105/2105/2105
f 2127/2127/2127 2128/2128/2128 2106/2106/2106
f 2125/2125/2125 2129/2129/2129 2124/2124/2124
f 2130/2130/2130 2129/2129/2129 2125/2125/2125
f 2129/2129/2129 2131/2131/2131 2124/2124/2124
f 2124/2124/2124 2131/2131/2131 2123/2123/2123
f 2130/2130/2130 2132/2132/2132 2129/2129/2129
f 2133/2133/2133 2132/2132/2132 2130/2130/2130
f 2133/2133/2133 2134/2134/2134 2132/2132/2132
f 2123/2123/2123 2135/2135/2135 2122/2122/2122
f 2131/2131/2131 2135/2135/2135 2123/2123/2123
f 2135/2135/2135 2126/2126/2126 2122/2122/2122
f 2129/2129/2129 2136/2136/2136 2131/2131/2131
f 2132/2132/2132 2136/2136/2136 2129/2129/2129
f 2131/2131/2131 2137/2137/2137 2135/2135/2135
f 2136/2136/2136 2137/2137/2137 2131/2131/2131
f 2135/2135/2135 2138/2138/2138 2126/2126/2126
f 2137/2137/2137 2138/2138/2138 2135/2135/2135
f 2138/2138/2138 2127/2127/2127 2126/2126/2126
f 2134/2134/2134 2139/2139/2139 2132/2132/2132
f 2132/2132/2132 2139/2139/2139 2136/2136/2136
f 2134/2134/2134 2140/2140/2140 2139/2139/2139
f 2136/2136/2136 2141/2141/2141 2137/2137/2137
f 2139/2139/2139 2141/2141/2141 2136/2136/2136
f 2140/2140/2140 2142/2142/2142 2139/2139/2139
f 2139/2139/2139 2142/2142/2142 2141/2141/2141
f 2140/2140/2140 2143/2143/2143 2142/2142/2142
f 2141/2141/2141 2144/2144/2144 2137/2137/2137
f 2137/2137/2137 2144/2144/2144 2138/2138/2138
f 2142/2142/2142 2145/2145/2145 2141/2141/2141
f 2141/2141/2141 2145/2145/2145 2144/2144/2144
f 2143/2143/2143 2146/2146/2146 2142/2142/2142
f 2142/2142/2142 2146/2146/2146 2145/2145/2145
f 2143/2143/2143 2147/2147/2147 2146/2146/2146
f 2144/2144/2144 2148/2148/2148 2138/2138/2138
f 2138/2138/2138 2148/2148/2148 2127/2127/2127
f 2148/2148/2148 2128/2128/2128 2127/2127/2127
f 2148/2148/2148 2149/2149/2149 2128/2128/2128
f 2144/2144/2144 2150/2150/2150 2148/2148/2148
f 2150/2150/2150 2149/2149/2149 2148/2148/2148
f 2145/2145/2145 2150/2150/2150 2144/2144/2144
f 2150/2150/2150 2151/2151/2151 2149/2149/2149
f 2145/2145/2145 2152/2152/2152 2150/2150/2150
f 2152/2152/2152 2151/2151/2151 2150/2150/2150
f 2146/2146/2146 2152/2152/2152 2145/2145/2145
f 2152/2152/2152 2153/2153/2153 2151/2151/2151
f 2146/2146/2146 2154/2154/2154 2152/2152/2152
f 2154/2154/2154 2153/2153/2153 2152/2152/2152
f 2147/2147/2147 2154/2154/2154 2146/2146/2146
f 2154/2154/2154 2155/2155/2155 2153/2153/2153
f 2147/2147/2147 2156/2156/2156 2154/2154/2154
f 2156/2156/2156 2155/2155/2155 2154/2154/2154
f 2156/2156/2156 2157/2157/2157 2155/2155/2155
f 2158/2158/2158 2159/2159/2159 2160/2160/2160
f 2158/2158/2158 2160/2160/2160 2161/2161/2161
f 2159/2159/2159 2162/2162/2162 2160/2160/2160
f 2163/2163/2163 2158/2158/2158 2161/2161/2161
f 2159/2159/2159 2164/2164/2164 2162/2162/2162
f 2163/2163/2163 2161/2161/2161 2165/2165/2165
f 2164/2164/2164 2166/2166/2166 2162/2162/2162
f 2167/2167/2167 2163/2163/2163 2165/2165/2165
f 2164/2164/2164 2168/2168/2168 2166/2166/2166
f 2167/2167/2167 2165/2165/2165 2169/2169/2169
f 2168/2168/2168 2170/2170/2170 2166/2166/2166
f 2171/2171/2171 2167/2167/2167 2169/2169/2169
f 2168/2168/2168 2172/2172/2172 2170/2170/2170
f 2171/2171/2171 2169/2169/2169 2173/2173/2173
f 2172/2172/2172 2174/2174/2174 2170/2170/2170
f 2175/2175/2175 2171/2171/2171 2173/2173/2173
f 2172/2172/2172 2176/2176/2176 2174/2174/2174
f 2175/2175/2175 2173/2173/2173 2177/2177/2177
f 2176/2176/2176 2178/2178/2178 2174/2174/2174
f 2179/2179/2179 2175/2175/2175 2177/2177/2177
f 2176/2176/2176 2180/2180/2180 2178/2178/2178
f 2179/2179/2179 2177/2177/2177 2181/2181/2181
f 2180/2180/2180 2182/2182/2182 2178/2178/2178
f 2183/2183/2183 2179/2179/2179 2181/2181/2181
f 2180/2180/2180 2184/2184/2184 2182/2182/2182
f 2183/2183/2183 2181/2181/2181 2185/2185/2185
f 2184/2184/2184 2186/2186/2186 2182/2182/2182
f 2187/2187/2187 2183/2183/2183 2185/2185/2185
f 2184/2184/2184 2188/2188/2188 2186/2186/2186
f 2187/2187/2187 2185/2185/2185 2189/2189/2189
f 2188/2188/2188 2190/2190/2190 2186/2186/2186
f 2191/2191/2191 2187/2187/2187 2189/2189/2189
f 2188/2188/2188 2192/2192/2192 2190/2190/2190
f 2191/2191/2191 2189/2189/2189 2193/2193/2193
f 2192/2192/2192 2194/2194/2194 2190/2190/2190
f 2195/2195/2195 2191/2191/2191 2193/2193/2193
f 2192/2192/2192 2196/2196/2196 2194/2194/2194
f 2195/2195/2195 2193/2193/2193 2197/2197/2197
f 2196/2196/2196 2198/2198/2198 2194/2194/2194
f 2199/2199/2199 2195/2195/2195 2197/2197/2197
f 2196/2196/2196 2200/2200/2200 2198/2198/2198
f 2199/2199/2199 2197/2197/2197 2201/2201/2201
f 2200/2200/2200 2202/2202/2202 2198/2198/2198
f 2203/2203/2203 2199/2199/2199 2201/2201/2201
f 2200/2200/2200 2204/2204/2204 2202/2202/2202
f 2203/2203/2203 2201/2201/2201 2205/2205/2205
f 2204/2204/2204 2203/2203/2203 2205/2205/2205
f 2204/2204/2204 2205/2205/2205 2202/2202/2202
f 2206/2206/2206 2207/2207/2207 2208/2208/2208
f 2208/2208/2208 2207/2207/2207 2209/2209/2209
f 2210/2210/2210 2207/2207/2207 2206/2206/2206
f 2207/2207/2207 2210/2210/2210 2211/2211/2211
f 2207/2207/2207 2211/2211/2211 2209/2209/2209
f 2210/2210/2210 2212/2212/2212 2211/2211/2211
f 2210/2210/2210 2206/2206/2206 2213/2213/2213
f 2210/2210/2210 2214/2214/2214 2212/2212/2212
f 2213/2213/2213 2214/2214/2214 2210/2210/2210
f 2215/2215/2215 2213/2213/2213 2206/2206/2206
f 2216/2216/2216 2212/2212/2212 2214/2214/2214
f 2215/2215/2215 2217/2217/2217 2213/2213/2213
f 2213/2213/2213 2218/2218/2218 2214/2214/2214
f 2217/2217/2217 2218/2218/2218 2213/2213/2213
f 2219/2219/2219 2214/2214/2214 2218/2218/2218
f 2219/2219/2219 2216/2216/2216 2214/2214/2214
f 2217/2217/2217 2220/2220/2220 2218/2218/2218
f 2221/2221/2221 2219/2219/2219 2218/2218/2218
f 2221/2221/2221 2218/2218/2218 2220/2220/2220
f 2217/2217/2217 2215/2215/2215 2222/2222/2222
f 2219/2219/2219 2221/2221/2221 2223/2223/2223
f 2224/2224/2224 2220/2220/2220 2217/2217/2217
f 2217/2217/2217 2222/2222/2222 2224/2224/2224
f 2225/2225/2225 2216/2216/2216 2219/2219/2219
f 2219/2219/2219 2223/2223/2223 2225/2225/2225
f 2223/2223/2223 2226/2226/2226 2225/2225/2225
f 2223/2223/2223 2227/2227/2227 2226/2226/2226
f 2228/2228/2228 2225/2225/2225 2226/2226/2226
f 2227/2227/2227 2223/2223/2223 2229/2229/2229
f 2221/2221/2221 2229/2229/2229 2223/2223/2223
f 2227/2227/2227 2229/2229/2229 2230/2230/2230
f 2228/2228/2228 2231/2231/2231 2225/2225/2225
f 2225/2225/2225 2231/2231/2231 2216/2216/2216
f 2231/2231/2231 2228/2228/2228 2232/2232/2232
f 2233/2233/2233 2230/2230/2230 2229/2229/2229
f 2233/2233/2233 2234/2234/2234 2230/2230/2230
f 2221/2221/2221 2235/2235/2235 2229/2229/2229
f 2235/2235/2235 2233/2233/2233 2229/2229/2229
f 2235/2235/2235 2221/2221/2221 2220/2220/2220
f 2234/2234/2234 2233/2233/2233 2236/2236/2236
f 2234/2234/2234 2236/2236/2236 2237/2237/2237
f 2235/2235/2235 2238/2238/2238 2233/2233/2233
f 2236/2236/2236 2233/2233/2233 2238/2238/2238
f 2235/2235/2235 2220/2220/2220 2239/2239/2239
f 2238/2238/2238 2235/2235/2235 2239/2239/2239
f 2224/2224/2224 2239/2239/2239 2220/2220/2220
f 2240/2240/2240 2237/2237/2237 2236/2236/2236
f 2240/2240/2240 2241/2241/2241 2237/2237/2237
f 2236/2236/2236 2238/2238/2238 2242/2242/2242
f 2242/2242/2242 2240/2240/2240 2236/2236/2236
f 2238/2238/2238 2239/2239/2239 2243/2243/2243
f 2242/2242/2242 2238/2238/2238 2243/2243/2243
f 2244/2244/2244 2239/2239/2239 2224/2224/2224
f 2244/2244/2244 2243/2243/2243 2239/2239/2239
f 2245/2245/2245 2244/2244/2244 2224/2224/2224
f 2245/2245/2245 2224/2224/2224 2222/2222/2222
f 2244/2244/2244 2245/2245/2245 2246/2246/2246
f 2247/2247/2247 2243/2243/2243 2244/2244/2244
f 2244/2244/2244 2246/2246/2246 2247/2247/2247
f 2242/2242/2242 2243/2243/2243 2248/2248/2248
f 2247/2247/2247 2248/2248/2248 2243/2243/2243
f 2249/2249/2249 2242/2242/2242 2248/2248/2248
f 2242/2242/2242 2249/2249/2249 2240/2240/2240
f 2250/2250/2250 2248/2248/2248 2247/2247/2247
f 2241/2241/2241 2240/2240/2240 2251/2251/2251
f 2251/2251/2251 2240/2240/2240 2249/2249/2249
f 2241/2241/2241 2251/2251/2251 2252/2252/2252
f 2249/2249/2249 2248/2248/2248 2253/2253/2253
f 2250/2250/2250 2253/2253/2253 2248/2248/2248
f 2251/2251/2251 2249/2249/2249 2254/2254/2254
f 2254/2254/2254 2249/2249/2249 2253/2253/2253
f 2255/2255/2255 2252/2252/2252 2251/2251/2251
f 2254/2254/2254 2255/2255/2255 2251/2251/2251
f 2255/2255/2255 2256/2256/2256 2252/2252/2252
f 2256/2256/2256 2255/2255/2255 2257/2257/2257
f 2256/2256/2256 2257/2257/2257 2258/2258/2258
f 2254/2254/2254 2259/2259/2259 2255/2255/2255
f 2257/2257/2257 2255/2255/2255 2259/2259/2259
f 2254/2254/2254 2253/2253/2253 2260/2260/2260
f 2259/2259/2259 2254/2254/2254 2260/2260/2260
f 2261/2261/2261 2258/2258/2258 2257/2257/2257
f 2261/2261/2261 2262/2262/2262 2258/2258/2258
f 2257/2257/2257 2259/2259/2259 2263/2263/2263
f 2263/2263/2263 2261/2261/2261 2257/2257/2257
f 2259/2259/2259 2260/2260/2260 2264/2264/2264
f 2263/2263/2263 2259/2259/2259 2264/2264/2264
f 2265/2265/2265 2260/2260/2260 2253/2253/2253
f 2265/2265/2265 2253/2253/2253 2250/2250/2250
f 2266/2266/2266 2264/2264/2264 2260/2260/2260
f 2266/2266/2266 2260/2260/2260 2265/2265/2265
f 2263/2263/2263 2264/2264/2264 2267/2267/2267
f 2268/2268/2268 2264/2264/2264 2266/2266/2266
f 2268/2268/2268 2267/2267/2267 2264/2264/2264
f 2269/2269/2269 2263/2263/2263 2267/2267/2267
f 2263/2263/2263 2269/2269/2269 2261/2261/2261
f 2262/2262/2262 2261/2261/2261 2270/2270/2270
f 2270/2270/2270 2261/2261/2261 2269/2269/2269
f 2262/2262/2262 2270/2270/2270 2271/2271/2271
f 2272/2272/2272 2271/2271/2271 2270/2270/2270
f 2272/2272/2272 2273/2273/2273 2271/2271/2271
f 2270/2270/2270 2269/2269/2269 2274/2274/2274
f 2274/2274/2274 2272/2272/2272 2270/2270/2270
f 2269/2269/2269 2267/2267/2267 2275/2275/2275
f 2274/2274/2274 2269/2269/2269 2275/2275/2275
f 2276/2276/2276 2275/2275/2275 2267/2267/2267
f 2276/2276/2276 2267/2267/2267 2268/2268/2268
f 2273/2273/2273 2272/2272/2272 2277/2277/2277
f 2273/2273/2273 2277/2277/2277 2278/2278/2278
f 2274/2274/2274 2279/2279/2279 2272/2272/2272
f 2277/2277/2277 2272/2272/2272 2279/2279/2279
f 2274/2274/2274 2275/2275/2275 2280/2280/2280
f 2279/2279/2279 2274/2274/2274 2280/2280/2280
f 2281/2281/2281 2278/2278/2278 2277/2277/2277
f 2281/2281/2281 2282/2282/2282 2278/2278/2278
f 2277/2277/2277 2279/2279/2279 2283/2283/2283
f 2283/2283/2283 2281/2281/2281 2277/2277/2277
f 2279/2279/2279 2280/2280/2280 2284/2284/2284
f 2283/2283/2283 2279/2279/2279 2284/2284/2284
f 2285/2285/2285 2280/2280/2280 2275/2275/2275
f 2285/2285/2285 2275/2275/2275 2276/2276/2276
f 2286/2286/2286 2284/2284/2284 2280/2280/2280
f 2286/2286/2286 2280/2280/2280 2285/2285/2285
f 2283/2283/2283 2284/2284/2284 2287/2287/2287
f 2288/2288/2288 2284/2284/2284 2286/2286/2286
f 2288/2288/2288 2287/2287/2287 2284/2284/2284
f 2289/2289/2289 2283/2283/2283 2287/2287/2287
f 2283/2283/2283 2289/2289/2289 2281/2281/2281
f 2282/2282/2282 2281/2281/2281 2290/2290/2290
f 2290/2290/2290 2281/2281/2281 2289/2289/2289
f 2282/2282/2282 2290/2290/2290 2291/2291/2291
f 2292/2292/2292 2291/2291/2291 2290/2290/2290
f 2292/2292/2292 2293/2293/2293 2291/2291/2291
f 2290/2290/2290 2289/2289/2289 2294/2294/2294
f 2294/2294/2294 2292/2292/2292 2290/2290/2290
f 2289/2289/2289 2287/2287/2287 2295/2295/2295
f 2294/2294/2294 2289/2289/2289 2295/2295/2295
f 2296/2296/2296 2295/2295/2295 2287/2287/2287
f 2296/2296/2296 2287/2287/2287 2288/2288/2288
f 2293/2293/2293 2292/2292/2292 2297/2297/2297
f 2293/2293/2293 2297/2297/2297 2298/2298/2298
f 2294/2294/2294 2299/2299/2299 2292/2292/2292
f 2297/2297/2297 2292/2292/2292 2299/2299/2299
f 2294/2294/2294 2295/2295/2295 2300/2300/2300
f 2299/2299/2299 2294/2294/2294 2300/2300/2300
f 2301/2301/2301 2298/2298/2298 2297/2297/2297
f 2301/2301/2301 2302/2302/2302 2298/2298/2298
f 2297/2297/2297 2299/2299/2299 2303/2303/2303
f 2303/2303/2303 2301/2301/2301 2297/2297/2297
f 2299/2299/2299 2300/2300/2300 2304/2304/2304
f 2303/2303/2303 2299/2299/2299 2304/2304/2304
f 2305/2305/2305 2300/2300/2300 2295/2295/2295
f 2305/2305/2305 2295/2295/2295 2296/2296/2296
f 2306/2306/2306 2304/2304/2304 2300/2300/2300
f 2306/2306/2306 2300/2300/2300 2305/2305/2305
f 2303/2303/2303 2304/2304/2304 2307/2307/2307
f 2308/2308/2308 2304/2304/2304 2306/2306/2306
f 2308/2308/2308 2307/2307/2307 2304/2304/2304
f 2309/2309/2309 2303/2303/2303 2307/2307/2307
f 2303/2303/2303 2309/2309/2309 2301/2301/2301
f 2302/2302/2302 2301/2301/2301 2310/2310/2310
f 2310/2310/2310 2301/2301/2301 2309/2309/2309
f 2302/2302/2302 2310/2310/2310 2311/2311/2311
f 2312/2312/2312 2311/2311/2311 2310/2310/2310
f 2312/2312/2312 2313/2313/2313 2311/2311/2311
f 2310/2310/2310 2309/2309/2309 2314/2314/2314
f 2314/2314/2314 2312/2312/2312 2310/2310/2310
f 2309/2309/2309 2307/2307/2307 2315/2315/2315
f 2314/2314/2314 2309/2309/2309 2315/2315/2315
f 2316/2316/2316 2315/2315/2315 2307/2307/2307
f 2316/2316/2316 2307/2307/2307 2308/2308/2308
f 2313/2313/2313 2312/2312/2312 2317/2317/2317
f 2313/2313/2313 2317/2317/2317 2318/2318/2318
f 2314/2314/2314 2319/2319/2319 2312/2312/2312
f 2317/2317/2317 2312/2312/2312 2319/2319/2319
f 2314/2314/2314 2315/2315/2315 2320/2320/2320
f 2319/2319/2319 2314/2314/2314 2320/2320/2320
f 2321/2321/2321 2318/2318/2318 2317/2317/2317
f 2321/2321/2321 2322/2322/2322 2318/2318/2318
f 2317/2317/2317 2319/2319/2319 2323/2323/2323
f 2323/2323/2323 2321/2321/2321 2317/2317/2317
f 2319/2319/2319 2320/2320/2320 2324/2324/2324
f 2323/2323/2323 2319/2319/2319 2324/2324/2324
f 2325/2325/2325 2320/2320/2320 2315/2315/2315
f 2325/2325/2325 2315/2315/2315 2316/2316/2316
f 2326/2326/2326 2324/2324/2324 2320/2320/2320
f 2326/2326/2326 2320/2320/2320 2325/2325/2325
f 2323/2323/2323 2324/2324/2324 2327/2327/2327
f 2328/2328/2328 2324/2324/2324 2326/2326/2326
f 2328/2328/2328 2327/2327/2327 2324/2324/2324
f 2329/2329/2329 2323/2323/2323 2327/2327/2327
f 2323/2323/2323 2329/2329/2329 2321/2321/2321
f 2322/2322/2322 2321/2321/2321 2330/2330/2330
f 2330/2330/2330 2321/2321/2321 2329/2329/2329
f 2322/2322/2322 2330/2330/2330 2232/2232/2232
f 2231/2231/2231 2232/2232/2232 2330/2330/2330
f 2331/2331/2331 2231/2231/2231 2330/2330/2330
f 2330/2330/2330 2329/2329/2329 2331/2331/2331
f 2331/2331/2331 2216/2216/2216 2231/2231/2231
f 2216/2216/2216 2331/2331/2331 2212/2212/2212
f 2331/2331/2331 2329/2329/2329 2332/2332/2332
f 2331/2331/2331 2332/2332/2332 2212/2212/2212
f 2329/2329/2329 2327/2327/2327 2332/2332/2332
f 2211/2211/2211 2212/2212/2212 2332/2332/2332
f 2333/2333/2333 2332/2332/2332 2327/2327/2327
f 2211/2211/2211 2332/2332/2332 2333/2333/2333
f 2333/2333/2333 2327/2327/2327 2328/2328/2328
f 2333/2333/2333 2209/2209/2209 2211/2211/2211
f 2334/2334/2334 2333/2333/2333 2328/2328/2328
f 2333/2333/2333 2334/2334/2334 2209/2209/2209
f 2334/2334/2334 2328/2328/2328 2335/2335/2335
f 2326/2326/2326 2335/2335/2335 2328/2328/2328
f 2209/2209/2209 2334/2334/2334 2336/2336/2336
f 2336/2336/2336 2334/2334/2334 2335/2335/2335
f 2326/2326/2326 2337/2337/2337 2335/2335/2335
f 2337/2337/2337 2326/2326/2326 2325/2325/2325
f 2337/2337/2337 2325/2325/2325 2338/2338/2338
f 2316/2316/2316 2338/2338/2338 2325/2325/2325
f 2335/2335/2335 2337/2337/2337 2339/2339/2339
f 2339/2339/2339 2337/2337/2337 2338/2338/2338
f 2336/2336/2336 2335/2335/2335 2340/2340/2340
f 2335/2335/2335 2339/2339/2339 2340/2340/2340
f 2341/2341/2341 2336/2336/2336 2340/2340/2340
f 2339/2339/2339 2341/2341/2341 2340/2340/2340
f 2341/2341/2341 2342/2342/2342 2336/2336/2336
f 2339/2339/2339 2343/2343/2343 2341/2341/2341
f 2336/2336/2336 2342/2342/2342 2344/2344/2344
f 2345/2345/2345 2343/2343/2343 2339/2339/2339
f 2209/2209/2209 2336/2336/2336 2346/2346/2346
f 2336/2336/2336 2344/2344/2344 2346/2346/2346
f 2208/2208/2208 2209/2209/2209 2346/2346/2346
f 2344/2344/2344 2208/2208/2208 2346/2346/2346
f 2344/2344/2344 2347/2347/2347 2208/2208/2208
f 2208/2208/2208 2347/2347/2347 2348/2348/2348
f 2345/2345/2345 2339/2339/2339 2349/2349/2349
f 2339/2339/2339 2338/2338/2338 2349/2349/2349
f 2208/2208/2208 2348/2348/2348 2350/2350/2350
f 2206/2206/2206 2208/2208/2208 2350/2350/2350
f 2348/2348/2348 2351/2351/2351 2350/2350/2350
f 2351/2351/2351 2206/2206/2206 2350/2350/2350
f 2348/2348/2348 2352/2352/2352 2351/2351/2351
f 2351/2351/2351 2215/2215/2215 2206/2206/2206
f 2351/2351/2351 2352/2352/2352 2353/2353/2353
f 2222/2222/2222 2215/2215/2215 2351/2351/2351
f 2351/2351/2351 2353/2353/2353 2354/2354/2354
f 2222/2222/2222 2351/2351/2351 2354/2354/2354
f 2353/2353/2353 2355/2355/2355 2354/2354/2354
f 2355/2355/2355 2222/2222/2222 2354/2354/2354
f 2353/2353/2353 2356/2356/2356 2355/2355/2355
f 2355/2355/2355 2245/2245/2245 2222/2222/2222
f 2355/2355/2355 2356/2356/2356 2357/2357/2357
f 2246/2246/2246 2245/2245/2245 2355/2355/2355
f 2355/2355/2355 2357/2357/2357 2358/2358/2358
f 2246/2246/2246 2355/2355/2355 2358/2358/2358
f 2357/2357/2357 2359/2359/2359 2358/2358/2358
f 2359/2359/2359 2246/2246/2246 2358/2358/2358
f 2357/2357/2357 2360/2360/2360 2359/2359/2359
f 2359/2359/2359 2360/2360/2360 2361/2361/2361
f 2359/2359/2359 2362/2362/2362 2246/2246/2246
f 2362/2362/2362 2247/2247/2247 2246/2246/2246
f 2362/2362/2362 2250/2250/2250 2247/2247/2247
f 2250/2250/2250 2362/2362/2362 2363/2363/2363
f 2363/2363/2363 2362/2362/2362 2359/2359/2359
f 2250/2250/2250 2363/2363/2363 2265/2265/2265
f 2359/2359/2359 2361/2361/2361 2364/2364/2364
f 2363/2363/2363 2359/2359/2359 2364/2364/2364
f 2361/2361/2361 2365/2365/2365 2364/2364/2364
f 2365/2365/2365 2363/2363/2363 2364/2364/2364
f 2361/2361/2361 2366/2366/2366 2365/2365/2365
f 2367/2367/2367 2265/2265/2265 2363/2363/2363
f 2365/2365/2365 2367/2367/2367 2363/2363/2363
f 2367/2367/2367 2266/2266/2266 2265/2265/2265
f 2365/2365/2365 2366/2366/2366 2368/2368/2368
f 2266/2266/2266 2367/2367/2367 2369/2369/2369
f 2369/2369/2369 2367/2367/2367 2365/2365/2365
f 2266/2266/2266 2369/2369/2369 2268/2268/2268
f 2365/2365/2365 2368/2368/2368 2370/2370/2370
f 2369/2369/2369 2365/2365/2365 2370/2370/2370
f 2368/2368/2368 2371/2371/2371 2370/2370/2370
f 2371/2371/2371 2369/2369/2369 2370/2370/2370
f 2368/2368/2368 2372/2372/2372 2371/2371/2371
f 2373/2373/2373 2268/2268/2268 2369/2369/2369
f 2371/2371/2371 2373/2373/2373 2369/2369/2369
f 2373/2373/2373 2276/2276/2276 2268/2268/2268
f 2371/2371/2371 2372/2372/2372 2374/2374/2374
f 2276/2276/2276 2373/2373/2373 2375/2375/2375
f 2375/2375/2375 2373/2373/2373 2371/2371/2371
f 2276/2276/2276 2375/2375/2375 2285/2285/2285
f 2371/2371/2371 2374/2374/2374 2376/2376/2376
f 2375/2375/2375 2371/2371/2371 2376/2376/2376
f 2374/2374/2374 2377/2377/2377 2376/2376/2376
f 2377/2377/2377 2375/2375/2375 2376/2376/2376
f 2374/2374/2374 2378/2378/2378 2377/2377/2377
f 2379/2379/2379 2285/2285/2285 2375/2375/2375
f 2377/2377/2377 2379/2379/2379 2375/2375/2375
f 2379/2379/2379 2286/2286/2286 2285/2285/2285
f 2377/2377/2377 2378/2378/2378 2380/2380/2380
f 2286/2286/2286 2379/2379/2379 2381/2381/2381
f 2381/2381/2381 2379/2379/2379 2377/2377/2377
f 2286/2286/2286 2381/2381/2381 2288/2288/2288
f 2377/2377/2377 2380/2380/2380 2382/2382/2382
f 2381/2381/2381 2377/2377/2377 2382/2382/2382
f 2380/2380/2380 2383/2383/2383 2382/2382/2382
f 2383/2383/2383 2381/2381/2381 2382/2382/2382
f 2380/2380/2380 2384/2384/2384 2383/2383/2383
f 2385/2385/2385 2288/2288/2288 2381/2381/2381
f 2383/2383/2383 2385/2385/2385 2381/2381/2381
f 2385/2385/2385 2296/2296/2296 2288/2288/2288
f 2383/2383/2383 2384/2384/2384 2386/2386/2386
f 2296/2296/2296 2385/2385/2385 2387/2387/2387
f 2387/2387/2387 2385/2385/2385 2383/2383/2383
f 2296/2296/2296 2387/2387/2387 2305/2305/2305
f 2383/2383/2383 2386/2386/2386 2388/2388/2388
f 2387/2387/2387 2383/2383/2383 2388/2388/2388
f 2386/2386/2386 2389/2389/2389 2388/2388/2388
f 2389/2389/2389 2387/2387/2387 2388/2388/2388
f 2386/2386/2386 2390/2390/2390 2389/2389/2389
f 2391/2391/2391 2305/2305/2305 2387/2387/2387
f 2389/2389/2389 2391/2391/2391 2387/2387/2387
f 2391/2391/2391 2306/2306/2306 2305/2305/2305
f 2389/2389/2389 2390/2390/2390 2392/2392/2392
f 2306/2306/2306 2391/2391/2391 2393/2393/2393
f 2393/2393/2393 2391/2391/2391 2389/2389/2389
f 2306/2306/2306 2393/2393/2393 2308/2308/2308
f 2389/2389/2389 2392/2392/2392 2394/2394/2394
f 2393/2393/2393 2389/2389/2389 2394/2394/2394
f 2392/2392/2392 2395/2395/2395 2394/2394/2394
f 2395/2395/2395 2393/2393/2393 2394/2394/2394
f 2392/2392/2392 2396/2396/2396 2395/2395/2395
f 2397/2397/2397 2308/2308/2308 2393/2393/2393
f 2395/2395/2395 2397/2397/2397 2393/2393/2393
f 2397/2397/2397 2316/2316/2316 2308/2308/2308
f 2395/2395/2395 2396/2396/2396 2345/2345/2345
f 2316/2316/2316 2397/2397/2397 2338/2338/2338
f 2338/2338/2338 2397/2397/2397 2395/2395/2395
f 2338/2338/2338 2395/2395/2395 2349/2349/2349
f 2395/2395/2395 2345/2345/2345 2349/2349/2349
f 2398/2398/2398 2399/2399/2399 2400/2400/2400
f 2398/2398/2398 2400/2400/2400 2401/2401/2401
f 2399/2399/2399 2402/2402/2402 2400/2400/2400
f 2403/2403/2403 2398/2398/2398 2401/2401/2401
f 2399/2399/2399 2404/2404/2404 2402/2402/2402
f 2403/2403/2403 2401/2401/2401 2405/2405/2405
f 2404/2404/2404 2406/2406/2406 2402/2402/2402
f 2407/2407/2407 2403/2403/2403 2405/2405/2405
f 2404/2404/2404 2408/2408/2408 2406/2406/2406
f 2407/2407/2407 2405/2405/2405 2409/2409/2409
f 2408/2408/2408 2410/2410/2410 2406/2406/2406
f 2411/2411/2411 2407/2407/2407 2409/2409/2409
f 2408/2408/2408 2412/2412/2412 2410/2410/2410
f 2411/2411/2411 2409/2409/2409 2413/2413/2413
f 2412/2412/2412 2414/2414/2414 2410/2410/2410
f 2415/2415/2415 2411/2411/2411 2413/2413/2413
f 2412/2412/2412 2416/2416/2416 2414/2414/2414
f 2415/2415/2415 2413/2413/2413 2417/2417/2417
f 2416/2416/2416 2418/2418/2418 2414/2414/2414
f 2419/2419/2419 2415/2415/2415 2417/2417/2417
f 2416/2416/2416 2420/2420/2420 2418/2418/2418
f 2419/2419/2419 2417/2417/2417 2421/2421/2421
f 2420/2420/2420 2422/2422/2422 2418/2418/2418
f 2423/2423/2423 2419/2419/2419 2421/2421/2421
f 2420/2420/2420 2424/2424/2424 2422/2422/2422
f 2423/2423/2423 2421/2421/2421 2425/2425/2425
f 2424/2424/2424 2426/2426/2426 2422/2422/2422
f 2427/2427/2427 2423/2423/2423 2425/2425/2425
f 2424/2424/2424 2428/2428/2428 2426/2426/2426
f 2427/2427/2427 2425/2425/2425 2429/2429/2429
f 2428/2428/2428 2430/2430/2430 2426/2426/2426
f 2431/2431/2431 2427/2427/2427 2429/2429/2429
f 2428/2428/2428 2432/2432/2432 2430/2430/2430
f 2431/2431/2431 2429/2429/2429 2433/2433/2433
f 2432/2432/2432 2434/2434/2434 2430/2430/2430
f 2435/2435/2435 2431/2431/2431 2433/2433/2433
f 2432/2432/2432 2436/2436/2436 2434/2434/2434
f 2435/2435/2435 2433/2433/2433 2437/2437/2437
f 2436/2436/2436 2438/2438/2438 2434/2434/2434
f 2439/2439/2439 2435/2435/2435 2437/2437/2437
f 2436/2436/2436 2440/2440/2440 2438/2438/2438
f 2439/2439/2439 2437/2437/2437 2441/2441/2441
f 2440/2440/2440 2442/2442/2442 2438/2438/2438
f 2443/2443/2443 2439/2439/2439 2441/2441/2441
f 2440/2440/2440 2444/2444/2444 2442/2442/2442
f 2443/2443/2443 2441/2441/2441 2445/2445/2445
f 2444/2444/2444 2443/2443/2443 2445/2445/2445
f 2444/2444/2444 2445/2445/2445 2442/2442/2442
f 2446/2446/2446 2447/2447/2447 2448/2448/2448
f 2449/2449/2449 2447/2447/2447 2446/2446/2446
f 2448/2448/2448 2447/2447/2447 2450/2450/2450
f 2451/2451/2451 2447/2447/2447 2449/2449/2449
f 2450/2450/2450 2447/2447/2447 2452/2452/2452
f 2453/2453/2453 2447/2447/2447 2451/2451/2451
f 2452/2452/2452 2447/2447/2447 2454/2454/2454
f 2455/2455/2455 2447/2447/2447 2453/2453/2453
f 2454/2454/2454 2447/2447/2447 2456/2456/2456
f 2457/2457/2457 2447/2447/2447 2455/2455/2455
f 2456/2456/2456 2447/2447/2447 2458/2458/2458
f 2459/2459/2459 2447/2447/2447 2457/2457/2457
f 2458/2458/2458 2447/2447/2447 2460/2460/2460
f 2461/2461/2461 2447/2447/2447 2459/2459/2459
f 2460/2460/2460 2447/2447/2447 2462/2462/2462
f 2463/2463/2463 2447/2447/2447 2461/2461/2461
f 2462/2462/2462 2447/2447/2447 2464/2464/2464
f 2465/2465/2465 2447/2447/2447 2463/2463/2463
f 2466/2466/2466 2447/2447/2447 2465/2465/2465
f 2464/2464/2464 2447/2447/2447 2467/2467/2467
f 2468/2468/2468 2447/2447/2447 2466/2466/2466
f 2467/2467/2467 2447/2447/2447 2469/2469/2469
f 2470/2470/2470 2447/2447/2447 2468/2468/2468
f 2469/2469/2469 2447/2447/2447 2470/2470/2470
f 2471/2471/2471 2472/2472/2472 2473/2473/2473
f 2471/2471/2471 2473/2473/2473 2474/2474/2474
f 2472/2472/2472 2475/2475/2475 2473/2473/2473
f 2476/2476/2476 2471/2471/2471 2474/2474/2474
f 2472/2472/2472 2477/2477/2477 2475/2475/2475
f 2476/2476/2476 2474/2474/2474 2478/2478/2478
f 2477/2477/2477 2479/2479/2479 2475/2475/2475
f 2480/2480/2480 2476/2476/2476 2478/2478/2478
f 2477/2477/2477 2481/2481/2481 2479/2479/2479
f 2480/2480/2480 2478/2478/2478 2482/2482/2482
f 2481/2481/2481 2483/2483/2483 2479/2479/2479
f 2484/2484/2484 2480/2480/2480 2482/2482/2482
f 2481/2481/2481 2485/2485/2485 2483/2483/2483
f 2484/2484/2484 2482/2482/2482 2486/2486/2486
f 2485/2485/2485 2487/2487/2487 2483/2483/2483
f 2488/2488/2488 2484/2484/2484 2486/2486/2486
f 2485/2485/2485 2489/2489/2489 2487/2487/2487
f 2488/2488/2488 2486/2486/2486 2490/2490/2490
f 2489/2489/2489 2491/2491/2491 2487/2487/2487
f 2492/2492/2492 2488/2488/2488 2490/2490/2490
f 2489/2489/2489 2493/2493/2493 2491/2491/2491
f 2492/2492/2492 2490/2490/2490 2494/2494/2494
f 2493/2493/2493 2495/2495/2495 2491/2491/2491
f 2496/2496/2496 2492/2492/2492 2494/2494/2494
f 2493/2493/2493 2497/2497/2497 2495/2495/2495
f 2496/2496/2496 2494/2494/2494 2498/2498/2498
f 2497/2497/2497 2499/2499/2499 2495/2495/2495
f 2500/2500/2500 2496/2496/2496 2498/2498/2498
f 2497/2497/2497 2501/2501/2501 2499/2499/2499
f 2500/2500/2500 2498/2498/2498 2502/2502/2502
f 2501/2501/2501 2503/2503/2503 2499/2499/2499
f 2504/2504/2504 2500/2500/2500 2502/2502/2502
f 2501/2501/2501 2505/2505/2505 2503/2503/2503
f 2504/2504/2504 2502/2502/2502 2506/2506/2506
f 2505/2505/2505 2507/2507/2507 2503/2503/2503
f 2508/2508/2508 2504/2504/2504 2506/2506/2506
f 2505/2505/2505 2509/2509/2509 2507/2507/2507
f 2508/2508/2508 2506/2506/2506 2510/2510/2510
f 2509/2509/2509 2511/2511/2511 2507/2507/2507
f 2512/2512/2512 2508/2508/2508 2510/2510/2510
f 2509/2509/2509 2513/2513/2513 2511/2511/2511
f 2512/2512/2512 2510/2510/2510 2514/2514/2514
f 2513/2513/2513 2515/2515/2515 2511/2511/2511
f 2516/2516/2516 2512/2512/2512 2514/2514/2514
f 2513/2513/2513 2517/2517/2517 2515/2515/2515
f 2516/2516/2516 2514/2514/2514 2518/2518/2518
f 2517/2517/2517 2516/2516/2516 2518/2518/2518
f 2517/2517/2517 2518/2518/2518 2515/2515/2515
f 2519/2519/2519 2520/2520/2520 2521/2521/2521
f 2521/2521/2521 2520/2520/2520 2522/2522/2522
f 2523/2523/2523 2520/2520/2520 2519/2519/2519
f 2520/2520/2520 2523/2523/2523 2524/2524/2524
f 2520/2520/2520 2524/2524/2524 2522/2522/2522
f 2523/2523/2523 2525/2525/2525 2524/2524/2524
f 2523/2523/2523 2519/2519/2519 2526/2526/2526
f 2523/2523/2523 2527/2527/2527 2525/2525/2525
f 2526/2526/2526 2527/2527/2527 2523/2523/2523
f 2528/2528/2528 2526/2526/2526 2519/2519/2519
f 2529/2529/2529 2525/2525/2525 2527/2527/2527
f 2528/2528/2528 2530/2530/2530 2526/2526/2526
f 2526/2526/2526 2531/2531/2531 2527/2527/2527
f 2530/2530/2530 2531/2531/2531 2526/2526/2526
f 2532/2532/2532 2527/2527/2527 2531/2531/2531
f 2532/2532/2532 2529/2529/2529 2527/2527/2527
f 2530/2530/2530 2533/2533/2533 2531/2531/2531
f 2534/2534/2534 2532/2532/2532 2531/2531/2531
f 2534/2534/2534 2531/2531/2531 2533/2533/2533
f 2530/2530/2530 2528/2528/2528 2535/2535/2535
f 2532/2532/2532 2534/2534/2534 2536/2536/2536
f 2537/2537/2537 2533/2533/2533 2530/2530/2530
f 2530/2530/2530 2535/2535/2535 2537/2537/2537
f 2538/2538/2538 2529/2529/2529 2532/2532/2532
f 2532/2532/2532 2536/2536/2536 2538/2538/2538
f 2536/2536/2536 2539/2539/2539 2538/2538/2538
f 2536/2536/2536 2540/2540/2540 2539/2539/2539
f 2541/2541/2541 2538/2538/2538 2539/2539/2539
f 2540/2540/2540 2536/2536/2536 2542/2542/2542
f 2534/2534/2534 2542/2542/2542 2536/2536/2536
f 2540/2540/2540 2542/2542/2542 2543/2543/2543
f 2541/2541/2541 2544/2544/2544 2538/2538/2538
f 2538/2538/2538 2544/2544/2544 2529/2529/2529
f 2544/2544/2544 2541/2541/2541 2545/2545/2545
f 2546/2546/2546 2543/2543/2543 2542/2542/2542
f 2546/2546/2546 2547/2547/2547 2543/2543/2543
f 2534/2534/2534 2548/2548/2548 2542/2542/2542
f 2548/2548/2548 2546/2546/2546 2542/2542/2542
f 2548/2548/2548 2534/2534/2534 2533/2533/2533
f 2547/2547/2547 2546/2546/2546 2549/2549/2549
f 2547/2547/2547 2549/2549/2549 2550/2550/2550
f 2548/2548/2548 2551/2551/2551 2546/2546/2546
f 2549/2549/2549 2546/2546/2546 2551/2551/2551
f 2548/2548/2548 2533/2533/2533 2552/2552/2552
f 2551/2551/2551 2548/2548/2548 2552/2552/2552
f 2537/2537/2537 2552/2552/2552 2533/2533/2533
f 2553/2553/2553 2550/2550/2550 2549/2549/2549
f 2553/2553/2553 2554/2554/2554 2550/2550/2550
f 2549/2549/2549 2551/2551/2551 2555/2555/2555
f 2555/2555/2555 2553/2553/2553 2549/2549/2549
f 2551/2551/2551 2552/2552/2552 2556/2556/2556
f 2555/2555/2555 2551/2551/2551 2556/2556/2556
f 2557/2557/2557 2552/2552/2552 2537/2537/2537
f 2557/2557/2557 2556/2556/2556 2552/2552/2552
f 2558/2558/2558 2557/2557/2557 2537/2537/2537
f 2558/2558/2558 2537/2537/2537 2535/2535/2535
f 2557/2557/2557 2558/2558/2558 2559/2559/2559
f 2560/2560/2560 2556/2556/2556 2557/2557/2557
f 2557/2557/2557 2559/2559/2559 2560/2560/2560
f 2555/2555/2555 2556/2556/2556 2561/2561/2561
f 2560/2560/2560 2561/2561/2561 2556/2556/2556
f 2562/2562/2562 2555/2555/2555 2561/2561/2561
f 2555/2555/2555 2562/2562/2562 2553/2553/2553
f 2563/2563/2563 2561/2561/2561 2560/2560/2560
f 2554/2554/2554 2553/2553/2553 2564/2564/2564
f 2564/2564/2564 2553/2553/2553 2562/2562/2562
f 2554/2554/2554 2564/2564/2564 2565/2565/2565
f 2562/2562/2562 2561/2561/2561 2566/2566/2566
f 2563/2563/2563 2566/2566/2566 2561/2561/2561
f 2564/2564/2564 2562/2562/2562 2567/2567/2567
f 2567/2567/2567 2562/2562/2562 2566/2566/2566
f 2568/2568/2568 2565/2565/2565 2564/2564/2564
f 2567/2567/2567 2568/2568/2568 2564/2564/2564
f 2568/2568/2568 2569/2569/2569 2565/2565/2565
f 2569/2569/2569 2568/2568/2568 2570/2570/2570
f 2569/2569/2569 2570/2570/2570 2571/2571/2571
f 2567/2567/2567 2572/2572/2572 2568/2568/2568
f 2570/2570/2570 2568/2568/2568 2572/2572/2572
f 2567/2567/2567 2566/2566/2566 2573/2573/2573
f 2572/2572/2572 2567/2567/2567 2573/2573/2573
f 2574/2574/2574 2571/2571/2571 2570/2570/2570
f 2574/2574/2574 2575/2575/2575 2571/2571/2571
f 2570/2570/2570 2572/2572/2572 2576/2576/2576
f 2576/2576/2576 2574/2574/2574 2570/2570/2570
f 2572/2572/2572 2573/2573/2573 2577/2577/2577
f 2576/2576/2576 2572/2572/2572 2577/2577/2577
f 2578/2578/2578 2573/2573/2573 2566/2566/2566
f 2578/2578/2578 2566/2566/2566 2563/2563/2563
f 2579/2579/2579 2577/2577/2577 2573/2573/2573
f 2579/2579/2579 2573/2573/2573 2578/2578/2578
f 2576/2576/2576 2577/2577/2577 2580/2580/2580
f 2581/2581/2581 2577/2577/2577 2579/2579/2579
f 2581/2581/2581 2580/2580/2580 2577/2577/2577
f 2582/2582/2582 2576/2576/2576 2580/2580/2580
f 2576/2576/2576 2582/2582/2582 2574/2574/2574
f 2575/2575/2575 2574/2574/2574 2583/2583/2583
f 2583/2583/2583 2574/2574/2574 2582/2582/2582
f 2575/2575/2575 2583/2583/2583 2584/2584/2584
f 2585/2585/2585 2584/2584/2584 2583/2583/2583
f 2585/2585/2585 2586/2586/2586 2584/2584/2584
f 2583/2583/2583 2582/2582/2582 2587/2587/2587
f 2587/2587/2587 2585/2585/2585 2583/2583/2583
f 2582/2582/2582 2580/2580/2580 2588/2588/2588
f 2587/2587/2587 2582/2582/2582 2588/2588/2588
f 2589/2589/2589 2588/2588/2588 2580/2580/2580
f 2589/2589/2589 2580/2580/2580 2581/2581/2581
f 2586/2586/2586 2585/2585/2585 2590/2590/2590
f 2586/2586/2586 2590/2590/2590 2591/2591/2591
f 2587/2587/2587 2592/2592/2592 2585/2585/2585
f 2590/2590/2590 2585/2585/2585 2592/2592/2592
f 2587/2587/2587 2588/2588/2588 2593/2593/2593
f 2592/2592/2592 2587/2587/2587 2593/2593/2593
f 2594/2594/2594 2591/2591/2591 2590/2590/2590
f 2594/2594/2594 2595/2595/2595 2591/2591/2591
f 2590/2590/2590 2592/2592/2592 2596/2596/2596
f 2596/2596/2596 2594/2594/2594 2590/2590/2590
f 2592/2592/2592 2593/2593/2593 2597/2597/2597
f 2596/2596/2596 2592/2592/2592 2597/2597/2597
f 2598/2598/2598 2593/2593/2593 2588/2588/2588
f 2598/2598/2598 2588/2588/2588 2589/2589/2589
f 2599/2599/2599 2597/2597/2597 2593/2593/2593
f 2599/2599/2599 2593/2593/2593 2598/2598/2598
f 2596/2596/2596 2597/2597/2597 2600/2600/2600
f 2601/2601/2601 2597/2597/2597 2599/2599/2599
f 2601/2601/2601 2600/2600/2600 2597/2597/2597
f 2602/2602/2602 2596/2596/2596 2600/2600/2600
f 2596/2596/2596 2602/2602/2602 2594/2594/2594
f 2595/2595/2595 2594/2594/2594 2603/2603/2603
f 2603/2603/2603 2594/2594/2594 2602/2602/2602
f 2595/2595/2595 2603/2603/2603 2604/2604/2604
f 2605/2605/2605 2604/2604/2604 2603/2603/2603
f 2605/2605/2605 2606/2606/2606 2604/2604/2604
f 2603/2603/2603 2602/2602/2602 2607/2607/2607
f 2607/2607/2607 2605/2605/2605 2603/2603/2603
f 2602/2602/2602 2600/2600/2600 2608/2608/2608
f 2607/2607/2607 2602/2602/2602 2608/2608/2608
f 2609/2609/2609 2608/2608/2608 2600/2600/2600
f 2609/2609/2609 2600/2600/2600 2601/2601/2601
f 2606/2606/2606 2605/2605/2605 2610/2610/2610
f 2606/2606/2606 2610/2610/2610 2611/2611/2611
f 2607/2607/2607 2612/2612/2612 2605/2605/2605
f 2610/2610/2610 2605/2605/2605 2612/2612/2612
f 2607/2607/2607 2608/2608/2608 2613/2613/2613
f 2612/2612/2612 2607/2607/2607 2613/2613/2613
f 2614/2614/2614 2611/2611/2611 2610/2610/2610
f 2614/2614/2614 2615/2615/2615 2611/2611/2611
f 2610/2610/2610 2612/2612/2612 2616/2616/2616
f 2616/2616/2616 2614/2614/2614 2610/2610/2610
f 2612/2612/2612 2613/2613/2613 2617/2617/2617
f 2616/2616/2616 2612/2612/2612 2617/2617/2617
f 2618/2618/2618 2613/2613/2613 2608/2608/2608
f 2618/2618/2618 2608/2608/2608 2609/2609/2609
f 2619/2619/2619 2617/2617/2617 2613/2613/2613
f 2619/2619/2619 2613/2613/2613 2618/2618/2618
f 2616/2616/2616 2617/2617/2617 2620/2620/2620
f 2621/2621/2621 2617/2617/2617 2619/2619/2619
f 2621/2621/2621 2620/2620/2620 2617/2617/2617
f 2622/2622/2622 2616/2616/2616 2620/2620/2620
f 2616/2616/2616 2622/2622/2622 2614/2614/2614
f 2615/2615/2615 2614/2614/2614 2623/2623/2623
f 2623/2623/2623 2614/2614/2614 2622/2622/2622
f 2615/2615/2615 2623/2623/2623 2624/2624/2624
f 2625/2625/2625 2624/2624/2624 2623/2623/2623
f 2625/2625/2625 2626/2626/2626 2624/2624/2624
f 2623/2623/2623 2622/2622/2622 2627/2627/2627
f 2627/2627/2627 2625/2625/2625 2623/2623/2623
f 2622/2622/2622 2620/2620/2620 2628/2628/2628
f 2627/2627/2627 2622/2622/2622 2628/2628/2628
f 2629/2629/2629 2628/2628/2628 2620/2620/2620
f 2629/2629/2629 2620/2620/2620 2621/2621/2621
f 2626/2626/2626 2625/2625/2625 2630/2630/2630
f 2626/2626/2626 2630/2630/2630 2631/2631/2631
f 2627/2627/2627 2632/2632/2632 2625/2625/2625
f 2630/2630/2630 2625/2625/2625 2632/2632/2632
f 2627/2627/2627 2628/2628/2628 2633/2633/2633
f 2632/2632/2632 2627/2627/2627 2633/2633/2633
f 2634/2634/2634 2631/2631/2631 2630/2630/2630
f 2634/2634/2634 2635/2635/2635 2631/2631/2631
f 2630/2630/2630 2632/2632/2632 2636/2636/2636
f 2636/2636/2636 2634/2634/2634 2630/2630/2630
f 2632/2632/2632 2633/2633/2633 2637/2637/2637
f 2636/2636/2636 2632/2632/2632 2637/2637/2637
f 2638/2638/2638 2633/2633/2633 2628/2628/2628
f 2638/2638/2638 2628/2628/2628 2629/2629/2629
f 2639/2639/2639 2637/2637/2637 2633/2633/2633
f 2639/2639/2639 2633/2633/2633 2638/2638/2638
f 2636/2636/2636 2637/2637/2637 2640/2640/2640
f 2641/2641/2641 2637/2637/2637 2639/2639/2639
f 2641/2641/2641 2640/2640/2640 2637/2637/2637
f 2642/2642/2642 2636/2636/2636 2640/2640/2640
f 2636/2636/2636 2642/2642/2642 2634/2634/2634
f 2635/2635/2635 2634/2634/2634 2643/2643/2643
f 2643/2643/2643 2634/2634/2634 2642/2642/2642
f 2635/2635/2635 2643/2643/2643 2545/2545/2545
f 2544/2544/2544 2545/2545/2545 2643/2643/2643
f 2644/2644/2644 2544/2544/2544 2643/2643/2643
f 2643/2643/2643 2642/2642/2642 2644/2644/2644
f 2644/2644/2644 2529/2529/2529 2544/2544/2544
f 2529/2529/2529 2644/2644/2644 2525/2525/2525
f 2644/2644/2644 2642/2642/2642 2645/2645/2645
f 2644/2644/2644 2645/2645/2645 2525/2525/2525
f 2642/2642/2642 2640/2640/2640 2645/2645/2645
f 2524/2524/2524 2525/2525/2525 2645/2645/2645
f 2646/2646/2646 2645/2645/2645 2640/2640/2640
f 2524/2524/2524 2645/2645/2645 2646/2646/2646
f 2646/2646/2646 2640/2640/2640 2641/2641/2641
f 2646/2646/2646 2522/2522/2522 2524/2524/2524
f 2647/2647/2647 2646/2646/2646 2641/2641/2641
f 2646/2646/2646 2647/2647/2647 2522/2522/2522
f 2647/2647/2647 2641/2641/2641 2648/2648/2648
f 2639/2639/2639 2648/2648/2648 2641/2641/2641
f 2522/2522/2522 2647/2647/2647 2649/2649/2649
f 2649/2649/2649 2647/2647/2647 2648/2648/2648
f 2639/2639/2639 2650/2650/2650 2648/2648/2648
f 2650/2650/2650 2639/2639/2639 2638/2638/2638
f 2650/2650/2650 2638/2638/2638 2651/2651/2651
f 2629/2629/2629 2651/2651/2651 2638/2638/2638
f 2648/2648/2648 2650/2650/2650 2652/2652/2652
f 2652/2652/2652 2650/2650/2650 2651/2651/2651
f 2649/2649/2649 2648/2648/2648 2653/2653/2653
f 2648/2648/2648 2652/2652/2652 2653/2653/2653
f 2654/2654/2654 2649/2649/2649 2653/2653/2653
f 2652/2652/2652 2654/2654/2654 2653/2653/2653
f 2654/2654/2654 2655/2655/2655 2649/2649/2649
f 2652/2652/2652 2656/2656/2656 2654/2654/2654
f 2649/2649/2649 2655/2655/2655 2657/2657/2657
f 2658/2658/2658 2656/2656/2656 2652/2652/2652
f 2522/2522/2522 2649/2649/2649 2659/2659/2659
f 2649/2649/2649 2657/2657/2657 2659/2659/2659
f 2521/2521/2521 2522/2522/2522 2659/2659/2659
f 2657/2657/2657 2521/2521/2521 2659/2659/2659
f 2657/2657/2657 2660/2660/2660 2521/2521/2521
f 2521/2521/2521 2660/2660/2660 2661/2661/2661
f 2658/2658/2658 2652/2652/2652 2662/2662/2662
f 2652/2652/2652 2651/2651/2651 2662/2662/2662
f 2521/2521/2521 2661/2661/2661 2663/2663/2663
f 2519/2519/2519 2521/2521/2521 2663/2663/2663
f 2661/2661/2661 2664/2664/2664 2663/2663/2663
f 2664/2664/2664 2519/2519/2519 2663/2663/2663
f 2661/2661/2661 2665/2665/2665 2664/2664/2664
f 2664/2664/2664 2528/2528/2528 2519/2519/2519
f 2664/2664/2664 2665/2665/2665 2666/2666/2666
f 2535/2535/2535 2528/2528/2528 2664/2664/2664
f 2664/2664/2664 2666/2666/2666 2667/2667/2667
f 2535/2535/2535 2664/2664/2664 2667/2667/2667
f 2666/2666/2666 2668/2668/2668 2667/2667/2667
f 2668/2668/2668 2535/2535/2535 2667/2667/2667
f 2666/2666/2666 2669/2669/2669 2668/2668/2668
f 2668/2668/2668 2558/2558/2558 2535/2535/2535
f 2668/2668/2668 2669/2669/2669 2670/2670/2670
f 2559/2559/2559 2558/2558/2558 2668/2668/2668
f 2668/2668/2668 2670/2670/2670 2671/2671/2671
f 2559/2559/2559 2668/2668/2668 2671/2671/2671
f 2670/2670/2670 2672/2672/2672 2671/2671/2671
f 2672/2672/2672 2559/2559/2559 2671/2671/2671
f 2670/2670/2670 2673/2673/2673 2672/2672/2672
f 2672/2672/2672 2673/2673/2673 2674/2674/2674
f 2672/2672/2672 2675/2675/2675 2559/2559/2559
f 2675/2675/2675 2560/2560/2560 2559/2559/2559
f 2675/2675/2675 2563/2563/2563 2560/2560/2560
f 2563/2563/2563 2675/2675/2675 2676/2676/2676
f 2676/2676/2676 2675/2675/2675 2672/2672/2672
f 2563/2563/2563 2676/2676/2676 2578/2578/2578
f 2672/2672/2672 2674/2674/2674 2677/2677/2677
f 2676/2676/2676 2672/2672/2672 2677/2677/2677
f 2674/2674/2674 2678/2678/2678 2677/2677/2677
f 2678/2678/2678 2676/2676/2676 2677/2677/2677
f 2674/2674/2674 2679/2679/2679 2678/2678/2678
f 2680/2680/2680 2578/2578/2578 2676/2676/2676
f 2678/2678/2678 2680/2680/2680 2676/2676/2676
f 2680/2680/2680 2579/2579/2579 2578/2578/2578
f 2678/2678/2678 2679/2679/2679 2681/2681/2681
f 2579/2579/2579 2680/2680/2680 2682/2682/2682
f 2682/2682/2682 2680/2680/2680 2678/2678/2678
f 2579/2579/2579 2682/2682/2682 2581/2581/2581
f 2678/2678/2678 2681/2681/2681 2683/2683/2683
f 2682/2682/2682 2678/2678/2678 2683/2683/2683
f 2681/2681/2681 2684/2684/2684 2683/2683/2683
f 2684/2684/2684 2682/2682/2682 2683/2683/2683
f 2681/2681/2681 2685/2685/2685 2684/2684/2684
f 2686/2686/2686 2581/2581/2581 2682/2682/2682
f 2684/2684/2684 2686/2686/2686 2682/2682/2682
f 2686/2686/2686 2589/2589/2589 2581/2581/2581
f 2684/2684/2684 2685/2685/2685 2687/2687/2687
f 2589/2589/2589 2686/2686/2686 2688/2688/2688
f 2688/2688/2688 2686/2686/2686 2684/2684/2684
f 2589/2589/2589 2688/2688/2688 2598/2598/2598
f 2684/2684/2684 2687/2687/2687 2689/2689/2689
f 2688/2688/2688 2684/2684/2684 2689/2689/2689
f 2687/2687/2687 2690/2690/2690 2689/2689/2689
f 2690/2690/2690 2688/2688/2688 2689/2689/2689
f 2687/2687/2687 2691/2691/2691 2690/2690/2690
f 2692/2692/2692 2598/2598/2598 2688/2688/2688
f 2690/2690/2690 2692/2692/2692 2688/2688/2688
f 2692/2692/2692 2599/2599/2599 2598/2598/2598
f 2690/2690/2690 2691/2691/2691 2693/2693/2693
f 2599/2599/2599 2692/2692/2692 2694/2694/2694
f 2694/2694/2694 2692/2692/2692 2690/2690/2690
f 2599/2599/2599 2694/2694/2694 2601/2601/2601
f 2690/2690/2690 2693/2693/2693 2695/2695/2695
f 2694/2694/2694 2690/2690/2690 2695/2695/2695
f 2693/2693/2693 2696/2696/2696 2695/2695/2695
f 2696/2696/2696 2694/2694/2694 2695/2695/2695
f 2693/2693/2693 2697/2697/2697 2696/2696/2696
f 2698/2698/2698 2601/2601/2601 2694/2694/2694
f 2696/2696/2696 2698/2698/2698 2694/2694/2694
f 2698/2698/2698 2609/2609/2609 2601/2601/2601
f 2696/2696/2696 2697/2697/2697 2699/2699/2699
f 2609/2609/2609 2698/2698/2698 2700/2700/2700
f 2700/2700/2700 2698/2698/2698 2696/2696/2696
f 2609/2609/2609 2700/2700/2700 2618/2618/2618
f 2696/2696/2696 2699/2699/2699 2701/2701/2701
f 2700/2700/2700 2696/2696/2696 2701/2701/2701
f 2699/2699/2699 2702/2702/2702 2701/2701/2701
f 2702/2702/2702 2700/2700/2700 2701/2701/2701
f 2699/2699/2699 2703/2703/2703 2702/2702/2702
f 2704/2704/2704 2618/2618/2618 2700/2700/2700
f 2702/2702/2702 2704/2704/2704 2700/2700/2700
f 2704/2704/2704 2619/2619/2619 2618/2618/2618
f 2702/2702/2702 2703/2703/2703 2705/2705/2705
f 2619/2619/2619 2704/2704/2704 2706/2706/2706
f 2706/2706/2706 2704/2704/2704 2702/2702/2702
f 2619/2619/2619 2706/2706/2706 2621/2621/2621
f 2702/2702/2702 2705/2705/2705 2707/2707/2707
f 2706/2706/2706 2702/2702/2702 2707/2707/2707
f 2705/2705/2705 2708/2708/2708 2707/2707/2707
f 2708/2708/2708 2706/2706/2706 2707/2707/2707
f 2705/2705/2705 2709/2709/2709 2708/2708/2708
f 2710/2710/2710 2621/2621/2621 2706/2706/2706
f 2708/2708/2708 2710/2710/2710 2706/2706/2706
f 2710/2710/2710 2629/2629/2629 2621/2621/2621
f 2708/2708/2708 2709/2709/2709 2658/2658/2658
f 2629/2629/2629 2710/2710/2710 2651/2651/2651
f 2651/2651/2651 2710/2710/2710 2708/2708/2708
f 2651/2651/2651 2708/2708/2708 2662/2662/2662
f 2708/2708/2708 2658/2658/2658 2662/2662/2662
f 2711/2711/2711 2712/2712/2712 2713/2713/2713
f 2711/2711/2711 2713/2713/2713 2714/2714/2714
f 2712/2712/2712 2715/2715/2715 2713/2713/2713
f 2716/2716/2716 2711/2711/2711 2714/2714/2714
f 2712/2712/2712 2717/2717/2717 2715/2715/2715
f 2716/2716/2716 2714/2714/2714 2718/2718/2718
f 2717/2717/2717 2719/2719/2719 2715/2715/2715
f 2720/2720/2720 2716/2716/2716 2718/2718/2718
f 2717/2717/2717 2721/2721/2721 2719/2719/2719
f 2720/2720/2720 2718/2718/2718 2722/2722/2722
f 2721/2721/2721 2723/2723/2723 2719/2719/2719
f 2724/2724/2724 2720/2720/2720 2722/2722/2722
f 2721/2721/2721 2725/2725/2725 2723/2723/2723
f 2724/2724/2724 2722/2722/2722 2726/2726/2726
f 2725/2725/2725 2727/2727/2727 2723/2723/2723
f 2728/2728/2728 2724/2724/2724 2726/2726/2726
f 2725/2725/2725 2729/2729/2729 2727/2727/2727
f 2728/2728/2728 2726/2726/2726 2730/2730/2730
f 2729/2729/2729 2731/2731/2731 2727/2727/2727
f 2732/2732/2732 2728/2728/2728 2730/2730/2730
f 2729/2729/2729 2733/2733/2733 2731/2731/2731
f 2732/2732/2732 2730/2730/2730 2734/2734/2734
f 2733/2733/2733 2735/2735/2735 2731/2731/2731
f 2736/2736/2736 2732/2732/2732 2734/2734/2734
f 2733/2733/2733 2737/2737/2737 2735/2735/2735
f 2736/2736/2736 2734/2734/2734 2738/2738/2738
f 2737/2737/2737 2739/2739/2739 2735/2735/2735
f 2740/2740/2740 2736/2736/2736 2738/2738/2738
f 2737/2737/2737 2741/2741/2741 2739/2739/2739
f 2740/2740/2740 2738/2738/2738 2742/2742/2742
f 2741/2741/2741 2743/2743/2743 2739/2739/2739
f 2744/2744/2744 2740/2740/2740 2742/2742/2742
f 2741/2741/2741 2745/2745/2745 2743/2743/2743
f 2744/2744/2744 2742/2742/2742 2746/2746/2746
f 2745/2745/2745 2747/2747/2747 2743/2743/2743
f 2748/2748/2748 2744/2744/2744 2746/2746/2746
f 2745/2745/2745 2749/2749/2749 2747/2747/2747
f 2748/2748/2748 2746/2746/2746 2750/2750/2750
f 2749/2749/2749 2751/2751/2751 2747/2747/2747
f 2752/2752/2752 2748/2748/2748 2750/2750/2750
f 2749/2749/2749 2753/2753/2753 2751/2751/2751
f 2752/2752/2752 2750/2750/2750 2754/2754/2754
f 2753/2753/2753 2755/2755/2755 2751/2751/2751
f 2756/2756/2756 2752/2752/2752 2754/2754/2754
f 2753/2753/2753 2757/2757/2757 2755/2755/2755
f 2756/2756/2756 2754/2754/2754 2758/2758/2758
f 2757/2757/2757 2756/2756/2756 2758/2758/2758
f 2757/2757/2757 2758/2758/2758 2755/2755/2755
f 2759/2759/2759 2760/2760/2760 2761/2761/2761
f 2762/2762/2762 2760/2760/2760 2759/2759/2759
f 2761/2761/2761 2760/2760/2760 2763/2763/2763
f 2764/2764/2764 2760/2760/2760 2762/2762/2762
f 2763/2763/2763 2760/2760/2760 2765/2765/2765
f 2766/2766/2766 2760/2760/2760 2764/2764/2764
f 2765/2765/2765 2760/2760/2760 2767/2767/2767
f 2768/2768/2768 2760/2760/2760 2766/2766/2766
f 2767/2767/2767 2760/2760/2760 2769/2769/2769
f 2770/2770/2770 2760/2760/2760 2768/2768/2768
f 2769/2769/2769 2760/2760/2760 2771/2771/2771
f 2772/2772/2772 2760/2760/2760 2770/2770/2770
f 2771/2771/2771 2760/2760/2760 2773/2773/2773
f 2774/2774/2774 2760/2760/2760 2772/2772/2772
f 2773/2773/2773 2760/2760/2760 2775/2775/2775
f 2776/2776/2776 2760/2760/2760 2774/2774/2774
f 2775/2775/2775 2760/2760/2760 2777/2777/2777
f 2778/2778/2778 2760/2760/2760 2776/2776/2776
f 2779/2779/2779 2760/2760/2760 2778/2778/2778
f 2777/2777/2777 2760/2760/2760 2780/2780/2780
f 2781/2781/2781 2760/2760/2760 2779/2779/2779
f 2780/2780/2780 2760/2760/2760 2782/2782/2782
f 2783/2783/2783 2760/2760/2760 2781/2781/2781
f 2782/2782/2782 2760/2760/2760 2783/2783/2783
f 2784/2784/2784 2785/2785/2785 2786/2786/2786
f 2784/2784/2784 2786/2786/2786 2787/2787/2787
f 2788/2788/2788 2785/2785/2785 2784/2784/2784
f 2788/2788/2788 2789/2789/2789 2785/2785/2785
f 2790/2790/2790 2789/2789/2789 2788/2788/2788
f 2790/2790/2790 2791/2791/2791 2789/2789/2789
f 2792/2792/2792 2791/2791/2791 2790/2790/2790
f 2792/2792/2792 2793/2793/2793 2791/2791/2791
f 2794/2794/2794 2793/2793/2793 2792/2792/2792
f 2794/2794/2794 2795/2795/2795 2793/2793/2793
f 2796/2796/2796 2795/2795/2795 2794/2794/2794
f 2796/2796/2796 2797/2797/2797 2795/2795/2795
f 2798/2798/2798 2797/2797/2797 2796/2796/2796
f 2798/2798/2798 2799/2799/2799 2797/2797/2797
f 2800/2800/2800 2799/2799/2799 2798/2798/2798
f 2800/2800/2800 2801/2801/2801 2799/2799/2799
f 2802/2802/2802 2801/2801/2801 2800/2800/2800
f 2802/2802/2802 2803/2803/2803 2801/2801/2801
f 2804/2804/2804 2803/2803/2803 2802/2802/2802
f 2804/2804/2804 2805/2805/2805 2803/2803/2803
f 2806/2806/2806 2805/2805/2805 2804/2804/2804
f 2806/2806/2806 2807/2807/2807 2805/2805/2805
f 2808/2808/2808 2807/2807/2807 2806/2806/2806
f 2808/2808/2808 2809/2809/2809 2807/2807/2807
f 2810/2810/2810 2811/2811/2811 2812/2812/2812
f 2810/2810/2810 2812/2812/2812 2813/2813/2813
f 2814/2814/2814 2811/2811/2811 2810/2810/2810
f 2814/2814/2814 2815/2815/2815 2811/2811/2811
f 2816/2816/2816 2815/2815/2815 2814/2814/2814
f 2816/2816/2816 2817/2817/2817 2815/2815/2815
f 2818/2818/2818 2817/2817/2817 2816/2816/2816
f 2818/2818/2818 2819/2819/2819 2817/2817/2817
f 2820/2820/2820 2819/2819/2819 2818/2818/2818
f 2820/2820/2820 2821/2821/2821 2819/2819/2819
f 2822/2822/2822 2821/2821/2821 2820/2820/2820
f 2822/2822/2822 2823/2823/2823 2821/2821/2821
f 2824/2824/2824 2823/2823/2823 2822/2822/2822
f 2824/2824/2824 2825/2825/2825 2823/2823/2823
f 2826/2826/2826 2825/2825/2825 2824/2824/2824
f 2826/2826/2826 2827/2827/2827 2825/2825/2825
f 2828/2828/2828 2827/2827/2827 2826/2826/2826
f 2828/2828/2828 2829/2829/2829 2827/2827/2827
f 2830/2830/2830 2829/2829/2829 2828/2828/2828
f 2830/2830/2830 2831/2831/2831 2829/2829/2829
f 2832/2832/2832 2831/2831/2831 2830/2830/2830
f 2832/2832/2832 2833/2833/2833 2831/2831/2831
f 2834/2834/2834 2833/2833/2833 2832/2832/2832
f 2834/2834/2834 2835/2835/2835 2833/2833/2833
f 2836/2836/2836 2837/2837/2837 2838/2838/2838
f 2836/2836/2836 2838/2838/2838 2839/2839/2839
f 2840/2840/2840 2837/2837/2837 2836/2836/2836
f 2840/2840/2840 2841/2841/2841 2837/2837/2837
f 2842/2842/2842 2841/2841/2841 2840/2840/2840
f 2842/2842/2842 2843/2843/2843 2841/2841/2841
f 2844/2844/2844 2843/2843/2843 2842/2842/2842
f 2844/2844/2844 2845/2845/2845 2843/2843/2843
f 2846/2846/2846 2845/2845/2845 2844/2844/2844
f 2846/2846/2846 2847/2847/2847 2845/2845/2845
f 2848/2848/2848 2847/2847/2847 2846/2846/2846
f 2848/2848/2848 2849/2849/2849 2847/2847/2847
f 2850/2850/2850 2849/2849/2849 2848/2848/2848
f 2850/2850/2850 2851/2851/2851 2849/2849/2849
f 2852/2852/2852 2851/2851/2851 2850/2850/2850
f 2852/2852/2852 2853/2853/2853 2851/2851/2851
f 2854/2854/2854 2853/2853/2853 2852/2852/2852
f 2854/2854/2854 2855/2855/2855 2853/2853/2853
f 2856/2856/2856 2855/2855/2855 2854/2854/2854
f 2856/2856/2856 2857/2857/2857 2855/2855/2855
f 2858/2858/2858 2857/2857/2857 2856/2856/2856
f 2858/2858/2858 2859/2859/2859 2857/2857/2857
f 2860/2860/2860 2859/2859/2859 2858/2858/2858
f 2860/2860/2860 2861/2861/2861 2859/2859/2859
f 2862/2862/2862 2863/2863/2863 2864/2864/2864
f 2865/2865/2865 2863/2863/2863 2862/2862/2862
f 2866/2866/2866 2863/2863/2863 2865/2865/2865
f 2867/2867/2867 2868/2868/2868 2862/2862/2862
f 2868/2868/2868 2869/2869/2869 2862/2862/2862
f 2865/2865/2865 2862/2862/2862 2869/2869/2869
f 2868/2868/2868 2870/2870/2870 2869/2869/2869
f 2869/2869/2869 2871/2871/2871 2865/2865/2865
f 2869/2869/2869 2872/2872/2872 2871/2871/2871
f 2871/2871/2871 2873/2873/2873 2865/2865/2865
f 2874/2874/2874 2875/2875/2875 2876/2876/2876
f 2874/2874/2874 2876/2876/2876 2877/2877/2877
f 2875/2875/2875 2878/2878/2878 2876/2876/2876
f 2879/2879/2879 2874/2874/2874 2877/2877/2877
f 2879/2879/2879 2877/2877/2877 2880/2880/2880
f 2881/2881/2881 2874/2874/2874 2879/2879/2879
f 2881/2881/2881 2882/2882/2882 2874/2874/2874
f 2882/2882/2882 2875/2875/2875 2874/2874/2874
f 2883/2883/2883 2882/2882/2882 2881/2881/2881
f 2875/2875/2875 2884/2884/2884 2878/2878/2878
f 2884/2884/2884 2885/2885/2885 2878/2878/2878
f 2882/2882/2882 2886/2886/2886 2875/2875/2875
f 2886/2886/2886 2884/2884/2884 2875/2875/2875
f 2883/2883/2883 2887/2887/2887 2882/2882/2882
f 2887/2887/2887 2886/2886/2886 2882/2882/2882
f 2888/2888/2888 2887/2887/2887 2883/2883/2883
f 2884/2884/2884 2889/2889/2889 2885/2885/2885
f 2889/2889/2889 2890/2890/2890 2885/2885/2885
f 2886/2886/2886 2891/2891/2891 2884/2884/2884
f 2891/2891/2891 2889/2889/2889 2884/2884/2884
f 2887/2887/2887 2892/2892/2892 2886/2886/2886
f 2892/2892/2892 2891/2891/2891 2886/2886/2886
f 2888/2888/2888 2893/2893/2893 2887/2887/2887
f 2893/2893/2893 2892/2892/2892 2887/2887/2887
f 2894/2894/2894 2893/2893/2893 2888/2888/2888
f 2889/2889/2889 2895/2895/2895 2890/2890/2890
f 2895/2895/2895 2896/2896/2896 2890/2890/2890
f 2895/2895/2895 2897/2897/2897 2896/2896/2896
f 2898/2898/2898 2897/2897/2897 2895/2895/2895
f 2889/2889/2889 2898/2898/2898 2895/2895/2895
f 2898/2898/2898 2899/2899/2899 2897/2897/2897
f 2898/2898/2898 2900/2900/2900 2899/2899/2899
f 2889/2889/2889 2901/2901/2901 2898/2898/2898
f 2891/2891/2891 2901/2901/2901 2889/2889/2889
f 2898/2898/2898 2902/2902/2902 2900/2900/2900
f 2901/2901/2901 2902/2902/2902 2898/2898/2898
f 2902/2902/2902 2903/2903/2903 2900/2900/2900
f 2904/2904/2904 2901/2901/2901 2891/2891/2891
f 2892/2892/2892 2904/2904/2904 2891/2891/2891
f 2901/2901/2901 2905/2905/2905 2902/2902/2902
f 2904/2904/2904 2905/2905/2905 2901/2901/2901
f 2902/2902/2902 2906/2906/2906 2903/2903/2903
f 2905/2905/2905 2906/2906/2906 2902/2902/2902
f 2907/2907/2907 2903/2903/2903 2906/2906/2906
f 2907/2907/2907 2908/2908/2908 2903/2903/2903
f 2905/2905/2905 2909/2909/2909 2906/2906/2906
f 2909/2909/2909 2907/2907/2907 2906/2906/2906
f 2910/2910/2910 2905/2905/2905 2904/2904/2904
f 2910/2910/2910 2909/2909/2909 2905/2905/2905
f 2911/2911/2911 2904/2904/2904 2892/2892/2892
f 2911/2911/2911 2910/2910/2910 2904/2904/2904
f 2893/2893/2893 2911/2911/2911 2892/2892/2892
f 2912/2912/2912 2908/2908/2908 2907/2907/2907
f 2912/2912/2912 2913/2913/2913 2908/2908/2908
f 2914/2914/2914 2911/2911/2911 2893/2893/2893
f 2894/2894/2894 2914/2914/2914 2893/2893/2893
f 2915/2915/2915 2914/2914/2914 2894/2894/2894
f 2914/2914/2914 2916/2916/2916 2911/2911/2911
f 2916/2916/2916 2910/2910/2910 2911/2911/2911
f 2915/2915/2915 2917/2917/2917 2914/2914/2914
f 2917/2917/2917 2916/2916/2916 2914/2914/2914
f 2918/2918/2918 2917/2917/2917 2915/2915/2915
f 2916/2916/2916 2919/2919/2919 2910/2910/2910
f 2919/2919/2919 2909/2909/2909 2910/2910/2910
f 2917/2917/2917 2920/2920/2920 2916/2916/2916
f 2920/2920/2920 2919/2919/2919 2916/2916/2916
f 2918/2918/2918 2921/2921/2921 2917/2917/2917
f 2921/2921/2921 2920/2920/2920 2917/2917/2917
f 2922/2922/2922 2921/2921/2921 2918/2918/2918
f 2919/2919/2919 2923/2923/2923 2909/2909/2909
f 2909/2909/2909 2923/2923/2923 2907/2907/2907
f 2920/2920/2920 2924/2924/2924 2919/2919/2919
f 2924/2924/2924 2923/2923/2923 2919/2919/2919
f 2921/2921/2921 2925/2925/2925 2920/2920/2920
f 2925/2925/2925 2924/2924/2924 2920/2920/2920
f 2922/2922/2922 2926/2926/2926 2921/2921/2921
f 2926/2926/2926 2925/2925/2925 2921/2921/2921
f 2927/2927/2927 2926/2926/2926 2922/2922/2922
f 2928/2928/2928 2907/2907/2907 2923/2923/2923
f 2924/2924/2924 2928/2928/2928 2923/2923/2923
f 2928/2928/2928 2912/2912/2912 2907/2907/2907
f 2925/2925/2925 2929/2929/2929 2924/2924/2924
f 2929/2929/2929 2928/2928/2928 2924/2924/2924
f 2926/2926/2926 2930/2930/2930 2925/2925/2925
f 2930/2930/2930 2929/2929/2929 2925/2925/2925
f 2927/2927/2927 2931/2931/2931 2926/2926/2926
f 2931/2931/2931 2930/2930/2930 2926/2926/2926
f 2932/2932/2932 2931/2931/2931 2927/2927/2927
f 2933/2933/2933 2912/2912/2912 2928/2928/2928
f 2929/2929/2929 2933/2933/2933 2928/2928/2928
f 2933/2933/2933 2934/2934/2934 2912/2912/2912
f 2934/2934/2934 2913/2913/2913 2912/2912/2912
f 2934/2934/2934 2935/2935/2935 2913/2913/2913
f 2932/2932/2932 2936/2936/2936 2931/2931/2931
f 2937/2937/2937 2936/2936/2936 2932/2932/2932
f 2936/2936/2936 2938/2938/2938 2931/2931/2931
f 2931/2931/2931 2938/2938/2938 2930/2930/2930
f 2937/2937/2937 2939/2939/2939 2936/2936/2936
f 2940/2940/2940 2939/2939/2939 2937/2937/2937
f 2940/2940/2940 2941/2941/2941 2939/2939/2939
f 2930/2930/2930 2942/2942/2942 2929/2929/2929
f 2938/2938/2938 2942/2942/2942 2930/2930/2930
f 2942/2942/2942 2933/2933/2933 2929/2929/2929
f 2936/2936/2936 2943/2943/2943 2938/2938/2938
f 2939/2939/2939 2943/2943/2943 2936/2936/2936
f 2938/2938/2938 2944/2944/2944 2942/2942/2942
f 2943/2943/2943 2944/2944/2944 2938/2938/2938
f 2942/2942/2942 2945/2945/2945 2933/2933/2933
f 2944/2944/2944 2945/2945/2945 2942/2942/2942
f 2945/2945/2945 2934/2934/2934 2933/2933/2933
f 2941/2941/2941 2946/2946/2946 2939/2939/2939
f 2939/2939/2939 2946/2946/2946 2943/2943/2943
f 2941/2941/2941 2947/2947/2947 2946/2946/2946
f 2943/2943/2943 2948/2948/2948 2944/2944/2944
f 2946/2946/2946 2948/2948/2948 2943/2943/2943
f 2947/2947/2947 2949/2949/2949 2946/2946/2946
f 2946/2946/2946 2949/2949/2949 2948/2948/2948
f 2947/2947/2947 2950/2950/2950 2949/2949/2949
f 2948/2948/2948 2951/2951/2951 2944/2944/2944
f 2944/2944/2944 2951/2951/2951 2945/2945/2945
f 2949/2949/2949 2952/2952/2952 2948/2948/2948
f 2948/2948/2948 2952/2952/2952 2951/2951/2951
f 2950/2950/2950 2953/2953/2953 2949/2949/2949
f 2949/2949/2949 2953/2953/2953 2952/2952/2952
f 2950/2950/2950 2954/2954/2954 2953/2953/2953
f 2951/2951/2951 2955/2955/2955 2945/2945/2945
f 2945/2945/2945 2955/2955/2955 2934/2934/2934
f 2955/2955/2955 2935/2935/2935 2934/2934/2934
f 2955/2955/2955 2956/2956/2956 2935/2935/2935
f 2951/2951/2951 2957/2957/2957 2955/2955/2955
f 2957/2957/2957 2956/2956/2956 2955/2955/2955
f 2952/2952/2952 2957/2957/2957 2951/2951/2951
f 2957/2957/2957 2958/2958/2958 2956/2956/2956
f 2952/2952/2952 2959/2959/2959 2957/2957/2957
f 2959/2959/2959 2958/2958/2958 2957/2957/2957
f 2953/2953/2953 2959/2959/2959 2952/2952/2952
f 2959/2959/2959 2960/2960/2960 2958/2958/2958
f 2953/2953/2953 2961/2961/2961 2959/2959/2959
f 2961/2961/2961 2960/2960/2960 2959/2959/2959
f 2954/2954/2954 2961/2961/2961 2953/2953/2953
f 2961/2961/2961 2962/2962/2962 2960/2960/2960
f 2954/2954/2954 2963/2963/2963 2961/2961/2961
f 2963/2963/2963 2962/2962/2962 2961/2961/2961
f 2963/2963/2963 2964/2964/2964 2962/2962/2962
f 2965/2965/2965 2966/2966/2966 2967/2967/2967
f 2965/2965/2965 2967/2967/2967 2968/2968/2968
f 2966/2966/2966 2969/2969/2969 2967/2967/2967
f 2970/2970/2970 2965/2965/2965 2968/2968/2968
f 2966/2966/2966 2971/2971/2971 2969/2969/2969
f 2970/2970/2970 2968/2968/2968 2972/2972/2972
f 2971/2971/2971 2973/2973/2973 2969/2969/2969
f 2974/2974/2974 2970/2970/2970 2972/2972/2972
f 2971/2971/2971 2975/2975/2975 2973/2973/2973
f 2974/2974/2974 2972/2972/2972 2976/2976/2976
f 2975/2975/2975 2977/2977/2977 2973/2973/2973
f 2978/2978/2978 2974/2974/2974 2976/2976/2976
f 2975/2975/2975 2979/2979/2979 2977/2977/2977
f 2978/2978/2978 2976/2976/2976 2980/2980/2980
f 2979/2979/2979 2981/2981/2981 2977/2977/2977
f 2982/2982/2982 2978/2978/2978 2980/2980/2980
f 2979/2979/2979 2983/2983/2983 2981/2981/2981
f 2982/2982/2982 2980/2980/2980 2984/2984/2984
f 2983/2983/2983 2985/2985/2985 2981/2981/2981
f 2986/2986/2986 2982/2982/2982 2984/2984/2984
f 2983/2983/2983 2987/2987/2987 2985/2985/2985
f 2986/2986/2986 2984/2984/2984 2988/2988/2988
f 2987/2987/2987 2989/2989/2989 2985/2985/2985
f 2990/2990/2990 2986/2986/2986 2988/2988/2988
f 2987/2987/2987 2991/2991/2991 2989/2989/2989
f 2990/2990/2990 2988/2988/2988 2992/2992/2992
f 2991/2991/2991 2993/2993/2993 2989/2989/2989
f 2994/2994/2994 2990/2990/2990 2992/2992/2992
f 2991/2991/2991 2995/2995/2995 2993/2993/2993
f 2994/2994/2994 2992/2992/2992 2996/2996/2996
f 2995/2995/2995 2997/2997/2997 2993/2993/2993
f 2998/2998/2998 2994/2994/2994 2996/2996/2996
f 2995/2995/2995 2999/2999/2999 2997/2997/2997
f 2998/2998/2998 2996/2996/2996 3000/3000/3000
f 2999/2999/2999 3001/3001/3001 2997/2997/2997
f 3002/3002/3002 2998/2998/2998 3000/3000/3000
f 2999/2999/2999 3003/3003/3003 3001/3001/3001
f 3002/3002/3002 3000/3000/3000 3004/3004/3004
f 3003/3003/3003 3005/3005/3005 3001/3001/3001
f 3006/3006/3006 3002/3002/3002 3004/3004/3004
f 3003/3003/3003 3007/3007/3007 3005/3005/3005
f 3006/3006/3006 3004/3004/3004 3008/3008/3008
f 3007/3007/3007 3009/3009/3009 3005/3005/3005
f 3010/3010/3010 3006/3006/3006 3008/3008/3008
f 3007/3007/3007 3011/3011/3011 3009/3009/3009
f 3010/3010/3010 3008/3008/3008 3012/3012/3012
f 3011/3011/3011 3010/3010/3010 3012/3012/3012
f 3011/3011/3011 3012/3012/3012 3009/3009/3009
f 3013/3013/3013 3014/3014/3014 3015/3015/3015
f 3015/3015/3015 3014/3014/3014 3016/3016/3016
f 3017/3017/3017 3014/3014/3014 3013/3013/3013
f 3014/3014/3014 3017/3017/3017 3018/3018/3018
f 3014/3014/3014 3018/3018/3018 3016/3016/3016
f 3017/3017/3017 3019/3019/3019 3018/3018/3018
f 3017/3017/3017 3013/3013/3013 3020/3020/3020
f 3017/3017/3017 3021/3021/3021 3019/3019/3019
f 3020/3020/3020 3021/3021/3021 3017/3017/3017
f 3022/3022/3022 3020/3020/3020 3013/3013/3013
f 3023/3023/3023 3019/3019/3019 3021/3021/3021
f 3022/3022/3022 3024/3024/3024 3020/3020/3020
f 3020/3020/3020 3025/3025/3025 3021/3021/3021
f 3024/3024/3024 3025/3025/3025 3020/3020/3020
f 3026/3026/3026 3021/3021/3021 3025/3025/3025
f 3026/3026/3026 3023/3023/3023 3021/3021/3021
f 3024/3024/3024 3027/3027/3027 3025/3025/3025
f 3028/3028/3028 3026/3026/3026 3025/3025/3025
f 3028/3028/3028 3025/3025/3025 3027/3027/3027
f 3024/3024/3024 3022/3022/3022 3029/3029/3029
f 3026/3026/3026 3028/3028/3028 3030/3030/3030
f 3031/3031/3031 3027/3027/3027 3024/3024/3024
f 3024/3024/3024 3029/3029/3029 3031/3031/3031
f 3032/3032/3032 3023/3023/3023 3026/3026/3026
f 3026/3026/3026 3030/3030/3030 3032/3032/3032
f 3030/3030/3030 3033/3033/3033 3032/3032/3032
f 3030/3030/3030 3034/3034/3034 3033/3033/3033
f 3035/3035/3035 3032/3032/3032 3033/3033/3033
f 3034/3034/3034 3030/3030/3030 3036/3036/3036
f 3028/3028/3028 3036/3036/3036 3030/3030/3030
f 3034/3034/3034 3036/3036/3036 3037/3037/3037
f 3035/3035/3035 3038/3038/3038 3032/3032/3032
f 3032/3032/3032 3038/3038/3038 3023/3023/3023
f 3038/3038/3038 3035/3035/3035 3039/3039/3039
f 3040/3040/3040 3037/3037/3037 3036/3036/3036
f 3040/3040/3040 3041/3041/3041 3037/3037/3037
f 3028/3028/3028 3042/3042/3042 3036/3036/3036
f 3042/3042/3042 3040/3040/3040 3036/3036/3036
f 3042/3042/3042 3028/3028/3028 3027/3027/3027
f 3041/3041/3041 3040/3040/3040 3043/3043/3043
f 3041/3041/3041 3043/3043/3043 3044/3044/3044
f 3042/3042/3042 3045/3045/3045 3040/3040/3040
f 3043/3043/3043 3040/3040/3040 3045/3045/3045
f 3042/3042/3042 3027/3027/3027 3046/3046/3046
f 3045/3045/3045 3042/3042/3042 3046/3046/3046
f 3031/3031/3031 3046/3046/3046 3027/3027/3027
f 3047/3047/3047 3044/3044/3044 3043/3043/3043
f 3047/3047/3047 3048/3048/3048 3044/3044/3044
f 3043/3043/3043 3045/3045/3045 3049/3049/3049
f 3049/3049/3049 3047/3047/3047 3043/3043/3043
f 3045/3045/3045 3046/3046/3046 3050/3050/3050
f 3049/3049/3049 3045/3045/3045 3050/3050/3050
f 3051/3051/3051 3046/3046/3046 3031/3031/3031
f 3051/3051/3051 3050/3050/3050 3046/3046/3046
f 3052/3052/3052 3051/3051/3051 3031/3031/3031
f 3052/3052/3052 3031/3031/3031 3029/3029/3029
f 3051/3051/3051 3052/3052/3052 3053/3053/3053
f 3054/3054/3054 3050/3050/3050 3051/3051/3051
f 3051/3051/3051 3053/3053/3053 3054/3054/3054
f 3049/3049/3049 3050/3050/3050 3055/3055/3055
f 3054/3054/3054 3055/3055/3055 3050/3050/3050
f 3056/3056/3056 3049/3049/3049 3055/3055/3055
f 3049/3049/3049 3056/3056/3056 3047/3047/3047
f 3057/3057/3057 3055/3055/3055 3054/3054/3054
f 3048/3048/3048 3047/3047/3047 3058/3058/3058
f 3058/3058/3058 3047/3047/3047 3056/3056/3056
f 3048/3048/3048 3058/3058/3058 3059/3059/3059
f 3056/3056/3056 3055/3055/3055 3060/3060/3060
f 3057/3057/3057 3060/3060/3060 3055/3055/3055
f 3058/3058/3058 3056/3056/3056 3061/3061/3061
f 3061/3061/3061 3056/3056/3056 3060/3060/3060
f 3062/3062/3062 3059/3059/3059 3058/3058/3058
f 3061/3061/3061 3062/3062/3062 3058/3058/3058
f 3062/3062/3062 3063/3063/3063 3059/3059/3059
f 3063/3063/3063 3062/3062/3062 3064/3064/3064
f 3063/3063/3063 3064/3064/3064 3065/3065/3065
f 3061/3061/3061 3066/3066/3066 3062/3062/3062
f 3064/3064/3064 3062/3062/3062 3066/3066/3066
f 3061/3061/3061 3060/3060/3060 3067/3067/3067
f 3066/3066/3066 3061/3061/3061 3067/3067/3067
f 3068/3068/3068 3065/3065/3065 3064/3064/3064
f 3068/3068/3068 3069/3069/3069 3065/3065/3065
f 3064/3064/3064 3066/3066/3066 3070/3070/3070
f 3070/3070/3070 3068/3068/3068 3064/3064/3064
f 3066/3066/3066 3067/3067/3067 3071/3071/3071
f 3070/3070/3070 3066/3066/3066 3071/3071/3071
f 3072/3072/3072 3067/3067/3067 3060/3060/3060
f 3072/3072/3072 3060/3060/3060 3057/3057/3057
f 3073/3073/3073 3071/3071/3071 3067/3067/3067
f 3073/3073/3073 3067/3067/3067 3072/3072/3072
f 3070/3070/3070 3071/3071/3071 3074/3074/3074
f 3075/3075/3075 3071/3071/3071 3073/3073/3073
f 3075/3075/3075 3074/3074/3074 3071/3071/3071
f 3076/3076/3076 3070/3070/3070 3074/3074/3074
f 3070/3070/3070 3076/3076/3076 3068/3068/3068
f 3069/3069/3069 3068/3068/3068 3077/3077/3077
f 3077/3077/3077 3068/3068/3068 3076/3076/3076
f 3069/3069/3069 3077/3077/3077 3078/3078/3078
f 3079/3079/3079 3078/3078/3078 3077/3077/3077
f 3079/3079/3079 3080/3080/3080 3078/3078/3078
f 3077/3077/3077 3076/3076/3076 3081/3081/3081
f 3081/3081/3081 3079/3079/3079 3077/3077/3077
f 3076/3076/3076 3074/3074/3074 3082/3082/3082
f 3081/3081/3081 3076/3076/3076 3082/3082/3082
f 3083/3083/3083 3082/3082/3082 3074/3074/3074
f 3083/3083/3083 3074/3074/3074 3075/3075/3075
f 3080/3080/3080 3079/3079/3079 3084/3084/3084
f 3080/3080/3080 3084/3084/3084 3085/3085/3085
f 3081/3081/3081 3086/3086/3086 3079/3079/3079
f 3084/3084/3084 3079/3079/3079 3086/3086/3086
f 3081/3081/3081 3082/3082/3082 3087/3087/3087
f 3086/3086/3086 3081/3081/3081 3087/3087/3087
f 3088/3088/3088 3085/3085/3085 3084/3084/3084
f 3088/3088/3088 3089/3089/3089 3085/3085/3085
f 3084/3084/3084 3086/3086/3086 3090/3090/3090
f 3090/3090/3090 3088/3088/3088 3084/3084/3084
f 3086/3086/3086 3087/3087/3087 3091/3091/3091
f 3090/3090/3090 3086/3086/3086 3091/3091/3091
f 3092/3092/3092 3087/3087/3087 3082/3082/3082
f 3092/3092/3092 3082/3082/3082 3083/3083/3083
f 3093/3093/3093 3091/3091/3091 3087/3087/3087
f 3093/3093/3093 3087/3087/3087 3092/3092/3092
f 3090/3090/3090 3091/3091/3091 3094/3094/3094
f 3095/3095/3095 3091/3091/3091 3093/3093/3093
f 3095/3095/3095 3094/3094/3094 3091/3091/3091
f 3096/3096/3096 3090/3090/3090 3094/3094/3094
f 3090/3090/3090 3096/3096/3096 3088/3088/3088
f 3089/3089/3089 3088/3088/3088 3097/3097/3097
f 3097/3097/3097 3088/3088/3088 3096/3096/3096
f 3089/3089/3089 3097/3097/3097 3098/3098/3098
f 3099/3099/3099 3098/3098/3098 3097/3097/3097
f 3099/3099/3099 3100/3100/3100 3098/3098/3098
f 3097/3097/3097 3096/3096/3096 3101/3101/3101
f 3101/3101/3101 3099/3099/3099 3097/3097/3097
f 3096/3096/3096 3094/3094/3094 3102/3102/3102
f 3101/3101/3101 3096/3096/3096 3102/3102/3102
f 3103/3103/3103 3102/3102/3102 3094/3094/3094
f 3103/3103/3103 3094/3094/3094 3095/3095/3095
f 3100/3100/3100 3099/3099/3099 3104/3104/3104
f 3100/3100/3100 3104/3104/3104 3105/3105/3105
f 3101/3101/3101 3106/3106/3106 3099/3099/3099
f 3104/3104/3104 3099/3099/3099 3106/3106/3106
f 3101/3101/3101 3102/3102/3102 3107/3107/3107
f 3106/3106/3106 3101/3101/3101 3107/3107/3107
f 3108/3108/3108 3105/3105/3105 3104/3104/3104
f 3108/3108/3108 3109/3109/3109 3105/3105/3105
f 3104/3104/3104 3106/3106/3106 3110/3110/3110
f 3110/3110/3110 3108/3108/3108 3104/3104/3104
f 3106/3106/3106 3107/3107/3107 3111/3111/3111
f 3110/3110/3110 3106/3106/3106 3111/3111/3111
f 3112/3112/3112 3107/3107/3107 3102/3102/3102
f 3112/3112/3112 3102/3102/3102 3103/3103/3103
f 3113/3113/3113 3111/3111/3111 3107/3107/3107
f 3113/3113/3113 3107/3107/3107 3112/3112/3112
f 3110/3110/3110 3111/3111/3111 3114/3114/3114
f 3115/3115/3115 3111/3111/3111 3113/3113/3113
f 3115/3115/3115 3114/3114/3114 3111/3111/3111
f 3116/3116/3116 3110/3110/3110 3114/3114/3114
f 3110/3110/3110 3116/3116/3116 3108/3108/3108
f 3109/3109/3109 3108/3108/3108 3117/3117/3117
f 3117/3117/3117 3108/3108/3108 3116/3116/3116
f 3109/3109/3109 3117/3117/3117 3118/3118/3118
f 3119/3119/3119 3118/3118/3118 3117/3117/3117
f 3119/3119/3119 3120/3120/3120 3118/3118/3118
f 3117/3117/3117 3116/3116/3116 3121/3121/3121
f 3121/3121/3121 3119/3119/3119 3117/3117/3117
f 3116/3116/3116 3114/3114/3114 3122/3122/3122
f 3121/3121/3121 3116/3116/3116 3122/3122/3122
f 3123/3123/3123 3122/3122/3122 3114/3114/3114
f 3123/3123/3123 3114/3114/3114 3115/3115/3115
f 3120/3120/3120 3119/3119/3119 3124/3124/3124
f 3120/3120/3120 3124/3124/3124 3125/3125/3125
f 3121/3121/3121 3126/3126/3126 3119/3119/3119
f 3124/3124/3124 3119/3119/3119 3126/3126/3126
f 3121/3121/3121 3122/3122/3122 3127/3127/3127
f 3126/3126/3126 3121/3121/3121 3127/3127/3127
f 3128/3128/3128 3125/3125/3125 3124/3124/3124
f 3128/3128/3128 3129/3129/3129 3125/3125/3125
f 3124/3124/3124 3126/3126/3126 3130/3130/3130
f 3130/3130/3130 3128/3128/3128 3124/3124/3124
f 3126/3126/3126 3127/3127/3127 3131/3131/3131
f 3130/3130/3130 3126/3126/3126 3131/3131/3131
f 3132/3132/3132 3127/3127/3127 3122/3122/3122
f 3132/3132/3132 3122/3122/3122 3123/3123/3123
f 3133/3133/3133 3131/3131/3131 3127/3127/3127
f 3133/3133/3133 3127/3127/3127 3132/3132/3132
f 3130/3130/3130 3131/3131/3131 3134/3134/3134
f 3135/3135/3135 3131/3131/3131 3133/3133/3133
f 3135/3135/3135 3134/3134/3134 3131/3131/3131
f 3136/3136/3136 3130/3130/3130 3134/3134/3134
f 3130/3130/3130 3136/3136/3136 3128/3128/3128
f 3129/3129/3129 3128/3128/3128 3137/3137/3137
f 3137/3137/3137 3128/3128/3128 3136/3136/3136
f 3129/3129/3129 3137/3137/3137 3039/3039/3039
f 3038/3038/3038 3039/3039/3039 3137/3137/3137
f 3138/3138/3138 3038/3038/3038 3137/3137/3137
f 3137/3137/3137 3136/3136/3136 3138/3138/3138
f 3138/3138/3138 3023/3023/3023 3038/3038/3038
f 3023/3023/3023 3138/3138/3138 3019/3019/3019
f 3138/3138/3138 3136/3136/3136 3139/3139/3139
f 3138/3138/3138 3139/3139/3139 3019/3019/3019
f 3136/3136/3136 3134/3134/3134 3139/3139/3139
f 3018/3018/3018 3019/3019/3019 3139/3139/3139
f 3140/3140/3140 3139/3139/3139 3134/3134/3134
f 3018/3018/3018 3139/3139/3139 3140/3140/3140
f 3140/3140/3140 3134/3134/3134 3135/3135/3135
f 3140/3140/3140 3016/3016/3016 3018/3018/3018
f 3141/3141/3141 3140/3140/3140 3135/3135/3135
f 3140/3140/3140 3141/3141/3141 3016/3016/3016
f 3141/3141/3141 3135/3135/3135 3142/3142/3142
f 3133/3133/3133 3142/3142/3142 3135/3135/3135
f 3016/3016/3016 3141/3141/3141 3143/3143/3143
f 3143/3143/3143 3141/3141/3141 3142/3142/3142
f 3133/3133/3133 3144/3144/3144 3142/3142/3142
f 3144/3144/3144 3133/3133/3133 3132/3132/3132
f 3144/3144/3144 3132/3132/3132 3145/3145/3145
f 3123/3123/3123 3145/3145/3145 3132/3132/3132
f 3142/3142/3142 3144/3144/3144 3146/3146/3146
f 3146/3146/3146 3144/3144/3144 3145/3145/3145
f 3143/3143/3143 3142/3142/3142 3147/3147/3147
f 3142/3142/3142 3146/3146/3146 3147/3147/3147
f 3148/3148/3148 3143/3143/3143 3147/3147/3147
f 3146/3146/3146 3148/3148/3148 3147/3147/3147
f 3148/3148/3148 3149/3149/3149 3143/3143/3143
f 3146/3146/3146 3150/3150/3150 3148/3148/3148
f 3143/3143/3143 3149/3149/3149 3151/3151/3151
f 3152/3152/3152 3150/3150/3150 3146/3146/3146
f 3016/3016/3016 3143/3143/3143 3153/3153/3153
f 3143/3143/3143 3151/3151/3151 3153/3153/3153
f 3015/3015/3015 3016/3016/3016 3153/3153/3153
f 3151/3151/3151 3015/3015/3015 3153/3153/3153
f 3151/3151/3151 3154/3154/3154 3015/3015/3015
f 3015/3015/3015 3154/3154/3154 3155/3155/3155
f 3152/3152/3152 3146/3146/3146 3156/3156/3156
f 3146/3146/3146 3145/3145/3145 3156/3156/3156
f 3015/3015/3015 3155/3155/3155 3157/3157/3157
f 3013/3013/3013 3015/3015/3015 3157/3157/3157
f 3155/3155/3155 3158/3158/3158 3157/3157/3157
f 3158/3158/3158 3013/3013/3013 3157/3157/3157
f 3155/3155/3155 3159/3159/3159 3158/3158/3158
f 3158/3158/3158 3022/3022/3022 3013/3013/3013
f 3158/3158/3158 3159/3159/3159 3160/3160/3160
f 3029/3029/3029 3022/3022/3022 3158/3158/3158
f 3158/3158/3158 3160/3160/3160 3161/3161/3161
f 3029/3029/3029 3158/3158/3158 3161/3161/3161
f 3160/3160/3160 3162/3162/3162 3161/3161/3161
f 3162/3162/3162 3029/3029/3029 3161/3161/3161
f 3160/3160/3160 3163/3163/3163 3162/3162/3162
f 3162/3162/3162 3052/3052/3052 3029/3029/3029
f 3162/3162/3162 3163/3163/3163 3164/3164/3164
f 3053/3053/3053 3052/3052/3052 3162/3162/3162
f 3162/3162/3162 3164/3164/3164 3165/3165/3165
f 3053/3053/3053 3162/3162/3162 3165/3165/3165
f 3164/3164/3164 3166/3166/3166 3165/3165/3165
f 3166/3166/3166 3053/3053/3053 3165/3165/3165
f 3164/3164/3164 3167/3167/3167 3166/3166/3166
f 3166/3166/3166 3167/3167/3167 3168/3168/3168
f 3166/3166/3166 3169/3169/3169 3053/3053/3053
f 3169/3169/3169 3054/3054/3054 3053/3053/3053
f 3169/3169/3169 3057/3057/3057 3054/3054/3054
f 3057/3057/3057 3169/3169/3169 3170/3170/3170
f 3170/3170/3170 3169/3169/3169 3166/3166/3166
f 3057/3057/3057 3170/3170/3170 3072/3072/3072
f 3166/3166/3166 3168/3168/3168 3171/3171/3171
f 3170/3170/3170 3166/3166/3166 3171/3171/3171
f 3168/3168/3168 3172/3172/3172 3171/3171/3171
f 3172/3172/3172 3170/3170/3170 3171/3171/3171
f 3168/3168/3168 3173/3173/3173 3172/3172/3172
f 3174/3174/3174 3072/3072/3072 3170/3170/3170
f 3172/3172/3172 3174/3174/3174 3170/3170/3170
f 3174/3174/3174 3073/3073/3073 3072/3072/3072
f 3172/3172/3172 3173/3173/3173 3175/3175/3175
f 3073/3073/3073 3174/3174/3174 3176/3176/3176
f 3176/3176/3176 3174/3174/3174 3172/3172/3172
f 3073/3073/3073 3176/3176/3176 3075/3075/3075
f 3172/3172/3172 3175/3175/3175 3177/3177/3177
f 3176/3176/3176 3172/3172/3172 3177/3177/3177
f 3175/3175/3175 3178/3178/3178 3177/3177/3177
f 3178/3178/3178 3176/3176/3176 3177/3177/3177
f 3175/3175/3175 3179/3179/3179 3178/3178/3178
f 3180/3180/3180 3075/3075/3075 3176/3176/3176
f 3178/3178/3178 3180/3180/3180 3176/3176/3176
f 3180/3180/3180 3083/3083/3083 3075/3075/3075
f 3178/3178/3178 3179/3179/3179 3181/3181/3181
f 3083/3083/3083 3180/3180/3180 3182/3182/3182
f 3182/3182/3182 3180/3180/3180 3178/3178/3178
f 3083/3083/3083 3182/3182/3182 3092/3092/3092
f 3178/3178/3178 3181/3181/3181 3183/3183/3183
f 3182/3182/3182 3178/3178/3178 3183/3183/3183
f 3181/3181/3181 3184/3184/3184 3183/3183/3183
f 3184/3184/3184 3182/3182/3182 3183/3183/3183
f 3181/3181/3181 3185/3185/3185 3184/3184/3184
f 3186/3186/3186 3092/3092/3092 3182/3182/3182
f 3184/3184/3184 3186/3186/3186 3182/3182/3182
f 3186/3186/3186 3093/3093/3093 3092/3092/3092
f 3184/3184/3184 3185/3185/3185 3187/3187/3187
f 3093/3093/3093 3186/3186/3186 3188/3188/3188
f 3188/3188/3188 3186/3186/3186 3184/3184/3184
f 3093/3093/3093 3188/3188/3188 3095/3095/3095
f 3184/3184/3184 3187/3187/3187 3189/3189/3189
f 3188/3188/3188 3184/3184/3184 3189/3189/3189
f 3187/3187/3187 3190/3190/3190 3189/3189/3189
f 3190/3190/3190 3188/3188/3188 3189/3189/3189
f 3187/3187/3187 3191/3191/3191 3190/3190/3190
f 3192/3192/3192 3095/3095/3095 3188/3188/3188
f 3190/3190/3190 3192/3192/3192 3188/3188/3188
f 3192/3192/3192 3103/3103/3103 3095/3095/3095
f 3190/3190/3190 3191/3191/3191 3193/3193/3193
f 3103/3103/3103 3192/3192/3192 3194/3194/3194
f 3194/3194/3194 3192/3192/3192 3190/3190/3190
f 3103/3103/3103 3194/3194/3194 3112/3112/3112
f 3190/3190/3190 3193/3193/3193 3195/3195/3195
f 3194/3194/3194 3190/3190/3190 3195/3195/3195
f 3193/3193/3193 3196/3196/3196 3195/3195/3195
f 3196/3196/3196 3194/3194/3194 3195/3195/3195
f 3193/3193/3193 3197/3197/3197 3196/3196/3196
f 3198/3198/3198 3112/3112/3112 3194/3194/3194
f 3196/3196/3196 3198/3198/3198 3194/3194/3194
f 3198/3198/3198 3113/3113/3113 3112/3112/3112
f 3196/3196/3196 3197/3197/3197 3199/3199/3199
f 3113/3113/3113 3198/3198/3198 3200/3200/3200
f 3200/3200/3200 3198/3198/3198 3196/3196/3196
f 3113/3113/3113 3200/3200/3200 3115/3115/3115
f 3196/3196/3196 3199/3199/3199 3201/3201/3201
f 3200/3200/3200 3196/3196/3196 3201/3201/3201
f 3199/3199/3199 3202/3202/3202 3201/3201/3201
f 3202/3202/3202 3200/3200/3200 3201/3201/3201
f 3199/3199/3199 3203/3203/3203 3202/3202/3202
f 3204/3204/3204 3115/3115/3115 3200/3200/3200
f 3202/3202/3202 3204/3204/3204 3200/3200/3200
f 3204/3204/3204 3123/3123/3123 3115/3115/3115
f 3202/3202/3202 3203/3203/3203 3152/3152/3152
f 3123/3123/3123 3204/3204/3204 3145/3145/3145
f 3145/3145/3145 3204/3204/3204 3202/3202/3202
f 3145/3145/3145 3202/3202/3202 3156/3156/3156
f 3202/3202/3202 3152/3152/3152 3156/3156/3156
f 3205/3205/3205 3206/3206/3206 3207/3207/3207
f 3205/3205/3205 3207/3207/3207 3208/3208/3208
f 3206/3206/3206 3209/3209/3209 3207/3207/3207
f 3210/3210/3210 3205/3205/3205 3208/3208/3208
f 3206/3206/3206 3211/3211/3211 3209/3209/3209
f 3210/3210/3210 3208/3208/3208 3212/3212/3212
f 3211/3211/3211 3213/3213/3213 3209/3209/3209
f 3214/3214/3214 3210/3210/3210 3212/3212/3212
f 3211/3211/3211 3215/3215/3215 3213/3213/3213
f 3214/3214/3214 3212/3212/3212 3216/3216/3216
f 3215/3215/3215 3217/3217/3217 3213/3213/3213
f 3218/3218/3218 3214/3214/3214 3216/3216/3216
f 3215/3215/3215 3219/3219/3219 3217/3217/3217
f 3218/3218/3218 3216/3216/3216 3220/3220/3220
f 3219/3219/3219 3221/3221/3221 3217/3217/3217
f 3222/3222/3222 3218/3218/3218 3220/3220/3220
f 3219/3219/3219 3223/3223/3223 3221/3221/3221
f 3222/3222/3222 3220/3220/3220 3224/3224/3224
f 3223/3223/3223 3225/3225/3225 3221/3221/3221
f 3226/3226/3226 3222/3222/3222 3224/3224/3224
f 3223/3223/3223 3227/3227/3227 3225/3225/3225
f 3226/3226/3226 3224/3224/3224 3228/3228/3228
f 3227/3227/3227 3229/3229/3229 3225/3225/3225
f 3230/3230/3230 3226/3226/3226 3228/3228/3228
f 3227/3227/3227 3231/3231/3231 3229/3229/3229
f 3230/3230/3230 3228/3228/3228 3232/3232/3232
f 3231/3231/3231 3233/3233/3233 3229/3229/3229
f 3234/3234/3234 3230/3230/3230 3232/3232/3232
f 3231/3231/3231 3235/3235/3235 3233/3233/3233
f 3234/3234/3234 3232/3232/3232 3236/3236/3236
f 3235/3235/3235 3237/3237/3237 3233/3233/3233
f 3238/3238/3238 3234/3234/3234 3236/3236/3236
f 3235/3235/3235 3239/3239/3239 3237/3237/3237
f 3238/3238/3238 3236/3236/3236 3240/3240/3240
f 3239/3239/3239 3241/3241/3241 3237/3237/3237
f 3242/3242/3242 3238/3238/3238 3240/3240/3240
f 3239/3239/3239 3243/3243/3243 3241/3241/3241
f 3242/3242/3242 3240/3240/3240 3244/3244/3244
f 3243/3243/3243 3245/3245/3245 3241/3241/3241
f 3246/3246/3246 3242/3242/3242 3244/3244/3244
f 3243/3243/3243 3247/3247/3247 3245/3245/3245
f 3246/3246/3246 3244/3244/3244 3248/3248/3248
f 3247/3247/3247 3249/3249/3249 3245/3245/3245
f 3250/3250/3250 3246/3246/3246 3248/3248/3248
f 3247/3247/3247 3251/3251/3251 3249/3249/3249
f 3250/3250/3250 3248/3248/3248 3252/3252/3252
f 3251/3251/3251 3250/3250/3250 3252/3252/3252
f 3251/3251/3251 3252/3252/3252 3249/3249/3249
f 3253/3253/3253 3254/3254/3254 3255/3255/3255
f 3256/3256/3256 3254/3254/3254 3253/3253/3253
f 3255/3255/3255 3254/3254/3254 3257/3257/3257
f 3258/3258/3258 3254/3254/3254 3256/3256/3256
f 3257/3257/3257 3254/3254/3254 3259/3259/3259
f 3260/3260/3260 3254/3254/3254 3258/3258/3258
f 3259/3259/3259 3254/3254/3254 3261/3261/3261
f 3262/3262/3262 3254/3254/3254 3260/3260/3260
f 3261/3261/3261 3254/3254/3254 3263/3263/3263
f 3264/3264/3264 3254/3254/3254 3262/3262/3262
f 3263/3263/3263 3254/3254/3254 3265/3265/3265
f 3266/3266/3266 3254/3254/3254 3264/3264/3264
f 3265/3265/3265 3254/3254/3254 3267/3267/3267
f 3268/3268/3268 3254/3254/3254 3266/3266/3266
f 3267/3267/3267 3254/3254/3254 3269/3269/3269
f 3270/3270/3270 3254/3254/3254 3268/3268/3268
f 3269/3269/3269 3254/3254/3254 3271/3271/3271
f 3272/3272/3272 3254/3254/3254 3270/3270/3270
f 3273/3273/3273 3254/3254/3254 3272/3272/3272
f 3271/3271/3271 3254/3254/3254 3274/3274/3274
f 3275/3275/3275 3254/3254/3254 3273/3273/3273
f 3274/3274/3274 3254/3254/3254 3276/3276/3276
f 3277/3277/3277 3254/3254/3254 3275/3275/3275
f 3276/3276/3276 3254/3254/3254 3277/3277/3277
f 3278/3278/3278 3279/3279/3279 3280/3280/3280
f 3278/3278/3278 3280/3280/3280 3281/3281/3281
f 3282/3282/3282 3279/3279/3279 3278/3278/3278
f 3282/3282/3282 3283/3283/3283 3279/3279/3279
f 3284/3284/3284 3283/3283/3283 3282/3282/3282
f 3284/3284/3284 3285/3285/3285 3283/3283/3283
f 3286/3286/3286 3285/3285/3285 3284/3284/3284
f 3286/3286/3286 3287/3287/3287 3285/3285/3285
f 3288/3288/3288 3287/3287/3287 3286/3286/3286
f 3288/3288/3288 3289/3289/3289 3287/3287/3287
f 3290/3290/3290 3289/3289/3289 3288/3288/3288
f 3290/3290/3290 3291/3291/3291 3289/3289/3289
f 3292/3292/3292 3291/3291/3291 3290/3290/3290
f 3292/3292/3292 3293/3293/3293 3291/3291/3291
f 3294/3294/3294 3293/3293/3293 3292/3292/3292
f 3294/3294/3294 3295/3295/3295 3293/3293/3293
f 3296/3296/3296 3295/3295/3295 3294/3294/3294
f 3296/3296/3296 3297/3297/3297 3295/3295/3295
f 3298/3298/3298 3297/3297/3297 3296/3296/3296
f 3298/3298/3298 3299/3299/3299 3297/3297/3297
f 3300/3300/3300 3299/3299/3299 3298/3298/3298
f 3300/3300/3300 3301/3301/3301 3299/3299/3299
f 3302/3302/3302 3301/3301/3301 3300/3300/3300
f 3302/3302/3302 3303/3303/3303 3301/3301/3301
f 3304/3304/3304 3305/3305/3305 3306/3306/3306
f 3304/3304/3304 3306/3306/3306 3307/3307/3307
f 3308/3308/3308 3305/3305/3305 3304/3304/3304
f 3308/3308/3308 3309/3309/3309 3305/3305/3305
f 3310/3310/3310 3309/3309/3309 3308/3308/3308
f 3310/3310/3310 3311/3311/3311 3309/3309/3309
f 3312/3312/3312 3311/3311/3311 3310/3310/3310
f 3312/3312/3312 3313/3313/3313 3311/3311/3311
f 3314/3314/3314 3313/3313/3313 3312/3312/3312
f 3314/3314/3314 3315/3315/3315 3313/3313/3313
f 3316/3316/3316 3315/3315/3315 3314/3314/3314
f 3316/3316/3316 3317/3317/3317 3315/3315/3315
f 3318/3318/3318 3317/3317/3317 3316/3316/3316
f 3318/3318/3318 3319/3319/3319 3317/3317/3317
f 3320/3320/3320 3319/3319/3319 3318/3318/3318
f 3320/3320/3320 3321/3321/3321 3319/3319/3319
f 3322/3322/3322 3321/3321/3321 3320/3320/3320
f 3322/3322/3322 3323/3323/3323 3321/3321/3321
f 3324/3324/3324 3323/3323/3323 3322/3322/3322
f 3324/3324/3324 3325/3325/3325 3323/3323/3323
f 3326/3326/3326 3325/3325/3325 3324/3324/3324
f 3326/3326/3326 3327/3327/3327 3325/3325/3325
f 3328/3328/3328 3327/3327/3327 3326/3326/3326
f 3328/3328/3328 3329/3329/3329 3327/3327/3327
f 3330/3330/3330 3331/3331/3331 3332/3332/3332
f 3330/3330/3330 3332/3332/3332 3333/3333/3333
f 3334/3334/3334 3331/3331/3331 3330/3330/3330
f 3334/3334/3334 3335/3335/3335 3331/3331/3331
f 3336/3336/3336 3335/3335/3335 3334/3334/3334
f 3336/3336/3336 3337/3337/3337 3335/3335/3335
f 3338/3338/3338 3337/3337/3337 3336/3336/3336
f 3338/3338/3338 3339/3339/3339 3337/3337/3337
f 3340/3340/3340 3339/3339/3339 3338/3338/3338
f 3340/3340/3340 3341/3341/3341 3339/3339/3339
f 3342/3342/3342 3341/3341/3341 3340/3340/3340
f 3342/3342/3342 3343/3343/3343 3341/3341/3341
f 3344/3344/3344 3343/3343/3343 3342/3342/3342
f 3344/3344/3344 3345/3345/3345 3343/3343/3343
f 3346/3346/3346 3345/3345/3345 3344/3344/3344
f 3346/3346/3346 3347/3347/3347 3345/3345/3345
f 3348/3348/3348 3347/3347/3347 3346/3346/3346
f 3348/3348/3348 3349/3349/3349 3347/3347/3347
f 3350/3350/3350 3349/3349/3349 3348/3348/3348
f 3350/3350/3350 3351/3351/3351 3349/3349/3349
f 3352/3352/3352 3351/3351/3351 3350/3350/3350
f 3352/3352/3352 3353/3353/3353 3351/3351/3351
f 3354/3354/3354 3353/3353/3353 3352/3352/3352
f 3354/3354/3354 3355/3355/3355 3353/3353/3353
f 3356/3356/3356 3357/3357/3357 3358/3358/3358
f 3359/3359/3359 3357/3357/3357 3356/3356/3356
f 3360/3360/3360 3357/3357/3357 3359/3359/3359
f 3361/3361/3361 3362/3362/3362 3356/3356/3356
f 3362/3362/3362 3363/3363/3363 3356/3356/3356
f 3359/3359/3359 3356/3356/3356 3363/3363/3363
f 3362/3362/3362 3364/3364/3364 3363/3363/3363
f 3363/3363/3363 3365/3365/3365 3359/3359/3359
f 3363/3363/3363 3366/3366/3366 3365/3365/3365
f 3365/3365/3365 3367/3367/3367 3359/3359/3359
f 3368/3368/3368 3369/3369/3369 3370/3370/3370
f 3368/3368/3368 3370/3370/3370 3371/3371/3371
f 3369/3369/3369 3372/3372/3372 3370/3370/3370
f 3373/3373/3373 3368/3368/3368 3371/3371/3371
f 3373/3373/3373 3371/3371/3371 3374/3374/3374
f 3375/3375/3375 3368/3368/3368 3373/3373/3373
f 3375/3375/3375 3376/3376/3376 3368/3368/3368
f 3376/3376/3376 3369/3369/3369 3368/3368/3368
f 3377/3377/3377 3376/3376/3376 3375/3375/3375
f 3369/3369/3369 3378/3378/3378 3372/3372/3372
f 3378/3378/3378 3379/3379/3379 3372/3372/3372
f 3376/3376/3376 3380/3380/3380 3369/3369/3369
f 3380/3380/3380 3378/3378/3378 3369/3369/3369
f 3377/3377/3377 3381/3381/3381 3376/3376/3376
f 3381/3381/3381 3380/3380/3380 3376/3376/3376
f 3382/3382/3382 3381/3381/3381 3377/3377/3377
f 3378/3378/3378 3383/3383/3383 3379/3379/3379
f 3383/3383/3383 3384/3384/3384 3379/3379/3379
f 3380/3380/3380 3385/3385/3385 3378/3378/3378
f 3385/3385/3385 3383/3383/3383 3378/3378/3378
f 3381/3381/3381 3386/3386/3386 3380/3380/3380
f 3386/3386/3386 3385/3385/3385 3380/3380/3380
f 3382/3382/3382 3387/3387/3387 3381/3381/3381
f 3387/3387/3387 3386/3386/3386 3381/3381/3381
f 3388/3388/3388 3387/3387/3387 3382/3382/3382
f 3383/3383/3383 3389/3389/3389 3384/3384/3384
f 3389/3389/3389 3390/3390/3390 3384/3384/3384
f 3389/3389/3389 3391/3391/3391 3390/3390/3390
f 3392/3392/3392 3391/3391/3391 3389/3389/3389
f 3383/3383/3383 3392/3392/3392 3389/3389/3389
f 3392/3392/3392 3393/3393/3393 3391/3391/3391
f 3392/3392/3392 3394/3394/3394 3393/3393/3393
f 3383/3383/3383 3395/3395/3395 3392/3392/3392
f 3385/3385/3385 3395/3395/3395 3383/3383/3383
f 3392/3392/3392 3396/3396/3396 3394/3394/3394
f 3395/3395/3395 3396/3396/3396 3392/3392/3392
f 3396/3396/3396 3397/3397/3397 3394/3394/3394
f 3398/3398/3398 3395/3395/3395 3385/3385/3385
f 3386/3386/3386 3398/3398/3398 3385/3385/3385
f 3395/3395/3395 3399/3399/3399 3396/3396/3396
f 3398/3398/3398 3399/3399/3399 3395/3395/3395
f 3396/3396/3396 3400/3400/3400 3397/3397/3397
f 3399/3399/3399 3400/3400/3400 3396/3396/3396
f 3401/3401/3401 3397/3397/3397 3400/3400/3400
f 3401/3401/3401 3402/3402/3402 3397/3397/3397
f 3399/3399/3399 3403/3403/3403 3400/3400/3400
f 3403/3403/3403 3401/3401/3401 3400/3400/3400
f 3404/3404/3404 3399/3399/3399 3398/3398/3398
f 3404/3404/3404 3403/3403/3403 3399/3399/3399
f 3405/3405/3405 3398/3398/3398 3386/3386/3386
f 3405/3405/3405 3404/3404/3404 3398/3398/3398
f 3387/3387/3387 3405/3405/3405 3386/3386/3386
f 3406/3406/3406 3402/3402/3402 3401/3401/3401
f 3406/3406/3406 3407/3407/3407 3402/3402/3402
f 3408/3408/3408 3405/3405/3405 3387/3387/3387
f 3388/3388/3388 3408/3408/3408 3387/3387/3387
f 3409/3409/3409 3408/3408/3408 3388/3388/3388
f 3408/3408/3408 3410/3410/3410 3405/3405/3405
f 3410/3410/3410 3404/3404/3404 3405/3405/3405
f 3409/3409/3409 3411/3411/3411 3408/3408/3408
f 3411/3411/3411 3410/3410/3410 3408/3408/3408
f 3412/3412/3412 3411/3411/3411 3409/3409/3409
f 3410/3410/3410 3413/3413/3413 3404/3404/3404
f 3413/3413/3413 3403/3403/3403 3404/3404/3404
f 3411/3411/3411 3414/3414/3414 3410/3410/3410
f 3414/3414/3414 3413/3413/3413 3410/3410/3410
f 3412/3412/3412 3415/3415/3415 3411/3411/3411
f 3415/3415/3415 3414/3414/3414 3411/3411/3411
f 3416/3416/3416 3415/3415/3415 3412/3412/3412
f 3413/3413/3413 3417/3417/3417 3403/3403/3403
f 3403/3403/3403 3417/3417/3417 3401/3401/3401
f 3414/3414/3414 3418/3418/3418 3413/3413/3413
f 3418/3418/3418 3417/3417/3417 3413/3413/3413
f 3415/3415/3415 3419/3419/3419 3414/3414/3414
f 3419/3419/3419 3418/3418/3418 3414/3414/3414
f 3416/3416/3416 3420/3420/3420 3415/3415/3415
f 3420/3420/3420 3419/3419/3419 3415/3415/3415
f 3421/3421/3421 3420/3420/3420 3416/3416/3416
f 3422/3422/3422 3401/3401/3401 3417/3417/3417
f 3418/3418/3418 3422/3422/3422 3417/3417/3417
f 3422/3422/3422 3406/3406/3406 3401/3401/3401
f 3419/3419/3419 3423/3423/3423 3418/3418/3418
f 3423/3423/3423 3422/3422/3422 3418/3418/3418
f 3420/3420/3420 3424/3424/3424 3419/3419/3419
f 3424/3424/3424 3423/3423/3423 3419/3419/3419
f 3421/3421/3421 3425/3425/3425 3420/3420/3420
f 3425/3425/3425 3424/3424/3424 3420/3420/3420
f 3426/3426/3426 3425/3425/3425 3421/3421/3421
f 3427/3427/3427 3406/3406/3406 3422/3422/3422
f 3423/3423/3423 3427/3427/3427 3422/3422/3422
f 3427/3427/3427 3428/3428/3428 3406/3406/3406
f 3428/3428/3428 3407/3407/3407 3406/3406/3406
f 3428/3428/3428 3429/3429/3429 3407/3407/3407
f 3426/3426/3426 3430/3430/3430 3425/3425/3425
f 3431/3431/3431 3430/3430/3430 3426/3426/3426
f 3430/3430/3430 3432/3432/3432 3425/3425/3425
f 3425/3425/3425 3432/3432/3432 3424/3424/3424
f 3431/3431/3431 3433/3433/3433 3430/3430/3430
f 3434/3434/3434 3433/3433/3433 3431/3431/3431
f 3434/3434/3434 3435/3435/3435 3433/3433/3433
f 3424/3424/3424 3436/3436/3436 3423/3423/3423
f 3432/3432/3432 3436/3436/3436 3424/3424/3424
f 3436/3436/3436 3427/3427/3427 3423/3423/3423
f 3430/3430/3430 3437/3437/3437 3432/3432/3432
f 3433/3433/3433 3437/3437/3437 3430/3430/3430
f 3432/3432/3432 3438/3438/3438 3436/3436/3436
f 3437/3437/3437 3438/3438/3438 3432/3432/3432
f 3436/3436/3436 3439/3439/3439 3427/3427/3427
f 3438/3438/3438 3439/3439/3439 3436/3436/3436
f 3439/3439/3439 3428/3428/3428 3427/3427/3427
f 3435/3435/3435 3440/3440/3440 3433/3433/3433
f 3433/3433/3433 3440/3440/3440 3437/3437/3437
f 3435/3435/3435 3441/3441/3441 3440/3440/3440
f 3437/3437/3437 3442/3442/3442 3438/3438/3438
f 3440/3440/3440 3442/3442/3442 3437/3437/3437
f 3441/3441/3441 3443/3443/3443 3440/3440/3440
f 3440/3440/3440 3443/3443/3443 3442/3442/3442
f 3441/3441/3441 3444/3444/3444 3443/3443/3443
f 3442/3442/3442 3445/3445/3445 3438/3438/3438
f 3438/3438/3438 3445/3445/3445 3439/3439/3439
f 3443/3443/3443 3446/3446/3446 3442/3442/3442
f 3442/3442/3442 3446/3446/3446 3445/3445/3445
f 3444/3444/3444 3447/3447/3447 3443/3443/3443
f 3443/3443/3443 3447/3447/3447 3446/3446/3446
f 3444/3444/3444 3448/3448/3448 3447/3447/3447
f 3445/3445/3445 3449/3449/3449 3439/3439/3439
f 3439/3439/3439 3449/3449/3449 3428/3428/3428
f 3449/3449/3449 3429/3429/3429 3428/3428/3428
f 3449/3449/3449 3450/3450/3450 3429/3429/3429
f 3445/3445/3445 3451/3451/3451 3449/3449/3449
f 3451/3451/3451 3450/3450/3450 3449/3449/3449
f 3446/3446/3446 3451/3451/3451 3445/3445/3445
f 3451/3451/3451 3452/3452/3452 3450/3450/3450
f 3446/3446/3446 3453/3453/3453 3451/3451/3451
f 3453/3453/3453 3452/3452/3452 3451/3451/3451
f 3447/3447/3447 3453/3453/3453 3446/3446/3446
f 3453/3453/3453 3454/3454/3454 3452/3452/3452
f 3447/3447/3447 3455/3455/3455 3453/3453/3453
f 3455/3455/3455 3454/3454/3454 3453/3453/3453
f 3448/3448/3448 3455/3455/3455 3447/3447/3447
f 3455/3455/3455 3456/3456/3456 3454/3454/3454
f 3448/3448/3448 3457/3457/3457 3455/3455/3455
f 3457/3457/3457 3456/3456/3456 3455/3455/3455
f 3457/3457/3457 3458/3458/3458 3456/3456/3456
f 3459/3459/3459 3460/3460/3460 3461/3461/3461
f 3459/3459/3459 3461/3461/3461 3462/3462/3462
f 3460/3460/3460 3463/3463/3463 3461/3461/3461
f 3464/3464/3464 3459/3459/3459 3462/3462/3462
f 3460/3460/3460 3465/3465/3465 3463/3463/3463
f 3464/3464/3464 3462/3462/3462 3466/3466/3466
f 3465/3465/3465 3467/3467/3467 3463/3463/3463
f 3468/3468/3468 3464/3464/3464 3466/3466/3466
f 3465/3465/3465 3469/3469/3469 3467/3467/3467
f 3468/3468/3468 3466/3466/3466 3470/3470/3470
f 3469/3469/3469 3471/3471/3471 3467/3467/3467
f 3472/3472/3472 3468/3468/3468 3470/3470/3470
f 3469/3469/3469 3473/3473/3473 3471/3471/3471
f 3472/3472/3472 3470/3470/3470 3474/3474/3474
f 3473/3473/3473 3475/3475/3475 3471/3471/3471
f 3476/3476/3476 3472/3472/3472 3474/3474/3474
f 3473/3473/3473 3477/3477/3477 3475/3475/3475
f 3476/3476/3476 3474/3474/3474 3478/3478/3478
f 3477/3477/3477 3479/3479/3479 3475/3475/3475
f 3480/3480/3480 3476/3476/3476 3478/3478/3478
f 3477/3477/3477 3481/3481/3481 3479/3479/3479
f 3480/3480/3480 3478/3478/3478 3482/3482/3482
f 3481/3481/3481 3483/3483/3483 3479/3479/3479
f 3484/3484/3484 3480/3480/3480 3482/3482/3482
f 3481/3481/3481 3485/3485/3485 3483/3483/3483
f 3484/3484/3484 3482/3482/3482 3486/3486/3486
f 3485/3485/3485 3487/3487/3487 3483/3483/3483
f 3488/3488/3488 3484/3484/3484 3486/3486/3486
f 3485/3485/3485 3489/3489/3489 3487/3487/3487
f 3488/3488/3488 3486/3486/3486 3490/3490/3490
f 3489/3489/3489 3491/3491/3491 3487/3487/3487
f 3492/3492/3492 3488/3488/3488 3490/3490/3490
f 3489/3489/3489 3493/3493/3493 3491/3491/3491
f 3492/3492/3492 3490/3490/3490 3494/3494/3494
f 3493/3493/3493 3495/3495/3495 3491/3491/3491
f 3496/3496/3496 3492/3492/3492 3494/3494/3494
f 3493/3493/3493 3497/3497/3497 3495/3495/3495
f 3496/3496/3496 3494/3494/3494 3498/3498/3498
f 3497/3497/3497 3499/3499/3499 3495/3495/3495
f 3500/3500/3500 3496/3496/3496 3498/3498/3498
f 3497/3497/3497 3501/3501/3501 3499/3499/3499
f 3500/3500/3500 3498/3498/3498 3502/3502/3502
f 3501/3501/3501 3503/3503/3503 3499/3499/3499
f 3504/3504/3504 3500/3500/3500 3502/3502/3502
f 3501/3501/3501 3505/3505/3505 3503/3503/3503
f 3504/3504/3504 3502/3502/3502 3506/3506/3506
f 3505/3505/3505 3504/3504/3504 3506/3506/3506
f 3505/3505/3505 3506/3506/3506 3503/3503/3503
f 3507/3507/3507 3508/3508/3508 3509/3509/3509
f 3509/3509/3509 3508/3508/3508 3510/3510/3510
f 3511/3511/3511 3508/3508/3508 3507/3507/3507
f 3508/3508/3508 3511/3511/3511 3512/3512/3512
f 3508/3508/3508 3512/3512/3512 3510/3510/3510
f 3511/3511/3511 3513/3513/3513 3512/3512/3512
f 3511/3511/3511 3507/3507/3507 3514/3514/3514
f 3511/3511/3511 3515/3515/3515 3513/3513/3513
f 3514/3514/3514 3515/3515/3515 3511/3511/3511
f 3516/3516/3516 3514/3514/3514 3507/3507/3507
f 3517/3517/3517 3513/3513/3513 3515/3515/3515
f 3516/3516/3516 3518/3518/3518 3514/3514/3514
f 3514/3514/3514 3519/3519/3519 3515/3515/3515
f 3518/3518/3518 3519/3519/3519 3514/3514/3514
f 3520/3520/3520 3515/3515/3515 3519/3519/3519
f 3520/3520/3520 3517/3517/3517 3515/3515/3515
f 3518/3518/3518 3521/3521/3521 3519/3519/3519
f 3522/3522/3522 3520/3520/3520 3519/3519/3519
f 3522/3522/3522 3519/3519/3519 3521/3521/3521
f 3518/3518/3518 3516/3516/3516 3523/3523/3523
f 3520/3520/3520 3522/3522/3522 3524/3524/3524
f 3525/3525/3525 3521/3521/3521 3518/3518/3518
f 3518/3518/3518 3523/3523/3523 3525/3525/3525
f 3526/3526/3526 3517/3517/3517 3520/3520/3520
f 3520/3520/3520 3524/3524/3524 3526/3526/3526
f 3524/3524/3524 3527/3527/3527 3526/3526/3526
f 3524/3524/3524 3528/3528/3528 3527/3527/3527
f 3529/3529/3529 3526/3526/3526 3527/3527/3527
f 3528/3528/3528 3524/3524/3524 3530/3530/3530
f 3522/3522/3522 3530/3530/3530 3524/3524/3524
f 3528/3528/3528 3530/3530/3530 3531/3531/3531
f 3529/3529/3529 3532/3532/3532 3526/3526/3526
f 3526/3526/3526 3532/3532/3532 3517/3517/3517
f 3532/3532/3532 3529/3529/3529 3533/3533/3533
f 3534/3534/3534 3531/3531/3531 3530/3530/3530
f 3534/3534/3534 3535/3535/3535 3531/3531/3531
f 3522/3522/3522 3536/3536/3536 3530/3530/3530
f 3536/3536/3536 3534/3534/3534 3530/3530/3530
f 3536/3536/3536 3522/3522/3522 3521/3521/3521
f 3535/3535/3535 3534/3534/3534 3537/3537/3537
f 3535/3535/3535 3537/3537/3537 3538/3538/3538
f 3536/3536/3536 3539/3539/3539 3534/3534/3534
f 3537/3537/3537 3534/3534/3534 3539/3539/3539
f 3536/3536/3536 3521/3521/3521 3540/3540/3540
f 3539/3539/3539 3536/3536/3536 3540/3540/3540
f 3525/3525/3525 3540/3540/3540 3521/3521/3521
f 3541/3541/3541 3538/3538/3538 3537/3537/3537
f 3541/3541/3541 3542/3542/3542 3538/3538/3538
f 3537/3537/3537 3539/3539/3539 3543/3543/3543
f 3543/3543/3543 3541/3541/3541 3537/3537/3537
f 3539/3539/3539 3540/3540/3540 3544/3544/3544
f 3543/3543/3543 3539/3539/3539 3544/3544/3544
f 3545/3545/3545 3540/3540/3540 3525/3525/3525
f 3545/3545/3545 3544/3544/3544 3540/3540/3540
f 3546/3546/3546 3545/3545/3545 3525/3525/3525
f 3546/3546/3546 3525/3525/3525 3523/3523/3523
f 3545/3545/3545 3546/3546/3546 3547/3547/3547
f 3548/3548/3548 3544/3544/3544 3545/3545/3545
f 3545/3545/3545 3547/3547/3547 3548/3548/3548
f 3543/3543/3543 3544/3544/3544 3549/3549/3549
f 3548/3548/3548 3549/3549/3549 3544/3544/3544
f 3550/3550/3550 3543/3543/3543 3549/3549/3549
f 3543/3543/3543 3550/3550/3550 3541/3541/3541
f 3551/3551/3551 3549/3549/3549 3548/3548/3548
f 3542/3542/3542 3541/3541/3541 3552/3552/3552
f 3552/3552/3552 3541/3541/3541 3550/3550/3550
f 3542/3542/3542 3552/3552/3552 3553/3553/3553
f 3550/3550/3550 3549/3549/3549 3554/3554/3554
f 3551/3551/3551 3554/3554/3554 3549/3549/3549
f 3552/3552/3552 3550/3550/3550 3555/3555/3555
f 3555/3555/3555 3550/3550/3550 3554/3554/3554
f 3556/3556/3556 3553/3553/3553 3552/3552/3552
f 3555/3555/3555 3556/3556/3556 3552/3552/3552
f 3556/3556/3556 3557/3557/3557 3553/3553/3553
f 3557/3557/3557 3556/3556/3556 3558/3558/3558
f 3557/3557/3557 3558/3558/3558 3559/3559/3559
f 3555/3555/3555 3560/3560/3560 3556/3556/3556
f 3558/3558/3558 3556/3556/3556 3560/3560/3560
f 3555/3555/3555 3554/3554/3554 3561/3561/3561
f 3560/3560/3560 3555/3555/3555 3561/3561/3561
f 3562/3562/3562 3559/3559/3559 3558/3558/3558
f 3562/3562/3562 3563/3563/3563 3559/3559/3559
f 3558/3558/3558 3560/3560/3560 3564/3564/3564
f 3564/3564/3564 3562/3562/3562 3558/3558/3558
f 3560/3560/3560 3561/3561/3561 3565/3565/3565
f 3564/3564/3564 3560/3560/3560 3565/3565/3565
f 3566/3566/3566 3561/3561/3561 3554/3554/3554
f 3566/3566/3566 3554/3554/3554 3551/3551/3551
f 3567/3567/3567 3565/3565/3565 3561/3561/3561
f 3567/3567/3567 3561/3561/3561 3566/3566/3566
f 3564/3564/3564 3565/3565/3565 3568/3568/3568
f 3569/3569/3569 3565/3565/3565 3567/3567/3567
f 3569/3569/3569 3568/3568/3568 3565/3565/3565
f 3570/3570/3570 3564/3564/3564 3568/3568/3568
f 3564/3564/3564 3570/3570/3570 3562/3562/3562
f 3563/3563/3563 3562/3562/3562 3571/3571/3571
f 3571/3571/3571 3562/3562/3562 3570/3570/3570
f 3563/3563/3563 3571/3571/3571 3572/3572/3572
f 3573/3573/3573 3572/3572/3572 3571/3571/3571
f 3573/3573/3573 3574/3574/3574 3572/3572/3572
f 3571/3571/3571 3570/3570/3570 3575/3575/3575
f 3575/3575/3575 3573/3573/3573 3571/3571/3571
f 3570/3570/3570 3568/3568/3568 3576/3576/3576
f 3575/3575/3575 3570/3570/3570 3576/3576/3576
f 3577/3577/3577 3576/3576/3576 3568/3568/3568
f 3577/3577/3577 3568/3568/3568 3569/3569/3569
f 3574/3574/3574 3573/3573/3573 3578/3578/3578
f 3574/3574/3574 3578/3578/3578 3579/3579/3579
f 3575/3575/3575 3580/3580/3580 3573/3573/3573
f 3578/3578/3578 3573/3573/3573 3580/3580/3580
f 3575/3575/3575 3576/3576/3576 3581/3581/3581
f 3580/3580/3580 3575/3575/3575 3581/3581/3581
f 3582/3582/3582 3579/3579/3579 3578/3578/3578
f 3582/3582/3582 3583/3583/3583 3579/3579/3579
f 3578/3578/3578 3580/3580/3580 3584/3584/3584
f 3584/3584/3584 3582/3582/3582 3578/3578/3578
f 3580/3580/3580 3581/3581/3581 3585/3585/3585
f 3584/3584/3584 3580/3580/3580 3585/3585/3585
f 3586/3586/3586 3581/3581/3581 3576/3576/3576
f 3586/3586/3586 3576/3576/3576 3577/3577/3577
f 3587/3587/3587 3585/3585/3585 3581/3581/3581
f 3587/3587/3587 3581/3581/3581 3586/3586/3586
f 3584/3584/3584 3585/3585/3585 3588/3588/3588
f 3589/3589/3589 3585/3585/3585 3587/3587/3587
f 3589/3589/3589 3588/3588/3588 3585/3585/3585
f 3590/3590/3590 3584/3584/3584 3588/3588/3588
f 3584/3584/3584 3590/3590/3590 3582/3582/3582
f 3583/3583/3583 3582/3582/3582 3591/3591/3591
f 3591/3591/3591 3582/3582/3582 3590/3590/3590
f 3583/3583/3583 3591/3591/3591 3592/3592/3592
f 3593/3593/3593 3592/3592/3592 3591/3591/3591
f 3593/3593/3593 3594/3594/3594 3592/3592/3592
f 3591/3591/3591 3590/3590/3590 3595/3595/3595
f 3595/3595/3595 3593/3593/3593 3591/3591/3591
f 3590/3590/3590 3588/3588/3588 3596/3596/3596
f 3595/3595/3595 3590/3590/3590 3596/3596/3596
f 3597/3597/3597 3596/3596/3596 3588/3588/3588
f 3597/3597/3597 3588/3588/3588 3589/3589/3589
f 3594/3594/3594 3593/3593/3593 3598/3598/3598
f 3594/3594/3594 3598/3598/3598 3599/3599/3599
f 3595/3595/3595 3600/3600/3600 3593/3593/3593
f 3598/3598/3598 3593/3593/3593 3600/3600/3600
f 3595/3595/3595 3596/3596/3596 3601/3601/3601
f 3600/3600/3600 3595/3595/3595 3601/3601/3601
f 3602/3602/3602 3599/3599/3599 3598/3598/3598
f 3602/3602/3602 3603/3603/3603 3599/3599/3599
f 3598/3598/3598 3600/3600/3600 3604/3604/3604
f 3604/3604/3604 3602/3602/3602 3598/3598/3598
f 3600/3600/3600 3601/3601/3601 3605/3605/3605
f 3604/3604/3604 3600/3600/3600 3605/3605/3605
f 3606/3606/3606 3601/3601/3601 3596/3596/3596
f 3606/3606/3606 3596/3596/3596 3597/3597/3597
f 3607/3607/3607 3605/3605/3605 3601/3601/3601
f 3607/3607/3607 3601/3601/3601 3606/3606/3606
f 3604/3604/3604 3605/3605/3605 3608/3608/3608
f 3609/3609/3609 3605/3605/3605 3607/3607/3607
f 3609/3609/3609 3608/3608/3608 3605/3605/3605
f 3610/3610/3610 3604/3604/3604 3608/3608/3608
f 3604/3604/3604 3610/3610/3610 3602/3602/3602
f 3603/3603/3603 3602/3602/3602 3611/3611/3611
f 3611/3611/3611 3602/3602/3602 3610/3610/3610
f 3603/3603/3603 3611/3611/3611 3612/3612/3612
f 3613/3613/3613 3612/3612/3612 3611/3611/3611
f 3613/3613/3613 3614/3614/3614 3612/3612/3612
f 3611/3611/3611 3610/3610/3610 3615/3615/3615
f 3615/3615/3615 3613/3613/3613 3611/3611/3611
f 3610/3610/3610 3608/3608/3608 3616/3616/3616
f 3615/3615/3615 3610/3610/3610 3616/3616/3616
f 3617/3617/3617 3616/3616/3616 3608/3608/3608
f 3617/3617/3617 3608/3608/3608 3609/3609/3609
f 3614/3614/3614 3613/3613/3613 3618/3618/3618
f 3614/3614/3614 3618/3618/3618 3619/3619/3619
f 3615/3615/3615 3620/3620/3620 3613/3613/3613
f 3618/3618/3618 3613/3613/3613 3620/3620/3620
f 3615/3615/3615 3616/3616/3616 3621/3621/3621
f 3620/3620/3620 3615/3615/3615 3621/3621/3621
f 3622/3622/3622 3619/3619/3619 3618/3618/3618
f 3622/3622/3622 3623/3623/3623 3619/3619/3619
f 3618/3618/3618 3620/3620/3620 3624/3624/3624
f 3624/3624/3624 3622/3622/3622 3618/3618/3618
f 3620/3620/3620 3621/3621/3621 3625/3625/3625
f 3624/3624/3624 3620/3620/3620 3625/3625/3625
f 3626/3626/3626 3621/3621/3621 3616/3616/3616
f 3626/3626/3626 3616/3616/3616 3617/3617/3617
f 3627/3627/3627 3625/3625/3625 3621/3621/3621
f 3627/3627/3627 3621/3621/3621 3626/3626/3626
f 3624/3624/3624 3625/3625/3625 3628/3628/3628
f 3629/3629/3629 3625/3625/3625 3627/3627/3627
f 3629/3629/3629 3628/3628/3628 3625/3625/3625
f 3630/3630/3630 3624/3624/3624 3628/3628/3628
f 3624/3624/3624 3630/3630/3630 3622/3622/3622
f 3623/3623/3623 3622/3622/3622 3631/3631/3631
f 3631/3631/3631 3622/3622/3622 3630/3630/3630
f 3623/3623/3623 3631/3631/3631 3533/3533/3533
f 3532/3532/3532 3533/3533/3533 3631/3631/3631
f 3632/3632/3632 3532/3532/3532 3631/3631/3631
f 3631/3631/3631 3630/3630/3630 3632/3632/3632
f 3632/3632/3632 3517/3517/3517 3532/3532/3532
f 3517/3517/3517 3632/3632/3632 3513/3513/3513
f 3632/3632/3632 3630/3630/3630 3633/3633/3633
f 3632/3632/3632 3633/3633/3633 3513/3513/3513
f 3630/3630/3630 3628/3628/3628 3633/3633/3633
f 3512/3512/3512 3513/3513/3513 3633/3633/3633
f 3634/3634/3634 3633/3633/3633 3628/3628/3628
f 3512/3512/3512 3633/3633/3633 3634/3634/3634
f 3634/3634/3634 3628/3628/3628 3629/3629/3629
f 3634/3634/3634 3510/3510/3510 3512/3512/3512
f 3635/3635/3635 3634/3634/3634 3629/3629/3629
f 3634/3634/3634 3635/3635/3635 3510/3510/3510
f 3635/3635/3635 3629/3629/3629 3636/3636/3636
f 3627/3627/3627 3636/3636/3636 3629/3629/3629
f 3510/3510/3510 3635/3635/3635 3637/3637/3637
f 3637/3637/3637 3635/3635/3635 3636/3636/3636
f 3627/3627/3627 3638/3638/3638 3636/3636/3636
f 3638/3638/3638 3627/3627/3627 3626/3626/3626
f 3638/3638/3638 3626/3626/3626 3639/3639/3639
f 3617/3617/3617 3639/3639/3639 3626/3626/3626
f 3636/3636/3636 3638/3638/3638 3640/3640/3640
f 3640/3640/3640 3638/3638/3638 3639/3639/3639
f 3637/3637/3637 3636/3636/3636 3641/3641/3641
f 3636/3636/3636 3640/3640/3640 3641/3641/3641
f 3642/3642/3642 3637/3637/3637 3641/3641/3641
f 3640/3640/3640 3642/3642/3642 3641/3641/3641
f 3642/3642/3642 3643/3643/3643 3637/3637/3637
f 3640/3640/3640 3644/3644/3644 3642/3642/3642
f 3637/3637/3637 3643/3643/3643 3645/3645/3645
f 3646/3646/3646 3644/3644/3644 3640/3640/3640
f 3510/3510/3510 3637/3637/3637 3647/3647/3647
f 3637/3637/3637 3645/3645/3645 3647/3647/3647
f 3509/3509/3509 3510/3510/3510 3647/3647/3647
f 3645/3645/3645 3509/3509/3509 3647/3647/3647
f 3645/3645/3645 3648/3648/3648 3509/3509/3509
f 3509/3509/3509 3648/3648/3648 3649/3649/3649
f 3646/3646/3646 3640/3640/3640 3650/3650/3650
f 3640/3640/3640 3639/3639/3639 3650/3650/3650
f 3509/3509/3509 3649/3649/3649 3651/3651/3651
f 3507/3507/3507 3509/3509/3509 3651/3651/3651
f 3649/3649/3649 3652/3652/3652 3651/3651/3651
f 3652/3652/3652 3507/3507/3507 3651/3651/3651
f 3649/3649/3649 3653/3653/3653 3652/3652/3652
f 3652/3652/3652 3516/3516/3516 3507/3507/3507
f 3652/3652/3652 3653/3653/3653 3654/3654/3654
f 3523/3523/3523 3516/3516/3516 3652/3652/3652
f 3652/3652/3652 3654/3654/3654 3655/3655/3655
f 3523/3523/3523 3652/3652/3652 3655/3655/3655
f 3654/3654/3654 3656/3656/3656 3655/3655/3655
f 3656/3656/3656 3523/3523/3523 3655/3655/3655
f 3654/3654/3654 3657/3657/3657 3656/3656/3656
f 3656/3656/3656 3546/3546/3546 3523/3523/3523
f 3656/3656/3656 3657/3657/3657 3658/3658/3658
f 3547/3547/3547 3546/3546/3546 3656/3656/3656
f 3656/3656/3656 3658/3658/3658 3659/3659/3659
f 3547/3547/3547 3656/3656/3656 3659/3659/3659
f 3658/3658/3658 3660/3660/3660 3659/3659/3659
f 3660/3660/3660 3547/3547/3547 3659/3659/3659
f 3658/3658/3658 3661/3661/3661 3660/3660/3660
f 3660/3660/3660 3661/3661/3661 3662/3662/3662
f 3660/3660/3660 3663/3663/3663 3547/3547/3547
f 3663/3663/3663 3548/3548/3548 3547/3547/3547
f 3663/3663/3663 3551/3551/3551 3548/3548/3548
f 3551/3551/3551 3663/3663/3663 3664/3664/3664
f 3664/3664/3664 3663/3663/3663 3660/3660/3660
f 3551/3551/3551 3664/3664/3664 3566/3566/3566
f 3660/3660/3660 3662/3662/3662 3665/3665/3665
f 3664/3664/3664 3660/3660/3660 3665/3665/3665
f 3662/3662/3662 3666/3666/3666 3665/3665/3665
f 3666/3666/3666 3664/3664/3664 3665/3665/3665
f 3662/3662/3662 3667/3667/3667 3666/3666/3666
f 3668/3668/3668 3566/3566/3566 3664/3664/3664
f 3666/3666/3666 3668/3668/3668 3664/3664/3664
f 3668/3668/3668 3567/3567/3567 3566/3566/3566
f 3666/3666/3666 3667/3667/3667 3669/3669/3669
f 3567/3567/3567 3668/3668/3668 3670/3670/3670
f 3670/3670/3670 3668/3668/3668 3666/3666/3666
f 3567/3567/3567 3670/3670/3670 3569/3569/3569
f 3666/3666/3666 3669/3669/3669 3671/3671/3671
f 3670/3670/3670 3666/3666/3666 3671/3671/3671
f 3669/3669/3669 3672/3672/3672 3671/3671/3671
f 3672/3672/3672 3670/3670/3670 3671/3671/3671
f 3669/3669/3669 3673/3673/3673 3672/3672/3672
f 3674/3674/3674 3569/3569/3569 3670/3670/3670
f 3672/3672/3672 3674/3674/3674 3670/3670/3670
f 3674/3674/3674 3577/3577/3577 3569/3569/3569
f 3672/3672/3672 3673/3673/3673 3675/3675/3675
f 3577/3577/3577 3674/3674/3674 3676/3676/3676
f 3676/3676/3676 3674/3674/3674 3672/3672/3672
f 3577/3577/3577 3676/3676/3676 3586/3586/3586
f 3672/3672/3672 3675/3675/3675 3677/3677/3677
f 3676/3676/3676 3672/3672/3672 3677/3677/3677
f 3675/3675/3675 3678/3678/3678 3677/3677/3677
f 3678/3678/3678 3676/3676/3676 3677/3677/3677
f 3675/3675/3675 3679/3679/3679 3678/3678/3678
f 3680/3680/3680 3586/3586/3586 3676/3676/3676
f 3678/3678/3678 3680/3680/3680 3676/3676/3676
f 3680/3680/3680 3587/3587/3587 3586/3586/3586
f 3678/3678/3678 3679/3679/3679 3681/3681/3681
f 3587/3587/3587 3680/3680/3680 3682/3682/3682
f 3682/3682/3682 3680/3680/3680 3678/3678/3678
f 3587/3587/3587 3682/3682/3682 3589/3589/3589
f 3678/3678/3678 3681/3681/3681 3683/3683/3683
f 3682/3682/3682 3678/3678/3678 3683/3683/3683
f 3681/3681/3681 3684/3684/3684 3683/3683/3683
f 3684/3684/3684 3682/3682/3682 3683/3683/3683
f 3681/3681/3681 3685/3685/3685 3684/3684/3684
f 3686/3686/3686 3589/3589/3589 3682/3682/3682
f 3684/3684/3684 3686/3686/3686 3682/3682/3682
f 3686/3686/3686 3597/3597/3597 3589/3589/3589
f 3684/3684/3684 3685/3685/3685 3687/3687/3687
f 3597/3597/3597 3686/3686/3686 3688/3688/3688
f 3688/3688/3688 3686/3686/3686 3684/3684/3684
f 3597/3597/3597 3688/3688/3688 3606/3606/3606
f 3684/3684/3684 3687/3687/3687 3689/3689/3689
f 3688/3688/3688 3684/3684/3684 3689/3689/3689
f 3687/3687/3687 3690/3690/3690 3689/3689/3689
f 3690/3690/3690 3688/3688/3688 3689/3689/3689
f 3687/3687/3687 3691/3691/3691 3690/3690/3690
f 3692/3692/3692 3606/3606/3606 3688/3688/3688
f 3690/3690/3690 3692/3692/3692 3688/3688/3688
f 3692/3692/3692 3607/3607/3607 3606/3606/3606
f 3690/3690/3690 3691/3691/3691 3693/3693/3693
f 3607/3607/3607 3692/3692/3692 3694/3694/3694
f 3694/3694/3694 3692/3692/3692 3690/3690/3690
f 3607/3607/3607 3694/3694/3694 3609/3609/3609
f 3690/3690/3690 3693/3693/3693 3695/3695/3695
f 3694/3694/3694 3690/3690/3690 3695/3695/3695
f 3693/3693/3693 3696/3696/3696 3695/3695/3695
f 3696/3696/3696 3694/3694/3694 3695/3695/3695
f 3693/3693/3693 3697/3697/3697 3696/3696/3696
f 3698/3698/3698 3609/3609/3609 3694/3694/3694
f 3696/3696/3696 3698/3698/3698 3694/3694/3694
f 3698/3698/3698 3617/3617/3617 3609/3609/3609
f 3696/3696/3696 3697/3697/3697 3646/3646/3646
f 3617/3617/3617 3698/3698/3698 3639/3639/3639
f 3639/3639/3639 3698/3698/3698 3696/3696/3696
f 3639/3639/3639 3696/3696/3696 3650/3650/3650
f 3696/3696/3696 3646/3646/3646 3650/3650/3650
f 3699/3699/3699 3700/3700/3700 3701/3701/3701
f 3699/3699/3699 3701/3701/3701 3702/3702/3702
f 3700/3700/3700 3703/3703/3703 3701/3701/3701
f 3704/3704/3704 3699/3699/3699 3702/3702/3702
f 3700/3700/3700 3705/3705/3705 3703/3703/3703
f 3704/3704/3704 3702/3702/3702 3706/3706/3706
f 3705/3705/3705 3707/3707/3707 3703/3703/3703
f 3708/3708/3708 3704/3704/3704 3706/3706/3706
f 3705/3705/3705 3709/3709/3709 3707/3707/3707
f 3708/3708/3708 3706/3706/3706 3710/3710/3710
f 3709/3709/3709 3711/3711/3711 3707/3707/3707
f 3712/3712/3712 3708/3708/3708 3710/3710/3710
f 3709/3709/3709 3713/3713/3713 3711/3711/3711
f 3712/3712/3712 3710/3710/3710 3714/3714/3714
f 3713/3713/3713 3715/3715/3715 3711/3711/3711
f 3716/3716/3716 3712/3712/3712 3714/3714/3714
f 3713/3713/3713 3717/3717/3717 3715/3715/3715
f 3716/3716/3716 3714/3714/3714 3718/3718/3718
f 3717/3717/3717 3719/3719/3719 3715/3715/3715
f 3720/3720/3720 3716/3716/3716 3718/3718/3718
f 3717/3717/3717 3721/3721/3721 3719/3719/3719
f 3720/3720/3720 3718/3718/3718 3722/3722/3722
f 3721/3721/3721 3723/3723/3723 3719/3719/3719
f 3724/3724/3724 3720/3720/3720 3722/3722/3722
f 3721/3721/3721 3725/3725/3725 3723/3723/3723
f 3724/3724/3724 3722/3722/3722 3726/3726/3726
f 3725/3725/3725 3727/3727/3727 3723/3723/3723
f 3728/3728/3728 3724/3724/3724 3726/3726/3726
f 3725/3725/3725 3729/3729/3729 3727/3727/3727
f 3728/3728/3728 3726/3726/3726 3730/3730/3730
f 3729/3729/3729 3731/3731/3731 3727/3727/3727
f 3732/3732/3732 3728/3728/3728 3730/3730/3730
f 3729/3729/3729 3733/3733/3733 3731/3731/3731
f 3732/3732/3732 3730/3730/3730 3734/3734/3734
f 3733/3733/3733 3735/3735/3735 3731/3731/3731
f 3736/3736/3736 3732/3732/3732 3734/3734/3734
f 3733/3733/3733 3737/3737/3737 3735/3735/3735
f 3736/3736/3736 3734/3734/3734 3738/3738/3738
f 3737/3737/3737 3739/3739/3739 3735/3735/3735
f 3740/3740/3740 3736/3736/3736 3738/3738/3738
f 3737/3737/3737 3741/3741/3741 3739/3739/3739
f 3740/3740/3740 3738/3738/3738 3742/3742/3742
f 3741/3741/3741 3743/3743/3743 3739/3739/3739
f 3744/3744/3744 3740/3740/3740 3742/3742/3742
f 3741/3741/3741 3745/3745/3745 3743/3743/3743
f 3744/3744/3744 3742/3742/3742 3746/3746/3746
f 3745/3745/3745 3744/3744/3744 3746/3746/3746
f 3745/3745/3745 3746/3746/3746 3743/3743/3743
f 3747/3747/3747 3748/3748/3748 3749/3749/3749
f 3750/3750/3750 3748/3748/3748 3747/3747/3747
f 3749/3749/3749 3748/3748/3748 3751/3751/3751
f 3752/3752/3752 3748/3748/3748 3750/3750/3750
f 3751/3751/3751 3748/3748/3748 3753/3753/3753
f 3754/3754/3754 3748/3748/3748 3752/3752/3752
f 3753/3753/3753 3748/3748/3748 3755/3755/3755
f 3756/3756/3756 3748/3748/3748 3754/3754/3754
f 3755/3755/3755 3748/3748/3748 3757/3757/3757
f 3758/3758/3758 3748/3748/3748 3756/3756/3756
f 3757/3757/3757 3748/3748/3748 3759/3759/3759
f 3760/3760/3760 3748/3748/3748 3758/3758/3758
f 3759/3759/3759 3748/3748/3748 3761/3761/3761
f 3762/3762/3762 3748/3748/3748 3760/3760/3760
f 3761/3761/3761 3748/3748/3748 3763/3763/3763
f 3764/3764/3764 3748/3748/3748 3762/3762/3762
f 3763/3763/3763 3748/3748/3748 3765/3765/3765
f 3766/3766/3766 3748/3748/3748 3764/3764/3764
f 3767/3767/3767 3748/3748/3748 3766/3766/3766
f 3765/3765/3765 3748/3748/3748 3768/3768/3768
f 3769/3769/3769 3748/3748/3748 3767/3767/3767
f 3768/3768/3768 3748/3748/3748 3770/3770/3770
f 3771/3771/3771 3748/3748/3748 3769/3769/3769
f 3770/3770/3770 3748/3748/3748 3771/3771/3771
f 3772/3772/3772 3773/3773/3773 3774/3774/3774
f 3772/3772/3772 3774/3774/3774 3775/3775/3775
f 3776/3776/3776 3773/3773/3773 3772/3772/3772
f 3776/3776/3776 3777/3777/3777 3773/3773/3773
f 3778/3778/3778 3777/3777/3777 3776/3776/3776
f 3778/3778/3778 3779/3779/3779 3777/3777/3777
f 3780/3780/3780 3779/3779/3779 3778/3778/3778
f 3780/3780/3780 3781/3781/3781 3779/3779/3779
f 3782/3782/3782 3781/3781/3781 3780/3780/3780
f 3782/3782/3782 3783/3783/3783 3781/3781/3781
f 3784/3784/3784 3783/3783/3783 3782/3782/3782
f 3784/3784/3784 3785/3785/3785 3783/3783/3783
f 3786/3786/3786 3785/3785/3785 3784/3784/3784
f 3786/3786/3786 3787/3787/3787 3785/3785/3785
f 3788/3788/3788 3787/3787/3787 3786/3786/3786
f 3788/3788/3788 3789/3789/3789 3787/3787/3787
f 3790/3790/3790 3789/3789/3789 3788/3788/3788
f 3790/3790/3790 3791/3791/3791 3789/3789/3789
f 3792/3792/3792 3791/3791/3791 3790/3790/3790
f 3792/3792/3792 3793/3793/3793 3791/3791/3791
f 3794/3794/3794 3793/3793/3793 3792/3792/3792
f 3794/3794/3794 3795/3795/3795 3793/3793/3793
f 3796/3796/3796 3795/3795/3795 3794/3794/3794
f 3796/3796/3796 3797/3797/3797 3795/3795/3795
f 3798/3798/3798 3799/3799/3799 3800/3800/3800
f 3798/3798/3798 3800/3800/3800 3801/3801/3801
f 3802/3802/3802 3799/3799/3799 3798/3798/3798
f 3802/3802/3802 3803/3803/3803 3799/3799/3799
f 3804/3804/3804 3803/3803/3803 3802/3802/3802
f 3804/3804/3804 3805/3805/3805 3803/3803/3803
f 3806/3806/3806 3805/3805/3805 3804/3804/3804
f 3806/3806/3806 3807/3807/3807 3805/3805/3805
f 3808/3808/3808 3807/3807/3807 3806/3806/3806
f 3808/3808/3808 3809/3809/3809 3807/3807/3807
f 3810/3810/3810 3809/3809/3809 3808/3808/3808
f 3810/3810/3810 3811/3811/3811 3809/3809/3809
f 3812/3812/3812 3811/3811/3811 3810/3810/3810
f 3812/3812/3812 3813/3813/3813 3811/3811/3811
f 3814/3814/3814 3813/3813/3813 3812/3812/3812
f 3814/3814/3814 3815/3815/3815 3813/3813/3813
f 3816/3816/3816 3815/3815/3815 3814/3814/3814
f 3816/3816/3816 3817/3817/3817 3815/3815/3815
f 3818/3818/3818 3817/3817/3817 3816/3816/3816
f 3818/3818/3818 3819/3819/3819 3817/3817/3817
f 3820/3820/3820 3819/3819/3819 3818/3818/3818
f 3820/3820/3820 3821/3821/3821 3819/3819/3819
f 3822/3822/3822 3821/3821/3821 3820/3820/3820
f 3822/3822/3822 3823/3823/3823 3821/3821/3821
f 3824/3824/3824 3825/3825/3825 3826/3826/3826
f 3824/3824/3824 3826/3826/3826 3827/3827/3827
f 3828/3828/3828 3825/3825/3825 3824/3824/3824
f 3828/3828/3828 3829/3829/3829 3825/3825/3825
f 3830/3830/3830 3829/3829/3829 3828/3828/3828
f 3830/3830/3830 3831/3831/3831 3829/3829/3829
f 3832/3832/3832 3831/3831/3831 3830/3830/3830
f 3832/3832/3832 3833/3833/3833 3831/3831/3831
f 3834/3834/3834 3833/3833/3833 3832/3832/3832
f 3834/3834/3834 3835/3835/3835 3833/3833/3833
f 3836/3836/3836 3835/3835/3835 3834/3834/3834
f 3836/3836/3836 3837/3837/3837 3835/3835/3835
f 3838/3838/3838 3837/3837/3837 3836/3836/3836
f 3838/3838/3838 3839/3839/3839 3837/3837/3837
f 3840/3840/3840 3839/3839/3839 3838/3838/3838
f 3840/3840/3840 3841/3841/3841 3839/3839/3839
f 3842/3842/3842 3841/3841/3841 3840/3840/3840
f 3842/3842/3842 3843/3843/3843 3841/3841/3841
f 3844/3844/3844 3843/3843/3843 3842/3842/3842
f 3844/3844/3844 3845/3845/3845 3843/3843/3843
f 3846/3846/3846 3845/3845/3845 3844/3844/3844
f 3846/3846/3846 3847/3847/3847 3845/3845/3845
f 3848/3848/3848 3847/3847/3847 3846/3846/3846
f 3848/3848/3848 3849/3849/3849 3847/3847/3847
f 3850/3850/3850 3851/3851/3851 3852/3852/3852
f 3853/3853/3853 3851/3851/3851 3850/3850/3850
f 3854/3854/3854 3851/3851/3851 3853/3853/3853
f 3855/3855/3855 3856/3856/3856 3850/3850/3850
f 3856/3856/3856 3857/3857/3857 3850/3850/3850
f 3853/3853/3853 3850/3850/3850 3857/3857/3857
f 3856/3856/3856 3858/3858/3858 3857/3857/3857
f 3857/3857/3857 3859/3859/3859 3853/3853/3853
f 3857/3857/3857 3860/3860/3860 3859/3859/3859
f 3859/3859/3859 3861/3861/3861 3853/3853/3853
f 3862/3862/3862 3863/3863/3863 3864/3864/3864
f 3862/3862/3862 3864/3864/3864 3865/3865/3865
f 3863/3863/3863 3866/3866/3866 3864/3864/3864
f 3867/3867/3867 3862/3862/3862 3865/3865/3865
f 3867/3867/3867 3865/3865/3865 3868/3868/3868
f 3869/3869/3869 3862/3862/3862 3867/3867/3867
f 3869/3869/3869 3870/3870/3870 3862/3862/3862
f 3870/3870/3870 3863/3863/3863 3862/3862/3862
f 3871/3871/3871 3870/3870/3870 3869/3869/3869
f 3863/3863/3863 3872/3872/3872 3866/3866/3866
f 3872/3872/3872 3873/3873/3873 3866/3866/3866
f 3870/3870/3870 3874/3874/3874 3863/3863/3863
f 3874/3874/3874 3872/3872/3872 3863/3863/3863
f 3871/3871/3871 3875/3875/3875 3870/3870/3870
f 3875/3875/3875 3874/3874/3874 3870/3870/3870
f 3876/3876/3876 3875/3875/3875 3871/3871/3871
f 3872/3872/3872 3877/3877/3877 3873/3873/3873
f 3877/3877/3877 3878/3878/3878 3873/3873/3873
f 3874/3874/3874 3879/3879/3879 3872/3872/3872
f 3879/3879/3879 3877/3877/3877 3872/3872/3872
f 3875/3875/3875 3880/3880/3880 3874/3874/3874
f 3880/3880/3880 3879/3879/3879 3874/3874/3874
f 3876/3876/3876 3881/3881/3881 3875/3875/3875
f 3881/3881/3881 3880/3880/3880 3875/3875/3875
f 3882/3882/3882 3881/3881/3881 3876/3876/3876
f 3877/3877/3877 3883/3883/3883 3878/3878/3878
f 3883/3883/3883 3884/3884/3884 3878/3878/3878
f 3883/3883/3883 3885/3885/3885 3884/3884/3884
f 3886/3886/3886 3885/3885/3885 3883/3883/3883
f 3877/3877/3877 3886/3886/3886 3883/3883/3883
f 3886/3886/3886 3887/3887/3887 3885/3885/3885
f 3886/3886/3886 3888/3888/3888 3887/3887/3887
f 3877/3877/3877 3889/3889/3889 3886/3886/3886
f 3879/3879/3879 3889/3889/3889 3877/3877/3877
f 3886/3886/3886 3890/3890/3890 3888/3888/3888
f 3889/3889/3889 3890/3890/3890 3886/3886/3886
f 3890/3890/3890 3891/3891/3891 3888/3888/3888
f 3892/3892/3892 3889/3889/3889 3879/3879/3879
f 3880/3880/3880 3892/3892/3892 3879/3879/3879
f 3889/3889/3889 3893/3893/3893 3890/3890/3890
f 3892/3892/3892 3893/3893/3893 3889/3889/3889
f 3890/3890/3890 3894/3894/3894 3891/3891/3891
f 3893/3893/3893 3894/3894/3894 3890/3890/3890
f 3895/3895/3895 3891/3891/3891 3894/3894/3894
f 3895/3895/3895 3896/3896/3896 3891/3891/3891
f 3893/3893/3893 3897/3897/3897 3894/3894/3894
f 3897/3897/3897 3895/3895/3895 3894/3894/3894
f 3898/3898/3898 3893/3893/3893 3892/3892/3892
f 3898/3898/3898 3897/3897/3897 3893/3893/3893
f 3899/3899/3899 3892/3892/3892 3880/3880/3880
f 3899/3899/3899 3898/3898/3898 3892/3892/3892
f 3881/3881/3881 3899/3899/3899 3880/3880/3880
f 3900/3900/3900 3896/3896/3896 3895/3895/3895
f 3900/3900/3900 3901/3901/3901 3896/3896/3896
f 3902/3902/3902 3899/3899/3899 3881/3881/3881
f 3882/3882/3882 3902/3902/3902 3881/3881/3881
f 3903/3903/3903 3902/3902/3902 3882/3882/3882
f 3902/3902/3902 3904/3904/3904 3899/3899/3899
f 3904/3904/3904 3898/3898/3898 3899/3899/3899
f 3903/3903/3903 3905/3905/3905 3902/3902/3902
f 3905/3905/3905 3904/3904/3904 3902/3902/3902
f 3906/3906/3906 3905/3905/3905 3903/3903/3903
f 3904/3904/3904 3907/3907/3907 3898/3898/3898
f 3907/3907/3907 3897/3897/3897 3898/3898/3898
f 3905/3905/3905 3908/3908/3908 3904/3904/3904
f 3908/3908/3908 3907/3907/3907 3904/3904/3904
f 3906/3906/3906 3909/3909/3909 3905/3905/3905
f 3909/3909/3909 3908/3908/3908 3905/3905/3905
f 3910/3910/3910 3909/3909/3909 3906/3906/3906
f 3907/3907/3907 3911/3911/3911 3897/3897/3897
f 3897/3897/3897 3911/3911/3911 3895/3895/3895
f 3908/3908/3908 3912/3912/3912 3907/3907/3907
f 3912/3912/3912 3911/3911/3911 3907/3907/3907
f 3909/3909/3909 3913/3913/3913 3908/3908/3908
f 3913/3913/3913 3912/3912/3912 3908/3908/3908
f 3910/3910/3910 3914/3914/3914 3909/3909/3909
f 3914/3914/3914 3913/3913/3913 3909/3909/3909
f 3915/3915/3915 3914/3914/3914 3910/3910/3910
f 3916/3916/3916 3895/3895/3895 3911/3911/3911
f 3912/3912/3912 3916/3916/3916 3911/3911/3911
f 3916/3916/3916 3900/3900/3900 3895/3895/3895
f 3913/3913/3913 3917/3917/3917 3912/3912/3912
f 3917/3917/3917 3916/3916/3916 3912/3912/3912
f 3914/3914/3914 3918/3918/3918 3913/3913/3913
f 3918/3918/3918 3917/3917/3917 3913/3913/3913
f 3915/3915/3915 3919/3919/3919 3914/3914/3914
f 3919/3919/3919 3918/3918/3918 3914/3914/3914
f 3920/3920/3920 3919/3919/3919 3915/3915/3915
f 3921/3921/3921 3900/3900/3900 3916/3916/3916
f 3917/3917/3917 3921/3921/3921 3916/3916/3916
f 3921/3921/3921 3922/3922/3922 3900/3900/3900
f 3922/3922/3922 3901/3901/3901 3900/3900/3900
f 3922/3922/3922 3923/3923/3923 3901/3901/3901
f 3920/3920/3920 3924/3924/3924 3919/3919/3919
f 3925/3925/3925 3924/3924/3924 3920/3920/3920
f 3924/3924/3924 3926/3926/3926 3919/3919/3919
f 3919/3919/3919 3926/3926/3926 3918/3918/3918
f 3925/3925/3925 3927/3927/3927 3924/3924/3924
f 3928/3928/3928 3927/3927/3927 3925/3925/3925
f 3928/3928/3928 3929/3929/3929 3927/3927/3927
f 3918/3918/3918 3930/3930/3930 3917/3917/3917
f 3926/3926/3926 3930/3930/3930 3918/3918/3918
f 3930/3930/3930 3921/3921/3921 3917/3917/3917
f 3924/3924/3924 3931/3931/3931 3926/3926/3926
f 3927/3927/3927 3931/3931/3931 3924/3924/3924
f 3926/3926/3926 3932/3932/3932 3930/3930/3930
f 3931/3931/3931 3932/3932/3932 3926/3926/3926
f 3930/3930/3930 3933/3933/3933 3921/3921/3921
f 3932/3932/3932 3933/3933/3933 3930/3930/3930
f 3933/3933/3933 3922/3922/3922 3921/3921/3921
f 3929/3929/3929 3934/3934/3934 3927/3927/3927
f 3927/3927/3927 3934/3934/3934 3931/3931/3931
f 3929/3929/3929 3935/3935/3935 3934/3934/3934
f 3931/3931/3931 3936/3936/3936 3932/3932/3932
f 3934/3934/3934 3936/3936/3936 3931/3931/3931
f 3935/3935/3935 3937/3937/3937 3934/3934/3934
f 3934/3934/3934 3937/3937/3937 3936/3936/3936
f 3935/3935/3935 3938/3938/3938 3937/3937/3937
f 3936/3936/3936 3939/3939/3939 3932/3932/3932
f 3932/3932/3932 3939/3939/3939 3933/3933/3933
f 3937/3937/3937 3940/3940/3940 3936/3936/3936
f 3936/3936/3936 3940/3940/3940 3939/3939/3939
f 3938/3938/3938 3941/3941/3941 3937/3937/3937
f 3937/3937/3937 3941/3941/3941 3940/3940/3940
f 3938/3938/3938 3942/3942/3942 3941/3941/3941
f 3939/3939/3939 3943/3943/3943 3933/3933/3933
f 3933/3933/3933 3943/3943/3943 3922/3922/3922
f 3943/3943/3943 3923/3923/3923 3922/3922/3922
f 3943/3943/3943 3944/3944/3944 3923/3923/3923
f 3939/3939/3939 3945/3945/3945 3943/3943/3943
f 3945/3945/3945 3944/3944/3944 3943/3943/3943
f 3940/3940/3940 3945/3945/3945 3939/3939/3939
f 3945/3945/3945 3946/3946/3946 3944/3944/3944
f 3940/3940/3940 3947/3947/3947 3945/3945/3945
f 3947/3947/3947 3946/3946/3946 3945/3945/3945
f 3941/3941/3941 3947/3947/3947 3940/3940/3940
f 3947/3947/3947 3948/3948/3948 3946/3946/3946
f 3941/3941/3941 3949/3949/3949 3947/3947/3947
f 3949/3949/3949 3948/3948/3948 3947/3947/3947
f 3942/3942/3942 3949/3949/3949 3941/3941/3941
f 3949/3949/3949 3950/3950/3950 3948/3948/3948
f 3942/3942/3942 3951/3951/3951 3949/3949/3949
f 3951/3951/3951 3950/3950/3950 3949/3949/3949
f 3951/3951/3951 3952/3952/3952 3950/3950/3950
