o Sponza_Mesh_000
v 3.809466 -1.795670 1.028706
v 3.772036 -1.748341 1.160816
v 3.756426 -1.749786 0.935602
v 3.755018 -1.728958 1.148060
v 3.730711 -1.691011 1.141413
v 3.726663 -1.714046 0.901382
v 3.740547 -1.732887 0.889590
v 3.717777 -1.699551 0.859606
v 3.749567 -1.741525 0.881881
v 3.714001 -1.689067 0.825053
v 3.797269 -1.787867 0.941190
v 3.746109 -1.720949 0.813680
v 3.719127 -1.687735 0.804942
v 3.745371 -1.714328 0.796317
v 3.728622 -1.690735 0.792052
v 3.764235 -1.735594 0.800582
v 3.776956 -1.748558 0.822418
v 3.792772 -1.766922 0.833144
v 3.789115 -1.773159 0.882161
v 3.827400 -1.811946 0.874090
v 3.816724 -1.796027 0.821649
v 3.850985 -1.827430 0.817543
v 3.893839 -1.852349 0.850441
v 3.859883 -1.836315 0.944416
v 3.918462 -1.862058 0.898990
v 3.896529 -1.854244 0.941846
v 3.854227 -1.832754 0.981854
v 3.888695 -1.847957 1.094406
v 3.841663 -1.817699 1.177511
v 3.924897 -1.857684 1.206957
v 3.890837 -1.837207 1.248560
v 3.771477 -1.756114 1.276127
v 3.809228 -1.787425 1.286914
v 3.861377 -1.813057 1.290163
v 3.765226 -1.738978 1.185789
v 3.754910 -1.732208 1.250267
v 3.748293 -1.714074 1.216870
v 4.158504 -1.432763 1.028706
v 4.182409 -1.488166 1.160816
v 4.197862 -1.490810 0.935602
v 4.193831 -1.511293 1.148060
v 4.207488 -1.554239 1.141413
v 4.217360 -1.533036 0.901382
v 4.208826 -1.511243 0.889590
v 4.222192 -1.549337 0.859606
v 4.202349 -1.500565 0.881882
v 4.223126 -1.560439 0.825053
v 4.168266 -1.443457 0.941190
v 4.200363 -1.521335 0.813680
v 4.217830 -1.560401 0.804942
v 4.199363 -1.527922 0.796317
v 4.209435 -1.555046 0.792052
v 4.186645 -1.502498 0.800582
v 4.177713 -1.486682 0.822418
v 4.167189 -1.464851 0.833144
v 4.172335 -1.459773 0.882161
v 4.145395 -1.412400 0.874090
v 4.151586 -1.430539 0.821649
v 4.126620 -1.391339 0.817544
v 4.091675 -1.356178 0.850441
v 4.120326 -1.380454 0.944416
v 4.070405 -1.340426 0.898991
v 4.089568 -1.353650 0.941846
v 4.124867 -1.385357 0.981854
v 4.095508 -1.361751 1.094406
v 4.133107 -1.403151 1.177511
v 4.063057 -1.342987 1.206957
v 4.090656 -1.371582 1.248560
v 4.184961 -1.480802 1.276127
v 4.156599 -1.440788 1.286914
v 4.112862 -1.402533 1.290163
v 4.186565 -1.498973 1.185789
v 4.194776 -1.508183 1.250267
v 4.196475 -1.527410 1.216870
v 3.809703 -1.310115 1.387094
v 3.787014 -1.337754 1.353662
v 3.764963 -1.350163 1.384475
v 3.795639 -1.316563 1.414274
v 3.760337 -1.367386 1.354519
v 3.779934 -1.360757 1.341500
v 3.845069 -1.287536 1.401472
v 3.854422 -1.280306 1.426825
v 3.826738 -1.305786 1.358616
v 3.793991 -1.340714 1.344589
v 3.876979 -1.279770 1.372148
v 3.916505 -1.256978 1.433154
v 3.795635 -1.356230 1.343633
v 3.837368 -1.311466 1.340880
v 3.854275 -1.295137 1.349680
v 3.851071 -1.309504 1.340497
v 3.878894 -1.288866 1.351029
v 3.902143 -1.272958 1.379582
v 3.913719 -1.281747 1.360123
v 3.884785 -1.301167 1.350623
v 3.961891 -1.276765 1.375828
v 3.970066 -1.255423 1.440623
v 3.951991 -1.245138 1.444290
v 3.974580 -1.239201 1.464525
v 4.009274 -1.258474 1.460029
v 3.998971 -1.240609 1.498152
v 4.024263 -1.246458 1.525712
v 3.989535 -1.265802 1.417060
v 4.044661 -1.264636 1.478461
v 4.050351 -1.253810 1.527747
v 4.069327 -1.261759 1.518315
v 4.084738 -1.275443 1.502188
v 4.099725 -1.282458 1.455197
v 4.119450 -1.290759 1.485404
v 4.148187 -1.306837 1.453701
v 4.146360 -1.307991 1.399656
v 4.119515 -1.297539 1.354529
v 4.059016 -1.271695 1.401130
v 4.011968 -1.273062 1.378441
v 4.036278 -1.273954 1.375646
v 4.070456 -1.284013 1.349577
v 4.094226 -1.284322 1.372975
v 4.119515 -1.297539 1.354529
v 4.033807 -1.280749 1.354162
v 3.947506 -1.287890 1.334777
v 3.919484 -1.292836 1.343679
v 3.885752 -1.311444 1.313507
v 3.851197 -1.325544 1.327800
v 3.932878 -1.296894 1.296306
v 3.834413 -1.343417 1.325099
v 3.918643 -1.307081 1.275859
v 3.844459 -1.342108 1.316954
v 3.981168 -1.291295 1.280713
v 3.869806 -1.331813 1.282845
v 3.816991 -1.373801 1.329227
v 3.800005 -1.371339 1.335300
v 3.789761 -1.373140 1.341009
v 3.779821 -1.375222 1.359135
v 3.796017 -1.382506 1.335273
v 3.774645 -1.395113 1.340244
v 3.755148 -1.405238 1.368286
v 3.753319 -1.419637 1.335526
v 3.739854 -1.430322 1.351367
v 3.739454 -1.439617 1.331419
v 3.759992 -1.424361 1.331486
v 3.780840 -1.400060 1.337938
v 3.783591 -1.410618 1.342103
v 3.800353 -1.392118 1.338460
v 3.789269 -1.417463 1.353803
v 3.801239 -1.401847 1.345616
v 3.791010 -1.422906 1.358130
v 3.823934 -1.380873 1.323036
v 3.834028 -1.362378 1.310546
v 3.854663 -1.353527 1.291111
v 3.882605 -1.329137 1.270886
v 3.901135 -1.326052 1.265454
v 3.913973 -1.312381 1.268114
v 3.941640 -1.304886 1.265753
v 3.970732 -1.304749 1.260672
v 3.976546 -1.299546 1.265305
v 4.015400 -1.294892 1.272507
v 4.036120 -1.300310 1.270444
v 4.042211 -1.295444 1.283826
v 4.067892 -1.301812 1.288454
v 4.070367 -1.298097 1.311816
v 3.995406 -1.284580 1.317973
v 4.027507 -1.287049 1.316622
v 4.046982 -1.287718 1.337647
v 4.017550 -1.321802 1.461110
v 3.973581 -1.316398 1.435348
v 3.903647 -1.318165 1.450406
v 3.903570 -1.318415 1.365919
v 4.006384 -1.321586 1.369211
v 3.827198 -1.335283 1.438066
v 3.788795 -1.351602 1.373289
v 4.087879 -1.350084 1.384131
v 3.787451 -1.351451 1.470020
v 3.705654 -1.408094 1.398515
v 4.079832 -1.342951 1.463638
v 4.144276 -1.391236 1.411645
v 4.093016 -1.346332 1.504530
v 4.181342 -1.431654 1.457714
v 3.904702 -1.319058 1.567622
v 4.141997 -1.373638 1.541408
v 4.207824 -1.463695 1.528302
v 4.222287 -1.473362 1.590068
v 4.127520 -1.355354 1.578958
v 4.219061 -1.444396 1.609672
v 3.786628 -1.353224 1.539608
v 4.066211 -1.316442 1.587909
v 4.142502 -1.358794 1.595655
v 4.198088 -1.396635 1.608197
v 3.749305 -1.374206 1.488402
v 3.681531 -1.436831 1.511594
v 3.681206 -1.434525 1.448792
v 3.845464 -1.350923 1.444420
v 3.788990 -1.388650 1.478053
v 3.878282 -1.344828 1.575998
v 3.827951 -1.355598 1.381940
v 3.772428 -1.408772 1.552024
v 3.932778 -1.325987 1.455066
v 3.736460 -1.442254 1.410942
v 3.977031 -1.319442 1.372498
v 3.752414 -1.427899 1.500615
v 3.713349 -1.509585 1.534669
v 3.715887 -1.490633 1.466233
v 4.018971 -1.323673 1.440383
v 4.093420 -1.340959 1.375884
v 4.035163 -1.327068 1.483202
v 4.170992 -1.379705 1.392662
v 4.004571 -1.334367 1.613207
v 4.063684 -1.339100 1.537366
v 4.103037 -1.361033 1.644416
v 4.140906 -1.372971 1.520340
v 4.219794 -1.417276 1.423395
v 4.189521 -1.402247 1.551678
v 4.237814 -1.429862 1.474508
v 4.151125 -1.370699 1.650386
v 4.219912 -1.402149 1.552422
v 4.177956 -1.360586 1.643736
v 4.133021 -1.793701 1.444420
v 4.177807 -1.742643 1.478053
v 4.102899 -1.808082 1.575997
v 4.148727 -1.784651 1.381940
v 4.188596 -1.718919 1.552024
v 4.055137 -1.840386 1.455066
v 4.214672 -1.677270 1.410942
v 4.014085 -1.858161 1.372498
v 4.202977 -1.695265 1.500614
v 4.219570 -1.606250 1.534669
v 4.222024 -1.625214 1.466233
v 3.972479 -1.864929 1.440382
v 3.896094 -1.867501 1.375883
v 3.955961 -1.865842 1.483202
v 3.811136 -1.850151 1.392662
v 3.983621 -1.850872 1.613207
v 3.925297 -1.861600 1.537366
v 3.881609 -1.850599 1.644416
v 3.841941 -1.848869 1.520340
v 3.754273 -1.826491 1.423395
v 3.787404 -1.833173 1.551678
v 3.733608 -1.818998 1.474508
v 3.832658 -1.853709 1.650386
v 3.758074 -1.841133 1.552422
v 3.809358 -1.870421 1.643736
v 3.735553 -1.484140 0.915378
v 3.711584 -1.576580 0.882370
v 3.707907 -1.546763 0.992828
v 3.714985 -1.563107 0.850294
v 3.708503 -1.599741 0.852286
v 3.711228 -1.632104 0.816876
v 3.726423 -1.589391 0.739230
v 3.717371 -1.622133 0.771775
v 3.728459 -1.549383 0.785298
v 3.739050 -1.552792 0.741486
v 3.739881 -1.496458 0.837546
v 3.747764 -1.503946 0.787353
v 3.752665 -1.522019 0.749895
v 3.770239 -1.435345 0.769419
v 3.772095 -1.462405 0.710930
v 3.760798 -1.504054 0.735810
v 3.765526 -1.491798 0.710478
v 3.787918 -1.438963 0.682971
v 3.790755 -1.421740 0.686051
v 3.792495 -1.409561 0.698821
v 3.789855 -1.407861 0.730972
v 3.784895 -1.411562 0.772814
v 3.767309 -1.415638 1.016971
v 3.807701 -1.376675 0.876227
v 3.836815 -1.345454 0.979641
v 3.799054 -1.377987 0.998306
v 3.718588 -1.502361 0.997965
v 3.726570 -1.477695 1.053302
v 3.744104 -1.449726 1.104198
v 3.788204 -1.391196 1.073641
v 3.768260 -1.422630 1.152874
v 3.811806 -1.369279 1.130311
v 3.738879 -1.482734 1.175438
v 3.715757 -1.516355 1.134756
v 3.702023 -1.556828 1.094027
v 3.705183 -1.603334 1.053206
v 3.712253 -1.601759 0.959180
v 3.717057 -1.641354 1.013530
v 3.723249 -1.662878 0.976237
v 3.712790 -1.612978 0.911493
v 3.725438 -1.677150 0.940134
v 4.149269 -1.752807 0.915378
v 4.196346 -1.669721 0.882370
v 4.192181 -1.699475 0.992827
v 4.189574 -1.681854 0.850294
v 4.205317 -1.648146 0.852286
v 4.211061 -1.616181 0.816875
v 4.185329 -1.653505 0.739229
v 4.202548 -1.624222 0.771774
v 4.173008 -1.691623 0.785298
v 4.163658 -1.685589 0.741486
v 4.148277 -1.739787 0.837546
v 4.142600 -1.730516 0.787353
v 4.142544 -1.711790 0.749895
v 4.103135 -1.790962 0.769418
v 4.108346 -1.764344 0.710930
v 4.130039 -1.727039 0.735810
v 4.122300 -1.737653 0.710478
v 4.086995 -1.782892 0.682971
v 4.079798 -1.798794 0.686051
v 4.074964 -1.810107 0.698821
v 4.077074 -1.812432 0.730972
v 4.082823 -1.810141 0.772813
v 4.100865 -1.810757 1.016971
v 4.051765 -1.837937 0.876226
v 4.015563 -1.860558 0.979641
v 4.060458 -1.838909 0.998306
v 4.170372 -1.739598 0.997965
v 4.156278 -1.761358 1.053302
v 4.132102 -1.783836 1.104198
v 4.074355 -1.828956 1.073641
v 4.101756 -1.803757 1.152874
v 4.045886 -1.844019 1.130311
v 4.145692 -1.753306 1.175438
v 4.176729 -1.726814 1.134756
v 4.200470 -1.691274 1.094027
v 4.209453 -1.645535 1.053206
v 4.202489 -1.663339 0.996421
v 4.207825 -1.605737 1.013530
v 4.202217 -1.645227 0.959179
v 4.207415 -1.583345 0.976237
v 4.204603 -1.634252 0.911493
v 4.208995 -1.568992 0.940135
v 4.256932 -1.480545 1.511804
v 4.236213 -1.410389 1.578156
v 4.277068 -1.513439 1.564851
v 4.286646 -1.548507 1.586844
v 4.276488 -1.606107 1.524286
v 4.211598 -1.360589 1.635245
v 4.173066 -1.342091 1.600037
v 4.297831 -1.563054 1.628186
v 4.103085 -1.290765 1.643509
v 4.288633 -1.628016 1.601064
v 4.238198 -1.770973 1.623884
v 4.164190 -1.347195 1.580147
v 4.053920 -1.285914 1.631085
v 4.067024 -1.304392 1.576078
v 4.147145 -1.345000 1.555083
v 4.100183 -1.328413 1.498993
v 4.191216 -1.389946 1.506384
v 4.179053 -1.379080 1.400174
v 4.121219 -1.337206 1.420328
v 4.138059 -1.337663 1.340874
v 4.212473 -1.408071 1.350369
v 4.260342 -1.509365 1.357162
v 4.220873 -1.427613 1.457579
v 4.258721 -1.499061 1.435150
v 4.269086 -1.589356 1.410064
v 4.260510 -1.639877 1.358550
v 4.264994 -1.632404 1.438195
v 4.209865 -1.751003 1.365546
v 4.258652 -1.671743 1.472383
v 4.222287 -1.746886 1.454538
v 4.233880 -1.743502 1.546067
v 4.179891 -1.793655 1.441711
v 4.149147 -1.812291 1.389157
v 4.101882 -1.841470 1.439437
v 4.162850 -1.809732 1.485710
v 4.133111 -1.829822 1.533231
v 4.074254 -1.854675 1.526437
v 4.144482 -1.826366 1.578350
v 4.066743 -1.861151 1.604738
v 4.137326 -1.836976 1.601555
v 4.078424 -1.866254 1.628922
v 4.108831 -1.864711 1.626226
v 4.169198 -1.822383 1.593154
v 4.155632 -1.847897 1.623888
v 4.186678 -1.816838 1.598198
v 4.239314 -1.756302 1.591953
v 3.702025 -1.774990 1.511804
v 3.740195 -1.837393 1.578155
v 3.674062 -1.748429 1.564851
v 3.655734 -1.717034 1.586844
v 3.650638 -1.658769 1.524286
v 3.776862 -1.879126 1.635245
v 3.818869 -1.887022 1.600037
v 3.641164 -1.705878 1.628186
v 3.899749 -1.918485 1.643509
v 3.633235 -1.640750 1.601064
v 3.644953 -1.489611 1.623884
v 3.826122 -1.879793 1.580147
v 3.948495 -1.910448 1.631085
v 3.931054 -1.895990 1.576078
v 3.843153 -1.877502 1.555083
v 3.892808 -1.881369 1.498992
v 3.788951 -1.845493 1.506384
v 3.803512 -1.852841 1.400173
v 3.870212 -1.878319 1.420328
v 3.853829 -1.882237 1.340874
v 3.763726 -1.833487 1.350369
v 3.691271 -1.748035 1.357162
v 3.750555 -1.816786 1.457579
v 3.695505 -1.757567 1.435150
v 3.662123 -1.673032 1.410064
v 3.657330 -1.622013 1.358550
v 3.654934 -1.630393 1.438195
v 3.677489 -1.501566 1.365546
v 3.650879 -1.590754 1.472383
v 3.666556 -1.508757 1.454538
v 3.656234 -1.515028 1.546067
v 3.695402 -1.452610 1.441711
v 3.720275 -1.426653 1.389158
v 3.758378 -1.386234 1.439437
v 3.707702 -1.432670 1.485710
v 3.731228 -1.405569 1.533231
v 3.781647 -1.366328 1.526437
v 3.721138 -1.411850 1.578350
v 3.787226 -1.358129 1.604738
v 3.725303 -1.399749 1.601555
v 3.774622 -1.356224 1.628922
v 3.745649 -1.365585 1.626226
v 3.698296 -1.422094 1.593154
v 3.704795 -1.393938 1.623889
v 3.682847 -1.431974 1.598199
v 3.647672 -1.504071 1.591954
v 4.229043 -1.707966 1.188602
v 4.209787 -1.741730 1.198009
v 4.197576 -1.748555 1.193206
v 4.187003 -1.773490 1.222254
v 4.224658 -1.731848 1.210743
v 4.200552 -1.735787 1.184471
v 4.180441 -1.759386 1.202311
v 4.172384 -1.763035 1.210901
v 4.205050 -1.716944 1.182474
v 4.141540 -1.792894 1.245126
v 4.221753 -1.704105 1.177471
v 4.234366 -1.645602 1.173046
v 4.174953 -1.775848 1.216870
v 4.149773 -1.800291 1.242722
v 4.111410 -1.813512 1.271946
v 4.093726 -1.824434 1.284667
v 4.241017 -1.639478 1.173467
v 4.128371 -1.816469 1.254046
v 4.099601 -1.826517 1.276598
v 4.106293 -1.832747 1.258618
v 4.249896 -1.598379 1.176469
v 4.245403 -1.576395 1.177399
v 4.251833 -1.634114 1.181028
v 4.252196 -1.569282 1.184980
v 4.247410 -1.541408 1.190316
v 4.253212 -1.537339 1.208010
v 4.272959 -1.574184 1.237310
v 4.243110 -1.683824 1.194532
v 4.263346 -1.617258 1.209568
v 4.256028 -1.657666 1.208851
v 4.262384 -1.663012 1.235623
v 4.274769 -1.625554 1.247562
v 4.286068 -1.594562 1.261963
v 4.250820 -1.695915 1.231611
v 4.271300 -1.534958 1.230782
v 4.274574 -1.649772 1.253506
v 4.239693 -1.731808 1.236058
v 4.287891 -1.543817 1.268784
v 4.273818 -1.507482 1.246881
v 4.259433 -1.481114 1.233628
v 4.267357 -1.478638 1.268854
v 4.251546 -1.447992 1.272358
v 4.255530 -1.441652 1.318782
v 4.274214 -1.471102 1.344714
v 4.291307 -1.508186 1.356565
v 4.300521 -1.553941 1.333458
v 4.300068 -1.519166 1.360747
v 4.307391 -1.523696 1.362474
v 4.304707 -1.593698 1.314553
v 4.324097 -1.572370 1.361410
v 4.316553 -1.543730 1.366957
v 4.326017 -1.630421 1.301659
v 4.327972 -1.601775 1.333046
v 4.304917 -1.637201 1.294042
v 4.292008 -1.617860 1.282696
v 4.278812 -1.687664 1.248712
v 4.300160 -1.694842 1.281817
v 4.316466 -1.656133 1.287041
v 4.313289 -1.635498 1.296464
v 4.326017 -1.630421 1.301659
v 4.275995 -1.712723 1.244170
v 4.253701 -1.738133 1.225179
v 4.266171 -1.739406 1.236456
v 4.269779 -1.760922 1.278611
v 4.245059 -1.763732 1.221009
v 4.258506 -1.771656 1.258360
v 4.223897 -1.822637 1.270435
v 4.232245 -1.791880 1.226613
v 4.229285 -1.808752 1.248030
v 4.200192 -1.834628 1.239487
v 4.180456 -1.854330 1.250301
v 4.192744 -1.832317 1.226262
v 4.157149 -1.858795 1.231254
v 4.164307 -1.838935 1.226343
v 4.188628 -1.825145 1.223515
v 4.170395 -1.822872 1.233629
v 4.224353 -1.781210 1.219020
v 4.207499 -1.766837 1.222773
v 4.185594 -1.783643 1.226394
v 4.167526 -1.802329 1.234307
v 4.150140 -1.828251 1.238900
v 4.148913 -1.838252 1.251174
v 4.139025 -1.821422 1.242864
v 4.113672 -1.862327 1.262082
v 4.118088 -1.836152 1.247184
v 4.088341 -1.856234 1.241607
v 4.123780 -1.842782 1.242810
v 4.093940 -1.863405 1.238626
v 4.069841 -1.876438 1.235308
v 4.082382 -1.876737 1.249463
v 3.668158 -1.523898 1.210743
v 3.662763 -1.575060 1.194532
v 3.657057 -1.603670 1.208851
v 3.670102 -1.548102 1.188602
v 3.667204 -1.625334 1.181028
v 3.660445 -1.644595 1.209569
v 3.662308 -1.688691 1.237310
v 3.683635 -1.688051 1.184980
v 3.690919 -1.719169 1.208010
v 3.695470 -1.713737 1.190316
v 3.688354 -1.679421 1.177400
v 3.678323 -1.659350 1.176469
v 3.681102 -1.609717 1.173046
v 3.676262 -1.617353 1.173467
v 3.678144 -1.549943 1.177471
v 3.690954 -1.533218 1.182474
v 3.690423 -1.513853 1.184472
v 3.710578 -1.480244 1.210902
v 3.703741 -1.485854 1.202311
v 3.732643 -1.443419 1.245126
v 3.689993 -1.500750 1.193207
v 3.679964 -1.510503 1.198009
v 3.704781 -1.468532 1.216870
v 3.693753 -1.473928 1.222254
v 3.722777 -1.438406 1.242722
v 3.756410 -1.415706 1.271946
v 3.770665 -1.400579 1.284667
v 3.739262 -1.417240 1.254047
v 3.764451 -1.400087 1.276598
v 3.756375 -1.395801 1.258619
v 3.744099 -1.395566 1.247184
v 3.767637 -1.368470 1.241607
v 3.727689 -1.415212 1.242864
v 3.760371 -1.362990 1.238626
v 3.780276 -1.344164 1.235308
v 3.768086 -1.347122 1.249464
v 3.741591 -1.369138 1.262083
v 3.736887 -1.390635 1.242810
v 3.715185 -1.411493 1.238900
v 3.713782 -1.401516 1.251174
v 3.697013 -1.421930 1.233629
v 3.705101 -1.441032 1.234308
v 3.692485 -1.463757 1.226395
v 3.675675 -1.485660 1.222773
v 3.653645 -1.527826 1.236058
v 3.655676 -1.476138 1.219020
v 3.678813 -1.424454 1.223515
v 3.698735 -1.404842 1.226343
v 3.672981 -1.418592 1.226262
v 3.700511 -1.383804 1.231254
v 3.645292 -1.467875 1.226613
v 3.679152 -1.394150 1.250301
v 3.665189 -1.418288 1.239487
v 3.645394 -1.436005 1.270435
v 3.643783 -1.450812 1.248030
v 3.625159 -1.494206 1.258360
v 3.617049 -1.507491 1.278611
v 3.626103 -1.527340 1.236456
v 3.604805 -1.579183 1.281817
v 3.640200 -1.498380 1.221009
v 3.623519 -1.555657 1.244170
v 3.638477 -1.525343 1.225179
v 3.627285 -1.580591 1.248712
v 3.641184 -1.616096 1.253506
v 3.615130 -1.636091 1.294042
v 3.599075 -1.620795 1.287041
v 3.607483 -1.639903 1.296464
v 3.596503 -1.648101 1.301659
v 3.632606 -1.651433 1.282696
v 3.626592 -1.678058 1.314553
v 3.596503 -1.648101 1.301659
v 3.644372 -1.672399 1.261963
v 3.613382 -1.703678 1.361410
v 3.602028 -1.676278 1.333046
v 3.642117 -1.746368 1.362474
v 3.628083 -1.729390 1.366957
v 3.640926 -1.715376 1.333458
v 3.650365 -1.748850 1.360747
v 3.661668 -1.757187 1.356564
v 3.655746 -1.721886 1.268784
v 3.692448 -1.779530 1.268854
v 3.687776 -1.788584 1.344714
v 3.713445 -1.812196 1.318782
v 3.715653 -1.805040 1.272358
v 3.699462 -1.775088 1.233628
v 3.678743 -1.753341 1.246881
v 3.674064 -1.726149 1.230782
v 3.649533 -1.600151 1.235623
v 3.652186 -1.565377 1.231611
v 4.225461 -1.704612 1.244093
v 4.252231 -1.637146 1.276775
v 4.218218 -1.730428 1.344007
v 4.230990 -1.685557 1.190844
v 4.258207 -1.550304 1.222454
v 4.172149 -1.778675 1.267023
v 4.135618 -1.798776 1.186593
v 4.258711 -1.582721 1.301133
v 4.249780 -1.499190 1.276404
v 4.251479 -1.501676 1.337787
v 4.258161 -1.606078 1.342810
v 4.266640 -1.523229 1.391695
v 4.265563 -1.600487 1.377993
v 4.283331 -1.572597 1.425087
v 4.263851 -1.650174 1.392649
v 4.281106 -1.655439 1.424926
v 4.260329 -1.687429 1.400148
v 4.232814 -1.765244 1.409224
v 4.214798 -1.763456 1.385343
v 4.115301 -1.830603 1.356060
v 4.113469 -1.846827 1.382644
v 4.109622 -1.868030 1.395990
v 4.115663 -1.823926 1.303000
v 4.068294 -1.843054 1.283473
v 4.053815 -1.829556 1.214718
v 4.012644 -1.863600 1.363367
v 4.037421 -1.843472 1.272480
v 3.994871 -1.835378 1.265746
v 3.932492 -1.844623 1.330203
v 3.997133 -1.881779 1.386441
v 3.969967 -1.897718 1.389164
v 3.936295 -1.864901 1.382494
v 3.889635 -1.854557 1.381410
v 3.932154 -1.876950 1.391124
v 3.897771 -1.876419 1.392683
v 3.674431 -1.550414 1.244093
v 3.666035 -1.622509 1.276775
v 3.674745 -1.523602 1.344007
v 3.674023 -1.570250 1.190844
v 3.682739 -1.707938 1.222454
v 3.706757 -1.465076 1.267023
v 3.736841 -1.436204 1.186593
v 3.673862 -1.676754 1.301133
v 3.704107 -1.755130 1.276404
v 3.701823 -1.753168 1.337787
v 3.668348 -1.654052 1.342810
v 3.681600 -1.736273 1.391695
v 3.662646 -1.661370 1.377993
v 3.652700 -1.692907 1.425087
v 3.651438 -1.612932 1.392649
v 3.633410 -1.612311 1.424926
v 3.645199 -1.576035 1.400148
v 3.651635 -1.493751 1.409224
v 3.669501 -1.490815 1.385343
v 3.748229 -1.400204 1.356060
v 3.745799 -1.384059 1.382644
v 3.744027 -1.362582 1.395990
v 3.749607 -1.406747 1.303001
v 3.790412 -1.376010 1.283473
v 3.807890 -1.385301 1.214718
v 3.838847 -1.341762 1.363368
v 3.820124 -1.367616 1.272481
v 3.863319 -1.364423 1.265747
v 3.921179 -1.339348 1.330204
v 3.849125 -1.320187 1.386441
v 3.871239 -1.297762 1.389164
v 3.912258 -1.320744 1.382494
v 3.960006 -1.318661 1.381410
v 3.913140 -1.308035 1.391124
v 3.946488 -1.299648 1.392683
v 4.193603 -1.669698 1.145480
v 4.211101 -1.634707 1.195686
v 4.164800 -1.743223 1.216182
v 4.161467 -1.731983 1.132818
v 4.162649 -1.706286 1.032518
v 4.095271 -1.781922 1.066723
v 4.199488 -1.618260 1.103328
v 4.186057 -1.549735 1.018322
v 4.120638 -1.771542 1.124182
v 4.046827 -1.810530 1.124234
v 4.076611 -1.810523 1.218597
v 4.024083 -1.829443 1.208346
v 4.043891 -1.837071 1.272325
v 4.103986 -1.804371 1.255695
v 4.122692 -1.811200 1.269439
v 4.198504 -1.720892 1.238721
v 4.216702 -1.718490 1.243849
v 4.231068 -1.600478 1.223337
v 4.250339 -1.563862 1.239711
v 4.195747 -1.510860 1.172526
v 4.208172 -1.482613 1.221003
v 4.200833 -1.429402 1.251055
v 4.166954 -1.415530 1.239549
v 4.134664 -1.368322 1.271910
v 4.151945 -1.415362 1.232146
v 4.090719 -1.354557 1.276143
v 4.190674 -1.540095 1.070491
v 4.160043 -1.462822 1.095420
v 4.120751 -1.425682 1.035629
v 4.127908 -1.406832 1.216690
v 4.074405 -1.367416 1.237621
v 4.073616 -1.385770 1.172248
v 4.136490 -1.428813 1.172867
v 4.127128 -1.425000 1.122227
v 4.079059 -1.393558 1.095927
v 3.714240 -1.575893 1.145480
v 3.706394 -1.614219 1.195686
v 3.723031 -1.497419 1.216182
v 3.729161 -1.507412 1.132818
v 3.734670 -1.532540 1.032518
v 3.780176 -1.442042 1.066724
v 3.721869 -1.627100 1.103328
v 3.752578 -1.689815 1.018322
v 3.758360 -1.458634 1.124182
v 3.819564 -1.401870 1.124234
v 3.790798 -1.409585 1.218597
v 3.836638 -1.377715 1.208346
v 3.815532 -1.375474 1.272325
v 3.765947 -1.422614 1.255695
v 3.746111 -1.420858 1.269440
v 3.696256 -1.527711 1.238721
v 3.679300 -1.534740 1.243849
v 3.695966 -1.652449 1.223337
v 3.686830 -1.692806 1.239711
v 3.753280 -1.729873 1.172526
v 3.748588 -1.760373 1.221003
v 3.769449 -1.809870 1.251055
v 3.805765 -1.814502 1.239549
v 3.849172 -1.851744 1.271910
v 3.820305 -1.810781 1.232146
v 3.895183 -1.853666 1.276143
v 3.750613 -1.700321 1.070491
v 3.800199 -1.767033 1.095419
v 3.847766 -1.792738 1.035629
v 3.845731 -1.812798 1.216690
v 3.907613 -1.837023 1.237621
v 3.903624 -1.819090 1.172248
v 3.831752 -1.793788 1.172867
v 3.841782 -1.795046 1.122227
v 3.896351 -1.812976 1.095927
v 3.879377 -1.311000 1.277369
v 4.001565 -1.312638 1.249847
v 3.888122 -1.319013 1.252614
v 3.932250 -1.318661 1.220122
v 3.864575 -1.343326 1.181206
v 3.975562 -1.332030 1.180298
v 3.833130 -1.351133 1.191583
v 3.841315 -1.352188 1.159827
v 3.813987 -1.369020 1.142150
v 3.811074 -1.352460 1.252351
v 3.771595 -1.387268 1.227666
v 3.774557 -1.394636 1.164133
v 3.744808 -1.419716 1.207807
v 3.738602 -1.424440 1.255210
v 3.765400 -1.386863 1.276628
v 3.737422 -1.422815 1.292899
v 3.754765 -1.377830 1.288995
v 3.725143 -1.413415 1.305886
v 3.725478 -1.432211 1.307438
v 3.798228 -1.347540 1.282304
v 3.705348 -1.413106 1.314923
v 3.731431 -1.385147 1.312526
v 3.708842 -1.433951 1.311569
v 3.709184 -1.448467 1.310401
v 3.692005 -1.436838 1.315700
v 3.685261 -1.457574 1.315666
v 3.761810 -1.360086 1.317381
v 3.865951 -1.304639 1.295946
v 3.906699 -1.300440 1.278889
v 3.985812 -1.299307 1.263674
v 3.951734 -1.289410 1.285283
v 3.884013 -1.294550 1.322455
v 3.840744 -1.310594 1.318076
v 3.785518 -1.340461 1.338362
v 3.806527 -1.323487 1.367407
v 4.038400 -1.336306 1.208674
v 4.060368 -1.328031 1.265374
v 4.082749 -1.355129 1.235168
v 4.115477 -1.355276 1.280902
v 4.119258 -1.378614 1.270181
v 4.120698 -1.401573 1.259461
v 4.100309 -1.383994 1.204962
v 4.070876 -1.368390 1.167123
v 4.026179 -1.358806 1.162600
v 3.974262 -1.340806 1.174178
v 3.981130 -1.357059 1.167775
v 3.934549 -1.342534 1.179511
v 3.947290 -1.356598 1.159028
v 3.891693 -1.346175 1.170326
v 3.918345 -1.356923 1.143320
v 4.110596 -1.841041 1.277368
v 3.992148 -1.871083 1.249847
v 4.100074 -1.835563 1.252614
v 4.057543 -1.847326 1.220122
v 4.097851 -1.831889 1.234092
v 4.165842 -1.783316 1.252351
v 4.116528 -1.805985 1.181205
v 4.144880 -1.790305 1.191583
v 4.136701 -1.791405 1.159827
v 4.158742 -1.768073 1.142150
v 4.012246 -1.845620 1.180298
v 4.049144 -1.824861 1.179510
v 4.089597 -1.810252 1.170326
v 4.033196 -1.814573 1.159028
v 4.061071 -1.806767 1.143320
v 4.000390 -1.822886 1.167774
v 4.011231 -1.836809 1.174178
v 3.956424 -1.832858 1.162600
v 3.910769 -1.835170 1.167122
v 3.950443 -1.857754 1.208674
v 3.902734 -1.851052 1.235168
v 3.878301 -1.827714 1.204962
v 3.931365 -1.871433 1.265374
v 3.854056 -1.816012 1.259461
v 3.871083 -1.859381 1.280901
v 3.861390 -1.837816 1.270181
v 4.086939 -1.858312 1.278889
v 4.010815 -1.879882 1.263674
v 4.046294 -1.880623 1.285283
v 4.125211 -1.843710 1.295946
v 4.110375 -1.858130 1.322454
v 4.148019 -1.831435 1.318075
v 4.177732 -1.810124 1.367407
v 4.193632 -1.788290 1.338362
v 4.211453 -1.763199 1.317381
v 4.179524 -1.784743 1.282304
v 4.213666 -1.744237 1.288995
v 4.234311 -1.731128 1.312526
v 4.252269 -1.697371 1.314923
v 4.201054 -1.738263 1.276628
v 4.233068 -1.702196 1.305886
v 4.243499 -1.678140 1.311569
v 4.259014 -1.670993 1.315700
v 4.260163 -1.649218 1.315666
v 4.239410 -1.664206 1.310401
v 4.227880 -1.684126 1.307438
v 4.218776 -1.696295 1.292899
v 4.217215 -1.695031 1.255210
v 4.194967 -1.739475 1.227666
v 4.212444 -1.701201 1.207807
v 4.190198 -1.733126 1.164132
v 4.202966 -1.739574 1.378765
v 4.222081 -1.725129 1.407739
v 4.157277 -1.798862 1.399336
v 4.215731 -1.710614 1.373500
v 4.162092 -1.776987 1.367134
v 4.164926 -1.751744 1.336420
v 4.127218 -1.780440 1.355798
v 4.197484 -1.707187 1.357125
v 4.116247 -1.804317 1.374058
v 4.087982 -1.798071 1.395219
v 4.067306 -1.821757 1.390259
v 4.101975 -1.827690 1.392318
v 4.042433 -1.843597 1.385300
v 4.219728 -1.688486 1.378276
v 4.217528 -1.660303 1.386642
v 4.234578 -1.654035 1.399847
v 4.228849 -1.625736 1.393699
v 4.257741 -1.622463 1.412314
v 4.248351 -1.618104 1.405054
v 4.236533 -1.597063 1.389527
v 4.239608 -1.702766 1.432275
v 4.259513 -1.650163 1.439358
v 4.234481 -1.720146 1.440633
v 4.263091 -1.589398 1.403041
v 4.268617 -1.640242 1.473898
v 4.260004 -1.514985 1.436178
v 4.261121 -1.545241 1.402556
v 4.273138 -1.564934 1.480484
v 4.262599 -1.505530 1.483514
v 4.269059 -1.525701 1.524169
v 4.274178 -1.565936 1.508416
v 4.274054 -1.550238 1.553355
v 4.277028 -1.594907 1.515758
v 4.288311 -1.625445 1.498595
v 4.291313 -1.584916 1.534834
v 4.292685 -1.568566 1.551367
v 4.278333 -1.552302 1.566286
v 4.282763 -1.542666 1.571088
v 4.300259 -1.566932 1.562630
v 4.306054 -1.586471 1.536447
v 4.307414 -1.609198 1.513750
v 4.300371 -1.636616 1.498023
v 4.288852 -1.640398 1.490986
v 4.287300 -1.664885 1.485782
v 4.230392 -1.745690 1.442562
v 4.228264 -1.765682 1.447012
v 4.205100 -1.779304 1.431120
v 4.136120 -1.836500 1.408242
v 4.147638 -1.817825 1.403789
v 3.763894 -1.385102 1.378765
v 3.741691 -1.394107 1.407739
v 3.823371 -1.339660 1.399336
v 3.744069 -1.409772 1.373500
v 3.813059 -1.359543 1.367134
v 3.803787 -1.383192 1.336420
v 3.847638 -1.365233 1.355798
v 3.760807 -1.417804 1.357125
v 3.864414 -1.345010 1.374058
v 3.890100 -1.358358 1.395219
v 3.916202 -1.340831 1.390260
v 3.884250 -1.326127 1.392318
v 3.945880 -1.326172 1.385300
v 3.734480 -1.430110 1.378276
v 3.729312 -1.457903 1.386642
v 3.711219 -1.459544 1.399847
v 3.709429 -1.488362 1.393699
v 3.680674 -1.484045 1.412314
v 3.688616 -1.490685 1.405054
v 3.694587 -1.514069 1.389527
v 3.718975 -1.411173 1.432275
v 3.686131 -1.456831 1.439358
v 3.728424 -1.395711 1.440633
v 3.666950 -1.514599 1.403042
v 3.674771 -1.464058 1.473898
v 3.650671 -1.587275 1.436178
v 3.657423 -1.557762 1.402556
v 3.650914 -1.535629 1.480484
v 3.645719 -1.595737 1.483514
v 3.644698 -1.574581 1.524169
v 3.650168 -1.534391 1.508416
v 3.646225 -1.549586 1.553355
v 3.654914 -1.505670 1.515758
v 3.651919 -1.473253 1.498595
v 3.638528 -1.511623 1.534834
v 3.632972 -1.527062 1.551367
v 3.642626 -1.546485 1.566286
v 3.635852 -1.554646 1.571088
v 3.625234 -1.526679 1.562630
v 3.624692 -1.506306 1.536447
v 3.629261 -1.484000 1.513750
v 3.643161 -1.459341 1.498023
v 3.655265 -1.458669 1.490986
v 3.663102 -1.435419 1.485782
v 3.738986 -1.372097 1.442562
v 3.746215 -1.353336 1.447012
v 3.772115 -1.346175 1.431120
v 3.853548 -1.308781 1.408242
v 3.837590 -1.323838 1.403789
v 3.754096 -1.351841 1.432603
v 3.792462 -1.317789 1.397493
v 3.765670 -1.340087 1.370222
v 3.735998 -1.371110 1.374142
v 3.775058 -1.333950 1.342158
v 3.823660 -1.299337 1.361234
v 3.716672 -1.390003 1.328788
v 3.791299 -1.327525 1.320342
v 3.832571 -1.303370 1.322674
v 3.819418 -1.320191 1.291446
v 3.763104 -1.358430 1.290014
v 3.786195 -1.344677 1.277180
v 3.766563 -1.363006 1.271822
v 3.729472 -1.392831 1.289414
v 3.697430 -1.448570 1.280565
v 3.682580 -1.472643 1.285542
v 3.699687 -1.488434 1.241920
v 3.692458 -1.407298 1.309650
v 3.674120 -1.467694 1.291306
v 3.665920 -1.425664 1.303619
v 3.659199 -1.511078 1.279566
v 3.641393 -1.544865 1.275771
v 3.672879 -1.586159 1.254618
v 3.663758 -1.621828 1.251270
v 3.658791 -1.659188 1.247922
v 3.692899 -1.545273 1.235678
v 3.721869 -1.504322 1.219784
v 3.695914 -1.600997 1.246429
v 3.713555 -1.557552 1.240377
v 3.716212 -1.604958 1.281009
v 3.685446 -1.648521 1.252481
v 3.708726 -1.653839 1.265676
v 3.710336 -1.705195 1.250343
v 3.722399 -1.449158 1.240760
v 3.747776 -1.444100 1.239270
v 3.745357 -1.422838 1.249979
v 3.783691 -1.393701 1.266971
v 3.767502 -1.387546 1.267829
v 3.790031 -1.365393 1.271144
v 3.789777 -1.354178 1.267318
v 3.811717 -1.361575 1.271018
v 3.834867 -1.337565 1.263240
v 4.097116 -1.875800 1.432602
v 4.051244 -1.898761 1.397493
v 4.082894 -1.884155 1.370222
v 4.119585 -1.861871 1.374142
v 4.072238 -1.887655 1.342157
v 4.016334 -1.908510 1.361234
v 4.143142 -1.848624 1.328788
v 4.054887 -1.889658 1.320342
v 4.008770 -1.902308 1.322674
v 4.025829 -1.889464 1.291446
v 4.090119 -1.867104 1.290014
v 4.064257 -1.874411 1.277180
v 4.087964 -1.861788 1.271822
v 4.131510 -1.842580 1.289414
v 4.176886 -1.797034 1.280565
v 4.197461 -1.777623 1.285542
v 4.185024 -1.757943 1.241920
v 4.171008 -1.838186 1.309650
v 4.204351 -1.784594 1.291306
v 4.201394 -1.827313 1.303619
v 4.229993 -1.746550 1.279566
v 4.255937 -1.718522 1.275770
v 4.236213 -1.670487 1.254618
v 4.254255 -1.638391 1.251270
v 4.268720 -1.603591 1.247922
v 4.206291 -1.704798 1.235678
v 4.167711 -1.736856 1.219784
v 4.217801 -1.650193 1.246429
v 4.189518 -1.687591 1.240377
v 4.199221 -1.641112 1.281009
v 4.240212 -1.606995 1.252481
v 4.219103 -1.595834 1.265676
v 4.230840 -1.545810 1.250343
v 4.152920 -1.790003 1.240760
v 4.127099 -1.788320 1.239270
v 4.123932 -1.809483 1.249979
v 4.079363 -1.827707 1.266971
v 4.093408 -1.837842 1.267829
v 4.065914 -1.853410 1.271144
v 4.063255 -1.864306 1.267318
v 4.043978 -1.851483 1.271018
v 4.015403 -1.868683 1.263240
v 3.964461 -1.289673 1.377749
v 3.893804 -1.290146 1.390166
v 3.948602 -1.285133 1.428131
v 4.008992 -1.292317 1.420697
v 3.920628 -1.293243 1.334801
v 3.886116 -1.288473 1.412310
v 3.911653 -1.276003 1.434429
v 3.863085 -1.287139 1.420904
v 3.817544 -1.305113 1.407378
v 3.869938 -1.294107 1.378410
v 3.848403 -1.298385 1.381293
v 3.875714 -1.301445 1.332078
v 3.833092 -1.315862 1.329355
v 3.808138 -1.309702 1.401698
v 3.798726 -1.313684 1.420279
v 3.763340 -1.336610 1.410166
v 3.805860 -1.309288 1.438706
v 3.829554 -1.299720 1.426331
v 3.833640 -1.297199 1.443786
v 3.821461 -1.299954 1.458245
v 3.804780 -1.306973 1.472089
v 3.774485 -1.327605 1.434919
v 3.783741 -1.326907 1.495027
v 3.795314 -1.315673 1.487700
v 3.750258 -1.346173 1.426514
v 3.734998 -1.360387 1.422169
v 3.761617 -1.343279 1.484022
v 3.730184 -1.367052 1.441241
v 3.740691 -1.359444 1.463240
v 4.033932 -1.883662 1.377749
v 4.102059 -1.864918 1.390166
v 4.050426 -1.883942 1.428131
v 3.990234 -1.892634 1.420697
v 4.075347 -1.868868 1.334801
v 4.143781 -1.845210 1.381293
v 4.116608 -1.849322 1.332078
v 4.154046 -1.824364 1.329355
v 4.109918 -1.864545 1.412310
v 4.088479 -1.883198 1.434429
v 4.132510 -1.859871 1.420904
v 4.171846 -1.830724 1.407378
v 4.179745 -1.823856 1.401698
v 4.182052 -1.823666 1.438706
v 4.161641 -1.839041 1.426331
v 4.158347 -1.842535 1.443786
v 4.169399 -1.836721 1.458245
v 4.183694 -1.825623 1.472089
v 4.207617 -1.797854 1.434919
v 4.216051 -1.786270 1.410166
v 4.190587 -1.814770 1.487699
v 4.215990 -1.779383 1.484021
v 4.198857 -1.800922 1.495027
v 4.226213 -1.773648 1.426514
v 4.237273 -1.755968 1.422168
v 4.232019 -1.758354 1.463239
v 4.240198 -1.748285 1.441241
v 4.250664 -1.386003 1.306490
v 4.180285 -1.313896 1.349644
v 4.239094 -1.353650 1.374574
v 4.279063 -1.413883 1.323530
v 4.265282 -1.375855 1.389726
v 4.289676 -1.419312 1.348598
v 4.217707 -1.324875 1.428990
v 4.151767 -1.290593 1.401982
v 4.174789 -1.298506 1.448471
v 4.139324 -1.282838 1.457014
v 4.090675 -1.251750 1.364671
v 4.050803 -1.237490 1.435087
v 4.078560 -1.250016 1.468874
v 4.039201 -1.234750 1.454516
v 3.998077 -1.223768 1.440158
v 3.988003 -1.218383 1.406708
v 3.989829 -1.216726 1.376258
v 4.015502 -1.223327 1.351804
v 4.077108 -1.245531 1.349294
v 4.051646 -1.237089 1.330350
v 4.117242 -1.270551 1.338884
v 4.126944 -1.292354 1.323902
v 4.089658 -1.294980 1.289572
v 4.137041 -1.322155 1.304908
v 4.144541 -1.298247 1.331622
v 4.179402 -1.356542 1.320245
v 4.179121 -1.330246 1.329952
v 4.205430 -1.351460 1.323669
v 4.221791 -1.377415 1.315275
v 4.239928 -1.437128 1.315176
v 4.178703 -1.377629 1.312134
v 4.269524 -1.457462 1.312799
v 4.282986 -1.454767 1.340298
v 4.228060 -1.445347 1.324403
v 4.176467 -1.398202 1.304022
v 4.213716 -1.450633 1.336005
v 4.238895 -1.509988 1.367989
v 4.257787 -1.524015 1.336674
v 4.274678 -1.534270 1.321781
v 4.283226 -1.483842 1.328651
v 4.288213 -1.534039 1.339732
v 4.299789 -1.527991 1.374106
v 4.097059 -1.834314 1.143286
v 4.132141 -1.804044 1.146942
v 4.206369 -1.734935 1.194453
v 4.133091 -1.825824 1.174849
v 4.193945 -1.769686 1.203762
v 4.176922 -1.803623 1.213070
v 4.084683 -1.860727 1.165046
v 3.982464 -1.885627 1.117023
v 4.036155 -1.862152 1.121772
v 3.984564 -1.878737 1.108398
v 3.935601 -1.891703 1.103405
v 4.066043 -1.835825 1.110826
v 3.983361 -1.874232 1.106370
v 3.897559 -1.889604 1.095482
v 3.908819 -1.870773 1.105780
v 3.878478 -1.881499 1.098947
v 3.869183 -1.871626 1.108108
v 3.909149 -1.860542 1.106644
v 3.936709 -1.857386 1.112613
v 3.960474 -1.852779 1.104457
v 3.977894 -1.867580 1.108916
v 4.005529 -1.852683 1.107677
v 3.977483 -1.848683 1.068051
v 4.008376 -1.846806 1.084828
v 4.033668 -1.839308 1.065432
v 4.005553 -1.841443 1.026350
v 4.063700 -1.824159 1.040996
v 4.060110 -1.819627 1.002303
v 4.092608 -1.810011 1.052247
v 4.108049 -1.790680 1.002767
v 4.126437 -1.781604 1.034597
v 4.109583 -1.800134 1.062526
v 4.137599 -1.773206 1.065782
v 4.140018 -1.791110 1.131648
v 4.173583 -1.757467 1.135996
v 4.205481 -1.706017 1.135772
v 4.203349 -1.691725 1.113470
v 4.227594 -1.664058 1.168517
v 4.231534 -1.696073 1.233088
v 4.238114 -1.634222 1.213091
v 4.250820 -1.653588 1.271723
v 4.243453 -1.611250 1.263579
v 4.230346 -1.571998 1.255435
v 4.231774 -1.574412 1.193093
v 4.228512 -1.586467 1.142853
v 4.213844 -1.616059 1.116815
v 4.199731 -1.677483 1.105247
v 4.194396 -1.647598 1.099315
v 4.178652 -1.707646 1.091850
v 4.181492 -1.670985 1.074692
v 4.156767 -1.739088 1.064309
v 4.171346 -1.710392 1.077165
v 4.171638 -1.690942 1.046508
v 3.764889 -1.391899 1.143286
v 3.738835 -1.430217 1.146942
v 3.685024 -1.516182 1.194454
v 3.732282 -1.409425 1.174849
v 3.688031 -1.479400 1.203762
v 3.695691 -1.442214 1.213070
v 3.770007 -1.363181 1.165046
v 3.862297 -1.312673 1.117023
v 3.816511 -1.349245 1.121772
v 3.862053 -1.319873 1.108398
v 3.905991 -1.294676 1.103406
v 3.794456 -1.382410 1.110827
v 3.864380 -1.323913 1.106370
v 3.943279 -1.286857 1.095482
v 3.937279 -1.307961 1.105780
v 3.963810 -1.289748 1.098947
v 3.975342 -1.296878 1.108108
v 3.939607 -1.317929 1.106645
v 3.913803 -1.328110 1.112613
v 3.892041 -1.338711 1.104457
v 3.871383 -1.328922 1.108917
v 3.848545 -1.350464 1.107677
v 3.876671 -1.347070 1.068051
v 3.847316 -1.356878 1.084828
v 3.824826 -1.370666 1.065432
v 3.851431 -1.361327 1.026350
v 3.799739 -1.393073 1.040996
v 3.804379 -1.396520 1.002303
v 3.775478 -1.414219 1.052247
v 3.765566 -1.436890 1.002767
v 3.750154 -1.450414 1.034598
v 3.761638 -1.428154 1.062526
v 3.741547 -1.461417 1.065782
v 3.734575 -1.444749 1.131649
v 3.710861 -1.485932 1.135996
v 3.693367 -1.543885 1.135772
v 3.699124 -1.557139 1.113470
v 3.682867 -1.590138 1.168517
v 3.670776 -1.560234 1.233088
v 3.680427 -1.621679 1.213091
v 3.663142 -1.606261 1.271723
v 3.681216 -1.645250 1.263579
v 3.704035 -1.679772 1.255435
v 3.702031 -1.677810 1.193093
v 3.702062 -1.665322 1.142853
v 3.708571 -1.632941 1.116815
v 3.706306 -1.569958 1.105247
v 3.719194 -1.597443 1.099315
v 3.718861 -1.535367 1.091850
v 3.725606 -1.571514 1.074692
v 3.731862 -1.499333 1.064310
v 3.725206 -1.530826 1.077165
v 3.729957 -1.549686 1.046508
v 3.749366 -1.424511 0.906408
v 3.704120 -1.494455 0.909877
v 3.721151 -1.428958 0.946760
v 3.699763 -1.460332 0.965911
v 3.680974 -1.524250 0.964555
v 3.739383 -1.440362 0.897432
v 3.731715 -1.400556 0.967268
v 3.783974 -1.395617 0.884986
v 3.778090 -1.395084 0.904674
v 3.776429 -1.389567 0.917706
v 3.753215 -1.397718 0.938154
v 3.767595 -1.371892 0.936815
v 3.783899 -1.373942 0.917427
v 3.797427 -1.353731 0.910494
v 3.739355 -1.393535 0.963136
v 3.738808 -1.389921 0.977130
v 3.777263 -1.358997 0.965124
v 3.722526 -1.402041 1.002266
v 3.777079 -1.350437 0.993291
v 3.791892 -1.343695 0.972793
v 3.748811 -1.374299 1.001050
v 3.801273 -1.333949 0.987213
v 3.719500 -1.399641 1.031246
v 3.803181 -1.334339 1.009794
v 3.747592 -1.373613 1.053544
v 3.728884 -1.389180 1.048186
v 3.773154 -1.355343 1.019120
v 3.794421 -1.342138 1.032622
v 3.772506 -1.356096 1.047780
v 4.120494 -1.806830 0.906408
v 4.182300 -1.750979 0.909877
v 4.148897 -1.809837 0.946760
v 4.177678 -1.785068 0.965911
v 4.212370 -1.728190 0.964555
v 4.134238 -1.794103 0.897432
v 4.131342 -1.834537 0.967267
v 4.079587 -1.825782 0.884986
v 4.085131 -1.827819 0.904674
v 4.085308 -1.833578 0.917706
v 4.109842 -1.831714 0.938154
v 4.089267 -1.852938 0.936815
v 4.074048 -1.846738 0.917427
v 4.055751 -1.862758 0.910494
v 4.122145 -1.839341 0.963136
v 4.121738 -1.842974 0.977130
v 4.076591 -1.862892 0.965124
v 4.140603 -1.835482 1.002266
v 4.074553 -1.871207 0.993291
v 4.058499 -1.873885 0.972793
v 4.046915 -1.880872 0.987212
v 4.045175 -1.880000 1.009794
v 4.108033 -1.855475 1.001050
v 4.142905 -1.838582 1.031246
v 4.109033 -1.856453 1.053544
v 4.131132 -1.846259 1.048185
v 4.080435 -1.866923 1.047780
v 4.055654 -1.874734 1.032622
v 3.808544 -1.836491 1.380506
v 3.755023 -1.783410 1.364675
v 3.850035 -1.840077 1.343786
v 3.854675 -1.850289 1.355327
v 3.769248 -1.819954 1.411901
v 3.872951 -1.871313 1.389948
v 3.912464 -1.863243 1.353732
v 3.936303 -1.880666 1.393702
v 3.965143 -1.864423 1.370215
v 4.001830 -1.876850 1.397456
v 4.014118 -1.856984 1.395738
v 3.951967 -1.847287 1.318245
v 3.990714 -1.845494 1.346729
v 4.024328 -1.836782 1.394020
v 3.906500 -1.836893 1.327375
v 3.852308 -1.831403 1.343783
v 3.865501 -1.819601 1.345858
v 3.817672 -1.813435 1.357878
v 3.833939 -1.805227 1.345426
v 3.779947 -1.791473 1.356068
v 3.806839 -1.791581 1.335538
v 3.730911 -1.764087 1.377591
v 3.736935 -1.763839 1.349437
v 3.718315 -1.746988 1.381106
v 3.719635 -1.735491 1.340756
v 3.697323 -1.697607 1.369038
v 3.713572 -1.758386 1.429805
v 3.692997 -1.709183 1.422793
v 3.682880 -1.666537 1.414978
v 3.687609 -1.698496 1.450816
v 3.679743 -1.664275 1.459275
v 3.687424 -1.710410 1.463471
v 3.678332 -1.669042 1.492810
v 3.668091 -1.708004 1.452688
v 3.737348 -1.802094 1.423611
v 3.665875 -1.714127 1.447831
v 3.774391 -1.844345 1.414617
v 3.834646 -1.883542 1.406914
v 3.729717 -1.818734 1.426951
v 3.662882 -1.722979 1.446988
v 3.644330 -1.683350 1.454797
v 3.636068 -1.649107 1.466253
v 3.654593 -1.644535 1.495733
v 3.638435 -1.630162 1.485003
v 3.671395 -1.657162 1.506462
v 3.644914 -1.619494 1.507400
v 3.663153 -1.636078 1.510175
v 4.043009 -1.315122 1.380506
v 4.108445 -1.352542 1.364675
v 4.002003 -1.322396 1.343786
v 3.994879 -1.313734 1.355328
v 4.085247 -1.320923 1.411901
v 3.971784 -1.298158 1.389948
v 3.935706 -1.316178 1.353732
v 3.908171 -1.305518 1.393702
v 3.884516 -1.328673 1.370215
v 3.845862 -1.326163 1.397457
v 3.839135 -1.348532 1.395738
v 3.901678 -1.341814 1.318245
v 3.864717 -1.353577 1.346729
v 3.834502 -1.370690 1.394021
v 3.948287 -1.340086 1.327376
v 4.002053 -1.331363 1.343783
v 3.992364 -1.346178 1.345858
v 4.040159 -1.339754 1.357878
v 4.026571 -1.351894 1.345426
v 4.082282 -1.351204 1.356068
v 4.056279 -1.358060 1.335538
v 4.136738 -1.364966 1.377591
v 4.130983 -1.366765 1.349437
v 4.153329 -1.378222 1.381106
v 4.155030 -1.389669 1.340756
v 4.186386 -1.420488 1.369038
v 4.154960 -1.365985 1.429805
v 4.187568 -1.408186 1.422793
v 4.208378 -1.446759 1.414978
v 4.195539 -1.417114 1.450816
v 4.211994 -1.448133 1.459275
v 4.192634 -1.405558 1.463471
v 4.212123 -1.443163 1.492810
v 4.211932 -1.402878 1.452688
v 4.120683 -1.329920 1.423611
v 4.212488 -1.396389 1.447831
v 4.073966 -1.298697 1.414617
v 4.005619 -1.276430 1.406914
v 4.123746 -1.311872 1.426951
v 4.213088 -1.387065 1.446988
v 4.241264 -1.420542 1.454797
v 4.258107 -1.451481 1.466253
v 4.241396 -1.460692 1.495733
v 4.260723 -1.470392 1.485003
v 4.221899 -1.452843 1.506462
v 4.257227 -1.482373 1.507400
v 4.235318 -1.471077 1.510175
v 4.206483 -1.481982 0.956516
v 4.151462 -1.382107 0.996080
v 4.190762 -1.418082 1.005099
v 4.222844 -1.452422 1.021353
v 4.192410 -1.405245 1.007340
v 4.180326 -1.399016 1.005198
v 4.154066 -1.364312 0.993326
v 4.155233 -1.376445 0.997122
v 4.229056 -1.465117 1.022263
v 4.234169 -1.511422 1.008068
v 4.221787 -1.518328 0.975194
v 4.231975 -1.556817 0.993872
v 4.234112 -1.462427 1.058635
v 4.245789 -1.498545 1.050515
v 4.247623 -1.496398 1.067867
v 4.254340 -1.520282 1.075712
v 4.253271 -1.515006 1.094800
v 4.244855 -1.489951 1.106617
v 4.228716 -1.453626 1.110002
v 4.216720 -1.425646 1.060510
v 4.210512 -1.421168 1.103103
v 4.201823 -1.404110 1.084071
v 4.199039 -1.397739 1.062202
v 4.196498 -1.398909 1.046796
v 4.216355 -1.431964 1.045075
v 4.198779 -1.408387 1.036006
v 4.209563 -1.427476 1.027987
v 3.750383 -1.760544 0.956516
v 3.829379 -1.842777 0.996080
v 3.782108 -1.818200 1.005099
v 3.742230 -1.793331 1.021353
v 3.783837 -1.831024 1.007339
v 3.797120 -1.833914 1.005198
v 3.831469 -1.860639 0.993326
v 3.827203 -1.849222 0.997122
v 3.732944 -1.782677 1.022263
v 3.716021 -1.739273 1.008068
v 3.726193 -1.729398 0.975194
v 3.706391 -1.694857 0.993872
v 3.728758 -1.786585 1.058635
v 3.708130 -1.754720 1.050515
v 3.706913 -1.757268 1.067867
v 3.694244 -1.735935 1.075712
v 3.696643 -1.740755 1.094800
v 3.711256 -1.762778 1.106617
v 3.736246 -1.793688 1.110002
v 3.755075 -1.817610 1.060510
v 3.762231 -1.820330 1.103103
v 3.775039 -1.834558 1.084070
v 3.779375 -1.839990 1.062202
v 3.781529 -1.838203 1.046796
v 3.753792 -1.811415 1.045075
v 3.776871 -1.829638 1.036006
v 3.761515 -1.813990 1.027987
v 4.127045 -1.298818 1.234190
v 4.108476 -1.294164 1.225930
v 4.074119 -1.281544 1.249122
v 4.075564 -1.276490 1.279266
v 4.121964 -1.305719 1.200903
v 4.159154 -1.324531 1.192558
v 4.073775 -1.289923 1.216497
v 4.042933 -1.274494 1.269448
v 4.028122 -1.268799 1.299466
v 3.987503 -1.267815 1.305224
v 4.128571 -1.316414 1.191595
v 4.154999 -1.334529 1.182689
v 4.152269 -1.343378 1.184146
v 4.031017 -1.281687 1.234508
v 3.978159 -1.275803 1.253054
v 3.920461 -1.266199 1.307148
v 4.042735 -1.293236 1.220365
v 4.106962 -1.317077 1.196570
v 4.103608 -1.326956 1.189185
v 4.137049 -1.372199 1.155550
v 4.120527 -1.357684 1.161564
v 4.098088 -1.347711 1.142712
v 4.111548 -1.378730 1.144832
v 4.069473 -1.322675 1.149066
v 4.047024 -1.304168 1.178335
v 4.014179 -1.287787 1.217997
v 3.930970 -1.284543 1.207652
v 3.928317 -1.276236 1.229036
v 3.901691 -1.279088 1.216732
v 3.917407 -1.274419 1.242524
v 3.870238 -1.280266 1.233348
v 3.857106 -1.282183 1.267227
v 3.912890 -1.273394 1.279026
v 3.862344 -1.280146 1.298729
v 3.886499 -1.272458 1.308219
v 4.016762 -1.301846 1.159075
v 3.987750 -1.297023 1.169291
v 3.938032 -1.296494 1.196383
v 4.049928 -1.318159 1.141159
v 4.025424 -1.315077 1.142349
v 3.982063 -1.308654 1.160400
v 3.951180 -1.309304 1.179966
v 3.995330 -1.323686 1.155446
v 4.078158 -1.337591 1.137081
v 4.004111 -1.319750 1.148236
v 4.037284 -1.330334 1.135852
v 4.047107 -1.344050 1.136002
v 4.068335 -1.344638 1.134484
v 4.087987 -1.363263 1.134818
v 4.148972 -1.395262 1.143867
v 4.135030 -1.407623 1.148874
v 4.110223 -1.386861 1.158981
v 4.120527 -1.406298 1.156482
v 4.104790 -1.394683 1.164382
v 4.113508 -1.410489 1.148150
v 4.141884 -1.425906 1.149484
v 4.131037 -1.431698 1.133704
v 4.153262 -1.456097 1.144457
v 4.159464 -1.452995 1.154801
v 4.171765 -1.483672 1.166170
v 4.162508 -1.446783 1.153850
v 4.183820 -1.506626 1.178094
v 4.181572 -1.526844 1.192605
v 4.187163 -1.524399 1.183022
v 4.196162 -1.514974 1.161546
v 4.182192 -1.474106 1.157842
v 4.208941 -1.511107 1.133864
v 4.177406 -1.439625 1.142688
v 4.201694 -1.467044 1.118707
v 4.169181 -1.405114 1.137692
v 4.212927 -1.485211 1.112444
v 4.223860 -1.505526 1.113787
v 4.196248 -1.431760 1.120046
v 4.231816 -1.466664 1.115914
v 4.238267 -1.489542 1.115124
v 4.215537 -1.466902 1.110310
v 4.245762 -1.465754 1.128798
v 4.211933 -1.424512 1.123091
v 4.232716 -1.446814 1.124222
v 4.240493 -1.438711 1.145730
v 4.231636 -1.432900 1.136318
v 4.220839 -1.406479 1.162703
v 4.181599 -1.380951 1.152295
v 4.183685 -1.369222 1.176497
v 4.189149 -1.411295 1.128996
v 4.175421 -1.386386 1.146160
v 3.772172 -1.783147 1.218060
v 3.907959 -1.836333 1.246010
v 3.842514 -1.833150 1.305566
v 3.769752 -1.789350 1.267241
v 3.947362 -1.849389 1.342711
v 3.968119 -1.828468 1.286138
v 3.995223 -1.820432 1.339511
v 3.969794 -1.857003 1.419293
v 4.038810 -1.818166 1.407191
v 4.068124 -1.823976 1.458006
v 4.045362 -1.854213 1.460781
v 3.971849 -1.871731 1.438357
v 3.971059 -1.887191 1.440582
v 3.883318 -1.855834 1.393537
v 3.864802 -1.867707 1.406175
v 3.860264 -1.886870 1.422472
v 3.775031 -1.811436 1.363079
v 3.824061 -1.862421 1.403515
v 3.751301 -1.837535 1.410883
v 3.757705 -1.822501 1.392472
v 3.709121 -1.777069 1.395362
v 3.681926 -1.759899 1.410244
v 3.709668 -1.734977 1.288667
v 3.679327 -1.669695 1.229025
v 3.695195 -1.743811 1.375418
v 3.653979 -1.686088 1.386510
v 3.680460 -1.703384 1.325627
v 3.654290 -1.640170 1.305640
v 4.191286 -1.454510 1.218060
v 4.073892 -1.367995 1.246010
v 4.136283 -1.388007 1.305567
v 4.195229 -1.449146 1.267241
v 4.039211 -1.345184 1.342711
v 4.013747 -1.360020 1.286138
v 3.985486 -1.360767 1.339511
v 4.019514 -1.332024 1.419294
v 3.942797 -1.351675 1.407191
v 3.915986 -1.338475 1.458006
v 3.945798 -1.315160 1.460781
v 4.021341 -1.317266 1.438358
v 4.026105 -1.302538 1.440582
v 4.102742 -1.355534 1.393537
v 4.123698 -1.348858 1.406175
v 4.133042 -1.331523 1.422472
v 4.195846 -1.426446 1.363079
v 4.161683 -1.364508 1.403515
v 4.225524 -1.407378 1.410883
v 4.215446 -1.420242 1.392472
v 4.250615 -1.476701 1.395362
v 4.272441 -1.500323 1.410244
v 4.239192 -1.517217 1.288667
v 4.251604 -1.588128 1.229025
v 4.255459 -1.512429 1.375418
v 4.280331 -1.578854 1.386510
v 4.259229 -1.555292 1.325627
v 4.268146 -1.623127 1.305640
v 3.816513 -1.334494 1.220383
v 3.851336 -1.316638 1.209631
v 3.876595 -1.310933 1.193159
v 3.843939 -1.310198 1.234608
v 3.884394 -1.299409 1.211369
v 3.924828 -1.293998 1.188130
v 3.792545 -1.361159 1.206157
v 3.821694 -1.373310 1.184478
v 3.804511 -1.392357 1.176378
v 3.848747 -1.333331 1.194642
v 3.840096 -1.356875 1.185245
v 3.870481 -1.326832 1.187093
v 3.858479 -1.344223 1.171347
v 3.897782 -1.315010 1.167654
v 3.876983 -1.334015 1.150117
v 3.921063 -1.297713 1.185191
v 3.940882 -1.291711 1.190166
v 3.923981 -1.303113 1.182427
v 3.969909 -1.280920 1.204289
v 3.932523 -1.305698 1.179437
v 3.975531 -1.287881 1.198012
v 4.006577 -1.276918 1.218421
v 3.952387 -1.303487 1.175994
v 3.974264 -1.301374 1.179515
v 4.022719 -1.280597 1.228498
v 3.990554 -1.294514 1.208942
v 3.988352 -1.301966 1.197419
v 3.999455 -1.300916 1.217994
v 4.012924 -1.294863 1.229530
v 4.022975 -1.287196 1.232780
v 4.041444 -1.899815 1.317992
v 4.078446 -1.897168 1.339222
v 3.998182 -1.924442 1.331120
v 4.010029 -1.915441 1.320410
v 4.012267 -1.923128 1.348176
v 4.074779 -1.887628 1.325053
v 4.126674 -1.858246 1.334370
v 4.068899 -1.906504 1.355890
v 4.017388 -1.921688 1.366160
v 4.102467 -1.891514 1.348850
v 4.117674 -1.873618 1.341058
v 4.155667 -1.853291 1.335661
v 4.147094 -1.851141 1.334196
v 4.158265 -1.857395 1.349143
v 4.114990 -1.893426 1.363966
v 4.147681 -1.869491 1.362594
v 4.070631 -1.917723 1.369352
v 4.031060 -1.924454 1.373195
v 3.978290 -1.929890 1.379652
v 4.024751 -1.929641 1.379557
v 4.028455 -1.935356 1.394840
v 3.983035 -1.935334 1.394233
v 3.928775 -1.934498 1.391035
v 3.993756 -1.943587 1.422530
v 3.954151 -1.936779 1.434608
v 3.972662 -1.941195 1.434523
v 3.931307 -1.936827 1.399086
v 3.904639 -1.934870 1.402690
v 3.926154 -1.936019 1.426574
v 3.904319 -1.935470 1.414557
v 3.801655 -1.314234 1.317992
v 3.766599 -1.326368 1.339222
v 3.837070 -1.279249 1.331120
v 3.827956 -1.291010 1.320411
v 3.823803 -1.284164 1.348176
v 3.772610 -1.334634 1.325053
v 3.730089 -1.376446 1.334370
v 3.773406 -1.314879 1.355890
v 3.819231 -1.286881 1.366160
v 3.744860 -1.338046 1.348850
v 3.734803 -1.359268 1.341058
v 3.703365 -1.388737 1.335661
v 3.712203 -1.388596 1.334196
v 3.699794 -1.385445 1.349143
v 3.732268 -1.339442 1.363966
v 3.706886 -1.371022 1.362594
v 3.768828 -1.304492 1.369352
v 3.805308 -1.287749 1.373195
v 3.854873 -1.268838 1.379652
v 3.810060 -1.281105 1.379557
v 3.805004 -1.276543 1.394840
v 3.848881 -1.264808 1.394233
v 3.901509 -1.251574 1.391035
v 3.836390 -1.259613 1.422530
v 3.876407 -1.255938 1.434608
v 3.857383 -1.256462 1.434523
v 3.898460 -1.249978 1.399086
v 3.924727 -1.244966 1.402690
v 3.903647 -1.249426 1.426574
v 3.924880 -1.244306 1.414557
v 4.026271 -1.304945 1.094618
v 3.960595 -1.289610 1.110846
v 4.020142 -1.296686 1.117527
v 4.077971 -1.314925 1.124207
v 4.088691 -1.337342 1.070166
v 4.019294 -1.306711 1.088711
v 4.047706 -1.328883 1.072554
v 4.104605 -1.366854 1.064220
v 4.138477 -1.374883 1.075894
v 4.119138 -1.399010 1.058118
v 4.179121 -1.421688 1.081623
v 4.066742 -1.354794 1.061638
v 4.093810 -1.388718 1.058607
v 4.002436 -1.323875 1.064784
v 4.016781 -1.331920 1.053563
v 4.058466 -1.357268 1.056086
v 4.069901 -1.379241 1.063994
v 4.026891 -1.339870 1.035037
v 4.049866 -1.358659 1.049515
v 3.989873 -1.308191 1.084340
v 3.979921 -1.316026 1.061392
v 3.952773 -1.310039 1.050695
v 3.958151 -1.291889 1.106155
v 3.938979 -1.287350 1.127954
v 3.938697 -1.282624 1.144004
v 3.945061 -1.296319 1.103685
v 3.917964 -1.289128 1.139554
v 3.919050 -1.279953 1.171193
v 3.907244 -1.301223 1.108379
v 3.929215 -1.299719 1.103623
v 3.888839 -1.303106 1.120517
v 3.899222 -1.297208 1.154786
v 3.905579 -1.283365 1.186442
v 3.883977 -1.305456 1.142599
v 3.896758 -1.290250 1.190145
v 3.886512 -1.304826 1.166150
v 3.890556 -1.298579 1.182690
v 3.978334 -1.891298 1.117527
v 4.037682 -1.882723 1.110846
v 3.989227 -1.887419 1.158105
v 3.917754 -1.888650 1.124207
v 4.218521 -1.439759 1.191865
v 4.196993 -1.392200 1.214468
v 4.233066 -1.456438 1.218349
v 4.230867 -1.435186 1.220771
v 4.257216 -1.483858 1.227074
v 4.254200 -1.519340 1.230552
v 4.230417 -1.462853 1.201504
v 4.248476 -1.532519 1.189308
v 4.261048 -1.582374 1.221253
v 4.227959 -1.486493 1.157362
v 4.208632 -1.419818 1.194126
v 4.205528 -1.443698 1.159317
v 4.176718 -1.405345 1.161272
v 4.188652 -1.383681 1.210549
v 4.184034 -1.375451 1.226871
v 4.147311 -1.345120 1.222549
v 4.193186 -1.382018 1.241545
v 4.208424 -1.403513 1.229637
v 4.163738 -1.354297 1.241690
v 4.210524 -1.396784 1.255044
v 4.214512 -1.407735 1.243573
v 4.200192 -1.381573 1.267886
v 4.184165 -1.368406 1.256047
v 4.188738 -1.372894 1.285932
v 4.172597 -1.362425 1.297708
v 4.146459 -1.343312 1.291738
v 4.134999 -1.334210 1.237913
v 4.120247 -1.326414 1.275311
v 4.113970 -1.322371 1.236842
v 4.106758 -1.318511 1.255721
v 4.196331 -1.750082 1.089424
v 4.204415 -1.764351 1.117723
v 4.182773 -1.785655 1.102245
v 4.196432 -1.779454 1.104429
v 4.182170 -1.802148 1.095862
v 4.159982 -1.808025 1.094802
v 4.152845 -1.827016 1.095498
v 4.127028 -1.838288 1.098730
v 4.137695 -1.804400 1.098061
v 4.125143 -1.826541 1.100946
v 4.168104 -1.778987 1.092951
v 4.176811 -1.757466 1.075895
v 4.194599 -1.730586 1.078978
v 4.205103 -1.725883 1.086685
v 4.208346 -1.710326 1.086046
v 4.213397 -1.729098 1.090178
v 4.231866 -1.699781 1.093951
v 4.233679 -1.713179 1.112401
v 4.249602 -1.670170 1.113530
v 4.236413 -1.720838 1.133289
v 4.251213 -1.680872 1.134869
v 4.259776 -1.647367 1.137797
v 4.257004 -1.664843 1.157899
v 4.248438 -1.696751 1.170050
v 4.226592 -1.757155 1.145844
v 4.242900 -1.734060 1.164181
v 4.245095 -1.718250 1.170466
v 4.236326 -1.747854 1.156227
v 3.690801 -1.498954 1.089424
v 3.679298 -1.487263 1.117723
v 3.694689 -1.461082 1.102245
v 3.683100 -1.470608 1.104429
v 3.691003 -1.444997 1.095862
v 3.710914 -1.433576 1.094802
v 3.712892 -1.413386 1.095498
v 3.734911 -1.395815 1.098730
v 3.733380 -1.431310 1.098061
v 3.739773 -1.406675 1.100947
v 3.710584 -1.463729 1.092951
v 3.707744 -1.486769 1.075895
v 3.697520 -1.517337 1.078978
v 3.688591 -1.524598 1.086686
v 3.689483 -1.540464 1.086046
v 3.679746 -1.523639 1.090179
v 3.669495 -1.556738 1.093952
v 3.664275 -1.544264 1.112401
v 3.660027 -1.589929 1.113530
v 3.659653 -1.537575 1.133289
v 3.655702 -1.580009 1.134869
v 3.656100 -1.614588 1.137797
v 3.654256 -1.596990 1.157899
v 3.654271 -1.563952 1.170050
v 3.659739 -1.499954 1.145844
v 3.649966 -1.526482 1.164181
v 3.651936 -1.542322 1.170466
v 3.652744 -1.511456 1.156228
v 3.641393 -1.544865 1.275771
v 3.658791 -1.659188 1.247922
v 3.643764 -1.621270 1.286148
v 3.638427 -1.556720 1.291972
v 3.633799 -1.580746 1.324374
v 3.640991 -1.502378 1.313997
v 3.665920 -1.425664 1.303619
v 4.255937 -1.718522 1.275770
v 4.268720 -1.603591 1.247922
v 4.273422 -1.644106 1.286148
v 4.261871 -1.707838 1.291972
v 4.272559 -1.685830 1.324374
v 4.245330 -1.759666 1.313996
v 4.201394 -1.827313 1.303619
v 4.095508 -1.361751 1.094406
v 4.124867 -1.385357 0.981854
v 4.065238 -1.352148 1.045876
v 4.066533 -1.349263 0.995414
v 4.002070 -1.328344 1.008972
v 4.019007 -1.338315 1.090787
v 4.063057 -1.342987 1.206957
v 3.920419 -1.849398 1.045876
v 3.854227 -1.832754 0.981854
v 3.919914 -1.852520 0.995414
v 3.987595 -1.856042 1.008972
v 3.888695 -1.847957 1.094406
v 3.968655 -1.850795 1.090787
v 3.924897 -1.857684 1.206957
v 4.188596 -1.718919 1.552024
v 4.219441 -1.676110 1.589548
v 4.204638 -1.722050 1.612779
v 4.219570 -1.606250 1.534669
v 4.235614 -1.590774 1.599632
v 4.246012 -1.626266 1.646380
v 4.102899 -1.808082 1.575997
v 4.192504 -1.763263 1.656700
v 4.163161 -1.782811 1.627593
v 4.070665 -1.838870 1.617713
v 3.983621 -1.850872 1.613207
v 4.039209 -1.866451 1.650145
v 3.934290 -1.865232 1.645193
v 3.910626 -1.885199 1.646270
v 3.881609 -1.850599 1.644416
v 3.889864 -1.870039 1.649858
v 3.809358 -1.870421 1.643736
v 3.832658 -1.853709 1.650386
v 3.772428 -1.408772 1.552024
v 3.731555 -1.442139 1.589548
v 3.757744 -1.401597 1.612779
v 3.713349 -1.509585 1.534669
v 3.693845 -1.520380 1.599632
v 3.692988 -1.483406 1.646380
v 3.878282 -1.344828 1.575998
v 3.780131 -1.364928 1.656700
v 3.813533 -1.353642 1.627593
v 3.917387 -1.323431 1.617713
v 4.004571 -1.334367 1.613207
v 3.954909 -1.304931 1.650145
v 4.055938 -1.333266 1.645193
v 4.083964 -1.320103 1.646270
v 4.103037 -1.361033 1.644416
v 4.100094 -1.340119 1.649859
v 4.177956 -1.360586 1.643736
v 4.151125 -1.370699 1.650386
v 4.084683 -1.860727 1.165046
v 4.176922 -1.803623 1.213070
v 4.110908 -1.850347 1.213766
v 4.037107 -1.880039 1.214463
v 3.982464 -1.885627 1.117023
v 3.770007 -1.363181 1.165046
v 3.695691 -1.442214 1.213070
v 3.747362 -1.379996 1.213767
v 3.810964 -1.332215 1.214464
v 3.862297 -1.312673 1.117023
v 4.102870 -1.334228 1.227289
v 4.066042 -1.319860 1.236550
v 4.109063 -1.340530 1.278012
v 4.130819 -1.351518 1.252833
v 4.146924 -1.364582 1.275924
v 4.144122 -1.364140 1.294111
v 4.131932 -1.357098 1.309847
v 4.082835 -1.328620 1.277830
v 4.026762 -1.310765 1.245812
v 4.258340 -1.727802 1.493857
v 4.224267 -1.771506 1.465318
v 4.228264 -1.765682 1.447012
v 4.287300 -1.664885 1.485782
v 4.215784 -1.782893 1.501931
v 4.177950 -1.813103 1.455086
v 4.136120 -1.836500 1.408242
v 3.707360 -1.382140 1.493857
v 3.751583 -1.348746 1.465318
v 3.746215 -1.353336 1.447012
v 3.663102 -1.435419 1.485782
v 3.762724 -1.339941 1.501931
v 3.807088 -1.320553 1.455086
v 3.853548 -1.308781 1.408242
v 3.883663 -1.332458 0.823108
v 3.843434 -1.349746 0.880318
v 3.913677 -1.323992 0.853710
v 3.917540 -1.322752 0.822251
v 3.894811 -1.329312 0.869867
v 3.942707 -1.318421 0.826361
v 3.947698 -1.318857 0.859417
v 3.949735 -1.318023 0.840406
v 3.719701 -1.843643 1.585971
v 3.692175 -1.814842 1.592107
v 3.715890 -1.850989 1.515496
v 3.662119 -1.801707 1.486854
v 3.757348 -1.800639 1.656446
v 3.771489 -1.813962 1.656446
v 4.257628 -1.409657 1.585971
v 4.276760 -1.444601 1.592107
v 4.263210 -1.403548 1.515497
v 4.302393 -1.465066 1.486854
v 4.210132 -1.441451 1.656446
v 4.199922 -1.424923 1.656446
v 3.630742 -1.558549 1.387654
v 3.633545 -1.570757 1.414838
v 3.636931 -1.539447 1.414274
v 3.638328 -1.600522 1.446063
v 3.637532 -1.616788 1.431015
v 3.635495 -1.620720 1.413297
v 3.649694 -1.478357 1.382486
v 3.630434 -1.599403 1.390238
v 3.635111 -1.520726 1.373497
v 3.627493 -1.564629 1.364508
v 4.286690 -1.537574 1.387654
v 4.280822 -1.526507 1.414838
v 4.285655 -1.557626 1.414274
v 4.268499 -1.498996 1.446063
v 4.265057 -1.483078 1.431015
v 4.266008 -1.478751 1.413297
v 4.289138 -1.619939 1.382486
v 4.276413 -1.498033 1.390238
v 4.292258 -1.575239 1.373497
v 4.288254 -1.530860 1.364508
v 3.920628 -1.293243 1.334801
v 4.018734 -1.309765 1.386458
v 3.987301 -1.306575 1.332161
v 3.948340 -1.302114 1.307873
v 3.974193 -1.313600 1.280946
v 4.018313 -1.318461 1.330841
v 4.051498 -1.326286 1.376150
v 4.063783 -1.329183 1.412287
v 4.058862 -1.323505 1.433058
v 4.000198 -1.298780 1.399779
v 3.964461 -1.289673 1.377749
v 4.038827 -1.309011 1.432267
v 4.008992 -1.292317 1.420697
v 4.075347 -1.868868 1.334801
v 3.976308 -1.878302 1.386458
v 4.007496 -1.873247 1.332161
v 4.046283 -1.867473 1.307873
v 4.018339 -1.863069 1.280945
v 3.974464 -1.869794 1.330841
v 3.940384 -1.870822 1.376150
v 3.927768 -1.871205 1.412287
v 3.933991 -1.875416 1.433058
v 3.997056 -1.884115 1.399779
v 4.033932 -1.883662 1.377749
v 3.957095 -1.884230 1.432267
v 3.990234 -1.892634 1.420697
v 3.945901 -1.253907 1.256703
v 3.901862 -1.265399 1.246654
v 3.927667 -1.260818 1.297661
v 3.965348 -1.252295 1.289582
v 3.974397 -1.252697 1.315672
v 3.962765 -1.255434 1.328189
v 3.941089 -1.260358 1.333918
v 3.899837 -1.268785 1.285262
v 3.859659 -1.282334 1.236606
v 3.791179 -1.298790 1.457508
v 3.753668 -1.324354 1.449305
v 3.750857 -1.308612 1.484629
v 3.768102 -1.337060 1.432737
v 3.792079 -1.284034 1.490756
v 3.796512 -1.314593 1.443546
v 3.768728 -1.288713 1.536550
v 3.811334 -1.259353 1.600123
v 3.798394 -1.269127 1.596771
v 3.785719 -1.348638 1.437083
v 3.807252 -1.331025 1.451008
v 3.820319 -1.347714 1.469184
v 3.804312 -1.360027 1.451886
v 4.047566 -1.917444 1.457507
v 4.090415 -1.902459 1.449305
v 4.089056 -1.918395 1.484629
v 4.079762 -1.886452 1.432737
v 4.042878 -1.931465 1.490756
v 4.046504 -1.900802 1.443545
v 4.066644 -1.932989 1.536550
v 4.017891 -1.950322 1.600123
v 4.032919 -1.944230 1.596770
v 4.065743 -1.870709 1.437082
v 4.040384 -1.882149 1.451008
v 4.032081 -1.862646 1.469183
v 4.050730 -1.854894 1.451886
v 3.966946 -1.860988 0.823108
v 4.010280 -1.854700 0.880318
v 3.935765 -1.861396 0.853710
v 3.931712 -1.861594 0.822251
v 3.955365 -1.861140 0.869867
v 3.906282 -1.859264 0.826361
v 3.901575 -1.857551 0.859417
v 3.899391 -1.857831 0.840406
v 3.729717 -1.818734 1.426951
v 3.834646 -1.883542 1.406914
v 3.771774 -1.853250 1.445954
v 3.718597 -1.810803 1.484993
v 3.686243 -1.768871 1.465990
v 3.662882 -1.722979 1.446988
v 4.123746 -1.311872 1.426951
v 4.005619 -1.276430 1.406914
v 4.074189 -1.289418 1.445954
v 4.136539 -1.316653 1.484993
v 4.178646 -1.348784 1.465990
v 4.213088 -1.387065 1.446988
v 3.728371 -1.799017 1.361732
v 3.751778 -1.817675 1.374666
v 3.710160 -1.780315 1.384091
v 3.698939 -1.768147 1.359976
v 3.738167 -1.807743 1.350552
v 3.800607 -1.846590 1.365242
v 3.688523 -1.755381 1.335862
v 4.130151 -1.330569 1.361732
v 4.102712 -1.318606 1.374666
v 4.152581 -1.343920 1.384091
v 4.166568 -1.352769 1.359977
v 4.118428 -1.324675 1.350553
v 4.048062 -1.303312 1.365242
v 4.179934 -1.362405 1.335862
v 3.878587 -1.845382 1.064220
v 3.901597 -1.869770 1.070165
v 3.843791 -1.846394 1.075894
v 3.856226 -1.818083 1.058118
v 3.792418 -1.811703 1.081623
v 3.918282 -1.847233 1.061638
v 3.883356 -1.821470 1.058607
v 3.943374 -1.867333 1.072554
v 3.970276 -1.884908 1.094618
v 3.917754 -1.888650 1.124207
v 3.978334 -1.891298 1.117527
v 4.037682 -1.882723 1.110846
v 3.976558 -1.881396 1.088711
v 3.988399 -1.860454 1.064784
v 4.039453 -1.879888 1.106154
v 3.972460 -1.856396 1.053563
v 4.004593 -1.872352 1.084340
v 4.012178 -1.862208 1.061392
v 4.039951 -1.860965 1.050695
v 3.925635 -1.842701 1.056086
v 3.960637 -1.851334 1.035036
v 3.933583 -1.839130 1.049515
v 3.908903 -1.824436 1.063994
v 4.059147 -1.879311 1.127954
v 4.060642 -1.883803 1.144004
v 4.050951 -1.872222 1.103685
v 4.078986 -1.872155 1.139554
v 4.080311 -1.881298 1.171193
v 4.086210 -1.857696 1.108379
v 4.065377 -1.864836 1.103623
v 4.103500 -1.851115 1.120516
v 4.094998 -1.859498 1.154786
v 4.092439 -1.874515 1.186442
v 4.107588 -1.847586 1.142599
v 4.099178 -1.865581 1.190144
v 4.105302 -1.848850 1.166150
v 4.103013 -1.855931 1.182689
v 4.231534 -1.696073 1.233088
v 4.250820 -1.653588 1.271723
v 4.232430 -1.696858 1.277744
v 4.208099 -1.736643 1.283765
v 4.206369 -1.734935 1.194453
v 3.670776 -1.560234 1.233088
v 3.663142 -1.606261 1.271723
v 3.669706 -1.559706 1.277744
v 3.682911 -1.514979 1.283765
v 3.685024 -1.516182 1.194454
v 4.180445 -1.702124 0.896039
v 4.202408 -1.698756 0.907349
v 4.182300 -1.750979 0.909877
v 4.211942 -1.645314 0.904821
v 4.144059 -1.744923 0.891849
v 4.131625 -1.779189 0.904478
v 4.093532 -1.792449 0.901346
v 4.134238 -1.794103 0.897432
v 4.083969 -1.809399 0.895703
v 4.079587 -1.825782 0.884986
v 3.718557 -1.541166 0.896039
v 3.698215 -1.550103 0.907349
v 3.704120 -1.494455 0.909877
v 3.702836 -1.604192 0.904821
v 3.742627 -1.490407 0.891849
v 3.745767 -1.454090 0.904478
v 3.779131 -1.431425 0.901346
v 3.739383 -1.440362 0.897432
v 3.783981 -1.412576 0.895703
v 3.783974 -1.395617 0.884986
v 3.968758 -1.263248 1.250750
v 4.013260 -1.271026 1.205588
v 3.985405 -1.263211 1.190306
v 3.947783 -1.259980 1.243520
v 3.937323 -1.258374 1.230337
v 3.948388 -1.258266 1.205245
v 3.970191 -1.260017 1.174199
v 4.014188 -1.269631 1.167313
v 4.056248 -1.284760 1.160427
v 4.036620 -1.910298 1.250750
v 3.991622 -1.914302 1.205588
v 4.020550 -1.914643 1.190306
v 4.057726 -1.908026 1.243520
v 4.068247 -1.906870 1.230337
v 4.057586 -1.909838 1.205245
v 4.036073 -1.913790 1.174198
v 3.991087 -1.915890 1.167313
v 3.946544 -1.912163 1.160427
v 4.030193 -1.855619 0.960738
v 3.962601 -1.865458 0.989226
v 3.984255 -1.865637 0.960065
v 4.011787 -1.858964 0.977148
v 4.058120 -1.844624 0.965070
v 4.062029 -1.845094 0.946494
v 4.057810 -1.848395 0.932935
v 4.036654 -1.856425 0.929410
v 4.005851 -1.864238 0.930904
v 3.960815 -1.317728 0.960738
v 4.028649 -1.325718 0.989226
v 4.007779 -1.319941 0.960065
v 3.979459 -1.319262 0.977149
v 3.930993 -1.321119 0.965071
v 3.927339 -1.319654 0.946494
v 3.932268 -1.317558 0.932935
v 3.954782 -1.315277 0.929411
v 3.986558 -1.315703 0.930904
v 4.138886 -1.420498 0.958318
v 4.126028 -1.383380 0.980198
v 4.174014 -1.446173 0.958331
v 4.171689 -1.471402 0.944885
v 4.113638 -1.391467 0.975030
v 4.183312 -1.474400 0.948762
v 4.202264 -1.511378 0.944804
v 4.194900 -1.539214 0.933092
v 4.138576 -1.375545 0.985366
v 4.120523 -1.364030 0.969814
v 4.107096 -1.367839 0.981598
v 4.094056 -1.372117 0.993383
v 3.831591 -1.802438 0.958317
v 3.853618 -1.834965 0.980198
v 3.791013 -1.786730 0.958331
v 3.786730 -1.761759 0.944884
v 3.863491 -1.823946 0.975030
v 3.774727 -1.761872 0.948762
v 3.746851 -1.731060 0.944804
v 3.746759 -1.702265 0.933092
v 3.843525 -1.845780 0.985365
v 3.863943 -1.852229 0.969814
v 3.875926 -1.845075 0.981598
v 3.887414 -1.837569 0.993383
v 4.001565 -1.312638 1.249847
v 4.022719 -1.316237 1.288039
v 4.060368 -1.328031 1.265374
v 4.080554 -1.335877 1.303566
v 4.115477 -1.355276 1.280902
v 4.043627 -1.321409 1.326230
v 3.992148 -1.871083 1.249847
v 3.970784 -1.873081 1.288039
v 3.931365 -1.871433 1.265374
v 3.909836 -1.869078 1.303566
v 3.871083 -1.859381 1.280901
v 3.949250 -1.873498 1.326230
v 3.720613 -1.435712 1.260871
v 3.745080 -1.400986 1.264769
v 3.753738 -1.395465 1.233514
v 3.773902 -1.369626 1.268667
v 3.792545 -1.361159 1.206157
v 4.235579 -1.805061 1.468617
v 4.264809 -1.769365 1.475446
v 4.243238 -1.807094 1.528502
v 4.273520 -1.732402 1.423339
v 4.211455 -1.838181 1.517629
v 4.250056 -1.768030 1.422182
v 4.220227 -1.832828 1.576847
v 4.245222 -1.742312 1.378259
v 4.192986 -1.855531 1.569282
v 4.263525 -1.710846 1.377838
v 4.196902 -1.851727 1.622835
v 4.178292 -1.865146 1.622256
v 4.231007 -1.723139 1.335594
v 4.244835 -1.697425 1.335642
v 3.638659 -1.456006 1.468617
v 3.619664 -1.498051 1.475446
v 3.630735 -1.456026 1.528502
v 3.620817 -1.536007 1.423339
v 3.653388 -1.417771 1.517630
v 3.634260 -1.495523 1.422182
v 3.646302 -1.425211 1.576847
v 3.645587 -1.519113 1.378260
v 3.666738 -1.396231 1.569282
v 3.636050 -1.554243 1.377839
v 3.663941 -1.400921 1.622835
v 3.678443 -1.383142 1.622256
v 3.664279 -1.533952 1.335594
v 3.657577 -1.562370 1.335642
v 3.943945 -1.903773 1.126152
v 3.946544 -1.912163 1.160427
v 3.916102 -1.902530 1.127932
v 3.887262 -1.889984 1.095438
v 3.997832 -1.908449 1.146729
v 3.994997 -1.913058 1.163830
v 3.991087 -1.915890 1.167313
v 4.036073 -1.913790 1.174198
v 4.043033 -1.908065 1.147032
v 4.084004 -1.904053 1.137198
v 4.056248 -1.284760 1.160427
v 4.083159 -1.301944 1.127933
v 4.056587 -1.293538 1.126152
v 4.107770 -1.321526 1.095438
v 4.009677 -1.271357 1.163831
v 4.014188 -1.269631 1.167313
v 4.005746 -1.275073 1.146730
v 3.970191 -1.260017 1.174199
v 3.961986 -1.263747 1.147032
v 3.921372 -1.257018 1.137198
v 3.757627 -1.360861 1.369627
v 3.721763 -1.383797 1.357974
v 3.732181 -1.377698 1.380504
v 3.770236 -1.354437 1.367386
v 3.784079 -1.348176 1.395496
v 3.820981 -1.336695 1.398833
v 3.838225 -1.332244 1.412342
v 3.838208 -1.331262 1.416883
v 3.707475 -1.392282 1.326969
v 3.692381 -1.411901 1.361188
v 3.685545 -1.422137 1.378298
v 3.674568 -1.432799 1.354727
v 3.649694 -1.478357 1.382486
v 3.674568 -1.432799 1.354727
v 3.707475 -1.392282 1.326969
v 3.667547 -1.450175 1.337655
v 3.649694 -1.478357 1.382486
v 3.643703 -1.506656 1.340142
v 3.635111 -1.520726 1.373497
v 3.637876 -1.518686 1.365112
v 3.630450 -1.550205 1.326227
v 3.627493 -1.564629 1.364508
v 3.622221 -1.587516 1.304110
v 4.215294 -1.761368 1.369627
v 4.243999 -1.729931 1.357974
v 4.235514 -1.738519 1.380503
v 4.204776 -1.770836 1.367385
v 4.193026 -1.780467 1.395496
v 4.160352 -1.801107 1.398833
v 4.144848 -1.809869 1.412342
v 4.145118 -1.810814 1.416883
v 4.255604 -1.718035 1.326968
v 4.265105 -1.695179 1.361188
v 4.269059 -1.683523 1.378298
v 4.276903 -1.670383 1.354727
v 4.289138 -1.619939 1.382486
v 4.276903 -1.670383 1.354727
v 4.255604 -1.718035 1.326968
v 4.279187 -1.651781 1.337655
v 4.289138 -1.619939 1.382486
v 4.287601 -1.591053 1.340142
v 4.292258 -1.575239 1.373497
v 4.290114 -1.577924 1.365112
v 4.289132 -1.545558 1.326226
v 4.288254 -1.530860 1.364508
v 4.287423 -1.507389 1.304110
v 3.925739 -1.881479 1.452670
v 3.872951 -1.871313 1.389948
v 3.936303 -1.880666 1.393702
v 4.001830 -1.876850 1.397456
v 3.918163 -1.301998 1.452671
v 3.971784 -1.298158 1.389948
v 3.908171 -1.305518 1.393702
v 3.845862 -1.326163 1.397457
v 3.823371 -1.339660 1.399336
v 3.862604 -1.328006 1.423833
v 3.884250 -1.326127 1.392318
v 3.903034 -1.321971 1.448331
v 3.924650 -1.323172 1.416815
v 3.945880 -1.326172 1.385300
v 4.157277 -1.798862 1.399336
v 4.122396 -1.820273 1.423833
v 4.101975 -1.827690 1.392318
v 4.084907 -1.836566 1.448330
v 4.063715 -1.840999 1.416815
v 4.042433 -1.843597 1.385300
v 3.679047 -1.769257 1.410323
v 3.688128 -1.770121 1.393950
v 3.710872 -1.799647 1.380399
v 3.696587 -1.775101 1.388234
v 3.671405 -1.740945 1.402237
v 3.710160 -1.780315 1.384091
v 3.751778 -1.817675 1.374666
v 3.678943 -1.741117 1.386345
v 3.753923 -1.827082 1.372821
v 3.800607 -1.846590 1.365242
v 3.779833 -1.844434 1.403970
v 3.743775 -1.824374 1.392185
v 3.710872 -1.799647 1.380399
v 3.659163 -1.705990 1.390596
v 3.656323 -1.705707 1.399298
v 3.650396 -1.686567 1.398842
v 3.648598 -1.683539 1.410711
v 3.653135 -1.696105 1.425837
v 3.658427 -1.713271 1.438110
v 3.665537 -1.742394 1.418774
v 3.657047 -1.724960 1.441419
v 3.659484 -1.740985 1.433058
v 4.185495 -1.346548 1.410323
v 4.176501 -1.348065 1.393950
v 4.146889 -1.325431 1.380400
v 4.167041 -1.345444 1.388234
v 4.200204 -1.371918 1.402237
v 4.152581 -1.343920 1.384091
v 4.102712 -1.318606 1.374666
v 4.192879 -1.373702 1.386345
v 4.098204 -1.310074 1.372821
v 4.048062 -1.303312 1.365242
v 4.068686 -1.300018 1.403971
v 4.108707 -1.310062 1.392185
v 4.146889 -1.325431 1.380400
v 4.221076 -1.402513 1.390596
v 4.223893 -1.402051 1.399298
v 4.234571 -1.419005 1.398841
v 4.237092 -1.421464 1.410711
v 4.229457 -1.410502 1.425837
v 4.219904 -1.395289 1.438110
v 4.205499 -1.368999 1.418774
v 4.218210 -1.383642 1.441419
v 4.211709 -1.368794 1.433058
v 4.285816 -1.699411 1.540739
v 4.278871 -1.651336 1.439067
v 4.285006 -1.659688 1.487222
v 4.294194 -1.653182 1.537783
v 4.273892 -1.703467 1.485763
v 4.268092 -1.687816 1.434943
v 4.305386 -1.665597 1.578480
v 4.307656 -1.629226 1.575158
v 4.322882 -1.613938 1.607603
v 4.320605 -1.594946 1.605940
v 4.264190 -1.661152 1.409675
v 4.272858 -1.630332 1.408913
v 4.265081 -1.603980 1.387758
v 4.258900 -1.629934 1.397183
v 4.152800 -1.811615 0.987419
v 4.131342 -1.834537 0.967267
v 4.177678 -1.785068 0.965911
v 4.175707 -1.785779 0.979798
v 4.171767 -1.787150 1.007571
v 4.193760 -1.758771 0.986063
v 4.212370 -1.728190 0.964555
v 3.843434 -1.349746 0.880318
v 3.861113 -1.346401 0.834184
v 3.835161 -1.365145 0.845832
v 3.883663 -1.332458 0.823108
v 3.863887 -1.343496 0.773884
v 3.853179 -1.352526 0.810989
v 3.802471 -1.381219 0.892268
v 3.803241 -1.387261 0.876155
v 3.767429 -1.419043 0.904218
v 3.777271 -1.410270 0.954237
v 3.748646 -1.462665 1.026908
v 3.806025 -1.379057 0.915667
v 3.843434 -1.349746 0.880318
v 3.759570 -1.437547 0.999247
v 3.747109 -1.466211 1.045702
v 3.747885 -1.462335 1.047477
v 3.911894 -1.269031 1.224543
v 3.906662 -1.266594 1.242743
v 3.956437 -1.255858 1.228523
v 3.861448 -1.288690 1.199805
v 3.945901 -1.253907 1.256703
v 3.998551 -1.247292 1.222122
v 3.901862 -1.265399 1.246654
v 3.859659 -1.282334 1.236606
v 3.810715 -1.317060 1.164688
v 3.758549 -1.374014 1.176367
v 3.741313 -1.394570 1.191060
v 3.774455 -1.350251 1.196400
v 3.719182 -1.441089 1.189835
v 3.716498 -1.443454 1.191626
v 3.810715 -1.317060 1.164688
v 3.814263 -1.312788 1.213550
v 3.859659 -1.282334 1.236606
v 3.716922 -1.428250 0.987419
v 3.731715 -1.400556 0.967268
v 3.699763 -1.460332 0.965911
v 3.701481 -1.459134 0.979798
v 3.704932 -1.456790 1.007571
v 3.691034 -1.489894 0.986063
v 3.680974 -1.524250 0.964555
v 4.105643 -1.370719 1.055342
v 4.129099 -1.395876 1.095871
v 4.145539 -1.419602 1.117993
v 4.147680 -1.424344 1.136213
v 4.145839 -1.420878 1.139387
v 4.114756 -1.370787 1.006328
v 4.071028 -1.345906 1.020790
v 4.073571 -1.344643 0.997777
v 4.028649 -1.325718 0.989226
v 4.007779 -1.319941 0.960065
v 4.041467 -1.334991 0.946142
v 3.986558 -1.315703 0.930904
v 4.075788 -1.349407 0.976790
v 4.114756 -1.370787 1.006328
v 4.019923 -1.325027 0.913268
v 4.004640 -1.316391 0.879283
v 3.876584 -1.841918 1.055342
v 3.847415 -1.823688 1.095871
v 3.825396 -1.805025 1.117993
v 3.822100 -1.801001 1.136213
v 3.824775 -1.803870 1.139387
v 3.867765 -1.844211 1.006327
v 3.916441 -1.856926 1.020790
v 3.914313 -1.858804 0.997777
v 3.962601 -1.865458 0.989226
v 3.984255 -1.865637 0.960065
v 3.947819 -1.859818 0.946142
v 4.005851 -1.864238 0.930904
v 3.910938 -1.854776 0.976790
v 3.867765 -1.844211 1.006327
v 3.971209 -1.863867 0.913268
v 3.988206 -1.868253 0.879283
v 4.281219 -1.546837 1.435762
v 4.286052 -1.545840 1.451311
v 4.298546 -1.627628 1.421650
v 4.248851 -1.477564 1.471227
v 4.252145 -1.475297 1.485263
v 4.293262 -1.624310 1.404067
v 4.279859 -1.702038 1.379914
v 4.281392 -1.714383 1.400570
v 4.243167 -1.774026 1.371085
v 4.238162 -1.791071 1.392449
v 4.186083 -1.835399 1.385362
v 4.180026 -1.847182 1.401668
v 4.113975 -1.885314 1.419558
v 4.114953 -1.880978 1.411194
v 4.227959 -1.486493 1.157362
v 4.238424 -1.565649 1.181894
v 4.231722 -1.552356 1.161939
v 4.222789 -1.512073 1.141422
v 4.215314 -1.536410 1.125483
v 4.228054 -1.584470 1.164228
v 4.232660 -1.623488 1.199862
v 4.249765 -1.570458 1.211394
v 4.248476 -1.532519 1.189308
v 4.241761 -1.588723 1.205301
v 4.235165 -1.639863 1.229270
v 4.261048 -1.582374 1.221253
v 4.251247 -1.614400 1.238410
v 4.241042 -1.636040 1.244704
v 3.636484 -1.671894 1.247014
v 3.611946 -1.606802 1.213490
v 3.638427 -1.641768 1.250449
v 3.625851 -1.604663 1.231104
v 3.643867 -1.608837 1.257733
v 3.607006 -1.622668 1.213905
v 3.621851 -1.680901 1.241361
v 3.610491 -1.648827 1.225483
v 3.637199 -1.694846 1.251276
v 3.639270 -1.714058 1.259388
v 4.293556 -1.597091 1.247014
v 4.300412 -1.666316 1.213490
v 4.283883 -1.625687 1.250449
v 4.286426 -1.664783 1.231104
v 4.270105 -1.656090 1.257733
v 4.309290 -1.652270 1.213905
v 4.310022 -1.592179 1.241361
v 4.312694 -1.626100 1.225483
v 4.298807 -1.574736 1.251276
v 4.301779 -1.555643 1.259388
v 3.699108 -1.826126 1.455218
v 3.677183 -1.792983 1.457512
v 3.701954 -1.794728 1.451312
v 3.662119 -1.801707 1.486854
v 3.691933 -1.840965 1.479566
v 3.715890 -1.850989 1.515496
v 3.720914 -1.821779 1.454034
v 3.749135 -1.820763 1.464431
v 3.731184 -1.799470 1.456683
v 4.272984 -1.431905 1.455218
v 4.285585 -1.469594 1.457512
v 4.262109 -1.461497 1.451312
v 4.302393 -1.465066 1.486854
v 4.283756 -1.419430 1.479566
v 4.263210 -1.403548 1.515497
v 4.250796 -1.430462 1.454034
v 4.223273 -1.424139 1.464431
v 4.235101 -1.449354 1.456683
v 4.042821 -1.872402 1.520850
v 3.984951 -1.875874 1.492291
v 3.999232 -1.875487 1.465691
v 3.945066 -1.871306 1.443290
v 3.930940 -1.868713 1.468420
v 4.056295 -1.868670 1.492231
v 4.115837 -1.848082 1.527047
v 4.104792 -1.855515 1.558782
v 4.173855 -1.815135 1.559298
v 4.166276 -1.825067 1.590743
v 4.223924 -1.782548 1.601390
v 4.228418 -1.771967 1.578145
v 4.273363 -1.727299 1.601378
v 4.275260 -1.717053 1.590289
v 3.723550 -1.675971 0.959628
v 3.730711 -1.691011 1.141413
v 3.725611 -1.639213 1.017875
v 3.726663 -1.714046 0.901382
v 4.210511 -1.570621 0.959628
v 4.207488 -1.554239 1.141413
v 4.199008 -1.605591 1.017875
v 4.217360 -1.533036 0.901382
v 4.090662 -1.852424 0.959241
v 4.089267 -1.852938 0.936815
v 4.122145 -1.839341 0.963136
v 4.058633 -1.862075 0.955346
v 4.055751 -1.862758 0.910494
v 3.766380 -1.372749 0.959241
v 3.767595 -1.371892 0.936815
v 3.739355 -1.393535 0.963136
v 3.794820 -1.355138 0.955346
v 3.797427 -1.353731 0.910494
v 3.752049 -1.357258 1.447841
v 3.729281 -1.379666 1.460486
v 3.752086 -1.345275 1.513400
v 3.734083 -1.386551 1.391195
v 3.717045 -1.407062 1.402110
v 3.778395 -1.325943 1.499159
v 3.797305 -1.299643 1.555396
v 3.819573 -1.291293 1.539822
v 3.862070 -1.259492 1.585062
v 3.874642 -1.260901 1.569332
v 3.934534 -1.237802 1.600989
v 3.939446 -1.241634 1.587189
v 4.009050 -1.233260 1.610046
v 4.008860 -1.235514 1.599218
v 4.097116 -1.875800 1.432602
v 4.119585 -1.861871 1.374142
v 4.145842 -1.862853 1.392121
v 4.143142 -1.848624 1.328788
v 4.171008 -1.838186 1.309650
v 4.201394 -1.827313 1.303619
v 4.200954 -1.833262 1.330928
v 4.195074 -1.841974 1.358215
v 4.178136 -1.855614 1.385460
v 4.138858 -1.871285 1.408805
v 4.154989 -1.870302 1.412682
v 4.128329 -1.880506 1.422190
v 4.101459 -1.888540 1.431696
v 3.754096 -1.351841 1.432603
v 3.735998 -1.371110 1.374142
v 3.710381 -1.376958 1.392122
v 3.716672 -1.390003 1.328788
v 3.692458 -1.407298 1.309650
v 3.665920 -1.425664 1.303619
v 3.664806 -1.419805 1.330928
v 3.668230 -1.409867 1.358215
v 3.681061 -1.392310 1.385460
v 3.714944 -1.367005 1.408805
v 3.699618 -1.372130 1.412683
v 3.722727 -1.355373 1.422190
v 3.746604 -1.340659 1.431697
v 3.780479 -1.772659 0.903792
v 3.791145 -1.809039 0.911471
v 3.743479 -1.780342 0.860388
v 3.759006 -1.776150 0.876866
v 3.758201 -1.797273 0.879506
v 3.741186 -1.787987 0.864801
v 3.750640 -1.799322 0.882798
v 3.793976 -1.819402 0.921697
v 3.770191 -1.813312 0.907068
v 3.795331 -1.826646 0.934476
v 4.180548 -1.462491 0.903792
v 4.179662 -1.424591 0.911471
v 4.218276 -1.464646 0.860388
v 4.202192 -1.464677 0.876866
v 4.208438 -1.444482 0.879506
v 4.222468 -1.457854 0.864801
v 4.216270 -1.444458 0.882798
v 4.179608 -1.413847 0.921697
v 4.201008 -1.425886 0.907068
v 4.180175 -1.406500 0.934476
v 3.713180 -1.504769 0.830566
v 3.731742 -1.447817 0.815418
v 3.722510 -1.497318 0.822971
v 3.705733 -1.512084 0.841477
v 3.715178 -1.472835 0.832299
v 3.728325 -1.440926 0.822961
v 3.740692 -1.422986 0.813301
v 3.747845 -1.423951 0.808546
v 3.733889 -1.455208 0.813597
v 3.735401 -1.489573 0.822011
v 3.750115 -1.482367 0.824369
v 3.704143 -1.530164 0.814910
v 3.713180 -1.504769 0.830566
v 3.722510 -1.497318 0.822971
v 3.705733 -1.512084 0.841477
v 3.697223 -1.547282 0.812538
v 3.698337 -1.565598 0.790378
v 3.712027 -1.549679 0.781774
v 3.730057 -1.522150 0.785957
v 3.741552 -1.500926 0.802158
v 3.735401 -1.489573 0.822011
v 3.750115 -1.482367 0.824369
v 4.176218 -1.738673 0.830566
v 4.143549 -1.788879 0.815418
v 4.165279 -1.743454 0.822971
v 4.185305 -1.733533 0.841477
v 4.166024 -1.768999 0.832299
v 4.145066 -1.796420 0.822961
v 4.128477 -1.810548 0.813301
v 4.121817 -1.807765 0.808546
v 4.143388 -1.781183 0.813596
v 4.150822 -1.747600 0.822011
v 4.134744 -1.750753 0.824369
v 4.191521 -1.716481 0.814910
v 4.176218 -1.738673 0.830566
v 4.165279 -1.743454 0.822971
v 4.185305 -1.733533 0.841477
v 4.202634 -1.701737 0.812538
v 4.206300 -1.683756 0.790378
v 4.188957 -1.695591 0.781774
v 4.164415 -1.717515 0.785956
v 4.147819 -1.735042 0.802158
v 4.150822 -1.747600 0.822011
v 4.134744 -1.750753 0.824369
v 4.039475 -1.311764 1.606589
v 3.944777 -1.311662 1.605785
v 3.984917 -1.309912 1.643947
v 4.102592 -1.330922 1.626072
v 4.066211 -1.316442 1.587909
v 3.904702 -1.319058 1.567622
v 4.198088 -1.396635 1.608197
v 3.859431 -1.304391 1.593300
v 3.904702 -1.319058 1.567622
v 3.786628 -1.353224 1.539608
v 3.908247 -1.298117 1.612254
v 3.944777 -1.311662 1.605785
v 3.910600 -1.287874 1.634569
v 3.984917 -1.309912 1.643947
v 3.824268 -1.296908 1.613336
v 3.796949 -1.330280 1.568135
v 3.741510 -1.351354 1.568392
v 3.681531 -1.436831 1.511594
v 4.151239 -1.385449 0.913709
v 4.179662 -1.424591 0.911471
v 4.149295 -1.412146 0.893407
v 4.165331 -1.438323 0.895549
v 4.180548 -1.462491 0.903792
v 4.132375 -1.379845 0.903467
v 4.126165 -1.360352 0.917443
v 4.179608 -1.413847 0.921697
v 4.147849 -1.373172 0.927052
v 4.180175 -1.406500 0.934476
v 3.828729 -1.839491 0.913709
v 3.791145 -1.809039 0.911471
v 3.823698 -1.813199 0.893407
v 3.801433 -1.792065 0.895549
v 3.780479 -1.772659 0.903792
v 3.848400 -1.840022 0.903466
v 3.859445 -1.857243 0.917443
v 3.793976 -1.819402 0.921697
v 3.835182 -1.850471 0.927051
v 3.795331 -1.826646 0.934476
v 4.051765 -1.837937 0.876226
v 4.044210 -1.830582 0.822126
v 4.082823 -1.810141 0.772813
v 4.003206 -1.844807 0.871440
v 4.015563 -1.860558 0.979641
v 3.807701 -1.376675 0.876227
v 3.816902 -1.381823 0.822126
v 3.784895 -1.411562 0.772814
v 3.852827 -1.357471 0.871440
v 3.836815 -1.345454 0.979641
v 4.089854 -1.813363 0.954237
v 4.101631 -1.807436 0.904218
v 4.131063 -1.770162 1.026908
v 4.114010 -1.791597 0.999246
v 4.133467 -1.767134 1.045702
v 4.131713 -1.770678 1.047476
v 4.057993 -1.834902 0.892268
v 4.058813 -1.828867 0.876155
v 4.054000 -1.836071 0.915667
v 4.010280 -1.854700 0.880318
v 4.022257 -1.841967 0.845832
v 4.010280 -1.854700 0.880318
v 3.966946 -1.860988 0.823108
v 4.001587 -1.849492 0.810988
v 3.988907 -1.855444 0.773884
v 3.826478 -1.851729 1.113668
v 3.864435 -1.879451 1.115901
v 3.847843 -1.870912 1.130162
v 3.806349 -1.838490 1.129787
v 3.788126 -1.815360 1.127767
v 3.771956 -1.799968 1.135315
v 3.887262 -1.889984 1.095438
v 3.894996 -1.895648 1.142343
v 3.916102 -1.902530 1.127932
v 3.946544 -1.912163 1.160427
v 4.156581 -1.374210 1.113668
v 4.127094 -1.337609 1.115901
v 4.140908 -1.350150 1.130162
v 4.172599 -1.392207 1.129787
v 4.184214 -1.419268 1.127767
v 4.195847 -1.438318 1.135315
v 4.107770 -1.321526 1.095438
v 4.101766 -1.314055 1.142343
v 4.083159 -1.301944 1.127933
v 4.056248 -1.284760 1.160427
v 3.804511 -1.392357 1.176378
v 3.789058 -1.416370 1.205902
v 3.779490 -1.405652 1.218556
v 3.775237 -1.437188 1.228415
v 3.792545 -1.361159 1.206157
v 3.760629 -1.451087 1.236905
v 3.760847 -1.415180 1.226582
v 3.753738 -1.395465 1.233514
v 3.745919 -1.456129 1.240824
v 3.720613 -1.435712 1.260871
v 3.732661 -1.449266 1.249627
v 4.239233 -1.655112 1.081955
v 4.205762 -1.716298 1.067094
v 4.213140 -1.697344 1.043522
v 4.238648 -1.644130 1.051830
v 4.250230 -1.586503 1.064685
v 4.256019 -1.583255 1.101587
v 4.172302 -1.741199 1.044303
v 4.160525 -1.759816 1.061777
v 4.122765 -1.772825 1.049630
v 4.110004 -1.788249 1.061230
v 3.673939 -1.601790 1.081955
v 3.690433 -1.534026 1.067094
v 3.688214 -1.554245 1.043522
v 3.677347 -1.612247 1.051830
v 3.681075 -1.670908 1.064685
v 3.676323 -1.675542 1.101587
v 3.716309 -1.501314 1.044303
v 3.722866 -1.480284 1.061777
v 3.755973 -1.457945 1.049630
v 3.764307 -1.439745 1.061231
v 3.844128 -1.850243 1.120803
v 3.792418 -1.811703 1.081623
v 3.843791 -1.846394 1.075894
v 3.901597 -1.869770 1.070165
v 3.958823 -1.312889 1.246736
v 3.971290 -1.310779 1.222614
v 3.916288 -1.321458 1.199415
v 4.026762 -1.310765 1.245812
v 3.894960 -1.330422 1.254208
v 3.850584 -1.355176 1.247534
v 3.824783 -1.373402 1.281734
v 3.808358 -1.389379 1.284402
v 3.840963 -1.360039 1.274775
v 3.796098 -1.400808 1.298771
v 3.796490 -1.398542 1.301890
v 4.033882 -1.900457 1.555098
v 4.005591 -1.909724 1.558431
v 3.979740 -1.906074 1.502538
v 3.980966 -1.897730 1.454276
v 4.067892 -1.903074 1.593790
v 3.951535 -1.900816 1.450318
v 4.088592 -1.912289 1.627675
v 4.107984 -1.902827 1.626120
v 4.043512 -1.913204 1.597307
v 3.935854 -1.889640 1.421621
v 3.922367 -1.888930 1.422043
v 3.885457 -1.871753 1.397341
v 3.908871 -1.887643 1.422466
v 3.873951 -1.868597 1.402070
v 3.862562 -1.864992 1.406798
v 3.968856 -1.273464 1.555098
v 3.998581 -1.271835 1.558432
v 4.022607 -1.282050 1.502538
v 4.019263 -1.289793 1.454276
v 3.936683 -1.262133 1.593790
v 4.048490 -1.294429 1.450318
v 3.919072 -1.247874 1.627675
v 3.897892 -1.251994 1.626120
v 3.962854 -1.258659 1.597308
v 4.060745 -1.309282 1.421622
v 4.073588 -1.313460 1.422044
v 4.104795 -1.339604 1.397341
v 4.086290 -1.318195 1.422466
v 4.115093 -1.345630 1.402070
v 4.125160 -1.352061 1.406798
v 4.069704 -1.281913 1.555199
v 4.080380 -1.289085 1.523516
v 4.012992 -1.273878 1.518920
v 4.128406 -1.309669 1.564026
v 3.996416 -1.268336 1.549488
v 4.136575 -1.317582 1.539442
v 4.175623 -1.346294 1.574412
v 4.182895 -1.355188 1.561033
v 3.926690 -1.275850 1.541787
v 3.947395 -1.277592 1.515879
v 3.897161 -1.298148 1.504617
v 3.878520 -1.299729 1.526992
v 3.859471 -1.327496 1.489245
v 3.845426 -1.330761 1.508650
v 3.934283 -1.918397 1.555199
v 3.922115 -1.914232 1.523516
v 3.991144 -1.911480 1.518920
v 3.870398 -1.906779 1.564026
v 4.008588 -1.912542 1.549487
v 3.860459 -1.901250 1.539442
v 3.815310 -1.883623 1.574412
v 3.805984 -1.876913 1.561033
v 4.073995 -1.887237 1.541787
v 4.053543 -1.890915 1.515878
v 4.096745 -1.858057 1.504617
v 4.114342 -1.851706 1.526992
v 4.125555 -1.819955 1.489245
v 4.138276 -1.813166 1.508650
v 3.661127 -1.722497 1.220224
v 3.636484 -1.671894 1.247014
v 3.652112 -1.668662 1.226655
v 3.647550 -1.634102 1.240372
v 3.638427 -1.641768 1.250449
v 3.643867 -1.608837 1.257733
v 3.637199 -1.694846 1.251276
v 3.649113 -1.726332 1.239996
v 3.639270 -1.714058 1.259388
v 3.669627 -1.761114 1.223377
v 3.658427 -1.750885 1.238412
v 4.282851 -1.541834 1.220224
v 4.293556 -1.597091 1.247014
v 4.277624 -1.596169 1.226655
v 4.273087 -1.630732 1.240372
v 4.283883 -1.625687 1.250449
v 4.270105 -1.656090 1.257733
v 4.298807 -1.574736 1.251276
v 4.295448 -1.541238 1.239996
v 4.301779 -1.555643 1.259388
v 4.284634 -1.502334 1.223377
v 4.292805 -1.515112 1.238412
v 3.754772 -1.338168 1.601390
v 3.747693 -1.347225 1.578145
v 3.692719 -1.378738 1.601378
v 3.688234 -1.388144 1.590289
v 3.811570 -1.319650 1.559298
v 3.821461 -1.312018 1.590743
v 3.888730 -1.298522 1.558782
v 3.876138 -1.302841 1.527047
v 3.952960 -1.298249 1.520850
v 3.938980 -1.298367 1.492231
v 3.995862 -1.306550 1.465691
v 4.009757 -1.309874 1.492291
v 4.047101 -1.324607 1.443290
v 4.060075 -1.330770 1.468421
v 4.177276 -1.286542 1.308165
v 4.217981 -1.329432 1.316438
v 4.173678 -1.308015 1.307339
v 4.198074 -1.335490 1.317006
v 4.219890 -1.344606 1.320908
v 4.221747 -1.362379 1.329211
v 4.149508 -1.276545 1.302750
v 4.142360 -1.259155 1.304457
v 4.217425 -1.319823 1.319632
v 4.172751 -1.274963 1.313679
v 4.217661 -1.313025 1.326659
v 4.219890 -1.344606 1.320908
v 4.277955 -1.392598 1.268784
v 4.221747 -1.362379 1.329211
v 4.217981 -1.329432 1.316438
v 4.262674 -1.366254 1.282368
v 4.283340 -1.389020 1.267250
v 4.273605 -1.370971 1.280886
v 4.217425 -1.319823 1.319632
v 4.250258 -1.342975 1.301922
v 4.217661 -1.313025 1.326659
v 3.829179 -1.941766 1.308165
v 3.778761 -1.910872 1.316437
v 3.827096 -1.920094 1.307339
v 3.796421 -1.899869 1.317006
v 3.772989 -1.896711 1.320908
v 3.766595 -1.880023 1.329211
v 3.858589 -1.944235 1.302750
v 3.869994 -1.959184 1.304457
v 3.781784 -1.920010 1.319632
v 3.836546 -1.951778 1.313678
v 3.783315 -1.926639 1.326659
v 3.772989 -1.896711 1.320908
v 3.704480 -1.865381 1.268784
v 3.766595 -1.880023 1.329211
v 3.778761 -1.910872 1.316437
v 3.726059 -1.886872 1.282367
v 3.700205 -1.870231 1.267249
v 3.714280 -1.885145 1.280886
v 3.781784 -1.920010 1.319632
v 3.744079 -1.906145 1.301922
v 3.783315 -1.926639 1.326659
v 4.139148 -1.371078 1.120803
v 4.179121 -1.421688 1.081623
v 4.138477 -1.374883 1.075894
v 4.088691 -1.337342 1.070166
v 3.648271 -1.602416 1.409675
v 3.647875 -1.634428 1.408913
v 3.636629 -1.615697 1.439067
v 3.662206 -1.657870 1.387758
v 3.661460 -1.631201 1.397183
v 3.637600 -1.577669 1.434943
v 3.628543 -1.609218 1.487222
v 3.617479 -1.571057 1.540740
v 3.627946 -1.564055 1.485763
v 3.621351 -1.617879 1.537783
v 3.607327 -1.608785 1.578481
v 3.614548 -1.644504 1.575159
v 3.603798 -1.663211 1.607603
v 3.610912 -1.680967 1.605940
v 4.196993 -1.392200 1.214468
v 4.218247 -1.418779 1.235247
v 4.230867 -1.435186 1.220771
v 4.236588 -1.447561 1.256025
v 4.257216 -1.483858 1.227074
v 4.231603 -1.508016 1.114628
v 4.235364 -1.505243 1.137553
v 4.256019 -1.583255 1.101587
v 4.250230 -1.586503 1.064685
v 4.196234 -1.437523 1.173518
v 4.193923 -1.439324 1.164571
v 4.012305 -1.293711 1.528775
v 4.014424 -1.298498 1.507912
v 3.931377 -1.302044 1.511318
v 4.088356 -1.301978 1.542608
v 4.103954 -1.311980 1.521555
v 4.157756 -1.324102 1.556716
v 4.181817 -1.344961 1.540174
v 4.219291 -1.357910 1.574996
v 4.238762 -1.381811 1.560054
v 4.272192 -1.403591 1.595363
v 4.283856 -1.422293 1.580565
v 3.929413 -1.308068 1.502959
v 3.851795 -1.334467 1.497201
v 3.851643 -1.338175 1.502351
v 3.851986 -1.330742 1.492050
v 3.832660 -1.865120 1.528775
v 3.831852 -1.859945 1.507912
v 3.912987 -1.878016 1.511318
v 3.761340 -1.837450 1.542608
v 3.748863 -1.823753 1.521555
v 3.700031 -1.798118 1.556716
v 3.682190 -1.771742 1.540174
v 3.649345 -1.749535 1.574996
v 3.636722 -1.721410 1.560054
v 3.610067 -1.691720 1.595363
v 3.603642 -1.670635 1.580565
v 3.916443 -1.872705 1.502959
v 3.998249 -1.867294 1.497201
v 3.999356 -1.863752 1.502350
v 3.997101 -1.870843 1.492050
v 3.719381 -1.741899 1.114628
v 3.716466 -1.745550 1.137553
v 3.676323 -1.675542 1.101587
v 3.681075 -1.670908 1.064685
v 3.773556 -1.798499 1.164571
v 3.771789 -1.800836 1.173518
v 4.285638 -1.663521 1.510390
v 4.309572 -1.621998 1.545806
v 4.304955 -1.648883 1.546075
v 4.276185 -1.697327 1.516282
v 4.297944 -1.675387 1.546346
v 4.254198 -1.703491 1.484306
v 4.248021 -1.723202 1.495030
v 4.212508 -1.743553 1.476890
v 4.206676 -1.756210 1.491400
v 4.162545 -1.776039 1.478808
v 4.155789 -1.784354 1.496582
v 4.309572 -1.621998 1.545806
v 4.302389 -1.625584 1.683322
v 4.304955 -1.648883 1.546075
v 4.298576 -1.642802 1.687546
v 4.297944 -1.675387 1.546346
v 3.664355 -1.437166 1.510390
v 3.630490 -1.471079 1.545806
v 3.641908 -1.446306 1.546075
v 3.682235 -1.406958 1.516282
v 3.655540 -1.422520 1.546346
v 3.705067 -1.406695 1.484306
v 3.716137 -1.389255 1.495030
v 3.755707 -1.378790 1.476890
v 3.764615 -1.368074 1.491400
v 3.812375 -1.360342 1.478809
v 3.821053 -1.354058 1.496582
v 3.630490 -1.471079 1.545806
v 3.638355 -1.469474 1.683322
v 3.641908 -1.446306 1.546075
v 3.646495 -1.453831 1.687547
v 3.655540 -1.422520 1.546346
v 3.714591 -1.730963 1.049330
v 3.706391 -1.694857 0.993872
v 3.716021 -1.739273 1.008068
v 3.732944 -1.782677 1.022263
v 4.233400 -1.519819 1.049330
v 4.231975 -1.556817 0.993872
v 4.234169 -1.511422 1.008068
v 4.229056 -1.465117 1.022263
v 4.244828 -1.577342 1.303013
v 4.244165 -1.623956 1.278816
v 4.240212 -1.606995 1.252481
v 4.230840 -1.545810 1.250343
v 4.236213 -1.670487 1.254618
v 3.688663 -1.678358 1.303013
v 3.677240 -1.633161 1.278816
v 3.685446 -1.648521 1.252481
v 3.710336 -1.705195 1.250343
v 3.672879 -1.586159 1.254618
v 4.018199 -1.917338 1.539822
v 4.041870 -1.915035 1.555395
v 3.968919 -1.937056 1.585062
v 4.066942 -1.894526 1.499159
v 3.957141 -1.932442 1.569332
v 4.097359 -1.882660 1.513400
v 3.893310 -1.939251 1.600989
v 4.100495 -1.871098 1.447841
v 3.889559 -1.934279 1.587189
v 3.820158 -1.924354 1.610046
v 3.820925 -1.922225 1.599218
v 4.128287 -1.855346 1.460486
v 4.125431 -1.847452 1.391195
v 4.147196 -1.832050 1.402110
v 3.639785 -1.470188 1.392449
v 3.681418 -1.400942 1.401668
v 3.678618 -1.413892 1.385362
v 3.735349 -1.347014 1.419558
v 3.735527 -1.351455 1.411194
v 3.639362 -1.487947 1.371085
v 3.617877 -1.555451 1.400570
v 3.622553 -1.566978 1.379914
v 3.623761 -1.643689 1.421650
v 3.629723 -1.645526 1.404067
v 3.661407 -1.717243 1.435762
v 3.656997 -1.719456 1.451311
v 3.710602 -1.775779 1.471227
v 3.708007 -1.778821 1.485262
v 4.194900 -1.539214 0.933092
v 4.202264 -1.511378 0.944804
v 4.209656 -1.514982 0.968618
v 4.208888 -1.547406 0.980720
v 4.206483 -1.481982 0.956516
v 3.746759 -1.702265 0.933092
v 3.746851 -1.731060 0.944804
v 3.738777 -1.729490 0.968618
v 3.731127 -1.697974 0.980720
v 3.750383 -1.760544 0.956516
v 4.020142 -1.296686 1.117527
v 3.960595 -1.289610 1.110846
v 4.008615 -1.297614 1.158105
v 4.077971 -1.314925 1.124207
v 3.884394 -1.299409 1.211369
v 3.911535 -1.294431 1.244649
v 3.924828 -1.293998 1.188130
v 3.877672 -1.300454 1.239629
v 3.843939 -1.310198 1.234608
v 4.037929 -1.321374 1.211733
v 4.073451 -1.326745 1.221318
v 4.079798 -1.330167 1.195017
v 4.102870 -1.334228 1.227289
v 4.114451 -1.340610 1.169151
v 4.066042 -1.319860 1.236550
v 4.026762 -1.310765 1.245812
v 3.996377 -1.313193 1.222037
v 3.981425 -1.315634 1.210149
v 3.971290 -1.310779 1.222614
v 3.916288 -1.321458 1.199415
v 4.202408 -1.698756 0.907349
v 4.199297 -1.716929 0.930740
v 4.182300 -1.750979 0.909877
v 4.211740 -1.681559 0.951603
v 4.212486 -1.663320 0.928212
v 4.211942 -1.645314 0.904821
v 3.698215 -1.550103 0.907349
v 3.696516 -1.531744 0.930740
v 3.704120 -1.494455 0.909877
v 3.693651 -1.569129 0.951603
v 3.697651 -1.586939 0.928212
v 3.702836 -1.604192 0.904821
v 4.051646 -1.237089 1.330350
v 4.089658 -1.294980 1.289572
v 4.039432 -1.266168 1.324697
v 4.016876 -1.240052 1.345086
v 3.983569 -1.246031 1.359822
v 4.045886 -1.844019 1.130311
v 4.065661 -1.826851 1.044539
v 4.074355 -1.828956 1.073641
v 4.029403 -1.838048 1.072106
v 4.100865 -1.810757 1.016971
v 3.811806 -1.369279 1.130311
v 3.797148 -1.390980 1.044539
v 3.788204 -1.391196 1.073641
v 3.829272 -1.370779 1.072106
v 3.767309 -1.415638 1.016971
v 3.817544 -1.305113 1.407378
v 3.845819 -1.295082 1.432809
v 3.863085 -1.287139 1.420904
v 3.875036 -1.287656 1.458239
v 3.911653 -1.276003 1.434429
v 4.171846 -1.830724 1.407378
v 4.147131 -1.847731 1.432809
v 4.132510 -1.859871 1.420904
v 4.120831 -1.862466 1.458239
v 4.088479 -1.883198 1.434429
v 4.282986 -1.454767 1.340298
v 4.250664 -1.386003 1.306490
v 4.287665 -1.440129 1.319987
v 4.314612 -1.500842 1.333486
v 4.299789 -1.527991 1.374106
v 3.958151 -1.291889 1.106155
v 3.952773 -1.310039 1.050695
v 3.939834 -1.308937 1.094419
v 4.052734 -1.858680 1.094419
v 4.039453 -1.879888 1.106154
v 4.039951 -1.860965 1.050695
v 4.046283 -1.867473 1.307873
v 4.050096 -1.857876 1.300126
v 4.081107 -1.849202 1.319308
v 4.018339 -1.863069 1.280945
v 4.075347 -1.868868 1.334801
v 3.948340 -1.302114 1.307873
v 3.942174 -1.310396 1.300127
v 3.909974 -1.310749 1.319308
v 3.974193 -1.313600 1.280946
v 3.920628 -1.293243 1.334801
v 4.124010 -1.343906 1.333193
v 4.094439 -1.324130 1.347093
v 4.118428 -1.324675 1.350553
v 4.153061 -1.353490 1.331252
v 4.179934 -1.362405 1.335862
v 4.048062 -1.303312 1.365242
v 4.089606 -1.331003 1.348235
v 4.049414 -1.311578 1.367536
v 4.050607 -1.319836 1.369830
v 3.737754 -1.787723 1.333193
v 3.761199 -1.814480 1.347093
v 3.738167 -1.807743 1.350552
v 3.712174 -1.770947 1.331252
v 3.688523 -1.755381 1.335862
v 3.800607 -1.846590 1.365242
v 3.767646 -1.809092 1.348235
v 3.801439 -1.838255 1.367536
v 3.802426 -1.829971 1.369829
v 4.192410 -1.405245 1.007340
v 4.199308 -1.415603 1.027762
v 4.222844 -1.452422 1.021353
v 4.170976 -1.382587 1.034172
v 4.154066 -1.364312 0.993326
v 3.783837 -1.831024 1.007339
v 3.774493 -1.822805 1.027762
v 3.742230 -1.793331 1.021353
v 3.810406 -1.847364 1.034171
v 3.831469 -1.860639 0.993326
v 3.808138 -1.309702 1.401698
v 3.833092 -1.315862 1.329355
v 3.806047 -1.326476 1.396863
v 4.179745 -1.823856 1.401698
v 4.154046 -1.824364 1.329355
v 4.177424 -1.807112 1.396863
v 4.210384 -1.505475 1.143134
v 4.201902 -1.475148 1.160784
v 4.227959 -1.486493 1.157362
v 4.222789 -1.512073 1.141422
v 4.215314 -1.536410 1.125483
v 4.156616 -1.371007 1.327482
v 4.133499 -1.345978 1.350944
v 4.179402 -1.356542 1.320245
v 4.178703 -1.377629 1.312134
v 4.176467 -1.398202 1.304022
v 3.921063 -1.297713 1.185191
v 3.909134 -1.321139 1.182077
v 3.897782 -1.315010 1.167654
v 3.876983 -1.334015 1.150117
v 4.119515 -1.297539 1.354529
v 4.094226 -1.284322 1.372975
v 4.059016 -1.271695 1.401130
v 4.176718 -1.405345 1.161272
v 4.164851 -1.382010 1.221386
v 4.188652 -1.383681 1.210549
v 3.596503 -1.648101 1.301659
v 3.607483 -1.639903 1.296464
v 3.615130 -1.636091 1.294042
v 4.326017 -1.630421 1.301659
v 4.313289 -1.635498 1.296464
v 4.304917 -1.637201 1.294042
v 3.968856 -1.273464 1.555098
v 4.019263 -1.289793 1.454276
v 3.991972 -1.280990 1.503681
v 4.033882 -1.900457 1.555098
v 3.980966 -1.897730 1.454276
v 4.009606 -1.899169 1.503681
vt 0.609000 0.667600
vt 0.402600 0.667600
vt 0.659100 0.806800
vt 0.392000 0.711800
vt 0.353100 0.778000
vt 0.653900 0.883500
vt 0.678800 0.865300
vt 0.664800 0.934700
vt 0.700400 0.858400
vt 0.686800 0.973300
vt 0.710700 0.731700
vt 0.789500 0.938100
vt 0.730800 0.986700
vt 0.821700 0.955400
vt 0.785700 0.987400
vt 0.857700 0.923300
vt 0.848200 0.889500
vt 0.855000 0.846400
vt 0.779400 0.800900
vt 0.829000 0.715300
vt 0.894300 0.785000
vt 0.920600 0.708200
vt 0.888300 0.619100
vt 0.740900 0.627000
vt 0.824900 0.561000
vt 0.758000 0.577200
vt 0.689500 0.630500
vt 0.587500 0.518500
vt 0.455200 0.532900
vt 0.485600 0.406600
vt 0.411500 0.426300
vt 0.244100 0.574100
vt 0.279800 0.511200
vt 0.337500 0.446000
vt 0.356700 0.667200
vt 0.252400 0.632500
vt 0.282700 0.688700
vt 0.609000 0.667600
vt 0.402600 0.667600
vt 0.659100 0.806800
vt 0.392000 0.711800
vt 0.353100 0.778000
vt 0.653900 0.883500
vt 0.678800 0.865300
vt 0.664800 0.934700
vt 0.700400 0.858400
vt 0.686800 0.973300
vt 0.710700 0.731700
vt 0.789500 0.938100
vt 0.730800 0.986700
vt 0.821700 0.955400
vt 0.785700 0.987400
vt 0.857700 0.923300
vt 0.848200 0.889500
vt 0.855000 0.846400
vt 0.779400 0.800900
vt 0.829000 0.715300
vt 0.894300 0.785000
vt 0.920600 0.708200
vt 0.888300 0.619100
vt 0.740900 0.627000
vt 0.824900 0.561000
vt 0.758000 0.577200
vt 0.689500 0.630500
vt 0.587500 0.518500
vt 0.455200 0.532900
vt 0.485600 0.406600
vt 0.411500 0.426300
vt 0.244100 0.574100
vt 0.279800 0.511200
vt 0.337500 0.446000
vt 0.356700 0.667200
vt 0.252400 0.632500
vt 0.282700 0.688700
vt 0.502000 0.872300
vt 0.435700 0.790800
vt 0.424700 0.869000
vt 0.498100 0.928500
vt 0.380700 0.783100
vt 0.392000 0.710300
vt 0.552400 0.881300
vt 0.575100 0.921800
vt 0.502800 0.800000
vt 0.430300 0.740300
vt 0.566100 0.805000
vt 0.636900 0.904800
vt 0.402600 0.666100
vt 0.491800 0.725800
vt 0.525600 0.766000
vt 0.500100 0.695900
vt 0.547300 0.739100
vt 0.593000 0.795000
vt 0.586400 0.709600
vt 0.538200 0.653700
vt 0.645200 0.675900
vt 0.695100 0.851300
vt 0.664800 0.933200
vt 0.686800 0.971800
vt 0.748900 0.836800
vt 0.730800 0.985200
vt 0.781000 0.977700
vt 0.703600 0.754400
vt 0.798100 0.836500
vt 0.821700 0.953900
vt 0.846300 0.921400
vt 0.855000 0.844900
vt 0.856800 0.752200
vt 0.894300 0.783500
vt 0.920600 0.706700
vt 0.888300 0.617700
vt 0.824900 0.559600
vt 0.782500 0.693100
vt 0.708000 0.661200
vt 0.736300 0.648400
vt 0.758000 0.575700
vt 0.806800 0.616800
vt 0.824900 0.559600
vt 0.715700 0.592400
vt 0.604200 0.593300
vt 0.574800 0.618900
vt 0.513500 0.565300
vt 0.473200 0.600500
vt 0.572500 0.528200
vt 0.430300 0.567200
vt 0.549000 0.478800
vt 0.434600 0.533700
vt 0.628000 0.482200
vt 0.476800 0.474800
vt 0.361200 0.498700
vt 0.374300 0.580200
vt 0.372300 0.618600
vt 0.356700 0.665700
vt 0.349600 0.551800
vt 0.329600 0.595900
vt 0.293700 0.667400
vt 0.281300 0.588800
vt 0.252900 0.629600
vt 0.240600 0.576700
vt 0.263500 0.533600
vt 0.314400 0.547000
vt 0.283200 0.495600
vt 0.321800 0.496700
vt 0.261700 0.458200
vt 0.293900 0.458600
vt 0.244900 0.433400
vt 0.341300 0.436700
vt 0.392700 0.469800
vt 0.411500 0.424800
vt 0.484800 0.443200
vt 0.495000 0.407800
vt 0.535200 0.453300
vt 0.567000 0.441100
vt 0.597200 0.396300
vt 0.610400 0.424700
vt 0.664600 0.432700
vt 0.687600 0.396600
vt 0.702700 0.437300
vt 0.735600 0.415300
vt 0.746600 0.459400
vt 0.658000 0.546800
vt 0.696200 0.517900
vt 0.726000 0.536100
vt 0.318400 0.355100
vt 0.288900 0.366400
vt 0.227600 0.360800
vt 0.243600 0.396900
vt 0.329700 0.394300
vt 0.160900 0.367000
vt 0.137800 0.395300
vt 0.398700 0.387200
vt 0.116500 0.354300
vt 0.048000 0.386300
vt 0.371300 0.353800
vt 0.453400 0.375400
vt 0.370800 0.334100
vt 0.489300 0.352200
vt 0.207300 0.310500
vt 0.403900 0.310600
vt 0.502200 0.310700
vt 0.489600 0.268500
vt 0.370800 0.286700
vt 0.448900 0.243300
vt 0.102200 0.326300
vt 0.300700 0.268500
vt 0.368300 0.265700
vt 0.394100 0.226500
vt 0.075500 0.348000
vt -0.002900 0.342000
vt 0.009600 0.366800
vt 0.150600 0.371100
vt 0.103600 0.359400
vt 0.177300 0.321000
vt 0.137800 0.395300
vt 0.086700 0.332400
vt 0.214700 0.365900
vt 0.048000 0.386300
vt 0.243600 0.396900
vt 0.065200 0.352100
vt -0.002900 0.342000
vt 0.009600 0.366800
vt 0.278600 0.370500
vt 0.329700 0.394300
vt 0.294000 0.354200
vt 0.398700 0.387200
vt 0.269700 0.306100
vt 0.315200 0.333900
vt 0.354300 0.288000
vt 0.376900 0.339900
vt 0.453400 0.375400
vt 0.433700 0.324000
vt 0.486200 0.350300
vt 0.421000 0.267100
vt 0.489900 0.303100
vt 0.479000 0.244900
vt 0.150600 0.371100
vt 0.103600 0.359400
vt 0.177300 0.321000
vt 0.137800 0.395300
vt 0.086700 0.332400
vt 0.214700 0.365900
vt 0.048000 0.386300
vt 0.243600 0.396900
vt 0.065200 0.352100
vt -0.002900 0.342000
vt 0.009600 0.366800
vt 0.278600 0.370500
vt 0.329700 0.394300
vt 0.294000 0.354200
vt 0.398700 0.387200
vt 0.269700 0.306100
vt 0.315200 0.333900
vt 0.354300 0.288000
vt 0.376900 0.339900
vt 0.453400 0.375400
vt 0.433700 0.324000
vt 0.486200 0.350300
vt 0.421000 0.267100
vt 0.489900 0.303100
vt 0.479000 0.244900
vt 0.609000 0.667600
vt 0.715700 0.593900
vt 0.584600 0.518300
vt 0.740900 0.627000
vt 0.758000 0.577200
vt 0.824900 0.561000
vt 0.920600 0.708200
vt 0.888300 0.619100
vt 0.829000 0.715300
vt 0.894300 0.785000
vt 0.710700 0.731700
vt 0.779400 0.800900
vt 0.855000 0.846400
vt 0.678800 0.865300
vt 0.789500 0.938100
vt 0.848200 0.889500
vt 0.857700 0.923300
vt 0.785700 0.987400
vt 0.730800 0.986700
vt 0.686800 0.973300
vt 0.664800 0.934700
vt 0.653900 0.883500
vt 0.430800 0.645700
vt 0.503500 0.830700
vt 0.353100 0.778000
vt 0.392000 0.711800
vt 0.535300 0.560900
vt 0.455200 0.532900
vt 0.369000 0.518600
vt 0.326500 0.611000
vt 0.279800 0.511200
vt 0.222100 0.576300
vt 0.337500 0.446000
vt 0.411500 0.426300
vt 0.495000 0.409300
vt 0.597200 0.397700
vt 0.686600 0.495700
vt 0.687600 0.398100
vt 0.735600 0.416700
vt 0.726000 0.537500
vt 0.762500 0.444600
vt 0.609000 0.667600
vt 0.715700 0.593900
vt 0.584600 0.518300
vt 0.740900 0.627000
vt 0.758000 0.577200
vt 0.824900 0.561000
vt 0.920600 0.708200
vt 0.888300 0.619100
vt 0.829000 0.715300
vt 0.894300 0.785000
vt 0.710700 0.731700
vt 0.779400 0.800900
vt 0.855000 0.846400
vt 0.678800 0.865300
vt 0.789500 0.938100
vt 0.848200 0.889500
vt 0.857700 0.923300
vt 0.785700 0.987400
vt 0.730800 0.986700
vt 0.686800 0.973300
vt 0.664800 0.934700
vt 0.653900 0.883500
vt 0.430800 0.645700
vt 0.503500 0.830700
vt 0.353100 0.778000
vt 0.392000 0.711800
vt 0.535300 0.560900
vt 0.455200 0.532900
vt 0.369000 0.518600
vt 0.326500 0.611000
vt 0.279800 0.511200
vt 0.222100 0.576300
vt 0.337500 0.446000
vt 0.411500 0.426300
vt 0.495000 0.409300
vt 0.597200 0.397700
vt 0.627900 0.475300
vt 0.687600 0.398100
vt 0.686600 0.495700
vt 0.735600 0.416700
vt 0.726000 0.537500
vt 0.762500 0.444600
vt 0.180800 0.320000
vt 0.153500 0.270400
vt 0.218300 0.277800
vt 0.241900 0.258300
vt 0.268200 0.306000
vt 0.130800 0.223300
vt 0.103700 0.259700
vt 0.224700 0.222400
vt 0.067400 0.228100
vt 0.270900 0.244700
vt 0.321700 0.223900
vt 0.090900 0.279300
vt 0.028600 0.246600
vt 0.008200 0.288400
vt 0.064300 0.299900
vt 0.003000 0.334800
vt 0.095000 0.329800
vt 0.090900 0.377500
vt 0.009600 0.366800
vt 0.022200 0.391500
vt 0.137800 0.395300
vt 0.243600 0.396900
vt 0.142300 0.354600
vt 0.212700 0.361700
vt 0.278600 0.370500
vt 0.329700 0.394300
vt 0.294000 0.354200
vt 0.398700 0.387200
vt 0.315200 0.333900
vt 0.376900 0.339900
vt 0.361400 0.288800
vt 0.423300 0.346700
vt 0.453400 0.375400
vt 0.489300 0.352200
vt 0.435700 0.325200
vt 0.455800 0.303600
vt 0.502200 0.310700
vt 0.440700 0.278200
vt 0.497100 0.268900
vt 0.440300 0.259700
vt 0.479000 0.244900
vt 0.445400 0.232700
vt 0.410400 0.256500
vt 0.394100 0.226500
vt 0.383800 0.247500
vt 0.337900 0.251200
vt 0.180800 0.320000
vt 0.153500 0.270400
vt 0.218300 0.277800
vt 0.241900 0.258300
vt 0.268200 0.306000
vt 0.130800 0.223300
vt 0.103700 0.259700
vt 0.224700 0.222400
vt 0.067400 0.228100
vt 0.270900 0.244700
vt 0.321700 0.223900
vt 0.090900 0.279300
vt 0.028600 0.246600
vt 0.008200 0.288400
vt 0.064300 0.299900
vt 0.003000 0.334800
vt 0.095000 0.329800
vt 0.090900 0.377500
vt 0.009600 0.366800
vt 0.022200 0.391500
vt 0.137800 0.395300
vt 0.243600 0.396900
vt 0.142300 0.354600
vt 0.212700 0.361700
vt 0.278600 0.370500
vt 0.329700 0.394300
vt 0.294000 0.354200
vt 0.398700 0.387200
vt 0.315200 0.333900
vt 0.376900 0.339900
vt 0.361400 0.288800
vt 0.423300 0.346700
vt 0.453400 0.375400
vt 0.489300 0.352200
vt 0.435700 0.325200
vt 0.455800 0.303600
vt 0.502200 0.310700
vt 0.440700 0.278200
vt 0.497100 0.268900
vt 0.440300 0.259700
vt 0.479000 0.244900
vt 0.445400 0.232700
vt 0.410400 0.256500
vt 0.394100 0.226500
vt 0.383800 0.247500
vt 0.337900 0.251200
vt 0.540900 0.508300
vt 0.493600 0.515500
vt 0.476800 0.476300
vt 0.434600 0.535100
vt 0.513500 0.566700
vt 0.484800 0.444700
vt 0.435400 0.442500
vt 0.411500 0.426300
vt 0.495000 0.409300
vt 0.341300 0.438200
vt 0.535200 0.454800
vt 0.597200 0.397700
vt 0.420300 0.487700
vt 0.361200 0.500100
vt 0.278600 0.434300
vt 0.244900 0.434800
vt 0.610400 0.426100
vt 0.321800 0.498200
vt 0.261700 0.459700
vt 0.283200 0.497100
vt 0.664600 0.434200
vt 0.687600 0.398100
vt 0.628000 0.483600
vt 0.702700 0.438800
vt 0.735600 0.416700
vt 0.746600 0.460900
vt 0.715700 0.593900
vt 0.572500 0.529700
vt 0.658000 0.548200
vt 0.609600 0.560200
vt 0.615000 0.621400
vt 0.666300 0.645200
vt 0.717600 0.687600
vt 0.574800 0.620400
vt 0.758000 0.577200
vt 0.645200 0.677300
vt 0.538200 0.655200
vt 0.782500 0.694600
vt 0.806800 0.618300
vt 0.824900 0.561000
vt 0.852800 0.643100
vt 0.888300 0.619100
vt 0.920600 0.708200
vt 0.894300 0.785000
vt 0.855000 0.846400
vt 0.798100 0.838000
vt 0.848200 0.889500
vt 0.846300 0.922900
vt 0.748900 0.838300
vt 0.781000 0.979200
vt 0.821700 0.955400
vt 0.686800 0.973300
vt 0.730800 0.986700
vt 0.695100 0.852800
vt 0.703600 0.755900
vt 0.614700 0.761400
vt 0.636900 0.906200
vt 0.664800 0.934700
vt 0.692800 0.900700
vt 0.686800 0.973300
vt 0.593000 0.796400
vt 0.547300 0.740600
vt 0.566100 0.806500
vt 0.575100 0.923300
vt 0.525600 0.767400
vt 0.552400 0.882700
vt 0.498100 0.929900
vt 0.502800 0.801400
vt 0.502000 0.873800
vt 0.452200 0.847600
vt 0.424700 0.870500
vt 0.435700 0.792300
vt 0.380700 0.784600
vt 0.392000 0.711800
vt 0.430300 0.741800
vt 0.402600 0.667600
vt 0.491800 0.727200
vt 0.473200 0.602000
vt 0.430300 0.568600
vt 0.398200 0.572300
vt 0.372300 0.620100
vt 0.356700 0.667200
vt 0.349600 0.553200
vt 0.293700 0.668900
vt 0.314400 0.548500
vt 0.263500 0.535100
vt 0.329600 0.597300
vt 0.281300 0.590300
vt 0.240600 0.578200
vt 0.252900 0.631000
vt 0.513500 0.566700
vt 0.572500 0.529700
vt 0.609600 0.560200
vt 0.540900 0.508300
vt 0.628000 0.483600
vt 0.658000 0.548200
vt 0.715700 0.593900
vt 0.702700 0.438800
vt 0.746600 0.460900
vt 0.735600 0.416700
vt 0.687600 0.398100
vt 0.664600 0.434200
vt 0.597200 0.397700
vt 0.610400 0.426100
vt 0.535200 0.454800
vt 0.495000 0.409300
vt 0.484800 0.444700
vt 0.411500 0.426300
vt 0.435400 0.442500
vt 0.341300 0.438200
vt 0.476800 0.476300
vt 0.493600 0.515500
vt 0.420300 0.487700
vt 0.434600 0.535100
vt 0.361200 0.500100
vt 0.278600 0.434300
vt 0.244900 0.434800
vt 0.321800 0.498200
vt 0.261700 0.459700
vt 0.283200 0.497100
vt 0.314400 0.548500
vt 0.263500 0.535100
vt 0.349600 0.553200
vt 0.281300 0.590300
vt 0.240600 0.578200
vt 0.252900 0.631000
vt 0.293700 0.668900
vt 0.329600 0.597300
vt 0.372300 0.620100
vt 0.356700 0.667200
vt 0.402600 0.667600
vt 0.398200 0.572300
vt 0.430300 0.568600
vt 0.473200 0.602000
vt 0.538200 0.655200
vt 0.491800 0.727200
vt 0.430300 0.741800
vt 0.392000 0.711800
vt 0.435700 0.792300
vt 0.380700 0.784600
vt 0.502800 0.801400
vt 0.424700 0.870500
vt 0.452200 0.847600
vt 0.498100 0.929900
vt 0.502000 0.873800
vt 0.552400 0.882700
vt 0.575100 0.923300
vt 0.566100 0.806500
vt 0.636900 0.906200
vt 0.525600 0.767400
vt 0.593000 0.796400
vt 0.547300 0.740600
vt 0.614700 0.761400
vt 0.645200 0.677300
vt 0.695100 0.852800
vt 0.664800 0.934700
vt 0.692800 0.900700
vt 0.686800 0.973300
vt 0.703600 0.755900
vt 0.748900 0.838300
vt 0.686800 0.973300
vt 0.717600 0.687600
vt 0.781000 0.979200
vt 0.730800 0.986700
vt 0.846300 0.922900
vt 0.821700 0.955400
vt 0.798100 0.838000
vt 0.848200 0.889500
vt 0.855000 0.846400
vt 0.782500 0.694600
vt 0.852800 0.643100
vt 0.894300 0.785000
vt 0.920600 0.708200
vt 0.888300 0.619100
vt 0.824900 0.561000
vt 0.806800 0.618300
vt 0.758000 0.577200
vt 0.615000 0.621400
vt 0.574800 0.620400
vt 0.176100 0.369600
vt 0.110000 0.359000
vt 0.167400 0.319500
vt 0.175900 0.392900
vt 0.057500 0.385700
vt 0.243000 0.355500
vt 0.312600 0.389800
vt 0.065200 0.352100
vt 0.009600 0.366800
vt 0.003000 0.334800
vt 0.075700 0.329200
vt 0.008200 0.288400
vt 0.064300 0.299900
vt 0.028600 0.246600
vt 0.090900 0.279300
vt 0.067400 0.228100
vt 0.103700 0.259700
vt 0.130800 0.223300
vt 0.160700 0.267000
vt 0.269100 0.303000
vt 0.247200 0.264200
vt 0.224700 0.222400
vt 0.289700 0.335500
vt 0.345100 0.341900
vt 0.415200 0.377800
vt 0.361600 0.295400
vt 0.397900 0.348300
vt 0.476600 0.350900
vt 0.489900 0.303100
vt 0.334100 0.257400
vt 0.324800 0.225800
vt 0.420400 0.271300
vt 0.463600 0.256700
vt 0.392000 0.252500
vt 0.406500 0.234100
vt 0.176100 0.369600
vt 0.110000 0.359000
vt 0.167400 0.319500
vt 0.175900 0.392900
vt 0.057500 0.385700
vt 0.243000 0.355500
vt 0.312600 0.389800
vt 0.065200 0.352100
vt 0.009600 0.366800
vt 0.003000 0.334800
vt 0.075700 0.329200
vt 0.008200 0.288400
vt 0.064300 0.299900
vt 0.028600 0.246600
vt 0.090900 0.279300
vt 0.067400 0.228100
vt 0.103700 0.259700
vt 0.130800 0.223300
vt 0.160700 0.267000
vt 0.269100 0.303000
vt 0.247200 0.264200
vt 0.224700 0.222400
vt 0.289700 0.335500
vt 0.345100 0.341900
vt 0.415200 0.377800
vt 0.361600 0.295400
vt 0.397900 0.348300
vt 0.476600 0.350900
vt 0.489900 0.303100
vt 0.334100 0.257400
vt 0.324800 0.225800
vt 0.420400 0.271300
vt 0.463600 0.256700
vt 0.392000 0.252500
vt 0.406500 0.234100
vt 0.315200 0.333900
vt 0.275500 0.302600
vt 0.368400 0.296100
vt 0.376900 0.339900
vt 0.369900 0.386300
vt 0.453400 0.375400
vt 0.274800 0.353600
vt 0.214100 0.390500
vt 0.423300 0.346700
vt 0.489300 0.352200
vt 0.455800 0.303600
vt 0.502200 0.310700
vt 0.482100 0.268100
vt 0.430700 0.277700
vt 0.418800 0.241700
vt 0.336100 0.258700
vt 0.327800 0.227700
vt 0.247200 0.264200
vt 0.224700 0.222400
vt 0.170900 0.319300
vt 0.160700 0.267000
vt 0.130800 0.223300
vt 0.103700 0.259700
vt 0.067400 0.228100
vt 0.090900 0.279300
vt 0.028600 0.246600
vt 0.201500 0.368000
vt 0.116300 0.358600
vt 0.067000 0.385100
vt 0.064300 0.299900
vt 0.008200 0.288400
vt 0.003000 0.334800
vt 0.075700 0.329200
vt 0.065200 0.352100
vt 0.009600 0.366800
vt 0.315200 0.333900
vt 0.275500 0.302600
vt 0.368400 0.296100
vt 0.376900 0.339900
vt 0.369900 0.386300
vt 0.453400 0.375400
vt 0.274800 0.353600
vt 0.214100 0.390500
vt 0.423300 0.346700
vt 0.489300 0.352200
vt 0.455800 0.303600
vt 0.502200 0.310700
vt 0.482100 0.268100
vt 0.430700 0.277700
vt 0.418800 0.241700
vt 0.336100 0.258700
vt 0.327800 0.227700
vt 0.247200 0.264200
vt 0.224700 0.222400
vt 0.170900 0.319300
vt 0.160700 0.267000
vt 0.130800 0.223300
vt 0.103700 0.259700
vt 0.067400 0.228100
vt 0.090900 0.279300
vt 0.028600 0.246600
vt 0.201500 0.368000
vt 0.116300 0.358600
vt 0.067000 0.385100
vt 0.064300 0.299900
vt 0.008200 0.288400
vt 0.003000 0.334800
vt 0.075700 0.329200
vt 0.065200 0.352100
vt 0.009600 0.366800
vt 0.540300 0.762500
vt 0.430800 0.645700
vt 0.585900 0.697900
vt 0.566100 0.626100
vt 0.715700 0.593900
vt 0.584600 0.518300
vt 0.740900 0.627000
vt 0.758000 0.577200
vt 0.824900 0.561000
vt 0.710700 0.731700
vt 0.829000 0.715300
vt 0.888300 0.619100
vt 0.920600 0.708200
vt 0.894300 0.785000
vt 0.779400 0.800900
vt 0.855000 0.846400
vt 0.700400 0.858400
vt 0.761100 0.908900
vt 0.848200 0.889500
vt 0.659100 0.806800
vt 0.686800 0.973300
vt 0.664800 0.934700
vt 0.789500 0.938100
vt 0.857700 0.923300
vt 0.730800 0.986700
vt 0.785700 0.987400
vt 0.636900 0.906200
vt 0.496800 0.826300
vt 0.479300 0.769000
vt 0.392000 0.711800
vt 0.380700 0.784600
vt 0.424700 0.870500
vt 0.501100 0.874800
vt 0.575100 0.923300
vt 0.496300 0.963000
vt 0.455200 0.532900
vt 0.326500 0.611000
vt 0.369000 0.518600
vt 0.222100 0.576300
vt 0.279800 0.511200
vt 0.337500 0.446000
vt 0.411500 0.426300
vt 0.495000 0.409300
vt 0.597200 0.397700
vt 0.627900 0.475300
vt 0.687600 0.398100
vt 0.686600 0.495700
vt 0.735600 0.416700
vt 0.726000 0.537500
vt 0.762500 0.444600
vt 0.540300 0.762500
vt 0.430800 0.645700
vt 0.585900 0.697900
vt 0.566100 0.626100
vt 0.609000 0.667600
vt 0.710700 0.731700
vt 0.715700 0.593900
vt 0.740900 0.627000
vt 0.758000 0.577200
vt 0.824900 0.561000
vt 0.584600 0.518300
vt 0.686600 0.495700
vt 0.726000 0.537500
vt 0.735600 0.416700
vt 0.762500 0.444600
vt 0.687600 0.398100
vt 0.627900 0.475300
vt 0.597200 0.397700
vt 0.495000 0.409300
vt 0.455200 0.532900
vt 0.369000 0.518600
vt 0.411500 0.426300
vt 0.326500 0.611000
vt 0.337500 0.446000
vt 0.222100 0.576300
vt 0.279800 0.511200
vt 0.479300 0.769000
vt 0.392000 0.711800
vt 0.380700 0.784600
vt 0.496800 0.826300
vt 0.424700 0.870500
vt 0.501100 0.874800
vt 0.496300 0.963000
vt 0.575100 0.923300
vt 0.636900 0.906200
vt 0.659100 0.806800
vt 0.700400 0.858400
vt 0.664800 0.934700
vt 0.686800 0.973300
vt 0.779400 0.800900
vt 0.761100 0.908900
vt 0.789500 0.938100
vt 0.730800 0.986700
vt 0.785700 0.987400
vt 0.857700 0.923300
vt 0.848200 0.889500
vt 0.855000 0.846400
vt 0.894300 0.785000
vt 0.829000 0.715300
vt 0.920600 0.708200
vt 0.888300 0.619100
vt 0.535300 0.560900
vt 0.566100 0.626100
vt 0.430800 0.645700
vt 0.584600 0.518300
vt 0.455200 0.532900
vt 0.495000 0.409300
vt 0.411500 0.426300
vt 0.597200 0.397700
vt 0.369000 0.518600
vt 0.337500 0.446000
vt 0.279800 0.511200
vt 0.326500 0.611000
vt 0.222100 0.576300
vt 0.627900 0.475300
vt 0.687600 0.398100
vt 0.686600 0.495700
vt 0.735600 0.416700
vt 0.715700 0.593900
vt 0.726000 0.537500
vt 0.762500 0.444600
vt 0.609000 0.667600
vt 0.686500 0.662900
vt 0.585900 0.697900
vt 0.758000 0.577200
vt 0.710700 0.731700
vt 0.888300 0.619100
vt 0.824900 0.561000
vt 0.829000 0.715300
vt 0.920600 0.708200
vt 0.894300 0.785000
vt 0.831800 0.765500
vt 0.855000 0.846400
vt 0.779400 0.800900
vt 0.700400 0.858400
vt 0.761100 0.908900
vt 0.789500 0.938100
vt 0.848200 0.889500
vt 0.857700 0.923300
vt 0.785700 0.987400
vt 0.730800 0.986700
vt 0.686800 0.973300
vt 0.664800 0.934700
vt 0.678800 0.865300
vt 0.653900 0.883500
vt 0.540300 0.762500
vt 0.503500 0.830700
vt 0.479300 0.769000
vt 0.353100 0.778000
vt 0.392000 0.711800
vt 0.535300 0.560900
vt 0.566100 0.626100
vt 0.430800 0.645700
vt 0.584600 0.518300
vt 0.455200 0.532900
vt 0.495000 0.409300
vt 0.411500 0.426300
vt 0.597200 0.397700
vt 0.369000 0.518600
vt 0.337500 0.446000
vt 0.279800 0.511200
vt 0.326500 0.611000
vt 0.222100 0.576300
vt 0.627900 0.475300
vt 0.687600 0.398100
vt 0.686600 0.495700
vt 0.735600 0.416700
vt 0.715700 0.593900
vt 0.726000 0.537500
vt 0.762500 0.444600
vt 0.609000 0.667600
vt 0.686500 0.662900
vt 0.585900 0.697900
vt 0.758000 0.577200
vt 0.710700 0.731700
vt 0.888300 0.619100
vt 0.824900 0.561000
vt 0.829000 0.715300
vt 0.920600 0.708200
vt 0.894300 0.785000
vt 0.831800 0.765500
vt 0.855000 0.846400
vt 0.779400 0.800900
vt 0.700400 0.858400
vt 0.761100 0.908900
vt 0.789500 0.938100
vt 0.848200 0.889500
vt 0.857700 0.923300
vt 0.785700 0.987400
vt 0.730800 0.986700
vt 0.686800 0.973300
vt 0.664800 0.934700
vt 0.678800 0.865300
vt 0.653900 0.883500
vt 0.540300 0.762500
vt 0.503500 0.830700
vt 0.479300 0.769000
vt 0.353100 0.778000
vt 0.392000 0.711800
vt 0.838700 0.855600
vt 0.894300 0.785000
vt 0.831800 0.765500
vt 0.772700 0.791100
vt 0.829000 0.715300
vt 0.920600 0.708200
vt 0.716500 0.762300
vt 0.827700 0.654900
vt 0.888300 0.619100
vt 0.824900 0.561000
vt 0.740900 0.627000
vt 0.758000 0.577200
vt 0.715700 0.593900
vt 0.686500 0.662900
vt 0.609000 0.667600
vt 0.585900 0.697900
vt 0.535300 0.560900
vt 0.680200 0.805000
vt 0.597100 0.751900
vt 0.653900 0.883500
vt 0.540300 0.762500
vt 0.503500 0.830700
vt 0.430800 0.645700
vt 0.392000 0.711800
vt 0.353100 0.778000
vt 0.455200 0.532900
vt 0.495000 0.409300
vt 0.369000 0.518600
vt 0.411500 0.426300
vt 0.337500 0.446000
vt 0.326500 0.611000
vt 0.279800 0.511200
vt 0.222100 0.576300
vt 0.584600 0.518300
vt 0.597200 0.397700
vt 0.627900 0.475300
vt 0.687600 0.398100
vt 0.686600 0.495700
vt 0.720200 0.488000
vt 0.726000 0.537500
vt 0.735600 0.416700
vt 0.762500 0.444600
vt 0.838700 0.855600
vt 0.894300 0.785000
vt 0.831800 0.765500
vt 0.772700 0.791100
vt 0.829000 0.715300
vt 0.920600 0.708200
vt 0.716500 0.762300
vt 0.827700 0.654900
vt 0.888300 0.619100
vt 0.824900 0.561000
vt 0.740900 0.627000
vt 0.758000 0.577200
vt 0.715700 0.593900
vt 0.686500 0.662900
vt 0.609000 0.667600
vt 0.585900 0.697900
vt 0.535300 0.560900
vt 0.680200 0.805000
vt 0.597100 0.751900
vt 0.653900 0.883500
vt 0.540300 0.762500
vt 0.503500 0.830700
vt 0.430800 0.645700
vt 0.392000 0.711800
vt 0.353100 0.778000
vt 0.455200 0.532900
vt 0.495000 0.409300
vt 0.369000 0.518600
vt 0.411500 0.426300
vt 0.337500 0.446000
vt 0.326500 0.611000
vt 0.279800 0.511200
vt 0.222100 0.576300
vt 0.584600 0.518300
vt 0.597200 0.397700
vt 0.627900 0.475300
vt 0.687600 0.398100
vt 0.686600 0.495700
vt 0.720200 0.488000
vt 0.726000 0.537500
vt 0.735600 0.416700
vt 0.762500 0.444600
vt 0.211600 0.837700
vt 0.149100 0.738300
vt 0.239700 0.751300
vt 0.316500 0.854800
vt 0.106700 0.820700
vt 0.170700 0.706400
vt 0.238200 0.684800
vt 0.175800 0.666900
vt 0.113400 0.649100
vt 0.119000 0.728400
vt 0.106700 0.705700
vt 0.053000 0.788900
vt -0.000800 0.757000
vt 0.099800 0.647400
vt 0.104700 0.620600
vt 0.049900 0.605900
vt 0.127500 0.608200
vt 0.139200 0.640000
vt 0.158700 0.625800
vt 0.165800 0.601200
vt 0.163100 0.572900
vt 0.089800 0.585400
vt 0.132100 0.529900
vt 0.153200 0.547500
vt 0.048000 0.576600
vt 0.018900 0.570000
vt 0.095600 0.525000
vt 0.025700 0.545400
vt 0.056000 0.530800
vt 0.211600 0.837700
vt 0.149100 0.738300
vt 0.239700 0.751300
vt 0.316500 0.854800
vt 0.106700 0.820700
vt 0.106700 0.705700
vt 0.053000 0.788900
vt -0.000800 0.757000
vt 0.170700 0.706400
vt 0.238200 0.684800
vt 0.175800 0.666900
vt 0.113400 0.649100
vt 0.099800 0.647400
vt 0.127500 0.608200
vt 0.139200 0.640000
vt 0.158700 0.625800
vt 0.165800 0.601200
vt 0.163100 0.572900
vt 0.089800 0.585400
vt 0.049900 0.605900
vt 0.153200 0.547500
vt 0.095600 0.525000
vt 0.132100 0.529900
vt 0.048000 0.576600
vt 0.018900 0.570000
vt 0.056000 0.530800
vt 0.025700 0.545400
vt 0.689500 0.630500
vt 0.710700 0.731700
vt 0.827700 0.654900
vt 0.758000 0.577200
vt 0.888300 0.619100
vt 0.824900 0.561000
vt 0.920600 0.708200
vt 0.779400 0.800900
vt 0.894300 0.785000
vt 0.855000 0.846400
vt 0.700400 0.858400
vt 0.789500 0.938100
vt 0.857700 0.923300
vt 0.821700 0.955400
vt 0.785700 0.987400
vt 0.730800 0.986700
vt 0.686800 0.973300
vt 0.664800 0.934700
vt 0.678800 0.865300
vt 0.653900 0.883500
vt 0.659100 0.806800
vt 0.540300 0.762500
vt 0.353100 0.778000
vt 0.392000 0.711800
vt 0.597100 0.751900
vt 0.430800 0.645700
vt 0.585900 0.697900
vt 0.609000 0.667600
vt 0.566100 0.626100
vt 0.455200 0.532900
vt 0.326500 0.611000
vt 0.584600 0.518300
vt 0.699100 0.509700
vt 0.369000 0.518600
vt 0.222100 0.576300
vt 0.279800 0.511200
vt 0.337500 0.446000
vt 0.411500 0.426300
vt 0.495000 0.409300
vt 0.627900 0.475300
vt 0.597200 0.397700
vt 0.708800 0.388900
vt 0.597100 0.751900
vt 0.585900 0.697900
vt 0.430800 0.645700
vt 0.479300 0.769000
vt 0.392000 0.711800
vt 0.353100 0.778000
vt 0.503500 0.830700
vt 0.653900 0.883500
vt 0.659100 0.806800
vt 0.678800 0.865300
vt 0.664800 0.934700
vt 0.710700 0.731700
vt 0.700400 0.858400
vt 0.686800 0.973300
vt 0.789500 0.938100
vt 0.730800 0.986700
vt 0.785700 0.987400
vt 0.857700 0.923300
vt 0.848200 0.889500
vt 0.855000 0.846400
vt 0.740400 0.856000
vt 0.779400 0.800900
vt 0.894300 0.785000
vt 0.831800 0.765500
vt 0.829000 0.715300
vt 0.920600 0.708200
vt 0.827700 0.654900
vt 0.888300 0.619100
vt 0.775400 0.633100
vt 0.824900 0.561000
vt 0.758000 0.577200
vt 0.740900 0.627000
vt 0.715700 0.593900
vt 0.609000 0.667600
vt 0.566100 0.626100
vt 0.535300 0.560900
vt 0.584600 0.518300
vt 0.455200 0.532900
vt 0.326500 0.611000
vt 0.369000 0.518600
vt 0.222100 0.576300
vt 0.279800 0.511200
vt 0.337500 0.446000
vt 0.411500 0.426300
vt 0.495000 0.409300
vt 0.597200 0.397700
vt 0.627900 0.475300
vt 0.687600 0.398100
vt 0.686600 0.495700
vt 0.735600 0.416700
vt 0.726000 0.537500
vt 0.720200 0.488000
vt 0.762500 0.444600
vt 0.597100 0.751900
vt 0.585900 0.697900
vt 0.430800 0.645700
vt 0.479300 0.769000
vt 0.392000 0.711800
vt 0.353100 0.778000
vt 0.503500 0.830700
vt 0.653900 0.883500
vt 0.659100 0.806800
vt 0.678800 0.865300
vt 0.664800 0.934700
vt 0.710700 0.731700
vt 0.700400 0.858400
vt 0.686800 0.973300
vt 0.789500 0.938100
vt 0.730800 0.986700
vt 0.785700 0.987400
vt 0.857700 0.923300
vt 0.848200 0.889500
vt 0.855000 0.846400
vt 0.740400 0.856000
vt 0.779400 0.800900
vt 0.894300 0.785000
vt 0.831800 0.765500
vt 0.829000 0.715300
vt 0.920600 0.708200
vt 0.827700 0.654900
vt 0.888300 0.619100
vt 0.775400 0.633100
vt 0.824900 0.561000
vt 0.758000 0.577200
vt 0.740900 0.627000
vt 0.715700 0.593900
vt 0.609000 0.667600
vt 0.566100 0.626100
vt 0.535300 0.560900
vt 0.584600 0.518300
vt 0.455200 0.532900
vt 0.326500 0.611000
vt 0.369000 0.518600
vt 0.222100 0.576300
vt 0.279800 0.511200
vt 0.337500 0.446000
vt 0.411500 0.426300
vt 0.495000 0.409300
vt 0.597200 0.397700
vt 0.627900 0.475300
vt 0.687600 0.398100
vt 0.686600 0.495700
vt 0.735600 0.416700
vt 0.726000 0.537500
vt 0.720200 0.488000
vt 0.762500 0.444600
vt 0.216800 0.806900
vt 0.106700 0.820700
vt 0.106700 0.705700
vt 0.049500 0.702200
vt -0.000800 0.757000
vt 0.211600 0.837700
vt 0.099800 0.647400
vt 0.316500 0.854800
vt 0.271800 0.800000
vt 0.239700 0.751300
vt 0.170700 0.706400
vt 0.175800 0.666900
vt 0.232700 0.714900
vt 0.238200 0.684800
vt 0.113400 0.649100
vt 0.099400 0.627100
vt 0.158700 0.625800
vt 0.049900 0.605900
vt 0.130200 0.577900
vt 0.165800 0.601200
vt 0.089800 0.585400
vt 0.163100 0.572900
vt 0.018900 0.570000
vt 0.153200 0.547500
vt 0.056000 0.530800
vt 0.025700 0.545400
vt 0.111800 0.553300
vt 0.132100 0.529900
vt 0.095600 0.525000
vt 0.216800 0.806900
vt 0.106700 0.820700
vt 0.106700 0.705700
vt 0.049500 0.702200
vt -0.000800 0.757000
vt 0.211600 0.837700
vt 0.099800 0.647400
vt 0.316500 0.854800
vt 0.271800 0.800000
vt 0.239700 0.751300
vt 0.170700 0.706400
vt 0.175800 0.666900
vt 0.232700 0.714900
vt 0.238200 0.684800
vt 0.113400 0.649100
vt 0.099400 0.627100
vt 0.158700 0.625800
vt 0.049900 0.605900
vt 0.130200 0.577900
vt 0.165800 0.601200
vt 0.163100 0.572900
vt 0.153200 0.547500
vt 0.089800 0.585400
vt 0.018900 0.570000
vt 0.056000 0.530800
vt 0.025700 0.545400
vt 0.095600 0.525000
vt 0.132100 0.529900
vt 0.566100 0.626100
vt 0.715700 0.593900
vt 0.584600 0.518300
vt 0.535300 0.560900
vt 0.585900 0.697900
vt 0.430800 0.645700
vt 0.455200 0.532900
vt 0.326500 0.611000
vt 0.369000 0.518600
vt 0.222100 0.576300
vt 0.279800 0.511200
vt 0.495000 0.409300
vt 0.411500 0.426300
vt 0.337500 0.446000
vt 0.597200 0.397700
vt 0.627900 0.475300
vt 0.687600 0.398100
vt 0.686600 0.495700
vt 0.735600 0.416700
vt 0.726000 0.537500
vt 0.762500 0.444600
vt 0.740900 0.627000
vt 0.758000 0.577200
vt 0.775400 0.633100
vt 0.824900 0.561000
vt 0.888300 0.619100
vt 0.710700 0.731700
vt 0.829000 0.715300
vt 0.920600 0.708200
vt 0.831800 0.765500
vt 0.894300 0.785000
vt 0.779400 0.800900
vt 0.855000 0.846400
vt 0.700400 0.858400
vt 0.597100 0.751900
vt 0.678800 0.865300
vt 0.479300 0.769000
vt 0.353100 0.778000
vt 0.503500 0.830700
vt 0.653900 0.883500
vt 0.664800 0.934700
vt 0.686800 0.973300
vt 0.789500 0.938100
vt 0.730800 0.986700
vt 0.848200 0.889500
vt 0.785700 0.987400
vt 0.857700 0.923300
vt 0.566100 0.626100
vt 0.715700 0.593900
vt 0.584600 0.518300
vt 0.535300 0.560900
vt 0.585900 0.697900
vt 0.430800 0.645700
vt 0.455200 0.532900
vt 0.326500 0.611000
vt 0.369000 0.518600
vt 0.222100 0.576300
vt 0.279800 0.511200
vt 0.495000 0.409300
vt 0.411500 0.426300
vt 0.337500 0.446000
vt 0.597200 0.397700
vt 0.627900 0.475300
vt 0.687600 0.398100
vt 0.686600 0.495700
vt 0.735600 0.416700
vt 0.726000 0.537500
vt 0.762500 0.444600
vt 0.740900 0.627000
vt 0.758000 0.577200
vt 0.775400 0.633100
vt 0.824900 0.561000
vt 0.888300 0.619100
vt 0.710700 0.731700
vt 0.829000 0.715300
vt 0.920600 0.708200
vt 0.831800 0.765500
vt 0.894300 0.785000
vt 0.779400 0.800900
vt 0.855000 0.846400
vt 0.700400 0.858400
vt 0.597100 0.751900
vt 0.678800 0.865300
vt 0.479300 0.769000
vt 0.353100 0.778000
vt 0.503500 0.830700
vt 0.653900 0.883500
vt 0.664800 0.934700
vt 0.686800 0.973300
vt 0.789500 0.938100
vt 0.730800 0.986700
vt 0.848200 0.889500
vt 0.785700 0.987400
vt 0.857700 0.923300
vt 0.106700 0.820700
vt 0.239700 0.751300
vt 0.170700 0.706400
vt 0.113400 0.649100
vt 0.175800 0.666900
vt 0.192900 0.693000
vt 0.238200 0.684800
vt 0.232700 0.714900
vt 0.099800 0.647400
vt 0.049500 0.702200
vt 0.053000 0.788900
vt -0.000800 0.757000
vt 0.089800 0.585400
vt 0.049900 0.605900
vt 0.048000 0.576600
vt 0.018900 0.570000
vt 0.025700 0.545400
vt 0.056000 0.530800
vt 0.095600 0.525000
vt 0.130200 0.577900
vt 0.132100 0.529900
vt 0.153200 0.547500
vt 0.163100 0.572900
vt 0.165800 0.601200
vt 0.127500 0.608200
vt 0.158700 0.625800
vt 0.139200 0.640000
vt 0.106700 0.820700
vt 0.239700 0.751300
vt 0.170700 0.706400
vt 0.113400 0.649100
vt 0.175800 0.666900
vt 0.192900 0.693000
vt 0.238200 0.684800
vt 0.232700 0.714900
vt 0.099800 0.647400
vt 0.049500 0.702200
vt 0.053000 0.788900
vt -0.000800 0.757000
vt 0.089800 0.585400
vt 0.049900 0.605900
vt 0.048000 0.576600
vt 0.018900 0.570000
vt 0.025700 0.545400
vt 0.056000 0.530800
vt 0.095600 0.525000
vt 0.130200 0.577900
vt 0.132100 0.529900
vt 0.153200 0.547500
vt 0.163100 0.572900
vt 0.165800 0.601200
vt 0.127500 0.608200
vt 0.158700 0.625800
vt 0.139200 0.640000
vt 0.888300 0.619100
vt 0.852800 0.643100
vt 0.860300 0.700500
vt 0.920600 0.708200
vt 0.806800 0.618300
vt 0.824900 0.561000
vt 0.782500 0.694600
vt 0.856800 0.753700
vt 0.894300 0.785000
vt 0.855000 0.846400
vt 0.765900 0.615100
vt 0.758000 0.577200
vt 0.715700 0.593900
vt 0.762000 0.761700
vt 0.748900 0.838300
vt 0.846300 0.922900
vt 0.703600 0.755900
vt 0.708000 0.662700
vt 0.645200 0.677300
vt 0.528800 0.626400
vt 0.538200 0.655200
vt 0.500100 0.697300
vt 0.402600 0.667600
vt 0.547300 0.740600
vt 0.614700 0.761400
vt 0.685200 0.794200
vt 0.636900 0.906200
vt 0.692800 0.900700
vt 0.664800 0.934700
vt 0.713500 0.913700
vt 0.686800 0.973300
vt 0.730800 0.986700
vt 0.767100 0.917500
vt 0.781000 0.979200
vt 0.821700 0.955400
vt 0.566100 0.806500
vt 0.569900 0.843600
vt 0.575100 0.923300
vt 0.525600 0.767400
vt 0.502800 0.801400
vt 0.502000 0.873800
vt 0.498100 0.929900
vt 0.424700 0.870500
vt 0.491800 0.727200
vt 0.452200 0.847600
vt 0.435700 0.792300
vt 0.380700 0.784600
vt 0.430300 0.741800
vt 0.392000 0.711800
vt 0.473200 0.602000
vt 0.372300 0.620100
vt 0.356700 0.667200
vt 0.311700 0.641200
vt 0.293700 0.668900
vt 0.252900 0.631000
vt 0.329600 0.597300
vt 0.240600 0.578200
vt 0.263500 0.535100
vt 0.314400 0.548500
vt 0.283200 0.497100
vt 0.349600 0.553200
vt 0.293900 0.460100
vt 0.244900 0.434800
vt 0.278600 0.434300
vt 0.341300 0.438200
vt 0.361200 0.500100
vt 0.411500 0.426300
vt 0.434600 0.535100
vt 0.476800 0.476300
vt 0.513500 0.566700
vt 0.484800 0.444700
vt 0.495000 0.409300
vt 0.540900 0.508300
vt 0.610400 0.426100
vt 0.597200 0.397700
vt 0.535200 0.454800
vt 0.687600 0.398100
vt 0.628000 0.483600
vt 0.664600 0.434200
vt 0.735600 0.416700
vt 0.702700 0.438800
vt 0.746600 0.460900
vt 0.658000 0.548200
vt 0.726000 0.537500
vt 0.572500 0.529700
vt 0.609600 0.560200
vt 0.214100 0.390500
vt 0.369900 0.386300
vt 0.274800 0.353600
vt 0.201500 0.368000
vt 0.376900 0.339900
vt 0.453400 0.375400
vt 0.486200 0.350300
vt 0.366000 0.296600
vt 0.489900 0.303100
vt 0.458900 0.258400
vt 0.387700 0.240700
vt 0.329500 0.266500
vt 0.296700 0.235700
vt 0.283300 0.307200
vt 0.236900 0.275600
vt 0.206000 0.229000
vt 0.184000 0.314800
vt 0.196100 0.260300
vt 0.126100 0.225000
vt 0.147900 0.266000
vt 0.103700 0.259700
vt 0.067400 0.228100
vt 0.118200 0.349700
vt 0.069800 0.371700
vt 0.093000 0.283400
vt 0.031700 0.252700
vt 0.072600 0.316400
vt 0.020800 0.313200
vt 0.214100 0.390500
vt 0.369900 0.386300
vt 0.274800 0.353600
vt 0.201500 0.368000
vt 0.376900 0.339900
vt 0.453400 0.375400
vt 0.486200 0.350300
vt 0.366000 0.296600
vt 0.489900 0.303100
vt 0.458900 0.258400
vt 0.387700 0.240700
vt 0.329500 0.266500
vt 0.296700 0.235700
vt 0.283300 0.307200
vt 0.236900 0.275600
vt 0.206000 0.229000
vt 0.184000 0.314800
vt 0.196100 0.260300
vt 0.126100 0.225000
vt 0.147900 0.266000
vt 0.103700 0.259700
vt 0.067400 0.228100
vt 0.118200 0.349700
vt 0.069800 0.371700
vt 0.093000 0.283400
vt 0.031700 0.252700
vt 0.072600 0.316400
vt 0.020800 0.313200
vt 0.053000 0.788900
vt 0.068600 0.741700
vt 0.106700 0.705700
vt -0.000800 0.757000
vt 0.049500 0.702200
vt 0.099800 0.647400
vt 0.106700 0.820700
vt 0.271800 0.800000
vt 0.316500 0.854800
vt 0.149100 0.738300
vt 0.239700 0.751300
vt 0.170700 0.706400
vt 0.232700 0.714900
vt 0.175800 0.666900
vt 0.238200 0.684800
vt 0.113400 0.649100
vt 0.099400 0.627100
vt 0.139200 0.640000
vt 0.049900 0.605900
vt 0.158700 0.625800
vt 0.089800 0.585400
vt 0.018900 0.570000
vt 0.165800 0.601200
vt 0.163100 0.572900
vt 0.025700 0.545400
vt 0.111800 0.553300
vt 0.153200 0.547500
vt 0.132100 0.529900
vt 0.095600 0.525000
vt 0.056000 0.530800
vt 0.373200 0.771000
vt 0.474900 0.751100
vt 0.431900 0.831500
vt 0.393100 0.811300
vt 0.468100 0.825400
vt 0.403500 0.735000
vt 0.435600 0.672100
vt 0.512600 0.773300
vt 0.489700 0.826400
vt 0.523500 0.736300
vt 0.480400 0.700700
vt 0.527000 0.668800
vt 0.481900 0.660700
vt 0.565800 0.682600
vt 0.585500 0.741800
vt 0.588600 0.705700
vt 0.583900 0.786700
vt 0.538200 0.822500
vt 0.484400 0.867800
vt 0.559500 0.833400
vt 0.611000 0.836200
vt 0.542100 0.878700
vt 0.474200 0.918300
vt 0.631200 0.879900
vt 0.567600 0.927000
vt 0.608900 0.907700
vt 0.501300 0.923200
vt 0.481000 0.946300
vt 0.530800 0.945300
vt 0.501100 0.954400
vt 0.373200 0.771000
vt 0.474900 0.751100
vt 0.431900 0.831500
vt 0.393100 0.811300
vt 0.468100 0.825400
vt 0.403500 0.735000
vt 0.435600 0.672100
vt 0.512600 0.773300
vt 0.489700 0.826400
vt 0.523500 0.736300
vt 0.480400 0.700700
vt 0.527000 0.668800
vt 0.481900 0.660700
vt 0.565800 0.682600
vt 0.585500 0.741800
vt 0.588600 0.705700
vt 0.583900 0.786700
vt 0.538200 0.822500
vt 0.484400 0.867800
vt 0.559500 0.833400
vt 0.611000 0.836200
vt 0.542100 0.878700
vt 0.474200 0.918300
vt 0.631200 0.879900
vt 0.567600 0.927000
vt 0.608900 0.907700
vt 0.501300 0.923200
vt 0.481000 0.946300
vt 0.530800 0.945300
vt 0.501100 0.954400
vt 0.095500 0.728900
vt 0.099800 0.647400
vt 0.049500 0.702200
vt -0.000800 0.757000
vt 0.106700 0.820700
vt 0.119000 0.728400
vt 0.167200 0.789800
vt 0.157800 0.903400
vt 0.062600 0.907400
vt 0.206900 0.996400
vt 0.018400 0.994100
vt 0.225500 0.873600
vt 0.261300 0.989000
vt 0.239700 0.751300
vt 0.271800 0.800000
vt 0.266500 0.894500
vt 0.299600 0.978200
vt 0.316500 0.854800
vt 0.308100 0.916500
vt 0.170700 0.706400
vt 0.232700 0.714900
vt 0.238200 0.684800
vt 0.113400 0.649100
vt 0.086500 0.614500
vt 0.049900 0.605900
vt 0.139200 0.640000
vt 0.089800 0.585400
vt 0.018900 0.570000
vt 0.165800 0.601200
vt 0.158700 0.625800
vt 0.163100 0.572900
vt 0.111800 0.553300
vt 0.025700 0.545400
vt 0.153200 0.547500
vt 0.056000 0.530800
vt 0.132100 0.529900
vt 0.095600 0.525000
vt 0.049500 0.702200
vt 0.099800 0.647400
vt 0.027700 0.664000
vt -0.000800 0.757000
vt 0.119000 0.728400
vt 0.113400 0.649100
vt 0.170700 0.706400
vt 0.175800 0.666900
vt 0.238200 0.684800
vt 0.239700 0.751300
vt 0.149100 0.738300
vt 0.211600 0.837700
vt 0.316500 0.854800
vt 0.106700 0.820700
vt 0.106700 0.705700
vt 0.053000 0.788900
vt -0.000800 0.757000
vt 0.099800 0.647400
vt 0.104700 0.620600
vt 0.049900 0.605900
vt 0.127500 0.608200
vt 0.139200 0.640000
vt 0.089800 0.585400
vt 0.165800 0.601200
vt 0.158700 0.625800
vt 0.163100 0.572900
vt 0.130200 0.577900
vt 0.153200 0.547500
vt 0.132100 0.529900
vt 0.095600 0.525000
vt 0.048000 0.576600
vt 0.056000 0.530800
vt 0.018900 0.570000
vt 0.025700 0.545400
vt 0.523500 0.736300
vt 0.489700 0.826400
vt 0.466300 0.789300
vt 0.468100 0.825400
vt 0.431900 0.831500
vt 0.432600 0.769300
vt 0.393100 0.811300
vt 0.373200 0.771000
vt 0.435600 0.672100
vt 0.393400 0.716700
vt 0.480400 0.700700
vt 0.527000 0.668800
vt 0.565800 0.682600
vt 0.562500 0.720000
vt 0.588600 0.705700
vt 0.549600 0.760000
vt 0.583900 0.786700
vt 0.559500 0.833400
vt 0.611000 0.836200
vt 0.542100 0.878700
vt 0.592300 0.878000
vt 0.631200 0.879900
vt 0.608900 0.907700
vt 0.567600 0.927000
vt 0.474200 0.918300
vt 0.501100 0.954400
vt 0.530800 0.945300
vt 0.481000 0.946300
vt 0.523500 0.736300
vt 0.489700 0.826400
vt 0.466300 0.789300
vt 0.468100 0.825400
vt 0.431900 0.831500
vt 0.432600 0.769300
vt 0.393100 0.811300
vt 0.373200 0.771000
vt 0.435600 0.672100
vt 0.393400 0.716700
vt 0.480400 0.700700
vt 0.527000 0.668800
vt 0.565800 0.682600
vt 0.562500 0.720000
vt 0.588600 0.705700
vt 0.549600 0.760000
vt 0.583900 0.786700
vt 0.559500 0.833400
vt 0.611000 0.836200
vt 0.542100 0.878700
vt 0.592300 0.878000
vt 0.631200 0.879900
vt 0.608900 0.907700
vt 0.567600 0.927000
vt 0.474200 0.918300
vt 0.501100 0.954400
vt 0.530800 0.945300
vt 0.481000 0.946300
vt 0.503500 0.830700
vt 0.353100 0.778000
vt 0.424700 0.870500
vt 0.501100 0.874800
vt 0.496300 0.963000
vt 0.575100 0.923300
vt 0.653900 0.883500
vt 0.503500 0.830700
vt 0.353100 0.778000
vt 0.424700 0.870500
vt 0.501100 0.874800
vt 0.496300 0.963000
vt 0.575100 0.923300
vt 0.653900 0.883500
vt 0.587500 0.518500
vt 0.689500 0.630500
vt 0.686600 0.495700
vt 0.726000 0.537500
vt 0.762500 0.444600
vt 0.687600 0.398100
vt 0.485600 0.406600
vt 0.686600 0.495700
vt 0.689500 0.630500
vt 0.726000 0.537500
vt 0.762500 0.444600
vt 0.587500 0.518500
vt 0.687600 0.398100
vt 0.485600 0.406600
vt 0.086700 0.332400
vt 0.064300 0.299900
vt 0.106000 0.280600
vt -0.002900 0.342000
vt 0.008200 0.288400
vt 0.051200 0.248500
vt 0.177300 0.321000
vt 0.157900 0.235700
vt 0.164100 0.264700
vt 0.228900 0.276800
vt 0.269700 0.306100
vt 0.284700 0.237400
vt 0.329500 0.266500
vt 0.387700 0.240700
vt 0.354300 0.288000
vt 0.379500 0.256900
vt 0.479000 0.244900
vt 0.421000 0.267100
vt 0.086700 0.332400
vt 0.064300 0.299900
vt 0.106000 0.280600
vt -0.002900 0.342000
vt 0.008200 0.288400
vt 0.051200 0.248500
vt 0.177300 0.321000
vt 0.157900 0.235700
vt 0.164100 0.264700
vt 0.228900 0.276800
vt 0.269700 0.306100
vt 0.284700 0.237400
vt 0.329500 0.266500
vt 0.387700 0.240700
vt 0.354300 0.288000
vt 0.379500 0.256900
vt 0.479000 0.244900
vt 0.421000 0.267100
vt 0.503500 0.830700
vt 0.353100 0.778000
vt 0.424700 0.870500
vt 0.496300 0.963000
vt 0.653900 0.883500
vt 0.503500 0.830700
vt 0.353100 0.778000
vt 0.424700 0.870500
vt 0.496300 0.963000
vt 0.653900 0.883500
vt 0.905300 0.465900
vt 0.901300 0.528700
vt 0.835000 0.492300
vt 0.863100 0.439900
vt 0.827300 0.427600
vt 0.803900 0.442600
vt 0.786800 0.471400
vt 0.842000 0.531500
vt 0.897300 0.591600
vt 0.575100 0.923300
vt 0.501100 0.874800
vt 0.503500 0.830700
vt 0.653900 0.883500
vt 0.496300 0.963000
vt 0.424700 0.870500
vt 0.353100 0.778000
vt 0.575100 0.923300
vt 0.501100 0.874800
vt 0.503500 0.830700
vt 0.653900 0.883500
vt 0.496300 0.963000
vt 0.424700 0.870500
vt 0.353100 0.778000
vt 0.905300 0.465900
vt 0.897300 0.591600
vt 0.835000 0.492300
vt 0.863100 0.439900
vt 0.842000 0.531500
vt 0.827300 0.427600
vt 0.786800 0.471400
vt 0.803900 0.442600
vt 0.272400 0.691200
vt 0.242000 0.691800
vt 0.302300 0.760000
vt 0.331900 0.841100
vt 0.226100 0.625400
vt 0.242600 0.622400
vt 0.272400 0.691200
vt 0.242000 0.691800
vt 0.302300 0.760000
vt 0.331900 0.841100
vt 0.226100 0.625400
vt 0.242600 0.622400
vt 0.874500 0.490500
vt 0.835000 0.492300
vt 0.842000 0.531500
vt 0.786800 0.471400
vt 0.803900 0.442600
vt 0.827300 0.427600
vt 0.897300 0.591600
vt 0.863100 0.439900
vt 0.901300 0.528700
vt 0.905300 0.465900
vt 0.874500 0.490500
vt 0.835000 0.492300
vt 0.842000 0.531500
vt 0.786800 0.471400
vt 0.803900 0.442600
vt 0.827300 0.427600
vt 0.897300 0.591600
vt 0.863100 0.439900
vt 0.901300 0.528700
vt 0.905300 0.465900
vt 0.106700 0.820700
vt 0.209700 0.932900
vt 0.116000 0.938200
vt 0.062600 0.907400
vt 0.018400 0.994100
vt 0.120600 0.996900
vt 0.206900 0.996400
vt 0.261300 0.989000
vt 0.292100 0.965500
vt 0.240900 0.884600
vt 0.211600 0.837700
vt 0.308100 0.916500
vt 0.316500 0.854800
vt 0.106700 0.820700
vt 0.209700 0.932900
vt 0.116000 0.938200
vt 0.062600 0.907400
vt 0.018400 0.994100
vt 0.120600 0.996900
vt 0.206900 0.996400
vt 0.261300 0.989000
vt 0.292100 0.965500
vt 0.240900 0.884600
vt 0.211600 0.837700
vt 0.308100 0.916500
vt 0.316500 0.854800
vt 0.905300 0.465900
vt 0.901300 0.528700
vt 0.835000 0.492300
vt 0.863100 0.439900
vt 0.827300 0.427600
vt 0.803900 0.442600
vt 0.786800 0.471400
vt 0.842000 0.531500
vt 0.897300 0.591600
vt 0.359100 0.824700
vt 0.331900 0.841100
vt 0.272400 0.762300
vt 0.401800 0.913500
vt 0.309000 0.758900
vt 0.417400 0.886200
vt 0.242000 0.691800
vt 0.242600 0.622400
vt 0.226100 0.625400
vt 0.463400 0.964700
vt 0.478600 0.941300
vt 0.541400 0.993200
vt 0.520800 1.005400
vt 0.359100 0.824700
vt 0.331900 0.841100
vt 0.272400 0.762300
vt 0.401800 0.913500
vt 0.309000 0.758900
vt 0.417400 0.886200
vt 0.242000 0.691800
vt 0.242600 0.622400
vt 0.226100 0.625400
vt 0.463400 0.964700
vt 0.478600 0.941300
vt 0.541400 0.993200
vt 0.520800 1.005400
vt 0.905300 0.465900
vt 0.897300 0.591600
vt 0.835000 0.492300
vt 0.863100 0.439900
vt 0.842000 0.531500
vt 0.827300 0.427600
vt 0.786800 0.471400
vt 0.803900 0.442600
vt 0.503500 0.830700
vt 0.353100 0.778000
vt 0.424700 0.870500
vt 0.496300 0.963000
vt 0.575100 0.923300
vt 0.653900 0.883500
vt 0.503500 0.830700
vt 0.353100 0.778000
vt 0.424700 0.870500
vt 0.496300 0.963000
vt 0.575100 0.923300
vt 0.653900 0.883500
vt 0.488800 0.772300
vt 0.516600 0.736100
vt 0.503100 0.806200
vt 0.468100 0.825400
vt 0.481600 0.755300
vt 0.530100 0.666000
vt 0.433100 0.844700
vt 0.488800 0.772300
vt 0.516600 0.736100
vt 0.503100 0.806200
vt 0.468100 0.825400
vt 0.481600 0.755300
vt 0.530100 0.666000
vt 0.433100 0.844700
vt 0.157800 0.903400
vt 0.106700 0.820700
vt 0.062600 0.907400
vt 0.206900 0.996400
vt 0.018400 0.994100
vt 0.225500 0.873600
vt 0.261300 0.989000
vt 0.167200 0.789800
vt 0.095500 0.728900
vt -0.000800 0.757000
vt 0.049500 0.702200
vt 0.099800 0.647400
vt 0.119000 0.728400
vt 0.239700 0.751300
vt 0.113400 0.649100
vt 0.271800 0.800000
vt 0.170700 0.706400
vt 0.232700 0.714900
vt 0.238200 0.684800
vt 0.266500 0.894500
vt 0.316500 0.854800
vt 0.308100 0.916500
vt 0.299600 0.978200
vt 0.086500 0.614500
vt 0.049900 0.605900
vt 0.139200 0.640000
vt 0.089800 0.585400
vt 0.018900 0.570000
vt 0.165800 0.601200
vt 0.158700 0.625800
vt 0.163100 0.572900
vt 0.111800 0.553300
vt 0.025700 0.545400
vt 0.153200 0.547500
vt 0.056000 0.530800
vt 0.132100 0.529900
vt 0.095600 0.525000
vt 0.326500 0.611000
vt 0.222100 0.576300
vt 0.252400 0.632500
vt 0.282700 0.688700
vt 0.430800 0.645700
vt 0.326500 0.611000
vt 0.222100 0.576300
vt 0.252400 0.632500
vt 0.282700 0.688700
vt 0.430800 0.645700
vt 0.120600 0.996900
vt 0.062600 0.907400
vt 0.106700 0.820700
vt 0.018400 0.994100
vt 0.206900 0.996400
vt 0.214300 0.904100
vt 0.292100 0.965500
vt 0.211600 0.837700
vt 0.308100 0.916500
vt 0.316500 0.854800
vt 0.120600 0.996900
vt 0.062600 0.907400
vt 0.106700 0.820700
vt 0.018400 0.994100
vt 0.206900 0.996400
vt 0.214300 0.904100
vt 0.292100 0.965500
vt 0.211600 0.837700
vt 0.308100 0.916500
vt 0.316500 0.854800
vt 0.786800 0.471400
vt 0.842000 0.531500
vt 0.874500 0.490500
vt 0.803900 0.442600
vt 0.827300 0.427600
vt 0.863100 0.439900
vt 0.905300 0.465900
vt 0.901300 0.528700
vt 0.897300 0.591600
vt 0.786800 0.471400
vt 0.842000 0.531500
vt 0.874500 0.490500
vt 0.803900 0.442600
vt 0.827300 0.427600
vt 0.863100 0.439900
vt 0.905300 0.465900
vt 0.901300 0.528700
vt 0.897300 0.591600
vt 0.835000 0.492300
vt 0.897300 0.591600
vt 0.901300 0.528700
vt 0.842000 0.531500
vt 0.786800 0.471400
vt 0.803900 0.442600
vt 0.827300 0.427600
vt 0.863100 0.439900
vt 0.905300 0.465900
vt 0.835000 0.492300
vt 0.897300 0.591600
vt 0.901300 0.528700
vt 0.842000 0.531500
vt 0.786800 0.471400
vt 0.803900 0.442600
vt 0.827300 0.427600
vt 0.863100 0.439900
vt 0.905300 0.465900
vt 0.206900 0.996400
vt 0.266500 0.894500
vt 0.157800 0.903400
vt 0.120600 0.996900
vt 0.261300 0.989000
vt 0.116000 0.938200
vt 0.062600 0.907400
vt 0.018400 0.994100
vt 0.271800 0.800000
vt 0.316500 0.854800
vt 0.308100 0.916500
vt 0.299600 0.978200
vt 0.206900 0.996400
vt 0.266500 0.894500
vt 0.157800 0.903400
vt 0.120600 0.996900
vt 0.261300 0.989000
vt 0.116000 0.938200
vt 0.062600 0.907400
vt 0.018400 0.994100
vt 0.271800 0.800000
vt 0.316500 0.854800
vt 0.308100 0.916500
vt 0.299600 0.978200
vt 0.430800 0.645700
vt 0.356700 0.667200
vt 0.326500 0.611000
vt 0.252400 0.632500
vt 0.222100 0.576300
vt 0.282700 0.688700
vt 0.430800 0.645700
vt 0.356700 0.667200
vt 0.326500 0.611000
vt 0.252400 0.632500
vt 0.222100 0.576300
vt 0.282700 0.688700
vt 0.018400 0.994100
vt 0.009200 0.936700
vt 0.062600 0.907400
vt 0.000000 0.879200
vt 0.106700 0.820700
vt 0.359100 0.824700
vt 0.331900 0.841100
vt 0.272400 0.762300
vt 0.401800 0.913500
vt 0.309000 0.758900
vt 0.417400 0.886200
vt 0.242000 0.691800
vt 0.478600 0.941300
vt 0.272400 0.691200
vt 0.463400 0.964700
vt 0.226100 0.625400
vt 0.242600 0.622400
vt 0.541400 0.993200
vt 0.520800 1.005400
vt 0.359100 0.824700
vt 0.331900 0.841100
vt 0.272400 0.762300
vt 0.401800 0.913500
vt 0.309000 0.758900
vt 0.417400 0.886200
vt 0.242000 0.691800
vt 0.478600 0.941300
vt 0.272400 0.691200
vt 0.463400 0.964700
vt 0.226100 0.625400
vt 0.242600 0.622400
vt 0.541400 0.993200
vt 0.520800 1.005400
vt 0.978100 0.605200
vt 0.897300 0.591600
vt 0.949400 0.640500
vt 1.001600 0.689500
vt 0.962500 0.529400
vt 0.919100 0.526100
vt 0.901300 0.528700
vt 0.905300 0.465900
vt 0.962700 0.470900
vt 0.970700 0.420800
vt 0.897300 0.591600
vt 0.949400 0.640500
vt 0.978100 0.605200
vt 1.001600 0.689500
vt 0.919100 0.526100
vt 0.901300 0.528700
vt 0.962500 0.529400
vt 0.905300 0.465900
vt 0.962700 0.470900
vt 0.970700 0.420800
vt 0.976400 0.777200
vt 0.970700 0.721700
vt 0.947300 0.744600
vt 0.987600 0.793300
vt 0.955700 0.820600
vt 0.975100 0.871200
vt 0.965600 0.896800
vt 0.957500 0.896400
vt 1.001600 0.689500
vt 0.950900 0.675300
vt 0.925600 0.668200
vt 0.949400 0.640500
vt 0.897300 0.591600
vt 0.949400 0.640500
vt 1.001600 0.689500
vt 0.978100 0.605200
vt 0.897300 0.591600
vt 0.962500 0.529400
vt 0.901300 0.528700
vt 0.919100 0.526100
vt 0.962700 0.470900
vt 0.905300 0.465900
vt 0.970700 0.420800
vt 0.976400 0.777200
vt 0.970700 0.721700
vt 0.947300 0.744600
vt 0.987600 0.793300
vt 0.955700 0.820600
vt 0.975100 0.871200
vt 0.965600 0.896800
vt 0.957500 0.896400
vt 1.001600 0.689500
vt 0.950900 0.675300
vt 0.925600 0.668200
vt 0.949400 0.640500
vt 0.897300 0.591600
vt 0.949400 0.640500
vt 1.001600 0.689500
vt 0.978100 0.605200
vt 0.897300 0.591600
vt 0.962500 0.529400
vt 0.901300 0.528700
vt 0.919100 0.526100
vt 0.962700 0.470900
vt 0.905300 0.465900
vt 0.970700 0.420800
vt 0.282700 0.688700
vt 0.430800 0.645700
vt 0.326500 0.611000
vt 0.222100 0.576300
vt 0.282700 0.688700
vt 0.430800 0.645700
vt 0.326500 0.611000
vt 0.222100 0.576300
vt 0.430800 0.645700
vt 0.356700 0.667200
vt 0.326500 0.611000
vt 0.282700 0.688700
vt 0.252400 0.632500
vt 0.222100 0.576300
vt 0.430800 0.645700
vt 0.356700 0.667200
vt 0.326500 0.611000
vt 0.282700 0.688700
vt 0.252400 0.632500
vt 0.222100 0.576300
vt 0.611000 0.836200
vt 0.559500 0.833400
vt 0.569500 0.784400
vt 0.538200 0.822500
vt 0.542100 0.878700
vt 0.503100 0.806200
vt 0.516600 0.736100
vt 0.484400 0.867800
vt 0.549800 0.725200
vt 0.530100 0.666000
vt 0.601500 0.699200
vt 0.585500 0.741800
vt 0.569500 0.784400
vt 0.474200 0.918300
vt 0.501300 0.923200
vt 0.481000 0.946300
vt 0.501100 0.954400
vt 0.530800 0.945300
vt 0.567600 0.927000
vt 0.592300 0.878000
vt 0.608900 0.907700
vt 0.631200 0.879900
vt 0.611000 0.836200
vt 0.559500 0.833400
vt 0.569500 0.784400
vt 0.538200 0.822500
vt 0.542100 0.878700
vt 0.503100 0.806200
vt 0.516600 0.736100
vt 0.484400 0.867800
vt 0.549800 0.725200
vt 0.530100 0.666000
vt 0.601500 0.699200
vt 0.585500 0.741800
vt 0.569500 0.784400
vt 0.474200 0.918300
vt 0.501300 0.923200
vt 0.481000 0.946300
vt 0.501100 0.954400
vt 0.530800 0.945300
vt 0.567600 0.927000
vt 0.592300 0.878000
vt 0.608900 0.907700
vt 0.631200 0.879900
vt 0.272400 0.762300
vt 0.417400 0.886200
vt 0.359100 0.824700
vt 0.309000 0.758900
vt 0.331900 0.841100
vt 0.401800 0.913500
vt 0.242000 0.691800
vt 0.272400 0.691200
vt 0.226100 0.625400
vt 0.242600 0.622400
vt 0.463400 0.964700
vt 0.478600 0.941300
vt 0.541400 0.993200
vt 0.520800 1.005400
vt 0.063700 0.655700
vt 0.099800 0.647400
vt 0.049500 0.702200
vt 0.042200 0.689500
vt 0.027700 0.664000
vt 0.013500 0.710500
vt -0.000800 0.757000
vt 0.897300 0.591600
vt 0.930600 0.495500
vt 0.962500 0.529400
vt 0.905300 0.465900
vt 0.970700 0.420800
vt 0.962700 0.470900
vt 0.949400 0.640500
vt 0.978100 0.605200
vt 1.001600 0.689500
vt 0.947300 0.744600
vt 0.975100 0.871200
vt 0.925600 0.668200
vt 0.897300 0.591600
vt 0.955700 0.820600
vt 0.965600 0.896800
vt 0.957500 0.896400
vt 0.962500 0.529400
vt 0.919100 0.526100
vt 0.962700 0.470900
vt 0.978100 0.605200
vt 0.905300 0.465900
vt 0.970700 0.420800
vt 0.901300 0.528700
vt 0.897300 0.591600
vt 1.001600 0.689500
vt 0.987600 0.793300
vt 0.955700 0.820600
vt 0.947300 0.744600
vt 0.965600 0.896800
vt 0.957500 0.896400
vt 1.001600 0.689500
vt 0.925600 0.668200
vt 0.897300 0.591600
vt 0.063700 0.655700
vt 0.099800 0.647400
vt 0.049500 0.702200
vt 0.042200 0.689500
vt 0.027700 0.664000
vt 0.013500 0.710500
vt -0.000800 0.757000
vt 0.947300 0.744600
vt 0.955700 0.820600
vt 0.975100 0.871200
vt 0.965600 0.896800
vt 0.957500 0.896400
vt 1.001600 0.689500
vt 0.925600 0.668200
vt 0.949400 0.640500
vt 0.897300 0.591600
vt 0.901300 0.528700
vt 0.962500 0.529400
vt 0.905300 0.465900
vt 0.978100 0.605200
vt 1.001600 0.689500
vt 0.962700 0.470900
vt 0.970700 0.420800
vt 0.947300 0.744600
vt 0.955700 0.820600
vt 0.975100 0.871200
vt 0.965600 0.896800
vt 0.957500 0.896400
vt 1.001600 0.689500
vt 0.925600 0.668200
vt 0.949400 0.640500
vt 0.897300 0.591600
vt 0.901300 0.528700
vt 0.962500 0.529400
vt 0.905300 0.465900
vt 0.978100 0.605200
vt 1.001600 0.689500
vt 0.962700 0.470900
vt 0.970700 0.420800
vt 0.478600 0.941300
vt 0.463400 0.964700
vt 0.401800 0.913500
vt 0.541400 0.993200
vt 0.520800 1.005400
vt 0.417400 0.886200
vt 0.359100 0.824700
vt 0.331900 0.841100
vt 0.309000 0.758900
vt 0.272400 0.762300
vt 0.272400 0.691200
vt 0.242000 0.691800
vt 0.226100 0.625400
vt 0.242600 0.622400
vt 0.106700 0.820700
vt 0.163800 0.922900
vt 0.116000 0.938200
vt 0.062600 0.907400
vt 0.018400 0.994100
vt 0.120600 0.996900
vt 0.206900 0.996400
vt 0.240900 0.884600
vt 0.211600 0.837700
vt 0.209700 0.932900
vt 0.261300 0.989000
vt 0.316500 0.854800
vt 0.308100 0.916500
vt 0.292100 0.965500
vt 0.540100 0.874400
vt 0.474200 0.918300
vt 0.522600 0.841600
vt 0.484400 0.867800
vt 0.503100 0.806200
vt 0.481000 0.946300
vt 0.530800 0.945300
vt 0.501100 0.954400
vt 0.553700 0.902200
vt 0.565300 0.927500
vt 0.540100 0.874400
vt 0.474200 0.918300
vt 0.522600 0.841600
vt 0.484400 0.867800
vt 0.503100 0.806200
vt 0.481000 0.946300
vt 0.530800 0.945300
vt 0.501100 0.954400
vt 0.553700 0.902200
vt 0.565300 0.927500
vt 0.417400 0.886200
vt 0.401800 0.913500
vt 0.463400 0.964700
vt 0.331900 0.841100
vt 0.359100 0.824700
vt 0.302300 0.760000
vt 0.478600 0.941300
vt 0.541400 0.993200
vt 0.520800 1.005400
vt 0.417400 0.886200
vt 0.401800 0.913500
vt 0.463400 0.964700
vt 0.331900 0.841100
vt 0.359100 0.824700
vt 0.302300 0.760000
vt 0.478600 0.941300
vt 0.541400 0.993200
vt 0.520800 1.005400
vt 0.401800 0.913500
vt 0.463400 0.964700
vt 0.478600 0.941300
vt 0.541400 0.993200
vt 0.520800 1.005400
vt 0.417400 0.886200
vt 0.359100 0.824700
vt 0.331900 0.841100
vt 0.309000 0.758900
vt 0.272400 0.762300
vt 0.242000 0.691800
vt 0.272400 0.691200
vt 0.226100 0.625400
vt 0.242600 0.622400
vt 0.575100 0.923300
vt 0.353100 0.778000
vt 0.496300 0.963000
vt 0.653900 0.883500
vt 0.575100 0.923300
vt 0.353100 0.778000
vt 0.496300 0.963000
vt 0.653900 0.883500
vt 0.155600 0.642100
vt 0.175800 0.666900
vt 0.113400 0.649100
vt 0.197800 0.635000
vt 0.238200 0.684800
vt 0.155600 0.642100
vt 0.175800 0.666900
vt 0.113400 0.649100
vt 0.197800 0.635000
vt 0.238200 0.684800
vt 0.478600 0.941300
vt 0.463400 0.964700
vt 0.401800 0.913500
vt 0.541400 0.993200
vt 0.520800 1.005400
vt 0.417400 0.886200
vt 0.331900 0.841100
vt 0.359100 0.824700
vt 0.272400 0.762300
vt 0.309000 0.758900
vt 0.242000 0.691800
vt 0.272400 0.691200
vt 0.226100 0.625400
vt 0.242600 0.622400
vt 0.838700 0.855600
vt 0.772700 0.791100
vt 0.761100 0.908900
vt 0.716500 0.762300
vt 0.680200 0.805000
vt 0.653900 0.883500
vt 0.664800 0.934700
vt 0.686800 0.973300
vt 0.730800 0.986700
vt 0.789500 0.938100
vt 0.785700 0.987400
vt 0.821700 0.955400
vt 0.857700 0.923300
vt 0.838700 0.855600
vt 0.772700 0.791100
vt 0.761100 0.908900
vt 0.716500 0.762300
vt 0.680200 0.805000
vt 0.653900 0.883500
vt 0.664800 0.934700
vt 0.686800 0.973300
vt 0.730800 0.986700
vt 0.789500 0.938100
vt 0.785700 0.987400
vt 0.821700 0.955400
vt 0.857700 0.923300
vt 0.503100 0.806200
vt 0.540100 0.874400
vt 0.474200 0.918300
vt 0.484400 0.867800
vt 0.501300 0.923200
vt 0.481000 0.946300
vt 0.501100 0.954400
vt 0.553700 0.902200
vt 0.530800 0.945300
vt 0.565300 0.927500
vt 0.503100 0.806200
vt 0.540100 0.874400
vt 0.474200 0.918300
vt 0.484400 0.867800
vt 0.501300 0.923200
vt 0.481000 0.946300
vt 0.501100 0.954400
vt 0.553700 0.902200
vt 0.530800 0.945300
vt 0.565300 0.927500
vt 0.553700 0.902200
vt 0.501300 0.923200
vt 0.540100 0.874400
vt 0.565300 0.927500
vt 0.530800 0.945300
vt 0.501100 0.954400
vt 0.481000 0.946300
vt 0.474200 0.918300
vt 0.503200 0.900100
vt 0.522600 0.841600
vt 0.503100 0.806200
vt 0.586600 0.897500
vt 0.553700 0.902200
vt 0.540100 0.874400
vt 0.565300 0.927500
vt 0.608900 0.907700
vt 0.631200 0.879900
vt 0.611000 0.836200
vt 0.571600 0.800100
vt 0.536300 0.795300
vt 0.522600 0.841600
vt 0.503100 0.806200
vt 0.553700 0.902200
vt 0.501300 0.923200
vt 0.540100 0.874400
vt 0.565300 0.927500
vt 0.530800 0.945300
vt 0.501100 0.954400
vt 0.481000 0.946300
vt 0.474200 0.918300
vt 0.503200 0.900100
vt 0.522600 0.841600
vt 0.503100 0.806200
vt 0.586600 0.897500
vt 0.553700 0.902200
vt 0.540100 0.874400
vt 0.565300 0.927500
vt 0.608900 0.907700
vt 0.631200 0.879900
vt 0.611000 0.836200
vt 0.571600 0.800100
vt 0.536300 0.795300
vt 0.522600 0.841600
vt 0.503100 0.806200
vt 0.286800 0.262300
vt 0.233100 0.280100
vt 0.259000 0.249800
vt 0.326600 0.238200
vt 0.300700 0.268500
vt 0.207300 0.310500
vt 0.394100 0.226500
vt 0.115800 0.276500
vt 0.207300 0.310500
vt 0.102200 0.326300
vt 0.161900 0.265000
vt 0.233100 0.280100
vt 0.139200 0.242300
vt 0.259000 0.249800
vt 0.046500 0.250100
vt 0.074600 0.295800
vt 0.008200 0.288400
vt -0.002900 0.342000
vt 0.592300 0.878000
vt 0.540100 0.874400
vt 0.571600 0.800100
vt 0.536300 0.795300
vt 0.503100 0.806200
vt 0.611000 0.836200
vt 0.631200 0.879900
vt 0.553700 0.902200
vt 0.608900 0.907700
vt 0.565300 0.927500
vt 0.592300 0.878000
vt 0.540100 0.874400
vt 0.571600 0.800100
vt 0.536300 0.795300
vt 0.503100 0.806200
vt 0.611000 0.836200
vt 0.631200 0.879900
vt 0.553700 0.902200
vt 0.608900 0.907700
vt 0.565300 0.927500
vt 0.503500 0.830700
vt 0.575100 0.923300
vt 0.653900 0.883500
vt 0.496300 0.963000
vt 0.353100 0.778000
vt 0.503500 0.830700
vt 0.575100 0.923300
vt 0.653900 0.883500
vt 0.496300 0.963000
vt 0.353100 0.778000
vt 0.947300 0.744600
vt 1.001600 0.689500
vt 0.975100 0.871200
vt 0.955700 0.820600
vt 0.965600 0.896800
vt 0.957500 0.896400
vt 0.949400 0.640500
vt 0.978100 0.605200
vt 0.925600 0.668200
vt 0.897300 0.591600
vt 0.962500 0.529400
vt 0.897300 0.591600
vt 0.905300 0.465900
vt 0.962700 0.470900
vt 0.970700 0.420800
vt 0.987600 0.793300
vt 0.970700 0.721700
vt 0.947300 0.744600
vt 0.955700 0.820600
vt 0.975100 0.871200
vt 0.957500 0.896400
vt 1.001600 0.689500
vt 0.925600 0.668200
vt 0.949400 0.640500
vt 0.897300 0.591600
vt 0.987600 0.793300
vt 0.970700 0.721700
vt 0.947300 0.744600
vt 0.955700 0.820600
vt 0.975100 0.871200
vt 0.957500 0.896400
vt 1.001600 0.689500
vt 0.925600 0.668200
vt 0.949400 0.640500
vt 0.897300 0.591600
vt 0.316500 0.854800
vt 0.308100 0.916500
vt 0.214300 0.904100
vt 0.292100 0.965500
vt 0.106700 0.820700
vt 0.261300 0.989000
vt 0.163800 0.922900
vt 0.062600 0.907400
vt 0.206900 0.996400
vt 0.018400 0.994100
vt 0.120600 0.996900
vt 0.331900 0.841100
vt 0.401800 0.913500
vt 0.417400 0.886200
vt 0.359100 0.824700
vt 0.302300 0.760000
vt 0.257800 0.758200
vt 0.478600 0.941300
vt 0.463400 0.964700
vt 0.541400 0.993200
vt 0.520800 1.005400
vt 0.331900 0.841100
vt 0.401800 0.913500
vt 0.417400 0.886200
vt 0.359100 0.824700
vt 0.302300 0.760000
vt 0.257800 0.758200
vt 0.478600 0.941300
vt 0.463400 0.964700
vt 0.541400 0.993200
vt 0.520800 1.005400
vt 0.000000 0.879200
vt 0.018400 0.994100
vt 0.062600 0.907400
vt 0.106700 0.820700
vt 0.925600 0.668200
vt 0.949400 0.640500
vt 1.001600 0.689500
vt 0.897300 0.591600
vt 0.947300 0.744600
vt 0.987600 0.793300
vt 0.961700 0.846200
vt 0.975100 0.871200
vt 0.955700 0.820600
vt 0.965600 0.896800
vt 0.957500 0.896400
vt 0.309000 0.758900
vt 0.272400 0.762300
vt 0.331900 0.841100
vt 0.417400 0.886200
vt 0.272400 0.691200
vt 0.401800 0.913500
vt 0.226100 0.625400
vt 0.242600 0.622400
vt 0.242000 0.691800
vt 0.478600 0.941300
vt 0.471000 0.953000
vt 0.541400 0.993200
vt 0.463400 0.964700
vt 0.531100 0.999300
vt 0.520800 1.005400
vt 0.309000 0.758900
vt 0.272400 0.762300
vt 0.331900 0.841100
vt 0.417400 0.886200
vt 0.272400 0.691200
vt 0.401800 0.913500
vt 0.226100 0.625400
vt 0.242600 0.622400
vt 0.242000 0.691800
vt 0.478600 0.941300
vt 0.471000 0.953000
vt 0.541400 0.993200
vt 0.463400 0.964700
vt 0.531100 0.999300
vt 0.520800 1.005400
vt 0.272400 0.762300
vt 0.309000 0.758900
vt 0.359100 0.824700
vt 0.242000 0.691800
vt 0.331900 0.841100
vt 0.272400 0.691200
vt 0.226100 0.625400
vt 0.242600 0.622400
vt 0.401800 0.913500
vt 0.417400 0.886200
vt 0.478600 0.941300
vt 0.463400 0.964700
vt 0.541400 0.993200
vt 0.520800 1.005400
vt 0.272400 0.762300
vt 0.309000 0.758900
vt 0.359100 0.824700
vt 0.242000 0.691800
vt 0.331900 0.841100
vt 0.272400 0.691200
vt 0.226100 0.625400
vt 0.242600 0.622400
vt 0.401800 0.913500
vt 0.417400 0.886200
vt 0.478600 0.941300
vt 0.463400 0.964700
vt 0.541400 0.993200
vt 0.520800 1.005400
vt 0.611000 0.836200
vt 0.540100 0.874400
vt 0.571600 0.800100
vt 0.536300 0.795300
vt 0.522600 0.841600
vt 0.503100 0.806200
vt 0.553700 0.902200
vt 0.586600 0.897500
vt 0.565300 0.927500
vt 0.631200 0.879900
vt 0.608900 0.907700
vt 0.611000 0.836200
vt 0.540100 0.874400
vt 0.571600 0.800100
vt 0.536300 0.795300
vt 0.522600 0.841600
vt 0.503100 0.806200
vt 0.553700 0.902200
vt 0.586600 0.897500
vt 0.565300 0.927500
vt 0.631200 0.879900
vt 0.608900 0.907700
vt 0.242000 0.691800
vt 0.272400 0.691200
vt 0.226100 0.625400
vt 0.242600 0.622400
vt 0.309000 0.758900
vt 0.272400 0.762300
vt 0.331900 0.841100
vt 0.359100 0.824700
vt 0.401800 0.913500
vt 0.417400 0.886200
vt 0.478600 0.941300
vt 0.463400 0.964700
vt 0.541400 0.993200
vt 0.520800 1.005400
vt 0.592300 0.878000
vt 0.540100 0.874400
vt 0.571600 0.800100
vt 0.536300 0.795300
vt 0.522600 0.841600
vt 0.503100 0.806200
vt 0.611000 0.836200
vt 0.631200 0.879900
vt 0.553700 0.902200
vt 0.608900 0.907700
vt 0.565300 0.927500
vt 0.522600 0.841600
vt 0.474200 0.918300
vt 0.503100 0.806200
vt 0.540100 0.874400
vt 0.501300 0.923200
vt 0.481000 0.946300
vt 0.501100 0.954400
vt 0.553700 0.902200
vt 0.530800 0.945300
vt 0.565300 0.927500
vt 0.592300 0.878000
vt 0.540100 0.874400
vt 0.571600 0.800100
vt 0.536300 0.795300
vt 0.522600 0.841600
vt 0.503100 0.806200
vt 0.611000 0.836200
vt 0.631200 0.879900
vt 0.553700 0.902200
vt 0.608900 0.907700
vt 0.565300 0.927500
vt 0.522600 0.841600
vt 0.474200 0.918300
vt 0.503100 0.806200
vt 0.540100 0.874400
vt 0.501300 0.923200
vt 0.481000 0.946300
vt 0.501100 0.954400
vt 0.553700 0.902200
vt 0.530800 0.945300
vt 0.565300 0.927500
vt 0.000000 0.879200
vt 0.018400 0.994100
vt 0.062600 0.907400
vt 0.106700 0.820700
vt 0.463400 0.964700
vt 0.478600 0.941300
vt 0.417400 0.886200
vt 0.541400 0.993200
vt 0.520800 1.005400
vt 0.401800 0.913500
vt 0.359100 0.824700
vt 0.272400 0.762300
vt 0.331900 0.841100
vt 0.309000 0.758900
vt 0.242000 0.691800
vt 0.272400 0.691200
vt 0.226100 0.625400
vt 0.242600 0.622400
vt 0.113400 0.649100
vt 0.155600 0.642100
vt 0.175800 0.666900
vt 0.197800 0.635000
vt 0.238200 0.684800
vt 0.272400 0.691200
vt 0.242000 0.691800
vt 0.257800 0.758200
vt 0.302300 0.760000
vt 0.226100 0.625400
vt 0.242600 0.622400
vt 0.417400 0.886200
vt 0.401800 0.913500
vt 0.478600 0.941300
vt 0.359100 0.824700
vt 0.331900 0.841100
vt 0.309000 0.758900
vt 0.272400 0.762300
vt 0.272400 0.691200
vt 0.242000 0.691800
vt 0.242600 0.622400
vt 0.226100 0.625400
vt 0.463400 0.964700
vt 0.531100 0.999300
vt 0.520800 1.005400
vt 0.541400 0.993200
vt 0.417400 0.886200
vt 0.401800 0.913500
vt 0.478600 0.941300
vt 0.359100 0.824700
vt 0.331900 0.841100
vt 0.309000 0.758900
vt 0.272400 0.762300
vt 0.272400 0.691200
vt 0.242000 0.691800
vt 0.242600 0.622400
vt 0.226100 0.625400
vt 0.463400 0.964700
vt 0.531100 0.999300
vt 0.520800 1.005400
vt 0.541400 0.993200
vt 0.272400 0.691200
vt 0.242000 0.691800
vt 0.257800 0.758200
vt 0.302300 0.760000
vt 0.242600 0.622400
vt 0.226100 0.625400
vt 0.331900 0.841100
vt 0.257800 0.758200
vt 0.280100 0.759100
vt 0.359100 0.824700
vt 0.302300 0.760000
vt 0.401800 0.913500
vt 0.417400 0.886200
vt 0.463400 0.964700
vt 0.478600 0.941300
vt 0.520800 1.005400
vt 0.541400 0.993200
vt 0.257800 0.758200
vt 0.226100 0.625400
vt 0.280100 0.759100
vt 0.242600 0.622400
vt 0.302300 0.760000
vt 0.331900 0.841100
vt 0.257800 0.758200
vt 0.280100 0.759100
vt 0.359100 0.824700
vt 0.302300 0.760000
vt 0.401800 0.913500
vt 0.417400 0.886200
vt 0.463400 0.964700
vt 0.478600 0.941300
vt 0.520800 1.005400
vt 0.541400 0.993200
vt 0.257800 0.758200
vt 0.226100 0.625400
vt 0.280100 0.759100
vt 0.242600 0.622400
vt 0.302300 0.760000
vt 0.027700 0.664000
vt -0.000800 0.757000
vt 0.049500 0.702200
vt 0.099800 0.647400
vt 0.027700 0.664000
vt -0.000800 0.757000
vt 0.049500 0.702200
vt 0.099800 0.647400
vt 0.282700 0.688700
vt 0.356700 0.667200
vt 0.326500 0.611000
vt 0.222100 0.576300
vt 0.430800 0.645700
vt 0.282700 0.688700
vt 0.356700 0.667200
vt 0.326500 0.611000
vt 0.222100 0.576300
vt 0.430800 0.645700
vt 0.359100 0.824700
vt 0.331900 0.841100
vt 0.272400 0.762300
vt 0.417400 0.886200
vt 0.309000 0.758900
vt 0.401800 0.913500
vt 0.242000 0.691800
vt 0.478600 0.941300
vt 0.272400 0.691200
vt 0.226100 0.625400
vt 0.242600 0.622400
vt 0.463400 0.964700
vt 0.541400 0.993200
vt 0.520800 1.005400
vt 0.272400 0.762300
vt 0.242000 0.691800
vt 0.272400 0.691200
vt 0.226100 0.625400
vt 0.242600 0.622400
vt 0.309000 0.758900
vt 0.331900 0.841100
vt 0.359100 0.824700
vt 0.401800 0.913500
vt 0.417400 0.886200
vt 0.478600 0.941300
vt 0.463400 0.964700
vt 0.541400 0.993200
vt 0.520800 1.005400
vt 0.018400 0.994100
vt 0.062600 0.907400
vt 0.053400 0.849900
vt 0.000000 0.879200
vt 0.106700 0.820700
vt 0.018400 0.994100
vt 0.062600 0.907400
vt 0.053400 0.849900
vt 0.000000 0.879200
vt 0.106700 0.820700
vt 0.049500 0.702200
vt 0.099800 0.647400
vt 0.027700 0.664000
vt -0.000800 0.757000
vt 0.049500 0.702200
vt 0.027700 0.664000
vt 0.099800 0.647400
vt 0.013500 0.710500
vt -0.000800 0.757000
vt 0.962500 0.529400
vt 0.930600 0.495500
vt 0.962700 0.470900
vt 0.905300 0.465900
vt 0.970700 0.420800
vt 0.901300 0.528700
vt 0.897300 0.591600
vt 0.951200 0.600600
vt 0.978100 0.605200
vt 0.949400 0.640500
vt 1.001600 0.689500
vt 0.062600 0.907400
vt 0.053400 0.849900
vt 0.106700 0.820700
vt 0.000000 0.879200
vt 0.009200 0.936700
vt 0.018400 0.994100
vt 0.062600 0.907400
vt 0.053400 0.849900
vt 0.106700 0.820700
vt 0.000000 0.879200
vt 0.009200 0.936700
vt 0.018400 0.994100
vt 0.653900 0.883500
vt 0.353100 0.778000
vt 0.424700 0.870500
vt 0.575100 0.923300
vt 0.496300 0.963000
vt 0.222100 0.576300
vt 0.356700 0.667200
vt 0.326500 0.611000
vt 0.282700 0.688700
vt 0.430800 0.645700
vt 0.222100 0.576300
vt 0.356700 0.667200
vt 0.326500 0.611000
vt 0.282700 0.688700
vt 0.430800 0.645700
vt 0.113400 0.649100
vt 0.155600 0.642100
vt 0.175800 0.666900
vt 0.197800 0.635000
vt 0.238200 0.684800
vt 0.113400 0.649100
vt 0.155600 0.642100
vt 0.175800 0.666900
vt 0.197800 0.635000
vt 0.238200 0.684800
vt 0.699100 0.509700
vt 0.689500 0.630500
vt 0.726000 0.537500
vt 0.762500 0.444600
vt 0.708800 0.388900
vt 0.113400 0.649100
vt 0.238200 0.684800
vt 0.197800 0.635000
vt 0.197800 0.635000
vt 0.113400 0.649100
vt 0.238200 0.684800
vt 0.062600 0.907400
vt 0.009200 0.936700
vt 0.000000 0.879200
vt 0.018400 0.994100
vt 0.106700 0.820700
vt 0.062600 0.907400
vt 0.009200 0.936700
vt 0.000000 0.879200
vt 0.018400 0.994100
vt 0.106700 0.820700
vt 0.373200 0.771000
vt 0.440300 0.726700
vt 0.481600 0.755300
vt 0.393100 0.811300
vt 0.433100 0.844700
vt 0.530100 0.666000
vt 0.393400 0.716700
vt 0.481900 0.660700
vt 0.433700 0.655400
vt 0.373200 0.771000
vt 0.440300 0.726700
vt 0.481600 0.755300
vt 0.393100 0.811300
vt 0.433100 0.844700
vt 0.530100 0.666000
vt 0.393400 0.716700
vt 0.481900 0.660700
vt 0.433700 0.655400
vt 0.175800 0.666900
vt 0.155600 0.642100
vt 0.113400 0.649100
vt 0.197800 0.635000
vt 0.238200 0.684800
vt 0.175800 0.666900
vt 0.155600 0.642100
vt 0.113400 0.649100
vt 0.197800 0.635000
vt 0.238200 0.684800
vt 0.099800 0.647400
vt -0.000800 0.757000
vt 0.027700 0.664000
vt 0.099800 0.647400
vt -0.000800 0.757000
vt 0.027700 0.664000
vt 0.009200 0.936700
vt 0.000000 0.879200
vt 0.106700 0.820700
vt 0.062600 0.907400
vt 0.018400 0.994100
vt 0.252400 0.632500
vt 0.282700 0.688700
vt 0.430800 0.645700
vt 0.326500 0.611000
vt 0.222100 0.576300
vt 0.113400 0.649100
vt 0.197800 0.635000
vt 0.175800 0.666900
vt 0.238200 0.684800
vt 0.824900 0.559600
vt 0.806800 0.616800
vt 0.782500 0.693100
vt -0.000800 0.757000
vt 0.027700 0.664000
vt 0.099800 0.647400
vt 0.686800 0.973300
vt 0.692800 0.900700
vt 0.695100 0.852800
vt 0.686800 0.973300
vt 0.692800 0.900700
vt 0.695100 0.852800
vt 0.309000 0.758900
vt 0.417400 0.886200
vt 0.359100 0.824700
vt 0.309000 0.758900
vt 0.417400 0.886200
vt 0.359100 0.824700
vn -0.651901 -0.757101 0.042700
vn -0.737983 -0.674684 0.013500
vn -0.738906 -0.673206 0.028500
vn -0.803528 -0.592921 0.052802
vn -0.838818 -0.542111 0.050001
vn -0.802811 -0.595808 0.022500
vn -0.761037 -0.647132 -0.045202
vn -0.771932 -0.628026 -0.098504
vn -0.685900 -0.718900 -0.112800
vn -0.733297 -0.655097 -0.181999
vn -0.657330 -0.753535 -0.010100
vn -0.699588 -0.688989 -0.189397
vn -0.725584 -0.630886 -0.274794
vn -0.720510 -0.649509 -0.242904
vn -0.715189 -0.578591 -0.392094
vn -0.671710 -0.732511 -0.110602
vn -0.540816 -0.734221 -0.410412
vn -0.688997 -0.710396 -0.143599
vn -0.666772 -0.736069 -0.116695
vn -0.640305 -0.766607 -0.048200
vn -0.735582 -0.675183 -0.055199
vn -0.586335 -0.809748 -0.022801
vn -0.481123 -0.876642 -0.004400
vn -0.517975 -0.855359 -0.008000
vn -0.403325 -0.915056 -0.001600
vn -0.441489 -0.896177 -0.044199
vn -0.584009 -0.811413 0.023300
vn -0.530186 -0.847277 0.031999
vn -0.573388 -0.818383 0.038399
vn -0.451521 -0.889642 0.068303
vn -0.464487 -0.880074 0.098597
vn -0.710977 -0.702778 -0.024799
vn -0.573588 -0.816283 0.068399
vn -0.442394 -0.875387 0.194897
vn -0.851408 -0.522105 -0.050100
vn -0.810218 -0.582113 -0.068501
vn -0.871770 -0.481783 -0.088897
vn 0.825618 0.562612 0.042701
vn 0.887442 0.460722 0.013501
vn 0.887922 0.459111 0.028501
vn 0.929623 0.364709 0.052801
vn 0.950551 0.306516 0.050003
vn 0.929676 0.367691 0.022499
vn 0.902600 0.428100 -0.045200
vn 0.908193 0.406797 -0.098499
vn 0.848596 0.516898 -0.112700
vn 0.877864 0.442982 -0.181993
vn 0.829910 0.557806 -0.010100
vn 0.854030 0.484517 -0.189407
vn 0.864106 0.421603 -0.274902
vn 0.864052 0.440876 -0.242987
vn 0.840538 0.373817 -0.392118
vn 0.838407 0.533705 -0.110601
vn 0.712474 0.569179 -0.410385
vn 0.849373 0.507884 -0.143595
vn 0.834579 0.538386 -0.116697
vn 0.816882 0.574787 -0.048199
vn 0.885272 0.461786 -0.055198
vn 0.775921 0.630417 -0.022801
vn 0.691634 0.722235 -0.004400
vn 0.721730 0.692129 -0.008000
vn 0.626461 0.779451 -0.001600
vn 0.658434 0.751339 -0.044202
vn 0.774068 0.632674 0.023299
vn 0.731399 0.681199 0.032000
vn 0.765631 0.642126 0.038502
vn 0.666380 0.742478 0.068298
vn 0.676402 0.729903 0.098600
vn 0.868642 0.494824 -0.024701
vn 0.765314 0.640012 0.068401
vn 0.653874 0.731071 0.194892
vn 0.957541 0.283912 -0.050102
vn 0.933268 0.352588 -0.068498
vn 0.966770 0.239693 -0.088897
vn -0.568401 0.808702 -0.151400
vn -0.615136 0.666339 -0.421425
vn -0.683914 0.699815 -0.206204
vn -0.594070 0.795860 -0.116994
vn -0.683521 0.603419 -0.410713
vn -0.461483 0.443784 -0.768172
vn -0.441114 0.888829 -0.124104
vn -0.398593 0.910783 -0.107698
vn -0.495801 0.797701 -0.343300
vn -0.353096 0.398895 -0.846290
vn -0.262416 0.924157 -0.277617
vn -0.085902 0.946221 -0.311907
vn -0.324799 0.250899 -0.911897
vn -0.267188 0.414881 -0.869761
vn -0.279084 0.782454 -0.556667
vn 0.145008 0.039202 -0.988654
vn 0.009500 0.638915 -0.769218
vn -0.077997 0.940265 -0.331388
vn 0.170204 0.559713 -0.811019
vn -0.037801 0.596511 -0.801714
vn -0.021100 0.953392 -0.300997
vn 0.198501 0.861905 -0.466603
vn 0.181294 0.597280 -0.781274
vn 0.373601 0.796502 -0.475401
vn 0.267694 0.932281 -0.243295
vn 0.466118 0.842833 -0.269010
vn 0.333516 0.910645 -0.243912
vn 0.072799 0.967392 -0.242598
vn 0.281803 0.947910 -0.148502
vn 0.277299 0.931196 -0.236599
vn 0.342782 0.897652 -0.276985
vn 0.366611 0.919627 -0.141004
vn 0.372594 0.927084 -0.041099
vn 0.424492 0.904983 -0.028499
vn 0.448125 0.893150 -0.038302
vn 0.438102 0.897803 -0.044900
vn 0.376416 0.920740 -0.102704
vn 0.200290 0.972953 -0.115094
vn -0.014301 0.968753 -0.247614
vn 0.047498 0.975964 -0.212692
vn 0.175300 0.956302 -0.234001
vn 0.557388 0.784884 0.270694
vn 0.376416 0.920740 -0.102704
vn 0.044299 0.967672 -0.248293
vn -0.177103 0.969117 -0.171603
vn -0.254605 0.943318 -0.212904
vn -0.430009 0.862717 -0.266105
vn -0.519382 0.755574 -0.399186
vn -0.260100 0.944301 -0.201600
vn -0.552701 0.433101 -0.712001
vn -0.335710 0.886626 -0.318109
vn -0.654818 0.569116 -0.497314
vn -0.067102 0.951731 -0.299510
vn -0.657631 0.570727 -0.491723
vn -0.552084 0.050199 -0.832276
vn -0.431391 0.200596 -0.879581
vn -0.650193 0.357896 -0.670193
vn -0.787255 0.494272 -0.368679
vn -0.242890 -0.023799 -0.969762
vn -0.541212 0.460910 -0.703315
vn -0.743703 0.609102 -0.275501
vn -0.560877 0.556377 -0.613075
vn -0.761622 0.601217 -0.241807
vn -0.687284 0.569587 -0.450790
vn -0.173707 0.327813 -0.928636
vn 0.046098 -0.036898 -0.998255
vn 0.450791 -0.402592 -0.796685
vn 0.148299 -0.455697 -0.877694
vn 0.288700 -0.585400 -0.757601
vn -0.238507 -0.406812 -0.881827
vn 0.004400 -0.512416 -0.858726
vn -0.592614 -0.202105 -0.779719
vn -0.759473 0.197993 -0.619678
vn -0.700492 0.183398 -0.689692
vn -0.474884 0.229592 -0.849572
vn -0.290796 0.345596 -0.892189
vn -0.331799 0.668598 -0.665498
vn -0.205808 0.705926 -0.677725
vn -0.081701 0.675406 -0.732906
vn -0.033901 0.780917 -0.623714
vn 0.084402 0.862418 -0.499111
vn 0.203390 0.853659 -0.479477
vn 0.212792 0.931663 -0.294488
vn 0.272709 0.935029 -0.226607
vn 0.241403 0.956312 -0.164902
vn -0.022800 0.991679 -0.126697
vn 0.135596 0.972668 -0.188494
vn 0.238804 0.952118 -0.190904
vn 0.201705 0.977923 0.054601
vn 0.042000 0.997690 0.053399
vn -0.121902 0.992318 0.021100
vn -0.122093 0.991946 -0.033698
vn 0.182898 0.982191 -0.043000
vn -0.286206 0.956919 0.048901
vn -0.430988 0.901776 -0.032399
vn 0.454277 0.890355 -0.029998
vn -0.421613 0.906727 0.009400
vn -0.616806 0.787008 0.013000
vn 0.427607 0.902314 -0.054601
vn 0.650479 0.759476 0.008600
vn 0.410406 0.911413 -0.029900
vn 0.737910 0.673609 -0.041701
vn -0.058503 0.998149 -0.016601
vn 0.694397 0.709397 -0.120700
vn 0.800612 0.595209 -0.068901
vn 0.766306 0.571105 -0.294302
vn 0.536668 0.803452 -0.257785
vn 0.624485 0.436490 -0.647685
vn -0.416885 0.907567 0.050298
vn 0.151103 0.448308 -0.881015
vn 0.596870 0.796860 0.093595
vn 0.291796 0.113798 -0.949687
vn -0.595173 0.802263 0.046298
vn -0.665370 0.743766 0.063997
vn -0.676383 0.735282 0.043199
vn -0.399390 0.915476 0.048899
vn -0.627496 0.777295 0.045400
vn -0.278090 0.957464 0.076997
vn -0.461396 0.887193 0.001300
vn -0.695442 0.710943 0.104506
vn -0.144206 0.988339 0.048902
vn -0.782099 0.622699 0.023800
vn -0.025501 0.999629 -0.009600
vn -0.812924 0.577217 0.077302
vn -0.876023 0.467812 0.117203
vn -0.881179 0.464389 0.088698
vn 0.103000 0.994404 0.023500
vn 0.343323 0.937362 0.059004
vn 0.176800 0.982298 0.061900
vn 0.483880 0.871065 0.084297
vn 0.072398 0.994476 0.075998
vn 0.315694 0.947081 0.058099
vn 0.313917 0.949350 -0.013801
vn 0.454296 0.889893 0.041300
vn 0.546131 0.835647 0.058603
vn 0.262300 0.953398 -0.149100
vn 0.467889 0.883480 -0.023299
vn 0.008900 0.940600 -0.339400
vn -0.025800 0.939816 -0.340706
vn -0.410989 0.743679 -0.527285
vn 0.622715 -0.780919 0.048901
vn 0.807296 -0.588397 0.045400
vn 0.516391 -0.852885 0.076999
vn 0.675321 -0.737523 0.001300
vn 0.855775 -0.506685 0.104497
vn 0.395113 -0.917330 0.048902
vn 0.916599 -0.399099 0.023800
vn 0.283295 -0.958985 -0.009600
vn 0.934600 -0.347200 0.077300
vn 0.967264 -0.225092 0.117196
vn 0.971343 -0.220510 0.088704
vn 0.157896 -0.987176 0.023499
vn -0.088998 -0.994283 0.058999
vn 0.083499 -0.994584 0.061899
vn -0.242002 -0.966607 0.084301
vn 0.187407 -0.979338 0.076003
vn -0.059901 -0.996512 0.058101
vn -0.057503 -0.998250 -0.013801
vn -0.208606 -0.977127 0.041301
vn -0.311301 -0.948503 0.058600
vn -0.006600 -0.988800 -0.149100
vn -0.223294 -0.974473 -0.023299
vn 0.234909 -0.910833 -0.339412
vn 0.268202 -0.901105 -0.340702
vn 0.589405 -0.612006 -0.527305
vn -0.917549 0.389778 -0.078596
vn -0.985426 0.167104 -0.031801
vn -0.989115 0.132202 -0.064601
vn -0.968132 0.233708 -0.090003
vn -0.973001 0.163300 -0.163100
vn -0.981252 0.131707 -0.140707
vn -0.959328 0.223607 -0.172305
vn -0.979666 0.177094 -0.094297
vn -0.930102 0.315601 -0.187900
vn -0.891772 0.369488 -0.261192
vn -0.934002 0.332501 -0.130700
vn -0.926272 0.314391 -0.207794
vn -0.900012 0.322504 -0.293204
vn -0.907041 0.406418 -0.110005
vn -0.938991 0.244798 -0.241598
vn -0.777925 -0.153105 -0.609419
vn -0.967382 0.218196 -0.128698
vn -0.915952 0.211512 -0.341019
vn -0.930402 0.289201 -0.225200
vn -0.922336 0.350414 -0.162806
vn -0.865173 0.493585 -0.088597
vn -0.838315 0.542710 -0.051901
vn -0.827854 0.559669 -0.037798
vn -0.756492 0.652494 -0.044400
vn -0.663215 0.747417 -0.038901
vn -0.736378 0.675079 -0.044899
vn -0.937135 0.344113 -0.058002
vn -0.905911 0.423205 -0.014900
vn -0.850920 0.520212 0.072902
vn -0.780590 0.623492 0.043999
vn -0.813707 0.573005 0.097701
vn -0.759211 0.647510 0.065801
vn -0.876728 0.457714 0.147805
vn -0.920114 0.383806 0.078001
vn -0.978710 0.204302 -0.019700
vn -0.994990 -0.073199 -0.068099
vn -0.993127 -0.114803 -0.022801
vn -0.975336 -0.210308 -0.067003
vn -0.982648 -0.185109 -0.011701
vn -0.995654 -0.092796 0.007900
vn -0.982234 -0.187106 0.014400
vn 0.785389 -0.613992 -0.078599
vn 0.908621 -0.416410 -0.031801
vn 0.917671 -0.391888 -0.065598
vn 0.874673 -0.476285 -0.089997
vn 0.897610 -0.409505 -0.163102
vn 0.913719 -0.381208 -0.140703
vn 0.868767 -0.464283 -0.172294
vn 0.900408 -0.424704 -0.094301
vn 0.816706 -0.545604 -0.187901
vn 0.765733 -0.587726 -0.261211
vn 0.816117 -0.562912 -0.130703
vn 0.813332 -0.543421 -0.207808
vn 0.785866 -0.544477 -0.293187
vn 0.770942 -0.627334 -0.110006
vn 0.843620 -0.479512 -0.241606
vn 0.791035 -0.053502 -0.609427
vn 0.877939 -0.461121 -0.128806
vn 0.829994 -0.441397 -0.340997
vn 0.823888 -0.520092 -0.225197
vn 0.800193 -0.577195 -0.162899
vn 0.707917 -0.700716 -0.088602
vn 0.669289 -0.741188 -0.051899
vn 0.654778 -0.754875 -0.037799
vn 0.561906 -0.826009 -0.044400
vn 0.447113 -0.893627 -0.039001
vn 0.536574 -0.842658 -0.044898
vn 0.816177 -0.574884 -0.057998
vn 0.765531 -0.643226 -0.014901
vn 0.687303 -0.722703 0.072900
vn 0.592597 -0.804296 0.044000
vn 0.637682 -0.764079 0.097697
vn 0.565806 -0.821909 0.065801
vn 0.728361 -0.669065 0.147792
vn 0.789402 -0.608901 0.078000
vn 0.892467 -0.450683 -0.019699
vn 0.980462 -0.183293 -0.071397
vn 0.978113 -0.193103 -0.077501
vn 0.995227 -0.068502 -0.069502
vn 0.989473 -0.142896 -0.022899
vn 0.997077 -0.075498 -0.011700
vn 0.985753 -0.168009 0.008000
vn 0.997191 -0.073499 0.014400
vn 0.922310 0.362104 -0.135001
vn 0.807037 0.546525 -0.223610
vn 0.962581 0.258795 -0.080398
vn 0.974929 0.145904 -0.168005
vn 0.993104 -0.102500 -0.056900
vn 0.712224 0.673623 -0.197407
vn 0.523533 0.791549 -0.315220
vn 0.984276 0.112597 -0.136097
vn 0.279299 0.840598 -0.464099
vn 0.967186 -0.200697 -0.155798
vn 0.815128 -0.553619 -0.170506
vn 0.508786 0.794178 -0.332291
vn 0.319504 0.875711 -0.362005
vn 0.410483 0.895463 -0.172193
vn 0.479704 0.851608 -0.211302
vn 0.523503 0.848804 -0.074000
vn 0.717424 0.694723 -0.051602
vn 0.708186 0.704386 0.048099
vn 0.604491 0.791489 0.090199
vn 0.643187 0.760785 0.086698
vn 0.815676 0.525785 0.241293
vn 0.958759 0.283188 -0.024199
vn 0.821019 0.568913 -0.047601
vn 0.960674 0.277193 -0.016400
vn 0.999651 0.006900 0.025499
vn 0.966858 -0.248189 -0.059897
vn 0.982929 -0.173505 -0.061202
vn 0.835568 -0.541579 -0.092296
vn 0.939396 -0.324299 -0.111200
vn 0.836473 -0.540783 -0.088697
vn 0.838046 -0.524629 -0.149808
vn 0.663488 -0.746587 -0.048899
vn 0.598676 -0.798168 -0.067197
vn 0.483201 -0.874502 -0.042000
vn 0.603210 -0.796214 -0.046701
vn 0.444793 -0.894686 -0.041199
vn 0.393315 -0.919036 -0.026001
vn 0.443112 -0.870424 -0.214506
vn 0.341593 -0.916882 -0.206496
vn 0.236105 -0.839717 -0.489010
vn 0.218202 -0.863710 -0.454305
vn 0.023801 -0.681722 -0.731224
vn 0.404605 -0.751909 -0.520507
vn 0.358717 -0.807637 -0.468022
vn 0.562013 -0.659416 -0.499312
vn 0.827863 -0.511477 -0.230290
vn -0.797166 -0.588475 -0.134994
vn -0.638086 -0.736784 -0.223595
vn -0.862805 -0.499103 -0.080400
vn -0.903959 -0.393282 -0.167892
vn -0.985783 -0.158097 -0.056899
vn -0.513606 -0.835010 -0.197402
vn -0.300798 -0.900095 -0.315198
vn -0.921599 -0.363500 -0.136100
vn -0.052302 -0.884229 -0.464115
vn -0.986178 -0.056399 -0.155797
vn -0.930631 0.323811 -0.170506
vn -0.285899 -0.898798 -0.332299
vn -0.081898 -0.928577 -0.361991
vn -0.164797 -0.971180 -0.172196
vn -0.243008 -0.946730 -0.211307
vn -0.285991 -0.955371 -0.073998
vn -0.513207 -0.856712 -0.051601
vn -0.501776 -0.863659 0.048098
vn -0.379082 -0.920957 0.090196
vn -0.424406 -0.901312 0.086701
vn -0.651806 -0.719007 0.241202
vn -0.852790 -0.521694 -0.024200
vn -0.645811 -0.762012 -0.047601
vn -0.856193 -0.516396 -0.016400
vn -0.963801 -0.265400 0.025500
vn -0.998149 -0.010501 -0.059903
vn -0.994344 -0.086804 -0.061203
vn -0.947289 0.306796 -0.092299
vn -0.991322 0.070102 -0.111203
vn -0.947920 0.305907 -0.088702
vn -0.945278 0.289793 -0.149897
vn -0.834119 0.549413 -0.048901
vn -0.784884 0.615988 -0.067199
vn -0.693108 0.719609 -0.042001
vn -0.788701 0.613001 -0.046700
vn -0.661189 0.749087 -0.041199
vn -0.617803 0.785903 -0.026000
vn -0.653275 0.726073 -0.214592
vn -0.567300 0.797200 -0.206500
vn -0.445400 0.749999 -0.488999
vn -0.434305 0.777809 -0.454305
vn -0.199505 0.652317 -0.731219
vn -0.585400 0.621600 -0.520500
vn -0.555478 0.687273 -0.468081
vn -0.713516 0.491511 -0.499311
vn -0.932023 0.279807 -0.230306
vn 0.757819 -0.437211 -0.484312
vn 0.630987 -0.610187 -0.479090
vn 0.287413 -0.658929 -0.695131
vn 0.266700 -0.610699 -0.745599
vn 0.756586 -0.497291 -0.424592
vn -0.093504 -0.331712 -0.938735
vn -0.449116 -0.317311 -0.835230
vn -0.722101 -0.028500 -0.691201
vn -0.337409 -0.015800 -0.941226
vn -0.506796 -0.319198 -0.800794
vn 0.286189 -0.267190 -0.920166
vn 0.109398 -0.069299 -0.991580
vn 0.022500 -0.741109 -0.671008
vn -0.489914 -0.071602 -0.868825
vn -0.623109 0.091101 -0.776811
vn -0.646505 0.415703 -0.639705
vn 0.346890 -0.076598 -0.934773
vn -0.599477 0.460182 -0.654874
vn -0.628108 0.539006 -0.561207
vn -0.503193 0.656391 -0.562092
vn 0.613182 0.042899 -0.788776
vn 0.584030 0.174109 -0.792840
vn 0.812235 -0.133606 -0.567824
vn 0.806985 0.173897 -0.564389
vn 0.883461 0.229790 -0.408282
vn 0.912523 0.219706 -0.345009
vn 0.901621 -0.010100 -0.432410
vn 0.849112 -0.341105 -0.403306
vn 0.956405 -0.069300 -0.283702
vn 0.927314 -0.232004 -0.293705
vn 0.903180 -0.232895 -0.360592
vn 0.853433 -0.100504 -0.511420
vn 0.907371 -0.050498 -0.417287
vn 0.840468 -0.262590 -0.473982
vn 0.903467 0.095497 -0.417885
vn 0.813311 -0.005000 -0.581808
vn 0.241603 0.017800 -0.970212
vn 0.950882 0.149797 -0.270895
vn 0.915197 0.257999 -0.309599
vn 0.882228 0.370512 -0.290509
vn 0.900899 0.397799 -0.173600
vn 0.868638 0.467021 -0.165407
vn 0.881127 0.455114 -0.128404
vn 0.905020 0.407409 -0.122303
vn 0.904172 0.350489 -0.244192
vn 0.883880 0.300993 -0.357992
vn 0.664017 0.466912 -0.584015
vn 0.645089 0.457392 -0.612089
vn 0.824989 0.313696 -0.470094
vn 0.792307 0.362303 -0.490904
vn 0.863637 0.305213 -0.401217
vn 0.298902 0.475803 -0.827206
vn 0.411784 0.660174 -0.628175
vn 0.500783 0.305489 -0.809872
vn 0.880029 0.050602 -0.472216
vn 0.689455 0.100993 -0.717253
vn 0.822136 -0.054002 -0.566725
vn -0.108999 0.284397 -0.952490
vn 0.161401 0.470702 -0.867404
vn 0.298902 0.475803 -0.827206
vn 0.760304 -0.040500 -0.648304
vn 0.117501 0.168901 -0.978604
vn 0.803764 -0.245189 -0.542076
vn 0.862150 -0.445926 -0.240514
vn 0.385400 -0.079700 -0.919301
vn 0.827320 -0.498612 -0.258706
vn 0.723616 -0.657415 -0.210205
vn 0.609713 -0.483710 -0.627913
vn 0.735284 -0.611587 -0.292094
vn 0.623792 -0.695091 -0.357395
vn 0.542804 -0.754405 -0.369103
vn 0.393602 -0.526602 -0.753504
vn 0.355007 -0.610712 -0.707814
vn -0.056399 -0.076399 -0.995481
vn -0.104203 -0.007500 -0.994528
vn -0.315709 0.109403 -0.942528
vn 0.090696 -0.070897 -0.993352
vn 0.096302 -0.158703 -0.982619
vn -0.026901 -0.273710 -0.961436
vn -0.375196 -0.021800 -0.926689
vn -0.089398 -0.379693 -0.920783
vn 0.267193 -0.759980 -0.592485
vn -0.424917 0.255810 -0.868335
vn 0.490004 -0.737905 -0.464103
vn -0.375808 0.485211 -0.789518
vn -0.103705 0.405618 -0.908141
vn 0.080899 -0.265198 -0.960794
vn 0.312091 -0.287291 -0.905573
vn 0.401189 -0.556485 -0.727580
vn 0.488495 -0.764892 -0.419896
vn -0.858782 0.285394 -0.425491
vn -0.924930 0.110204 -0.363812
vn -0.958657 -0.016499 -0.284087
vn -0.845168 0.226191 -0.484282
vn -0.819135 -0.081203 -0.567824
vn -0.958075 -0.161896 -0.236394
vn -0.874824 -0.218606 -0.432312
vn -0.734494 -0.376797 -0.564396
vn -0.824578 -0.448388 -0.344991
vn -0.793890 -0.450594 -0.408295
vn -0.519024 -0.319415 -0.792836
vn -0.581189 -0.200096 -0.788785
vn -0.123598 0.038599 -0.991581
vn -0.354890 -0.015800 -0.934774
vn -0.345589 0.183994 -0.920171
vn 0.321813 0.102504 -0.941238
vn 0.004500 0.344613 -0.938734
vn 0.690113 0.214404 -0.691213
vn 0.351713 0.422715 -0.835230
vn 0.406898 0.439498 -0.800797
vn -0.448199 0.562099 -0.695099
vn -0.767400 0.426100 -0.479100
vn -0.213604 0.710012 -0.671011
vn -0.415709 0.520811 -0.745615
vn 0.454585 0.195994 -0.868872
vn 0.625487 0.073298 -0.776784
vn 0.732023 -0.234307 -0.639720
vn 0.698175 -0.289290 -0.654877
vn 0.746202 -0.358101 -0.561201
vn 0.655998 -0.503698 -0.562098
vn 0.488605 -0.371404 -0.789509
vn 0.205114 -0.364925 -0.908162
vn 0.476627 -0.137108 -0.868348
vn -0.375787 0.196793 -0.905570
vn -0.531503 0.433702 -0.727604
vn -0.669806 0.612406 -0.419904
vn -0.664313 0.585911 -0.464109
vn -0.146800 0.235199 -0.960797
vn -0.011900 0.389893 -0.920783
vn -0.454802 0.664903 -0.592503
vn 0.333305 -0.024000 -0.942514
vn 0.356791 0.118197 -0.926677
vn -0.044801 0.271406 -0.961422
vn -0.134102 0.128402 -0.982614
vn -0.228705 -0.079802 -0.970220
vn -0.105896 0.044998 -0.993359
vn 0.098703 0.034301 -0.994526
vn 0.034699 0.088398 -0.995481
vn -0.516495 0.406796 -0.753492
vn -0.500893 0.497993 -0.707890
vn -0.714105 0.309502 -0.627904
vn -0.719586 0.588189 -0.369093
vn -0.782406 0.510004 -0.357403
vn -0.869120 0.447710 -0.210205
vn -0.868528 0.400413 -0.292110
vn -0.928183 0.267495 -0.258695
vn -0.948190 0.207598 -0.240497
vn -0.839889 0.028800 -0.541993
vn -0.808068 -0.160594 -0.566777
vn -0.392899 -0.022800 -0.919299
vn -0.744886 -0.157697 -0.648288
vn -0.069801 -0.193503 -0.978614
vn -0.639892 -0.275997 -0.717191
vn -0.778622 -0.213606 -0.590017
vn -0.404682 -0.424681 -0.809864
vn 0.178898 -0.246497 -0.952489
vn -0.034099 -0.496486 -0.867375
vn -0.165596 -0.536986 -0.827178
vn -0.836979 -0.276593 -0.472188
vn -0.715703 -0.516502 -0.470102
vn -0.165596 -0.536986 -0.827178
vn -0.887516 -0.181303 -0.423608
vn -0.671582 -0.554985 -0.490887
vn -0.226794 -0.744279 -0.628182
vn -0.504724 -0.608729 -0.612129
vn -0.755229 -0.518320 -0.401215
vn -0.775875 -0.519483 -0.357988
vn -0.520578 -0.622874 -0.583975
vn -0.782696 -0.572497 -0.244199
vn -0.879707 -0.390803 -0.270902
vn -0.767232 -0.617426 -0.173607
vn -0.768793 -0.627694 -0.122299
vn -0.733335 -0.667632 -0.128406
vn -0.718100 -0.676000 -0.165400
vn -0.756296 -0.586197 -0.290498
vn -0.817289 -0.485993 -0.309596
vn -0.847991 -0.325997 -0.417896
vn -0.933159 -0.032599 -0.357984
vn -0.926770 0.089597 -0.364788
vn 0.868240 -0.490022 -0.077704
vn 0.972375 -0.229394 -0.043199
vn 0.832930 -0.512918 -0.207707
vn 0.896944 -0.425121 -0.121506
vn 0.999027 -0.020401 -0.039101
vn 0.706469 -0.702670 -0.084596
vn 0.577309 -0.800212 -0.162403
vn 0.999987 -0.001700 -0.004800
vn 0.994069 0.108497 0.007400
vn 0.991711 0.074201 -0.104901
vn 0.986871 -0.107097 -0.120896
vn 0.956684 0.047699 -0.287195
vn 0.966489 -0.043499 -0.252997
vn 0.926615 -0.002000 -0.376006
vn 0.898908 -0.164202 -0.406204
vn 0.882037 -0.129205 -0.453119
vn 0.868596 -0.282799 -0.406898
vn 0.703586 -0.458991 -0.542489
vn 0.667209 -0.578108 -0.469706
vn 0.486282 -0.833570 -0.262090
vn 0.396699 -0.678299 -0.618499
vn 0.263908 -0.541915 -0.797923
vn 0.497520 -0.861135 -0.104504
vn 0.224297 -0.963386 -0.146898
vn 0.154506 -0.957335 -0.244209
vn 0.075198 -0.914477 -0.397590
vn -0.145507 -0.962345 0.229611
vn -0.101097 -0.966871 -0.234393
vn -0.123802 -0.941715 -0.312805
vn 0.034899 -0.543679 -0.838567
vn -0.047200 -0.081000 -0.995596
vn -0.115700 -0.762800 -0.636200
vn -0.148105 -0.737127 -0.659324
vn -0.062001 -0.298105 -0.952517
vn -0.075698 -0.442086 -0.893773
vn -0.965486 0.248596 -0.077699
vn -0.998613 -0.030100 -0.043201
vn -0.937293 0.279898 -0.207698
vn -0.976409 0.178502 -0.121501
vn -0.970282 -0.238796 -0.039099
vn -0.864262 0.495878 -0.084596
vn -0.764783 0.623486 -0.162396
vn -0.966375 -0.257093 -0.004800
vn -0.932142 -0.362016 0.007400
vn -0.938727 -0.328309 -0.104903
vn -0.980960 -0.151994 -0.120895
vn -0.911727 -0.293709 -0.287209
vn -0.944818 -0.208104 -0.253005
vn -0.895568 -0.237891 -0.375986
vn -0.910786 -0.073999 -0.406194
vn -0.885424 -0.103503 -0.453112
vn -0.912191 0.048400 -0.406896
vn -0.798410 0.261203 -0.542507
vn -0.794109 0.385704 -0.469705
vn -0.685481 0.679281 -0.262093
vn -0.558784 0.552485 -0.618483
vn -0.395193 0.455192 -0.797886
vn -0.703493 0.702993 -0.104399
vn -0.466002 0.872504 -0.146901
vn -0.397013 0.884728 -0.244208
vn -0.309288 0.863867 -0.397585
vn -0.108502 0.967217 0.229604
vn -0.152595 0.960067 -0.234492
vn -0.124097 0.941680 -0.312793
vn -0.174398 0.516094 -0.838590
vn 0.024600 0.090499 -0.995593
vn -0.085703 0.766729 -0.636224
vn -0.047699 0.750381 -0.659283
vn -0.017301 0.303914 -0.952543
vn -0.041199 0.446594 -0.893788
vn 0.931183 -0.344894 -0.118098
vn 0.939797 -0.198599 -0.278099
vn 0.715708 -0.642107 -0.274703
vn 0.803808 -0.581306 -0.126401
vn 0.876491 -0.440995 -0.193098
vn 0.602421 -0.789227 -0.119204
vn 0.981705 -0.088100 -0.168801
vn 0.963728 0.172905 -0.203306
vn 0.611417 -0.781722 -0.122803
vn 0.440615 -0.891029 -0.109204
vn 0.465912 -0.868522 -0.169104
vn 0.362213 -0.918032 -0.161306
vn 0.376587 -0.885368 -0.272590
vn 0.373591 -0.785681 -0.493088
vn 0.299299 -0.704598 -0.643398
vn 0.512422 -0.457319 -0.726831
vn 0.333118 -0.298616 -0.894349
vn 0.818081 -0.094498 -0.567287
vn 0.643375 0.070797 -0.762271
vn 0.907800 0.331900 -0.256400
vn 0.762800 0.407100 -0.502400
vn 0.533396 0.521096 -0.666295
vn 0.420404 0.599006 -0.681507
vn 0.201698 0.678892 -0.705991
vn 0.488804 0.681206 -0.545004
vn 0.348494 0.769287 -0.535491
vn 0.963009 0.239502 -0.123501
vn 0.826124 0.548616 -0.128604
vn 0.740505 0.657604 -0.138601
vn 0.505085 0.800877 -0.321691
vn 0.456481 0.812367 -0.362885
vn 0.546700 0.821900 -0.160000
vn 0.679188 0.710888 -0.182597
vn 0.645497 0.761496 -0.058800
vn 0.564292 0.824288 -0.046099
vn -0.988721 0.092102 -0.118103
vn -0.959178 -0.051399 -0.278094
vn -0.857504 0.435002 -0.274701
vn -0.926894 0.353398 -0.126399
vn -0.960769 0.199094 -0.193094
vn -0.786184 0.606388 -0.119198
vn -0.971073 -0.168895 -0.168795
vn -0.886111 -0.416505 -0.203302
vn -0.792924 0.596818 -0.122804
vn -0.656222 0.746624 -0.109204
vn -0.674784 0.718383 -0.169096
vn -0.587428 0.793038 -0.161308
vn -0.592915 0.757719 -0.272607
vn -0.564206 0.662207 -0.493105
vn -0.471499 0.603098 -0.643398
vn -0.613325 0.309113 -0.726830
vn -0.399112 0.202206 -0.894328
vn -0.814665 -0.120495 -0.567276
vn -0.603097 -0.234899 -0.762297
vn -0.790955 -0.555569 -0.256385
vn -0.631461 -0.590663 -0.502369
vn -0.380304 -0.641407 -0.666307
vn -0.251098 -0.687396 -0.681496
vn -0.019099 -0.707977 -0.705977
vn -0.295897 -0.784491 -0.544994
vn -0.137602 -0.833310 -0.535406
vn -0.868200 -0.480600 -0.123500
vn -0.655963 -0.743758 -0.128593
vn -0.545116 -0.826824 -0.138604
vn -0.280602 -0.904306 -0.321702
vn -0.230704 -0.902815 -0.362906
vn -0.315392 -0.935376 -0.159996
vn -0.472102 -0.862404 -0.182701
vn -0.426408 -0.902618 -0.058801
vn -0.331807 -0.942220 -0.046101
vn -0.305502 0.831207 -0.464504
vn 0.102999 0.923387 -0.369795
vn -0.213504 0.936818 -0.277105
vn -0.077796 0.966552 -0.244388
vn -0.226801 0.941705 -0.248501
vn 0.035600 0.808802 -0.587002
vn -0.386505 0.910513 -0.146902
vn -0.385396 0.913591 -0.129699
vn -0.530928 0.836545 -0.135307
vn -0.505804 0.828706 -0.239602
vn -0.685237 0.721339 -0.100605
vn -0.630068 0.767461 -0.118394
vn -0.746501 0.661301 -0.073600
vn -0.781998 0.620099 -0.062900
vn -0.739210 0.490207 -0.461807
vn -0.787826 0.271109 -0.553019
vn -0.641135 0.514928 -0.569031
vn -0.517415 -0.004000 -0.855725
vn -0.412206 -0.050101 -0.909712
vn -0.483106 0.838211 -0.253003
vn -0.424809 0.123503 -0.896819
vn -0.639165 0.632866 -0.436976
vn -0.272702 0.063400 -0.960007
vn -0.246698 0.074900 -0.966194
vn -0.248504 0.088101 -0.964616
vn -0.243507 0.080802 -0.966528
vn -0.540018 0.789226 -0.292410
vn -0.373605 0.849812 -0.371805
vn -0.200302 0.806407 -0.556405
vn -0.152308 0.651233 -0.743437
vn -0.139096 0.857175 -0.495886
vn -0.264193 0.951374 -0.158396
vn -0.434406 0.883711 -0.174202
vn -0.516393 0.839288 -0.170098
vn -0.471694 0.876288 -0.098099
vn 0.347711 0.874128 -0.339111
vn 0.445885 0.839772 -0.309790
vn 0.631899 0.710399 -0.309899
vn 0.680816 0.548513 -0.485411
vn 0.755635 0.340016 -0.559826
vn 0.802042 0.449824 -0.392921
vn 0.738316 0.647314 -0.189404
vn 0.467194 0.812190 -0.349396
vn 0.188904 0.758318 -0.623915
vn -0.087903 0.466715 -0.880029
vn -0.069700 0.428399 -0.900898
vn 0.004200 0.547010 -0.837116
vn 0.115595 0.879062 -0.462480
vn 0.014501 0.945736 -0.324612
vn 0.127797 0.958380 -0.255295
vn 0.510213 -0.723818 -0.464511
vn 0.139497 -0.918582 -0.369793
vn 0.459690 -0.841582 -0.283594
vn 0.322796 -0.914290 -0.244697
vn 0.494817 -0.839629 -0.224008
vn 0.699867 -0.672068 -0.241889
vn 0.463880 -0.850363 -0.248389
vn 0.607219 -0.781724 -0.142104
vn 0.608713 -0.782717 -0.129703
vn 0.729341 -0.670637 -0.135308
vn 0.174993 -0.790467 -0.586975
vn 0.137506 -0.529425 -0.837139
vn 0.230813 -0.917251 -0.324618
vn 0.115802 -0.879019 -0.462510
vn 0.124600 -0.958800 -0.255300
vn 0.178204 -0.395709 -0.900921
vn 0.205702 -0.428104 -0.880008
vn 0.013800 -0.781389 -0.623891
vn -0.241011 -0.905441 -0.349416
vn -0.109605 -0.934339 -0.339114
vn -0.426479 -0.849757 -0.309884
vn -0.545628 -0.816342 -0.189410
vn -0.213294 -0.926572 -0.309791
vn -0.658293 -0.642093 -0.392896
vn -0.515701 -0.706002 -0.485401
vn -0.641904 -0.524003 -0.559803
vn 0.402196 -0.727093 -0.556394
vn 0.315710 -0.589618 -0.743423
vn 0.356189 -0.791977 -0.495885
vn 0.580791 -0.724189 -0.371795
vn 0.501397 -0.850595 -0.158399
vn 0.648295 -0.741194 -0.174199
vn 0.682433 -0.724335 -0.098105
vn 0.716029 -0.677027 -0.170107
vn 0.725878 -0.622582 -0.292391
vn 0.683555 -0.684655 -0.252983
vn 0.752602 -0.331401 -0.569002
vn 0.781173 -0.445885 -0.436985
vn 0.442307 -0.009400 -0.896814
vn 0.840896 -0.282199 -0.461798
vn 0.498729 0.137708 -0.855749
vn 0.279108 0.008000 -0.960226
vn 0.267399 -0.023600 -0.963297
vn 0.257900 -0.011700 -0.966101
vn 0.253104 -0.006900 -0.967415
vn 0.385208 0.155003 -0.909719
vn 0.831177 -0.057898 -0.552985
vn 0.915881 -0.396492 -0.062899
vn 0.848592 -0.519395 -0.100599
vn 0.892201 -0.445601 -0.073600
vn 0.807191 -0.578294 -0.118399
vn 0.759221 -0.539315 -0.364310
vn 0.834742 -0.484525 -0.261613
vn 0.592916 -0.602816 -0.533914
vn 0.799500 -0.214400 -0.561100
vn 0.511990 -0.706986 -0.487890
vn 0.583469 -0.593869 -0.553971
vn 0.135697 -0.671487 -0.728486
vn 0.645703 -0.040700 -0.762503
vn -0.053700 -0.565499 -0.822999
vn -0.499299 0.379499 -0.778898
vn -0.044600 0.089301 -0.995006
vn 0.107704 -0.564421 -0.818431
vn 0.081204 0.131806 -0.987944
vn 0.711724 0.112304 -0.693424
vn 0.556113 0.193704 -0.808219
vn 0.277908 0.243907 -0.929127
vn 0.568285 -0.137396 -0.811279
vn 0.847669 -0.208392 -0.487882
vn 0.551929 -0.209511 -0.807143
vn 0.560393 -0.264397 -0.784891
vn 0.909878 -0.330492 -0.250794
vn 0.931389 -0.271497 -0.242497
vn 0.813727 -0.300210 -0.497717
vn 0.989154 -0.024699 -0.144793
vn 0.879140 0.006400 -0.476521
vn 0.985721 0.128603 -0.108702
vn 0.998986 0.044499 -0.006900
vn 0.992040 0.075203 -0.101004
vn 0.980804 0.178101 -0.079400
vn 0.986095 0.157299 -0.053600
vn 0.993118 0.112102 -0.033901
vn 0.844662 0.483279 -0.230190
vn 0.827669 0.345087 -0.442583
vn 0.397502 0.502003 -0.768105
vn 0.313388 0.649075 -0.693173
vn 0.491694 0.678891 -0.545293
vn 0.125594 0.728563 -0.673366
vn 0.071402 0.621416 -0.780220
vn 0.572595 0.663694 -0.481296
vn 0.199105 0.714116 -0.671115
vn 0.101405 0.631834 -0.768442
vn 0.383287 0.355988 -0.852270
vn 0.530191 0.256696 -0.808087
vn 0.569185 0.110297 -0.814778
vn 0.679904 -0.190201 -0.708205
vn 0.678697 -0.263299 -0.685597
vn 0.652506 -0.419904 -0.630806
vn 0.631095 -0.537396 -0.559396
vn 0.623534 -0.509428 -0.593033
vn -0.593807 0.717409 -0.364304
vn -0.680929 0.684029 -0.261611
vn -0.416681 0.735767 -0.533876
vn -0.716789 0.413993 -0.561091
vn -0.311597 0.815393 -0.487896
vn -0.409927 0.724648 -0.553936
vn 0.042700 0.683706 -0.728507
vn -0.613193 0.206398 -0.762492
vn 0.198204 0.532312 -0.823018
vn 0.384093 -0.495791 -0.778886
vn 0.019900 -0.097801 -0.995007
vn 0.042000 0.573104 -0.818406
vn -0.112604 -0.106304 -0.987937
vn -0.716577 0.075798 -0.693378
vn -0.587307 -0.043201 -0.808210
vn -0.331519 -0.163609 -0.929154
vn -0.513381 0.279789 -0.811269
vn -0.764891 0.420595 -0.487894
vn -0.478920 0.345214 -0.807133
vn -0.472895 0.400395 -0.784891
vn -0.793289 0.554792 -0.250796
vn -0.829391 0.503295 -0.242497
vn -0.708302 0.500601 -0.497701
vn -0.949052 0.279886 -0.144793
vn -0.850848 0.221313 -0.476527
vn -0.985418 0.130902 -0.108702
vn -0.976459 0.215591 -0.006900
vn -0.977704 0.184101 -0.101000
vn -0.993473 0.081898 -0.079398
vn -0.993205 0.103301 -0.053600
vn -0.988301 0.148700 -0.033900
vn -0.940964 -0.248191 -0.230191
vn -0.888780 -0.119097 -0.442590
vn -0.513901 -0.382001 -0.768102
vn -0.470704 -0.545805 -0.693206
vn -0.650618 -0.528515 -0.545315
vn -0.309898 -0.671195 -0.673395
vn -0.229799 -0.581797 -0.780196
vn -0.724907 -0.492805 -0.481304
vn -0.377209 -0.638215 -0.671115
vn -0.261501 -0.584102 -0.768402
vn -0.462308 -0.244604 -0.852315
vn -0.578517 -0.110703 -0.808123
vn -0.578304 0.040700 -0.814806
vn -0.607504 0.359702 -0.708204
vn -0.587404 0.430003 -0.685605
vn -0.521593 0.574493 -0.630792
vn -0.470507 0.682411 -0.559409
vn -0.470484 0.653377 -0.593079
vn -0.687822 0.725823 0.009100
vn -0.611624 0.790831 -0.022401
vn -0.681735 0.730637 -0.037502
vn -0.708800 0.705200 -0.017200
vn -0.620291 0.774889 -0.121598
vn -0.529723 0.837836 -0.132006
vn -0.661587 0.680686 -0.314594
vn -0.537695 0.810593 -0.231998
vn -0.483222 0.847038 -0.221410
vn -0.506608 0.823012 -0.256904
vn -0.633883 0.730081 -0.255293
vn -0.569028 0.806739 -0.159308
vn -0.437893 0.505592 -0.743388
vn -0.719195 0.564996 -0.404397
vn -0.786210 0.472806 -0.397905
vn -0.604802 0.376601 -0.701702
vn -0.743867 0.285087 -0.604473
vn 0.368505 0.259704 -0.892613
vn -0.205202 0.326904 -0.922511
vn -0.005300 0.284306 -0.958719
vn -0.274408 0.278409 -0.920429
vn -0.313088 0.242791 -0.918166
vn -0.453703 0.066000 -0.888706
vn -0.454188 0.147696 -0.878578
vn -0.470511 0.140603 -0.871120
vn -0.489188 -0.061899 -0.869979
vn -0.489989 0.158596 -0.857180
vn 0.250901 -0.203400 -0.946402
vn 0.220007 -0.297809 -0.928928
vn 0.847197 -0.137799 -0.513098
vn 0.382599 -0.030900 -0.923398
vn 0.599407 0.071901 -0.797209
vn 0.520414 0.259207 -0.813622
vn -0.586941 0.491535 -0.643345
vn -0.097004 0.414118 -0.905039
vn 0.009100 0.396086 -0.918168
vn 0.034399 0.258593 -0.965374
vn 0.216400 0.229700 -0.948899
vn -0.014500 -0.066499 -0.997681
vn 0.006200 -0.327987 -0.944662
vn 0.027999 -0.237991 -0.970864
vn 0.042099 -0.344393 -0.937881
vn 0.476511 -0.879121 0.009100
vn 0.386095 -0.922187 -0.022400
vn 0.469395 -0.882191 -0.037500
vn 0.502073 -0.864654 -0.017199
vn 0.398610 -0.909023 -0.121603
vn 0.294799 -0.946398 -0.132000
vn 0.462823 -0.828741 -0.314616
vn 0.309609 -0.922126 -0.232006
vn 0.247606 -0.943224 -0.221406
vn 0.276300 -0.926100 -0.256900
vn 0.423291 -0.869281 -0.255294
vn 0.340901 -0.926504 -0.159301
vn 0.292099 -0.601697 -0.743397
vn 0.548411 -0.731915 -0.404408
vn 0.637115 -0.660116 -0.397909
vn 0.486783 -0.520282 -0.701676
vn 0.644704 -0.467903 -0.604503
vn -0.423204 -0.155401 -0.892608
vn 0.113604 -0.368814 -0.922535
vn -0.068401 -0.276005 -0.958719
vn 0.193001 -0.340003 -0.920407
vn 0.239595 -0.315494 -0.918182
vn 0.421194 -0.181197 -0.888686
vn 0.400492 -0.260195 -0.878581
vn 0.418022 -0.257613 -0.871145
vn 0.488578 -0.066797 -0.869960
vn 0.432284 -0.279989 -0.857168
vn -0.189701 0.261401 -0.946405
vn -0.135404 0.344611 -0.928929
vn -0.782698 0.352299 -0.513098
vn -0.361593 0.128898 -0.923383
vn -0.597601 0.085700 -0.797201
vn -0.569799 -0.115700 -0.813599
vn 0.439717 -0.626724 -0.643325
vn -0.013500 -0.425200 -0.904999
vn -0.111298 -0.380194 -0.918186
vn -0.100196 -0.240892 -0.965366
vn -0.268496 -0.165898 -0.948888
vn 0.031199 0.060499 -0.997681
vn 0.078903 0.318510 -0.944630
vn 0.034599 0.237093 -0.970871
vn 0.048500 0.343500 -0.937900
vn 0.025701 0.997044 -0.072403
vn -0.068999 0.992880 -0.097098
vn 0.042902 0.986441 -0.158407
vn 0.111300 0.992297 -0.054400
vn -0.085398 0.990671 -0.106197
vn -0.095403 0.958232 -0.269609
vn 0.067800 0.833596 -0.548198
vn -0.145501 0.841308 -0.520605
vn -0.357304 0.928511 -0.101001
vn -0.190004 0.971822 -0.139503
vn -0.258510 0.959839 -0.109004
vn -0.217492 0.959266 -0.180294
vn -0.320810 0.922230 -0.215807
vn -0.418610 0.902122 -0.104603
vn -0.489430 0.870653 -0.049203
vn -0.583992 0.809988 -0.053599
vn -0.447818 0.892235 -0.058102
vn -0.387816 0.921239 -0.030301
vn -0.383883 0.919160 -0.088196
vn -0.407591 0.906780 -0.107798
vn -0.558915 0.829223 -0.001800
vn -0.575601 0.817701 0.007000
vn -0.636025 0.768131 0.073803
vn -0.707698 0.705598 -0.036000
vn -0.655112 0.755514 0.005200
vn -0.686800 0.725899 0.037100
vn -0.631115 0.770918 0.085902
vn -0.690084 0.719383 0.079198
vn -0.673787 0.733486 0.089498
vn 0.233207 -0.969728 -0.072402
vn 0.344780 -0.932646 -0.106294
vn 0.213906 -0.963926 -0.158404
vn 0.149299 -0.987295 -0.054400
vn 0.341892 -0.934078 -0.102998
vn 0.498576 -0.856159 -0.135694
vn 0.458378 -0.870258 -0.180391
vn 0.548510 -0.807815 -0.215804
vn 0.339989 -0.899570 -0.274191
vn 0.150304 -0.822721 -0.548214
vn 0.358295 -0.774989 -0.520593
vn 0.583795 -0.805494 -0.101799
vn 0.640918 -0.760421 -0.104803
vn 0.666082 -0.743280 -0.062198
vn 0.613001 -0.789501 -0.030300
vn 0.608692 -0.788489 -0.088199
vn 0.628393 -0.770391 -0.107799
vn 0.742366 -0.669969 -0.005800
vn 0.765789 -0.643091 0.001400
vn 0.772682 -0.632585 -0.052899
vn 0.806846 -0.584261 0.087394
vn 0.817056 -0.569269 0.091395
vn 0.810191 -0.565494 0.154298
vn 0.828485 -0.559990 0.004900
vn 0.851285 -0.523391 0.037099
vn 0.840642 -0.534127 0.089605
vn 0.852799 -0.516199 0.079200
vn 0.360113 0.434915 -0.825329
vn 0.551819 0.768026 -0.325011
vn 0.657408 0.729109 -0.190302
vn 0.745311 0.637409 -0.195503
vn 0.705983 0.681284 -0.193495
vn 0.766919 0.612316 -0.192105
vn 0.561610 0.817014 -0.130702
vn 0.513603 0.856205 -0.055900
vn 0.449209 0.890617 -0.070801
vn 0.454596 0.890693 -0.002800
vn 0.461292 0.887185 -0.010600
vn 0.347585 0.937060 0.033199
vn 0.442627 0.896156 -0.031402
vn 0.290198 0.956192 0.038500
vn 0.257209 0.964133 0.065502
vn 0.260890 0.962762 0.070897
vn 0.306298 0.950595 0.050500
vn 0.337601 0.938102 0.077400
vn 0.418802 0.904304 -0.082700
vn 0.397715 0.893433 -0.208808
vn 0.520104 0.775406 -0.358103
vn 0.493008 0.608110 -0.622210
vn 0.484181 0.658474 -0.576177
vn 0.606700 0.563200 -0.561000
vn 0.515826 0.618831 -0.592429
vn 0.192293 0.328089 -0.924868
vn 0.381285 0.527380 -0.759271
vn 0.140801 0.506102 -0.850903
vn -0.192206 0.061402 -0.979432
vn -0.283397 -0.214998 -0.934592
vn 0.379893 0.271195 -0.884384
vn 0.451602 0.023700 -0.891905
vn 0.903426 0.167405 -0.394711
vn -0.405179 -0.452576 -0.794358
vn 0.487903 0.163201 -0.857506
vn -0.357206 -0.600610 -0.715312
vn -0.812308 -0.413504 -0.411304
vn -0.770494 -0.334397 -0.542695
vn 0.290191 -0.198894 -0.936072
vn 0.874817 0.051501 -0.481709
vn 0.890879 -0.011700 -0.454089
vn 0.952315 0.046801 -0.301505
vn 0.566194 -0.653393 -0.502495
vn 0.655404 -0.750005 -0.089101
vn 0.839662 -0.459779 -0.289087
vn 0.648780 -0.602081 -0.465385
vn 0.677677 -0.425885 -0.599479
vn 0.694367 -0.526675 -0.490376
vn 0.500133 -0.690146 -0.523035
vn 0.331917 -0.781541 -0.528228
vn 0.415193 -0.851485 -0.320294
vn 0.309713 -0.576624 -0.756031
vn 0.185093 -0.362386 -0.913464
vn 0.455113 -0.822423 -0.341310
vn 0.118397 -0.079598 -0.989771
vn 0.047200 0.404999 -0.913098
vn 0.018901 0.314911 -0.948933
vn -0.028800 0.593799 -0.804098
vn -0.060802 0.548216 -0.834124
vn 0.092096 0.080897 -0.992459
vn -0.267000 0.816999 -0.511100
vn 0.021800 -0.458590 -0.888381
vn 0.000200 0.091798 -0.995778
vn 0.117005 -0.605325 -0.787332
vn 0.110497 -0.985972 -0.125096
vn 0.143903 -0.966418 -0.212904
vn 0.284207 -0.947224 -0.148304
vn 0.245089 -0.962656 -0.114995
vn 0.413310 -0.904723 -0.103203
vn 0.419698 -0.894795 -0.152299
vn 0.518378 -0.843264 -0.142094
vn 0.553493 -0.819689 -0.147498
vn 0.634315 -0.765718 -0.106402
vn 0.603912 -0.781415 -0.157103
vn 0.742524 -0.638220 -0.203306
vn 0.701721 -0.680021 -0.212506
vn 0.770493 -0.591994 -0.236398
vn 0.866458 -0.407180 -0.288886
vn 0.843922 -0.267507 -0.465012
vn 0.952930 -0.193506 -0.233407
vn 0.944158 -0.246189 -0.218990
vn 0.988627 -0.007500 -0.150204
vn 0.974763 -0.030199 -0.221192
vn 0.957233 0.211507 -0.197407
vn 0.978119 0.185804 -0.093602
vn 0.994957 0.092496 -0.038798
vn 0.972344 -0.043802 -0.229410
vn 0.888916 -0.097802 -0.447508
vn 0.726188 -0.095798 -0.680789
vn 0.739230 -0.064803 -0.670328
vn 0.805005 -0.217901 -0.551803
vn 0.937080 -0.228795 -0.263694
vn 0.877989 -0.448494 -0.167298
vn 0.905066 -0.291989 -0.309188
vn 0.938729 -0.295009 -0.178206
vn -0.716000 0.484600 -0.502500
vn -0.827199 0.554799 -0.089100
vn -0.930052 0.226788 -0.289085
vn -0.782512 0.413607 -0.465407
vn -0.764840 0.236012 -0.599431
vn -0.807007 0.329003 -0.490404
vn -0.661713 0.537211 -0.523011
vn -0.522877 0.668971 -0.528277
vn -0.621414 0.715016 -0.320307
vn -0.448380 0.476779 -0.756067
vn -0.272500 0.302100 -0.913499
vn -0.652490 0.676590 -0.341295
vn -0.134996 0.046199 -0.989769
vn 0.059200 -0.403402 -0.913106
vn 0.063202 -0.309108 -0.948925
vn 0.181501 -0.566103 -0.804105
vn 0.200605 -0.513812 -0.834119
vn -0.067997 -0.101996 -0.992458
vn 0.469298 -0.720096 -0.511097
vn -0.139694 0.437380 -0.888360
vn 0.023600 -0.088698 -0.995779
vn -0.269708 0.554417 -0.787324
vn -0.361895 0.923787 -0.125098
vn -0.389085 0.896265 -0.212892
vn -0.519691 0.841385 -0.148297
vn -0.485907 0.866412 -0.115002
vn -0.633297 0.766997 -0.103200
vn -0.636985 0.755682 -0.152296
vn -0.718965 0.680367 -0.142093
vn -0.746793 0.648494 -0.147499
vn -0.810923 0.575416 -0.106303
vn -0.785580 0.598485 -0.157096
vn -0.882404 0.424302 -0.203301
vn -0.853823 0.475213 -0.212506
vn -0.897448 0.372420 -0.236413
vn -0.942322 0.169004 -0.288907
vn -0.884405 0.040000 -0.465003
vn -0.970550 -0.059697 -0.233388
vn -0.975702 -0.006600 -0.219001
vn -0.956867 -0.248691 -0.150195
vn -0.949370 -0.223093 -0.221193
vn -0.869901 -0.452001 -0.197400
vn -0.896711 -0.432605 -0.093601
vn -0.937099 -0.346900 -0.038800
vn -0.950537 -0.209408 -0.229409
vn -0.883934 -0.135605 -0.447517
vn -0.726216 -0.095402 -0.680815
vn -0.730775 -0.128696 -0.670377
vn -0.833982 0.002100 -0.551788
vn -0.964393 -0.021500 -0.263598
vn -0.964185 0.205897 -0.167197
vn -0.949795 0.047800 -0.309199
vn -0.983098 0.042000 -0.178200
vn -0.721416 0.595713 -0.353108
vn -0.873517 0.376307 -0.308806
vn -0.796284 0.493890 -0.349293
vn -0.888877 0.369991 -0.270193
vn -0.929526 0.278408 -0.241807
vn -0.820608 0.565105 -0.085201
vn -0.741578 0.595783 -0.308391
vn -0.706511 0.663310 -0.246704
vn -0.692826 0.659024 -0.292711
vn -0.687010 0.497207 -0.529908
vn -0.704478 0.512584 -0.490885
vn -0.718046 0.343122 -0.605539
vn -0.717108 0.289903 -0.633807
vn -0.723696 0.265998 -0.636796
vn -0.721801 0.593401 -0.356201
vn -0.699381 0.690581 -0.184295
vn -0.649581 0.726579 -0.223893
vn -0.725381 0.673982 -0.139896
vn -0.617079 0.783573 -0.072298
vn -0.613769 0.765861 -0.191690
vn -0.669284 0.736382 -0.098998
vn -0.568300 0.822199 -0.032000
vn -0.681402 0.727302 -0.082000
vn -0.554910 0.829216 0.066901
vn -0.623225 0.781432 -0.030901
vn -0.607903 0.780604 -0.145301
vn -0.581410 0.813115 0.028401
vn -0.547601 0.835502 0.045500
vn -0.559008 0.829112 0.009100
vn 0.542681 -0.762073 -0.353188
vn 0.746407 -0.589506 -0.308803
vn 0.641288 -0.683187 -0.349293
vn 0.762789 -0.587492 -0.270196
vn 0.825799 -0.509499 -0.241800
vn 0.646413 -0.758215 -0.085202
vn 0.562109 -0.767412 -0.308405
vn 0.510702 -0.823603 -0.246701
vn 0.498623 -0.815937 -0.292613
vn 0.534898 -0.658098 -0.529898
vn 0.547817 -0.677421 -0.490915
vn 0.604796 -0.517297 -0.605496
vn 0.617659 -0.465669 -0.633758
vn 0.630178 -0.444285 -0.636778
vn 0.543606 -0.760008 -0.356204
vn 0.496788 -0.848079 -0.184295
vn 0.439387 -0.869974 -0.223793
vn 0.526188 -0.838782 -0.139897
vn 0.402124 -0.915354 -0.020601
vn 0.394696 -0.898592 -0.191698
vn 0.336215 -0.941242 -0.032001
vn 0.331201 -0.941701 0.059200
vn 0.448593 -0.888587 -0.095799
vn 0.469901 -0.878902 -0.082000
vn 0.397399 -0.916997 -0.034500
vn 0.385123 -0.911354 -0.145309
vn 0.332911 -0.942831 0.015501
vn 0.233611 -0.965445 0.115505
vn -0.506404 -0.798907 -0.324503
vn -0.638689 -0.687489 -0.345594
vn -0.374796 -0.426095 -0.823390
vn -0.329779 -0.820649 -0.466671
vn -0.555877 -0.473580 -0.683171
vn -0.289891 -0.826775 -0.482085
vn -0.096503 -0.883225 -0.458913
vn 0.036300 -0.900088 -0.434194
vn 0.199494 -0.870674 -0.449587
vn 0.383302 -0.528602 -0.757403
vn 0.611585 -0.538987 -0.579186
vn 0.066199 -0.886385 -0.458192
vn 0.385087 -0.837871 -0.386887
vn 0.771466 -0.429781 -0.469179
vn -0.256692 -0.215894 -0.942072
vn -0.263199 0.215799 -0.940296
vn -0.231797 0.289496 -0.928688
vn -0.060598 0.078498 -0.995071
vn -0.282403 -0.651307 -0.704307
vn -0.391994 -0.762989 -0.513993
vn -0.298510 -0.872728 -0.386313
vn -0.760179 -0.618683 -0.198394
vn -0.756919 -0.631116 -0.169604
vn -0.854791 -0.486795 -0.179898
vn -0.859909 -0.482805 -0.165702
vn -0.916308 -0.371403 -0.149801
vn -0.713959 -0.307883 -0.628864
vn -0.935392 -0.325997 -0.136999
vn -0.966386 -0.237397 -0.098699
vn -0.974767 -0.180894 -0.130796
vn -0.979264 -0.187993 -0.075497
vn -0.468484 0.410386 -0.782373
vn 0.229206 0.648017 -0.726319
vn 0.418814 0.546218 -0.725424
vn -0.562974 -0.299586 -0.770265
vn 0.058197 0.335184 -0.940354
vn -0.463012 -0.492213 -0.737120
vn -0.314998 -0.307798 -0.897795
vn -0.263885 0.004300 -0.964545
vn -0.154498 0.133098 -0.978987
vn 0.288188 0.363585 -0.885863
vn 0.676270 0.471879 -0.565675
vn 0.670415 0.501211 -0.547112
vn 0.737627 0.460917 -0.493418
vn 0.698388 0.606889 -0.379393
vn 0.671618 0.510014 -0.537415
vn 0.622272 0.456279 -0.636071
vn 0.282412 0.902737 -0.324513
vn 0.438986 0.829373 -0.345589
vn 0.251698 0.508596 -0.823394
vn 0.106098 0.878086 -0.466592
vn 0.414389 0.601285 -0.683182
vn 0.066002 0.873620 -0.482111
vn -0.135401 0.878108 -0.458904
vn -0.268006 0.860020 -0.434210
vn -0.417997 0.789393 -0.449596
vn -0.507086 0.411389 -0.757379
vn -0.730227 0.362313 -0.579221
vn -0.293407 0.839020 -0.458211
vn -0.588785 0.709682 -0.386890
vn -0.856396 0.215499 -0.469198
vn 0.192098 0.274897 -0.942088
vn 0.310098 -0.140299 -0.940295
vn 0.298802 -0.219601 -0.928705
vn 0.078898 -0.060098 -0.995070
vn 0.104201 0.702207 -0.704307
vn 0.181190 0.838453 -0.513971
vn 0.062403 0.920251 -0.386321
vn 0.574093 0.794390 -0.198398
vn 0.567802 0.805504 -0.169601
vn 0.699659 0.691460 -0.179890
vn 0.705682 0.688882 -0.165696
vn 0.788977 0.595883 -0.149796
vn 0.609960 0.482168 -0.628858
vn 0.819123 0.557016 -0.137004
vn 0.872022 0.479412 -0.098702
vn 0.894695 0.427098 -0.130799
vn 0.897209 0.435104 -0.075501
vn 0.558776 -0.275088 -0.782366
vn -0.053703 -0.685236 -0.726338
vn -0.263203 -0.636008 -0.725409
vn 0.466295 0.434995 -0.770291
vn 0.030599 -0.338787 -0.940365
vn 0.319824 0.595244 -0.737155
vn 0.224602 0.378804 -0.897809
vn 0.256011 0.064203 -0.964540
vn 0.183698 -0.088499 -0.978991
vn -0.184292 -0.425781 -0.885860
vn -0.531102 -0.630802 -0.565702
vn -0.517799 -0.657699 -0.547099
vn -0.593214 -0.636115 -0.493412
vn -0.517509 -0.767014 -0.379307
vn -0.516700 -0.666500 -0.537400
vn -0.483012 -0.601816 -0.636016
vn 0.652481 0.375589 -0.658181
vn 0.455121 0.293013 -0.840838
vn 0.596524 0.348614 -0.722929
vn 0.842080 0.444289 -0.305793
vn 0.294705 0.071401 -0.952917
vn 0.215391 -0.043498 -0.975559
vn 0.035600 -0.299298 -0.953495
vn 0.138494 -0.193592 -0.971258
vn 0.894436 0.355414 -0.271411
vn 0.916067 0.156594 -0.369187
vn 0.916547 0.140007 -0.374619
vn 0.928719 0.069001 -0.364307
vn 0.915258 0.395482 -0.076796
vn 0.941853 0.304785 -0.141493
vn 0.950100 0.304600 -0.067300
vn 0.965500 0.256200 -0.046600
vn 0.956081 0.293094 0.002100
vn 0.931394 0.363598 0.017400
vn 0.898018 0.438209 0.039201
vn 0.868927 0.488415 -0.080102
vn 0.860020 0.505112 0.072302
vn 0.850716 0.522110 0.060701
vn 0.840396 0.536897 -0.074000
vn 0.825182 0.520688 -0.218995
vn 0.854218 0.481310 -0.196604
vn 0.819892 0.515295 -0.249497
vn 0.830377 0.522785 -0.192795
vn -0.532994 -0.531694 -0.658193
vn -0.363812 -0.400813 -0.840827
vn -0.486010 -0.491110 -0.722915
vn -0.698395 -0.647095 -0.305798
vn -0.266201 -0.145301 -0.952903
vn -0.219292 -0.013699 -0.975563
vn -0.111800 0.279899 -0.953497
vn -0.183893 0.151094 -0.971264
vn -0.771986 -0.574789 -0.271395
vn -0.844298 -0.388399 -0.369199
vn -0.849110 -0.372404 -0.374604
vn -0.879219 -0.307007 -0.364308
vn -0.781704 -0.618903 -0.076800
vn -0.830880 -0.538187 -0.141397
vn -0.838859 -0.540173 -0.067297
vn -0.866320 -0.497311 -0.046601
vn -0.847614 -0.530609 0.002100
vn -0.805554 -0.592266 0.017399
vn -0.754002 -0.655702 0.039200
vn -0.712888 -0.696688 -0.080099
vn -0.700037 -0.710437 0.072304
vn -0.686599 -0.724498 0.060700
vn -0.672807 -0.736108 -0.074001
vn -0.662308 -0.716509 -0.219003
vn -0.700518 -0.686018 -0.196605
vn -0.658612 -0.709913 -0.249505
vn -0.666728 -0.719930 -0.192808
vn 0.329794 0.922582 -0.200196
vn 0.258604 0.941316 -0.216904
vn 0.156303 0.965817 -0.206804
vn 0.156095 0.974268 -0.162595
vn 0.186105 0.825321 -0.533114
vn 0.256888 0.741464 -0.619870
vn -0.000800 0.806468 -0.591277
vn 0.056599 0.981183 -0.184597
vn 0.022700 0.984217 -0.175503
vn 0.019900 0.985705 -0.167301
vn -0.032301 0.444619 -0.895137
vn -0.142406 0.261510 -0.954638
vn 0.039801 0.511409 -0.858415
vn -0.056497 0.879959 -0.471678
vn 0.053601 0.981124 -0.185804
vn -0.092705 0.975357 -0.200212
vn 0.045902 0.857629 -0.512217
vn -0.086904 0.496221 -0.863836
vn 0.166794 0.751774 -0.637978
vn 0.149003 0.592710 -0.791513
vn 0.459404 0.602106 -0.653006
vn 0.529995 0.423996 -0.734393
vn 0.132303 0.121603 -0.983722
vn 0.424902 0.803004 -0.417902
vn 0.288894 0.924280 -0.249495
vn 0.142800 0.962297 -0.231499
vn -0.000300 0.908307 -0.418303
vn 0.043799 0.972372 -0.229293
vn -0.044199 0.980983 -0.188997
vn -0.042401 0.996129 -0.077002
vn -0.117696 0.992669 -0.027499
vn -0.140001 0.989807 -0.026100
vn -0.105104 0.985834 -0.130705
vn -0.171803 0.979519 -0.105002
vn -0.205193 0.954568 -0.216093
vn 0.072401 0.909114 -0.410206
vn -0.104700 0.872098 -0.477999
vn -0.418990 0.498088 -0.759181
vn 0.177896 0.647987 -0.740585
vn -0.113302 0.526307 -0.842712
vn -0.440094 0.291596 -0.849288
vn -0.496688 0.399190 -0.770681
vn -0.525215 -0.265407 -0.808523
vn 0.340188 0.460883 -0.819670
vn -0.423476 -0.062496 -0.903749
vn -0.182902 0.071701 -0.980513
vn -0.149807 -0.122106 -0.981146
vn 0.025899 0.075898 -0.996779
vn 0.421714 0.222807 -0.878928
vn -0.121004 0.115304 -0.985933
vn -0.302317 -0.239413 -0.922652
vn -0.631814 -0.404809 -0.661015
vn -0.108899 0.334197 -0.936191
vn -0.402296 0.075499 -0.912391
vn 0.347493 0.709486 -0.613088
vn 0.396709 0.298606 -0.868019
vn 0.565605 0.568505 -0.597405
vn 0.770490 0.291896 -0.566693
vn 0.532207 -0.001900 -0.846612
vn 0.532211 -0.151103 -0.833018
vn -0.029199 -0.216891 -0.975759
vn -0.585298 -0.442698 -0.679297
vn -0.672188 -0.380893 -0.634889
vn -0.804878 -0.294192 -0.515386
vn -0.834869 -0.316888 -0.450083
vn -0.691211 -0.388706 -0.609209
vn -0.796004 -0.336401 -0.503202
vn -0.726972 -0.326687 -0.603976
vn -0.701272 -0.181993 -0.689272
vn -0.339613 0.144906 -0.929336
vn -0.388795 -0.200297 -0.899288
vn -0.372881 -0.240187 -0.896253
vn -0.290184 0.168891 -0.941949
vn 0.447790 0.182196 -0.875380
vn 0.206791 0.091896 -0.974060
vn -0.039300 0.043100 -0.998298
vn 0.698887 0.301695 -0.648488
vn 0.345512 0.537219 -0.769427
vn 0.619477 0.406985 -0.671275
vn 0.762112 0.515208 -0.392106
vn 0.684192 0.576493 -0.446695
vn 0.589534 0.684639 -0.428625
vn 0.359486 0.718372 -0.595577
vn 0.537702 0.739603 -0.404802
vn -0.071799 0.477693 -0.875588
vn 0.047499 0.582586 -0.811380
vn -0.578024 -0.791632 -0.198008
vn -0.095602 -0.976825 -0.191505
vn -0.292191 -0.941472 -0.168095
vn -0.582200 -0.801300 -0.137700
vn 0.213900 -0.960998 -0.175300
vn 0.362781 -0.909453 -0.203189
vn 0.482883 -0.852471 -0.200293
vn 0.298899 -0.844598 -0.444199
vn 0.426099 -0.851999 -0.304200
vn 0.455894 -0.668591 -0.587492
vn 0.435392 -0.431692 -0.789985
vn 0.309006 -0.456909 -0.834116
vn 0.287409 -0.194606 -0.937830
vn -0.025899 -0.908679 -0.416691
vn 0.025199 -0.679679 -0.733077
vn 0.009800 -0.686635 -0.726937
vn -0.493089 -0.792683 -0.358492
vn -0.198998 -0.752094 -0.628295
vn -0.424012 -0.646418 -0.634317
vn -0.470795 -0.645693 -0.601193
vn -0.613773 -0.578275 -0.537476
vn -0.686494 -0.524996 -0.503096
vn -0.753882 -0.627685 -0.194095
vn -0.830327 -0.521217 -0.197206
vn -0.727701 -0.581901 -0.363101
vn -0.825988 -0.486393 -0.284896
vn -0.844189 -0.498693 -0.196597
vn -0.888104 -0.423902 -0.177701
vn 0.763237 0.615030 -0.198010
vn 0.345195 0.918787 -0.191497
vn 0.525887 0.833779 -0.168096
vn 0.769738 0.623330 -0.137707
vn 0.042101 0.983614 -0.175303
vn -0.114996 0.972363 -0.203192
vn -0.245800 0.948400 -0.200300
vn -0.070099 0.893185 -0.444192
vn -0.191090 0.933251 -0.304184
vn -0.267301 0.763802 -0.587501
vn -0.308884 0.529673 -0.789960
vn -0.180205 0.521313 -0.834121
vn -0.227207 0.262408 -0.937827
vn 0.260202 0.871007 -0.416703
vn 0.151601 0.663004 -0.733105
vn 0.168203 0.665812 -0.726913
vn 0.681497 0.637997 -0.358498
vn 0.386800 0.675000 -0.628300
vn 0.576881 0.514683 -0.634279
vn 0.621899 0.501799 -0.601199
vn 0.742510 0.399705 -0.537507
vn 0.798918 0.329407 -0.503211
vn 0.890632 0.411215 -0.194107
vn 0.936946 0.288514 -0.197210
vn 0.853519 0.373708 -0.363108
vn 0.923734 0.256010 -0.284911
vn 0.944497 0.263199 -0.196599
vn 0.967560 0.179593 -0.177693
vn -0.505310 0.727314 -0.464409
vn -0.480896 0.757393 -0.441696
vn -0.379984 0.671772 -0.635873
vn -0.474290 0.808284 -0.348893
vn -0.380586 0.847068 -0.370986
vn -0.100899 0.705196 -0.701796
vn -0.402888 0.576483 -0.710879
vn -0.355303 0.523205 -0.774607
vn -0.306502 0.593103 -0.744504
vn -0.390701 0.438801 -0.809201
vn -0.445003 0.515604 -0.732205
vn -0.500882 0.622077 -0.601778
vn -0.637376 0.725973 -0.258290
vn -0.533178 0.820667 -0.205492
vn -0.599011 0.787814 -0.143303
vn -0.206794 0.703079 -0.680380
vn 0.024601 0.710135 -0.703635
vn 0.004600 0.556816 -0.830623
vn 0.118094 0.723861 -0.679764
vn -0.056499 0.687492 -0.723991
vn 0.307204 0.670610 -0.675210
vn 0.516596 0.116299 -0.848294
vn -0.129907 0.868246 -0.478825
vn 0.226597 0.777688 -0.586391
vn 0.582122 -0.343613 -0.736928
vn 0.703924 0.181006 -0.686824
vn 0.679126 0.550421 -0.485618
vn 0.716411 0.009700 -0.697611
vn 0.605988 -0.412792 -0.679986
vn 0.560107 -0.435506 -0.704709
vn 0.342894 -0.798687 -0.494492
vn 0.362989 -0.814275 -0.452986
vn 0.352905 -0.889712 -0.289604
vn 0.411017 -0.868935 -0.275711
vn 0.316505 -0.936815 -0.149002
vn 0.354002 -0.461403 -0.813505
vn 0.196802 -0.470804 -0.860007
vn 0.233390 -0.846965 -0.477680
vn 0.145105 -0.938132 -0.314411
vn 0.400894 -0.750288 -0.525692
vn 0.288709 -0.544618 -0.787425
vn 0.366497 -0.688794 -0.625494
vn 0.091300 -0.285900 -0.953900
vn 0.503286 -0.793479 -0.342191
vn 0.445329 -0.777051 -0.444829
vn 0.562900 -0.783900 -0.262000
vn 0.149199 -0.788096 -0.597197
vn 0.072399 -0.819984 -0.567789
vn 0.028199 -0.931482 -0.362693
vn -0.016400 -0.838283 -0.544989
vn 0.058701 -0.936023 -0.347009
vn -0.020900 -0.960181 -0.278595
vn -0.049099 -0.961384 -0.270795
vn -0.129496 -0.963673 -0.233593
vn -0.073700 -0.994898 -0.068900
vn -0.227699 -0.950596 -0.210999
vn -0.032399 -0.990357 -0.134694
vn -0.084097 -0.992962 -0.083397
vn -0.035301 -0.999119 0.022700
vn -0.058797 -0.998156 -0.015099
vn -0.537915 0.682718 -0.494513
vn -0.561379 0.692575 -0.452983
vn -0.571211 0.768015 -0.289606
vn -0.621864 0.732958 -0.275784
vn -0.548194 0.822990 -0.148898
vn -0.461403 0.354002 -0.813505
vn -0.311910 0.403813 -0.860027
vn -0.444605 0.757709 -0.477706
vn -0.382914 0.868632 -0.314412
vn -0.581494 0.620894 -0.525695
vn -0.419787 0.451286 -0.787476
vn -0.532283 0.570482 -0.625480
vn -0.162205 0.252408 -0.953929
vn -0.691492 0.636193 -0.342196
vn -0.631302 0.635302 -0.444802
vn -0.746605 0.611504 -0.262002
vn -0.348105 0.722610 -0.597208
vn -0.282104 0.773312 -0.567809
vn -0.268312 0.892438 -0.362716
vn -0.201094 0.813975 -0.544983
vn -0.298991 0.888973 -0.346889
vn -0.228295 0.932881 -0.278594
vn -0.201401 0.941303 -0.270901
vn -0.124393 0.964346 -0.233587
vn -0.186295 0.980075 -0.068898
vn -0.026000 0.977097 -0.211199
vn -0.224998 0.964990 -0.134799
vn -0.175701 0.980905 -0.083400
vn -0.224407 0.974229 0.022801
vn -0.201495 0.979373 -0.015100
vn 0.241288 0.883557 -0.401381
vn -0.041802 0.919049 -0.391921
vn 0.221009 0.934837 -0.277911
vn 0.337692 0.896180 -0.287794
vn 0.138402 0.466905 -0.873410
vn 0.154501 0.824803 -0.543902
vn 0.160108 0.615831 -0.771439
vn 0.258697 0.319497 -0.911591
vn 0.408886 0.312889 -0.857270
vn 0.332301 0.279200 -0.900901
vn 0.439581 0.277188 -0.854363
vn 0.295992 0.474887 -0.828777
vn -0.002000 0.052302 -0.998629
vn 0.242509 0.801428 -0.546719
vn 0.457689 0.880578 -0.122897
vn 0.474202 0.312201 -0.823203
vn -0.269203 -0.447105 -0.853010
vn 0.555019 0.816828 -0.157305
vn 0.595606 0.088301 -0.798408
vn 0.160102 0.852909 -0.496905
vn 0.354188 0.827273 -0.436086
vn 0.286686 0.885858 -0.364783
vn -0.018500 0.911990 -0.409795
vn -0.213796 0.918081 -0.333793
vn -0.214591 0.937662 -0.273389
vn -0.216192 0.901469 -0.374987
vn -0.320892 0.917577 -0.234694
vn -0.453114 0.855326 -0.251208
vn -0.214790 0.930059 -0.298087
vn -0.173997 0.820786 -0.544091
vn -0.363599 0.921097 -0.139200
vn -0.519978 0.847665 -0.105296
vn -0.592424 0.775032 -0.219909
vn -0.477393 0.878686 0.002500
vn -0.672124 0.716225 -0.187807
vn -0.567291 0.819088 -0.085299
vn -0.678400 0.713399 -0.175600
vn 0.049700 -0.995409 0.081801
vn 0.148796 -0.987371 0.054398
vn 0.068201 -0.994711 0.076801
vn -0.032000 -0.994104 0.103600
vn 0.856906 0.434403 -0.277502
vn 0.766398 0.594098 -0.244299
vn 0.738804 0.253801 -0.624303
vn 0.372104 0.143001 -0.917109
vn 0.247904 -0.088701 -0.964715
vn 0.925347 0.189410 -0.328417
vn 0.916810 0.316104 -0.244003
vn 0.954870 0.220693 -0.198794
vn 0.975196 0.132100 -0.177599
vn 0.905968 0.337788 -0.255191
vn 0.812422 0.507314 -0.287408
vn 0.778426 0.483116 -0.400813
vn 0.702061 0.565369 -0.432976
vn 0.717396 0.651296 -0.247299
vn 0.680184 0.716983 -0.152596
vn 0.587912 0.794516 -0.152003
vn 0.716230 0.674329 -0.179708
vn 0.773639 0.607430 -0.180309
vn 0.610279 0.786873 -0.091597
vn 0.748521 0.627218 -0.215206
vn 0.830269 0.517980 -0.205792
vn 0.683195 0.721995 -0.109399
vn 0.639075 0.762271 -0.102596
vn 0.583007 0.811809 0.032700
vn 0.577003 0.815604 0.043100
vn 0.560707 0.827510 0.028900
vn 0.524783 0.846972 -0.085097
vn 0.513483 0.857772 0.023699
vn 0.491509 0.870416 -0.028201
vn 0.491307 0.870912 0.011400
vn 0.643709 -0.448307 -0.620209
vn 0.759680 -0.411689 -0.503387
vn 0.404210 -0.039301 -0.913822
vn -0.176396 0.649085 -0.739982
vn -0.027101 0.298809 -0.953928
vn -0.015901 -0.021601 -0.999640
vn -0.095295 -0.000700 -0.995449
vn -0.236096 0.052999 -0.970283
vn -0.113298 -0.046299 -0.992482
vn -0.399406 0.107802 -0.910414
vn 0.211101 -0.385102 -0.898405
vn 0.585789 -0.565890 -0.580189
vn 0.637976 -0.288989 -0.713773
vn 0.488096 -0.189398 -0.851992
vn 0.412093 -0.119398 -0.903285
vn 0.598805 -0.353403 -0.718706
vn 0.803591 -0.346396 -0.483995
vn 0.854977 -0.410989 -0.316391
vn 0.929452 -0.287685 -0.230988
vn 0.893624 -0.352109 -0.278307
vn 0.945179 -0.292893 -0.144397
vn 0.963985 -0.235596 -0.123398
vn 0.964058 -0.258189 -0.062697
vn 0.962594 -0.245798 -0.113999
vn 0.811712 -0.347805 -0.469207
vn 0.932964 -0.203992 -0.296589
vn 0.987476 -0.152796 0.039299
vn 0.684789 0.090599 -0.723088
vn -0.737793 0.266497 -0.620194
vn -0.840364 0.200991 -0.503379
vn -0.400611 -0.066602 -0.913824
vn 0.338401 -0.581402 -0.739903
vn 0.103602 -0.281606 -0.953921
vn 0.009800 0.025001 -0.999639
vn 0.091796 0.025299 -0.995456
vn 0.241794 0.009900 -0.970277
vn 0.097398 0.074099 -0.992483
vn 0.413705 -0.000700 -0.910411
vn -0.303594 0.317394 -0.898383
vn -0.712290 0.394994 -0.580192
vn -0.691004 0.114001 -0.713805
vn -0.520493 0.056599 -0.851988
vn -0.428986 0.008700 -0.903270
vn -0.669886 0.186396 -0.718685
vn -0.865871 0.126596 -0.483984
vn -0.932211 0.175702 -0.316404
vn -0.972236 0.037301 -0.231009
vn -0.954311 0.108801 -0.278303
vn -0.988778 0.038299 -0.144397
vn -0.992115 -0.021900 -0.123402
vn -0.998032 -0.000200 -0.062702
vn -0.993412 -0.011700 -0.114001
vn -0.874078 0.125897 -0.469188
vn -0.953972 -0.044399 -0.296591
vn -0.993374 -0.107997 0.039299
vn -0.638005 -0.264702 -0.723106
vn -0.978440 0.062303 -0.196908
vn -0.950233 -0.070702 -0.303411
vn -0.959620 -0.068601 -0.272806
vn -0.988059 0.012199 -0.153594
vn -0.988529 -0.012600 -0.150504
vn -0.946851 0.211589 -0.242287
vn -0.919219 0.258505 -0.297006
vn 0.928986 -0.313395 -0.196897
vn 0.936158 -0.177611 -0.303419
vn 0.944682 -0.182096 -0.272795
vn 0.951233 -0.267509 -0.153605
vn 0.958102 -0.243701 -0.150500
vn 0.859793 -0.449497 -0.242298
vn 0.820974 -0.487585 -0.297091
vn 0.329812 0.942635 -0.051602
vn 0.481903 0.876206 -0.005700
vn 0.372709 0.927922 0.007000
vn 0.444298 0.893696 0.062500
vn 0.324393 0.944380 0.053999
vn 0.306504 0.951813 -0.010400
vn 0.295288 0.952562 -0.073697
vn -0.119895 -0.992761 0.007100
vn -0.238695 -0.971078 -0.005700
vn -0.197905 -0.978226 0.062502
vn -0.068897 -0.996161 0.053998
vn -0.074598 -0.995878 -0.051599
vn -0.049700 -0.998710 -0.010400
vn -0.038701 -0.996529 -0.073702
vn 0.799915 -0.534010 -0.273805
vn 0.919368 -0.303590 -0.250191
vn 0.847305 -0.487003 -0.211901
vn 0.942721 -0.207105 -0.261506
vn 0.954804 -0.150701 -0.256201
vn 0.944075 -0.230994 -0.235294
vn 0.512208 -0.798812 -0.315505
vn 0.762120 -0.610516 -0.215506
vn 0.625286 -0.746683 -0.226895
vn 0.364284 -0.863063 -0.349885
vn 0.027801 -0.879324 -0.475413
vn 0.219697 -0.846987 -0.484093
vn -0.076202 -0.463110 -0.883019
vn -0.050102 0.087203 -0.994930
vn -0.102697 -0.365389 -0.925173
vn -0.016800 0.018700 -0.999684
vn 0.071198 0.288994 -0.954680
vn 0.049201 0.204103 -0.977712
vn -0.634501 0.722801 -0.273800
vn -0.809440 0.531226 -0.250212
vn -0.692398 0.689698 -0.211899
vn -0.856976 0.444088 -0.261493
vn -0.883269 0.392686 -0.256191
vn -0.852141 0.467423 -0.235311
vn -0.287991 0.904172 -0.315490
vn -0.578210 0.786913 -0.215504
vn -0.410695 0.883090 -0.226897
vn -0.128504 0.927928 -0.349910
vn 0.200695 0.856579 -0.475388
vn 0.007000 0.874988 -0.484094
vn 0.193503 0.427606 -0.883012
vn 0.025801 -0.097203 -0.994930
vn 0.193798 0.326296 -0.925188
vn 0.011400 -0.022400 -0.999684
vn -0.143597 -0.260695 -0.954682
vn -0.100401 -0.184402 -0.977709
vn 0.381517 -0.921842 -0.068203
vn 0.571494 -0.809392 -0.135199
vn 0.508617 -0.856128 -0.091403
vn 0.315412 -0.946636 -0.066303
vn 0.280696 -0.954287 -0.102699
vn -0.607101 0.791701 -0.068100
vn -0.761504 0.633903 -0.135201
vn -0.712892 0.695292 -0.091399
vn -0.549670 0.832755 -0.066196
vn -0.518114 0.849123 -0.102703
vn 0.416798 0.906896 0.061800
vn 0.310310 0.947031 0.082703
vn 0.453691 0.885383 0.101298
vn 0.516083 0.853371 0.073598
vn 0.537602 0.839703 0.076700
vn 0.540370 0.839654 0.054597
vn 0.518906 0.851911 0.070601
vn 0.379600 0.922801 0.065900
vn 0.247505 0.963321 0.103702
vn 0.859624 -0.485914 -0.157904
vn 0.737466 -0.673769 -0.046698
vn 0.754300 -0.648900 -0.099800
vn 0.876550 -0.430976 -0.214288
vn 0.734011 -0.677911 -0.040801
vn 0.659185 -0.730684 -0.177696
vn 0.650680 -0.727478 -0.217693
vn -0.704607 0.691807 -0.157902
vn -0.537906 0.841710 -0.046701
vn -0.560623 0.822034 -0.099804
vn -0.735099 0.643199 -0.214300
vn -0.533578 0.844766 -0.040798
vn -0.447600 0.876400 -0.177700
vn -0.440203 0.871107 -0.217702
vn -0.307194 0.950880 0.038199
vn -0.340704 0.940111 0.010600
vn -0.223802 0.973110 0.054501
vn -0.222092 0.974963 0.011100
vn -0.360104 0.925710 -0.115701
vn -0.157408 0.986948 0.034002
vn -0.156601 0.986604 0.045700
vn -0.149704 0.988023 0.037401
vn -0.632057 -0.678654 0.374075
vn -0.637663 -0.685660 0.351079
vn -0.704192 -0.700992 0.112799
vn -0.703403 -0.701703 0.113301
vn -0.523484 -0.573882 0.629781
vn -0.532814 -0.565414 0.629616
vn 0.786189 0.491893 0.374095
vn 0.793415 0.497209 0.351107
vn 0.861641 0.494823 0.112805
vn 0.861079 0.495688 0.113297
vn 0.654137 0.418823 0.629835
vn 0.660935 0.408322 0.629633
vn -0.986510 0.102301 0.127801
vn -0.985815 0.041201 0.162702
vn -0.977267 0.177794 0.115496
vn -0.991066 -0.021099 0.131695
vn -0.992250 -0.045302 0.115706
vn -0.989968 -0.029399 0.138196
vn -0.954696 0.237199 0.179699
vn -0.976500 0.020900 0.214500
vn -0.924674 0.222494 0.308991
vn -0.989747 0.080904 0.117706
vn 0.979376 0.156496 0.127797
vn 0.962878 0.215395 0.162696
vn 0.989983 0.081199 0.115498
vn 0.951828 0.276908 0.131704
vn 0.946734 0.300511 0.115704
vn 0.948629 0.284609 0.138204
vn 0.983558 0.017999 0.179692
vn 0.948643 0.232511 0.214510
vn 0.950754 0.024399 0.308985
vn 0.976968 0.177994 0.117696
vn 0.242797 0.954689 -0.172098
vn 0.384381 0.911056 -0.149093
vn 0.266708 0.953730 -0.138804
vn 0.205805 0.966621 -0.152603
vn 0.266609 0.943330 -0.197606
vn 0.360304 0.917910 -0.166202
vn 0.421513 0.900827 -0.104103
vn 0.448082 0.886565 -0.114996
vn 0.481490 0.851682 -0.206896
vn 0.438095 0.825390 -0.356096
vn 0.514285 0.641781 -0.568883
vn 0.546422 0.723529 -0.421817
vn 0.543689 0.709786 -0.447891
vn 0.012600 -0.984999 -0.172100
vn -0.135499 -0.979495 -0.149099
vn -0.010800 -0.990262 -0.138795
vn 0.051397 -0.986952 -0.152593
vn -0.013400 -0.980192 -0.197598
vn -0.110498 -0.979882 -0.166197
vn -0.174005 -0.979227 -0.104103
vn -0.203404 -0.972318 -0.115002
vn -0.244598 -0.947293 -0.206899
vn -0.209607 -0.910631 -0.356112
vn -0.330608 -0.753018 -0.568913
vn -0.340507 -0.840317 -0.421809
vn -0.341382 -0.826357 -0.447876
vn -0.238297 0.969489 0.057499
vn -0.336116 0.940045 0.057803
vn -0.264507 0.961126 0.079202
vn -0.203497 0.975785 0.080199
vn -0.193395 0.979273 0.060198
vn -0.193490 0.979848 0.049597
vn -0.225510 0.971643 0.071103
vn -0.325306 0.942917 0.071301
vn -0.384098 0.921295 0.060700
vn -0.372510 0.761021 -0.531115
vn -0.364591 0.723182 -0.586585
vn -0.466207 0.831313 -0.302605
vn -0.011300 0.423105 -0.906010
vn -0.458386 0.858773 -0.228893
vn 0.108201 0.391703 -0.913707
vn -0.455408 0.880916 -0.128802
vn -0.544412 0.838519 -0.022401
vn -0.609186 0.791882 0.042599
vn 0.492485 0.009000 -0.870274
vn 0.619427 -0.147706 -0.771034
vn 0.678618 -0.090302 -0.728919
vn 0.670317 0.149704 -0.726818
vn 0.162803 -0.831515 -0.531110
vn 0.164999 -0.792894 -0.586596
vn 0.235093 -0.923672 -0.302591
vn -0.098502 -0.411610 -0.906021
vn 0.220510 -0.948143 -0.228910
vn -0.205898 -0.350396 -0.913690
vn 0.211798 -0.968789 -0.128799
vn 0.308819 -0.950857 -0.022401
vn 0.383401 -0.922603 0.042500
vn -0.478078 0.118695 -0.870260
vn -0.560111 0.303006 -0.771015
vn -0.632189 0.262795 -0.728887
vn -0.686219 0.028901 -0.726820
vn 0.050599 -0.997988 0.038200
vn 0.085697 -0.996265 0.010600
vn -0.035699 -0.997876 0.054499
vn -0.037801 -0.999223 0.011200
vn 0.108296 -0.987363 -0.115696
vn -0.103396 -0.994062 0.033899
vn -0.104101 -0.993512 0.045801
vn -0.111002 -0.993116 0.037401
vn -0.685692 -0.721692 -0.094799
vn -0.542892 -0.800788 -0.252996
vn -0.570614 -0.799220 -0.188805
vn -0.727295 -0.684795 -0.045800
vn -0.810092 -0.552394 -0.196498
vn -0.817962 -0.519076 -0.247988
vn 0.475497 0.874595 -0.094799
vn 0.317107 0.914019 -0.253005
vn 0.344294 0.919683 -0.188797
vn 0.525293 0.849688 -0.045799
vn 0.639478 0.743275 -0.196493
vn 0.655771 0.713068 -0.247989
vn -0.686409 -0.727210 0.002800
vn -0.566001 -0.824302 -0.013000
vn -0.705593 -0.708393 0.017800
vn -0.718613 -0.693813 -0.047101
vn -0.634901 -0.772402 -0.017200
vn -0.517118 -0.853830 -0.059702
vn -0.716104 -0.695504 -0.058900
vn 0.474796 0.880092 0.002800
vn 0.333310 0.942728 -0.013000
vn 0.498191 0.866885 0.017800
vn 0.514616 0.856126 -0.047101
vn 0.413395 0.910389 -0.017200
vn 0.278494 0.958581 -0.059699
vn 0.511719 0.857132 -0.058902
vn -0.167196 -0.375591 -0.911579
vn -0.012900 -0.486884 -0.873371
vn -0.313984 -0.408079 -0.857255
vn -0.248701 -0.355701 -0.900902
vn -0.352886 -0.381485 -0.854366
vn -0.162989 -0.535365 -0.828745
vn 0.015400 -0.050002 -0.998630
vn 0.004800 -0.636313 -0.771416
vn -0.004400 -0.915894 -0.401397
vn -0.094195 -0.953051 -0.287785
vn 0.028500 -0.960188 -0.277897
vn 0.278290 -0.876870 -0.391987
vn 0.064199 -0.836693 -0.543896
vn -0.026800 -0.836900 -0.546700
vn 0.253906 -0.876121 -0.409810
vn -0.214206 -0.969026 -0.122903
vn 0.066000 -0.865296 -0.496898
vn -0.128104 -0.890727 -0.436113
vn -0.047599 -0.929873 -0.364789
vn -0.377206 -0.424307 -0.823213
vn -0.324709 -0.932624 -0.157404
vn -0.552497 -0.239399 -0.798396
vn 0.144298 0.501592 -0.852985
vn 0.444208 -0.831416 -0.333806
vn 0.449980 -0.850163 -0.273388
vn 0.442105 -0.814810 -0.375004
vn 0.547394 -0.803291 -0.234697
vn 0.659026 -0.708928 -0.251210
vn 0.448187 -0.842775 -0.298091
vn 0.380494 -0.747789 -0.544092
vn 0.589605 -0.795606 -0.139201
vn 0.721683 -0.684184 -0.105198
vn 0.772816 -0.595313 -0.219905
vn 0.688569 -0.725167 0.002500
vn 0.834624 -0.517815 -0.187805
vn 0.759909 -0.644408 -0.085301
vn 0.839921 -0.513513 -0.175604
vn 0.871959 -0.488877 -0.026199
vn 0.918766 -0.393985 -0.025399
vn 0.884361 -0.466079 -0.025999
vn 0.851001 -0.524500 -0.026400
vn 0.850926 -0.524616 -0.026501
vn -0.968789 0.246497 -0.026200
vn -0.989425 0.142804 -0.025401
vn -0.974861 0.221291 -0.025999
vn -0.957743 0.286413 -0.026401
vn -0.957713 0.286504 -0.026500
vn 0.450592 -0.199797 -0.870085
vn 0.471307 -0.162802 -0.866813
vn 0.350801 -0.238000 -0.905701
vn 0.469313 -0.125104 -0.874125
vn 0.330598 -0.363898 -0.870795
vn 0.069497 0.020999 -0.997361
vn -0.028601 0.249912 -0.967846
vn -0.097700 0.420101 -0.902203
vn -0.126601 0.512002 -0.849604
vn -0.145196 0.568485 -0.809779
vn -0.486984 0.076298 -0.870072
vn -0.497401 0.035300 -0.866802
vn -0.400408 0.139103 -0.905717
vn -0.485711 -0.000600 -0.874119
vn -0.413505 0.265903 -0.870810
vn -0.061698 -0.038298 -0.997360
vn 0.092304 -0.234010 -0.967843
vn 0.203101 -0.380501 -0.902202
vn 0.254800 -0.461799 -0.849599
vn 0.287293 -0.511587 -0.809779
vn 0.165294 0.985166 0.046098
vn 0.267402 0.962208 0.051500
vn 0.202808 0.978538 0.036501
vn 0.130602 0.990912 0.032200
vn 0.130202 0.990812 0.036600
vn 0.160204 0.984527 0.071002
vn 0.177295 0.983771 0.027599
vn 0.296204 0.954512 0.034200
vn 0.344299 0.937898 0.042500
vn 0.095298 -0.994381 0.046099
vn -0.009300 -0.998630 0.051502
vn 0.057399 -0.997684 0.036499
vn 0.130294 -0.990952 0.032198
vn 0.130706 -0.990745 0.036602
vn 0.100105 -0.992447 0.070903
vn 0.083403 -0.996134 0.027601
vn -0.039098 -0.998650 0.034198
vn -0.089805 -0.995052 0.042502
vn 0.285309 -0.951131 0.118104
vn 0.187799 -0.976196 0.108500
vn 0.214397 -0.966385 0.141898
vn 0.147796 -0.988373 -0.035699
vn 0.348413 -0.930235 0.115204
vn 0.355297 -0.928493 0.107999
vn 0.349500 -0.931000 0.105300
vn 0.288204 -0.952914 0.094301
vn 0.249793 -0.958271 0.138996
vn -0.029399 0.992567 0.118096
vn 0.071203 0.991543 0.108505
vn 0.043102 0.988941 0.141906
vn 0.112995 0.992958 -0.035598
vn -0.095702 0.988721 0.115202
vn -0.102802 0.988821 0.108002
vn -0.096703 0.989727 0.105303
vn -0.031801 0.995035 0.094303
vn 0.006800 0.990270 0.138996
vn 0.358814 0.545622 -0.757330
vn 0.270789 0.161693 -0.948962
vn 0.451922 0.500625 -0.738337
vn 0.363197 0.370697 -0.854793
vn -0.040302 0.381119 -0.923647
vn 0.387201 0.349701 -0.853103
vn 0.368097 0.281998 -0.885992
vn 0.361904 0.278603 -0.889610
vn 0.515282 -0.294390 -0.804872
vn -0.169403 -0.503010 -0.847516
vn -0.504903 -0.107101 -0.856506
vn -0.673787 0.018800 -0.738686
vn -0.205292 -0.619876 -0.757370
vn -0.219691 -0.226291 -0.948962
vn -0.306991 -0.600583 -0.738279
vn -0.254893 -0.452088 -0.854778
vn 0.137606 -0.357714 -0.923637
vn -0.283488 -0.438082 -0.853064
vn -0.282510 -0.367613 -0.886030
vn -0.277415 -0.362720 -0.889649
vn -0.573892 0.150998 -0.804889
vn 0.033399 0.529784 -0.847475
vn 0.459990 0.234195 -0.856482
vn 0.655694 0.156199 -0.738693
vn 0.266906 0.962023 -0.057201
vn 0.296398 0.954393 -0.035800
vn 0.340509 0.940125 -0.014800
vn 0.391003 0.919708 -0.035400
vn 0.455589 0.888279 -0.058299
vn 0.334395 0.940786 -0.055699
vn -0.008900 -0.998323 -0.057201
vn -0.039300 -0.998590 -0.035700
vn -0.085502 -0.996228 -0.014800
vn -0.139597 -0.989576 -0.035399
vn -0.210108 -0.975938 -0.058302
vn -0.079498 -0.995278 -0.055699
vn -0.805096 0.580797 -0.120399
vn -0.773648 0.625038 -0.103906
vn -0.738267 0.666271 -0.105095
vn -0.713188 0.693688 -0.100798
vn -0.701938 0.703038 -0.114106
vn 0.769815 -0.617912 -0.159903
vn 0.774455 -0.590966 -0.225787
vn 0.727295 -0.680595 -0.088499
vn 0.792717 -0.514011 -0.327707
vn 0.696899 -0.714099 -0.066300
vn 0.813119 -0.527512 -0.246106
vn 0.658014 -0.752816 -0.016900
vn 0.778606 -0.469004 -0.416903
vn 0.634004 -0.773305 -0.006200
vn 0.779787 -0.451393 -0.433793
vn 0.602221 -0.798228 0.012700
vn 0.584527 -0.811237 0.014901
vn 0.771514 -0.430208 -0.468708
vn 0.775088 -0.415994 -0.475593
vn -0.903515 0.397607 -0.159903
vn -0.901008 0.370403 -0.225802
vn -0.878658 0.469178 -0.088496
vn -0.898762 0.291288 -0.327686
vn -0.858023 0.509314 -0.066302
vn -0.921934 0.299111 -0.246109
vn -0.830482 0.556788 -0.016900
vn -0.873428 0.251608 -0.416913
vn -0.812513 0.582910 -0.006200
vn -0.870092 0.234198 -0.433696
vn -0.788281 0.615185 0.012700
vn -0.774588 0.632290 0.014900
vn -0.856576 0.215894 -0.468687
vn -0.856358 0.201190 -0.475577
vn -0.036802 -0.967852 -0.248813
vn -0.010500 -0.966432 -0.256708
vn -0.061100 -0.955407 -0.288902
vn -0.062198 -0.948375 -0.310992
vn 0.017699 -0.969643 -0.243886
vn 0.057402 -0.911034 -0.408315
vn 0.057297 -0.804953 -0.590566
vn 0.032500 -0.973492 -0.226398
vn 0.033899 -0.979658 -0.197791
vn 0.049400 -0.979797 -0.193799
vn 0.264996 0.930386 -0.253296
vn 0.306310 0.907031 -0.288910
vn 0.287289 0.924565 -0.250290
vn 0.305592 0.899977 -0.310892
vn 0.178294 0.896272 -0.406087
vn 0.152909 0.792245 -0.590734
vn 0.227814 0.941957 -0.246615
vn 0.220600 0.948701 -0.226500
vn 0.220811 0.955047 -0.197810
vn 0.205894 0.959173 -0.193895
vn -0.496871 0.866149 -0.053897
vn -0.606100 0.793100 0.060300
vn -0.585324 0.807533 0.072703
vn -0.434794 0.900287 -0.020900
vn -0.342716 0.939043 -0.027301
vn -0.300914 0.952243 0.051802
vn -0.231208 0.959033 -0.163706
vn -0.216297 0.954088 -0.207197
vn -0.660097 0.748096 0.068000
vn -0.727326 0.680124 0.091803
vn -0.767410 0.629808 0.120102
vn -0.802451 0.588364 0.099494
vn -0.829730 0.539720 0.142305
vn -0.854414 0.496308 -0.153803
vn -0.823316 0.530610 -0.201504
vn -0.883703 0.450601 -0.126600
vn -0.918806 0.379703 -0.107801
vn -0.937922 0.332208 -0.099702
vn -0.949573 0.241893 -0.199494
vn -0.967124 -0.030201 -0.252506
vn -0.972592 0.232398 -0.007500
vn -0.975797 0.217999 -0.017200
vn -0.977106 0.212701 0.004700
vn 0.704072 -0.708072 -0.053998
vn 0.790713 -0.609210 0.060301
vn 0.774403 -0.628502 0.072700
vn 0.652984 -0.757081 -0.020999
vn 0.574114 -0.818320 -0.027301
vn 0.537112 -0.841919 0.051801
vn 0.471501 -0.866501 -0.163900
vn 0.455802 -0.865604 -0.207301
vn 0.831251 -0.551734 0.067904
vn 0.878580 -0.468690 0.091798
vn 0.904294 -0.409697 0.119999
vn 0.927398 -0.360599 0.099500
vn 0.941148 -0.306583 0.142292
vn 0.953740 -0.258311 -0.153806
vn 0.932607 -0.299402 -0.201501
vn 0.970220 -0.206504 -0.126603
vn 0.985781 -0.128898 -0.107798
vn 0.991949 -0.078096 -0.099695
vn 0.979822 0.012100 -0.199505
vn 0.926343 0.279513 -0.252512
vn 0.999599 0.027300 -0.007500
vn 0.998970 0.041999 -0.017199
vn 0.998865 0.047398 0.004700
vn -0.050000 -0.998491 -0.022700
vn -0.143705 -0.988836 -0.039401
vn -0.035299 -0.999175 -0.020099
vn 0.058300 -0.998294 -0.003300
vn -0.210103 0.977416 -0.022700
vn -0.117104 0.992338 -0.039401
vn -0.224493 0.974268 -0.020099
vn -0.314696 0.949187 -0.003300
vn -0.226707 0.969030 -0.097903
vn -0.180403 0.981416 -0.065401
vn -0.110800 0.991296 -0.071100
vn -0.076102 0.995925 -0.048401
vn -0.022700 0.996308 -0.082801
vn -0.010900 0.994724 -0.102003
vn 0.469807 -0.877313 -0.098001
vn 0.428206 -0.901312 -0.065401
vn 0.363613 -0.928833 -0.071103
vn 0.331295 -0.942285 -0.048399
vn 0.279797 -0.956491 -0.082699
vn 0.268001 -0.958004 -0.102000
vn -0.838910 -0.360904 -0.407405
vn -0.735391 -0.275096 -0.619292
vn -0.186705 0.121903 -0.974824
vn -0.503079 -0.146894 -0.851665
vn -0.875887 -0.349195 -0.332995
vn -0.213498 0.108599 -0.970889
vn -0.065201 0.178302 -0.981813
vn -0.799211 -0.425806 -0.424206
vn -0.390294 -0.506592 -0.768788
vn -0.408901 -0.860702 -0.303301
vn -0.418200 -0.895700 -0.151100
vn -0.509592 -0.847487 -0.148598
vn -0.550787 -0.816180 -0.174596
vn -0.883614 -0.362206 -0.296705
vn -0.924933 -0.347313 -0.154506
vn -0.948780 -0.296394 -0.109398
vn -0.947646 -0.318515 -0.022701
vn -0.950280 -0.311393 -0.001400
vn -0.964648 -0.205810 -0.164608
vn -0.920312 -0.176102 -0.349305
vn -0.930986 0.020200 -0.364495
vn -0.921429 -0.034501 -0.387012
vn 0.716923 0.565718 -0.407413
vn 0.639186 0.455990 -0.619286
vn 0.211905 -0.069402 -0.974823
vn 0.447890 0.272094 -0.851681
vn 0.755632 0.564024 -0.333014
vn 0.234394 -0.049599 -0.970876
vn 0.109103 -0.155304 -0.981824
vn 0.661809 0.618109 -0.424206
vn 0.245903 0.590308 -0.768810
vn 0.172201 0.937206 -0.303302
vn 0.172104 0.973421 -0.151103
vn 0.272899 0.950497 -0.148600
vn 0.320804 0.930913 -0.174602
vn 0.759760 0.578570 -0.296684
vn 0.803515 0.574911 -0.154403
vn 0.839782 0.531788 -0.109398
vn 0.832927 0.552918 -0.022701
vn 0.837319 0.546713 -0.001400
vn 0.878536 0.448418 -0.164607
vn 0.843382 0.408291 -0.349293
vn 0.904481 0.221495 -0.364492
vn 0.881108 0.271803 -0.387004
vn 0.954646 -0.203110 -0.217710
vn 0.925920 -0.244505 -0.287906
vn 0.969362 -0.189993 -0.155694
vn 0.956205 -0.164201 -0.242301
vn 0.947920 -0.257905 -0.186904
vn 0.934676 -0.247294 -0.255394
vn 0.939436 -0.123205 -0.319812
vn 0.928725 -0.072002 -0.363710
vn 0.899630 0.028601 -0.435715
vn 0.890626 0.067402 -0.449713
vn 0.858549 -0.255785 -0.444374
vn 0.821643 -0.243813 -0.515227
vn 0.583098 -0.298699 -0.755497
vn 0.084299 -0.357795 -0.929987
vn 0.740081 -0.671983 0.026799
vn 0.729877 -0.683578 0.000400
vn 0.795718 -0.603414 0.052201
vn 0.788868 -0.609175 0.081197
vn 0.785592 -0.613394 0.081199
vn 0.842283 -0.538189 0.030199
vn 0.853683 -0.520790 -0.001800
vn -0.624308 0.759609 -0.182302
vn -0.582982 0.807975 -0.085497
vn -0.631020 0.759024 -0.160305
vn -0.536006 0.843709 -0.029200
vn -0.560814 0.827821 0.014100
vn -0.616082 0.787677 0.002700
vn -0.695795 0.709295 -0.112999
vn -0.725190 0.632591 -0.271896
vn -0.763593 0.645694 -0.002200
vn -0.808007 0.587405 0.045600
vn -0.914951 0.403522 -0.005900
vn -0.674695 0.737295 0.034400
vn -0.605801 0.795401 0.018500
vn -0.940169 0.034199 -0.338989
vn -0.956912 0.277504 -0.085501
vn -0.963969 0.242792 -0.108697
vn -0.264389 0.942962 -0.202292
vn -0.218397 0.921486 -0.321195
vn -0.232793 0.959672 -0.157595
vn -0.351403 0.919108 -0.178202
vn -0.236792 0.956269 -0.171694
vn -0.218702 0.964410 -0.148602
vn -0.186302 0.852210 -0.488906
vn -0.314211 0.929734 -0.192007
vn -0.385302 0.906006 -0.175201
vn -0.790440 0.595030 -0.145407
vn -0.824889 0.443994 -0.349895
vn -0.738080 0.664082 -0.119297
vn -0.725145 0.360422 -0.586737
vn -0.715401 0.356201 -0.601101
vn -0.661182 0.748380 -0.052599
vn -0.595968 0.802557 -0.026899
vn -0.544911 0.837817 -0.033701
vn -0.888804 0.457502 0.026800
vn -0.881915 0.471408 0.000400
vn -0.924785 0.376894 0.052199
vn -0.919626 0.384311 0.081202
vn -0.917608 0.389104 0.081201
vn -0.952893 0.301798 0.030200
vn -0.959385 0.282095 -0.001800
vn 0.644536 0.757343 0.104906
vn 0.892027 0.352011 -0.283508
vn 0.789387 0.611490 0.054299
vn 0.850666 0.525279 -0.021199
vn 0.864510 0.500606 -0.044901
vn 0.564409 0.818713 0.105602
vn 0.470975 0.876754 0.097395
vn 0.471299 0.881898 -0.011600
vn 0.399719 0.913244 -0.078804
vn 0.372906 0.921515 -0.108402
vn 0.375682 0.925157 -0.054297
vn 0.329195 0.943984 0.022900
vn 0.511991 0.847785 -0.138298
vn 0.550382 0.824872 -0.129096
vn 0.312307 0.945622 0.090902
vn 0.315518 0.943855 0.097906
vn -0.426576 -0.898349 0.104894
vn -0.770534 -0.570825 -0.283613
vn -0.604305 -0.794907 0.054200
vn -0.685688 -0.727587 -0.021200
vn -0.705443 -0.707343 -0.044903
vn -0.333296 -0.936890 0.105599
vn -0.227995 -0.968779 0.097398
vn -0.227006 -0.973824 -0.011600
vn -0.149796 -0.985572 -0.078798
vn -0.121704 -0.986629 -0.108403
vn -0.123495 -0.990859 -0.054298
vn -0.073701 -0.997017 0.022900
vn -0.275100 -0.951402 -0.138400
vn -0.318198 -0.939193 -0.129099
vn -0.056902 -0.994233 0.090903
vn -0.060503 -0.993345 0.098004
vn 0.886421 0.358009 -0.293407
vn 0.859417 0.418708 -0.293406
vn 0.960702 0.091400 -0.262101
vn 0.808345 0.520629 -0.274815
vn 0.808725 0.520516 -0.273909
vn 0.958883 0.071699 -0.274595
vn 0.939166 -0.251891 -0.233492
vn 0.919601 -0.312400 -0.238200
vn 0.812743 -0.526728 -0.249013
vn 0.711815 -0.624513 -0.321407
vn 0.581509 -0.742711 -0.332005
vn 0.429612 -0.800123 -0.418612
vn 0.386904 -0.831708 -0.398204
vn 0.394096 -0.833991 -0.386196
vn 0.909346 -0.029101 -0.415021
vn 0.929412 -0.096501 -0.356204
vn 0.923523 -0.049701 -0.380309
vn 0.927664 0.015699 -0.373086
vn 0.903963 -0.042598 -0.425483
vn 0.911589 -0.165098 -0.376495
vn 0.946416 -0.210404 -0.245004
vn 0.601885 -0.393890 -0.694683
vn 0.229290 -0.483879 -0.844563
vn 0.914968 -0.241892 -0.322989
vn 0.932683 -0.244596 -0.265095
vn 0.200303 -0.504907 -0.839612
vn 0.455506 -0.455106 -0.765110
vn 0.861808 -0.308803 -0.402404
vn 0.553302 -0.172601 -0.814903
vn 0.713397 -0.102000 -0.693297
vn 0.817513 -0.000900 -0.575909
vn 0.799693 -0.041200 -0.598994
vn 0.827311 -0.012400 -0.561607
vn 0.546301 -0.213200 -0.810001
vn 0.438314 -0.235108 -0.867528
vn 0.214309 -0.371315 -0.903436
vn 0.306097 -0.304497 -0.901990
vn 0.261491 -0.351389 -0.898971
vn -0.489723 0.309915 -0.814938
vn -0.662706 0.283103 -0.693306
vn -0.789450 0.212486 -0.575863
vn -0.761781 0.246794 -0.598985
vn -0.795911 0.226103 -0.561608
vn -0.472506 0.347305 -0.810011
vn -0.362505 0.340605 -0.867513
vn -0.110905 0.414119 -0.903441
vn -0.216900 0.373300 -0.901999
vn -0.161694 0.407084 -0.898965
vn -0.451405 -0.309003 -0.837109
vn -0.599602 -0.346701 -0.721302
vn -0.064598 -0.082798 -0.994471
vn -0.789307 -0.539305 -0.293503
vn -0.798814 -0.600710 -0.032301
vn -0.726969 -0.610474 0.314386
vn 0.213308 0.051302 -0.975637
vn 0.263599 -0.008400 -0.964596
vn 0.139097 -0.232995 -0.962479
vn 0.516007 0.181603 -0.837112
vn 0.668890 0.179797 -0.721290
vn 0.083897 0.063298 -0.994462
vn 0.902008 0.316603 -0.293503
vn 0.927072 0.373489 -0.032299
vn 0.860203 0.401501 0.314401
vn -0.219309 0.005600 -0.975639
vn -0.252401 0.076400 -0.964602
vn -0.074099 0.260998 -0.962491
vn 0.222310 -0.974643 -0.025501
vn -0.016901 -0.999834 -0.006800
vn 0.014400 -0.999569 -0.025599
vn -0.117201 -0.993104 0.002800
vn -0.141301 -0.989706 0.022700
vn 0.230098 -0.972992 -0.018500
vn 0.409994 -0.910587 -0.052299
vn 0.421402 -0.903104 -0.082600
vn 0.559203 -0.820005 -0.122001
vn 0.550229 -0.825144 -0.128007
vn 0.677618 -0.714919 -0.172405
vn 0.701400 -0.686000 -0.193500
vn 0.745275 -0.569781 -0.346288
vn 0.743356 -0.549867 -0.380877
vn -0.994468 -0.100397 0.030899
vn -0.998170 -0.049099 0.035299
vn -0.999227 -0.005600 0.038901
vn -0.991741 -0.125005 0.028701
vn 0.986569 -0.160395 0.030899
vn 0.976871 -0.210894 0.035299
vn 0.966630 -0.253208 0.038901
vn 0.990307 -0.135901 0.028700
vn 0.342000 -0.939700 0.000200
vn 0.313286 -0.949658 -0.000700
vn 0.384010 -0.923325 -0.002700
vn 0.285402 -0.958407 -0.000900
vn 0.283794 -0.958878 -0.003700
vn -0.573570 0.819157 0.000200
vn -0.548407 0.836211 -0.000700
vn -0.609936 0.792446 -0.002800
vn -0.523701 0.851902 -0.000800
vn -0.522324 0.852739 -0.003600
vn -0.714452 0.688754 -0.123192
vn -0.739123 0.662921 -0.119304
vn -0.653031 0.744835 -0.137007
vn -0.775105 0.621204 -0.115401
vn -0.793209 0.598107 -0.114401
vn -0.616412 0.772515 -0.152503
vn -0.499304 0.842406 -0.202602
vn -0.453593 0.864688 -0.215797
vn -0.295899 0.910896 -0.287599
vn -0.260098 0.919094 -0.295998
vn -0.116002 0.947616 -0.297605
vn -0.103903 0.949330 -0.296609
vn -0.047399 0.975881 -0.213096
vn -0.051101 0.977926 -0.202605
vn -0.252402 -0.510004 -0.822307
vn 0.107803 -0.971630 -0.210507
vn 0.109001 -0.942409 -0.316203
vn 0.187393 -0.956663 -0.222891
vn 0.267903 -0.940011 -0.211203
vn 0.294997 -0.934589 -0.198798
vn 0.306698 -0.926694 -0.217199
vn 0.256007 -0.937924 -0.234006
vn 0.128002 -0.915211 -0.382105
vn -0.023499 -0.867671 -0.496583
vn 0.150103 -0.906419 -0.394808
vn -0.260394 -0.631686 -0.730184
vn -0.321907 -0.042401 -0.945821
vn 0.111798 0.557989 -0.822283
vn -0.355616 0.910640 -0.210409
vn -0.349196 0.882090 -0.316196
vn -0.428625 0.875551 -0.222913
vn -0.501993 0.838689 -0.211197
vn -0.526806 0.826410 -0.198802
vn -0.536115 0.815722 -0.217206
vn -0.490012 0.839720 -0.234006
vn -0.360589 0.850873 -0.382088
vn -0.201895 0.844179 -0.496588
vn -0.379680 0.836656 -0.394779
vn 0.088003 0.677623 -0.730125
vn 0.300002 0.124301 -0.945806
vn 0.753988 0.062699 -0.653889
vn 0.571501 -0.403401 -0.714601
vn 0.561787 -0.340892 -0.753782
vn 0.601398 -0.697798 -0.389099
vn 0.333214 -0.642626 -0.689928
vn 0.309414 -0.600626 -0.737232
vn 0.005100 -0.854137 -0.520023
vn 0.157604 -0.823018 -0.545712
vn 0.104797 -0.840876 -0.530985
vn 0.085396 -0.862860 -0.498177
vn -0.744551 0.134591 -0.653857
vn -0.447597 0.537597 -0.714595
vn -0.454392 0.474692 -0.753787
vn -0.400190 0.829780 -0.388990
vn -0.155598 0.706992 -0.689892
vn -0.143506 0.660226 -0.737229
vn 0.216096 0.826385 -0.519991
vn 0.060802 0.835826 -0.545617
vn 0.116400 0.839402 -0.530901
vn 0.140794 0.855566 -0.498180
vn -0.801750 0.065704 -0.594037
vn -0.676728 0.126805 -0.725230
vn -0.491008 -0.059601 -0.869114
vn -0.847807 0.081501 -0.524004
vn -0.784931 0.092604 -0.612624
vn -0.803384 0.211096 -0.556789
vn -0.591524 0.145606 -0.793032
vn -0.353195 0.022200 -0.935286
vn -0.263600 -0.108600 -0.958499
vn 0.135603 -0.237306 -0.961924
vn 0.267995 -0.242195 -0.932481
vn -0.817888 0.454993 -0.352195
vn -0.792605 0.498503 -0.351102
vn -0.611401 0.610801 -0.503101
vn -0.855687 0.450193 -0.255196
vn -0.855787 0.392594 -0.336895
vn -0.798308 0.425704 -0.426004
vn -0.749400 0.474100 -0.462200
vn -0.643204 0.568704 -0.512703
vn -0.440491 0.708086 -0.551889
vn -0.379802 0.747404 -0.545103
vn -0.298093 0.785881 -0.541787
vn 0.757426 -0.271009 -0.594020
vn 0.620901 -0.297600 -0.725201
vn 0.489707 -0.069501 -0.869112
vn 0.797885 -0.298194 -0.523890
vn 0.734221 -0.292608 -0.612617
vn 0.721344 -0.411825 -0.556834
vn 0.533715 -0.293708 -0.793022
vn 0.335399 -0.112800 -0.935299
vn 0.282702 0.036700 -0.958506
vn -0.069602 0.264307 -0.961924
vn -0.196196 0.303294 -0.932481
vn 0.672312 -0.651112 -0.352206
vn 0.636616 -0.686617 -0.351109
vn 0.432507 -0.748212 -0.503108
vn 0.710033 -0.656331 -0.255112
vn 0.725012 -0.600710 -0.336906
vn 0.660919 -0.617818 -0.426012
vn 0.601187 -0.651886 -0.462190
vn 0.474100 -0.715799 -0.512700
vn 0.242193 -0.797977 -0.551884
vn 0.173406 -0.820229 -0.545119
vn 0.084496 -0.836264 -0.541777
vn 0.115299 0.993295 0.008400
vn 0.007000 0.986202 -0.165400
vn 0.045098 0.998850 0.016299
vn 0.453701 0.887401 -0.081700
vn 0.260596 0.965087 -0.026400
vn 0.009200 0.979833 -0.199607
vn 0.531285 0.824777 -0.193595
vn -0.042200 0.871708 -0.488205
vn 0.059599 0.867879 -0.493188
vn -0.265907 0.765121 -0.586416
vn 0.147505 0.892132 -0.427015
vn 0.278201 0.875905 -0.394202
vn 0.171502 0.900012 -0.400705
vn 0.306691 0.879874 -0.362989
vn -0.126604 0.872128 -0.472615
vn -0.212596 0.822083 -0.528189
vn -0.350691 0.738882 -0.575386
vn -0.373692 0.680786 -0.629987
vn 0.615804 0.568804 -0.545204
vn 0.631129 0.359516 -0.687331
vn 0.571676 0.426082 -0.701171
vn 0.619608 0.225203 -0.751910
vn 0.658581 0.164195 -0.734378
vn 0.517498 0.560798 -0.646298
vn 0.550586 0.631384 -0.546086
vn 0.686392 0.553593 -0.471594
vn 0.637800 0.640600 -0.427600
vn 0.705513 0.600411 -0.376507
vn -0.447603 -0.708805 -0.545204
vn -0.516608 -0.510608 -0.687311
vn -0.441981 -0.559476 -0.701170
vn -0.540206 -0.377904 -0.751908
vn -0.593597 -0.329098 -0.734396
vn -0.354685 -0.675671 -0.646272
vn -0.368391 -0.752381 -0.546086
vn -0.519771 -0.712360 -0.471574
vn -0.450310 -0.783818 -0.427610
vn -0.526076 -0.762565 -0.376483
vn 0.172204 -0.972225 -0.158504
vn 0.251111 -0.953842 -0.164707
vn 0.284901 -0.943702 -0.168100
vn 0.153507 -0.975546 -0.157307
vn 0.153694 -0.975161 -0.159494
vn -0.418005 0.894511 -0.158502
vn -0.489503 0.856306 -0.164701
vn -0.519488 0.837780 -0.168096
vn -0.400786 0.902568 -0.157294
vn -0.400791 0.902179 -0.159496
vn 0.628486 -0.776483 0.045599
vn 0.570498 -0.821296 -0.002200
vn 0.779311 -0.626609 -0.005900
vn 0.899274 -0.276392 -0.338990
vn 0.852458 -0.515774 -0.085396
vn 0.868226 -0.484115 -0.108703
vn 0.488507 -0.865212 -0.113002
vn 0.536799 -0.798698 -0.271899
vn 0.460894 -0.886788 0.034400
vn 0.379210 -0.925125 0.018501
vn 0.397103 -0.903506 -0.161201
vn 0.404593 -0.894585 -0.189797
vn 0.343787 -0.938464 -0.033099
vn 0.323100 -0.945999 0.026300
vn 0.327208 -0.944122 0.039601
vn -0.615372 -0.769065 -0.172792
vn -0.506007 -0.854612 -0.116602
vn -0.552293 -0.823389 -0.130398
vn -0.694508 -0.632407 -0.343104
vn -0.724635 -0.600429 -0.338216
vn -0.727119 -0.601716 -0.330509
vn -0.447000 -0.893701 -0.038600
vn -0.372593 -0.925283 -0.070899
vn -0.345790 -0.937973 -0.025199
vn -0.306788 -0.951763 0.005300
vn 0.793464 0.583573 -0.172792
vn 0.709991 0.694491 -0.116599
vn 0.746585 0.652387 -0.130397
vn 0.834519 0.431110 -0.343108
vn 0.855316 0.392407 -0.338306
vn 0.858039 0.393018 -0.330615
vn 0.663068 0.747564 -0.038598
vn 0.599402 0.797302 -0.070900
vn 0.576798 0.816498 -0.025200
vn 0.542705 0.839907 0.005200
vn -0.866772 0.060798 -0.494984
vn -0.831694 -0.096999 -0.546696
vn -0.604820 -0.118304 -0.787526
vn -0.412010 -0.220805 -0.884021
vn -0.774812 0.072601 -0.628010
vn -0.194502 -0.267902 -0.943609
vn -0.471500 -0.106600 -0.875400
vn -0.629699 0.045600 -0.775499
vn -0.445079 -0.145093 -0.883659
vn -0.658488 0.034799 -0.751786
vn -0.627601 -0.007300 -0.778501
vn 0.942257 -0.310286 -0.125994
vn 0.766244 -0.599056 -0.232383
vn 0.840320 -0.514212 -0.171604
vn 0.951242 -0.283383 -0.121793
vn 0.974550 -0.187210 -0.123306
vn 0.972344 -0.190009 -0.135806
vn 0.635483 -0.698281 -0.329491
vn 0.495279 -0.739569 -0.455781
vn 0.422897 -0.742694 -0.519196
vn 0.422994 -0.741590 -0.520693
vn -0.990460 0.055798 -0.125995
vn -0.895191 0.380296 -0.232398
vn -0.944805 0.279101 -0.171601
vn -0.992174 0.027499 -0.121797
vn -0.989798 -0.071400 -0.123300
vn -0.988393 -0.068100 -0.135799
vn -0.794576 0.509985 -0.329490
vn -0.669795 0.586195 -0.455796
vn -0.600715 0.607915 -0.519213
vn -0.600483 0.606883 -0.520685
vn -0.477192 -0.875886 -0.071499
vn -0.563474 -0.823461 -0.066397
vn -0.471791 -0.878782 -0.071799
vn -0.380309 -0.921723 -0.076102
vn -0.156094 0.987060 0.036699
vn -0.104399 0.993991 0.032900
vn -0.307595 0.951385 0.015900
vn -0.030199 0.996976 0.071598
vn -0.419916 0.907534 -0.007200
vn -0.510497 0.858995 0.039000
vn -0.644931 0.764236 0.002800
vn -0.700513 0.711914 -0.049601
vn -0.292714 -0.138307 -0.946145
vn -0.744708 0.607007 -0.277403
vn -0.745370 0.589776 -0.310787
vn 0.266495 -0.930284 -0.252096
vn 0.282490 -0.928868 -0.239592
vn 0.236301 -0.957705 -0.164201
vn 0.153099 -0.964294 -0.216099
vn 0.331283 -0.845156 -0.419478
vn 0.114797 -0.930779 -0.347092
vn 0.352683 -0.827761 -0.436379
vn 0.363688 -0.818473 -0.444785
vn 0.218493 -0.929770 -0.296291
vn -0.027799 -0.924078 -0.381191
vn -0.086498 -0.909775 -0.405989
vn -0.308784 -0.932550 -0.187090
vn -0.112700 -0.847497 -0.518698
vn -0.350081 -0.911549 -0.215688
vn -0.372382 -0.904657 -0.207190
vn -0.016601 0.967555 -0.252114
vn -0.032401 0.970329 -0.239607
vn 0.019701 0.986230 -0.164205
vn 0.101696 0.971062 -0.216092
vn -0.101200 0.902097 -0.419499
vn 0.130001 0.928810 -0.347004
vn -0.126403 0.890824 -0.436412
vn -0.139500 0.884699 -0.444800
vn 0.029601 0.954633 -0.296310
vn 0.266103 0.885409 -0.381104
vn 0.319087 0.856365 -0.405983
vn 0.539586 0.820879 -0.187095
vn 0.328294 0.789485 -0.518590
vn 0.574095 0.789894 -0.215598
vn 0.593912 0.777416 -0.207104
vn 0.309482 0.945946 -0.096994
vn 0.353803 0.929609 -0.103201
vn 0.101102 0.986516 -0.128702
vn 0.530829 0.843647 -0.080504
vn 0.018700 0.985524 -0.168504
vn 0.559901 0.823701 -0.089600
vn 0.652520 0.749223 -0.113503
vn 0.661124 0.738627 -0.131705
vn -0.233199 0.942195 -0.240599
vn -0.140402 0.974017 -0.177703
vn -0.403205 0.865811 -0.296304
vn -0.454196 0.840293 -0.295997
vn -0.542527 0.783638 -0.302615
vn -0.568674 0.772864 -0.281587
vn -0.054101 -0.993813 -0.097001
vn -0.101200 -0.989499 -0.103200
vn 0.157695 -0.979066 -0.128696
vn -0.294396 -0.952287 -0.080499
vn 0.236997 -0.956787 -0.168498
vn -0.327587 -0.940563 -0.089596
vn -0.436386 -0.892572 -0.113496
vn -0.447394 -0.884587 -0.131698
vn 0.469194 -0.849689 -0.240597
vn 0.387783 -0.904461 -0.177692
vn 0.613607 -0.731909 -0.296304
vn 0.656204 -0.694104 -0.296002
vn 0.726892 -0.616493 -0.302597
vn 0.749310 -0.599408 -0.281504
vn -0.820407 -0.163501 -0.547905
vn -0.806096 0.010200 -0.591697
vn -0.794904 0.025400 -0.606203
vn -0.798802 0.191200 -0.570401
vn -0.790922 0.167605 -0.588516
vn -0.804995 0.251799 -0.537197
vn -0.860579 -0.151096 -0.486388
vn -0.879478 -0.240694 -0.410590
vn -0.917876 -0.253093 -0.305692
vn -0.832310 -0.255903 -0.491706
vn -0.862564 -0.300987 -0.406683
vn 0.834781 -0.054399 -0.547888
vn 0.775989 -0.218497 -0.591692
vn 0.761264 -0.230289 -0.606171
vn 0.722108 -0.391404 -0.570406
vn 0.720603 -0.366601 -0.588502
vn 0.712418 -0.451511 -0.537214
vn 0.870341 -0.076804 -0.486423
vn 0.911802 0.004900 -0.410601
vn 0.952103 0.006900 -0.305701
vn 0.870188 0.031800 -0.491693
vn 0.911071 0.067498 -0.406687
vn -0.469483 0.865968 -0.172294
vn -0.500013 0.844122 -0.193505
vn -0.572403 0.743303 -0.346202
vn -0.575690 0.723587 -0.380793
vn -0.327901 0.936802 -0.122000
vn -0.317913 0.939439 -0.128005
vn -0.173300 0.981399 -0.082600
vn -0.160297 0.985682 -0.052299
vn 0.037499 0.998971 -0.025499
vn 0.029500 0.999392 -0.018600
vn 0.244808 0.969233 -0.025601
vn 0.275098 0.961392 -0.006800
vn 0.370303 0.928907 0.002900
vn 0.392610 0.919423 0.022801
vn 0.421506 0.296704 -0.856913
vn 0.187905 -0.110703 -0.975928
vn 0.182897 -0.032799 -0.982585
vn 0.047600 -0.303603 -0.951609
vn 0.008300 -0.376699 -0.926298
vn -0.015500 -0.424498 -0.905296
vn 0.244095 0.159896 -0.956478
vn 0.337191 0.309592 -0.889076
vn 0.546203 0.400502 -0.735704
vn 0.519667 0.525867 -0.673357
vn 0.625916 0.549914 -0.553014
vn -0.761815 -0.296006 -0.576211
vn -0.493483 0.130096 -0.859971
vn -0.767503 -0.335401 -0.546302
vn -0.560685 0.108597 -0.820877
vn -0.188609 0.458323 -0.868543
vn -0.322906 0.302406 -0.896818
vn 0.186797 0.661191 -0.726590
vn 0.001000 0.640587 -0.767885
vn 0.076200 0.666500 -0.741600
vn 0.127996 0.710677 -0.691777
vn -0.330397 -0.395696 -0.856891
vn -0.210107 0.058402 -0.975933
vn -0.185196 -0.015600 -0.982578
vn -0.124503 0.280907 -0.951625
vn -0.105497 0.361789 -0.926272
vn -0.094897 0.414089 -0.905276
vn -0.194393 -0.217692 -0.956463
vn -0.245594 -0.386291 -0.889080
vn -0.423913 -0.528216 -0.735722
vn -0.365896 -0.642493 -0.673293
vn -0.462183 -0.693174 -0.553079
vn 0.659277 0.483083 -0.576180
vn 0.510371 0.002100 -0.859952
vn 0.654582 0.522585 -0.546285
vn 0.569683 0.040299 -0.820876
vn 0.300796 -0.393795 -0.868589
vn 0.390204 -0.208502 -0.896810
vn -0.009300 -0.686999 -0.726599
vn 0.164801 -0.619003 -0.767904
vn 0.098901 -0.663505 -0.741606
vn 0.060299 -0.719583 -0.691784
vn 0.687630 0.722532 -0.071503
vn 0.757383 0.649586 -0.066399
vn 0.683196 0.726696 -0.071800
vn 0.605896 0.791895 -0.076100
vn -0.895488 0.024800 -0.444394
vn -0.856703 0.022900 -0.515302
vn -0.959613 0.003300 -0.281304
vn -0.640515 0.137603 -0.755517
vn -0.174095 0.323791 -0.929973
vn -0.968849 -0.009100 -0.247487
vn -0.984255 -0.029399 -0.174292
vn -0.974154 -0.051698 -0.219890
vn -0.982379 0.001000 -0.186896
vn -0.966127 -0.088802 -0.242307
vn -0.939320 -0.124103 -0.319807
vn -0.915720 -0.170804 -0.363708
vn -0.861579 -0.260494 -0.435689
vn -0.842833 -0.295612 -0.449718
vn 0.786376 0.617581 -0.014400
vn 0.799228 0.600821 0.015801
vn 0.833931 0.550821 0.034001
vn 0.859507 0.509604 0.039400
vn 0.877755 0.478430 0.025502
vn 0.890486 0.410394 -0.196497
vn 0.849218 0.489310 -0.198504
vn 0.926780 0.331393 -0.176796
vn 0.927270 0.331189 -0.174594
vn 0.736168 0.611573 -0.289887
vn 0.719693 0.620794 -0.310897
vn 0.052098 0.974469 -0.218393
vn 0.050302 0.968744 -0.242911
vn -0.110903 0.825824 -0.552916
vn 0.234507 0.937030 -0.258808
vn 0.298502 0.919407 -0.256102
vn 0.447181 0.829265 -0.335186
vn 0.514793 0.799190 -0.310296
vn 0.606507 0.728408 -0.318703
vn 0.666501 0.696701 -0.265300
vn 0.703639 0.662136 -0.257814
vn 0.708215 0.653314 -0.267606
vn -0.162900 0.807099 -0.567499
vn 0.345193 -0.747984 -0.566888
vn 0.305197 -0.777193 -0.550295
vn 0.399102 -0.749903 -0.527602
vn -0.302497 -0.927792 -0.218398
vn -0.299299 -0.922698 -0.242999
vn -0.106603 -0.826323 -0.553015
vn -0.469012 -0.844421 -0.258806
vn -0.526320 -0.810831 -0.256010
vn -0.646638 -0.685240 -0.335120
vn -0.704107 -0.638706 -0.310303
vn -0.774386 -0.546590 -0.318694
vn -0.824112 -0.500507 -0.265204
vn -0.851014 -0.457507 -0.257804
vn -0.853164 -0.447781 -0.267589
vn -0.051500 -0.821695 -0.567596
vn -0.139902 0.811813 -0.566909
vn -0.093603 0.829626 -0.550417
vn -0.191408 0.827634 -0.527622
vn -0.752940 -0.628934 -0.193710
vn -0.685723 -0.699124 -0.202507
vn -0.809405 -0.560004 -0.176801
vn -0.809970 -0.559879 -0.174594
vn -0.568980 -0.766073 -0.298989
vn -0.562901 -0.765701 -0.311200
vn 0.870497 -0.289399 -0.398099
vn 0.894080 -0.157797 -0.419191
vn 0.888190 -0.198898 -0.414195
vn 0.826977 -0.332491 -0.453387
vn 0.860567 -0.232291 -0.453283
vn 0.738906 -0.454103 -0.497804
vn 0.661585 -0.530388 -0.530088
vn 0.564706 -0.702207 -0.433604
vn 0.509203 -0.753704 -0.415502
vn 0.457392 -0.847985 -0.267795
vn 0.452809 -0.861216 -0.230804
vn 0.984565 -0.168594 0.046998
vn 0.978443 -0.199809 0.052202
vn 0.975496 -0.213999 0.051100
vn 0.976286 -0.209897 0.052999
vn 0.965453 -0.254814 0.054503
vn -0.765935 0.504823 -0.398118
vn -0.822787 0.383794 -0.419194
vn -0.806430 0.422015 -0.414215
vn -0.712766 0.535175 -0.453379
vn -0.771110 0.447106 -0.453306
vn -0.596190 0.629890 -0.497792
vn -0.501696 0.683594 -0.530095
vn -0.363801 0.824402 -0.433601
vn -0.296802 0.859806 -0.415503
vn -0.222391 0.937460 -0.267789
vn -0.214493 0.949067 -0.230792
vn -0.907374 0.417688 0.046999
vn -0.893368 0.446284 0.052198
vn -0.886870 0.459184 0.051098
vn -0.888706 0.455403 0.053000
vn -0.866565 0.496080 0.054498
vn -0.957707 -0.286702 0.024500
vn -0.977795 -0.209399 0.008300
vn -0.960606 -0.277002 0.022500
vn -0.935207 -0.352003 0.038500
vn 0.999274 0.029099 0.024599
vn 0.998669 -0.050898 0.008300
vn 0.999568 0.018899 0.022499
vn 0.994441 0.098004 0.038502
vn 0.981861 0.110196 -0.154294
vn 0.987523 -0.013400 -0.156904
vn 0.986041 0.045002 -0.160307
vn 0.974436 0.143205 -0.173106
vn 0.979265 -0.068098 -0.190793
vn -0.919907 -0.360503 -0.154301
vn -0.957358 -0.242589 -0.156893
vn -0.940818 -0.298606 -0.160303
vn -0.904186 -0.390494 -0.173097
vn -0.963533 -0.187607 -0.190807
vn 0.214306 -0.952628 -0.215806
vn 0.264305 -0.942918 -0.202604
vn 0.050002 -0.956441 -0.287612
vn 0.395506 -0.905714 -0.152502
vn 0.013400 -0.955095 -0.295998
vn 0.437996 -0.888492 -0.136899
vn -0.133194 -0.945358 -0.297587
vn 0.511885 -0.850175 -0.123196
vn -0.145298 -0.943885 -0.296595
vn -0.206794 -0.954874 -0.213194
vn -0.203704 -0.957818 -0.202704
vn 0.542403 -0.831605 -0.119301
vn 0.587994 -0.800591 -0.115399
vn 0.611404 -0.783005 -0.114401
vn -0.849200 0.419000 -0.321400
vn -0.621987 0.661687 -0.418692
vn -0.753913 0.566910 -0.332006
vn -0.589008 0.703209 -0.398205
vn -0.596602 0.703502 -0.386201
vn -0.921390 0.298397 -0.248997
vn -0.969117 0.063801 -0.238204
vn -0.972359 0.000200 -0.233490
vn -0.904320 -0.336907 -0.262106
vn -0.907669 -0.317389 -0.274591
vn -0.763505 -0.575304 -0.293402
vn -0.721770 -0.626874 -0.293388
vn -0.646085 -0.712083 -0.274794
vn -0.646419 -0.712121 -0.273908
vn 0.943786 -0.127698 -0.304895
vn 0.948821 -0.077302 -0.306207
vn 0.948720 -0.091102 -0.302706
vn 0.944256 -0.134494 -0.300486
vn 0.954117 -0.017800 -0.298905
vn -0.944682 -0.120898 -0.304894
vn -0.936485 -0.170997 -0.306195
vn -0.939984 -0.157497 -0.302695
vn -0.946886 -0.114498 -0.300496
vn -0.926223 -0.229706 -0.298908
vn 0.209708 0.974336 0.081803
vn 0.111805 0.992240 0.054402
vn 0.191593 0.978465 0.076797
vn 0.288214 0.951945 0.103605
vn -0.188990 0.981748 -0.021299
vn -0.159702 0.987012 -0.017400
vn -0.147904 0.988628 -0.027201
vn -0.227101 0.973705 -0.018000
vn -0.273294 0.961478 -0.029499
vn 0.166803 0.980319 -0.105602
vn 0.224706 0.957525 -0.180705
vn 0.230097 0.970886 -0.066599
vn 0.262202 0.959107 -0.106601
vn 0.249201 0.966802 -0.056500
vn 0.172591 0.926354 -0.334783
vn 0.150999 0.942295 -0.298798
vn 0.105305 0.957643 -0.268012
vn 0.053799 0.941782 -0.331894
vn 0.024301 0.942253 -0.334019
vn -0.020599 0.925867 -0.377287
vn 0.954016 -0.269905 -0.130402
vn 0.936645 -0.325816 -0.128606
vn 0.918820 -0.361408 -0.158603
vn 0.965925 -0.232706 -0.113303
vn 0.970848 -0.190490 -0.145492
vn 0.970158 -0.180692 -0.161693
vn -0.991366 0.013800 -0.130396
vn -0.989058 0.072297 -0.128595
vn -0.981048 0.111305 -0.158608
vn -0.993241 -0.025201 -0.113305
vn -0.987068 -0.067298 -0.145495
vn -0.983871 -0.076498 -0.161695
vn -0.397027 0.333022 -0.855258
vn -0.403398 0.334999 -0.851496
vn -0.403290 0.328492 -0.854079
vn -0.419897 0.304698 -0.854895
vn -0.430380 0.294486 -0.853259
vn 0.199805 -0.968624 -0.147804
vn 0.267202 -0.951207 -0.154301
vn 0.249905 -0.957518 -0.143903
vn 0.184410 -0.971055 -0.151809
vn 0.304814 -0.939045 -0.159008
vn -0.443701 0.883903 -0.147800
vn -0.504188 0.849680 -0.154396
vn -0.489132 0.860256 -0.143909
vn -0.429507 0.890214 -0.151802
vn -0.537401 0.828202 -0.159000
vn -0.382100 0.922099 0.061100
vn -0.366802 0.926306 0.086101
vn -0.323310 0.941329 0.096803
vn -0.276895 0.955482 0.101898
vn -0.246906 0.964624 0.092402
vn 0.607706 -0.791808 0.061101
vn 0.594021 -0.799828 0.086103
vn 0.555892 -0.825588 0.096899
vn 0.514697 -0.851295 0.101899
vn 0.488169 -0.867845 0.092394
vn -0.717784 -0.466490 -0.516888
vn -0.620997 -0.560998 -0.547398
vn -0.662598 -0.526798 -0.532398
vn -0.731113 -0.422607 -0.535609
vn -0.726793 -0.418296 -0.544794
vn -0.597620 0.777326 -0.196507
vn -0.597620 0.777326 -0.196507
vn -0.597620 0.777326 -0.196507
vn 0.778465 -0.596173 -0.196391
vn 0.778465 -0.596173 -0.196391
vn 0.778465 -0.596173 -0.196391
vn 0.497684 -0.648680 -0.575782
vn 0.495111 -0.656314 -0.569313
vn 0.519282 -0.624978 -0.582880
vn 0.464312 -0.660617 -0.589915
vn 0.518315 -0.617718 -0.591417
vn -0.312797 0.755393 -0.575795
vn -0.308399 0.762096 -0.569297
vn -0.339795 0.738090 -0.582892
vn -0.277499 0.758297 -0.589898
vn -0.340806 0.730812 -0.591410
vn 0.129102 0.659412 -0.740614
vn -0.137601 0.486803 -0.862606
vn 0.148998 0.709093 -0.689193
vn 0.320793 0.762184 -0.562288
vn 0.347504 0.773109 -0.530606
vn -0.423997 -0.168799 -0.889794
vn -0.386006 0.089801 -0.918115
vn -0.484894 -0.282796 -0.827589
vn -0.526214 -0.297208 -0.796722
vn -0.295497 -0.603494 -0.740592
vn 0.006900 -0.505810 -0.862617
vn -0.327486 -0.646372 -0.689170
vn -0.507100 -0.653199 -0.562299
vn -0.535699 -0.656799 -0.530699
vn 0.453206 0.053301 -0.889811
vn 0.349690 -0.186695 -0.918075
vn 0.541519 0.147605 -0.827629
vn 0.585212 0.150903 -0.796716
vn 0.774818 0.631515 0.029101
vn 0.814737 0.579526 0.018801
vn 0.841674 0.539884 -0.010500
vn 0.739489 0.672790 0.022600
vn 0.729000 0.684500 0.004400
vn -0.585005 -0.810507 0.029100
vn -0.636968 -0.770661 0.018799
vn -0.673297 -0.739297 -0.010500
vn -0.540170 -0.841253 0.022599
vn -0.527096 -0.849794 0.004400
vn -0.918368 0.210993 -0.334788
vn -0.918368 0.210993 -0.334788
vn -0.918368 0.210993 -0.334788
vn 0.941682 0.033899 -0.334793
vn 0.941682 0.033899 -0.334793
vn 0.941682 0.033899 -0.334793
vn 0.141600 0.509400 -0.848800
vn 0.117303 0.523812 -0.843719
vn 0.125601 0.518004 -0.846107
vn 0.151500 0.505200 -0.849600
vn 0.153301 0.508002 -0.847604
vn -0.467518 0.337713 -0.816931
vn -0.470423 0.331916 -0.817639
vn -0.470083 0.331088 -0.818170
vn -0.459587 0.354590 -0.814277
vn -0.453201 0.369101 -0.811402
vn 0.698664 -0.267486 -0.663566
vn 0.707480 -0.247493 -0.661981
vn 0.721064 -0.214689 -0.658768
vn 0.729508 -0.192902 -0.656207
vn 0.376416 0.920740 -0.102704
vn 0.557388 0.784884 0.270694
vn 0.200290 0.972953 -0.115094
vn -0.107694 0.919447 -0.378178
vn -0.107694 0.919447 -0.378178
vn -0.107694 0.919447 -0.378178
vn -0.165596 -0.536986 -0.827178
vn -0.034099 -0.496486 -0.867375
vn -0.404682 -0.424681 -0.809864
vn 0.298902 0.475803 -0.827206
vn 0.161401 0.470702 -0.867404
vn 0.500783 0.305489 -0.809872
vn -0.016601 0.967555 -0.252114
vn 0.101696 0.971062 -0.216092
vn 0.295414 0.955344 -0.007000
vn 0.266495 -0.930284 -0.252096
vn 0.153099 -0.964294 -0.216099
vn -0.037998 -0.999253 -0.007100
f 1/1/1 2/2/2 3/3/3
f 3/3/3 2/2/2 4/4/4
f 5/5/5 3/3/3 4/4/4
f 5/5/5 6/6/6 3/3/3
f 6/6/6 7/7/7 3/3/3
f 6/6/6 8/8/8 7/7/7
f 8/8/8 9/9/9 7/7/7
f 3/3/3 7/7/7 9/9/9
f 8/8/8 10/10/10 9/9/9
f 11/11/11 1/1/1 3/3/3
f 3/3/3 9/9/9 11/11/11
f 9/9/9 10/10/10 12/12/12
f 12/12/12 10/10/10 13/13/13
f 14/14/14 13/13/13 15/15/15
f 14/14/14 12/12/12 13/13/13
f 12/12/12 14/14/14 16/16/16
f 12/12/12 16/16/16 17/17/17
f 12/12/12 17/17/17 18/18/18
f 9/9/9 12/12/12 18/18/18
f 9/9/9 18/18/18 19/19/19
f 9/9/9 19/19/19 11/11/11
f 20/20/20 19/19/19 18/18/18
f 11/11/11 19/19/19 20/20/20
f 20/20/20 18/18/18 21/21/21
f 20/20/20 21/21/21 22/22/22
f 23/23/23 20/20/20 22/22/22
f 23/23/23 24/24/24 20/20/20
f 24/24/24 11/11/11 20/20/20
f 24/24/24 23/23/23 25/25/25
f 24/24/24 25/25/25 26/26/26
f 24/24/24 26/26/26 27/27/27
f 24/24/24 27/27/27 11/11/11
f 11/11/11 27/27/27 1/1/1
f 28/28/28 1/1/1 27/27/27
f 28/28/28 29/29/29 1/1/1
f 30/30/30 29/29/29 28/28/28
f 29/29/29 2/2/2 1/1/1
f 30/30/30 31/31/31 29/29/29
f 32/32/32 2/2/2 29/29/29
f 33/33/33 29/29/29 31/31/31
f 32/32/32 29/29/29 33/33/33
f 33/33/33 31/31/31 34/34/34
f 32/32/32 35/35/35 2/2/2
f 32/32/32 36/36/36 35/35/35
f 37/37/37 35/35/35 36/36/36
f 38/38/38 39/39/39 40/40/40
f 40/40/40 39/39/39 41/41/41
f 42/42/42 40/40/40 41/41/41
f 42/42/42 43/43/43 40/40/40
f 43/43/43 44/44/44 40/40/40
f 43/43/43 45/45/45 44/44/44
f 45/45/45 46/46/46 44/44/44
f 40/40/40 44/44/44 46/46/46
f 45/45/45 47/47/47 46/46/46
f 48/48/48 38/38/38 40/40/40
f 40/40/40 46/46/46 48/48/48
f 46/46/46 47/47/47 49/49/49
f 49/49/49 47/47/47 50/50/50
f 51/51/51 50/50/50 52/52/52
f 51/51/51 49/49/49 50/50/50
f 49/49/49 51/51/51 53/53/53
f 49/49/49 53/53/53 54/54/54
f 49/49/49 54/54/54 55/55/55
f 46/46/46 49/49/49 55/55/55
f 46/46/46 55/55/55 56/56/56
f 46/46/46 56/56/56 48/48/48
f 57/57/57 56/56/56 55/55/55
f 48/48/48 56/56/56 57/57/57
f 57/57/57 55/55/55 58/58/58
f 57/57/57 58/58/58 59/59/59
f 60/60/60 57/57/57 59/59/59
f 60/60/60 61/61/61 57/57/57
f 61/61/61 48/48/48 57/57/57
f 61/61/61 60/60/60 62/62/62
f 61/61/61 62/62/62 63/63/63
f 61/61/61 63/63/63 64/64/64
f 61/61/61 64/64/64 48/48/48
f 48/48/48 64/64/64 38/38/38
f 65/65/65 38/38/38 64/64/64
f 65/65/65 66/66/66 38/38/38
f 67/67/67 66/66/66 65/65/65
f 66/66/66 39/39/39 38/38/38
f 67/67/67 68/68/68 66/66/66
f 69/69/69 39/39/39 66/66/66
f 70/70/70 66/66/66 68/68/68
f 69/69/69 66/66/66 70/70/70
f 70/70/70 68/68/68 71/71/71
f 69/69/69 72/72/72 39/39/39
f 69/69/69 73/73/73 72/72/72
f 74/74/74 72/72/72 73/73/73
f 75/75/75 76/76/76 77/77/77
f 75/75/75 77/77/77 78/78/78
f 76/76/76 79/79/79 77/77/77
f 80/80/80 79/79/79 76/76/76
f 81/81/81 75/75/75 78/78/78
f 81/81/81 78/78/78 82/82/82
f 76/76/76 75/75/75 83/83/83
f 81/81/81 83/83/83 75/75/75
f 80/80/80 76/76/76 84/84/84
f 84/84/84 76/76/76 83/83/83
f 85/85/85 81/81/81 82/82/82
f 81/81/81 85/85/85 83/83/83
f 85/85/85 82/82/82 86/86/86
f 84/84/84 87/87/87 80/80/80
f 84/84/84 83/83/83 88/88/88
f 84/84/84 88/88/88 87/87/87
f 83/83/83 89/89/89 88/88/88
f 85/85/85 89/89/89 83/83/83
f 90/90/90 88/88/88 89/89/89
f 88/88/88 90/90/90 87/87/87
f 85/85/85 91/91/91 89/89/89
f 90/90/90 89/89/89 91/91/91
f 85/85/85 92/92/92 91/91/91
f 86/86/86 92/92/92 85/85/85
f 91/91/91 93/93/93 90/90/90
f 93/93/93 91/91/91 92/92/92
f 93/93/93 94/94/94 90/90/90
f 94/94/94 87/87/87 90/90/90
f 92/92/92 95/95/95 93/93/93
f 93/93/93 95/95/95 94/94/94
f 86/86/86 96/96/96 92/92/92
f 92/92/92 96/96/96 95/95/95
f 96/96/96 86/86/86 97/97/97
f 96/96/96 97/97/97 98/98/98
f 96/96/96 98/98/98 99/99/99
f 99/99/99 98/98/98 100/100/100
f 101/101/101 99/99/99 100/100/100
f 96/96/96 99/99/99 102/102/102
f 96/96/96 102/102/102 95/95/95
f 101/101/101 103/103/103 99/99/99
f 101/101/101 104/104/104 103/103/103
f 105/105/105 103/103/103 104/104/104
f 103/103/103 105/105/105 106/106/106
f 103/103/103 106/106/106 107/107/107
f 107/107/107 106/106/106 108/108/108
f 107/107/107 108/108/108 109/109/109
f 107/107/107 109/109/109 110/110/110
f 107/107/107 110/110/110 111/111/111
f 111/111/111 112/112/112 107/107/107
f 103/103/103 107/107/107 112/112/112
f 103/103/103 112/112/112 99/99/99
f 112/112/112 102/102/102 99/99/99
f 112/112/112 113/113/113 102/102/102
f 102/102/102 113/113/113 95/95/95
f 112/112/112 114/114/114 113/113/113
f 115/115/115 114/114/114 112/112/112
f 115/115/115 112/112/112 116/116/116
f 115/115/115 116/116/116 117/117/117
f 118/118/118 114/114/114 115/115/115
f 113/113/113 114/114/114 118/118/118
f 118/118/118 95/95/95 113/113/113
f 118/118/118 119/119/119 95/95/95
f 119/119/119 120/120/120 95/95/95
f 95/95/95 120/120/120 94/94/94
f 94/94/94 120/120/120 121/121/121
f 119/119/119 121/121/121 120/120/120
f 94/94/94 121/121/121 122/122/122
f 122/122/122 87/87/87 94/94/94
f 123/123/123 121/121/121 119/119/119
f 87/87/87 122/122/122 124/124/124
f 121/121/121 123/123/123 125/125/125
f 122/122/122 121/121/121 126/126/126
f 122/122/122 126/126/126 124/124/124
f 119/119/119 127/127/127 123/123/123
f 125/125/125 123/123/123 127/127/127
f 121/121/121 128/128/128 126/126/126
f 121/121/121 125/125/125 128/128/128
f 129/129/129 124/124/124 126/126/126
f 87/87/87 124/124/124 130/130/130
f 129/129/129 130/130/130 124/124/124
f 130/130/130 131/131/131 87/87/87
f 87/87/87 131/131/131 132/132/132
f 133/133/133 131/131/131 130/130/130
f 129/129/129 133/133/133 130/130/130
f 134/134/134 132/132/132 131/131/131
f 133/133/133 134/134/134 131/131/131
f 132/132/132 134/134/134 135/135/135
f 135/135/135 134/134/134 136/136/136
f 135/135/135 136/136/136 137/137/137
f 138/138/138 137/137/137 136/136/136
f 138/138/138 136/136/136 139/139/139
f 139/139/139 136/136/136 134/134/134
f 139/139/139 134/134/134 140/140/140
f 140/140/140 134/134/134 133/133/133
f 139/139/139 140/140/140 141/141/141
f 142/142/142 140/140/140 133/133/133
f 142/142/142 141/141/141 140/140/140
f 129/129/129 142/142/142 133/133/133
f 142/142/142 143/143/143 141/141/141
f 144/144/144 143/143/143 142/142/142
f 142/142/142 129/129/129 144/144/144
f 144/144/144 145/145/145 143/143/143
f 146/146/146 145/145/145 144/144/144
f 144/144/144 129/129/129 147/147/147
f 146/146/146 144/144/144 147/147/147
f 147/147/147 129/129/129 126/126/126
f 148/148/148 146/146/146 147/147/147
f 128/128/128 147/147/147 126/126/126
f 148/148/148 147/147/147 128/128/128
f 148/148/148 128/128/128 149/149/149
f 148/148/148 149/149/149 150/150/150
f 149/149/149 128/128/128 125/125/125
f 151/151/151 150/150/150 149/149/149
f 149/149/149 125/125/125 151/151/151
f 151/151/151 152/152/152 150/150/150
f 152/152/152 151/151/151 125/125/125
f 153/153/153 150/150/150 152/152/152
f 152/152/152 125/125/125 127/127/127
f 153/153/153 152/152/152 154/154/154
f 127/127/127 154/154/154 152/152/152
f 155/155/155 153/153/153 154/154/154
f 127/127/127 155/155/155 154/154/154
f 155/155/155 156/156/156 153/153/153
f 157/157/157 156/156/156 155/155/155
f 155/155/155 127/127/127 157/157/157
f 157/157/157 158/158/158 156/156/156
f 159/159/159 158/158/158 157/157/157
f 157/157/157 127/127/127 160/160/160
f 119/119/119 160/160/160 127/127/127
f 159/159/159 157/157/157 161/161/161
f 157/157/157 160/160/160 161/161/161
f 118/118/118 160/160/160 119/119/119
f 118/118/118 161/161/161 160/160/160
f 118/118/118 162/162/162 161/161/161
f 159/159/159 161/161/161 162/162/162
f 163/163/163 164/164/164 165/165/165
f 164/164/164 166/166/166 165/165/165
f 164/164/164 167/167/167 166/166/166
f 163/163/163 167/167/167 164/164/164
f 168/168/168 165/165/165 166/166/166
f 168/168/168 166/166/166 169/169/169
f 163/163/163 170/170/170 167/167/167
f 171/171/171 168/168/168 169/169/169
f 171/171/171 165/165/165 168/168/168
f 171/171/171 169/169/169 172/172/172
f 173/173/173 170/170/170 163/163/163
f 173/173/173 174/174/174 170/170/170
f 175/175/175 174/174/174 173/173/173
f 163/163/163 175/175/175 173/173/173
f 175/175/175 176/176/176 174/174/174
f 163/163/163 165/165/165 177/177/177
f 163/163/163 177/177/177 175/175/175
f 171/171/171 177/177/177 165/165/165
f 176/176/176 175/175/175 178/178/178
f 176/176/176 178/178/178 179/179/179
f 180/180/180 179/179/179 178/178/178
f 175/175/175 181/181/181 178/178/178
f 180/180/180 178/178/178 181/181/181
f 175/175/175 177/177/177 181/181/181
f 182/182/182 180/180/180 181/181/181
f 183/183/183 177/177/177 171/171/171
f 184/184/184 181/181/181 177/177/177
f 182/182/182 181/181/181 185/185/185
f 184/184/184 185/185/185 181/181/181
f 186/186/186 182/182/182 185/185/185
f 186/186/186 185/185/185 184/184/184
f 183/183/183 171/171/171 187/187/187
f 187/187/187 188/188/188 183/183/183
f 172/172/172 187/187/187 171/171/171
f 187/187/187 189/189/189 188/188/188
f 172/172/172 189/189/189 187/187/187
f 190/190/190 191/191/191 192/192/192
f 191/191/191 190/190/190 193/193/193
f 194/194/194 192/192/192 191/191/191
f 195/195/195 193/193/193 190/190/190
f 190/190/190 192/192/192 195/195/195
f 191/191/191 193/193/193 196/196/196
f 195/195/195 197/197/197 193/193/193
f 194/194/194 191/191/191 198/198/198
f 196/196/196 198/198/198 191/191/191
f 198/198/198 199/199/199 194/194/194
f 196/196/196 200/200/200 198/198/198
f 198/198/198 200/200/200 199/199/199
f 201/201/201 197/197/197 195/195/195
f 201/201/201 202/202/202 197/197/197
f 195/195/195 203/203/203 201/201/201
f 202/202/202 201/201/201 203/203/203
f 195/195/195 192/192/192 203/203/203
f 202/202/202 203/203/203 204/204/204
f 205/205/205 203/203/203 192/192/192
f 205/205/205 206/206/206 203/203/203
f 207/207/207 206/206/206 205/205/205
f 203/203/203 208/208/208 204/204/204
f 203/203/203 206/206/206 208/208/208
f 207/207/207 208/208/208 206/206/206
f 204/204/204 208/208/208 209/209/209
f 210/210/210 208/208/208 207/207/207
f 210/210/210 209/209/209 208/208/208
f 210/210/210 211/211/211 209/209/209
f 212/212/212 210/210/210 207/207/207
f 213/213/213 211/211/211 210/210/210
f 213/213/213 210/210/210 212/212/212
f 212/212/212 214/214/214 213/213/213
f 215/215/215 216/216/216 217/217/217
f 216/216/216 215/215/215 218/218/218
f 219/219/219 217/217/217 216/216/216
f 220/220/220 218/218/218 215/215/215
f 215/215/215 217/217/217 220/220/220
f 216/216/216 218/218/218 221/221/221
f 220/220/220 222/222/222 218/218/218
f 219/219/219 216/216/216 223/223/223
f 221/221/221 223/223/223 216/216/216
f 223/223/223 224/224/224 219/219/219
f 221/221/221 225/225/225 223/223/223
f 223/223/223 225/225/225 224/224/224
f 226/226/226 222/222/222 220/220/220
f 226/226/226 227/227/227 222/222/222
f 220/220/220 228/228/228 226/226/226
f 227/227/227 226/226/226 228/228/228
f 220/220/220 217/217/217 228/228/228
f 227/227/227 228/228/228 229/229/229
f 230/230/230 228/228/228 217/217/217
f 230/230/230 231/231/231 228/228/228
f 232/232/232 231/231/231 230/230/230
f 228/228/228 233/233/233 229/229/229
f 228/228/228 231/231/231 233/233/233
f 232/232/232 233/233/233 231/231/231
f 229/229/229 233/233/233 234/234/234
f 235/235/235 233/233/233 232/232/232
f 235/235/235 234/234/234 233/233/233
f 235/235/235 236/236/236 234/234/234
f 237/237/237 235/235/235 232/232/232
f 238/238/238 236/236/236 235/235/235
f 238/238/238 235/235/235 237/237/237
f 237/237/237 239/239/239 238/238/238
f 240/240/240 241/241/241 242/242/242
f 240/240/240 243/243/243 241/241/241
f 243/243/243 244/244/244 241/241/241
f 245/245/245 244/244/244 243/243/243
f 245/245/245 243/243/243 246/246/246
f 245/245/245 246/246/246 247/247/247
f 248/248/248 246/246/246 243/243/243
f 249/249/249 246/246/246 248/248/248
f 248/248/248 243/243/243 250/250/250
f 250/250/250 243/243/243 240/240/240
f 249/249/249 248/248/248 251/251/251
f 250/250/250 251/251/251 248/248/248
f 251/251/251 252/252/252 249/249/249
f 250/250/250 253/253/253 251/251/251
f 253/253/253 250/250/250 240/240/240
f 251/251/251 254/254/254 252/252/252
f 254/254/254 251/251/251 253/253/253
f 254/254/254 255/255/255 252/252/252
f 255/255/255 254/254/254 256/256/256
f 257/257/257 256/256/256 254/254/254
f 257/257/257 254/254/254 258/258/258
f 254/254/254 259/259/259 258/258/258
f 254/254/254 253/253/253 259/259/259
f 253/253/253 260/260/260 259/259/259
f 253/253/253 261/261/261 260/260/260
f 253/253/253 262/262/262 261/261/261
f 253/253/253 240/240/240 262/262/262
f 263/263/263 261/261/261 262/262/262
f 264/264/264 263/263/263 265/265/265
f 263/263/263 262/262/262 265/265/265
f 266/266/266 262/262/262 240/240/240
f 240/240/240 242/242/242 266/266/266
f 266/266/266 267/267/267 262/262/262
f 267/267/267 266/266/266 242/242/242
f 268/268/268 262/262/262 267/267/267
f 268/268/268 269/269/269 262/262/262
f 270/270/270 269/269/269 268/268/268
f 270/270/270 271/271/271 269/269/269
f 268/268/268 272/272/272 270/270/270
f 268/268/268 273/273/273 272/272/272
f 273/273/273 268/268/268 267/267/267
f 273/273/273 267/267/267 274/274/274
f 267/267/267 242/242/242 274/274/274
f 275/275/275 274/274/274 242/242/242
f 275/275/275 242/242/242 276/276/276
f 277/277/277 275/275/275 276/276/276
f 242/242/242 241/241/241 276/276/276
f 278/278/278 277/277/277 276/276/276
f 276/276/276 241/241/241 279/279/279
f 278/278/278 276/276/276 279/279/279
f 280/280/280 278/278/278 279/279/279
f 281/281/281 282/282/282 283/283/283
f 281/281/281 284/284/284 282/282/282
f 284/284/284 285/285/285 282/282/282
f 286/286/286 285/285/285 284/284/284
f 286/286/286 284/284/284 287/287/287
f 286/286/286 287/287/287 288/288/288
f 289/289/289 287/287/287 284/284/284
f 290/290/290 287/287/287 289/289/289
f 289/289/289 284/284/284 291/291/291
f 291/291/291 284/284/284 281/281/281
f 290/290/290 289/289/289 292/292/292
f 291/291/291 292/292/292 289/289/289
f 292/292/292 293/293/293 290/290/290
f 291/291/291 294/294/294 292/292/292
f 294/294/294 291/291/291 281/281/281
f 292/292/292 295/295/295 293/293/293
f 295/295/295 292/292/292 294/294/294
f 295/295/295 296/296/296 293/293/293
f 296/296/296 295/295/295 297/297/297
f 298/298/298 297/297/297 295/295/295
f 298/298/298 295/295/295 299/299/299
f 295/295/295 300/300/300 299/299/299
f 295/295/295 294/294/294 300/300/300
f 294/294/294 301/301/301 300/300/300
f 294/294/294 302/302/302 301/301/301
f 294/294/294 303/303/303 302/302/302
f 294/294/294 281/281/281 303/303/303
f 304/304/304 302/302/302 303/303/303
f 305/305/305 304/304/304 306/306/306
f 304/304/304 303/303/303 306/306/306
f 307/307/307 303/303/303 281/281/281
f 281/281/281 283/283/283 307/307/307
f 307/307/307 308/308/308 303/303/303
f 308/308/308 307/307/307 283/283/283
f 309/309/309 303/303/303 308/308/308
f 309/309/309 310/310/310 303/303/303
f 311/311/311 310/310/310 309/309/309
f 311/311/311 312/312/312 310/310/310
f 309/309/309 313/313/313 311/311/311
f 309/309/309 314/314/314 313/313/313
f 314/314/314 309/309/309 308/308/308
f 314/314/314 308/308/308 315/315/315
f 308/308/308 283/283/283 315/315/315
f 316/316/316 315/315/315 283/283/283
f 316/316/316 283/283/283 317/317/317
f 318/318/318 316/316/316 317/317/317
f 283/283/283 319/319/319 317/317/317
f 318/318/318 317/317/317 319/319/319
f 283/283/283 282/282/282 319/319/319
f 320/320/320 318/318/318 319/319/319
f 319/319/319 282/282/282 321/321/321
f 320/320/320 319/319/319 321/321/321
f 322/322/322 320/320/320 321/321/321
f 323/323/323 324/324/324 325/325/325
f 324/324/324 326/326/326 325/325/325
f 323/323/323 325/325/325 327/327/327
f 327/327/327 325/325/325 326/326/326
f 324/324/324 328/328/328 326/326/326
f 329/329/329 328/328/328 324/324/324
f 326/326/326 328/328/328 330/330/330
f 329/329/329 331/331/331 328/328/328
f 326/326/326 330/330/330 332/332/332
f 332/332/332 330/330/330 333/333/333
f 324/324/324 334/334/334 329/329/329
f 331/331/331 329/329/329 334/334/334
f 331/331/331 334/334/334 335/335/335
f 324/324/324 323/323/323 334/334/334
f 336/336/336 335/335/335 334/334/334
f 336/336/336 334/334/334 337/337/337
f 337/337/337 338/338/338 336/336/336
f 339/339/339 337/337/337 334/334/334
f 337/337/337 339/339/339 338/338/338
f 339/339/339 334/334/334 323/323/323
f 340/340/340 338/338/338 339/339/339
f 340/340/340 341/341/341 338/338/338
f 342/342/342 341/341/341 340/340/340
f 342/342/342 340/340/340 343/343/343
f 344/344/344 343/343/343 340/340/340
f 340/340/340 339/339/339 345/345/345
f 344/344/344 340/340/340 345/345/345
f 323/323/323 345/345/345 339/339/339
f 344/344/344 345/345/345 346/346/346
f 323/323/323 346/346/346 345/345/345
f 344/344/344 346/346/346 347/347/347
f 344/344/344 347/347/347 348/348/348
f 349/349/349 346/346/346 323/323/323
f 349/349/349 347/347/347 346/346/346
f 349/349/349 348/348/348 347/347/347
f 327/327/327 349/349/349 323/323/323
f 349/349/349 350/350/350 348/348/348
f 327/327/327 351/351/351 349/349/349
f 352/352/352 350/350/350 349/349/349
f 352/352/352 349/349/349 351/351/351
f 353/353/353 351/351/351 327/327/327
f 353/353/353 352/352/352 351/351/351
f 327/327/327 326/326/326 353/353/353
f 353/353/353 326/326/326 332/332/332
f 354/354/354 350/350/350 352/352/352
f 354/354/354 355/355/355 350/350/350
f 356/356/356 355/355/355 354/354/354
f 352/352/352 357/357/357 354/354/354
f 356/356/356 354/354/354 357/357/357
f 352/352/352 353/353/353 357/357/357
f 356/356/356 357/357/357 358/358/358
f 356/356/356 358/358/358 359/359/359
f 357/357/357 360/360/360 358/358/358
f 360/360/360 359/359/359 358/358/358
f 357/357/357 353/353/353 360/360/360
f 360/360/360 361/361/361 359/359/359
f 362/362/362 361/361/361 360/360/360
f 362/362/362 363/363/363 361/361/361
f 364/364/364 363/363/363 362/362/362
f 365/365/365 362/362/362 360/360/360
f 364/364/364 362/362/362 365/365/365
f 365/365/365 360/360/360 353/353/353
f 366/366/366 364/364/364 365/365/365
f 366/366/366 365/365/365 367/367/367
f 367/367/367 333/333/333 366/366/366
f 368/368/368 365/365/365 353/353/353
f 368/368/368 367/367/367 365/365/365
f 367/367/367 368/368/368 333/333/333
f 353/353/353 332/332/332 368/368/368
f 332/332/332 333/333/333 368/368/368
f 369/369/369 370/370/370 371/371/371
f 370/370/370 372/372/372 371/371/371
f 369/369/369 371/371/371 373/373/373
f 373/373/373 371/371/371 372/372/372
f 370/370/370 374/374/374 372/372/372
f 375/375/375 374/374/374 370/370/370
f 372/372/372 374/374/374 376/376/376
f 375/375/375 377/377/377 374/374/374
f 372/372/372 376/376/376 378/378/378
f 378/378/378 376/376/376 379/379/379
f 370/370/370 380/380/380 375/375/375
f 377/377/377 375/375/375 380/380/380
f 377/377/377 380/380/380 381/381/381
f 370/370/370 369/369/369 380/380/380
f 382/382/382 381/381/381 380/380/380
f 382/382/382 380/380/380 383/383/383
f 383/383/383 384/384/384 382/382/382
f 385/385/385 383/383/383 380/380/380
f 383/383/383 385/385/385 384/384/384
f 385/385/385 380/380/380 369/369/369
f 386/386/386 384/384/384 385/385/385
f 386/386/386 387/387/387 384/384/384
f 388/388/388 387/387/387 386/386/386
f 388/388/388 386/386/386 389/389/389
f 390/390/390 389/389/389 386/386/386
f 386/386/386 385/385/385 391/391/391
f 390/390/390 386/386/386 391/391/391
f 369/369/369 391/391/391 385/385/385
f 390/390/390 391/391/391 392/392/392
f 369/369/369 392/392/392 391/391/391
f 390/390/390 392/392/392 393/393/393
f 390/390/390 393/393/393 394/394/394
f 395/395/395 392/392/392 369/369/369
f 395/395/395 393/393/393 392/392/392
f 395/395/395 394/394/394 393/393/393
f 373/373/373 395/395/395 369/369/369
f 395/395/395 396/396/396 394/394/394
f 373/373/373 397/397/397 395/395/395
f 398/398/398 396/396/396 395/395/395
f 398/398/398 395/395/395 397/397/397
f 399/399/399 397/397/397 373/373/373
f 399/399/399 398/398/398 397/397/397
f 373/373/373 372/372/372 399/399/399
f 399/399/399 372/372/372 378/378/378
f 400/400/400 396/396/396 398/398/398
f 400/400/400 401/401/401 396/396/396
f 402/402/402 401/401/401 400/400/400
f 398/398/398 403/403/403 400/400/400
f 402/402/402 400/400/400 403/403/403
f 398/398/398 399/399/399 403/403/403
f 402/402/402 403/403/403 404/404/404
f 402/402/402 404/404/404 405/405/405
f 403/403/403 406/406/406 404/404/404
f 406/406/406 405/405/405 404/404/404
f 403/403/403 399/399/399 406/406/406
f 406/406/406 407/407/407 405/405/405
f 408/408/408 407/407/407 406/406/406
f 408/408/408 409/409/409 407/407/407
f 410/410/410 409/409/409 408/408/408
f 411/411/411 408/408/408 406/406/406
f 410/410/410 408/408/408 411/411/411
f 411/411/411 406/406/406 399/399/399
f 412/412/412 410/410/410 411/411/411
f 412/412/412 411/411/411 413/413/413
f 413/413/413 379/379/379 412/412/412
f 414/414/414 411/411/411 399/399/399
f 414/414/414 413/413/413 411/411/411
f 413/413/413 414/414/414 379/379/379
f 399/399/399 378/378/378 414/414/414
f 378/378/378 379/379/379 414/414/414
f 415/415/415 416/416/416 417/417/417
f 417/417/417 416/416/416 418/418/418
f 419/419/419 416/416/416 415/415/415
f 416/416/416 419/419/419 418/418/418
f 415/415/415 417/417/417 420/420/420
f 420/420/420 417/417/417 421/421/421
f 420/420/420 421/421/421 422/422/422
f 420/420/420 422/422/422 423/423/423
f 424/424/424 422/422/422 421/421/421
f 425/425/425 420/420/420 423/423/423
f 415/415/415 420/420/420 425/425/425
f 425/425/425 423/423/423 426/426/426
f 421/421/421 417/417/417 427/427/427
f 424/424/424 421/421/421 427/427/427
f 417/417/417 418/418/418 427/427/427
f 424/424/424 427/427/427 428/428/428
f 428/428/428 427/427/427 418/418/418
f 428/428/428 429/429/429 424/424/424
f 428/428/428 430/430/430 429/429/429
f 425/425/425 426/426/426 431/431/431
f 432/432/432 430/430/430 428/428/428
f 430/430/430 432/432/432 433/433/433
f 434/434/434 433/433/433 432/432/432
f 426/426/426 435/435/435 431/431/431
f 426/426/426 436/436/436 435/435/435
f 437/437/437 425/425/425 431/431/431
f 437/437/437 431/431/431 435/435/435
f 425/425/425 437/437/437 415/415/415
f 436/436/436 438/438/438 435/435/435
f 437/437/437 435/435/435 438/438/438
f 436/436/436 439/439/439 438/438/438
f 439/439/439 440/440/440 438/438/438
f 440/440/440 441/441/441 438/438/438
f 437/437/437 442/442/442 415/415/415
f 419/419/419 415/415/415 442/442/442
f 438/438/438 443/443/443 437/437/437
f 438/438/438 441/441/441 443/443/443
f 444/444/444 442/442/442 437/437/437
f 444/444/444 437/437/437 443/443/443
f 442/442/442 444/444/444 445/445/445
f 443/443/443 445/445/445 444/444/444
f 443/443/443 441/441/441 445/445/445
f 442/442/442 445/445/445 419/419/419
f 441/441/441 446/446/446 445/445/445
f 441/441/441 447/447/447 446/446/446
f 445/445/445 448/448/448 419/419/419
f 449/449/449 447/447/447 441/441/441
f 450/450/450 445/445/445 446/446/446
f 450/450/450 448/448/448 445/445/445
f 446/446/446 447/447/447 450/450/450
f 419/419/419 448/448/448 451/451/451
f 448/448/448 450/450/450 451/451/451
f 452/452/452 447/447/447 449/449/449
f 452/452/452 449/449/449 453/453/453
f 449/449/449 454/454/454 453/453/453
f 454/454/454 455/455/455 453/453/453
f 452/452/452 453/453/453 455/455/455
f 454/454/454 456/456/456 455/455/455
f 456/456/456 457/457/457 455/455/455
f 455/455/455 457/457/457 458/458/458
f 459/459/459 455/455/455 458/458/458
f 459/459/459 452/452/452 455/455/455
f 460/460/460 452/452/452 459/459/459
f 461/461/461 460/460/460 459/459/459
f 462/462/462 460/460/460 461/461/461
f 460/460/460 463/463/463 452/452/452
f 462/462/462 463/463/463 460/460/460
f 463/463/463 447/447/447 452/452/452
f 464/464/464 462/462/462 465/465/465
f 464/464/464 463/463/463 462/462/462
f 463/463/463 464/464/464 466/466/466
f 467/467/467 466/466/466 464/464/464
f 466/466/466 468/468/468 463/463/463
f 463/463/463 469/469/469 447/447/447
f 469/469/469 463/463/463 468/468/468
f 447/447/447 469/469/469 450/450/450
f 468/468/468 470/470/470 469/469/469
f 469/469/469 470/470/470 450/450/450
f 468/468/468 471/471/471 470/470/470
f 472/472/472 471/471/471 468/468/468
f 472/472/472 468/468/468 473/473/473
f 472/472/472 473/473/473 474/474/474
f 470/470/470 471/471/471 475/475/475
f 470/470/470 476/476/476 450/450/450
f 470/470/470 475/475/475 476/476/476
f 477/477/477 475/475/475 471/471/471
f 476/476/476 475/475/475 477/477/477
f 477/477/477 471/471/471 478/478/478
f 450/450/450 476/476/476 451/451/451
f 476/476/476 477/477/477 479/479/479
f 451/451/451 476/476/476 479/479/479
f 477/477/477 478/478/478 480/480/480
f 481/481/481 480/480/480 478/478/478
f 477/477/477 482/482/482 479/479/479
f 480/480/480 482/482/482 477/477/477
f 481/481/481 483/483/483 480/480/480
f 480/480/480 483/483/483 482/482/482
f 484/484/484 483/483/483 481/481/481
f 484/484/484 481/481/481 485/485/485
f 483/483/483 484/484/484 486/486/486
f 485/485/485 486/486/486 484/484/484
f 483/483/483 486/486/486 482/482/482
f 485/485/485 487/487/487 486/486/486
f 488/488/488 486/486/486 487/487/487
f 488/488/488 489/489/489 486/486/486
f 489/489/489 482/482/482 486/486/486
f 489/489/489 488/488/488 490/490/490
f 482/482/482 489/489/489 491/491/491
f 482/482/482 491/491/491 479/479/479
f 489/489/489 490/490/490 491/491/491
f 451/451/451 479/479/479 491/491/491
f 491/491/491 492/492/492 451/451/451
f 491/491/491 490/490/490 492/492/492
f 419/419/419 451/451/451 492/492/492
f 418/418/418 419/419/419 492/492/492
f 418/418/418 492/492/492 493/493/493
f 493/493/493 492/492/492 490/490/490
f 494/494/494 418/418/418 493/493/493
f 493/493/493 490/490/490 494/494/494
f 494/494/494 428/428/428 418/418/418
f 494/494/494 490/490/490 495/495/495
f 490/490/490 496/496/496 495/495/495
f 494/494/494 497/497/497 428/428/428
f 495/495/495 497/497/497 494/494/494
f 432/432/432 428/428/428 497/497/497
f 498/498/498 495/495/495 496/496/496
f 432/432/432 497/497/497 499/499/499
f 434/434/434 432/432/432 499/499/499
f 500/500/500 434/434/434 499/499/499
f 495/495/495 501/501/501 497/497/497
f 495/495/495 498/498/498 501/501/501
f 499/499/499 497/497/497 501/501/501
f 499/499/499 502/502/502 500/500/500
f 499/499/499 501/501/501 502/502/502
f 501/501/501 498/498/498 502/502/502
f 500/500/500 502/502/502 503/503/503
f 498/498/498 504/504/504 502/502/502
f 504/504/504 503/503/503 502/502/502
f 505/505/505 506/506/506 507/507/507
f 505/505/505 508/508/508 506/506/506
f 507/507/507 506/506/506 509/509/509
f 509/509/509 506/506/506 508/508/508
f 507/507/507 509/509/509 510/510/510
f 510/510/510 511/511/511 507/507/507
f 512/512/512 510/510/510 509/509/509
f 512/512/512 511/511/511 510/510/510
f 513/513/513 511/511/511 512/512/512
f 514/514/514 513/513/513 512/512/512
f 515/515/515 514/514/514 512/512/512
f 515/515/515 512/512/512 516/516/516
f 509/509/509 516/516/516 512/512/512
f 517/517/517 515/515/515 516/516/516
f 509/509/509 518/518/518 516/516/516
f 517/517/517 516/516/516 518/518/518
f 509/509/509 519/519/519 518/518/518
f 519/519/519 517/517/517 518/518/518
f 519/519/519 509/509/509 508/508/508
f 519/519/519 520/520/520 517/517/517
f 519/519/519 521/521/521 520/520/520
f 508/508/508 521/521/521 519/519/519
f 521/521/521 522/522/522 520/520/520
f 521/521/521 523/523/523 522/522/522
f 524/524/524 522/522/522 523/523/523
f 508/508/508 525/525/525 521/521/521
f 521/521/521 525/525/525 523/523/523
f 508/508/508 526/526/526 525/525/525
f 505/505/505 526/526/526 508/508/508
f 523/523/523 525/525/525 527/527/527
f 524/524/524 523/523/523 527/527/527
f 525/525/525 526/526/526 528/528/528
f 525/525/525 528/528/528 527/527/527
f 526/526/526 505/505/505 528/528/528
f 524/524/524 527/527/527 529/529/529
f 529/529/529 527/527/527 528/528/528
f 529/529/529 530/530/530 524/524/524
f 529/529/529 531/531/531 530/530/530
f 532/532/532 531/531/531 529/529/529
f 531/531/531 532/532/532 533/533/533
f 534/534/534 533/533/533 532/532/532
f 534/534/534 532/532/532 535/535/535
f 536/536/536 534/534/534 535/535/535
f 532/532/532 529/529/529 537/537/537
f 532/532/532 537/537/537 535/535/535
f 535/535/535 538/538/538 536/536/536
f 536/536/536 538/538/538 539/539/539
f 540/540/540 539/539/539 538/538/538
f 541/541/541 540/540/540 538/538/538
f 535/535/535 542/542/542 538/538/538
f 542/542/542 541/541/541 538/538/538
f 535/535/535 537/537/537 542/542/542
f 543/543/543 541/541/541 542/542/542
f 543/543/543 542/542/542 537/537/537
f 541/541/541 543/543/543 544/544/544
f 545/545/545 544/544/544 543/543/543
f 543/543/543 537/537/537 546/546/546
f 546/546/546 537/537/537 529/529/529
f 546/546/546 545/545/545 543/543/543
f 546/546/546 529/529/529 528/528/528
f 546/546/546 528/528/528 547/547/547
f 547/547/547 545/545/545 546/546/546
f 528/528/528 548/548/548 547/547/547
f 547/547/547 548/548/548 545/545/545
f 528/528/528 505/505/505 548/548/548
f 505/505/505 549/549/549 548/548/548
f 550/550/550 545/545/545 548/548/548
f 550/550/550 548/548/548 549/549/549
f 551/551/551 545/545/545 550/550/550
f 551/551/551 552/552/552 545/545/545
f 552/552/552 551/551/551 553/553/553
f 552/552/552 553/553/553 554/554/554
f 555/555/555 551/551/551 550/550/550
f 551/551/551 555/555/555 553/553/553
f 556/556/556 554/554/554 553/553/553
f 556/556/556 553/553/553 557/557/557
f 557/557/557 558/558/558 556/556/556
f 559/559/559 557/557/557 553/553/553
f 557/557/557 559/559/559 558/558/558
f 559/559/559 553/553/553 555/555/555
f 558/558/558 559/559/559 560/560/560
f 560/560/560 559/559/559 555/555/555
f 558/558/558 560/560/560 561/561/561
f 562/562/562 561/561/561 560/560/560
f 560/560/560 555/555/555 562/562/562
f 562/562/562 563/563/563 561/561/561
f 555/555/555 550/550/550 564/564/564
f 562/562/562 555/555/555 564/564/564
f 549/549/549 564/564/564 550/550/550
f 562/562/562 565/565/565 563/563/563
f 566/566/566 562/562/562 564/564/564
f 566/566/566 565/565/565 562/562/562
f 549/549/549 566/566/566 564/564/564
f 567/567/567 563/563/563 565/565/565
f 567/567/567 565/565/565 566/566/566
f 568/568/568 566/566/566 549/549/549
f 567/567/567 566/566/566 568/568/568
f 569/569/569 563/563/563 567/567/567
f 570/570/570 563/563/563 569/569/569
f 570/570/570 569/569/569 571/571/571
f 570/570/570 571/571/571 572/572/572
f 569/569/569 567/567/567 573/573/573
f 573/573/573 567/567/567 568/568/568
f 573/573/573 574/574/574 569/569/569
f 575/575/575 569/569/569 574/574/574
f 568/568/568 576/576/576 573/573/573
f 574/574/574 573/573/573 576/576/576
f 574/574/574 577/577/577 575/575/575
f 578/578/578 575/575/575 577/577/577
f 577/577/577 574/574/574 579/579/579
f 577/577/577 579/579/579 580/580/580
f 579/579/579 574/574/574 581/581/581
f 579/579/579 581/581/581 582/582/582
f 582/582/582 581/581/581 583/583/583
f 581/581/581 574/574/574 584/584/584
f 581/581/581 584/584/584 583/583/583
f 574/574/574 576/576/576 584/584/584
f 583/583/583 584/584/584 585/585/585
f 583/583/583 585/585/585 586/586/586
f 585/585/585 587/587/587 586/586/586
f 588/588/588 587/587/587 585/585/585
f 589/589/589 588/588/588 585/585/585
f 589/589/589 585/585/585 590/590/590
f 584/584/584 590/590/590 585/585/585
f 591/591/591 589/589/589 590/590/590
f 591/591/591 590/590/590 584/584/584
f 591/591/591 584/584/584 576/576/576
f 591/591/591 576/576/576 511/511/511
f 576/576/576 592/592/592 511/511/511
f 568/568/568 592/592/592 576/576/576
f 592/592/592 507/507/507 511/511/511
f 592/592/592 568/568/568 593/593/593
f 507/507/507 592/592/592 593/593/593
f 593/593/593 568/568/568 549/549/549
f 507/507/507 593/593/593 505/505/505
f 505/505/505 593/593/593 549/549/549
f 594/594/594 595/595/595 596/596/596
f 595/595/595 594/594/594 597/597/597
f 595/595/595 597/597/597 598/598/598
f 599/599/599 597/597/597 594/594/594
f 594/594/594 596/596/596 599/599/599
f 599/599/599 600/600/600 597/597/597
f 598/598/598 601/601/601 595/595/595
f 598/598/598 602/602/602 601/601/601
f 603/603/603 601/601/601 602/602/602
f 604/604/604 595/595/595 601/601/601
f 603/603/603 604/604/604 601/601/601
f 604/604/604 596/596/596 595/595/595
f 605/605/605 604/604/604 603/603/603
f 605/605/605 606/606/606 604/604/604
f 607/607/607 606/606/606 605/605/605
f 608/608/608 604/604/604 606/606/606
f 607/607/607 608/608/608 606/606/606
f 608/608/608 596/596/596 604/604/604
f 609/609/609 608/608/608 607/607/607
f 609/609/609 610/610/610 608/608/608
f 610/610/610 596/596/596 608/608/608
f 610/610/610 609/609/609 611/611/611
f 610/610/610 612/612/612 596/596/596
f 610/610/610 611/611/611 612/612/612
f 612/612/612 613/613/613 596/596/596
f 613/613/613 599/599/599 596/596/596
f 614/614/614 612/612/612 611/611/611
f 612/612/612 614/614/614 613/613/613
f 614/614/614 611/611/611 615/615/615
f 613/613/613 616/616/616 599/599/599
f 600/600/600 599/599/599 616/616/616
f 600/600/600 616/616/616 617/617/617
f 613/613/613 617/617/617 616/616/616
f 617/617/617 618/618/618 600/600/600
f 619/619/619 613/613/613 614/614/614
f 613/613/613 619/619/619 617/617/617
f 617/617/617 620/620/620 618/618/618
f 618/618/618 620/620/620 621/621/621
f 621/621/621 620/620/620 617/617/617
f 621/621/621 617/617/617 619/619/619
f 619/619/619 622/622/622 621/621/621
f 615/615/615 623/623/623 614/614/614
f 619/619/619 614/614/614 623/623/623
f 615/615/615 624/624/624 623/623/623
f 619/619/619 625/625/625 622/622/622
f 623/623/623 625/625/625 619/619/619
f 625/625/625 626/626/626 622/622/622
f 627/627/627 623/623/623 624/624/624
f 623/623/623 627/627/627 625/625/625
f 627/627/627 624/624/624 628/628/628
f 628/628/628 626/626/626 625/625/625
f 628/628/628 625/625/625 627/627/627
f 629/629/629 630/630/630 631/631/631
f 630/630/630 629/629/629 632/632/632
f 630/630/630 632/632/632 633/633/633
f 634/634/634 632/632/632 629/629/629
f 629/629/629 631/631/631 634/634/634
f 634/634/634 635/635/635 632/632/632
f 633/633/633 636/636/636 630/630/630
f 633/633/633 637/637/637 636/636/636
f 638/638/638 636/636/636 637/637/637
f 639/639/639 630/630/630 636/636/636
f 638/638/638 639/639/639 636/636/636
f 639/639/639 631/631/631 630/630/630
f 640/640/640 639/639/639 638/638/638
f 640/640/640 641/641/641 639/639/639
f 642/642/642 641/641/641 640/640/640
f 643/643/643 639/639/639 641/641/641
f 642/642/642 643/643/643 641/641/641
f 643/643/643 631/631/631 639/639/639
f 644/644/644 643/643/643 642/642/642
f 644/644/644 645/645/645 643/643/643
f 645/645/645 631/631/631 643/643/643
f 645/645/645 644/644/644 646/646/646
f 645/645/645 647/647/647 631/631/631
f 645/645/645 646/646/646 647/647/647
f 647/647/647 648/648/648 631/631/631
f 648/648/648 634/634/634 631/631/631
f 649/649/649 647/647/647 646/646/646
f 647/647/647 649/649/649 648/648/648
f 649/649/649 646/646/646 650/650/650
f 648/648/648 651/651/651 634/634/634
f 635/635/635 634/634/634 651/651/651
f 635/635/635 651/651/651 652/652/652
f 648/648/648 652/652/652 651/651/651
f 652/652/652 653/653/653 635/635/635
f 654/654/654 648/648/648 649/649/649
f 648/648/648 654/654/654 652/652/652
f 652/652/652 655/655/655 653/653/653
f 653/653/653 655/655/655 656/656/656
f 656/656/656 655/655/655 652/652/652
f 656/656/656 652/652/652 654/654/654
f 654/654/654 657/657/657 656/656/656
f 650/650/650 658/658/658 649/649/649
f 654/654/654 649/649/649 658/658/658
f 650/650/650 659/659/659 658/658/658
f 654/654/654 660/660/660 657/657/657
f 658/658/658 660/660/660 654/654/654
f 660/660/660 661/661/661 657/657/657
f 662/662/662 658/658/658 659/659/659
f 658/658/658 662/662/662 660/660/660
f 662/662/662 659/659/659 663/663/663
f 663/663/663 661/661/661 660/660/660
f 663/663/663 660/660/660 662/662/662
f 664/664/664 665/665/665 666/666/666
f 664/664/664 666/666/666 667/667/667
f 664/664/664 667/667/667 668/668/668
f 667/667/667 669/669/669 668/668/668
f 664/664/664 668/668/668 670/670/670
f 665/665/665 664/664/664 670/670/670
f 670/670/670 668/668/668 671/671/671
f 667/667/667 672/672/672 669/669/669
f 672/672/672 667/667/667 666/666/666
f 672/672/672 673/673/673 669/669/669
f 674/674/674 673/673/673 672/672/672
f 674/674/674 672/672/672 666/666/666
f 674/674/674 675/675/675 673/673/673
f 676/676/676 675/675/675 674/674/674
f 676/676/676 674/674/674 677/677/677
f 674/674/674 666/666/666 677/677/677
f 678/678/678 676/676/676 677/677/677
f 666/666/666 678/678/678 677/677/677
f 666/666/666 679/679/679 678/678/678
f 679/679/679 666/666/666 665/665/665
f 678/678/678 679/679/679 680/680/680
f 681/681/681 680/680/680 679/679/679
f 679/679/679 665/665/665 681/681/681
f 681/681/681 682/682/682 680/680/680
f 683/683/683 681/681/681 665/665/665
f 665/665/665 670/670/670 683/683/683
f 682/682/682 681/681/681 684/684/684
f 683/683/683 684/684/684 681/681/681
f 682/682/682 684/684/684 685/685/685
f 685/685/685 684/684/684 686/686/686
f 685/685/685 686/686/686 687/687/687
f 684/684/684 688/688/688 686/686/686
f 687/687/687 686/686/686 688/688/688
f 684/684/684 683/683/683 688/688/688
f 687/687/687 688/688/688 689/689/689
f 683/683/683 670/670/670 690/690/690
f 670/670/670 671/671/671 690/690/690
f 691/691/691 690/690/690 671/671/671
f 683/683/683 690/690/690 691/691/691
f 691/691/691 671/671/671 692/692/692
f 689/689/689 688/688/688 693/693/693
f 689/689/689 693/693/693 694/694/694
f 695/695/695 694/694/694 693/693/693
f 688/688/688 696/696/696 693/693/693
f 688/688/688 683/683/683 696/696/696
f 695/695/695 693/693/693 696/696/696
f 696/696/696 683/683/683 691/691/691
f 697/697/697 695/695/695 696/696/696
f 696/696/696 691/691/691 697/697/697
f 692/692/692 697/697/697 691/691/691
f 697/697/697 698/698/698 695/695/695
f 692/692/692 698/698/698 697/697/697
f 699/699/699 700/700/700 701/701/701
f 699/699/699 701/701/701 702/702/702
f 699/699/699 702/702/702 703/703/703
f 702/702/702 704/704/704 703/703/703
f 699/699/699 703/703/703 705/705/705
f 700/700/700 699/699/699 705/705/705
f 705/705/705 703/703/703 706/706/706
f 702/702/702 707/707/707 704/704/704
f 707/707/707 702/702/702 701/701/701
f 707/707/707 708/708/708 704/704/704
f 709/709/709 708/708/708 707/707/707
f 709/709/709 707/707/707 701/701/701
f 709/709/709 710/710/710 708/708/708
f 711/711/711 710/710/710 709/709/709
f 711/711/711 709/709/709 712/712/712
f 709/709/709 701/701/701 712/712/712
f 713/713/713 711/711/711 712/712/712
f 701/701/701 713/713/713 712/712/712
f 701/701/701 714/714/714 713/713/713
f 714/714/714 701/701/701 700/700/700
f 713/713/713 714/714/714 715/715/715
f 716/716/716 715/715/715 714/714/714
f 714/714/714 700/700/700 716/716/716
f 716/716/716 717/717/717 715/715/715
f 718/718/718 716/716/716 700/700/700
f 700/700/700 705/705/705 718/718/718
f 717/717/717 716/716/716 719/719/719
f 718/718/718 719/719/719 716/716/716
f 717/717/717 719/719/719 720/720/720
f 720/720/720 719/719/719 721/721/721
f 720/720/720 721/721/721 722/722/722
f 719/719/719 723/723/723 721/721/721
f 722/722/722 721/721/721 723/723/723
f 719/719/719 718/718/718 723/723/723
f 722/722/722 723/723/723 724/724/724
f 718/718/718 705/705/705 725/725/725
f 705/705/705 706/706/706 725/725/725
f 726/726/726 725/725/725 706/706/706
f 718/718/718 725/725/725 726/726/726
f 726/726/726 706/706/706 727/727/727
f 724/724/724 723/723/723 728/728/728
f 724/724/724 728/728/728 729/729/729
f 730/730/730 729/729/729 728/728/728
f 723/723/723 731/731/731 728/728/728
f 723/723/723 718/718/718 731/731/731
f 730/730/730 728/728/728 731/731/731
f 731/731/731 718/718/718 726/726/726
f 732/732/732 730/730/730 731/731/731
f 731/731/731 726/726/726 732/732/732
f 727/727/727 732/732/732 726/726/726
f 732/732/732 733/733/733 730/730/730
f 727/727/727 733/733/733 732/732/732
f 734/734/734 735/735/735 736/736/736
f 735/735/735 737/737/737 736/736/736
f 738/738/738 736/736/736 737/737/737
f 739/739/739 737/737/737 735/735/735
f 739/739/739 738/738/738 737/737/737
f 738/738/738 740/740/740 736/736/736
f 738/738/738 741/741/741 740/740/740
f 742/742/742 740/740/740 741/741/741
f 740/740/740 743/743/743 736/736/736
f 740/740/740 742/742/742 743/743/743
f 734/734/734 736/736/736 743/743/743
f 744/744/744 743/743/743 742/742/742
f 744/744/744 742/742/742 745/745/745
f 745/745/745 746/746/746 744/744/744
f 744/744/744 746/746/746 747/747/747
f 744/744/744 747/747/747 748/748/748
f 743/743/743 744/744/744 748/748/748
f 748/748/748 747/747/747 749/749/749
f 748/748/748 750/750/750 743/743/743
f 748/748/748 749/749/749 751/751/751
f 748/748/748 751/751/751 750/750/750
f 751/751/751 749/749/749 752/752/752
f 750/750/750 753/753/753 743/743/743
f 734/734/734 743/743/743 753/753/753
f 754/754/754 750/750/750 751/751/751
f 750/750/750 754/754/754 755/755/755
f 751/751/751 752/752/752 756/756/756
f 754/754/754 751/751/751 756/756/756
f 757/757/757 756/756/756 752/752/752
f 754/754/754 756/756/756 758/758/758
f 757/757/757 758/758/758 756/756/756
f 757/757/757 759/759/759 758/758/758
f 750/750/750 755/755/755 760/760/760
f 750/750/750 760/760/760 753/753/753
f 734/734/734 753/753/753 760/760/760
f 761/761/761 734/734/734 760/760/760
f 761/761/761 762/762/762 734/734/734
f 762/762/762 735/735/735 734/734/734
f 762/762/762 763/763/763 735/735/735
f 764/764/764 763/763/763 762/762/762
f 764/764/764 762/762/762 761/761/761
f 765/765/765 764/764/764 761/761/761
f 760/760/760 766/766/766 761/761/761
f 765/765/765 761/761/761 766/766/766
f 760/760/760 767/767/767 766/766/766
f 766/766/766 768/768/768 765/765/765
f 766/766/766 767/767/767 768/768/768
f 769/769/769 735/735/735 770/770/770
f 739/739/739 735/735/735 769/769/769
f 769/769/769 770/770/770 771/771/771
f 771/771/771 770/770/770 772/772/772
f 771/771/771 772/772/772 773/773/773
f 774/774/774 771/771/771 773/773/773
f 774/774/774 775/775/775 771/771/771
f 771/771/771 775/775/775 776/776/776
f 771/771/771 776/776/776 769/769/769
f 739/739/739 769/769/769 776/776/776
f 777/777/777 739/739/739 776/776/776
f 777/777/777 778/778/778 739/739/739
f 779/779/779 778/778/778 777/777/777
f 780/780/780 739/739/739 778/778/778
f 779/779/779 780/780/780 778/778/778
f 780/780/780 738/738/738 739/739/739
f 781/781/781 780/780/780 779/779/779
f 738/738/738 780/780/780 782/782/782
f 781/781/781 782/782/782 780/780/780
f 781/781/781 783/783/783 782/782/782
f 784/784/784 785/785/785 786/786/786
f 787/787/787 786/786/786 785/785/785
f 787/787/787 788/788/788 786/786/786
f 789/789/789 786/786/786 788/788/788
f 784/784/784 786/786/786 789/789/789
f 790/790/790 788/788/788 787/787/787
f 789/789/789 788/788/788 791/791/791
f 790/790/790 791/791/791 788/788/788
f 790/790/790 792/792/792 791/791/791
f 793/793/793 791/791/791 792/792/792
f 791/791/791 793/793/793 789/789/789
f 794/794/794 790/790/790 787/787/787
f 794/794/794 787/787/787 785/785/785
f 795/795/795 790/790/790 794/794/794
f 790/790/790 795/795/795 796/796/796
f 797/797/797 796/796/796 795/795/795
f 797/797/797 798/798/798 796/796/796
f 797/797/797 795/795/795 799/799/799
f 799/799/799 795/795/795 800/800/800
f 795/795/795 794/794/794 800/800/800
f 799/799/799 800/800/800 801/801/801
f 801/801/801 800/800/800 794/794/794
f 801/801/801 794/794/794 802/802/802
f 794/794/794 803/803/803 802/802/802
f 794/794/794 785/785/785 803/803/803
f 804/804/804 802/802/802 803/803/803
f 804/804/804 805/805/805 802/802/802
f 803/803/803 785/785/785 806/806/806
f 803/803/803 806/806/806 804/804/804
f 807/807/807 805/805/805 804/804/804
f 804/804/804 806/806/806 808/808/808
f 807/807/807 804/804/804 809/809/809
f 804/804/804 808/808/808 809/809/809
f 810/810/810 811/811/811 785/785/785
f 812/812/812 811/811/811 810/810/810
f 810/810/810 785/785/785 784/784/784
f 812/812/812 810/810/810 813/813/813
f 813/813/813 810/810/810 784/784/784
f 814/814/814 812/812/812 813/813/813
f 814/814/814 813/813/813 815/815/815
f 815/815/815 816/816/816 814/814/814
f 815/815/815 817/817/817 816/816/816
f 818/818/818 817/817/817 815/815/815
f 818/818/818 815/815/815 813/813/813
f 813/813/813 784/784/784 818/818/818
f 784/784/784 819/819/819 818/818/818
f 784/784/784 789/789/789 819/819/819
f 820/820/820 818/818/818 819/819/819
f 820/820/820 819/819/819 789/789/789
f 820/820/820 821/821/821 818/818/818
f 820/820/820 822/822/822 821/821/821
f 823/823/823 820/820/820 789/789/789
f 822/822/822 820/820/820 824/824/824
f 823/823/823 824/824/824 820/820/820
f 822/822/822 824/824/824 825/825/825
f 822/822/822 825/825/825 826/826/826
f 827/827/827 826/826/826 825/825/825
f 825/825/825 828/828/828 827/827/827
f 825/825/825 829/829/829 828/828/828
f 824/824/824 829/829/829 825/825/825
f 824/824/824 830/830/830 829/829/829
f 823/823/823 830/830/830 824/824/824
f 823/823/823 831/831/831 830/830/830
f 832/832/832 831/831/831 823/823/823
f 789/789/789 832/832/832 823/823/823
f 832/832/832 833/833/833 831/831/831
f 832/832/832 789/789/789 793/793/793
f 834/834/834 833/833/833 832/832/832
f 832/832/832 793/793/793 834/834/834
f 835/835/835 836/836/836 837/837/837
f 838/838/838 836/836/836 835/835/835
f 835/835/835 837/837/837 839/839/839
f 840/840/840 835/835/835 839/839/839
f 840/840/840 838/838/838 835/835/835
f 841/841/841 840/840/840 839/839/839
f 842/842/842 838/838/838 840/840/840
f 841/841/841 839/839/839 843/843/843
f 837/837/837 843/843/843 839/839/839
f 843/843/843 844/844/844 841/841/841
f 843/843/843 845/845/845 844/844/844
f 846/846/846 845/845/845 843/843/843
f 837/837/837 846/846/846 843/843/843
f 846/846/846 847/847/847 845/845/845
f 842/842/842 848/848/848 838/838/838
f 848/848/848 842/842/842 849/849/849
f 848/848/848 849/849/849 850/850/850
f 850/850/850 838/838/838 848/848/848
f 851/851/851 850/850/850 849/849/849
f 850/850/850 852/852/852 838/838/838
f 852/852/852 850/850/850 851/851/851
f 838/838/838 852/852/852 836/836/836
f 852/852/852 851/851/851 853/853/853
f 851/851/851 854/854/854 853/853/853
f 852/852/852 855/855/855 836/836/836
f 852/852/852 856/856/856 855/855/855
f 857/857/857 836/836/836 855/855/855
f 857/857/857 855/855/855 856/856/856
f 858/858/858 856/856/856 852/852/852
f 857/857/857 837/837/837 836/836/836
f 859/859/859 856/856/856 858/858/858
f 857/857/857 856/856/856 859/859/859
f 860/860/860 858/858/858 861/861/861
f 860/860/860 862/862/862 858/858/858
f 859/859/859 858/858/858 862/862/862
f 860/860/860 863/863/863 862/862/862
f 862/862/862 863/863/863 864/864/864
f 862/862/862 864/864/864 865/865/865
f 865/865/865 864/864/864 866/866/866
f 862/862/862 865/865/865 867/867/867
f 862/862/862 867/867/867 859/859/859
f 865/865/865 866/866/866 867/867/867
f 868/868/868 859/859/859 867/867/867
f 867/867/867 866/866/866 869/869/869
f 868/868/868 867/867/867 869/869/869
f 866/866/866 870/870/870 869/869/869
f 866/866/866 871/871/871 870/870/870
f 872/872/872 870/870/870 871/871/871
f 873/873/873 870/870/870 872/872/872
f 873/873/873 874/874/874 870/870/870
f 874/874/874 869/869/869 870/870/870
f 874/874/874 875/875/875 869/869/869
f 875/875/875 868/868/868 869/869/869
f 868/868/868 875/875/875 876/876/876
f 868/868/868 876/876/876 877/877/877
f 859/859/859 868/868/868 877/877/877
f 877/877/877 876/876/876 878/878/878
f 859/859/859 877/877/877 857/857/857
f 878/878/878 857/857/857 877/877/877
f 878/878/878 879/879/879 857/857/857
f 880/880/880 879/879/879 878/878/878
f 879/879/879 837/837/837 857/857/857
f 880/880/880 881/881/881 879/879/879
f 881/881/881 837/837/837 879/879/879
f 881/881/881 880/880/880 882/882/882
f 881/881/881 883/883/883 837/837/837
f 881/881/881 882/882/882 883/883/883
f 884/884/884 885/885/885 886/886/886
f 887/887/887 885/885/885 884/884/884
f 884/884/884 886/886/886 888/888/888
f 889/889/889 884/884/884 888/888/888
f 889/889/889 887/887/887 884/884/884
f 890/890/890 889/889/889 888/888/888
f 891/891/891 887/887/887 889/889/889
f 890/890/890 888/888/888 892/892/892
f 886/886/886 892/892/892 888/888/888
f 892/892/892 893/893/893 890/890/890
f 892/892/892 894/894/894 893/893/893
f 895/895/895 894/894/894 892/892/892
f 886/886/886 895/895/895 892/892/892
f 895/895/895 896/896/896 894/894/894
f 891/891/891 897/897/897 887/887/887
f 897/897/897 891/891/891 898/898/898
f 897/897/897 898/898/898 899/899/899
f 899/899/899 887/887/887 897/897/897
f 900/900/900 899/899/899 898/898/898
f 899/899/899 901/901/901 887/887/887
f 901/901/901 899/899/899 900/900/900
f 887/887/887 901/901/901 885/885/885
f 901/901/901 900/900/900 902/902/902
f 900/900/900 903/903/903 902/902/902
f 901/901/901 904/904/904 885/885/885
f 901/901/901 905/905/905 904/904/904
f 906/906/906 885/885/885 904/904/904
f 906/906/906 904/904/904 905/905/905
f 907/907/907 905/905/905 901/901/901
f 906/906/906 886/886/886 885/885/885
f 908/908/908 905/905/905 907/907/907
f 906/906/906 905/905/905 908/908/908
f 909/909/909 907/907/907 910/910/910
f 909/909/909 911/911/911 907/907/907
f 908/908/908 907/907/907 911/911/911
f 909/909/909 912/912/912 911/911/911
f 911/911/911 912/912/912 913/913/913
f 911/911/911 913/913/913 914/914/914
f 914/914/914 913/913/913 915/915/915
f 911/911/911 914/914/914 916/916/916
f 911/911/911 916/916/916 908/908/908
f 914/914/914 915/915/915 916/916/916
f 917/917/917 908/908/908 916/916/916
f 916/916/916 915/915/915 918/918/918
f 917/917/917 916/916/916 918/918/918
f 915/915/915 919/919/919 918/918/918
f 915/915/915 920/920/920 919/919/919
f 921/921/921 919/919/919 920/920/920
f 922/922/922 919/919/919 921/921/921
f 922/922/922 923/923/923 919/919/919
f 923/923/923 918/918/918 919/919/919
f 923/923/923 924/924/924 918/918/918
f 924/924/924 917/917/917 918/918/918
f 917/917/917 924/924/924 925/925/925
f 917/917/917 925/925/925 926/926/926
f 908/908/908 917/917/917 926/926/926
f 926/926/926 925/925/925 927/927/927
f 908/908/908 926/926/926 906/906/906
f 927/927/927 906/906/906 926/926/926
f 927/927/927 928/928/928 906/906/906
f 929/929/929 928/928/928 927/927/927
f 928/928/928 886/886/886 906/906/906
f 929/929/929 930/930/930 928/928/928
f 930/930/930 886/886/886 928/928/928
f 930/930/930 929/929/929 931/931/931
f 930/930/930 932/932/932 886/886/886
f 930/930/930 931/931/931 932/932/932
f 933/933/933 934/934/934 935/935/935
f 933/933/933 935/935/935 936/936/936
f 937/937/937 935/935/935 934/934/934
f 937/937/937 936/936/936 935/935/935
f 937/937/937 934/934/934 938/938/938
f 937/937/937 939/939/939 936/936/936
f 938/938/938 940/940/940 937/937/937
f 938/938/938 941/941/941 940/940/940
f 942/942/942 940/940/940 941/941/941
f 943/943/943 937/937/937 940/940/940
f 942/942/942 943/943/943 940/940/940
f 943/943/943 939/939/939 937/937/937
f 942/942/942 944/944/944 943/943/943
f 945/945/945 943/943/943 944/944/944
f 946/946/946 939/939/939 943/943/943
f 945/945/945 946/946/946 943/943/943
f 939/939/939 946/946/946 947/947/947
f 939/939/939 947/947/947 948/948/948
f 949/949/949 947/947/947 946/946/946
f 949/949/949 948/948/948 947/947/947
f 949/949/949 946/946/946 945/945/945
f 950/950/950 939/939/939 948/948/948
f 950/950/950 948/948/948 951/951/951
f 952/952/952 950/950/950 951/951/951
f 952/952/952 951/951/951 953/953/953
f 948/948/948 953/953/953 951/951/951
f 952/952/952 953/953/953 954/954/954
f 948/948/948 955/955/955 953/953/953
f 955/955/955 954/954/954 953/953/953
f 949/949/949 955/955/955 948/948/948
f 955/955/955 956/956/956 954/954/954
f 954/954/954 956/956/956 957/957/957
f 958/958/958 955/955/955 949/949/949
f 959/959/959 958/958/958 949/949/949
f 955/955/955 958/958/958 960/960/960
f 961/961/961 958/958/958 959/959/959
f 961/961/961 960/960/960 958/958/958
f 960/960/960 961/961/961 962/962/962
f 955/955/955 960/960/960 963/963/963
f 960/960/960 962/962/962 964/964/964
f 964/964/964 963/963/963 960/960/960
f 964/964/964 965/965/965 963/963/963
f 959/959/959 949/949/949 966/966/966
f 966/966/966 967/967/967 959/959/959
f 945/945/945 966/966/966 949/949/949
f 966/966/966 968/968/968 967/967/967
f 945/945/945 968/968/968 966/966/966
f 968/968/968 969/969/969 967/967/967
f 945/945/945 970/970/970 968/968/968
f 968/968/968 970/970/970 969/969/969
f 945/945/945 971/971/971 970/970/970
f 971/971/971 969/969/969 970/970/970
f 945/945/945 972/972/972 971/971/971
f 971/971/971 973/973/973 969/969/969
f 973/973/973 971/971/971 972/972/972
f 973/973/973 972/972/972 974/974/974
f 975/975/975 976/976/976 977/977/977
f 975/975/975 977/977/977 978/978/978
f 979/979/979 977/977/977 976/976/976
f 979/979/979 978/978/978 977/977/977
f 979/979/979 976/976/976 980/980/980
f 979/979/979 981/981/981 978/978/978
f 980/980/980 982/982/982 979/979/979
f 980/980/980 983/983/983 982/982/982
f 984/984/984 982/982/982 983/983/983
f 985/985/985 979/979/979 982/982/982
f 984/984/984 985/985/985 982/982/982
f 985/985/985 981/981/981 979/979/979
f 984/984/984 986/986/986 985/985/985
f 987/987/987 985/985/985 986/986/986
f 988/988/988 981/981/981 985/985/985
f 987/987/987 988/988/988 985/985/985
f 981/981/981 988/988/988 989/989/989
f 981/981/981 989/989/989 990/990/990
f 991/991/991 989/989/989 988/988/988
f 991/991/991 990/990/990 989/989/989
f 991/991/991 988/988/988 987/987/987
f 992/992/992 981/981/981 990/990/990
f 992/992/992 990/990/990 993/993/993
f 994/994/994 992/992/992 993/993/993
f 994/994/994 993/993/993 995/995/995
f 990/990/990 995/995/995 993/993/993
f 994/994/994 995/995/995 996/996/996
f 990/990/990 997/997/997 995/995/995
f 997/997/997 996/996/996 995/995/995
f 991/991/991 997/997/997 990/990/990
f 997/997/997 998/998/998 996/996/996
f 996/996/996 998/998/998 999/999/999
f 1000/1000/1000 997/997/997 991/991/991
f 1001/1001/1001 1000/1000/1000 991/991/991
f 997/997/997 1000/1000/1000 1002/1002/1002
f 1003/1003/1003 1000/1000/1000 1001/1001/1001
f 1003/1003/1003 1002/1002/1002 1000/1000/1000
f 1002/1002/1002 1003/1003/1003 1004/1004/1004
f 997/997/997 1002/1002/1002 1005/1005/1005
f 1002/1002/1002 1004/1004/1004 1006/1006/1006
f 1006/1006/1006 1005/1005/1005 1002/1002/1002
f 1006/1006/1006 1007/1007/1007 1005/1005/1005
f 1001/1001/1001 991/991/991 1008/1008/1008
f 1008/1008/1008 1009/1009/1009 1001/1001/1001
f 987/987/987 1008/1008/1008 991/991/991
f 1008/1008/1008 1010/1010/1010 1009/1009/1009
f 987/987/987 1010/1010/1010 1008/1008/1008
f 1010/1010/1010 1011/1011/1011 1009/1009/1009
f 987/987/987 1012/1012/1012 1010/1010/1010
f 1010/1010/1010 1012/1012/1012 1011/1011/1011
f 987/987/987 1013/1013/1013 1012/1012/1012
f 1013/1013/1013 1011/1011/1011 1012/1012/1012
f 987/987/987 1014/1014/1014 1013/1013/1013
f 1013/1013/1013 1015/1015/1015 1011/1011/1011
f 1015/1015/1015 1013/1013/1013 1014/1014/1014
f 1015/1015/1015 1014/1014/1014 1016/1016/1016
f 1017/1017/1017 1018/1018/1018 1019/1019/1019
f 1017/1017/1017 1019/1019/1019 1020/1020/1020
f 1021/1021/1021 1018/1018/1018 1017/1017/1017
f 1018/1018/1018 1022/1022/1022 1019/1019/1019
f 1023/1023/1023 1019/1019/1019 1022/1022/1022
f 1023/1023/1023 1022/1022/1022 1024/1024/1024
f 1022/1022/1022 1025/1025/1025 1024/1024/1024
f 1026/1026/1026 1022/1022/1022 1018/1018/1018
f 1018/1018/1018 1021/1021/1021 1026/1026/1026
f 1026/1026/1026 1025/1025/1025 1022/1022/1022
f 1027/1027/1027 1026/1026/1026 1021/1021/1021
f 1027/1027/1027 1025/1025/1025 1026/1026/1026
f 1028/1028/1028 1027/1027/1027 1021/1021/1021
f 1027/1027/1027 1028/1028/1028 1029/1029/1029
f 1027/1027/1027 1029/1029/1029 1030/1030/1030
f 1027/1027/1027 1030/1030/1030 1025/1025/1025
f 1031/1031/1031 1025/1025/1025 1030/1030/1030
f 1032/1032/1032 1031/1031/1031 1030/1030/1030
f 1033/1033/1033 1025/1025/1025 1031/1031/1031
f 1033/1033/1033 1034/1034/1034 1025/1025/1025
f 1035/1035/1035 1034/1034/1034 1033/1033/1033
f 1035/1035/1035 1033/1033/1033 1036/1036/1036
f 1036/1036/1036 1033/1033/1033 1037/1037/1037
f 1031/1031/1031 1038/1038/1038 1033/1033/1033
f 1038/1038/1038 1031/1031/1031 1032/1032/1032
f 1038/1038/1038 1037/1037/1037 1033/1033/1033
f 1038/1038/1038 1039/1039/1039 1037/1037/1037
f 1040/1040/1040 1037/1037/1037 1039/1039/1039
f 1038/1038/1038 1032/1032/1032 1041/1041/1041
f 1041/1041/1041 1039/1039/1039 1038/1038/1038
f 1042/1042/1042 1041/1041/1041 1032/1032/1032
f 1039/1039/1039 1041/1041/1041 1043/1043/1043
f 1042/1042/1042 1044/1044/1044 1041/1041/1041
f 1045/1045/1045 1043/1043/1043 1041/1041/1041
f 1044/1044/1044 1045/1045/1045 1041/1041/1041
f 1046/1046/1046 1047/1047/1047 1048/1048/1048
f 1046/1046/1046 1048/1048/1048 1049/1049/1049
f 1050/1050/1050 1047/1047/1047 1046/1046/1046
f 1047/1047/1047 1050/1050/1050 1051/1051/1051
f 1052/1052/1052 1051/1051/1051 1050/1050/1050
f 1051/1051/1051 1052/1052/1052 1053/1053/1053
f 1047/1047/1047 1054/1054/1054 1048/1048/1048
f 1051/1051/1051 1054/1054/1054 1047/1047/1047
f 1055/1055/1055 1048/1048/1048 1054/1054/1054
f 1055/1055/1055 1054/1054/1054 1056/1056/1056
f 1054/1054/1054 1057/1057/1057 1056/1056/1056
f 1051/1051/1051 1057/1057/1057 1054/1054/1054
f 1051/1051/1051 1053/1053/1053 1058/1058/1058
f 1051/1051/1051 1058/1058/1058 1057/1057/1057
f 1059/1059/1059 1057/1057/1057 1058/1058/1058
f 1059/1059/1059 1060/1060/1060 1057/1057/1057
f 1061/1061/1061 1060/1060/1060 1059/1059/1059
f 1061/1061/1061 1059/1059/1059 1062/1062/1062
f 1062/1062/1062 1059/1059/1059 1063/1063/1063
f 1058/1058/1058 1064/1064/1064 1059/1059/1059
f 1064/1064/1064 1063/1063/1063 1059/1059/1059
f 1058/1058/1058 1065/1065/1065 1064/1064/1064
f 1066/1066/1066 1063/1063/1063 1064/1064/1064
f 1067/1067/1067 1066/1066/1066 1064/1064/1064
f 1067/1067/1067 1068/1068/1068 1066/1066/1066
f 1069/1069/1069 1064/1064/1064 1065/1065/1065
f 1069/1069/1069 1067/1067/1067 1064/1064/1064
f 1070/1070/1070 1069/1069/1069 1065/1065/1065
f 1069/1069/1069 1071/1071/1071 1067/1067/1067
f 1070/1070/1070 1072/1072/1072 1069/1069/1069
f 1069/1069/1069 1072/1072/1072 1071/1071/1071
f 1073/1073/1073 1074/1074/1074 1075/1075/1075
f 1073/1073/1073 1075/1075/1075 1076/1076/1076
f 1076/1076/1076 1075/1075/1075 1077/1077/1077
f 1076/1076/1076 1077/1077/1077 1078/1078/1078
f 1075/1075/1075 1079/1079/1079 1077/1077/1077
f 1075/1075/1075 1074/1074/1074 1079/1079/1079
f 1079/1079/1079 1074/1074/1074 1080/1080/1080
f 1079/1079/1079 1080/1080/1080 1081/1081/1081
f 1080/1080/1080 1082/1082/1082 1081/1081/1081
f 1082/1082/1082 1080/1080/1080 1083/1083/1083
f 1083/1083/1083 1080/1080/1080 1074/1074/1074
f 1082/1082/1082 1083/1083/1083 1084/1084/1084
f 1084/1084/1084 1085/1085/1085 1082/1082/1082
f 1084/1084/1084 1086/1086/1086 1085/1085/1085
f 1084/1084/1084 1087/1087/1087 1086/1086/1086
f 1084/1084/1084 1088/1088/1088 1087/1087/1087
f 1084/1084/1084 1089/1089/1089 1088/1088/1088
f 1083/1083/1083 1089/1089/1089 1084/1084/1084
f 1090/1090/1090 1089/1089/1089 1083/1083/1083
f 1090/1090/1090 1083/1083/1083 1091/1091/1091
f 1091/1091/1091 1092/1092/1092 1090/1090/1090
f 1093/1093/1093 1091/1091/1091 1083/1083/1083
f 1091/1091/1091 1093/1093/1093 1092/1092/1092
f 1093/1093/1093 1083/1083/1083 1074/1074/1074
f 1093/1093/1093 1094/1094/1094 1092/1092/1092
f 1095/1095/1095 1092/1092/1092 1094/1094/1094
f 1095/1095/1095 1094/1094/1094 1096/1096/1096
f 1093/1093/1093 1097/1097/1097 1094/1094/1094
f 1074/1074/1074 1097/1097/1097 1093/1093/1093
f 1094/1094/1094 1098/1098/1098 1096/1096/1096
f 1099/1099/1099 1094/1094/1094 1097/1097/1097
f 1074/1074/1074 1099/1099/1099 1097/1097/1097
f 1099/1099/1099 1098/1098/1098 1094/1094/1094
f 1100/1100/1100 1099/1099/1099 1074/1074/1074
f 1098/1098/1098 1099/1099/1099 1100/1100/1100
f 1100/1100/1100 1074/1074/1074 1073/1073/1073
f 1098/1098/1098 1100/1100/1100 1101/1101/1101
f 1073/1073/1073 1101/1101/1101 1100/1100/1100
f 1102/1102/1102 1098/1098/1098 1101/1101/1101
f 1073/1073/1073 1102/1102/1102 1101/1101/1101
f 1102/1102/1102 1103/1103/1103 1098/1098/1098
f 1073/1073/1073 1104/1104/1104 1102/1102/1102
f 1104/1104/1104 1073/1073/1073 1105/1105/1105
f 1102/1102/1102 1106/1106/1106 1103/1103/1103
f 1106/1106/1106 1107/1107/1107 1103/1103/1103
f 1106/1106/1106 1108/1108/1108 1107/1107/1107
f 1106/1106/1106 1109/1109/1109 1108/1108/1108
f 1106/1106/1106 1110/1110/1110 1109/1109/1109
f 1102/1102/1102 1110/1110/1110 1106/1106/1106
f 1102/1102/1102 1111/1111/1111 1110/1110/1110
f 1102/1102/1102 1104/1104/1104 1111/1111/1111
f 1111/1111/1111 1104/1104/1104 1112/1112/1112
f 1104/1104/1104 1105/1105/1105 1112/1112/1112
f 1111/1111/1111 1112/1112/1112 1113/1113/1113
f 1114/1114/1114 1112/1112/1112 1105/1105/1105
f 1114/1114/1114 1113/1113/1113 1112/1112/1112
f 1115/1115/1115 1116/1116/1116 1117/1117/1117
f 1118/1118/1118 1115/1115/1115 1117/1117/1117
f 1118/1118/1118 1117/1117/1117 1119/1119/1119
f 1118/1118/1118 1119/1119/1119 1120/1120/1120
f 1118/1118/1118 1120/1120/1120 1121/1121/1121
f 1121/1121/1121 1115/1115/1115 1118/1118/1118
f 1121/1121/1121 1122/1122/1122 1115/1115/1115
f 1122/1122/1122 1123/1123/1123 1115/1115/1115
f 1122/1122/1122 1124/1124/1124 1123/1123/1123
f 1122/1122/1122 1125/1125/1125 1124/1124/1124
f 1115/1115/1115 1123/1123/1123 1126/1126/1126
f 1115/1115/1115 1126/1126/1126 1116/1116/1116
f 1123/1123/1123 1124/1124/1124 1127/1127/1127
f 1125/1125/1125 1127/1127/1127 1124/1124/1124
f 1123/1123/1123 1127/1127/1127 1126/1126/1126
f 1125/1125/1125 1128/1128/1128 1127/1127/1127
f 1129/1129/1129 1127/1127/1127 1128/1128/1128
f 1129/1129/1129 1128/1128/1128 1130/1130/1130
f 1129/1129/1129 1130/1130/1130 1131/1131/1131
f 1129/1129/1129 1131/1131/1131 1132/1132/1132
f 1129/1129/1129 1132/1132/1132 1133/1133/1133
f 1129/1129/1129 1133/1133/1133 1134/1134/1134
f 1129/1129/1129 1135/1135/1135 1127/1127/1127
f 1135/1135/1135 1129/1129/1129 1134/1134/1134
f 1127/1127/1127 1135/1135/1135 1136/1136/1136
f 1135/1135/1135 1134/1134/1134 1136/1136/1136
f 1127/1127/1127 1136/1136/1136 1126/1126/1126
f 1137/1137/1137 1136/1136/1136 1134/1134/1134
f 1137/1137/1137 1138/1138/1138 1136/1136/1136
f 1137/1137/1137 1139/1139/1139 1138/1138/1138
f 1136/1136/1136 1138/1138/1138 1139/1139/1139
f 1136/1136/1136 1139/1139/1139 1126/1126/1126
f 1137/1137/1137 1140/1140/1140 1139/1139/1139
f 1141/1141/1141 1139/1139/1139 1140/1140/1140
f 1141/1141/1141 1140/1140/1140 1142/1142/1142
f 1143/1143/1143 1139/1139/1139 1141/1141/1141
f 1143/1143/1143 1141/1141/1141 1142/1142/1142
f 1143/1143/1143 1126/1126/1126 1139/1139/1139
f 1143/1143/1143 1142/1142/1142 1144/1144/1144
f 1145/1145/1145 1143/1143/1143 1144/1144/1144
f 1146/1146/1146 1126/1126/1126 1143/1143/1143
f 1145/1145/1145 1146/1146/1146 1143/1143/1143
f 1146/1146/1146 1116/1116/1116 1126/1126/1126
f 1146/1146/1146 1145/1145/1145 1147/1147/1147
f 1146/1146/1146 1148/1148/1148 1116/1116/1116
f 1148/1148/1148 1146/1146/1146 1147/1147/1147
f 1149/1149/1149 1116/1116/1116 1148/1148/1148
f 1148/1148/1148 1147/1147/1147 1149/1149/1149
f 1149/1149/1149 1117/1117/1117 1116/1116/1116
f 1117/1117/1117 1149/1149/1149 1150/1150/1150
f 1149/1149/1149 1147/1147/1147 1151/1151/1151
f 1149/1149/1149 1151/1151/1151 1150/1150/1150
f 1117/1117/1117 1150/1150/1150 1152/1152/1152
f 1152/1152/1152 1150/1150/1150 1151/1151/1151
f 1152/1152/1152 1153/1153/1153 1117/1117/1117
f 1152/1152/1152 1154/1154/1154 1153/1153/1153
f 1155/1155/1155 1153/1153/1153 1154/1154/1154
f 1155/1155/1155 1154/1154/1154 1156/1156/1156
f 1157/1157/1157 1156/1156/1156 1154/1154/1154
f 1157/1157/1157 1154/1154/1154 1158/1158/1158
f 1154/1154/1154 1159/1159/1159 1158/1158/1158
f 1154/1154/1154 1152/1152/1152 1159/1159/1159
f 1152/1152/1152 1151/1151/1151 1159/1159/1159
f 1160/1160/1160 1159/1159/1159 1151/1151/1151
f 1160/1160/1160 1151/1151/1151 1161/1161/1161
f 1161/1161/1161 1162/1162/1162 1160/1160/1160
f 1151/1151/1151 1163/1163/1163 1161/1161/1161
f 1161/1161/1161 1163/1163/1163 1162/1162/1162
f 1151/1151/1151 1147/1147/1147 1163/1163/1163
f 1164/1164/1164 1162/1162/1162 1163/1163/1163
f 1163/1163/1163 1147/1147/1147 1165/1165/1165
f 1164/1164/1164 1163/1163/1163 1166/1166/1166
f 1163/1163/1163 1165/1165/1165 1166/1166/1166
f 1166/1166/1166 1167/1167/1167 1164/1164/1164
f 1166/1166/1166 1165/1165/1165 1167/1167/1167
f 1168/1168/1168 1169/1169/1169 1170/1170/1170
f 1171/1171/1171 1168/1168/1168 1170/1170/1170
f 1171/1171/1171 1170/1170/1170 1172/1172/1172
f 1171/1171/1171 1172/1172/1172 1173/1173/1173
f 1171/1171/1171 1173/1173/1173 1174/1174/1174
f 1174/1174/1174 1168/1168/1168 1171/1171/1171
f 1174/1174/1174 1175/1175/1175 1168/1168/1168
f 1175/1175/1175 1176/1176/1176 1168/1168/1168
f 1175/1175/1175 1177/1177/1177 1176/1176/1176
f 1175/1175/1175 1178/1178/1178 1177/1177/1177
f 1168/1168/1168 1176/1176/1176 1179/1179/1179
f 1168/1168/1168 1179/1179/1179 1169/1169/1169
f 1176/1176/1176 1177/1177/1177 1180/1180/1180
f 1178/1178/1178 1180/1180/1180 1177/1177/1177
f 1176/1176/1176 1180/1180/1180 1179/1179/1179
f 1178/1178/1178 1181/1181/1181 1180/1180/1180
f 1182/1182/1182 1180/1180/1180 1181/1181/1181
f 1182/1182/1182 1181/1181/1181 1183/1183/1183
f 1182/1182/1182 1183/1183/1183 1184/1184/1184
f 1182/1182/1182 1184/1184/1184 1185/1185/1185
f 1182/1182/1182 1185/1185/1185 1186/1186/1186
f 1182/1182/1182 1186/1186/1186 1187/1187/1187
f 1182/1182/1182 1188/1188/1188 1180/1180/1180
f 1188/1188/1188 1182/1182/1182 1187/1187/1187
f 1180/1180/1180 1188/1188/1188 1189/1189/1189
f 1188/1188/1188 1187/1187/1187 1189/1189/1189
f 1180/1180/1180 1189/1189/1189 1179/1179/1179
f 1190/1190/1190 1189/1189/1189 1187/1187/1187
f 1190/1190/1190 1191/1191/1191 1189/1189/1189
f 1190/1190/1190 1192/1192/1192 1191/1191/1191
f 1189/1189/1189 1191/1191/1191 1192/1192/1192
f 1189/1189/1189 1192/1192/1192 1179/1179/1179
f 1190/1190/1190 1193/1193/1193 1192/1192/1192
f 1194/1194/1194 1192/1192/1192 1193/1193/1193
f 1194/1194/1194 1193/1193/1193 1195/1195/1195
f 1196/1196/1196 1192/1192/1192 1194/1194/1194
f 1196/1196/1196 1194/1194/1194 1195/1195/1195
f 1196/1196/1196 1179/1179/1179 1192/1192/1192
f 1196/1196/1196 1195/1195/1195 1197/1197/1197
f 1198/1198/1198 1196/1196/1196 1197/1197/1197
f 1199/1199/1199 1179/1179/1179 1196/1196/1196
f 1198/1198/1198 1199/1199/1199 1196/1196/1196
f 1199/1199/1199 1169/1169/1169 1179/1179/1179
f 1199/1199/1199 1198/1198/1198 1200/1200/1200
f 1199/1199/1199 1201/1201/1201 1169/1169/1169
f 1201/1201/1201 1199/1199/1199 1200/1200/1200
f 1202/1202/1202 1169/1169/1169 1201/1201/1201
f 1201/1201/1201 1200/1200/1200 1202/1202/1202
f 1202/1202/1202 1170/1170/1170 1169/1169/1169
f 1170/1170/1170 1202/1202/1202 1203/1203/1203
f 1202/1202/1202 1200/1200/1200 1204/1204/1204
f 1202/1202/1202 1204/1204/1204 1203/1203/1203
f 1170/1170/1170 1203/1203/1203 1205/1205/1205
f 1205/1205/1205 1203/1203/1203 1204/1204/1204
f 1205/1205/1205 1206/1206/1206 1170/1170/1170
f 1205/1205/1205 1207/1207/1207 1206/1206/1206
f 1208/1208/1208 1206/1206/1206 1207/1207/1207
f 1208/1208/1208 1207/1207/1207 1209/1209/1209
f 1210/1210/1210 1209/1209/1209 1207/1207/1207
f 1210/1210/1210 1207/1207/1207 1211/1211/1211
f 1207/1207/1207 1212/1212/1212 1211/1211/1211
f 1207/1207/1207 1205/1205/1205 1212/1212/1212
f 1205/1205/1205 1204/1204/1204 1212/1212/1212
f 1213/1213/1213 1212/1212/1212 1204/1204/1204
f 1213/1213/1213 1204/1204/1204 1214/1214/1214
f 1214/1214/1214 1215/1215/1215 1213/1213/1213
f 1204/1204/1204 1216/1216/1216 1214/1214/1214
f 1214/1214/1214 1216/1216/1216 1215/1215/1215
f 1204/1204/1204 1200/1200/1200 1216/1216/1216
f 1217/1217/1217 1215/1215/1215 1216/1216/1216
f 1216/1216/1216 1200/1200/1200 1218/1218/1218
f 1217/1217/1217 1216/1216/1216 1219/1219/1219
f 1216/1216/1216 1218/1218/1218 1219/1219/1219
f 1219/1219/1219 1220/1220/1220 1217/1217/1217
f 1219/1219/1219 1218/1218/1218 1220/1220/1220
f 1221/1221/1221 1222/1222/1222 1223/1223/1223
f 1224/1224/1224 1223/1223/1223 1222/1222/1222
f 1224/1224/1224 1222/1222/1222 1225/1225/1225
f 1221/1221/1221 1226/1226/1226 1222/1222/1222
f 1227/1227/1227 1223/1223/1223 1224/1224/1224
f 1228/1228/1228 1226/1226/1226 1221/1221/1221
f 1228/1228/1228 1221/1221/1221 1229/1229/1229
f 1230/1230/1230 1229/1229/1229 1221/1221/1221
f 1221/1221/1221 1223/1223/1223 1231/1231/1231
f 1221/1221/1221 1231/1231/1231 1230/1230/1230
f 1231/1231/1231 1223/1223/1223 1227/1227/1227
f 1232/1232/1232 1230/1230/1230 1231/1231/1231
f 1232/1232/1232 1233/1233/1233 1230/1230/1230
f 1234/1234/1234 1233/1233/1233 1232/1232/1232
f 1231/1231/1231 1235/1235/1235 1232/1232/1232
f 1231/1231/1231 1227/1227/1227 1235/1235/1235
f 1236/1236/1236 1235/1235/1235 1227/1227/1227
f 1236/1236/1236 1237/1237/1237 1235/1235/1235
f 1238/1238/1238 1236/1236/1236 1227/1227/1227
f 1237/1237/1237 1236/1236/1236 1239/1239/1239
f 1237/1237/1237 1239/1239/1239 1240/1240/1240
f 1241/1241/1241 1236/1236/1236 1238/1238/1238
f 1239/1239/1239 1236/1236/1236 1241/1241/1241
f 1239/1239/1239 1242/1242/1242 1240/1240/1240
f 1241/1241/1241 1238/1238/1238 1243/1243/1243
f 1239/1239/1239 1244/1244/1244 1242/1242/1242
f 1243/1243/1243 1245/1245/1245 1241/1241/1241
f 1243/1243/1243 1246/1246/1246 1245/1245/1245
f 1241/1241/1241 1247/1247/1247 1239/1239/1239
f 1239/1239/1239 1247/1247/1247 1244/1244/1244
f 1241/1241/1241 1245/1245/1245 1247/1247/1247
f 1247/1247/1247 1248/1248/1248 1244/1244/1244
f 1245/1245/1245 1249/1249/1249 1247/1247/1247
f 1249/1249/1249 1248/1248/1248 1247/1247/1247
f 1250/1250/1250 1251/1251/1251 1252/1252/1252
f 1253/1253/1253 1252/1252/1252 1251/1251/1251
f 1253/1253/1253 1251/1251/1251 1254/1254/1254
f 1250/1250/1250 1255/1255/1255 1251/1251/1251
f 1256/1256/1256 1252/1252/1252 1253/1253/1253
f 1257/1257/1257 1255/1255/1255 1250/1250/1250
f 1257/1257/1257 1250/1250/1250 1258/1258/1258
f 1259/1259/1259 1258/1258/1258 1250/1250/1250
f 1250/1250/1250 1252/1252/1252 1260/1260/1260
f 1250/1250/1250 1260/1260/1260 1259/1259/1259
f 1260/1260/1260 1252/1252/1252 1256/1256/1256
f 1261/1261/1261 1259/1259/1259 1260/1260/1260
f 1261/1261/1261 1262/1262/1262 1259/1259/1259
f 1263/1263/1263 1262/1262/1262 1261/1261/1261
f 1260/1260/1260 1264/1264/1264 1261/1261/1261
f 1260/1260/1260 1256/1256/1256 1264/1264/1264
f 1265/1265/1265 1264/1264/1264 1256/1256/1256
f 1265/1265/1265 1266/1266/1266 1264/1264/1264
f 1267/1267/1267 1265/1265/1265 1256/1256/1256
f 1266/1266/1266 1265/1265/1265 1268/1268/1268
f 1266/1266/1266 1268/1268/1268 1269/1269/1269
f 1268/1268/1268 1270/1270/1270 1269/1269/1269
f 1268/1268/1268 1271/1271/1271 1270/1270/1270
f 1268/1268/1268 1265/1265/1265 1272/1272/1272
f 1272/1272/1272 1265/1265/1265 1267/1267/1267
f 1268/1268/1268 1272/1272/1272 1271/1271/1271
f 1272/1272/1272 1267/1267/1267 1273/1273/1273
f 1273/1273/1273 1274/1274/1274 1272/1272/1272
f 1272/1272/1272 1274/1274/1274 1271/1271/1271
f 1273/1273/1273 1275/1275/1275 1274/1274/1274
f 1274/1274/1274 1276/1276/1276 1271/1271/1271
f 1276/1276/1276 1277/1277/1277 1271/1271/1271
f 1278/1278/1278 1279/1279/1279 1280/1280/1280
f 1278/1278/1278 1280/1280/1280 1281/1281/1281
f 1279/1279/1279 1278/1278/1278 1282/1282/1282
f 1283/1283/1283 1278/1278/1278 1281/1281/1281
f 1278/1278/1278 1283/1283/1283 1282/1282/1282
f 1283/1283/1283 1281/1281/1281 1284/1284/1284
f 1284/1284/1284 1281/1281/1281 1280/1280/1280
f 1285/1285/1285 1283/1283/1283 1284/1284/1284
f 1285/1285/1285 1284/1284/1284 1286/1286/1286
f 1287/1287/1287 1285/1285/1285 1286/1286/1286
f 1287/1287/1287 1286/1286/1286 1288/1288/1288
f 1286/1286/1286 1284/1284/1284 1289/1289/1289
f 1284/1284/1284 1280/1280/1280 1289/1289/1289
f 1290/1290/1290 1288/1288/1288 1286/1286/1286
f 1286/1286/1286 1289/1289/1289 1290/1290/1290
f 1290/1290/1290 1291/1291/1291 1288/1288/1288
f 1280/1280/1280 1292/1292/1292 1289/1289/1289
f 1280/1280/1280 1293/1293/1293 1292/1292/1292
f 1293/1293/1293 1294/1294/1294 1292/1292/1292
f 1295/1295/1295 1293/1293/1293 1280/1280/1280
f 1293/1293/1293 1295/1295/1295 1294/1294/1294
f 1295/1295/1295 1280/1280/1280 1279/1279/1279
f 1296/1296/1296 1294/1294/1294 1295/1295/1295
f 1296/1296/1296 1295/1295/1295 1297/1297/1297
f 1295/1295/1295 1279/1279/1279 1297/1297/1297
f 1298/1298/1298 1296/1296/1296 1297/1297/1297
f 1299/1299/1299 1300/1300/1300 1279/1279/1279
f 1279/1279/1279 1282/1282/1282 1299/1299/1299
f 1300/1300/1300 1299/1299/1299 1301/1301/1301
f 1300/1300/1300 1301/1301/1301 1302/1302/1302
f 1303/1303/1303 1302/1302/1302 1301/1301/1301
f 1299/1299/1299 1304/1304/1304 1301/1301/1301
f 1304/1304/1304 1299/1299/1299 1282/1282/1282
f 1303/1303/1303 1301/1301/1301 1305/1305/1305
f 1301/1301/1301 1304/1304/1304 1305/1305/1305
f 1306/1306/1306 1303/1303/1303 1305/1305/1305
f 1307/1307/1307 1306/1306/1306 1305/1305/1305
f 1307/1307/1307 1308/1308/1308 1306/1306/1306
f 1305/1305/1305 1309/1309/1309 1307/1307/1307
f 1309/1309/1309 1308/1308/1308 1307/1307/1307
f 1305/1305/1305 1304/1304/1304 1309/1309/1309
f 1309/1309/1309 1310/1310/1310 1308/1308/1308
f 1311/1311/1311 1309/1309/1309 1304/1304/1304
f 1310/1310/1310 1309/1309/1309 1311/1311/1311
f 1304/1304/1304 1282/1282/1282 1312/1312/1312
f 1304/1304/1304 1312/1312/1312 1313/1313/1313
f 1313/1313/1313 1311/1311/1311 1304/1304/1304
f 1282/1282/1282 1314/1314/1314 1312/1312/1312
f 1282/1282/1282 1283/1283/1283 1314/1314/1314
f 1315/1315/1315 1314/1314/1314 1283/1283/1283
f 1315/1315/1315 1316/1316/1316 1314/1314/1314
f 1314/1314/1314 1316/1316/1316 1317/1317/1317
f 1317/1317/1317 1312/1312/1312 1314/1314/1314
f 1317/1317/1317 1313/1313/1313 1312/1312/1312
f 1313/1313/1313 1317/1317/1317 1318/1318/1318
f 1318/1318/1318 1311/1311/1311 1313/1313/1313
f 1318/1318/1318 1319/1319/1319 1311/1311/1311
f 1311/1311/1311 1319/1319/1319 1320/1320/1320
f 1310/1310/1310 1311/1311/1311 1320/1320/1320
f 1320/1320/1320 1319/1319/1319 1321/1321/1321
f 1320/1320/1320 1322/1322/1322 1310/1310/1310
f 1320/1320/1320 1321/1321/1321 1323/1323/1323
f 1324/1324/1324 1322/1322/1322 1320/1320/1320
f 1324/1324/1324 1320/1320/1320 1323/1323/1323
f 1325/1325/1325 1326/1326/1326 1327/1327/1327
f 1325/1325/1325 1327/1327/1327 1328/1328/1328
f 1326/1326/1326 1325/1325/1325 1329/1329/1329
f 1330/1330/1330 1325/1325/1325 1328/1328/1328
f 1325/1325/1325 1330/1330/1330 1329/1329/1329
f 1330/1330/1330 1328/1328/1328 1331/1331/1331
f 1331/1331/1331 1328/1328/1328 1327/1327/1327
f 1332/1332/1332 1330/1330/1330 1331/1331/1331
f 1332/1332/1332 1331/1331/1331 1333/1333/1333
f 1334/1334/1334 1332/1332/1332 1333/1333/1333
f 1334/1334/1334 1333/1333/1333 1335/1335/1335
f 1333/1333/1333 1331/1331/1331 1336/1336/1336
f 1331/1331/1331 1327/1327/1327 1336/1336/1336
f 1337/1337/1337 1335/1335/1335 1333/1333/1333
f 1333/1333/1333 1336/1336/1336 1337/1337/1337
f 1337/1337/1337 1338/1338/1338 1335/1335/1335
f 1327/1327/1327 1339/1339/1339 1336/1336/1336
f 1327/1327/1327 1340/1340/1340 1339/1339/1339
f 1340/1340/1340 1341/1341/1341 1339/1339/1339
f 1342/1342/1342 1340/1340/1340 1327/1327/1327
f 1340/1340/1340 1342/1342/1342 1341/1341/1341
f 1342/1342/1342 1327/1327/1327 1326/1326/1326
f 1343/1343/1343 1341/1341/1341 1342/1342/1342
f 1343/1343/1343 1342/1342/1342 1344/1344/1344
f 1342/1342/1342 1326/1326/1326 1344/1344/1344
f 1345/1345/1345 1343/1343/1343 1344/1344/1344
f 1346/1346/1346 1347/1347/1347 1326/1326/1326
f 1326/1326/1326 1329/1329/1329 1346/1346/1346
f 1347/1347/1347 1346/1346/1346 1348/1348/1348
f 1347/1347/1347 1348/1348/1348 1349/1349/1349
f 1350/1350/1350 1349/1349/1349 1348/1348/1348
f 1346/1346/1346 1351/1351/1351 1348/1348/1348
f 1351/1351/1351 1346/1346/1346 1329/1329/1329
f 1350/1350/1350 1348/1348/1348 1352/1352/1352
f 1348/1348/1348 1351/1351/1351 1352/1352/1352
f 1353/1353/1353 1350/1350/1350 1352/1352/1352
f 1354/1354/1354 1353/1353/1353 1352/1352/1352
f 1354/1354/1354 1355/1355/1355 1353/1353/1353
f 1352/1352/1352 1356/1356/1356 1354/1354/1354
f 1356/1356/1356 1355/1355/1355 1354/1354/1354
f 1352/1352/1352 1351/1351/1351 1356/1356/1356
f 1356/1356/1356 1357/1357/1357 1355/1355/1355
f 1358/1358/1358 1356/1356/1356 1351/1351/1351
f 1357/1357/1357 1356/1356/1356 1358/1358/1358
f 1351/1351/1351 1329/1329/1329 1359/1359/1359
f 1351/1351/1351 1359/1359/1359 1360/1360/1360
f 1360/1360/1360 1358/1358/1358 1351/1351/1351
f 1329/1329/1329 1361/1361/1361 1359/1359/1359
f 1329/1329/1329 1330/1330/1330 1361/1361/1361
f 1362/1362/1362 1361/1361/1361 1330/1330/1330
f 1362/1362/1362 1363/1363/1363 1361/1361/1361
f 1361/1361/1361 1363/1363/1363 1364/1364/1364
f 1364/1364/1364 1359/1359/1359 1361/1361/1361
f 1364/1364/1364 1360/1360/1360 1359/1359/1359
f 1360/1360/1360 1364/1364/1364 1365/1365/1365
f 1365/1365/1365 1358/1358/1358 1360/1360/1360
f 1365/1365/1365 1366/1366/1366 1358/1358/1358
f 1358/1358/1358 1366/1366/1366 1367/1367/1367
f 1357/1357/1357 1358/1358/1358 1367/1367/1367
f 1367/1367/1367 1366/1366/1366 1368/1368/1368
f 1367/1367/1367 1369/1369/1369 1357/1357/1357
f 1367/1367/1367 1368/1368/1368 1370/1370/1370
f 1371/1371/1371 1369/1369/1369 1367/1367/1367
f 1371/1371/1371 1367/1367/1367 1370/1370/1370
f 1372/1372/1372 1373/1373/1373 1374/1374/1374
f 1372/1372/1372 1374/1374/1374 1375/1375/1375
f 1376/1376/1376 1375/1375/1375 1374/1374/1374
f 1376/1376/1376 1374/1374/1374 1377/1377/1377
f 1377/1377/1377 1374/1374/1374 1373/1373/1373
f 1378/1378/1378 1376/1376/1376 1377/1377/1377
f 1378/1378/1378 1377/1377/1377 1379/1379/1379
f 1377/1377/1377 1373/1373/1373 1379/1379/1379
f 1372/1372/1372 1375/1375/1375 1380/1380/1380
f 1372/1372/1372 1380/1380/1380 1381/1381/1381
f 1372/1372/1372 1381/1381/1381 1382/1382/1382
f 1383/1383/1383 1382/1382/1382 1381/1381/1381
f 1384/1384/1384 1380/1380/1380 1375/1375/1375
f 1385/1385/1385 1380/1380/1380 1384/1384/1384
f 1385/1385/1385 1384/1384/1384 1386/1386/1386
f 1385/1385/1385 1386/1386/1386 1387/1387/1387
f 1386/1386/1386 1388/1388/1388 1387/1387/1387
f 1386/1386/1386 1389/1389/1389 1388/1388/1388
f 1386/1386/1386 1384/1384/1384 1389/1389/1389
f 1389/1389/1389 1384/1384/1384 1390/1390/1390
f 1391/1391/1391 1390/1390/1390 1384/1384/1384
f 1391/1391/1391 1392/1392/1392 1390/1390/1390
f 1391/1391/1391 1393/1393/1393 1392/1392/1392
f 1391/1391/1391 1394/1394/1394 1393/1393/1393
f 1395/1395/1395 1394/1394/1394 1391/1391/1391
f 1384/1384/1384 1396/1396/1396 1391/1391/1391
f 1395/1395/1395 1391/1391/1391 1396/1396/1396
f 1384/1384/1384 1375/1375/1375 1396/1396/1396
f 1396/1396/1396 1397/1397/1397 1395/1395/1395
f 1375/1375/1375 1398/1398/1398 1396/1396/1396
f 1398/1398/1398 1397/1397/1397 1396/1396/1396
f 1399/1399/1399 1400/1400/1400 1401/1401/1401
f 1399/1399/1399 1401/1401/1401 1402/1402/1402
f 1403/1403/1403 1402/1402/1402 1401/1401/1401
f 1403/1403/1403 1401/1401/1401 1404/1404/1404
f 1404/1404/1404 1401/1401/1401 1400/1400/1400
f 1405/1405/1405 1403/1403/1403 1404/1404/1404
f 1405/1405/1405 1404/1404/1404 1406/1406/1406
f 1404/1404/1404 1400/1400/1400 1406/1406/1406
f 1399/1399/1399 1402/1402/1402 1407/1407/1407
f 1399/1399/1399 1407/1407/1407 1408/1408/1408
f 1399/1399/1399 1408/1408/1408 1409/1409/1409
f 1410/1410/1410 1409/1409/1409 1408/1408/1408
f 1411/1411/1411 1407/1407/1407 1402/1402/1402
f 1412/1412/1412 1407/1407/1407 1411/1411/1411
f 1412/1412/1412 1411/1411/1411 1413/1413/1413
f 1412/1412/1412 1413/1413/1413 1414/1414/1414
f 1413/1413/1413 1415/1415/1415 1414/1414/1414
f 1413/1413/1413 1416/1416/1416 1415/1415/1415
f 1413/1413/1413 1411/1411/1411 1416/1416/1416
f 1416/1416/1416 1411/1411/1411 1417/1417/1417
f 1418/1418/1418 1417/1417/1417 1411/1411/1411
f 1417/1417/1417 1418/1418/1418 1419/1419/1419
f 1418/1418/1418 1420/1420/1420 1419/1419/1419
f 1418/1418/1418 1421/1421/1421 1420/1420/1420
f 1422/1422/1422 1421/1421/1421 1418/1418/1418
f 1411/1411/1411 1423/1423/1423 1418/1418/1418
f 1422/1422/1422 1418/1418/1418 1423/1423/1423
f 1411/1411/1411 1402/1402/1402 1423/1423/1423
f 1423/1423/1423 1424/1424/1424 1422/1422/1422
f 1402/1402/1402 1425/1425/1425 1423/1423/1423
f 1425/1425/1425 1424/1424/1424 1423/1423/1423
f 1426/1426/1426 1427/1427/1427 1428/1428/1428
f 1426/1426/1426 1428/1428/1428 1429/1429/1429
f 1426/1426/1426 1430/1430/1430 1427/1427/1427
f 1426/1426/1426 1431/1431/1431 1430/1430/1430
f 1432/1432/1432 1428/1428/1428 1427/1427/1427
f 1432/1432/1432 1427/1427/1427 1430/1430/1430
f 1429/1429/1429 1428/1428/1428 1433/1433/1433
f 1433/1433/1433 1428/1428/1428 1432/1432/1432
f 1429/1429/1429 1433/1433/1433 1434/1434/1434
f 1433/1433/1433 1435/1435/1435 1434/1434/1434
f 1431/1431/1431 1436/1436/1436 1430/1430/1430
f 1436/1436/1436 1432/1432/1432 1430/1430/1430
f 1431/1431/1431 1437/1437/1437 1436/1436/1436
f 1436/1436/1436 1437/1437/1437 1438/1438/1438
f 1435/1435/1435 1433/1433/1433 1439/1439/1439
f 1439/1439/1439 1433/1433/1433 1432/1432/1432
f 1440/1440/1440 1435/1435/1435 1439/1439/1439
f 1440/1440/1440 1441/1441/1441 1435/1435/1435
f 1442/1442/1442 1439/1439/1439 1432/1432/1432
f 1442/1442/1442 1440/1440/1440 1439/1439/1439
f 1443/1443/1443 1432/1432/1432 1436/1436/1436
f 1443/1443/1443 1436/1436/1436 1438/1438/1438
f 1442/1442/1442 1432/1432/1432 1444/1444/1444
f 1443/1443/1443 1444/1444/1444 1432/1432/1432
f 1445/1445/1445 1443/1443/1443 1438/1438/1438
f 1446/1446/1446 1444/1444/1444 1443/1443/1443
f 1446/1446/1446 1443/1443/1443 1445/1445/1445
f 1444/1444/1444 1446/1446/1446 1447/1447/1447
f 1446/1446/1446 1448/1448/1448 1447/1447/1447
f 1448/1448/1448 1446/1446/1446 1445/1445/1445
f 1444/1444/1444 1447/1447/1447 1449/1449/1449
f 1450/1450/1450 1442/1442/1442 1444/1444/1444
f 1444/1444/1444 1449/1449/1449 1450/1450/1450
f 1450/1450/1450 1451/1451/1451 1442/1442/1442
f 1451/1451/1451 1440/1440/1440 1442/1442/1442
f 1452/1452/1452 1451/1451/1451 1450/1450/1450
f 1451/1451/1451 1453/1453/1453 1440/1440/1440
f 1452/1452/1452 1453/1453/1453 1451/1451/1451
f 1453/1453/1453 1452/1452/1452 1454/1454/1454
f 1454/1454/1454 1455/1455/1455 1453/1453/1453
f 1453/1453/1453 1455/1455/1455 1440/1440/1440
f 1454/1454/1454 1456/1456/1456 1455/1455/1455
f 1455/1455/1455 1456/1456/1456 1457/1457/1457
f 1455/1455/1455 1458/1458/1458 1440/1440/1440
f 1458/1458/1458 1455/1455/1455 1457/1457/1457
f 1441/1441/1441 1440/1440/1440 1458/1458/1458
f 1458/1458/1458 1457/1457/1457 1459/1459/1459
f 1441/1441/1441 1458/1458/1458 1460/1460/1460
f 1458/1458/1458 1459/1459/1459 1460/1460/1460
f 1450/1450/1450 1461/1461/1461 1452/1452/1452
f 1461/1461/1461 1450/1450/1450 1449/1449/1449
f 1461/1461/1461 1462/1462/1462 1452/1452/1452
f 1462/1462/1462 1463/1463/1463 1452/1452/1452
f 1461/1461/1461 1449/1449/1449 1464/1464/1464
f 1461/1461/1461 1465/1465/1465 1462/1462/1462
f 1461/1461/1461 1464/1464/1464 1465/1465/1465
f 1462/1462/1462 1466/1466/1466 1463/1463/1463
f 1462/1462/1462 1465/1465/1465 1466/1466/1466
f 1467/1467/1467 1463/1463/1463 1466/1466/1466
f 1468/1468/1468 1467/1467/1467 1466/1466/1466
f 1469/1469/1469 1464/1464/1464 1449/1449/1449
f 1465/1465/1465 1464/1464/1464 1469/1469/1469
f 1469/1469/1469 1449/1449/1449 1447/1447/1447
f 1465/1465/1465 1470/1470/1470 1466/1466/1466
f 1468/1468/1468 1466/1466/1466 1470/1470/1470
f 1465/1465/1465 1471/1471/1471 1470/1470/1470
f 1468/1468/1468 1470/1470/1470 1471/1471/1471
f 1469/1469/1469 1471/1471/1471 1465/1465/1465
f 1468/1468/1468 1471/1471/1471 1472/1472/1472
f 1469/1469/1469 1447/1447/1447 1448/1448/1448
f 1473/1473/1473 1472/1472/1472 1471/1471/1471
f 1469/1469/1469 1473/1473/1473 1471/1471/1471
f 1473/1473/1473 1474/1474/1474 1472/1472/1472
f 1469/1469/1469 1474/1474/1474 1473/1473/1473
f 1469/1469/1469 1448/1448/1448 1474/1474/1474
f 1448/1448/1448 1445/1445/1445 1475/1475/1475
f 1448/1448/1448 1475/1475/1475 1476/1476/1476
f 1448/1448/1448 1476/1476/1476 1477/1477/1477
f 1478/1478/1478 1477/1477/1477 1476/1476/1476
f 1477/1477/1477 1478/1478/1478 1479/1479/1479
f 1478/1478/1478 1480/1480/1480 1479/1479/1479
f 1481/1481/1481 1480/1480/1480 1478/1478/1478
f 1478/1478/1478 1476/1476/1476 1481/1481/1481
f 1481/1481/1481 1482/1482/1482 1480/1480/1480
f 1483/1483/1483 1482/1482/1482 1481/1481/1481
f 1483/1483/1483 1481/1481/1481 1484/1484/1484
f 1485/1485/1485 1483/1483/1483 1484/1484/1484
f 1486/1486/1486 1481/1481/1481 1476/1476/1476
f 1484/1484/1484 1481/1481/1481 1486/1486/1486
f 1486/1486/1486 1485/1485/1485 1484/1484/1484
f 1475/1475/1475 1486/1486/1486 1476/1476/1476
f 1486/1486/1486 1487/1487/1487 1485/1485/1485
f 1487/1487/1487 1488/1488/1488 1485/1485/1485
f 1487/1487/1487 1489/1489/1489 1488/1488/1488
f 1490/1490/1490 1489/1489/1489 1487/1487/1487
f 1491/1491/1491 1487/1487/1487 1486/1486/1486
f 1490/1490/1490 1487/1487/1487 1491/1491/1491
f 1475/1475/1475 1491/1491/1491 1486/1486/1486
f 1492/1492/1492 1490/1490/1490 1491/1491/1491
f 1491/1491/1491 1475/1475/1475 1493/1493/1493
f 1492/1492/1492 1491/1491/1491 1494/1494/1494
f 1491/1491/1491 1493/1493/1493 1494/1494/1494
f 1493/1493/1493 1475/1475/1475 1495/1495/1495
f 1494/1494/1494 1493/1493/1493 1495/1495/1495
f 1495/1495/1495 1475/1475/1475 1445/1445/1445
f 1492/1492/1492 1494/1494/1494 1496/1496/1496
f 1492/1492/1492 1496/1496/1496 1497/1497/1497
f 1498/1498/1498 1494/1494/1494 1495/1495/1495
f 1496/1496/1496 1499/1499/1499 1497/1497/1497
f 1499/1499/1499 1500/1500/1500 1497/1497/1497
f 1496/1496/1496 1494/1494/1494 1501/1501/1501
f 1494/1494/1494 1498/1498/1498 1501/1501/1501
f 1496/1496/1496 1501/1501/1501 1499/1499/1499
f 1499/1499/1499 1502/1502/1502 1500/1500/1500
f 1503/1503/1503 1501/1501/1501 1498/1498/1498
f 1503/1503/1503 1499/1499/1499 1501/1501/1501
f 1499/1499/1499 1504/1504/1504 1502/1502/1502
f 1499/1499/1499 1503/1503/1503 1504/1504/1504
f 1504/1504/1504 1505/1505/1505 1502/1502/1502
f 1504/1504/1504 1506/1506/1506 1505/1505/1505
f 1504/1504/1504 1503/1503/1503 1506/1506/1506
f 1507/1507/1507 1505/1505/1505 1506/1506/1506
f 1508/1508/1508 1507/1507/1507 1506/1506/1506
f 1508/1508/1508 1506/1506/1506 1503/1503/1503
f 1508/1508/1508 1509/1509/1509 1507/1507/1507
f 1508/1508/1508 1438/1438/1438 1509/1509/1509
f 1503/1503/1503 1498/1498/1498 1510/1510/1510
f 1510/1510/1510 1508/1508/1508 1503/1503/1503
f 1498/1498/1498 1495/1495/1495 1510/1510/1510
f 1438/1438/1438 1508/1508/1508 1511/1511/1511
f 1510/1510/1510 1511/1511/1511 1508/1508/1508
f 1510/1510/1510 1495/1495/1495 1511/1511/1511
f 1445/1445/1445 1438/1438/1438 1511/1511/1511
f 1511/1511/1511 1495/1495/1495 1445/1445/1445
f 1512/1512/1512 1513/1513/1513 1514/1514/1514
f 1512/1512/1512 1514/1514/1514 1515/1515/1515
f 1516/1516/1516 1514/1514/1514 1513/1513/1513
f 1516/1516/1516 1513/1513/1513 1517/1517/1517
f 1518/1518/1518 1516/1516/1516 1517/1517/1517
f 1518/1518/1518 1519/1519/1519 1516/1516/1516
f 1519/1519/1519 1518/1518/1518 1520/1520/1520
f 1519/1519/1519 1520/1520/1520 1521/1521/1521
f 1519/1519/1519 1521/1521/1521 1522/1522/1522
f 1519/1519/1519 1522/1522/1522 1523/1523/1523
f 1524/1524/1524 1523/1523/1523 1522/1522/1522
f 1525/1525/1525 1516/1516/1516 1519/1519/1519
f 1525/1525/1525 1519/1519/1519 1523/1523/1523
f 1516/1516/1516 1525/1525/1525 1514/1514/1514
f 1526/1526/1526 1523/1523/1523 1524/1524/1524
f 1525/1525/1525 1523/1523/1523 1526/1526/1526
f 1527/1527/1527 1526/1526/1526 1524/1524/1524
f 1525/1525/1525 1528/1528/1528 1514/1514/1514
f 1526/1526/1526 1528/1528/1528 1525/1525/1525
f 1515/1515/1515 1514/1514/1514 1528/1528/1528
f 1527/1527/1527 1529/1529/1529 1526/1526/1526
f 1528/1528/1528 1526/1526/1526 1529/1529/1529
f 1529/1529/1529 1527/1527/1527 1530/1530/1530
f 1529/1529/1529 1530/1530/1530 1531/1531/1531
f 1528/1528/1528 1529/1529/1529 1531/1531/1531
f 1530/1530/1530 1532/1532/1532 1531/1531/1531
f 1528/1528/1528 1531/1531/1531 1532/1532/1532
f 1530/1530/1530 1533/1533/1533 1532/1532/1532
f 1515/1515/1515 1528/1528/1528 1534/1534/1534
f 1534/1534/1534 1512/1512/1512 1515/1515/1515
f 1534/1534/1534 1535/1535/1535 1512/1512/1512
f 1528/1528/1528 1532/1532/1532 1536/1536/1536
f 1533/1533/1533 1536/1536/1536 1532/1532/1532
f 1536/1536/1536 1534/1534/1534 1528/1528/1528
f 1533/1533/1533 1537/1537/1537 1536/1536/1536
f 1535/1535/1535 1534/1534/1534 1538/1538/1538
f 1536/1536/1536 1538/1538/1538 1534/1534/1534
f 1537/1537/1537 1538/1538/1538 1536/1536/1536
f 1535/1535/1535 1538/1538/1538 1539/1539/1539
f 1537/1537/1537 1539/1539/1539 1538/1538/1538
f 1540/1540/1540 1541/1541/1541 1542/1542/1542
f 1540/1540/1540 1542/1542/1542 1543/1543/1543
f 1544/1544/1544 1542/1542/1542 1541/1541/1541
f 1544/1544/1544 1541/1541/1541 1545/1545/1545
f 1546/1546/1546 1544/1544/1544 1545/1545/1545
f 1546/1546/1546 1547/1547/1547 1544/1544/1544
f 1547/1547/1547 1546/1546/1546 1548/1548/1548
f 1547/1547/1547 1548/1548/1548 1549/1549/1549
f 1547/1547/1547 1549/1549/1549 1550/1550/1550
f 1547/1547/1547 1550/1550/1550 1551/1551/1551
f 1552/1552/1552 1551/1551/1551 1550/1550/1550
f 1553/1553/1553 1544/1544/1544 1547/1547/1547
f 1553/1553/1553 1547/1547/1547 1551/1551/1551
f 1544/1544/1544 1553/1553/1553 1542/1542/1542
f 1554/1554/1554 1551/1551/1551 1552/1552/1552
f 1553/1553/1553 1551/1551/1551 1554/1554/1554
f 1555/1555/1555 1554/1554/1554 1552/1552/1552
f 1553/1553/1553 1556/1556/1556 1542/1542/1542
f 1554/1554/1554 1556/1556/1556 1553/1553/1553
f 1543/1543/1543 1542/1542/1542 1556/1556/1556
f 1555/1555/1555 1557/1557/1557 1554/1554/1554
f 1556/1556/1556 1554/1554/1554 1557/1557/1557
f 1557/1557/1557 1555/1555/1555 1558/1558/1558
f 1557/1557/1557 1558/1558/1558 1559/1559/1559
f 1556/1556/1556 1557/1557/1557 1559/1559/1559
f 1558/1558/1558 1560/1560/1560 1559/1559/1559
f 1556/1556/1556 1559/1559/1559 1560/1560/1560
f 1558/1558/1558 1561/1561/1561 1560/1560/1560
f 1543/1543/1543 1556/1556/1556 1562/1562/1562
f 1562/1562/1562 1540/1540/1540 1543/1543/1543
f 1562/1562/1562 1563/1563/1563 1540/1540/1540
f 1556/1556/1556 1560/1560/1560 1564/1564/1564
f 1561/1561/1561 1564/1564/1564 1560/1560/1560
f 1564/1564/1564 1562/1562/1562 1556/1556/1556
f 1561/1561/1561 1565/1565/1565 1564/1564/1564
f 1563/1563/1563 1562/1562/1562 1566/1566/1566
f 1564/1564/1564 1566/1566/1566 1562/1562/1562
f 1565/1565/1565 1566/1566/1566 1564/1564/1564
f 1563/1563/1563 1566/1566/1566 1567/1567/1567
f 1565/1565/1565 1567/1567/1567 1566/1566/1566
f 1568/1568/1568 1569/1569/1569 1570/1570/1570
f 1569/1569/1569 1568/1568/1568 1571/1571/1571
f 1569/1569/1569 1571/1571/1571 1572/1572/1572
f 1572/1572/1572 1570/1570/1570 1569/1569/1569
f 1572/1572/1572 1573/1573/1573 1570/1570/1570
f 1568/1568/1568 1570/1570/1570 1574/1574/1574
f 1574/1574/1574 1575/1575/1575 1576/1576/1576
f 1574/1574/1574 1577/1577/1577 1575/1575/1575
f 1577/1577/1577 1574/1574/1574 1570/1570/1570
f 1575/1575/1575 1577/1577/1577 1578/1578/1578
f 1577/1577/1577 1579/1579/1579 1578/1578/1578
f 1570/1570/1570 1579/1579/1579 1577/1577/1577
f 1579/1579/1579 1580/1580/1580 1578/1578/1578
f 1579/1579/1579 1581/1581/1581 1580/1580/1580
f 1582/1582/1582 1580/1580/1580 1581/1581/1581
f 1579/1579/1579 1583/1583/1583 1581/1581/1581
f 1570/1570/1570 1583/1583/1583 1579/1579/1579
f 1570/1570/1570 1573/1573/1573 1583/1583/1583
f 1584/1584/1584 1583/1583/1583 1573/1573/1573
f 1584/1584/1584 1585/1585/1585 1583/1583/1583
f 1586/1586/1586 1584/1584/1584 1573/1573/1573
f 1584/1584/1584 1587/1587/1587 1585/1585/1585
f 1588/1588/1588 1584/1584/1584 1586/1586/1586
f 1584/1584/1584 1588/1588/1588 1587/1587/1587
f 1588/1588/1588 1586/1586/1586 1589/1589/1589
f 1590/1590/1590 1587/1587/1587 1588/1588/1588
f 1590/1590/1590 1588/1588/1588 1591/1591/1591
f 1588/1588/1588 1589/1589/1589 1592/1592/1592
f 1593/1593/1593 1591/1591/1591 1588/1588/1588
f 1592/1592/1592 1593/1593/1593 1588/1588/1588
f 1593/1593/1593 1594/1594/1594 1591/1591/1591
f 1593/1593/1593 1595/1595/1595 1594/1594/1594
f 1596/1596/1596 1595/1595/1595 1593/1593/1593
f 1592/1592/1592 1596/1596/1596 1593/1593/1593
f 1596/1596/1596 1592/1592/1592 1597/1597/1597
f 1598/1598/1598 1599/1599/1599 1600/1600/1600
f 1598/1598/1598 1600/1600/1600 1601/1601/1601
f 1600/1600/1600 1599/1599/1599 1602/1602/1602
f 1598/1598/1598 1603/1603/1603 1599/1599/1599
f 1598/1598/1598 1604/1604/1604 1603/1603/1603
f 1605/1605/1605 1602/1602/1602 1599/1599/1599
f 1605/1605/1605 1606/1606/1606 1602/1602/1602
f 1603/1603/1603 1607/1607/1607 1599/1599/1599
f 1605/1605/1605 1599/1599/1599 1607/1607/1607
f 1608/1608/1608 1603/1603/1603 1604/1604/1604
f 1603/1603/1603 1608/1608/1608 1607/1607/1607
f 1609/1609/1609 1608/1608/1608 1604/1604/1604
f 1609/1609/1609 1607/1607/1607 1608/1608/1608
f 1609/1609/1609 1604/1604/1604 1610/1610/1610
f 1607/1607/1607 1609/1609/1609 1611/1611/1611
f 1607/1607/1607 1611/1611/1611 1612/1612/1612
f 1612/1612/1612 1611/1611/1611 1613/1613/1613
f 1607/1607/1607 1612/1612/1612 1614/1614/1614
f 1614/1614/1614 1605/1605/1605 1607/1607/1607
f 1614/1614/1614 1615/1615/1615 1605/1605/1605
f 1605/1605/1605 1615/1615/1615 1606/1606/1606
f 1606/1606/1606 1615/1615/1615 1616/1616/1616
f 1614/1614/1614 1617/1617/1617 1615/1615/1615
f 1614/1614/1614 1618/1618/1618 1617/1617/1617
f 1619/1619/1619 1616/1616/1616 1615/1615/1615
f 1615/1615/1615 1617/1617/1617 1619/1619/1619
f 1619/1619/1619 1617/1617/1617 1618/1618/1618
f 1619/1619/1619 1620/1620/1620 1616/1616/1616
f 1619/1619/1619 1618/1618/1618 1621/1621/1621
f 1621/1621/1621 1622/1622/1622 1619/1619/1619
f 1621/1621/1621 1623/1623/1623 1622/1622/1622
f 1624/1624/1624 1620/1620/1620 1619/1619/1619
f 1622/1622/1622 1624/1624/1624 1619/1619/1619
f 1624/1624/1624 1625/1625/1625 1620/1620/1620
f 1624/1624/1624 1622/1622/1622 1626/1626/1626
f 1624/1624/1624 1627/1627/1627 1625/1625/1625
f 1624/1624/1624 1626/1626/1626 1627/1627/1627
f 1628/1628/1628 1629/1629/1629 1630/1630/1630
f 1628/1628/1628 1630/1630/1630 1631/1631/1631
f 1630/1630/1630 1629/1629/1629 1632/1632/1632
f 1628/1628/1628 1633/1633/1633 1629/1629/1629
f 1628/1628/1628 1634/1634/1634 1633/1633/1633
f 1635/1635/1635 1632/1632/1632 1629/1629/1629
f 1635/1635/1635 1636/1636/1636 1632/1632/1632
f 1633/1633/1633 1637/1637/1637 1629/1629/1629
f 1635/1635/1635 1629/1629/1629 1637/1637/1637
f 1638/1638/1638 1633/1633/1633 1634/1634/1634
f 1633/1633/1633 1638/1638/1638 1637/1637/1637
f 1639/1639/1639 1638/1638/1638 1634/1634/1634
f 1639/1639/1639 1637/1637/1637 1638/1638/1638
f 1639/1639/1639 1634/1634/1634 1640/1640/1640
f 1637/1637/1637 1639/1639/1639 1641/1641/1641
f 1637/1637/1637 1641/1641/1641 1642/1642/1642
f 1642/1642/1642 1641/1641/1641 1643/1643/1643
f 1637/1637/1637 1642/1642/1642 1644/1644/1644
f 1644/1644/1644 1635/1635/1635 1637/1637/1637
f 1644/1644/1644 1645/1645/1645 1635/1635/1635
f 1635/1635/1635 1645/1645/1645 1636/1636/1636
f 1636/1636/1636 1645/1645/1645 1646/1646/1646
f 1644/1644/1644 1647/1647/1647 1645/1645/1645
f 1644/1644/1644 1648/1648/1648 1647/1647/1647
f 1649/1649/1649 1646/1646/1646 1645/1645/1645
f 1645/1645/1645 1647/1647/1647 1649/1649/1649
f 1649/1649/1649 1647/1647/1647 1648/1648/1648
f 1649/1649/1649 1650/1650/1650 1646/1646/1646
f 1649/1649/1649 1648/1648/1648 1651/1651/1651
f 1651/1651/1651 1652/1652/1652 1649/1649/1649
f 1652/1652/1652 1651/1651/1651 1653/1653/1653
f 1654/1654/1654 1650/1650/1650 1649/1649/1649
f 1652/1652/1652 1654/1654/1654 1649/1649/1649
f 1654/1654/1654 1655/1655/1655 1650/1650/1650
f 1654/1654/1654 1652/1652/1652 1656/1656/1656
f 1654/1654/1654 1657/1657/1657 1655/1655/1655
f 1654/1654/1654 1656/1656/1656 1657/1657/1657
f 1658/1658/1658 1659/1659/1659 1660/1660/1660
f 1661/1661/1661 1658/1658/1658 1660/1660/1660
f 1661/1661/1661 1662/1662/1662 1658/1658/1658
f 1663/1663/1663 1659/1659/1659 1658/1658/1658
f 1664/1664/1664 1658/1658/1658 1662/1662/1662
f 1664/1664/1664 1663/1663/1663 1658/1658/1658
f 1664/1664/1664 1662/1662/1662 1665/1665/1665
f 1665/1665/1665 1662/1662/1662 1666/1666/1666
f 1667/1667/1667 1665/1665/1665 1666/1666/1666
f 1668/1668/1668 1667/1667/1667 1666/1666/1666
f 1667/1667/1667 1669/1669/1669 1665/1665/1665
f 1664/1664/1664 1665/1665/1665 1669/1669/1669
f 1669/1669/1669 1667/1667/1667 1670/1670/1670
f 1663/1663/1663 1664/1664/1664 1671/1671/1671
f 1664/1664/1664 1669/1669/1669 1671/1671/1671
f 1672/1672/1672 1671/1671/1671 1669/1669/1669
f 1669/1669/1669 1670/1670/1670 1673/1673/1673
f 1672/1672/1672 1669/1669/1669 1673/1673/1673
f 1674/1674/1674 1673/1673/1673 1670/1670/1670
f 1673/1673/1673 1675/1675/1675 1672/1672/1672
f 1674/1674/1674 1676/1676/1676 1673/1673/1673
f 1673/1673/1673 1676/1676/1676 1675/1675/1675
f 1663/1663/1663 1671/1671/1671 1677/1677/1677
f 1678/1678/1678 1677/1677/1677 1671/1671/1671
f 1679/1679/1679 1677/1677/1677 1678/1678/1678
f 1679/1679/1679 1680/1680/1680 1677/1677/1677
f 1677/1677/1677 1680/1680/1680 1663/1663/1663
f 1663/1663/1663 1680/1680/1680 1659/1659/1659
f 1681/1681/1681 1659/1659/1659 1680/1680/1680
f 1682/1682/1682 1659/1659/1659 1681/1681/1681
f 1683/1683/1683 1681/1681/1681 1680/1680/1680
f 1682/1682/1682 1681/1681/1681 1684/1684/1684
f 1684/1684/1684 1681/1681/1681 1683/1683/1683
f 1682/1682/1682 1684/1684/1684 1685/1685/1685
f 1684/1684/1684 1683/1683/1683 1686/1686/1686
f 1683/1683/1683 1687/1687/1687 1686/1686/1686
f 1684/1684/1684 1686/1686/1686 1688/1688/1688
f 1685/1685/1685 1684/1684/1684 1689/1689/1689
f 1684/1684/1684 1688/1688/1688 1689/1689/1689
f 1685/1685/1685 1689/1689/1689 1690/1690/1690
f 1691/1691/1691 1689/1689/1689 1688/1688/1688
f 1690/1690/1690 1689/1689/1689 1692/1692/1692
f 1693/1693/1693 1689/1689/1689 1691/1691/1691
f 1689/1689/1689 1694/1694/1694 1692/1692/1692
f 1693/1693/1693 1694/1694/1694 1689/1689/1689
f 1695/1695/1695 1696/1696/1696 1697/1697/1697
f 1695/1695/1695 1697/1697/1697 1698/1698/1698
f 1699/1699/1699 1700/1700/1700 1701/1701/1701
f 1701/1701/1701 1700/1700/1700 1702/1702/1702
f 1703/1703/1703 1701/1701/1701 1702/1702/1702
f 1703/1703/1703 1704/1704/1704 1701/1701/1701
f 1699/1699/1699 1701/1701/1701 1705/1705/1705
f 1705/1705/1705 1701/1701/1701 1704/1704/1704
f 1706/1706/1706 1705/1705/1705 1704/1704/1704
f 1706/1706/1706 1704/1704/1704 1707/1707/1707
f 1708/1708/1708 1705/1705/1705 1706/1706/1706
f 1705/1705/1705 1708/1708/1708 1699/1699/1699
f 1709/1709/1709 1699/1699/1699 1708/1708/1708
f 1709/1709/1709 1700/1700/1700 1699/1699/1699
f 1710/1710/1710 1709/1709/1709 1708/1708/1708
f 1709/1709/1709 1710/1710/1710 1711/1711/1711
f 1709/1709/1709 1711/1711/1711 1712/1712/1712
f 1709/1709/1709 1712/1712/1712 1700/1700/1700
f 1713/1713/1713 1700/1700/1700 1712/1712/1712
f 1714/1714/1714 1713/1713/1713 1712/1712/1712
f 1715/1715/1715 1700/1700/1700 1713/1713/1713
f 1715/1715/1715 1716/1716/1716 1700/1700/1700
f 1717/1717/1717 1713/1713/1713 1714/1714/1714
f 1713/1713/1713 1717/1717/1717 1715/1715/1715
f 1716/1716/1716 1715/1715/1715 1718/1718/1718
f 1716/1716/1716 1718/1718/1718 1719/1719/1719
f 1720/1720/1720 1718/1718/1718 1715/1715/1715
f 1720/1720/1720 1715/1715/1715 1721/1721/1721
f 1717/1717/1717 1721/1721/1721 1715/1715/1715
f 1721/1721/1721 1722/1722/1722 1720/1720/1720
f 1721/1721/1721 1723/1723/1723 1722/1722/1722
f 1724/1724/1724 1723/1723/1723 1721/1721/1721
f 1724/1724/1724 1721/1721/1721 1717/1717/1717
f 1725/1725/1725 1724/1724/1724 1717/1717/1717
f 1717/1717/1717 1714/1714/1714 1725/1725/1725
f 1725/1725/1725 1726/1726/1726 1724/1724/1724
f 1727/1727/1727 1725/1725/1725 1714/1714/1714
f 1725/1725/1725 1728/1728/1728 1726/1726/1726
f 1727/1727/1727 1728/1728/1728 1725/1725/1725
f 1729/1729/1729 1730/1730/1730 1731/1731/1731
f 1730/1730/1730 1732/1732/1732 1731/1731/1731
f 1733/1733/1733 1731/1731/1731 1732/1732/1732
f 1733/1733/1733 1734/1734/1734 1731/1731/1731
f 1729/1729/1729 1731/1731/1731 1734/1734/1734
f 1734/1734/1734 1733/1733/1733 1735/1735/1735
f 1734/1734/1734 1735/1735/1735 1736/1736/1736
f 1737/1737/1737 1734/1734/1734 1736/1736/1736
f 1737/1737/1737 1736/1736/1736 1738/1738/1738
f 1737/1737/1737 1739/1739/1739 1734/1734/1734
f 1739/1739/1739 1729/1729/1729 1734/1734/1734
f 1737/1737/1737 1740/1740/1740 1739/1739/1739
f 1740/1740/1740 1729/1729/1729 1739/1739/1739
f 1741/1741/1741 1729/1729/1729 1740/1740/1740
f 1741/1741/1741 1742/1742/1742 1729/1729/1729
f 1741/1741/1741 1743/1743/1743 1742/1742/1742
f 1742/1742/1742 1744/1744/1744 1729/1729/1729
f 1743/1743/1743 1744/1744/1744 1742/1742/1742
f 1744/1744/1744 1730/1730/1730 1729/1729/1729
f 1743/1743/1743 1745/1745/1745 1744/1744/1744
f 1745/1745/1745 1746/1746/1746 1744/1744/1744
f 1744/1744/1744 1746/1746/1746 1730/1730/1730
f 1747/1747/1747 1746/1746/1746 1745/1745/1745
f 1748/1748/1748 1730/1730/1730 1746/1746/1746
f 1746/1746/1746 1747/1747/1747 1749/1749/1749
f 1746/1746/1746 1749/1749/1749 1748/1748/1748
f 1750/1750/1750 1749/1749/1749 1747/1747/1747
f 1750/1750/1750 1751/1751/1751 1749/1749/1749
f 1752/1752/1752 1749/1749/1749 1751/1751/1751
f 1749/1749/1749 1752/1752/1752 1748/1748/1748
f 1753/1753/1753 1730/1730/1730 1748/1748/1748
f 1752/1752/1752 1754/1754/1754 1748/1748/1748
f 1754/1754/1754 1753/1753/1753 1748/1748/1748
f 1752/1752/1752 1755/1755/1755 1754/1754/1754
f 1754/1754/1754 1756/1756/1756 1753/1753/1753
f 1757/1757/1757 1758/1758/1758 1759/1759/1759
f 1758/1758/1758 1760/1760/1760 1759/1759/1759
f 1761/1761/1761 1759/1759/1759 1760/1760/1760
f 1761/1761/1761 1762/1762/1762 1759/1759/1759
f 1757/1757/1757 1759/1759/1759 1762/1762/1762
f 1762/1762/1762 1761/1761/1761 1763/1763/1763
f 1762/1762/1762 1763/1763/1763 1764/1764/1764
f 1765/1765/1765 1762/1762/1762 1764/1764/1764
f 1765/1765/1765 1764/1764/1764 1766/1766/1766
f 1765/1765/1765 1767/1767/1767 1762/1762/1762
f 1767/1767/1767 1757/1757/1757 1762/1762/1762
f 1765/1765/1765 1768/1768/1768 1767/1767/1767
f 1768/1768/1768 1757/1757/1757 1767/1767/1767
f 1769/1769/1769 1757/1757/1757 1768/1768/1768
f 1769/1769/1769 1770/1770/1770 1757/1757/1757
f 1769/1769/1769 1771/1771/1771 1770/1770/1770
f 1770/1770/1770 1772/1772/1772 1757/1757/1757
f 1771/1771/1771 1772/1772/1772 1770/1770/1770
f 1772/1772/1772 1758/1758/1758 1757/1757/1757
f 1771/1771/1771 1773/1773/1773 1772/1772/1772
f 1773/1773/1773 1774/1774/1774 1772/1772/1772
f 1772/1772/1772 1774/1774/1774 1758/1758/1758
f 1775/1775/1775 1774/1774/1774 1773/1773/1773
f 1776/1776/1776 1758/1758/1758 1774/1774/1774
f 1774/1774/1774 1775/1775/1775 1777/1777/1777
f 1774/1774/1774 1777/1777/1777 1776/1776/1776
f 1778/1778/1778 1777/1777/1777 1775/1775/1775
f 1778/1778/1778 1779/1779/1779 1777/1777/1777
f 1780/1780/1780 1777/1777/1777 1779/1779/1779
f 1777/1777/1777 1780/1780/1780 1776/1776/1776
f 1781/1781/1781 1758/1758/1758 1776/1776/1776
f 1780/1780/1780 1782/1782/1782 1776/1776/1776
f 1782/1782/1782 1781/1781/1781 1776/1776/1776
f 1780/1780/1780 1783/1783/1783 1782/1782/1782
f 1782/1782/1782 1784/1784/1784 1781/1781/1781
f 1785/1785/1785 1786/1786/1786 1787/1787/1787
f 1785/1785/1785 1787/1787/1787 1788/1788/1788
f 1789/1789/1789 1788/1788/1788 1787/1787/1787
f 1789/1789/1789 1790/1790/1790 1788/1788/1788
f 1790/1790/1790 1785/1785/1785 1788/1788/1788
f 1790/1790/1790 1791/1791/1791 1785/1785/1785
f 1792/1792/1792 1793/1793/1793 1794/1794/1794
f 1792/1792/1792 1794/1794/1794 1795/1795/1795
f 1796/1796/1796 1795/1795/1795 1794/1794/1794
f 1796/1796/1796 1797/1797/1797 1795/1795/1795
f 1797/1797/1797 1792/1792/1792 1795/1795/1795
f 1797/1797/1797 1798/1798/1798 1792/1792/1792
f 1799/1799/1799 1800/1800/1800 1801/1801/1801
f 1801/1801/1801 1800/1800/1800 1802/1802/1802
f 1803/1803/1803 1801/1801/1801 1802/1802/1802
f 1803/1803/1803 1804/1804/1804 1801/1801/1801
f 1804/1804/1804 1799/1799/1799 1801/1801/1801
f 1804/1804/1804 1805/1805/1805 1799/1799/1799
f 1806/1806/1806 1807/1807/1807 1808/1808/1808
f 1806/1806/1806 1808/1808/1808 1809/1809/1809
f 1810/1810/1810 1807/1807/1807 1806/1806/1806
f 1806/1806/1806 1809/1809/1809 1811/1811/1811
f 1811/1811/1811 1810/1810/1810 1806/1806/1806
f 1811/1811/1811 1812/1812/1812 1810/1810/1810
f 1813/1813/1813 1814/1814/1814 1815/1815/1815
f 1814/1814/1814 1813/1813/1813 1816/1816/1816
f 1814/1814/1814 1816/1816/1816 1817/1817/1817
f 1818/1818/1818 1814/1814/1814 1817/1817/1817
f 1818/1818/1818 1815/1815/1815 1814/1814/1814
f 1813/1813/1813 1815/1815/1815 1819/1819/1819
f 1815/1815/1815 1818/1818/1818 1820/1820/1820
f 1819/1819/1819 1815/1815/1815 1821/1821/1821
f 1815/1815/1815 1820/1820/1820 1821/1821/1821
f 1819/1819/1819 1821/1821/1821 1822/1822/1822
f 1820/1820/1820 1822/1822/1822 1821/1821/1821
f 1819/1819/1819 1822/1822/1822 1823/1823/1823
f 1820/1820/1820 1824/1824/1824 1822/1822/1822
f 1824/1824/1824 1823/1823/1823 1822/1822/1822
f 1824/1824/1824 1825/1825/1825 1823/1823/1823
f 1826/1826/1826 1825/1825/1825 1824/1824/1824
f 1825/1825/1825 1827/1827/1827 1823/1823/1823
f 1826/1826/1826 1828/1828/1828 1825/1825/1825
f 1828/1828/1828 1827/1827/1827 1825/1825/1825
f 1829/1829/1829 1828/1828/1828 1826/1826/1826
f 1828/1828/1828 1830/1830/1830 1827/1827/1827
f 1829/1829/1829 1830/1830/1830 1828/1828/1828
f 1831/1831/1831 1832/1832/1832 1833/1833/1833
f 1832/1832/1832 1831/1831/1831 1834/1834/1834
f 1832/1832/1832 1834/1834/1834 1835/1835/1835
f 1836/1836/1836 1832/1832/1832 1835/1835/1835
f 1836/1836/1836 1833/1833/1833 1832/1832/1832
f 1831/1831/1831 1833/1833/1833 1837/1837/1837
f 1833/1833/1833 1836/1836/1836 1838/1838/1838
f 1837/1837/1837 1833/1833/1833 1839/1839/1839
f 1833/1833/1833 1838/1838/1838 1839/1839/1839
f 1837/1837/1837 1839/1839/1839 1840/1840/1840
f 1838/1838/1838 1840/1840/1840 1839/1839/1839
f 1837/1837/1837 1840/1840/1840 1841/1841/1841
f 1838/1838/1838 1842/1842/1842 1840/1840/1840
f 1842/1842/1842 1841/1841/1841 1840/1840/1840
f 1842/1842/1842 1843/1843/1843 1841/1841/1841
f 1844/1844/1844 1843/1843/1843 1842/1842/1842
f 1843/1843/1843 1845/1845/1845 1841/1841/1841
f 1844/1844/1844 1846/1846/1846 1843/1843/1843
f 1846/1846/1846 1845/1845/1845 1843/1843/1843
f 1847/1847/1847 1846/1846/1846 1844/1844/1844
f 1846/1846/1846 1848/1848/1848 1845/1845/1845
f 1847/1847/1847 1848/1848/1848 1846/1846/1846
f 1849/1849/1849 1850/1850/1850 1851/1851/1851
f 1852/1852/1852 1849/1849/1849 1851/1851/1851
f 1852/1852/1852 1853/1853/1853 1849/1849/1849
f 1854/1854/1854 1855/1855/1855 1856/1856/1856
f 1857/1857/1857 1854/1854/1854 1856/1856/1856
f 1857/1857/1857 1858/1858/1858 1854/1854/1854
f 1859/1859/1859 1860/1860/1860 1861/1861/1861
f 1859/1859/1859 1861/1861/1861 1862/1862/1862
f 1861/1861/1861 1863/1863/1863 1862/1862/1862
f 1861/1861/1861 1864/1864/1864 1863/1863/1863
f 1865/1865/1865 1864/1864/1864 1861/1861/1861
f 1865/1865/1865 1861/1861/1861 1866/1866/1866
f 1866/1866/1866 1861/1861/1861 1860/1860/1860
f 1866/1866/1866 1860/1860/1860 1867/1867/1867
f 1868/1868/1868 1869/1869/1869 1870/1870/1870
f 1868/1868/1868 1870/1870/1870 1871/1871/1871
f 1869/1869/1869 1868/1868/1868 1872/1872/1872
f 1869/1869/1869 1872/1872/1872 1873/1873/1873
f 1873/1873/1873 1870/1870/1870 1869/1869/1869
f 1873/1873/1873 1874/1874/1874 1870/1870/1870
f 1875/1875/1875 1876/1876/1876 1877/1877/1877
f 1875/1875/1875 1877/1877/1877 1878/1878/1878
f 1876/1876/1876 1875/1875/1875 1879/1879/1879
f 1876/1876/1876 1879/1879/1879 1880/1880/1880
f 1880/1880/1880 1877/1877/1877 1876/1876/1876
f 1880/1880/1880 1881/1881/1881 1877/1877/1877
f 1882/1882/1882 1883/1883/1883 1884/1884/1884
f 1882/1882/1882 1884/1884/1884 1885/1885/1885
f 1883/1883/1883 1886/1886/1886 1884/1884/1884
f 1884/1884/1884 1887/1887/1887 1885/1885/1885
f 1888/1888/1888 1884/1884/1884 1886/1886/1886
f 1884/1884/1884 1889/1889/1889 1887/1887/1887
f 1888/1888/1888 1889/1889/1889 1884/1884/1884
f 1890/1890/1890 1891/1891/1891 1892/1892/1892
f 1893/1893/1893 1892/1892/1892 1891/1891/1891
f 1890/1890/1890 1894/1894/1894 1891/1891/1891
f 1890/1890/1890 1895/1895/1895 1894/1894/1894
f 1896/1896/1896 1897/1897/1897 1898/1898/1898
f 1899/1899/1899 1898/1898/1898 1897/1897/1897
f 1896/1896/1896 1900/1900/1900 1897/1897/1897
f 1896/1896/1896 1901/1901/1901 1900/1900/1900
f 1902/1902/1902 1903/1903/1903 1904/1904/1904
f 1903/1903/1903 1905/1905/1905 1904/1904/1904
f 1903/1903/1903 1906/1906/1906 1905/1905/1905
f 1903/1903/1903 1907/1907/1907 1906/1906/1906
f 1903/1903/1903 1902/1902/1902 1907/1907/1907
f 1902/1902/1902 1904/1904/1904 1908/1908/1908
f 1902/1902/1902 1909/1909/1909 1907/1907/1907
f 1908/1908/1908 1910/1910/1910 1902/1902/1902
f 1911/1911/1911 1909/1909/1909 1902/1902/1902
f 1911/1911/1911 1902/1902/1902 1910/1910/1910
f 1912/1912/1912 1913/1913/1913 1914/1914/1914
f 1913/1913/1913 1915/1915/1915 1914/1914/1914
f 1913/1913/1913 1916/1916/1916 1915/1915/1915
f 1913/1913/1913 1917/1917/1917 1916/1916/1916
f 1913/1913/1913 1912/1912/1912 1917/1917/1917
f 1912/1912/1912 1914/1914/1914 1918/1918/1918
f 1912/1912/1912 1919/1919/1919 1917/1917/1917
f 1918/1918/1918 1920/1920/1920 1912/1912/1912
f 1921/1921/1921 1919/1919/1919 1912/1912/1912
f 1921/1921/1921 1912/1912/1912 1920/1920/1920
f 1922/1922/1922 1923/1923/1923 1924/1924/1924
f 1922/1922/1922 1924/1924/1924 1925/1925/1925
f 1926/1926/1926 1925/1925/1925 1924/1924/1924
f 1926/1926/1926 1924/1924/1924 1927/1927/1927
f 1923/1923/1923 1927/1927/1927 1924/1924/1924
f 1923/1923/1923 1928/1928/1928 1927/1927/1927
f 1929/1929/1929 1928/1928/1928 1923/1923/1923
f 1930/1930/1930 1929/1929/1929 1923/1923/1923
f 1922/1922/1922 1931/1931/1931 1923/1923/1923
f 1930/1930/1930 1923/1923/1923 1931/1931/1931
f 1922/1922/1922 1932/1932/1932 1931/1931/1931
f 1933/1933/1933 1930/1930/1930 1931/1931/1931
f 1934/1934/1934 1931/1931/1931 1932/1932/1932
f 1934/1934/1934 1933/1933/1933 1931/1931/1931
f 1935/1935/1935 1936/1936/1936 1937/1937/1937
f 1935/1935/1935 1937/1937/1937 1938/1938/1938
f 1939/1939/1939 1938/1938/1938 1937/1937/1937
f 1939/1939/1939 1937/1937/1937 1940/1940/1940
f 1936/1936/1936 1940/1940/1940 1937/1937/1937
f 1936/1936/1936 1941/1941/1941 1940/1940/1940
f 1942/1942/1942 1941/1941/1941 1936/1936/1936
f 1943/1943/1943 1942/1942/1942 1936/1936/1936
f 1935/1935/1935 1944/1944/1944 1936/1936/1936
f 1943/1943/1943 1936/1936/1936 1944/1944/1944
f 1935/1935/1935 1945/1945/1945 1944/1944/1944
f 1946/1946/1946 1943/1943/1943 1944/1944/1944
f 1947/1947/1947 1944/1944/1944 1945/1945/1945
f 1947/1947/1947 1946/1946/1946 1944/1944/1944
f 1948/1948/1948 1949/1949/1949 1950/1950/1950
f 1948/1948/1948 1950/1950/1950 1951/1951/1951
f 1950/1950/1950 1952/1952/1952 1951/1951/1951
f 1950/1950/1950 1953/1953/1953 1952/1952/1952
f 1950/1950/1950 1954/1954/1954 1953/1953/1953
f 1950/1950/1950 1955/1955/1955 1954/1954/1954
f 1955/1955/1955 1950/1950/1950 1949/1949/1949
f 1955/1955/1955 1949/1949/1949 1956/1956/1956
f 1957/1957/1957 1958/1958/1958 1959/1959/1959
f 1958/1958/1958 1957/1957/1957 1960/1960/1960
f 1957/1957/1957 1959/1959/1959 1961/1961/1961
f 1962/1962/1962 1960/1960/1960 1957/1957/1957
f 1963/1963/1963 1961/1961/1961 1959/1959/1959
f 1964/1964/1964 1961/1961/1961 1963/1963/1963
f 1964/1964/1964 1963/1963/1963 1965/1965/1965
f 1966/1966/1966 1960/1960/1960 1962/1962/1962
f 1966/1966/1966 1962/1962/1962 1967/1967/1967
f 1968/1968/1968 1966/1966/1966 1967/1967/1967
f 1966/1966/1966 1968/1968/1968 1969/1969/1969
f 1970/1970/1970 1971/1971/1971 1972/1972/1972
f 1971/1971/1971 1970/1970/1970 1973/1973/1973
f 1970/1970/1970 1972/1972/1972 1974/1974/1974
f 1975/1975/1975 1973/1973/1973 1970/1970/1970
f 1976/1976/1976 1974/1974/1974 1972/1972/1972
f 1977/1977/1977 1974/1974/1974 1976/1976/1976
f 1977/1977/1977 1976/1976/1976 1978/1978/1978
f 1979/1979/1979 1973/1973/1973 1975/1975/1975
f 1979/1979/1979 1975/1975/1975 1980/1980/1980
f 1981/1981/1981 1979/1979/1979 1980/1980/1980
f 1979/1979/1979 1981/1981/1981 1982/1982/1982
f 1983/1983/1983 1984/1984/1984 1985/1985/1985
f 1983/1983/1983 1985/1985/1985 1986/1986/1986
f 1984/1984/1984 1987/1987/1987 1985/1985/1985
f 1985/1985/1985 1988/1988/1988 1986/1986/1986
f 1989/1989/1989 1985/1985/1985 1987/1987/1987
f 1985/1985/1985 1990/1990/1990 1988/1988/1988
f 1989/1989/1989 1990/1990/1990 1985/1985/1985
f 1991/1991/1991 1992/1992/1992 1993/1993/1993
f 1994/1994/1994 1991/1991/1991 1993/1993/1993
f 1994/1994/1994 1995/1995/1995 1991/1991/1991
f 1991/1991/1991 1995/1995/1995 1996/1996/1996
f 1997/1997/1997 1998/1998/1998 1999/1999/1999
f 2000/2000/2000 1997/1997/1997 1999/1999/1999
f 2000/2000/2000 2001/2001/2001 1997/1997/1997
f 1997/1997/1997 2001/2001/2001 2002/2002/2002
f 2003/2003/2003 2004/2004/2004 2005/2005/2005
f 2003/2003/2003 2005/2005/2005 2006/2006/2006
f 2004/2004/2004 2003/2003/2003 2007/2007/2007
f 2006/2006/2006 2007/2007/2007 2003/2003/2003
f 2004/2004/2004 2007/2007/2007 2008/2008/2008
f 2006/2006/2006 2009/2009/2009 2007/2007/2007
f 2010/2010/2010 2011/2011/2011 2012/2012/2012
f 2010/2010/2010 2012/2012/2012 2013/2013/2013
f 2011/2011/2011 2010/2010/2010 2014/2014/2014
f 2013/2013/2013 2014/2014/2014 2010/2010/2010
f 2011/2011/2011 2014/2014/2014 2015/2015/2015
f 2013/2013/2013 2016/2016/2016 2014/2014/2014
f 2017/2017/2017 2018/2018/2018 2019/2019/2019
f 2020/2020/2020 2017/2017/2017 2019/2019/2019
f 2021/2021/2021 2020/2020/2020 2019/2019/2019
f 2020/2020/2020 2022/2022/2022 2017/2017/2017
f 2022/2022/2022 2020/2020/2020 2023/2023/2023
f 2024/2024/2024 2018/2018/2018 2017/2017/2017
f 2024/2024/2024 2017/2017/2017 2022/2022/2022
f 2024/2024/2024 2025/2025/2025 2018/2018/2018
f 2025/2025/2025 2026/2026/2026 2018/2018/2018
f 2025/2025/2025 2027/2027/2027 2026/2026/2026
f 2025/2025/2025 2028/2028/2028 2027/2027/2027
f 2024/2024/2024 2029/2029/2029 2025/2025/2025
f 2029/2029/2029 2028/2028/2028 2025/2025/2025
f 2029/2029/2029 2024/2024/2024 2030/2030/2030
f 2024/2024/2024 2022/2022/2022 2030/2030/2030
f 2029/2029/2029 2031/2031/2031 2028/2028/2028
f 2032/2032/2032 2030/2030/2030 2022/2022/2022
f 2029/2029/2029 2030/2030/2030 2033/2033/2033
f 2033/2033/2033 2031/2031/2031 2029/2029/2029
f 2034/2034/2034 2033/2033/2033 2030/2030/2030
f 2035/2035/2035 2033/2033/2033 2034/2034/2034
f 2035/2035/2035 2031/2031/2031 2033/2033/2033
f 2032/2032/2032 2022/2022/2022 2036/2036/2036
f 2036/2036/2036 2037/2037/2037 2032/2032/2032
f 2022/2022/2022 2023/2023/2023 2036/2036/2036
f 2036/2036/2036 2038/2038/2038 2037/2037/2037
f 2039/2039/2039 2036/2036/2036 2023/2023/2023
f 2039/2039/2039 2038/2038/2038 2036/2036/2036
f 2040/2040/2040 2028/2028/2028 2031/2031/2031
f 2041/2041/2041 2028/2028/2028 2040/2040/2040
f 2042/2042/2042 2040/2040/2040 2031/2031/2031
f 2041/2041/2041 2040/2040/2040 2043/2043/2043
f 2043/2043/2043 2040/2040/2040 2042/2042/2042
f 2041/2041/2041 2043/2043/2043 2044/2044/2044
f 2043/2043/2043 2042/2042/2042 2045/2045/2045
f 2042/2042/2042 2046/2046/2046 2045/2045/2045
f 2043/2043/2043 2045/2045/2045 2047/2047/2047
f 2044/2044/2044 2043/2043/2043 2048/2048/2048
f 2043/2043/2043 2047/2047/2047 2048/2048/2048
f 2044/2044/2044 2048/2048/2048 2049/2049/2049
f 2050/2050/2050 2048/2048/2048 2047/2047/2047
f 2049/2049/2049 2048/2048/2048 2051/2051/2051
f 2052/2052/2052 2048/2048/2048 2050/2050/2050
f 2048/2048/2048 2053/2053/2053 2051/2051/2051
f 2052/2052/2052 2053/2053/2053 2048/2048/2048
f 2054/2054/2054 2055/2055/2055 2056/2056/2056
f 2054/2054/2054 2056/2056/2056 2057/2057/2057
f 2054/2054/2054 2057/2057/2057 2058/2058/2058
f 2059/2059/2059 2060/2060/2060 2061/2061/2061
f 2062/2062/2062 2059/2059/2059 2061/2061/2061
f 2062/2062/2062 2063/2063/2063 2059/2059/2059
f 2064/2064/2064 2065/2065/2065 2066/2066/2066
f 2064/2064/2064 2067/2067/2067 2065/2065/2065
f 2064/2064/2064 2066/2066/2066 2068/2068/2068
f 2069/2069/2069 2068/2068/2068 2066/2066/2066
f 2068/2068/2068 2069/2069/2069 2070/2070/2070
f 2071/2071/2071 2069/2069/2069 2066/2066/2066
f 2071/2071/2071 2070/2070/2070 2069/2069/2069
f 2071/2071/2071 2072/2072/2072 2070/2070/2070
f 2073/2073/2073 2072/2072/2072 2071/2071/2071
f 2074/2074/2074 2075/2075/2075 2076/2076/2076
f 2074/2074/2074 2077/2077/2077 2075/2075/2075
f 2074/2074/2074 2076/2076/2076 2078/2078/2078
f 2079/2079/2079 2078/2078/2078 2076/2076/2076
f 2078/2078/2078 2079/2079/2079 2080/2080/2080
f 2081/2081/2081 2079/2079/2079 2076/2076/2076
f 2081/2081/2081 2080/2080/2080 2079/2079/2079
f 2081/2081/2081 2082/2082/2082 2080/2080/2080
f 2083/2083/2083 2082/2082/2082 2081/2081/2081
f 2084/2084/2084 2085/2085/2085 2086/2086/2086
f 2084/2084/2084 2086/2086/2086 2087/2087/2087
f 2086/2086/2086 2088/2088/2088 2087/2087/2087
f 2086/2086/2086 2089/2089/2089 2088/2088/2088
f 2086/2086/2086 2090/2090/2090 2089/2089/2089
f 2086/2086/2086 2091/2091/2091 2090/2090/2090
f 2091/2091/2091 2086/2086/2086 2085/2085/2085
f 2091/2091/2091 2085/2085/2085 2092/2092/2092
f 2093/2093/2093 2094/2094/2094 2095/2095/2095
f 2093/2093/2093 2095/2095/2095 2096/2096/2096
f 2095/2095/2095 2097/2097/2097 2096/2096/2096
f 2095/2095/2095 2098/2098/2098 2097/2097/2097
f 2095/2095/2095 2099/2099/2099 2098/2098/2098
f 2095/2095/2095 2100/2100/2100 2099/2099/2099
f 2100/2100/2100 2095/2095/2095 2094/2094/2094
f 2100/2100/2100 2094/2094/2094 2101/2101/2101
f 2102/2102/2102 2103/2103/2103 2104/2104/2104
f 2102/2102/2102 2105/2105/2105 2103/2103/2103
f 2102/2102/2102 2106/2106/2106 2105/2105/2105
f 2102/2102/2102 2107/2107/2107 2106/2106/2106
f 2102/2102/2102 2108/2108/2108 2107/2107/2107
f 2108/2108/2108 2102/2102/2102 2109/2109/2109
f 2102/2102/2102 2104/2104/2104 2109/2109/2109
f 2104/2104/2104 2110/2110/2110 2109/2109/2109
f 2111/2111/2111 2112/2112/2112 2113/2113/2113
f 2111/2111/2111 2114/2114/2114 2112/2112/2112
f 2111/2111/2111 2115/2115/2115 2114/2114/2114
f 2111/2111/2111 2116/2116/2116 2115/2115/2115
f 2111/2111/2111 2117/2117/2117 2116/2116/2116
f 2117/2117/2117 2111/2111/2111 2118/2118/2118
f 2111/2111/2111 2113/2113/2113 2118/2118/2118
f 2113/2113/2113 2119/2119/2119 2118/2118/2118
f 2120/2120/2120 2121/2121/2121 2122/2122/2122
f 2122/2122/2122 2123/2123/2123 2120/2120/2120
f 2121/2121/2121 2120/2120/2120 2124/2124/2124
f 2122/2122/2122 2125/2125/2125 2123/2123/2123
f 2126/2126/2126 2123/2123/2123 2125/2125/2125
f 2126/2126/2126 2127/2127/2127 2123/2123/2123
f 2125/2125/2125 1372/1372/1372 2126/2126/2126
f 2125/2125/2125 2122/2122/2122 1372/1372/1372
f 2122/2122/2122 1373/1373/1373 1372/1372/1372
f 2122/2122/2122 2121/2121/2121 1373/1373/1373
f 2121/2121/2121 2128/2128/2128 1373/1373/1373
f 2121/2121/2121 2129/2129/2129 2128/2128/2128
f 2121/2121/2121 2130/2130/2130 2129/2129/2129
f 2130/2130/2130 2121/2121/2121 2124/2124/2124
f 2130/2130/2130 2124/2124/2124 2131/2131/2131
f 2132/2132/2132 2133/2133/2133 2134/2134/2134
f 2134/2134/2134 2135/2135/2135 2132/2132/2132
f 2133/2133/2133 2132/2132/2132 2136/2136/2136
f 2134/2134/2134 2137/2137/2137 2135/2135/2135
f 2138/2138/2138 2135/2135/2135 2137/2137/2137
f 2138/2138/2138 2139/2139/2139 2135/2135/2135
f 2137/2137/2137 1399/1399/1399 2138/2138/2138
f 2137/2137/2137 2134/2134/2134 1399/1399/1399
f 2134/2134/2134 1400/1400/1400 1399/1399/1399
f 2134/2134/2134 2133/2133/2133 1400/1400/1400
f 2133/2133/2133 2140/2140/2140 1400/1400/1400
f 2133/2133/2133 2141/2141/2141 2140/2140/2140
f 2133/2133/2133 2142/2142/2142 2141/2141/2141
f 2142/2142/2142 2133/2133/2133 2136/2136/2136
f 2142/2142/2142 2136/2136/2136 2143/2143/2143
f 2144/2144/2144 2145/2145/2145 2146/2146/2146
f 2147/2147/2147 2146/2146/2146 2145/2145/2145
f 2146/2146/2146 2147/2147/2147 2148/2148/2148
f 2147/2147/2147 2145/2145/2145 2149/2149/2149
f 2150/2150/2150 2151/2151/2151 2152/2152/2152
f 2153/2153/2153 2152/2152/2152 2151/2151/2151
f 2152/2152/2152 2153/2153/2153 2154/2154/2154
f 2153/2153/2153 2151/2151/2151 2155/2155/2155
f 2156/2156/2156 2157/2157/2157 2158/2158/2158
f 2159/2159/2159 2158/2158/2158 2157/2157/2157
f 2158/2158/2158 2159/2159/2159 2160/2160/2160
f 2161/2161/2161 2162/2162/2162 2163/2163/2163
f 2162/2162/2162 2161/2161/2161 2164/2164/2164
f 2161/2161/2161 2163/2163/2163 2165/2165/2165
f 2166/2166/2166 2164/2164/2164 2161/2161/2161
f 2167/2167/2167 2165/2165/2165 2163/2163/2163
f 2168/2168/2168 2164/2164/2164 2166/2166/2166
f 2165/2165/2165 2167/2167/2167 2169/2169/2169
f 2164/2164/2164 2168/2168/2168 2170/2170/2170
f 2169/2169/2169 2167/2167/2167 2171/2171/2171
f 2169/2169/2169 2171/2171/2171 2172/2172/2172
f 2170/2170/2170 2168/2168/2168 2173/2173/2173
f 2170/2170/2170 2173/2173/2173 2174/2174/2174
f 2175/2175/2175 2176/2176/2176 2177/2177/2177
f 2176/2176/2176 2175/2175/2175 2178/2178/2178
f 2175/2175/2175 2177/2177/2177 2179/2179/2179
f 2180/2180/2180 2178/2178/2178 2175/2175/2175
f 2181/2181/2181 2179/2179/2179 2177/2177/2177
f 2182/2182/2182 2178/2178/2178 2180/2180/2180
f 2179/2179/2179 2181/2181/2181 2183/2183/2183
f 2178/2178/2178 2182/2182/2182 2184/2184/2184
f 2183/2183/2183 2181/2181/2181 2185/2185/2185
f 2183/2183/2183 2185/2185/2185 2186/2186/2186
f 2184/2184/2184 2182/2182/2182 2187/2187/2187
f 2184/2184/2184 2187/2187/2187 2188/2188/2188
f 2189/2189/2189 2190/2190/2190 2191/2191/2191
f 2189/2189/2189 2191/2191/2191 2192/2192/2192
f 2193/2193/2193 2190/2190/2190 2189/2189/2189
f 2193/2193/2193 2194/2194/2194 2190/2190/2190
f 2194/2194/2194 2195/2195/2195 2190/2190/2190
f 2196/2196/2196 2195/2195/2195 2194/2194/2194
f 2196/2196/2196 2194/2194/2194 2193/2193/2193
f 2196/2196/2196 2193/2193/2193 2197/2197/2197
f 2196/2196/2196 2197/2197/2197 2198/2198/2198
f 2199/2199/2199 2200/2200/2200 2201/2201/2201
f 2200/2200/2200 2202/2202/2202 2201/2201/2201
f 2199/2199/2199 2201/2201/2201 2203/2203/2203
f 2203/2203/2203 2204/2204/2204 2199/2199/2199
f 2205/2205/2205 2203/2203/2203 2201/2201/2201
f 2206/2206/2206 2204/2204/2204 2203/2203/2203
f 2206/2206/2206 2203/2203/2203 2205/2205/2205
f 2206/2206/2206 2205/2205/2205 2207/2207/2207
f 2206/2206/2206 2207/2207/2207 2208/2208/2208
f 2209/2209/2209 2210/2210/2210 2211/2211/2211
f 2210/2210/2210 2209/2209/2209 2212/2212/2212
f 2209/2209/2209 2211/2211/2211 2213/2213/2213
f 2213/2213/2213 2212/2212/2212 2209/2209/2209
f 2213/2213/2213 2214/2214/2214 2212/2212/2212
f 2213/2213/2213 2215/2215/2215 2214/2214/2214
f 2216/2216/2216 2215/2215/2215 2213/2213/2213
f 2210/2210/2210 2212/2212/2212 2217/2217/2217
f 2218/2218/2218 2211/2211/2211 2210/2210/2210
f 2217/2217/2217 2218/2218/2218 2210/2210/2210
f 2218/2218/2218 2219/2219/2219 2211/2211/2211
f 2217/2217/2217 2220/2220/2220 2218/2218/2218
f 2219/2219/2219 2218/2218/2218 2220/2220/2220
f 2219/2219/2219 2220/2220/2220 2221/2221/2221
f 2222/2222/2222 2223/2223/2223 2224/2224/2224
f 2225/2225/2225 2222/2222/2222 2224/2224/2224
f 2226/2226/2226 2225/2225/2225 2224/2224/2224
f 2226/2226/2226 2227/2227/2227 2225/2225/2225
f 2226/2226/2226 2228/2228/2228 2227/2227/2227
f 2228/2228/2228 2226/2226/2226 2229/2229/2229
f 2230/2230/2230 2227/2227/2227 2228/2228/2228
f 2230/2230/2230 2228/2228/2228 2229/2229/2229
f 2231/2231/2231 2230/2230/2230 2229/2229/2229
f 2232/2232/2232 2233/2233/2233 2234/2234/2234
f 2233/2233/2233 2232/2232/2232 2235/2235/2235
f 2232/2232/2232 2234/2234/2234 2236/2236/2236
f 2236/2236/2236 2235/2235/2235 2232/2232/2232
f 2236/2236/2236 2237/2237/2237 2235/2235/2235
f 2236/2236/2236 2238/2238/2238 2237/2237/2237
f 2239/2239/2239 2238/2238/2238 2236/2236/2236
f 2233/2233/2233 2235/2235/2235 2240/2240/2240
f 2241/2241/2241 2234/2234/2234 2233/2233/2233
f 2240/2240/2240 2241/2241/2241 2233/2233/2233
f 2241/2241/2241 2242/2242/2242 2234/2234/2234
f 2240/2240/2240 2243/2243/2243 2241/2241/2241
f 2242/2242/2242 2241/2241/2241 2243/2243/2243
f 2242/2242/2242 2243/2243/2243 2244/2244/2244
f 2245/2245/2245 2246/2246/2246 2247/2247/2247
f 2248/2248/2248 2245/2245/2245 2247/2247/2247
f 2249/2249/2249 2248/2248/2248 2247/2247/2247
f 2249/2249/2249 2250/2250/2250 2248/2248/2248
f 2249/2249/2249 2251/2251/2251 2250/2250/2250
f 2251/2251/2251 2249/2249/2249 2252/2252/2252
f 2253/2253/2253 2250/2250/2250 2251/2251/2251
f 2253/2253/2253 2251/2251/2251 2252/2252/2252
f 2254/2254/2254 2253/2253/2253 2252/2252/2252
f 2255/2255/2255 2256/2256/2256 2257/2257/2257
f 2255/2255/2255 2257/2257/2257 2258/2258/2258
f 2259/2259/2259 2260/2260/2260 2261/2261/2261
f 2259/2259/2259 2261/2261/2261 2262/2262/2262
f 2263/2263/2263 2264/2264/2264 2265/2265/2265
f 2265/2265/2265 2264/2264/2264 2266/2266/2266
f 2265/2265/2265 2266/2266/2266 2267/2267/2267
f 2265/2265/2265 2267/2267/2267 2268/2268/2268
f 2269/2269/2269 2270/2270/2270 2271/2271/2271
f 2271/2271/2271 2270/2270/2270 2272/2272/2272
f 2271/2271/2271 2272/2272/2272 2273/2273/2273
f 2271/2271/2271 2273/2273/2273 2274/2274/2274
f 2275/2275/2275 2276/2276/2276 2277/2277/2277
f 2277/2277/2277 2276/2276/2276 2278/2278/2278
f 2275/2275/2275 2279/2279/2279 2276/2276/2276
f 2278/2278/2278 2276/2276/2276 2279/2279/2279
f 2277/2277/2277 2278/2278/2278 2280/2280/2280
f 2277/2277/2277 2280/2280/2280 2281/2281/2281
f 2280/2280/2280 2278/2278/2278 2282/2282/2282
f 2282/2282/2282 2278/2278/2278 2279/2279/2279
f 2277/2277/2277 2281/2281/2281 2283/2283/2283
f 2283/2283/2283 2281/2281/2281 2284/2284/2284
f 2283/2283/2283 2284/2284/2284 2285/2285/2285
f 2286/2286/2286 2283/2283/2283 2285/2285/2285
f 2283/2283/2283 2286/2286/2286 2287/2287/2287
f 2282/2282/2282 2279/2279/2279 2288/2288/2288
f 2289/2289/2289 2288/2288/2288 2279/2279/2279
f 2289/2289/2289 2290/2290/2290 2288/2288/2288
f 2289/2289/2289 2291/2291/2291 2290/2290/2290
f 2289/2289/2289 2292/2292/2292 2291/2291/2291
f 2289/2289/2289 2293/2293/2293 2292/2292/2292
f 2293/2293/2293 2289/2289/2289 2279/2279/2279
f 2294/2294/2294 2293/2293/2293 2279/2279/2279
f 2294/2294/2294 2295/2295/2295 2293/2293/2293
f 2275/2275/2275 2294/2294/2294 2279/2279/2279
f 2295/2295/2295 2294/2294/2294 2296/2296/2296
f 2296/2296/2296 2294/2294/2294 2275/2275/2275
f 2297/2297/2297 2298/2298/2298 2299/2299/2299
f 2299/2299/2299 2298/2298/2298 2300/2300/2300
f 2297/2297/2297 2301/2301/2301 2298/2298/2298
f 2300/2300/2300 2298/2298/2298 2301/2301/2301
f 2299/2299/2299 2300/2300/2300 2302/2302/2302
f 2299/2299/2299 2302/2302/2302 2303/2303/2303
f 2302/2302/2302 2300/2300/2300 2304/2304/2304
f 2304/2304/2304 2300/2300/2300 2301/2301/2301
f 2299/2299/2299 2303/2303/2303 2305/2305/2305
f 2305/2305/2305 2303/2303/2303 2306/2306/2306
f 2305/2305/2305 2306/2306/2306 2307/2307/2307
f 2308/2308/2308 2305/2305/2305 2307/2307/2307
f 2305/2305/2305 2308/2308/2308 2309/2309/2309
f 2304/2304/2304 2301/2301/2301 2310/2310/2310
f 2311/2311/2311 2310/2310/2310 2301/2301/2301
f 2311/2311/2311 2312/2312/2312 2310/2310/2310
f 2311/2311/2311 2313/2313/2313 2312/2312/2312
f 2311/2311/2311 2314/2314/2314 2313/2313/2313
f 2311/2311/2311 2315/2315/2315 2314/2314/2314
f 2315/2315/2315 2311/2311/2311 2301/2301/2301
f 2316/2316/2316 2315/2315/2315 2301/2301/2301
f 2316/2316/2316 2317/2317/2317 2315/2315/2315
f 2297/2297/2297 2316/2316/2316 2301/2301/2301
f 2317/2317/2317 2316/2316/2316 2318/2318/2318
f 2318/2318/2318 2316/2316/2316 2297/2297/2297
f 2319/2319/2319 2320/2320/2320 2321/2321/2321
f 2319/2319/2319 2321/2321/2321 2322/2322/2322
f 2319/2319/2319 2323/2323/2323 2320/2320/2320
f 2323/2323/2323 2324/2324/2324 2320/2320/2320
f 2325/2325/2325 2319/2319/2319 2322/2322/2322
f 2325/2325/2325 2322/2322/2322 2326/2326/2326
f 2325/2325/2325 2326/2326/2326 2327/2327/2327
f 2328/2328/2328 2327/2327/2327 2326/2326/2326
f 2329/2329/2329 2320/2320/2320 2324/2324/2324
f 2329/2329/2329 2330/2330/2330 2320/2320/2320
f 2330/2330/2330 2329/2329/2329 2331/2331/2331
f 2332/2332/2332 2331/2331/2331 2329/2329/2329
f 2333/2333/2333 2334/2334/2334 2335/2335/2335
f 2333/2333/2333 2335/2335/2335 2336/2336/2336
f 2336/2336/2336 2337/2337/2337 2333/2333/2333
f 2336/2336/2336 2338/2338/2338 2337/2337/2337
f 2338/2338/2338 2336/2336/2336 2335/2335/2335
f 2338/2338/2338 2335/2335/2335 2339/2339/2339
f 2340/2340/2340 2341/2341/2341 2342/2342/2342
f 2340/2340/2340 2343/2343/2343 2341/2341/2341
f 2343/2343/2343 2344/2344/2344 2341/2341/2341
f 2345/2345/2345 2341/2341/2341 2344/2344/2344
f 2341/2341/2341 2345/2345/2345 2342/2342/2342
f 2340/2340/2340 2342/2342/2342 2346/2346/2346
f 2346/2346/2346 2342/2342/2342 2347/2347/2347
f 2346/2346/2346 2347/2347/2347 2348/2348/2348
f 2346/2346/2346 2348/2348/2348 2349/2349/2349
f 2349/2349/2349 2348/2348/2348 2350/2350/2350
f 2349/2349/2349 2351/2351/2351 2346/2346/2346
f 2351/2351/2351 2352/2352/2352 2346/2346/2346
f 2349/2349/2349 2350/2350/2350 2353/2353/2353
f 2350/2350/2350 2354/2354/2354 2353/2353/2353
f 2354/2354/2354 2355/2355/2355 2353/2353/2353
f 2356/2356/2356 2357/2357/2357 2358/2358/2358
f 2357/2357/2357 2356/2356/2356 2359/2359/2359
f 2358/2358/2358 2357/2357/2357 2360/2360/2360
f 2358/2358/2358 2360/2360/2360 2361/2361/2361
f 2362/2362/2362 2360/2360/2360 2357/2357/2357
f 2363/2363/2363 2362/2362/2362 2357/2357/2357
f 2359/2359/2359 2363/2363/2363 2357/2357/2357
f 2359/2359/2359 2364/2364/2364 2363/2363/2363
f 2365/2365/2365 2366/2366/2366 2367/2367/2367
f 2365/2365/2365 2368/2368/2368 2366/2366/2366
f 2368/2368/2368 2369/2369/2369 2366/2366/2366
f 2365/2365/2365 2367/2367/2367 2370/2370/2370
f 2370/2370/2370 2367/2367/2367 2371/2371/2371
f 2370/2370/2370 2371/2371/2371 2372/2372/2372
f 2373/2373/2373 2374/2374/2374 2375/2375/2375
f 2373/2373/2373 2375/2375/2375 2376/2376/2376
f 2376/2376/2376 2377/2377/2377 2373/2373/2373
f 2376/2376/2376 2378/2378/2378 2377/2377/2377
f 2378/2378/2378 2376/2376/2376 2375/2375/2375
f 2378/2378/2378 2375/2375/2375 2379/2379/2379
f 2380/2380/2380 2381/2381/2381 2382/2382/2382
f 2381/2381/2381 2383/2383/2383 2382/2382/2382
f 2384/2384/2384 2383/2383/2383 2381/2381/2381
f 2380/2380/2380 2382/2382/2382 2385/2385/2385
f 2385/2385/2385 2386/2386/2386 2380/2380/2380
f 2385/2385/2385 2387/2387/2387 2386/2386/2386
f 2388/2388/2388 2386/2386/2386 2387/2387/2387
f 2388/2388/2388 2387/2387/2387 2389/2389/2389
f 2390/2390/2390 2389/2389/2389 2387/2387/2387
f 2389/2389/2389 2390/2390/2390 2391/2391/2391
f 2390/2390/2390 2387/2387/2387 2392/2392/2392
f 2387/2387/2387 2393/2393/2393 2392/2392/2392
f 2394/2394/2394 2391/2391/2391 2390/2390/2390
f 2394/2394/2394 2395/2395/2395 2391/2391/2391
f 2396/2396/2396 2397/2397/2397 2398/2398/2398
f 2397/2397/2397 2399/2399/2399 2398/2398/2398
f 2400/2400/2400 2399/2399/2399 2397/2397/2397
f 2396/2396/2396 2398/2398/2398 2401/2401/2401
f 2401/2401/2401 2402/2402/2402 2396/2396/2396
f 2401/2401/2401 2403/2403/2403 2402/2402/2402
f 2404/2404/2404 2402/2402/2402 2403/2403/2403
f 2404/2404/2404 2403/2403/2403 2405/2405/2405
f 2406/2406/2406 2405/2405/2405 2403/2403/2403
f 2405/2405/2405 2406/2406/2406 2407/2407/2407
f 2406/2406/2406 2403/2403/2403 2408/2408/2408
f 2403/2403/2403 2409/2409/2409 2408/2408/2408
f 2407/2407/2407 2406/2406/2406 2410/2410/2410
f 2411/2411/2411 2407/2407/2407 2410/2410/2410
f 2412/2412/2412 2413/2413/2413 2414/2414/2414
f 2415/2415/2415 2413/2413/2413 2412/2412/2412
f 2413/2413/2413 2415/2415/2415 2416/2416/2416
f 2412/2412/2412 2414/2414/2414 2417/2417/2417
f 2417/2417/2417 2414/2414/2414 2418/2418/2418
f 2419/2419/2419 2418/2418/2418 2414/2414/2414
f 2419/2419/2419 2420/2420/2420 2418/2418/2418
f 2419/2419/2419 2421/2421/2421 2420/2420/2420
f 2421/2421/2421 2422/2422/2422 2420/2420/2420
f 2421/2421/2421 2423/2423/2423 2422/2422/2422
f 2424/2424/2424 2422/2422/2422 2423/2423/2423
f 2422/2422/2422 2424/2424/2424 2425/2425/2425
f 2426/2426/2426 2427/2427/2427 2428/2428/2428
f 2426/2426/2426 2428/2428/2428 2429/2429/2429
f 2430/2430/2430 2429/2429/2429 2428/2428/2428
f 2430/2430/2430 2428/2428/2428 2431/2431/2431
f 2427/2427/2427 2431/2431/2431 2428/2428/2428
f 2427/2427/2427 2432/2432/2432 2431/2431/2431
f 2433/2433/2433 2427/2427/2427 2426/2426/2426
f 2426/2426/2426 2434/2434/2434 2433/2433/2433
f 2432/2432/2432 2427/2427/2427 2435/2435/2435
f 2433/2433/2433 2435/2435/2435 2427/2427/2427
f 2432/2432/2432 2435/2435/2435 2436/2436/2436
f 2437/2437/2437 2433/2433/2433 2434/2434/2434
f 2437/2437/2437 2438/2438/2438 2433/2433/2433
f 2439/2439/2439 2436/2436/2436 2435/2435/2435
f 2438/2438/2438 2439/2439/2439 2433/2433/2433
f 2439/2439/2439 2435/2435/2435 2433/2433/2433
f 2440/2440/2440 2441/2441/2441 2442/2442/2442
f 2443/2443/2443 2442/2442/2442 2441/2441/2441
f 2442/2442/2442 2443/2443/2443 2444/2444/2444
f 2445/2445/2445 2441/2441/2441 2440/2440/2440
f 2445/2445/2445 2440/2440/2440 2446/2446/2446
f 2446/2446/2446 2447/2447/2447 2445/2445/2445
f 2440/2440/2440 2448/2448/2448 2446/2446/2446
f 2446/2446/2446 2448/2448/2448 2449/2449/2449
f 2450/2450/2450 2451/2451/2451 2452/2452/2452
f 2453/2453/2453 2452/2452/2452 2451/2451/2451
f 2452/2452/2452 2453/2453/2453 2454/2454/2454
f 2455/2455/2455 2451/2451/2451 2450/2450/2450
f 2455/2455/2455 2450/2450/2450 2456/2456/2456
f 2456/2456/2456 2457/2457/2457 2455/2455/2455
f 2450/2450/2450 2458/2458/2458 2456/2456/2456
f 2456/2456/2456 2458/2458/2458 2459/2459/2459
f 2460/2460/2460 2461/2461/2461 2462/2462/2462
f 2460/2460/2460 2463/2463/2463 2461/2461/2461
f 2460/2460/2460 2464/2464/2464 2463/2463/2463
f 2464/2464/2464 2465/2465/2465 2463/2463/2463
f 2460/2460/2460 2462/2462/2462 2466/2466/2466
f 2466/2466/2466 2462/2462/2462 2467/2467/2467
f 2468/2468/2468 2467/2467/2467 2462/2462/2462
f 2469/2469/2469 2470/2470/2470 2471/2471/2471
f 2469/2469/2469 2472/2472/2472 2470/2470/2470
f 2469/2469/2469 2473/2473/2473 2472/2472/2472
f 2473/2473/2473 2474/2474/2474 2472/2472/2472
f 2469/2469/2469 2471/2471/2471 2475/2475/2475
f 2475/2475/2475 2471/2471/2471 2476/2476/2476
f 2477/2477/2477 2476/2476/2476 2471/2471/2471
f 2478/2478/2478 2479/2479/2479 2480/2480/2480
f 2480/2480/2480 2479/2479/2479 2481/2481/2481
f 2482/2482/2482 2481/2481/2481 2479/2479/2479
f 2478/2478/2478 2480/2480/2480 2483/2483/2483
f 2484/2484/2484 2478/2478/2478 2483/2483/2483
f 2478/2478/2478 2484/2484/2484 2485/2485/2485
f 2485/2485/2485 2484/2484/2484 2486/2486/2486
f 2485/2485/2485 2486/2486/2486 2487/2487/2487
f 2488/2488/2488 2487/2487/2487 2486/2486/2486
f 2488/2488/2488 2486/2486/2486 2489/2489/2489
f 2488/2488/2488 2489/2489/2489 2490/2490/2490
f 2491/2491/2491 2490/2490/2490 2489/2489/2489
f 2492/2492/2492 2493/2493/2493 2494/2494/2494
f 2495/2495/2495 2493/2493/2493 2492/2492/2492
f 2496/2496/2496 2497/2497/2497 2498/2498/2498
f 2499/2499/2499 2497/2497/2497 2496/2496/2496
f 2500/2500/2500 2501/2501/2501 2502/2502/2502
f 2501/2501/2501 2500/2500/2500 2503/2503/2503
f 2501/2501/2501 2503/2503/2503 2504/2504/2504
f 2505/2505/2505 2506/2506/2506 2507/2507/2507
f 2506/2506/2506 2505/2505/2505 2508/2508/2508
f 2506/2506/2506 2508/2508/2508 2509/2509/2509
f 2510/2510/2510 2511/2511/2511 2512/2512/2512
f 2511/2511/2511 2510/2510/2510 2513/2513/2513
f 2511/2511/2511 2513/2513/2513 2514/2514/2514
f 2510/2510/2510 2512/2512/2512 2515/2515/2515
f 2515/2515/2515 2512/2512/2512 2516/2516/2516
f 2515/2515/2515 2516/2516/2516 2517/2517/2517
f 2518/2518/2518 2517/2517/2517 2516/2516/2516
f 2518/2518/2518 2519/2519/2519 2517/2517/2517
f 2519/2519/2519 2518/2518/2518 2520/2520/2520
f 2519/2519/2519 2520/2520/2520 2521/2521/2521
f 2521/2521/2521 2520/2520/2520 2522/2522/2522
f 2521/2521/2521 2522/2522/2522 2523/2523/2523
f 2524/2524/2524 2525/2525/2525 2526/2526/2526
f 2527/2527/2527 2526/2526/2526 2525/2525/2525
f 2527/2527/2527 2528/2528/2528 2526/2526/2526
f 2528/2528/2528 2529/2529/2529 2530/2530/2530
f 2528/2528/2528 2530/2530/2530 2531/2531/2531
f 2528/2528/2528 2531/2531/2531 2526/2526/2526
f 2532/2532/2532 2526/2526/2526 2531/2531/2531
f 2532/2532/2532 2533/2533/2533 2526/2526/2526
f 2524/2524/2524 2526/2526/2526 2533/2533/2533
f 2534/2534/2534 2533/2533/2533 2532/2532/2532
f 2534/2534/2534 2535/2535/2535 2533/2533/2533
f 2524/2524/2524 2533/2533/2533 2535/2535/2535
f 2524/2524/2524 2535/2535/2535 2536/2536/2536
f 2537/2537/2537 2538/2538/2538 2539/2539/2539
f 2540/2540/2540 2539/2539/2539 2538/2538/2538
f 2540/2540/2540 2541/2541/2541 2539/2539/2539
f 2541/2541/2541 2542/2542/2542 2543/2543/2543
f 2541/2541/2541 2543/2543/2543 2544/2544/2544
f 2541/2541/2541 2544/2544/2544 2539/2539/2539
f 2545/2545/2545 2539/2539/2539 2544/2544/2544
f 2545/2545/2545 2546/2546/2546 2539/2539/2539
f 2537/2537/2537 2539/2539/2539 2546/2546/2546
f 2547/2547/2547 2546/2546/2546 2545/2545/2545
f 2547/2547/2547 2548/2548/2548 2546/2546/2546
f 2537/2537/2537 2546/2546/2546 2548/2548/2548
f 2537/2537/2537 2548/2548/2548 2549/2549/2549
f 2550/2550/2550 2551/2551/2551 2552/2552/2552
f 2550/2550/2550 2552/2552/2552 2553/2553/2553
f 2554/2554/2554 2552/2552/2552 2551/2551/2551
f 2554/2554/2554 2555/2555/2555 2552/2552/2552
f 2554/2554/2554 2556/2556/2556 2555/2555/2555
f 2557/2557/2557 2554/2554/2554 2551/2551/2551
f 2554/2554/2554 2558/2558/2558 2556/2556/2556
f 2554/2554/2554 2557/2557/2557 2558/2558/2558
f 2559/2559/2559 2558/2558/2558 2557/2557/2557
f 2560/2560/2560 2561/2561/2561 2562/2562/2562
f 2560/2560/2560 2562/2562/2562 2563/2563/2563
f 2564/2564/2564 2562/2562/2562 2561/2561/2561
f 2564/2564/2564 2565/2565/2565 2562/2562/2562
f 2564/2564/2564 2566/2566/2566 2565/2565/2565
f 2567/2567/2567 2564/2564/2564 2561/2561/2561
f 2564/2564/2564 2568/2568/2568 2566/2566/2566
f 2564/2564/2564 2567/2567/2567 2568/2568/2568
f 2569/2569/2569 2568/2568/2568 2567/2567/2567
f 2570/2570/2570 2571/2571/2571 2572/2572/2572
f 2573/2573/2573 2574/2574/2574 2570/2570/2570
f 2571/2571/2571 2570/2570/2570 2574/2574/2574
f 2571/2571/2571 2574/2574/2574 2575/2575/2575
f 2571/2571/2571 2575/2575/2575 2576/2576/2576
f 2571/2571/2571 2576/2576/2576 2577/2577/2577
f 2571/2571/2571 2578/2578/2578 2572/2572/2572
f 2571/2571/2571 2577/2577/2577 2578/2578/2578
f 2572/2572/2572 2578/2578/2578 2579/2579/2579
f 2577/2577/2577 2579/2579/2579 2578/2578/2578
f 2579/2579/2579 2577/2577/2577 2580/2580/2580
f 2581/2581/2581 2582/2582/2582 2583/2583/2583
f 2581/2581/2581 2584/2584/2584 2582/2582/2582
f 2581/2581/2581 2585/2585/2585 2584/2584/2584
f 2586/2586/2586 2585/2585/2585 2581/2581/2581
f 2586/2586/2586 2581/2581/2581 2587/2587/2587
f 2581/2581/2581 2583/2583/2583 2587/2587/2587
f 2587/2587/2587 2583/2583/2583 2588/2588/2588
f 2588/2588/2588 2583/2583/2583 2589/2589/2589
f 2583/2583/2583 2590/2590/2590 2589/2589/2589
f 2590/2590/2590 2591/2591/2591 2589/2589/2589
f 2592/2592/2592 2593/2593/2593 2594/2594/2594
f 2595/2595/2595 2596/2596/2596 2592/2592/2592
f 2593/2593/2593 2592/2592/2592 2596/2596/2596
f 2593/2593/2593 2596/2596/2596 2597/2597/2597
f 2593/2593/2593 2597/2597/2597 2598/2598/2598
f 2593/2593/2593 2598/2598/2598 2599/2599/2599
f 2593/2593/2593 2600/2600/2600 2594/2594/2594
f 2593/2593/2593 2599/2599/2599 2600/2600/2600
f 2594/2594/2594 2600/2600/2600 2601/2601/2601
f 2599/2599/2599 2601/2601/2601 2600/2600/2600
f 2601/2601/2601 2599/2599/2599 2602/2602/2602
f 2603/2603/2603 2604/2604/2604 2605/2605/2605
f 2603/2603/2603 2606/2606/2606 2604/2604/2604
f 2603/2603/2603 2607/2607/2607 2606/2606/2606
f 2608/2608/2608 2607/2607/2607 2603/2603/2603
f 2608/2608/2608 2603/2603/2603 2609/2609/2609
f 2603/2603/2603 2605/2605/2605 2609/2609/2609
f 2609/2609/2609 2605/2605/2605 2610/2610/2610
f 2610/2610/2610 2605/2605/2605 2611/2611/2611
f 2605/2605/2605 2612/2612/2612 2611/2611/2611
f 2612/2612/2612 2613/2613/2613 2611/2611/2611
f 2614/2614/2614 2615/2615/2615 2616/2616/2616
f 2614/2614/2614 2616/2616/2616 2617/2617/2617
f 2615/2615/2615 2614/2614/2614 2618/2618/2618
f 2617/2617/2617 2618/2618/2618 2614/2614/2614
f 2615/2615/2615 2618/2618/2618 2619/2619/2619
f 2617/2617/2617 2620/2620/2620 2618/2618/2618
f 2621/2621/2621 2622/2622/2622 2623/2623/2623
f 2624/2624/2624 2622/2622/2622 2621/2621/2621
f 2624/2624/2624 2625/2625/2625 2622/2622/2622
f 2625/2625/2625 2624/2624/2624 2626/2626/2626
f 2621/2621/2621 2626/2626/2626 2624/2624/2624
f 2625/2625/2625 2626/2626/2626 2627/2627/2627
f 2621/2621/2621 2628/2628/2628 2626/2626/2626
f 2629/2629/2629 2628/2628/2628 2621/2621/2621
f 2621/2621/2621 2623/2623/2623 2629/2629/2629
f 2629/2629/2629 2630/2630/2630 2628/2628/2628
f 2630/2630/2630 2629/2629/2629 2623/2623/2623
f 2630/2630/2630 2623/2623/2623 2631/2631/2631
f 2632/2632/2632 2633/2633/2633 2634/2634/2634
f 2633/2633/2633 2635/2635/2635 2634/2634/2634
f 2633/2633/2633 2636/2636/2636 2635/2635/2635
f 2632/2632/2632 2634/2634/2634 2637/2637/2637
f 2632/2632/2632 2637/2637/2637 2638/2638/2638
f 2632/2632/2632 2639/2639/2639 2633/2633/2633
f 2640/2640/2640 2632/2632/2632 2638/2638/2638
f 2632/2632/2632 2640/2640/2640 2639/2639/2639
f 2640/2640/2640 2641/2641/2641 2639/2639/2639
f 2642/2642/2642 2643/2643/2643 2644/2644/2644
f 2643/2643/2643 2645/2645/2645 2644/2644/2644
f 2643/2643/2643 2646/2646/2646 2645/2645/2645
f 2642/2642/2642 2644/2644/2644 2647/2647/2647
f 2642/2642/2642 2647/2647/2647 2648/2648/2648
f 2642/2642/2642 2649/2649/2649 2643/2643/2643
f 2650/2650/2650 2642/2642/2642 2648/2648/2648
f 2642/2642/2642 2650/2650/2650 2649/2649/2649
f 2650/2650/2650 2651/2651/2651 2649/2649/2649
f 2652/2652/2652 2653/2653/2653 2654/2654/2654
f 2652/2652/2652 2655/2655/2655 2653/2653/2653
f 2652/2652/2652 2656/2656/2656 2655/2655/2655
f 2657/2657/2657 2658/2658/2658 2659/2659/2659
f 2657/2657/2657 2660/2660/2660 2658/2658/2658
f 2657/2657/2657 2661/2661/2661 2660/2660/2660
f 2662/2662/2662 2663/2663/2663 2664/2664/2664
f 2662/2662/2662 2664/2664/2664 2665/2665/2665
f 2664/2664/2664 2666/2666/2666 2665/2665/2665
f 2666/2666/2666 2667/2667/2667 2665/2665/2665
f 2668/2668/2668 2663/2663/2663 2662/2662/2662
f 2668/2668/2668 2669/2669/2669 2663/2663/2663
f 2662/2662/2662 2670/2670/2670 2668/2668/2668
f 2670/2670/2670 2671/2671/2671 2668/2668/2668
f 2668/2668/2668 2672/2672/2672 2669/2669/2669
f 2673/2673/2673 2672/2672/2672 2668/2668/2668
f 2673/2673/2673 2674/2674/2674 2672/2672/2672
f 2674/2674/2674 2675/2675/2675 2672/2672/2672
f 2674/2674/2674 2676/2676/2676 2675/2675/2675
f 2677/2677/2677 2678/2678/2678 2679/2679/2679
f 2677/2677/2677 2679/2679/2679 2680/2680/2680
f 2677/2677/2677 2680/2680/2680 2681/2681/2681
f 2680/2680/2680 2682/2682/2682 2681/2681/2681
f 2683/2683/2683 2678/2678/2678 2677/2677/2677
f 2684/2684/2684 2679/2679/2679 2678/2678/2678
f 2678/2678/2678 2683/2683/2683 2685/2685/2685
f 2684/2684/2684 2678/2678/2678 2685/2685/2685
f 2686/2686/2686 2684/2684/2684 2685/2685/2685
f 2687/2687/2687 2688/2688/2688 2689/2689/2689
f 2687/2687/2687 2689/2689/2689 2690/2690/2690
f 2687/2687/2687 2690/2690/2690 2691/2691/2691
f 2690/2690/2690 2692/2692/2692 2691/2691/2691
f 2693/2693/2693 2688/2688/2688 2687/2687/2687
f 2694/2694/2694 2689/2689/2689 2688/2688/2688
f 2688/2688/2688 2693/2693/2693 2695/2695/2695
f 2694/2694/2694 2688/2688/2688 2695/2695/2695
f 2696/2696/2696 2694/2694/2694 2695/2695/2695
f 2697/2697/2697 2698/2698/2698 2699/2699/2699
f 2698/2698/2698 2700/2700/2700 2699/2699/2699
f 2697/2697/2697 2699/2699/2699 2701/2701/2701
f 2700/2700/2700 2702/2702/2702 2699/2699/2699
f 2699/2699/2699 2703/2703/2703 2701/2701/2701
f 2703/2703/2703 2699/2699/2699 2702/2702/2702
f 2703/2703/2703 2704/2704/2704 2701/2701/2701
f 2703/2703/2703 2702/2702/2702 2705/2705/2705
f 2703/2703/2703 2706/2706/2706 2704/2704/2704
f 2705/2705/2705 2707/2707/2707 2703/2703/2703
f 2703/2703/2703 2707/2707/2707 2706/2706/2706
f 2708/2708/2708 2709/2709/2709 2710/2710/2710
f 2708/2708/2708 2710/2710/2710 2711/2711/2711
f 2708/2708/2708 2711/2711/2711 2712/2712/2712
f 2708/2708/2708 2712/2712/2712 2713/2713/2713
f 2714/2714/2714 2710/2710/2710 2709/2709/2709
f 2714/2714/2714 2709/2709/2709 2715/2715/2715
f 2715/2715/2715 2716/2716/2716 2714/2714/2714
f 2715/2715/2715 2717/2717/2717 2716/2716/2716
f 2718/2718/2718 2719/2719/2719 2720/2720/2720
f 2718/2718/2718 2720/2720/2720 2721/2721/2721
f 2718/2718/2718 2721/2721/2721 2722/2722/2722
f 2718/2718/2718 2722/2722/2722 2723/2723/2723
f 2724/2724/2724 2720/2720/2720 2719/2719/2719
f 2724/2724/2724 2719/2719/2719 2725/2725/2725
f 2725/2725/2725 2726/2726/2726 2724/2724/2724
f 2725/2725/2725 2727/2727/2727 2726/2726/2726
f 2728/2728/2728 2729/2729/2729 2730/2730/2730
f 2728/2728/2728 2730/2730/2730 2731/2731/2731
f 2732/2732/2732 2733/2733/2733 2734/2734/2734
f 2732/2732/2732 2735/2735/2735 2733/2733/2733
f 2732/2732/2732 2734/2734/2734 2736/2736/2736
f 2737/2737/2737 2736/2736/2736 2734/2734/2734
f 2737/2737/2737 2738/2738/2738 2736/2736/2736
f 2737/2737/2737 2739/2739/2739 2738/2738/2738
f 2738/2738/2738 2740/2740/2740 2736/2736/2736
f 2739/2739/2739 2741/2741/2741 2738/2738/2738
f 2742/2742/2742 2740/2740/2740 2738/2738/2738
f 2742/2742/2742 2738/2738/2738 2741/2741/2741
f 2743/2743/2743 2744/2744/2744 2745/2745/2745
f 2743/2743/2743 2745/2745/2745 2746/2746/2746
f 2747/2747/2747 2744/2744/2744 2743/2743/2743
f 2748/2748/2748 2746/2746/2746 2745/2745/2745
f 2747/2747/2747 2749/2749/2749 2744/2744/2744
f 2747/2747/2747 2750/2750/2750 2749/2749/2749
f 2751/2751/2751 2744/2744/2744 2749/2749/2749
f 2752/2752/2752 2746/2746/2746 2748/2748/2748
f 2752/2752/2752 2748/2748/2748 2753/2753/2753
f 2753/2753/2753 2754/2754/2754 2752/2752/2752
f 2755/2755/2755 2753/2753/2753 2748/2748/2748
f 2753/2753/2753 2756/2756/2756 2754/2754/2754
f 2756/2756/2756 2753/2753/2753 2755/2755/2755
f 2756/2756/2756 2755/2755/2755 2757/2757/2757
f 2758/2758/2758 2759/2759/2759 2760/2760/2760
f 2758/2758/2758 2760/2760/2760 2761/2761/2761
f 2762/2762/2762 2759/2759/2759 2758/2758/2758
f 2763/2763/2763 2761/2761/2761 2760/2760/2760
f 2762/2762/2762 2764/2764/2764 2759/2759/2759
f 2762/2762/2762 2765/2765/2765 2764/2764/2764
f 2766/2766/2766 2759/2759/2759 2764/2764/2764
f 2767/2767/2767 2761/2761/2761 2763/2763/2763
f 2767/2767/2767 2763/2763/2763 2768/2768/2768
f 2768/2768/2768 2769/2769/2769 2767/2767/2767
f 2770/2770/2770 2768/2768/2768 2763/2763/2763
f 2768/2768/2768 2771/2771/2771 2769/2769/2769
f 2771/2771/2771 2768/2768/2768 2770/2770/2770
f 2771/2771/2771 2770/2770/2770 2772/2772/2772
f 2773/2773/2773 2774/2774/2774 2775/2775/2775
f 2776/2776/2776 2774/2774/2774 2773/2773/2773
f 2773/2773/2773 2775/2775/2775 2777/2777/2777
f 2776/2776/2776 2778/2778/2778 2774/2774/2774
f 2779/2779/2779 2778/2778/2778 2776/2776/2776
f 2778/2778/2778 2779/2779/2779 2780/2780/2780
f 2777/2777/2777 2775/2775/2775 2781/2781/2781
f 2782/2782/2782 2781/2781/2781 2775/2775/2775
f 2783/2783/2783 2781/2781/2781 2782/2782/2782
f 2781/2781/2781 2783/2783/2783 2784/2784/2784
f 2785/2785/2785 2784/2784/2784 2783/2783/2783
f 2785/2785/2785 2786/2786/2786 2784/2784/2784
f 2787/2787/2787 2788/2788/2788 2789/2789/2789
f 2790/2790/2790 2788/2788/2788 2787/2787/2787
f 2787/2787/2787 2789/2789/2789 2791/2791/2791
f 2790/2790/2790 2792/2792/2792 2788/2788/2788
f 2793/2793/2793 2792/2792/2792 2790/2790/2790
f 2792/2792/2792 2793/2793/2793 2794/2794/2794
f 2791/2791/2791 2789/2789/2789 2795/2795/2795
f 2796/2796/2796 2795/2795/2795 2789/2789/2789
f 2797/2797/2797 2795/2795/2795 2796/2796/2796
f 2795/2795/2795 2797/2797/2797 2798/2798/2798
f 2799/2799/2799 2798/2798/2798 2797/2797/2797
f 2799/2799/2799 2800/2800/2800 2798/2798/2798
f 2801/2801/2801 2802/2802/2802 2803/2803/2803
f 2803/2803/2803 2802/2802/2802 2804/2804/2804
f 2802/2802/2802 2805/2805/2805 2804/2804/2804
f 2805/2805/2805 2806/2806/2806 2804/2804/2804
f 2807/2807/2807 2802/2802/2802 2801/2801/2801
f 2807/2807/2807 2801/2801/2801 2808/2808/2808
f 2808/2808/2808 2809/2809/2809 2807/2807/2807
f 2810/2810/2810 2808/2808/2808 2801/2801/2801
f 2808/2808/2808 2811/2811/2811 2809/2809/2809
f 2810/2810/2810 2811/2811/2811 2808/2808/2808
f 2812/2812/2812 2813/2813/2813 2814/2814/2814
f 2814/2814/2814 2813/2813/2813 2815/2815/2815
f 2813/2813/2813 2816/2816/2816 2815/2815/2815
f 2816/2816/2816 2817/2817/2817 2815/2815/2815
f 2818/2818/2818 2813/2813/2813 2812/2812/2812
f 2818/2818/2818 2812/2812/2812 2819/2819/2819
f 2819/2819/2819 2820/2820/2820 2818/2818/2818
f 2821/2821/2821 2819/2819/2819 2812/2812/2812
f 2819/2819/2819 2822/2822/2822 2820/2820/2820
f 2821/2821/2821 2822/2822/2822 2819/2819/2819
f 2823/2823/2823 2824/2824/2824 2825/2825/2825
f 2826/2826/2826 2825/2825/2825 2824/2824/2824
f 2823/2823/2823 2827/2827/2827 2824/2824/2824
f 2823/2823/2823 2828/2828/2828 2827/2827/2827
f 2829/2829/2829 2827/2827/2827 2828/2828/2828
f 2827/2827/2827 2829/2829/2829 2830/2830/2830
f 2830/2830/2830 2829/2829/2829 2831/2831/2831
f 2830/2830/2830 2831/2831/2831 2832/2832/2832
f 2833/2833/2833 2832/2832/2832 2831/2831/2831
f 2833/2833/2833 2831/2831/2831 2834/2834/2834
f 2834/2834/2834 2835/2835/2835 2833/2833/2833
f 2834/2834/2834 2836/2836/2836 2835/2835/2835
f 2837/2837/2837 2838/2838/2838 2839/2839/2839
f 2840/2840/2840 2839/2839/2839 2838/2838/2838
f 2840/2840/2840 2838/2838/2838 2841/2841/2841
f 2841/2841/2841 2842/2842/2842 2840/2840/2840
f 2837/2837/2837 2839/2839/2839 2843/2843/2843
f 2837/2837/2837 2843/2843/2843 2844/2844/2844
f 2845/2845/2845 2838/2838/2838 2837/2837/2837
f 2846/2846/2846 2837/2837/2837 2844/2844/2844
f 2845/2845/2845 2837/2837/2837 2846/2846/2846
f 2846/2846/2846 2847/2847/2847 2845/2845/2845
f 2848/2848/2848 2849/2849/2849 2850/2850/2850
f 2849/2849/2849 2848/2848/2848 2851/2851/2851
f 2849/2849/2849 2851/2851/2851 2852/2852/2852
f 2849/2849/2849 2852/2852/2852 2853/2853/2853
f 2852/2852/2852 2854/2854/2854 2853/2853/2853
f 2855/2855/2855 2852/2852/2852 2851/2851/2851
f 2852/2852/2852 2856/2856/2856 2854/2854/2854
f 2852/2852/2852 2855/2855/2855 2856/2856/2856
f 2857/2857/2857 2856/2856/2856 2855/2855/2855
f 2858/2858/2858 2859/2859/2859 2860/2860/2860
f 2861/2861/2861 2860/2860/2860 2859/2859/2859
f 2861/2861/2861 2859/2859/2859 2862/2862/2862
f 2862/2862/2862 2863/2863/2863 2861/2861/2861
f 2858/2858/2858 2860/2860/2860 2864/2864/2864
f 2858/2858/2858 2864/2864/2864 2865/2865/2865
f 2866/2866/2866 2859/2859/2859 2858/2858/2858
f 2867/2867/2867 2858/2858/2858 2865/2865/2865
f 2866/2866/2866 2858/2858/2858 2867/2867/2867
f 2867/2867/2867 2868/2868/2868 2866/2866/2866
f 2869/2869/2869 2870/2870/2870 2871/2871/2871
f 2870/2870/2870 2869/2869/2869 2872/2872/2872
f 2870/2870/2870 2872/2872/2872 2873/2873/2873
f 2870/2870/2870 2873/2873/2873 2874/2874/2874
f 2873/2873/2873 2875/2875/2875 2874/2874/2874
f 2876/2876/2876 2873/2873/2873 2872/2872/2872
f 2873/2873/2873 2877/2877/2877 2875/2875/2875
f 2873/2873/2873 2876/2876/2876 2877/2877/2877
f 2878/2878/2878 2877/2877/2877 2876/2876/2876
f 2879/2879/2879 2880/2880/2880 2881/2881/2881
f 2879/2879/2879 2881/2881/2881 2882/2882/2882
f 2883/2883/2883 2884/2884/2884 2885/2885/2885
f 2884/2884/2884 2883/2883/2883 2886/2886/2886
f 2887/2887/2887 2886/2886/2886 2883/2883/2883
f 2883/2883/2883 2885/2885/2885 2888/2888/2888
f 2888/2888/2888 2885/2885/2885 2889/2889/2889
f 2888/2888/2888 2889/2889/2889 2890/2890/2890
f 2888/2888/2888 2890/2890/2890 2891/2891/2891
f 2892/2892/2892 2890/2890/2890 2889/2889/2889
f 2893/2893/2893 2890/2890/2890 2892/2892/2892
f 2893/2893/2893 2892/2892/2892 2894/2894/2894
f 2893/2893/2893 2894/2894/2894 2895/2895/2895
f 2896/2896/2896 2895/2895/2895 2894/2894/2894
f 2897/2897/2897 2898/2898/2898 2899/2899/2899
f 2900/2900/2900 2899/2899/2899 2898/2898/2898
f 2899/2899/2899 2900/2900/2900 2901/2901/2901
f 2902/2902/2902 2903/2903/2903 2904/2904/2904
f 2902/2902/2902 2904/2904/2904 2905/2905/2905
f 2903/2903/2903 2902/2902/2902 2906/2906/2906
f 2907/2907/2907 2906/2906/2906 2902/2902/2902
f 2908/2908/2908 2909/2909/2909 2910/2910/2910
f 2911/2911/2911 2909/2909/2909 2908/2908/2908
f 2911/2911/2911 2912/2912/2912 2909/2909/2909
f 2913/2913/2913 2912/2912/2912 2911/2911/2911
f 2912/2912/2912 2913/2913/2913 2914/2914/2914
f 2914/2914/2914 2913/2913/2913 2915/2915/2915
f 2914/2914/2914 2915/2915/2915 2916/2916/2916
f 2916/2916/2916 2915/2915/2915 2917/2917/2917
f 2916/2916/2916 2917/2917/2917 2918/2918/2918
f 2919/2919/2919 2910/2910/2910 2909/2909/2909
f 2919/2919/2919 2920/2920/2920 2910/2910/2910
f 2919/2919/2919 2921/2921/2921 2920/2920/2920
f 2920/2920/2920 2922/2922/2922 2910/2910/2910
f 2923/2923/2923 2924/2924/2924 2925/2925/2925
f 2926/2926/2926 2924/2924/2924 2923/2923/2923
f 2926/2926/2926 2927/2927/2927 2924/2924/2924
f 2928/2928/2928 2927/2927/2927 2926/2926/2926
f 2927/2927/2927 2928/2928/2928 2929/2929/2929
f 2929/2929/2929 2928/2928/2928 2930/2930/2930
f 2929/2929/2929 2930/2930/2930 2931/2931/2931
f 2931/2931/2931 2930/2930/2930 2932/2932/2932
f 2931/2931/2931 2932/2932/2932 2933/2933/2933
f 2934/2934/2934 2925/2925/2925 2924/2924/2924
f 2934/2934/2934 2935/2935/2935 2925/2925/2925
f 2934/2934/2934 2936/2936/2936 2935/2935/2935
f 2935/2935/2935 2937/2937/2937 2925/2925/2925
f 2938/2938/2938 2939/2939/2939 2940/2940/2940
f 2938/2938/2938 2940/2940/2940 2941/2941/2941
f 2939/2939/2939 2938/2938/2938 2942/2942/2942
f 2939/2939/2939 2942/2942/2942 2943/2943/2943
f 2944/2944/2944 2945/2945/2945 2946/2946/2946
f 2944/2944/2944 2946/2946/2946 2947/2947/2947
f 2946/2946/2946 2948/2948/2948 2947/2947/2947
f 2944/2944/2944 2947/2947/2947 2949/2949/2949
f 2950/2950/2950 2949/2949/2949 2947/2947/2947
f 2950/2950/2950 2951/2951/2951 2949/2949/2949
f 2950/2950/2950 2952/2952/2952 2951/2951/2951
f 2953/2953/2953 2951/2951/2951 2952/2952/2952
f 2953/2953/2953 2952/2952/2952 2954/2954/2954
f 2955/2955/2955 2956/2956/2956 2957/2957/2957
f 2957/2957/2957 2956/2956/2956 2958/2958/2958
f 2957/2957/2957 2958/2958/2958 2959/2959/2959
f 2960/2960/2960 2961/2961/2961 2962/2962/2962
f 2960/2960/2960 2962/2962/2962 2963/2963/2963
f 2962/2962/2962 2964/2964/2964 2963/2963/2963
f 2960/2960/2960 2963/2963/2963 2965/2965/2965
f 2966/2966/2966 2965/2965/2965 2963/2963/2963
f 2966/2966/2966 2967/2967/2967 2965/2965/2965
f 2966/2966/2966 2968/2968/2968 2967/2967/2967
f 2969/2969/2969 2967/2967/2967 2968/2968/2968
f 2969/2969/2969 2968/2968/2968 2970/2970/2970
f 2971/2971/2971 2972/2972/2972 2973/2973/2973
f 2973/2973/2973 2972/2972/2972 2974/2974/2974
f 2973/2973/2973 2974/2974/2974 2975/2975/2975
f 2976/2976/2976 2977/2977/2977 2978/2978/2978
f 2976/2976/2976 2978/2978/2978 2979/2979/2979
f 2980/2980/2980 2981/2981/2981 2982/2982/2982
f 2980/2980/2980 2982/2982/2982 2983/2983/2983
f 2984/2984/2984 2985/2985/2985 2986/2986/2986
f 2984/2984/2984 2986/2986/2986 2987/2987/2987
f 2986/2986/2986 2985/2985/2985 2988/2988/2988
f 2989/2989/2989 2990/2990/2990 2991/2991/2991
f 2989/2989/2989 2991/2991/2991 2992/2992/2992
f 2991/2991/2991 2990/2990/2990 2993/2993/2993
f 2994/2994/2994 2995/2995/2995 2996/2996/2996
f 2997/2997/2997 2995/2995/2995 2994/2994/2994
f 2994/2994/2994 2996/2996/2996 2998/2998/2998
f 2997/2997/2997 2999/2999/2999 2995/2995/2995
f 3000/3000/3000 2998/2998/2998 2996/2996/2996
f 3001/3001/3001 2999/2999/2999 2997/2997/2997
f 3000/3000/3000 3002/3002/3002 2998/2998/2998
f 3002/3002/3002 3000/3000/3000 3003/3003/3003
f 3002/3002/3002 3003/3003/3003 3004/3004/3004
f 3001/3001/3001 3005/3005/3005 2999/2999/2999
f 3005/3005/3005 3001/3001/3001 3006/3006/3006
f 3005/3005/3005 3006/3006/3006 3007/3007/3007
f 3008/3008/3008 3009/3009/3009 3010/3010/3010
f 3011/3011/3011 3010/3010/3010 3009/3009/3009
f 3010/3010/3010 3011/3011/3011 3012/3012/3012
f 3008/3008/3008 3010/3010/3010 3013/3013/3013
f 3008/3008/3008 3013/3013/3013 3014/3014/3014
f 3015/3015/3015 3014/3014/3014 3013/3013/3013
f 3015/3015/3015 3016/3016/3016 3014/3014/3014
f 3015/3015/3015 3017/3017/3017 3016/3016/3016
f 3018/3018/3018 3016/3016/3016 3017/3017/3017
f 3018/3018/3018 3019/3019/3019 3016/3016/3016
f 3019/3019/3019 3018/3018/3018 3020/3020/3020
f 3019/3019/3019 3020/3020/3020 3021/3021/3021
f 3022/3022/3022 3023/3023/3023 3024/3024/3024
f 3025/3025/3025 3022/3022/3022 3024/3024/3024
f 3023/3023/3023 3026/3026/3026 3024/3024/3024
f 3027/3027/3027 3028/3028/3028 3029/3029/3029
f 3030/3030/3030 3027/3027/3027 3029/3029/3029
f 3028/3028/3028 3031/3031/3031 3029/3029/3029
f 3032/3032/3032 3033/3033/3033 3034/3034/3034
f 3032/3032/3032 3034/3034/3034 3035/3035/3035
f 3036/3036/3036 3037/3037/3037 3038/3038/3038
f 3037/3037/3037 3036/3036/3036 3039/3039/3039
f 3040/3040/3040 3039/3039/3039 3036/3036/3036
f 3041/3041/3041 3042/3042/3042 3043/3043/3043
f 3043/3043/3043 3044/3044/3044 3045/3045/3045
f 3043/3043/3043 3042/3042/3042 3044/3044/3044
f 3046/3046/3046 3044/3044/3044 3042/3042/3042
f 3042/3042/3042 3047/3047/3047 3046/3046/3046
f 3041/3041/3041 3048/3048/3048 3042/3042/3042
f 3042/3042/3042 3048/3048/3048 3047/3047/3047
f 3048/3048/3048 3041/3041/3041 3049/3049/3049
f 3048/3048/3048 3050/3050/3050 3047/3047/3047
f 3050/3050/3050 3048/3048/3048 3049/3049/3049
f 3050/3050/3050 3049/3049/3049 3051/3051/3051
f 3052/3052/3052 3053/3053/3053 3054/3054/3054
f 3052/3052/3052 3055/3055/3055 3053/3053/3053
f 3052/3052/3052 3056/3056/3056 3055/3055/3055
f 3057/3057/3057 3056/3056/3056 3052/3052/3052
f 3058/3058/3058 3059/3059/3059 3060/3060/3060
f 3058/3058/3058 3061/3061/3061 3059/3059/3059
f 3058/3058/3058 3062/3062/3062 3061/3061/3061
f 3063/3063/3063 3062/3062/3062 3058/3058/3058
f 3064/3064/3064 3065/3065/3065 3066/3066/3066
f 3064/3064/3064 3066/3066/3066 3067/3067/3067
f 3068/3068/3068 3067/3067/3067 3066/3066/3066
f 3069/3069/3069 3070/3070/3070 3071/3071/3071
f 3070/3070/3070 3069/3069/3069 3072/3072/3072
f 3073/3073/3073 3071/3071/3071 3070/3070/3070
f 3074/3074/3074 3075/3075/3075 3076/3076/3076
f 3075/3075/3075 3074/3074/3074 3077/3077/3077
f 3078/3078/3078 3076/3076/3076 3075/3075/3075
f 3079/3079/3079 3080/3080/3080 3081/3081/3081
f 3082/3082/3082 3081/3081/3081 3080/3080/3080
f 3081/3081/3081 3082/3082/3082 3083/3083/3083
f 3084/3084/3084 3085/3085/3085 3086/3086/3086
f 3087/3087/3087 3086/3086/3086 3085/3085/3085
f 3086/3086/3086 3087/3087/3087 3088/3088/3088
f 3089/3089/3089 3090/3090/3090 3091/3091/3091
f 3092/3092/3092 3089/3089/3089 3091/3091/3091
f 3092/3092/3092 3093/3093/3093 3089/3089/3089
f 3094/3094/3094 3095/3095/3095 3096/3096/3096
f 3097/3097/3097 3098/3098/3098 3099/3099/3099
f 3100/3100/3100 3101/3101/3101 3102/3102/3102
f 3101/3101/3101 3100/3100/3100 3103/3103/3103
f 3100/3100/3100 3102/3102/3102 3104/3104/3104
f 3105/3105/3105 3106/3106/3106 3107/3107/3107
f 3106/3106/3106 3105/3105/3105 3108/3108/3108
f 3105/3105/3105 3107/3107/3107 3109/3109/3109
f 3110/3110/3110 3111/3111/3111 3112/3112/3112
f 3110/3110/3110 3112/3112/3112 3113/3113/3113
f 3112/3112/3112 3114/3114/3114 3113/3113/3113
f 3112/3112/3112 3111/3111/3111 3115/3115/3115
f 3111/3111/3111 3110/3110/3110 3116/3116/3116
f 3117/3117/3117 3115/3115/3115 3111/3111/3111
f 3111/3111/3111 3116/3116/3116 3117/3117/3117
f 3117/3117/3117 3116/3116/3116 3118/3118/3118
f 3119/3119/3119 3120/3120/3120 3121/3121/3121
f 3119/3119/3119 3121/3121/3121 3122/3122/3122
f 3121/3121/3121 3123/3123/3123 3122/3122/3122
f 3121/3121/3121 3120/3120/3120 3124/3124/3124
f 3120/3120/3120 3119/3119/3119 3125/3125/3125
f 3126/3126/3126 3124/3124/3124 3120/3120/3120
f 3120/3120/3120 3125/3125/3125 3126/3126/3126
f 3126/3126/3126 3125/3125/3125 3127/3127/3127
f 3128/3128/3128 3129/3129/3129 3130/3130/3130
f 3128/3128/3128 3131/3131/3131 3129/3129/3129
f 3128/3128/3128 3132/3132/3132 3131/3131/3131
f 3133/3133/3133 3134/3134/3134 3135/3135/3135
f 3133/3133/3133 3136/3136/3136 3134/3134/3134
f 3133/3133/3133 3137/3137/3137 3136/3136/3136
f 3138/3138/3138 3139/3139/3139 3140/3140/3140
f 3141/3141/3141 3142/3142/3142 3143/3143/3143
f 3144/3144/3144 3145/3145/3145 3146/3146/3146
f 3147/3147/3147 3144/3144/3144 3146/3146/3146
f 3147/3147/3147 3148/3148/3148 3144/3144/3144
f 3149/3149/3149 3150/3150/3150 3151/3151/3151
f 3149/3149/3149 3151/3151/3151 3152/3152/3152
f 3152/3152/3152 3153/3153/3153 3149/3149/3149
f 3154/3154/3154 3155/3155/3155 3156/3156/3156
f 3157/3157/3157 3156/3156/3156 3155/3155/3155
f 3158/3158/3158 3159/3159/3159 3160/3160/3160
f 3161/3161/3161 3162/3162/3162 3163/3163/3163
f 3164/3164/3164 3165/3165/3165 3166/3166/3166
f 3167/3167/3167 3168/3168/3168 3169/3169/3169
f 3170/3170/3170 3171/3171/3171 3172/3172/3172
f 3173/3173/3173 3174/3174/3174 3175/3175/3175
