o Sponza_Mesh_003
v -11.350706 0.390816 5.712450
v -11.389622 0.367743 5.662826
v -11.389622 0.422202 5.705814
v -11.347737 0.339173 5.699137
v -11.389622 0.310726 5.654353
v -11.268118 0.366109 5.785263
v -11.347942 0.310726 5.695563
v -11.304549 0.401227 5.801284
v -11.328422 0.437454 5.814346
v -11.286981 0.404070 5.873933
v -11.364961 0.471561 5.726953
v -11.246411 0.310726 5.787895
v -11.389620 0.490013 5.701206
v -11.244391 0.343348 5.882504
v -11.321542 0.335270 5.976424
v -11.268118 0.255342 5.785416
v -11.241502 0.310726 5.889605
v -11.244391 0.278103 5.882504
v -11.317465 0.310726 5.973956
v -11.321542 0.286181 5.976424
v -11.319754 0.310726 6.003034
v -11.286981 0.217382 5.874004
v -11.308131 0.268736 6.008090
v -11.331950 0.225976 5.980333
v -11.304549 0.220224 5.801492
v -11.347737 0.282278 5.699346
v -11.350706 0.230635 5.712754
v -11.328422 0.183996 5.814614
v -11.389622 0.253708 5.663123
v -11.389622 0.199248 5.706183
v -11.389620 0.244018 4.273591
v -11.364961 0.149890 5.727409
v -11.314819 0.179921 5.896480
v -11.282305 0.135181 5.877572
v -11.389620 0.191297 4.278075
v -11.389620 0.080874 4.317961
v -11.389620 0.131438 5.701717
v -11.249731 0.107115 5.810399
v -11.243204 0.077414 5.733187
v -11.389620 0.033236 5.622736
v -11.350612 0.069182 4.303561
v -11.318379 0.070607 5.823099
v -11.389622 -0.025033 4.411068
v -11.270004 0.106730 5.858727
v -11.312860 0.009435 5.761249
v -11.352891 -0.038161 4.390577
v -11.389622 -0.123302 4.489453
v -11.235727 0.013118 5.657777
v -11.389620 -0.081878 5.610965
v -11.347667 -0.138823 4.472342
v -11.232782 -0.072830 5.634894
v -11.389622 -0.199173 4.569183
v -11.389620 -0.137979 5.614311
v -11.311678 -0.084432 5.737145
v -11.236317 -0.145986 5.650083
v -11.389622 -0.261931 4.674518
v -11.321301 -0.162969 5.623800
v -11.268444 -0.211688 5.722242
v -11.338346 -0.193609 5.557628
v -11.237862 -0.199500 5.729231
v -11.294504 -0.129148 5.799387
v -11.348327 -0.258469 5.654274
v -11.389620 -0.179496 5.553696
v -11.363995 -0.234151 5.472269
v -11.283581 -0.190331 5.833034
v -11.381833 -0.304029 5.545888
v -11.354534 -0.266119 5.763756
v -11.317461 -0.204661 5.832722
v -11.329200 -0.144082 5.896386
v -11.391522 -0.383314 5.786539
v -11.288399 -0.138662 5.889079
v -11.269733 -0.100390 5.846014
v -11.381930 -0.246657 5.859767
v -11.318049 -0.063910 5.915884
v -11.364600 -0.218918 5.915722
v -11.383374 -0.315960 5.830851
v -11.275678 -0.064264 5.912429
v -11.270583 -0.056130 5.853536
v -11.266016 -0.001400 5.904676
v -11.277637 -0.038127 5.821884
v -11.273377 0.026882 5.844239
v -11.313911 -0.004210 5.909220
v -11.284047 -0.075699 5.758777
v -11.281547 -0.010318 5.774390
v -11.333594 0.041660 5.860435
v -11.316866 0.085795 5.856016
v -11.340335 0.065062 5.910997
v -11.319215 0.103502 5.874721
v -11.335426 0.077080 5.889541
v -11.295221 0.091010 5.901054
v -11.302448 0.108909 5.930525
v -11.328633 0.079842 5.910205
v -11.297366 0.081170 5.929470
v -11.357170 0.146060 5.966798
v -11.397213 0.143624 5.988687
v -11.397196 0.116683 6.002626
v -11.397204 0.171018 6.004465
v -11.304852 0.042426 5.968650
v -11.397163 0.068405 6.023018
v -11.339610 0.209588 5.990641
v -11.397200 0.201469 6.010165
v -11.397182 0.225142 6.032380
v -11.397141 0.001554 6.021908
v -11.357999 0.028335 5.951167
v -11.294567 -0.017092 5.984334
v -11.397126 -0.081246 6.001201
v -11.335688 -0.026904 5.968568
v -11.292889 -0.084594 5.971633
v -11.397145 -0.152510 5.976609
v -11.328596 -0.083994 5.962187
v -11.293063 -0.141428 5.957808
v -11.295905 -0.191946 5.945335
v -11.328979 -0.139162 5.947725
v -11.397159 -0.206815 5.955695
v -11.280903 -0.175797 5.934787
v -11.353887 -0.179994 5.920324
v -11.290483 -0.196610 5.911141
v -11.276620 -0.239138 5.920366
v -11.281627 -0.219130 5.913833
v -11.397159 -0.240906 5.948346
v -11.302661 -0.252898 5.888161
v -11.360659 -0.253206 5.898131
v -11.273780 -0.261946 5.889413
v -11.284862 -0.270071 5.918386
v -11.397163 -0.273154 5.936070
v -11.315700 -0.291034 5.859534
v -11.375348 -0.285914 5.874146
v -11.282231 -0.298320 5.891212
v -11.368413 -0.320105 5.874763
v -11.319344 -0.319216 5.864599
v -11.298897 -0.298484 5.914772
v -11.299940 -0.306934 5.917615
v -11.397153 -0.320267 5.927950
v -11.291286 -0.327614 5.899765
v -11.397151 -0.358717 5.911701
v -11.314065 -0.334090 5.883924
v -11.333081 -0.339862 5.885685
v -11.282913 -0.346998 5.885572
v -11.327081 -0.373027 5.853054
v -11.288903 -0.393381 5.888303
v -11.284835 -0.379481 5.848170
v -11.347901 -0.401750 5.807192
v -11.368954 -0.414153 5.760807
v -11.301440 -0.405154 5.796026
v -11.274491 -0.419230 5.844126
v -11.325831 -0.418202 5.741209
v -11.271442 -0.445728 5.769205
v -11.277155 -0.451069 5.827884
v -11.389848 -0.422314 5.728281
v -11.345848 -0.437080 5.704074
v -11.313645 -0.467743 5.696090
v -11.269536 -0.478794 5.747242
v -11.363883 -0.465036 5.666090
v -11.386788 -0.462661 5.670408
v -11.314020 -0.498494 5.682178
v -11.370721 -0.485031 5.644198
v -11.370981 -0.477170 5.576103
v -11.360960 -0.498642 5.648054
v -11.370317 -0.502769 5.625054
v -11.351909 -0.513841 5.600415
v -11.370012 -0.450246 5.505563
v -11.329221 -0.510433 5.689106
v -11.353946 -0.491133 5.550489
v -11.383292 -0.365636 5.441335
v -11.298946 -0.523798 5.567982
v -11.359680 -0.467470 5.490809
v -11.303504 -0.503314 5.528667
v -11.368948 -0.434925 5.419202
v -11.315295 -0.484976 5.476572
v -11.362876 -0.453342 5.411967
v -11.362309 -0.425598 5.342570
v -11.354055 -0.447002 5.346222
v -11.321415 -0.469974 5.405550
v -11.335586 -0.533393 5.404846
v -11.331233 -0.464710 5.343052
v -11.310594 -0.537314 5.478959
v -11.304561 -0.557558 5.536395
v -11.316719 -0.445513 5.308019
v -11.328415 -0.501728 5.324770
v -11.301626 -0.546023 5.591734
v -11.300891 -0.578776 5.551775
v -11.344553 -0.537506 5.632328
v -11.297764 -0.573740 5.597360
v -11.345997 -0.567529 5.647188
v -11.301698 -0.596814 5.594309
v -11.329807 -0.576758 5.525347
v -11.338325 -0.550327 5.482296
v -11.298463 -0.594338 5.495551
v -11.334061 -0.564587 5.474629
v -11.373446 -0.543294 5.409663
v -11.345493 -0.539045 5.297383
v -11.366975 -0.574489 5.397101
v -11.302292 -0.494447 5.293073
v -11.375336 -0.549727 5.290281
v -11.371821 -0.603324 5.324543
v -11.297690 -0.537131 5.254900
v -11.295532 -0.452682 5.211138
v -11.349960 -0.589807 5.231207
v -11.289782 -0.488518 5.216354
v -11.290356 -0.521692 5.188499
v -11.340891 -0.465901 5.150273
v -11.291610 -0.572340 5.178842
v -11.285838 -0.547038 5.134570
v -11.345018 -0.613693 5.069820
v -11.311590 -0.599004 5.034196
v -11.369911 -0.507629 5.092428
v -11.299262 -0.559007 5.016411
v -11.310006 -0.589478 4.859885
v -11.342379 -0.632731 5.249484
v -11.397192 -0.669027 5.120800
v -11.397211 -0.652605 4.977800
v -11.397192 -0.667003 5.256641
v -11.397227 -0.614322 4.856458
v -11.356442 -0.635777 5.292948
v -11.397243 -0.549491 4.671394
v -11.397186 -0.668674 5.306162
v -11.262971 -0.498558 4.669406
v -11.285094 -0.659088 5.334710
v -11.397252 -0.473454 4.517712
v -11.397151 -0.685641 5.367686
v -11.294536 -0.629625 5.317931
v -11.296692 -0.602255 5.349499
v -11.279006 -0.627299 5.398762
v -11.286508 -0.582383 5.407399
v -11.270606 -0.598940 5.420042
v -11.289110 -0.574993 5.466568
v -11.291971 -0.616660 5.458141
v -11.274512 -0.640973 5.408430
v -11.284170 -0.673489 5.383268
v -11.290727 -0.672500 5.439366
v -11.397120 -0.680579 5.449543
v -11.283403 -0.641111 5.455604
v -11.301231 -0.652301 5.505950
v -11.397102 -0.660634 5.518513
v -11.294917 -0.625414 5.506087
v -11.295987 -0.631185 5.551253
v -11.397098 -0.641782 5.566557
v -11.293176 -0.604310 5.542118
v -11.342210 -0.626680 5.583572
v -11.397081 -0.648160 5.586160
v -11.366868 -0.615618 5.614700
v -11.338157 -0.634740 5.601678
v -11.350264 -0.588935 5.634988
v -11.360159 -0.629435 5.614997
v -11.343501 -0.603682 5.644631
v -11.328891 -0.653750 5.629550
v -11.397049 -0.668156 5.616467
v -11.397030 -0.669930 5.682635
v -11.329952 -0.642833 5.639070
v -11.330940 -0.656473 5.682630
v -11.397024 -0.660304 5.718689
v -11.340608 -0.633946 5.645720
v -11.326993 -0.639217 5.687577
v -11.325165 -0.639741 5.717030
v -11.332317 -0.623959 5.750676
v -11.323153 -0.623370 5.723935
v -11.397049 -0.616011 5.727085
v -11.397057 -0.628253 5.685605
v -11.397044 -0.611319 5.754490
v -11.397022 -0.641994 5.768180
v -11.397042 -0.598262 5.783657
v -11.397045 -0.597794 5.772767
v -11.397030 -0.610599 5.798100
v -11.339737 -0.603886 5.667297
v -11.397083 -0.601020 5.682379
v -11.326114 -0.589962 5.700736
v -11.397077 -0.594609 5.705803
v -11.397085 -0.569431 5.744300
v -11.313282 -0.591326 5.639251
v -11.313829 -0.564547 5.739920
v -11.397098 -0.534009 5.782204
v -11.301411 -0.577521 5.686528
v -11.288471 -0.565376 5.664167
v -11.315471 -0.536356 5.716871
v -11.273200 -0.531845 5.718697
v -11.291229 -0.555434 5.728920
v -11.300319 -0.525534 5.779924
v -11.294504 -0.502563 5.720282
v -11.313081 -0.503908 5.764871
v -11.284489 -0.482241 5.785727
v -11.292169 -0.496278 5.787276
v -11.272036 -0.480380 5.799214
v -11.282854 -0.488702 5.807705
v -11.264950 -0.454077 5.837720
v -11.310799 -0.497058 5.812325
v -11.397106 -0.503810 5.818543
v -11.397110 -0.476333 5.860270
v -11.296776 -0.485792 5.832526
v -11.311911 -0.471858 5.861819
v -11.397127 -0.410467 5.906118
v -11.267493 -0.464134 5.848521
v -11.309932 -0.404532 5.902364
v -11.397143 -0.368663 5.915928
v -11.291438 -0.397417 5.897536
v -11.243202 0.544037 5.732588
v -11.249731 0.514336 5.809957
v -11.389620 0.588214 5.622004
v -11.282305 0.486270 5.877314
v -11.389620 0.540577 4.318212
v -11.318379 0.550843 5.822596
v -11.389620 0.430154 4.278075
v -11.389620 0.377434 4.273591
v -11.350612 0.552270 4.303809
v -11.389620 0.310726 4.264357
v -11.345122 0.425886 4.239776
v -11.229356 0.350732 4.229778
v -11.273649 0.399259 4.211214
v -11.225245 0.310726 4.223320
v -11.229356 0.270718 4.229778
v -11.243973 0.348280 4.194276
v -11.246206 0.310726 4.187278
v -11.243973 0.273171 4.194276
v -11.273649 0.222192 4.211214
v -11.345122 0.195564 4.239776
v -11.267901 0.310726 4.158717
v -11.258928 0.248169 4.175491
v -11.263870 0.200933 4.163588
v -11.217350 0.266206 4.090194
v -11.341678 0.092350 4.133762
v -11.258928 0.373282 4.175491
v -11.217350 0.355245 4.090194
v -11.263870 0.420518 4.163588
v -11.341678 0.529100 4.133762
v -11.213440 0.424027 4.085021
v -11.280210 0.310726 4.039570
v -11.222887 0.424553 4.031358
v -11.255206 0.360256 4.014237
v -11.269690 0.506010 4.030635
v -11.397204 0.450295 3.985461
v -11.397200 0.400384 3.977923
v -11.397213 0.528054 4.006965
v -11.397221 0.552354 4.021768
v -11.397215 0.584685 4.031690
v -11.290895 0.349386 3.967196
v -11.397163 0.375387 3.955586
v -11.286327 0.310726 3.978537
v -11.320149 0.310726 3.953123
v -11.397147 0.310726 3.944378
v -11.397163 0.246064 3.955586
v -11.290895 0.272065 3.967196
v -11.397200 0.221067 3.977923
v -11.255206 0.261195 4.014237
v -11.397204 0.171156 3.985461
v -11.222887 0.196898 4.031358
v -11.213440 0.197424 4.085021
v -11.269690 0.115441 4.030635
v -11.397213 0.093396 4.006965
v -11.397221 0.069097 4.021768
v -11.397215 0.036766 4.031690
v -11.253292 0.036119 4.067655
v -11.280383 0.024792 4.135240
v -11.318536 -0.004072 4.057083
v -11.397219 -0.005406 4.046639
v -11.304469 0.000449 4.090283
v -11.355782 -0.034263 4.078018
v -11.397239 -0.037266 4.075319
v -11.397270 -0.036842 4.112543
v -11.397284 -0.014666 4.121882
v -11.397286 0.016190 4.114207
v -11.397311 -0.033026 4.199473
v -11.291612 -0.028832 4.226123
v -11.397307 -0.096830 4.256624
v -11.350747 0.019042 4.245593
v -11.287997 -0.102026 4.297178
v -11.397297 -0.163458 4.275178
v -11.332055 -0.081005 4.335888
v -11.268920 -0.172702 4.323588
v -11.397280 -0.203424 4.275484
v -11.343452 -0.195929 4.396197
v -11.255866 -0.226028 4.324319
v -11.267055 -0.254908 4.299550
v -11.397258 -0.225454 4.256802
v -11.397241 -0.263364 4.266488
v -11.397237 -0.327924 4.311923
v -11.360323 -0.263300 4.350689
v -11.262133 -0.307326 4.343736
v -11.397241 -0.391946 4.387551
v -11.371219 -0.313812 4.391904
v -11.267588 -0.373205 4.427121
v -11.326510 -0.263866 4.514655
v -11.364725 -0.370016 4.457222
v -11.277379 -0.436932 4.529561
v -11.366159 -0.423424 4.561652
v -11.355249 -0.220203 4.563846
v -11.367424 -0.328990 4.635388
v -11.349042 -0.287264 4.676332
v -11.389622 -0.302173 4.801915
v -11.358790 -0.485340 4.706459
v -11.268047 -0.548454 4.851603
v -11.389622 -0.223102 5.469001
v -11.372295 -0.526875 4.871490
v -11.364842 -0.376918 4.780203
v -11.385456 -0.528053 5.011307
v -11.367342 -0.406474 4.908408
v -11.369239 -0.324145 4.806274
v -11.385294 -0.457474 5.046973
v -11.389622 -0.331844 4.941012
v -11.374502 -0.348815 4.942259
v -11.347551 -0.421801 4.999245
v -11.389622 -0.265147 5.363276
v -11.389620 -0.331563 5.125013
v -11.348549 -0.356886 5.070771
v -11.376477 -0.280971 5.364097
v -11.389620 -0.326606 5.223354
v -11.352768 -0.375286 5.312730
v -11.323182 -0.379453 5.277727
v -11.325254 -0.349962 5.170642
v -11.294735 -0.419350 5.191939
v -11.291463 -0.396848 5.129075
v -11.304963 -0.396754 5.065952
v -11.320876 -0.423030 5.085302
v -11.322036 -0.449071 5.110948
v -11.323995 -0.422667 5.022484
v -11.340667 -0.446527 5.044039
v -11.314819 0.441530 5.896371
v -11.331950 0.395475 5.980333
v -11.357170 0.475391 5.966794
v -11.308131 0.352714 6.008090
v -11.306405 0.385516 6.006817
v -11.278350 0.310726 6.007479
v -11.339610 0.411862 5.990641
v -11.273170 0.357265 6.009992
v -11.302051 0.391900 6.021001
v -11.253356 0.310726 6.022067
v -11.397182 0.396309 6.032380
v -11.397200 0.419982 6.010165
v -11.397204 0.450433 6.004465
v -11.397159 0.374097 6.058982
v -11.397213 0.477827 5.988687
v -11.272024 0.358850 6.027988
v -11.397155 0.310726 6.068425
v -11.272024 0.262602 6.027988
v -11.397159 0.247354 6.058982
v -11.273170 0.264186 6.009992
v -11.302051 0.229551 6.021001
v -11.306405 0.235934 6.006817
v -11.321301 0.784420 5.622734
v -11.236317 0.767437 5.649050
v -11.389620 0.759430 5.613296
v -11.268444 0.833139 5.721141
v -11.232782 0.694282 5.633975
v -11.348325 0.879919 5.652751
v -11.311678 0.705883 5.736247
v -11.237862 0.820951 5.728156
v -11.235727 0.608332 5.657011
v -11.283581 0.811782 5.832081
v -11.389620 0.703330 5.610038
v -11.294504 0.750598 5.798481
v -11.317461 0.826112 5.831748
v -11.312860 0.612016 5.760542
v -11.281547 0.631769 5.773661
v -11.284047 0.697150 5.757914
v -11.273377 0.594569 5.843683
v -11.277635 0.659578 5.821167
v -11.333594 0.579791 5.859941
v -11.269733 0.721840 5.845225
v -11.270583 0.677581 5.852837
v -11.266016 0.622851 5.904183
v -11.288399 0.760113 5.888302
v -11.275676 0.685714 5.911831
v -11.329200 0.765533 5.895616
v -11.313911 0.625661 5.908730
v -11.318049 0.685361 5.915293
v -11.335688 0.648355 5.968181
v -11.340335 0.556389 5.910658
v -11.357999 0.593116 5.950851
v -11.304852 0.579026 5.968407
v -11.328596 0.705445 5.961672
v -11.328979 0.760612 5.947079
v -11.353887 0.801445 5.919554
v -11.364600 0.840369 5.914889
v -11.280903 0.797248 5.934052
v -11.293063 0.762878 5.957182
v -11.292889 0.706046 5.971142
v -11.294567 0.638543 5.984010
v -11.397145 0.773962 5.976029
v -11.397126 0.702696 6.000814
v -11.397139 0.619897 6.021751
v -11.397163 0.553046 6.023013
v -11.397196 0.504767 6.002626
v -11.295905 0.813397 5.944600
v -11.397159 0.828266 5.954979
v -11.297366 0.540281 5.929210
v -11.276620 0.860590 5.919510
v -11.397159 0.862357 5.947566
v -11.290483 0.818060 5.910321
v -11.281627 0.840581 5.912988
v -11.302661 0.874350 5.887220
v -11.284862 0.891522 5.917486
v -11.397163 0.894606 5.935221
v -11.273780 0.883398 5.888464
v -11.315700 0.912485 5.858495
v -11.360659 0.874656 5.897216
v -11.381930 0.868107 5.858794
v -11.375348 0.907365 5.873150
v -11.354534 0.887570 5.762623
v -11.383374 0.937411 5.829755
v -11.368411 0.941555 5.873731
v -11.391522 1.004766 5.785017
v -11.327081 0.994478 5.851929
v -11.319344 0.940667 5.863541
v -11.333081 0.961314 5.884647
v -11.282231 0.919771 5.890224
v -11.314065 0.955542 5.882887
v -11.298897 0.919935 5.913831
v -11.299940 0.928385 5.916672
v -11.397153 0.941718 5.927031
v -11.291286 0.949065 5.898764
v -11.397151 0.980167 5.910712
v -11.282913 0.968448 5.884525
v -11.288903 1.014832 5.887224
v -11.284835 1.000932 5.847030
v -11.301440 1.026606 5.794641
v -11.274491 1.040681 5.843149
v -11.291438 1.018867 5.896472
v -11.397141 0.990114 5.914939
v -11.277155 1.072520 5.828669
v -11.347901 1.023201 5.805903
v -11.271440 1.067178 5.769641
v -11.325831 1.039654 5.740521
v -11.368954 1.035603 5.760528
v -11.389848 1.043764 5.727513
v -11.313645 1.089194 5.695429
v -11.345848 1.058531 5.703046
v -11.269534 1.100245 5.747897
v -11.363883 1.086487 5.664889
v -11.386788 1.084112 5.669276
v -11.314020 1.119945 5.681813
v -11.370721 1.106482 5.642961
v -11.360960 1.120093 5.647083
v -11.370981 1.098621 5.574071
v -11.370317 1.124220 5.623782
v -11.351907 1.135291 5.598935
v -11.381833 0.925479 5.543240
v -11.329221 1.131884 5.689152
v -11.294504 1.124014 5.720854
v -11.284489 1.103692 5.787503
v -11.344553 1.158957 5.631662
v -11.345997 1.188980 5.647320
v -11.315469 1.157806 5.718126
v -11.313081 1.125358 5.766685
v -11.273200 1.153296 5.719807
v -11.292169 1.117729 5.789466
v -11.282854 1.110153 5.810236
v -11.272036 1.101831 5.801267
v -11.264950 1.075528 5.837716
v -11.267493 1.085585 5.848744
v -11.296776 1.107243 5.835695
v -11.309932 1.025983 5.901306
v -11.397127 1.031918 5.905079
v -11.311911 1.093309 5.861842
v -11.397110 1.097783 5.861996
v -11.310799 1.118509 5.815269
v -11.397106 1.125260 5.821908
v -11.397098 1.155460 5.785296
v -11.300317 1.146986 5.782656
v -11.313829 1.185998 5.742439
v -11.397085 1.190883 5.747101
v -11.291227 1.176885 5.730871
v -11.326114 1.211413 5.702663
v -11.397077 1.216060 5.707988
v -11.301411 1.198972 5.687773
v -11.339737 1.225337 5.668551
v -11.288471 1.186827 5.664581
v -11.313282 1.212778 5.639547
v -11.343501 1.225133 5.645287
v -11.350264 1.210386 5.635183
v -11.297764 1.195191 5.596530
v -11.366866 1.237068 5.614826
v -11.301626 1.167474 5.590475
v -11.301698 1.218265 5.593725
v -11.300891 1.200227 5.550437
v -11.298946 1.145249 5.566244
v -11.342210 1.248131 5.583186
v -11.353946 1.112583 5.548495
v -11.304561 1.179008 5.534806
v -11.303504 1.124765 5.526740
v -11.370010 1.071697 5.503710
v -11.359680 1.088922 5.489178
v -11.310594 1.158765 5.477566
v -11.383292 0.987087 5.440886
v -11.368948 1.056376 5.419148
v -11.315295 1.106427 5.475155
v -11.362876 1.074793 5.412048
v -11.362309 1.047049 5.344880
v -11.321415 1.091424 5.405764
v -11.335586 1.154844 5.404829
v -11.354055 1.068452 5.348294
v -11.331233 1.086161 5.345141
v -11.316717 1.066964 5.311391
v -11.328413 1.123179 5.327165
v -11.338325 1.171778 5.480902
v -11.373444 1.164744 5.409481
v -11.329807 1.198210 5.523884
v -11.334061 1.186039 5.473337
v -11.298463 1.215789 5.494174
v -11.293176 1.225761 5.540912
v -11.295985 1.252636 5.550368
v -11.294917 1.246866 5.504831
v -11.291971 1.238110 5.457061
v -11.289110 1.196443 5.465371
v -11.270606 1.220390 5.419524
v -11.286508 1.203834 5.407169
v -11.279006 1.248750 5.398524
v -11.366975 1.195940 5.397071
v -11.296692 1.223706 5.350472
v -11.371821 1.224774 5.326032
v -11.294536 1.251076 5.319459
v -11.285094 1.280539 5.335584
v -11.356442 1.257228 5.294948
v -11.375336 1.171178 5.293192
v -11.349960 1.211258 5.235398
v -11.345491 1.160496 5.300251
v -11.297690 1.158582 5.259132
v -11.302290 1.115898 5.296548
v -11.289782 1.109968 5.222282
v -11.295532 1.074133 5.217581
v -11.290356 1.143143 5.194862
v -11.340889 1.087352 5.158233
v -11.291610 1.193791 5.184819
v -11.285836 1.168488 5.142066
v -11.345018 1.235143 5.077693
v -11.369911 1.129079 5.101247
v -11.311590 1.220454 5.043121
v -11.299262 1.180458 5.026310
v -11.310006 1.210929 4.871278
v -11.342379 1.254182 5.252667
v -11.397192 1.290478 5.126514
v -11.397192 1.288454 5.259116
v -11.397211 1.274056 4.986565
v -11.397186 1.290124 5.307448
v -11.397227 1.235772 4.867215
v -11.397241 1.170942 4.682488
v -11.397151 1.307092 5.367593
v -11.262971 1.120010 4.681234
v -11.284170 1.294939 5.383068
v -11.397252 1.094905 4.524570
v -11.290727 1.293951 5.438428
v -11.397120 1.302030 5.448515
v -11.274512 1.262423 5.407970
v -11.283403 1.262562 5.454552
v -11.301231 1.273751 5.504819
v -11.397100 1.282086 5.517532
v -11.397096 1.263233 5.566038
v -11.397081 1.269611 5.586063
v -11.338157 1.256191 5.601747
v -11.360159 1.250886 5.615310
v -11.328891 1.275202 5.630536
v -11.397049 1.289607 5.617291
v -11.397028 1.291381 5.685416
v -11.329952 1.264284 5.640163
v -11.330940 1.277924 5.685212
v -11.397024 1.281754 5.722483
v -11.340606 1.255398 5.646869
v -11.326993 1.260668 5.690022
v -11.397057 1.249703 5.687805
v -11.397083 1.222471 5.684008
v -11.397049 1.237462 5.730331
v -11.325165 1.261192 5.720407
v -11.323151 1.244822 5.727219
v -11.332315 1.245410 5.754831
v -11.397044 1.232770 5.758501
v -11.397022 1.263445 5.773259
v -11.397042 1.219714 5.788300
v -11.397045 1.219244 5.777059
v -11.397028 1.232050 5.803470
v -11.316866 0.535656 5.855604
v -11.270004 0.514720 5.858367
v -11.335424 0.544370 5.889180
v -11.319215 0.517949 5.874385
v -11.328633 0.541608 5.909896
v -11.295221 0.530442 5.900747
v -11.302448 0.512542 5.930330
v -11.352768 0.996737 5.316360
v -11.376475 0.902422 5.366410
v -11.323182 1.000904 5.282573
v -11.363995 0.855602 5.471338
v -11.389620 0.948057 5.230151
v -11.294733 1.040801 5.199279
v -11.325254 0.971414 5.179092
v -11.320876 1.044481 5.095403
v -11.291463 1.018298 5.138397
v -11.348549 0.978338 5.081654
v -11.389620 0.953014 5.134605
v -11.389622 0.886598 5.365669
v -11.304963 1.018205 5.076763
v -11.323995 1.044118 5.033880
v -11.347551 1.043251 5.010975
v -11.374501 0.970266 4.955167
v -11.389622 0.953294 4.953930
v -11.389622 0.844554 5.468214
v -11.369239 0.945595 4.819771
v -11.389622 0.923624 4.815273
v -11.389620 0.800946 5.553817
v -11.338346 0.815060 5.557596
v -11.389622 0.883382 4.685770
v -11.349042 0.908714 4.688086
v -11.389622 0.820624 4.574901
v -11.355249 0.841654 4.570042
v -11.364842 0.998370 4.793514
v -11.389622 0.744753 4.490419
v -11.347667 0.760274 4.473331
v -11.389622 0.646484 4.411756
v -11.352891 0.659611 4.391264
v -11.326510 0.885317 4.518787
v -11.332055 0.702456 4.336548
v -11.367424 0.950441 4.646274
v -11.343452 0.817380 4.397182
v -11.366159 1.044874 4.570490
v -11.358790 1.106790 4.718659
v -11.364725 0.991466 4.459270
v -11.372295 1.148326 4.883441
v -11.371219 0.935263 4.393032
v -11.277379 1.058382 4.537256
v -11.268047 1.169905 4.863684
v -11.267588 0.994656 4.428375
v -11.397241 1.013397 4.388740
v -11.262133 0.928778 4.344775
v -11.397237 0.949374 4.312894
v -11.267055 0.876358 4.300415
v -11.397239 0.884815 4.267255
v -11.397258 0.846905 4.257484
v -11.397280 0.824875 4.276187
v -11.360323 0.884751 4.351682
v -11.255866 0.847479 4.325203
v -11.268920 0.794153 4.324388
v -11.397297 0.784910 4.275814
v -11.287997 0.723476 4.297782
v -11.397307 0.718282 4.257082
v -11.291612 0.650282 4.226360
v -11.397311 0.654478 4.199608
v -11.280383 0.596659 4.135240
v -11.350747 0.602408 4.245784
v -11.397286 0.605261 4.114207
v -11.304469 0.621002 4.090283
v -11.397284 0.636117 4.121882
v -11.253292 0.585332 4.067655
v -11.397270 0.658294 4.112543
v -11.318536 0.625522 4.057083
v -11.397219 0.626857 4.046639
v -11.355782 0.655714 4.078018
v -11.397239 0.658718 4.075319
v -11.385294 1.078925 5.057311
v -11.322036 1.070522 5.120166
v -11.340667 1.067978 5.054733
v -11.385456 1.149503 5.021448
v -11.367340 1.027924 4.921311
v -11.339737 1.225337 5.668551
v -11.397083 1.222471 5.684008
v -11.397077 1.216060 5.707988
v -11.339737 -0.603886 5.667297
v -11.397077 -0.594609 5.705803
v -11.397083 -0.601020 5.682379
vt 0.532700 0.704000
vt 0.525800 0.671300
vt 0.544000 0.686800
vt 0.514300 0.696800
vt 0.502600 0.666200
vt 0.520400 0.741200
vt 0.502600 0.693900
vt 0.537000 0.747000
vt 0.551700 0.751100
vt 0.537900 0.783400
vt 0.559800 0.706400
vt 0.502600 0.742400
vt 0.566800 0.688600
vt 0.513300 0.784200
vt 0.515000 0.835400
vt 0.484700 0.741200
vt 0.502600 0.786300
vt 0.491900 0.784200
vt 0.502600 0.831600
vt 0.490100 0.835400
vt 0.502600 0.845800
vt 0.467200 0.783400
vt 0.485600 0.856300
vt 0.466800 0.841600
vt 0.468100 0.747000
vt 0.490800 0.696800
vt 0.472500 0.704000
vt 0.453400 0.751100
vt 0.479300 0.671300
vt 0.461100 0.686800
vt 0.467300 0.247900
vt 0.445300 0.706400
vt 0.450400 0.797000
vt 0.430600 0.790600
vt 0.449800 0.247400
vt 0.412300 0.258400
vt 0.438300 0.688600
vt 0.420900 0.756000
vt 0.408500 0.726000
vt 0.401300 0.661400
vt 0.406200 0.246900
vt 0.404400 0.771900
vt 0.376200 0.289300
vt 0.422500 0.779800
vt 0.384600 0.749400
vt 0.367900 0.274900
vt 0.342700 0.317400
vt 0.384700 0.702900
vt 0.358500 0.659300
vt 0.333200 0.305200
vt 0.358400 0.697100
vt 0.317400 0.347800
vt 0.336800 0.665600
vt 0.353800 0.740800
vt 0.336000 0.702400
vt 0.295700 0.382500
vt 0.326500 0.677200
vt 0.310400 0.725300
vt 0.312800 0.657200
vt 0.314100 0.729800
vt 0.332200 0.764800
vt 0.287900 0.695600
vt 0.321100 0.648800
vt 0.296900 0.628900
vt 0.307600 0.779200
vt 0.269200 0.657700
vt 0.279400 0.741000
vt 0.299700 0.780200
vt 0.311900 0.820800
vt 0.225000 0.754400
vt 0.319000 0.810900
vt 0.337800 0.788000
vt 0.274400 0.787200
vt 0.341900 0.834400
vt 0.280100 0.823000
vt 0.250200 0.772800
vt 0.342600 0.823700
vt 0.351900 0.792200
vt 0.366400 0.815600
vt 0.361000 0.777000
vt 0.382000 0.786000
vt 0.370200 0.824000
vt 0.353800 0.750100
vt 0.374900 0.755900
vt 0.395100 0.793100
vt 0.410300 0.785900
vt 0.399400 0.817400
vt 0.415700 0.793600
vt 0.405500 0.804500
vt 0.415800 0.810000
vt 0.418500 0.825100
vt 0.406200 0.815900
vt 0.407600 0.831200
vt 0.435600 0.843000
vt 0.435000 0.861200
vt 0.423500 0.880500
vt 0.442200 0.864200
vt 0.388600 0.860000
vt 0.398600 0.901200
vt 0.460100 0.849600
vt 0.452500 0.861800
vt 0.460300 0.876600
vt 0.362900 0.904400
vt 0.381000 0.843000
vt 0.357100 0.877800
vt 0.323500 0.897000
vt 0.354000 0.860200
vt 0.325900 0.877500
vt 0.294300 0.883300
vt 0.328000 0.862600
vt 0.301800 0.869800
vt 0.277000 0.870000
vt 0.306800 0.853400
vt 0.268100 0.875400
vt 0.286200 0.860900
vt 0.293700 0.832300
vt 0.280200 0.848900
vt 0.260000 0.854300
vt 0.270400 0.849300
vt 0.250500 0.868400
vt 0.262300 0.830000
vt 0.269500 0.813400
vt 0.256700 0.837500
vt 0.246500 0.849500
vt 0.240500 0.854700
vt 0.250900 0.816200
vt 0.257900 0.798800
vt 0.242000 0.833100
vt 0.241000 0.799200
vt 0.240300 0.814100
vt 0.234600 0.841800
vt 0.228500 0.840800
vt 0.221700 0.842900
vt 0.221200 0.829800
vt 0.204500 0.836600
vt 0.228400 0.819400
vt 0.226800 0.811700
vt 0.213400 0.821600
vt 0.214600 0.795600
vt 0.187900 0.825000
vt 0.203500 0.801800
vt 0.211400 0.771600
vt 0.210800 0.752100
vt 0.199100 0.776400
vt 0.181700 0.802200
vt 0.198400 0.756200
vt 0.175900 0.773500
vt 0.165000 0.796300
vt 0.209200 0.737200
vt 0.194900 0.741400
vt 0.176100 0.742700
vt 0.160200 0.767100
vt 0.186100 0.725100
vt 0.192100 0.718800
vt 0.159200 0.737300
vt 0.177400 0.716600
vt 0.190000 0.681000
vt 0.168400 0.714200
vt 0.170100 0.704600
vt 0.164000 0.695500
vt 0.207800 0.650700
vt 0.150000 0.736600
vt 0.182700 0.671500
vt 0.247500 0.621800
vt 0.154000 0.676800
vt 0.199000 0.645700
vt 0.170000 0.659000
vt 0.218700 0.617200
vt 0.185200 0.637300
vt 0.210400 0.614700
vt 0.223800 0.589300
vt 0.214200 0.590300
vt 0.197000 0.609400
vt 0.166500 0.607900
vt 0.204300 0.586300
vt 0.156700 0.639300
vt 0.135500 0.665600
vt 0.213800 0.572100
vt 0.188100 0.577900
vt 0.136900 0.689700
vt 0.117300 0.673500
vt 0.141500 0.712700
vt 0.115300 0.693800
vt 0.113900 0.722500
vt 0.097300 0.695000
vt 0.125500 0.658600
vt 0.146800 0.636400
vt 0.112200 0.649800
vt 0.138100 0.635100
vt 0.156700 0.606000
vt 0.170600 0.567600
vt 0.143200 0.601000
vt 0.192400 0.563700
vt 0.161500 0.565100
vt 0.132900 0.571100
vt 0.174700 0.546800
vt 0.212200 0.539000
vt 0.141500 0.538100
vt 0.196400 0.538900
vt 0.181400 0.526800
vt 0.208800 0.514800
vt 0.156200 0.517800
vt 0.168000 0.507400
vt 0.126500 0.481800
vt 0.139200 0.470500
vt 0.194800 0.491800
vt 0.161700 0.467400
vt 0.137200 0.414000
vt 0.113600 0.542100
vt 0.089300 0.492600
vt 0.103500 0.447300
vt 0.087700 0.539800
vt 0.123000 0.410000
vt 0.111300 0.558800
vt 0.151800 0.352400
vt 0.084400 0.561700
vt 0.177800 0.356900
vt 0.087700 0.586700
vt 0.181200 0.300800
vt 0.060600 0.589200
vt 0.107800 0.581200
vt 0.120200 0.592200
vt 0.098400 0.611500
vt 0.124600 0.611400
vt 0.113300 0.616600
vt 0.124400 0.633500
vt 0.100200 0.635800
vt 0.089800 0.615600
vt 0.071600 0.604200
vt 0.062100 0.627700
vt 0.048500 0.629200
vt 0.082800 0.635000
vt 0.065100 0.657900
vt 0.045200 0.668900
vt 0.087300 0.656700
vt 0.075200 0.677500
vt 0.056300 0.692200
vt 0.098300 0.672400
vt 0.068400 0.699800
vt 0.048700 0.704500
vt 0.075300 0.716000
vt 0.058200 0.712100
vt 0.096100 0.719000
vt 0.064300 0.719800
vt 0.081500 0.730700
vt 0.038300 0.731300
vt 0.027600 0.723500
vt 0.013900 0.755000
vt 0.046300 0.735000
vt 0.026700 0.756200
vt 0.015400 0.773000
vt 0.054900 0.737900
vt 0.039300 0.758400
vt 0.032200 0.772400
vt 0.038000 0.788400
vt 0.042000 0.776100
vt 0.050900 0.777400
vt 0.055800 0.758700
vt 0.050900 0.789200
vt 0.021200 0.794800
vt 0.050300 0.804500
vt 0.055400 0.798300
vt 0.038300 0.809900
vt 0.077300 0.742600
vt 0.076500 0.748400
vt 0.078500 0.758600
vt 0.072600 0.759700
vt 0.088300 0.777700
vt 0.093600 0.732800
vt 0.093000 0.773700
vt 0.109300 0.792900
vt 0.092300 0.752800
vt 0.106000 0.743500
vt 0.126000 0.754500
vt 0.122200 0.758500
vt 0.103000 0.767000
vt 0.117300 0.784300
vt 0.150900 0.755700
vt 0.138900 0.771000
vt 0.150000 0.781500
vt 0.138100 0.784300
vt 0.149000 0.788600
vt 0.141500 0.792600
vt 0.160500 0.800200
vt 0.131700 0.799100
vt 0.125300 0.805300
vt 0.137700 0.821300
vt 0.139000 0.803200
vt 0.142600 0.816000
vt 0.170700 0.843500
vt 0.152500 0.804000
vt 0.176200 0.835200
vt 0.195600 0.841300
vt 0.183000 0.829500
vt 0.596600 0.726000
vt 0.584300 0.756000
vt 0.603800 0.661400
vt 0.574500 0.790600
vt 0.592800 0.258400
vt 0.600700 0.771900
vt 0.555300 0.247400
vt 0.537900 0.247900
vt 0.598900 0.246900
vt 0.502600 0.246700
vt 0.553700 0.227300
vt 0.517500 0.202600
vt 0.537000 0.203000
vt 0.502600 0.201700
vt 0.487600 0.202600
vt 0.517800 0.192300
vt 0.502600 0.189700
vt 0.487300 0.192300
vt 0.468100 0.203000
vt 0.451400 0.227300
vt 0.502600 0.179900
vt 0.478400 0.186600
vt 0.460600 0.184300
vt 0.480600 0.143900
vt 0.415500 0.182000
vt 0.526700 0.186600
vt 0.524600 0.143900
vt 0.544600 0.184300
vt 0.589700 0.182000
vt 0.547400 0.140000
vt 0.502600 0.124400
vt 0.550800 0.109500
vt 0.525800 0.100600
vt 0.582600 0.114000
vt 0.563800 0.070200
vt 0.543300 0.063700
vt 0.594000 0.093900
vt 0.602200 0.101900
vt 0.615000 0.099000
vt 0.517100 0.060900
vt 0.527800 0.043300
vt 0.502600 0.075300
vt 0.502600 0.045200
vt 0.502600 0.030900
vt 0.477300 0.043300
vt 0.488000 0.060900
vt 0.461800 0.063700
vt 0.479300 0.100600
vt 0.441300 0.070200
vt 0.454400 0.109500
vt 0.457700 0.140000
vt 0.422600 0.114000
vt 0.411100 0.093900
vt 0.403000 0.101900
vt 0.390100 0.099000
vt 0.394800 0.124300
vt 0.387000 0.166800
vt 0.374600 0.110500
vt 0.366800 0.094100
vt 0.375100 0.135000
vt 0.358300 0.117400
vt 0.353200 0.112100
vt 0.349000 0.138700
vt 0.358900 0.152400
vt 0.374400 0.157600
vt 0.360300 0.189600
vt 0.368200 0.204500
vt 0.340500 0.205900
vt 0.389200 0.224300
vt 0.340600 0.228600
vt 0.315900 0.207100
vt 0.351700 0.252100
vt 0.311800 0.234000
vt 0.296200 0.203200
vt 0.309900 0.277300
vt 0.288700 0.229400
vt 0.269400 0.220300
vt 0.279200 0.190000
vt 0.256700 0.189300
vt 0.229400 0.211500
vt 0.277000 0.262800
vt 0.248300 0.236300
vt 0.206200 0.246200
vt 0.260800 0.277100
vt 0.224800 0.270400
vt 0.288900 0.325500
vt 0.242800 0.300600
vt 0.202200 0.311500
vt 0.225200 0.336600
vt 0.306100 0.340300
vt 0.265400 0.366400
vt 0.281200 0.376900
vt 0.279500 0.420600
vt 0.202600 0.380500
vt 0.159300 0.412900
vt 0.304900 0.621800
vt 0.189100 0.428900
vt 0.249500 0.410100
vt 0.188300 0.467000
vt 0.239100 0.448000
vt 0.268200 0.417600
vt 0.213900 0.482000
vt 0.266000 0.461100
vt 0.258600 0.459000
vt 0.232700 0.473600
vt 0.290800 0.588500
vt 0.268700 0.513600
vt 0.255600 0.497800
vt 0.280400 0.593200
vt 0.268000 0.546000
vt 0.245000 0.576100
vt 0.240900 0.562600
vt 0.253600 0.529600
vt 0.225800 0.533900
vt 0.235600 0.516100
vt 0.237500 0.498000
vt 0.227500 0.500700
vt 0.218100 0.506200
vt 0.232400 0.483100
vt 0.222900 0.487200
vt 0.554700 0.797000
vt 0.538300 0.841600
vt 0.569500 0.843000
vt 0.519500 0.856300
vt 0.532200 0.860700
vt 0.502600 0.861200
vt 0.545000 0.849600
vt 0.518400 0.867800
vt 0.534600 0.870200
vt 0.502600 0.875800
vt 0.544900 0.876600
vt 0.552700 0.861800
vt 0.562900 0.864200
vt 0.535200 0.893500
vt 0.570100 0.861200
vt 0.520300 0.877300
vt 0.502600 0.899500
vt 0.484800 0.877300
vt 0.469900 0.893500
vt 0.486700 0.867800
vt 0.470500 0.870200
vt 0.472900 0.860700
vt 0.678700 0.677200
vt 0.669100 0.702400
vt 0.668300 0.665600
vt 0.694700 0.725300
vt 0.646800 0.697100
vt 0.717300 0.695600
vt 0.651300 0.740800
vt 0.691000 0.729800
vt 0.620400 0.702900
vt 0.697500 0.779200
vt 0.646600 0.659300
vt 0.672900 0.764800
vt 0.705400 0.780200
vt 0.620500 0.749400
vt 0.630200 0.755900
vt 0.651300 0.750100
vt 0.623100 0.786000
vt 0.644100 0.777000
vt 0.610000 0.793100
vt 0.667300 0.788000
vt 0.653200 0.792200
vt 0.638700 0.815600
vt 0.686100 0.810900
vt 0.662500 0.823700
vt 0.693200 0.820800
vt 0.634900 0.824000
vt 0.663200 0.834400
vt 0.651100 0.860200
vt 0.605700 0.817400
vt 0.624100 0.843000
vt 0.616500 0.860000
vt 0.677100 0.862600
vt 0.698400 0.853400
vt 0.711400 0.832300
vt 0.725000 0.823000
vt 0.718900 0.860900
vt 0.703300 0.869800
vt 0.679200 0.877500
vt 0.648000 0.877800
vt 0.710800 0.883300
vt 0.681600 0.897000
vt 0.642200 0.904400
vt 0.606500 0.901200
vt 0.581700 0.880500
vt 0.728100 0.870000
vt 0.737000 0.875400
vt 0.597500 0.831200
vt 0.745100 0.854300
vt 0.754600 0.868400
vt 0.724900 0.848900
vt 0.734700 0.849300
vt 0.742800 0.830000
vt 0.758600 0.849500
vt 0.764600 0.854700
vt 0.748400 0.837500
vt 0.754200 0.816200
vt 0.735600 0.813400
vt 0.730700 0.787200
vt 0.747300 0.798800
vt 0.725800 0.741000
vt 0.754900 0.772800
vt 0.764100 0.799200
vt 0.780100 0.754400
vt 0.790500 0.795600
vt 0.764900 0.814100
vt 0.778300 0.811700
vt 0.763100 0.833100
vt 0.776700 0.819400
vt 0.770500 0.841800
vt 0.776600 0.840800
vt 0.783500 0.842900
vt 0.783900 0.829800
vt 0.800700 0.836600
vt 0.791700 0.821600
vt 0.817300 0.825000
vt 0.801600 0.801800
vt 0.806000 0.776400
vt 0.823400 0.802200
vt 0.822100 0.829500
vt 0.809500 0.841300
vt 0.840100 0.796300
vt 0.793800 0.771600
vt 0.829200 0.773500
vt 0.806700 0.756200
vt 0.794300 0.752100
vt 0.796000 0.737200
vt 0.829100 0.742700
vt 0.810300 0.741400
vt 0.844900 0.767100
vt 0.819000 0.725100
vt 0.813000 0.718800
vt 0.845900 0.737300
vt 0.827700 0.716600
vt 0.836800 0.714200
vt 0.815100 0.681000
vt 0.835000 0.704600
vt 0.841100 0.695500
vt 0.735900 0.657700
vt 0.855100 0.736600
vt 0.854300 0.755700
vt 0.855200 0.781500
vt 0.863600 0.712700
vt 0.891300 0.722500
vt 0.879100 0.754500
vt 0.866200 0.771000
vt 0.882900 0.758500
vt 0.867000 0.784300
vt 0.863700 0.792600
vt 0.856100 0.788600
vt 0.844600 0.800200
vt 0.852600 0.804000
vt 0.866100 0.803200
vt 0.828900 0.835200
vt 0.834400 0.843500
vt 0.862500 0.816000
vt 0.867400 0.821300
vt 0.873400 0.799100
vt 0.879900 0.805300
vt 0.895800 0.792900
vt 0.887800 0.784300
vt 0.912200 0.773700
vt 0.916800 0.777700
vt 0.902100 0.767000
vt 0.926600 0.758600
vt 0.932500 0.759700
vt 0.912800 0.752800
vt 0.927800 0.742600
vt 0.899100 0.743500
vt 0.911500 0.732800
vt 0.923600 0.730700
vt 0.909000 0.719000
vt 0.889900 0.693800
vt 0.929800 0.716000
vt 0.868200 0.689700
vt 0.907800 0.695000
vt 0.887800 0.673500
vt 0.851200 0.676800
vt 0.936700 0.699800
vt 0.822500 0.671500
vt 0.869600 0.665600
vt 0.835100 0.659000
vt 0.797300 0.650700
vt 0.806200 0.645700
vt 0.848400 0.639300
vt 0.757600 0.621800
vt 0.786400 0.617200
vt 0.819900 0.637300
vt 0.794800 0.614700
vt 0.781300 0.589300
vt 0.808100 0.609400
vt 0.838600 0.607900
vt 0.790900 0.590300
vt 0.800900 0.586300
vt 0.791300 0.572100
vt 0.817000 0.577900
vt 0.858300 0.636400
vt 0.848500 0.606000
vt 0.879600 0.658600
vt 0.867000 0.635100
vt 0.892900 0.649800
vt 0.906800 0.672400
vt 0.929900 0.677500
vt 0.917800 0.656700
vt 0.904900 0.635800
vt 0.880700 0.633500
vt 0.891800 0.616600
vt 0.880600 0.611400
vt 0.906700 0.611500
vt 0.861900 0.601000
vt 0.884900 0.592200
vt 0.872200 0.571100
vt 0.897300 0.581200
vt 0.917500 0.586700
vt 0.893800 0.558800
vt 0.843600 0.565100
vt 0.863600 0.538100
vt 0.834500 0.567600
vt 0.830500 0.546800
vt 0.812700 0.563700
vt 0.808700 0.538900
vt 0.792900 0.539000
vt 0.823800 0.526800
vt 0.796300 0.514800
vt 0.848900 0.517800
vt 0.837100 0.507400
vt 0.878700 0.481800
vt 0.810300 0.491800
vt 0.866000 0.470500
vt 0.843500 0.467400
vt 0.867900 0.414000
vt 0.891500 0.542100
vt 0.915900 0.492600
vt 0.917400 0.539800
vt 0.901600 0.447300
vt 0.920700 0.561700
vt 0.882200 0.410000
vt 0.853300 0.352400
vt 0.944500 0.589200
vt 0.827300 0.356900
vt 0.933500 0.604200
vt 0.823900 0.300800
vt 0.943000 0.627700
vt 0.956600 0.629200
vt 0.915300 0.615600
vt 0.922300 0.635000
vt 0.940000 0.657900
vt 0.959900 0.668900
vt 0.948900 0.692200
vt 0.956400 0.704500
vt 0.946900 0.712100
vt 0.940800 0.719800
vt 0.966900 0.731300
vt 0.977500 0.723500
vt 0.991200 0.755000
vt 0.958800 0.735000
vt 0.978500 0.756200
vt 0.989700 0.773000
vt 0.950200 0.737900
vt 0.965800 0.758400
vt 0.949300 0.758700
vt 0.928600 0.748400
vt 0.954200 0.777400
vt 0.972900 0.772400
vt 0.963100 0.776100
vt 0.967100 0.788400
vt 0.954200 0.789200
vt 0.983900 0.794800
vt 0.954800 0.804500
vt 0.949700 0.798300
vt 0.966800 0.809900
vt 0.594800 0.785900
vt 0.582700 0.779800
vt 0.599600 0.804500
vt 0.589400 0.793600
vt 0.598900 0.815900
vt 0.589300 0.810000
vt 0.586600 0.825100
vt 0.760100 0.576100
vt 0.724700 0.593200
vt 0.764200 0.562600
vt 0.708300 0.628900
vt 0.737100 0.546000
vt 0.779300 0.533900
vt 0.751500 0.529600
vt 0.777600 0.500700
vt 0.769600 0.516100
vt 0.749500 0.497800
vt 0.736400 0.513600
vt 0.714300 0.588500
vt 0.767600 0.498000
vt 0.772700 0.483100
vt 0.772400 0.473600
vt 0.746500 0.459000
vt 0.739100 0.461100
vt 0.700200 0.621800
vt 0.736900 0.417600
vt 0.725600 0.420600
vt 0.684000 0.648800
vt 0.692300 0.657200
vt 0.709400 0.382500
vt 0.724000 0.376900
vt 0.687700 0.347800
vt 0.699000 0.340300
vt 0.755600 0.410100
vt 0.662400 0.317400
vt 0.671900 0.305200
vt 0.628900 0.289300
vt 0.637200 0.274900
vt 0.716200 0.325500
vt 0.653500 0.252100
vt 0.739700 0.366400
vt 0.695200 0.277300
vt 0.779900 0.336600
vt 0.802500 0.380500
vt 0.762300 0.300600
vt 0.816100 0.428900
vt 0.744300 0.277100
vt 0.802900 0.311500
vt 0.845900 0.412900
vt 0.780300 0.270400
vt 0.798900 0.246200
vt 0.756800 0.236300
vt 0.775700 0.211500
vt 0.735700 0.220300
vt 0.748400 0.189300
vt 0.725900 0.190000
vt 0.708900 0.203200
vt 0.728100 0.262800
vt 0.716400 0.229400
vt 0.693300 0.234000
vt 0.689300 0.207100
vt 0.664500 0.228600
vt 0.664600 0.205900
vt 0.636900 0.204500
vt 0.644900 0.189600
vt 0.618100 0.166800
vt 0.615900 0.224300
vt 0.630700 0.157600
vt 0.630000 0.135000
vt 0.646200 0.152400
vt 0.610300 0.124300
vt 0.656100 0.138700
vt 0.630600 0.110500
vt 0.638300 0.094100
vt 0.646800 0.117400
vt 0.652000 0.112100
vt 0.791200 0.482000
vt 0.787000 0.506200
vt 0.782200 0.487200
vt 0.816800 0.467000
vt 0.766000 0.448000
vt 0.927800 0.742600
vt 0.928600 0.748400
vt 0.932500 0.759700
vt 0.077300 0.742600
vt 0.072600 0.759700
vt 0.076500 0.748400
vn 0.681111 0.357606 -0.638910
vn 0.937619 0.119702 -0.326407
vn 0.808406 0.191501 -0.556604
vn 0.706296 0.137699 -0.694396
vn 0.934408 -0.001000 -0.356203
vn 0.769018 0.491911 -0.408209
vn 0.705002 -0.002400 -0.709202
vn 0.666680 0.680980 -0.302991
vn 0.934704 -0.009500 -0.355301
vn 0.812878 0.569385 0.122597
vn 0.672220 -0.287808 -0.682120
vn 0.904966 -0.000400 -0.425484
vn 0.819689 -0.284096 -0.497393
vn 0.894220 0.363008 0.261906
vn 0.978705 0.114901 0.170101
vn 0.768614 -0.492709 -0.408008
vn 0.933299 0.000000 0.359100
vn 0.894296 -0.362899 0.261799
vn 0.905290 0.000000 0.424795
vn 0.978716 -0.114802 0.170103
vn 0.771514 0.000000 -0.636212
vn 0.812935 -0.569324 0.122505
vn 0.503191 -0.012600 -0.864084
vn 0.936961 -0.347786 -0.033899
vn 0.666307 -0.681207 -0.303303
vn 0.705561 -0.141092 -0.694462
vn 0.680477 -0.358688 -0.638979
vn 0.934484 0.008900 -0.355894
vn 0.937391 -0.120699 -0.326697
vn 0.808321 -0.192405 -0.556415
vn 0.846654 -0.019899 0.531771
vn 0.672195 0.286498 -0.682695
vn 0.957155 -0.033898 0.287586
vn 0.921708 0.239002 0.305503
vn 0.881542 0.130991 0.453570
vn 0.818827 0.278209 0.502117
vn 0.819694 0.283198 -0.497896
vn 0.997069 0.001400 0.076498
vn 0.970210 0.224402 -0.091301
vn 0.858195 0.214199 -0.466497
vn 0.854194 0.270098 0.444297
vn 0.776314 -0.542310 0.321306
vn 0.883156 0.300819 0.359923
vn 0.705380 -0.447287 0.549884
vn 0.991996 0.039000 0.120099
vn 0.792809 0.394104 0.464905
vn 0.853374 0.357089 0.379789
vn 0.890626 0.274408 -0.362610
vn 0.783898 0.027100 -0.620298
vn 0.836289 0.385895 0.389495
vn 0.890176 0.029099 -0.454688
vn 0.850606 0.413803 0.324402
vn 0.716509 0.272603 -0.642108
vn 0.996078 0.077098 0.043399
vn 0.879791 -0.239197 -0.410796
vn 0.846072 0.484784 0.221693
vn 0.625800 0.048100 -0.778499
vn 0.516580 -0.841367 -0.158894
vn 0.844372 0.330989 -0.421286
vn 0.905697 -0.419499 0.061100
vn 0.995744 0.091404 -0.011801
vn 0.885952 -0.428677 -0.176990
vn 0.787416 0.522910 -0.326407
vn 0.878561 0.389183 -0.276888
vn 0.758867 -0.488679 0.430481
vn 0.984990 -0.167498 -0.041700
vn 0.824030 -0.538120 0.177206
vn 0.555515 -0.725420 0.406411
vn 0.720979 -0.454387 0.523185
vn 0.915910 0.277503 -0.290003
vn 0.654790 -0.452093 0.605691
vn 0.967815 -0.219104 -0.123802
vn 0.928993 -0.370097 0.000600
vn 0.687393 -0.076999 0.722193
vn 0.723720 -0.030501 -0.689419
vn 0.987369 0.117396 -0.106397
vn 0.648609 -0.139602 0.748210
vn 0.997295 -0.001200 -0.073500
vn 0.673394 0.448896 0.587395
vn 0.986060 -0.030899 -0.163493
vn 0.714610 0.699410 -0.012600
vn 0.609405 0.444404 0.656605
vn 0.851505 -0.163201 -0.498303
vn 0.821230 0.288110 -0.492518
vn 0.910126 0.342810 0.232707
vn 0.675996 -0.593496 0.436797
vn 0.930094 -0.317798 -0.184199
vn 0.685697 -0.724197 0.073200
vn 0.861631 -0.504718 0.053402
vn 0.744114 -0.667212 -0.033501
vn 0.842068 0.054798 0.536580
vn 0.607297 -0.711597 -0.353298
vn 0.975342 -0.065003 -0.210909
vn 0.642103 -0.145401 0.752703
vn 0.564592 -0.099199 0.819388
vn 0.601898 0.366899 0.709298
vn 0.422916 -0.345713 0.837631
vn 0.986266 -0.068498 0.150295
vn 0.535727 0.174609 0.826141
vn 0.669923 -0.651723 0.355612
vn 0.343703 -0.429104 0.835307
vn 0.177097 -0.756889 0.629091
vn 0.401904 -0.051901 0.914210
vn 0.954145 -0.139007 -0.265112
vn 0.990736 0.007300 0.135605
vn 0.269206 -0.260006 0.927321
vn 0.851611 0.127202 -0.508506
vn 0.997936 -0.062002 0.016701
vn 0.196795 -0.307192 0.931077
vn 0.832104 0.137901 -0.537203
vn 0.924778 0.296893 0.237994
vn 0.545108 -0.322605 0.773811
vn 0.750711 0.161802 -0.640510
vn 0.179104 -0.304807 0.935422
vn 0.965538 0.175807 -0.191908
vn 0.885392 -0.068999 -0.459696
vn 0.557523 0.315113 -0.768031
vn 0.930561 -0.006200 0.366085
vn 0.791311 0.319804 -0.521107
vn 0.197398 -0.257898 0.945792
vn 0.112104 0.598120 -0.793527
vn 0.363286 0.466682 -0.806369
vn 0.859116 0.259505 -0.441108
vn 0.625485 -0.264094 0.734182
vn 0.148999 -0.253498 0.955792
vn 0.190798 0.146799 -0.970591
vn 0.639802 0.223901 -0.735202
vn 0.882614 -0.454707 -0.119302
vn 0.552398 0.260299 -0.791897
vn 0.239196 -0.445793 -0.862586
vn 0.621426 -0.173007 0.764132
vn 0.534718 -0.152105 0.831228
vn 0.171106 -0.303212 0.937436
vn 0.926435 0.311012 0.212108
vn 0.242694 -0.015700 0.969976
vn 0.354602 -0.325302 -0.876605
vn 0.248396 0.098999 -0.963586
vn 0.892312 0.413805 -0.180402
vn 0.307712 0.738028 -0.600523
vn 0.859418 0.196004 0.472210
vn 0.723519 0.586716 -0.363710
vn 0.256912 0.835040 -0.486523
vn 0.231806 0.901724 -0.364910
vn 0.415611 0.824921 -0.383110
vn 0.991928 0.045901 0.118203
vn 0.295104 0.851512 -0.433406
vn 0.890739 0.385917 -0.240110
vn 0.921676 0.299592 -0.246493
vn 0.793987 0.543091 -0.273196
vn 0.224993 0.773375 -0.592681
vn 0.601583 0.458987 -0.653781
vn 0.946613 -0.243203 -0.211603
vn 0.235694 0.689582 -0.684782
vn 0.801346 0.499129 -0.329719
vn 0.670299 -0.280100 -0.687199
vn -0.389902 -0.025400 -0.920506
vn 0.927209 0.334903 0.167702
vn 0.687482 0.443188 -0.575285
vn 0.698975 0.712375 -0.062898
vn 0.659685 0.690885 0.295793
vn 0.957199 0.283100 0.060200
vn 0.761192 -0.385796 -0.521295
vn 0.612429 0.734535 0.292214
vn 0.997559 0.044398 0.053898
vn 0.864185 0.427493 0.265395
vn 0.698622 0.698522 0.154905
vn 0.833913 0.539308 0.117202
vn 0.967873 0.240793 0.072398
vn 0.823286 0.567491 -0.012400
vn 0.753861 0.645666 0.121694
vn 0.882877 0.230594 0.409089
vn 0.732799 0.585199 0.347200
vn 0.878389 0.476894 0.031700
vn 0.718888 -0.685089 -0.117698
vn 0.891240 0.410319 0.193209
vn 0.851567 -0.416184 -0.318787
vn 0.920305 -0.257501 -0.294502
vn 0.860946 0.230212 0.453624
vn 0.935318 -0.277405 0.219604
vn 0.861523 0.324709 0.390310
vn 0.964313 0.211703 -0.159002
vn 0.915006 0.361902 0.178301
vn 0.919469 -0.017199 0.392787
vn 0.911532 0.358812 -0.200907
vn 0.780094 -0.384597 0.493496
vn 0.866710 0.255003 -0.428705
vn 0.808212 -0.442206 -0.388906
vn 0.871940 0.465222 0.152607
vn 0.680634 0.728937 -0.073404
vn 0.841702 -0.473001 -0.260401
vn 0.501021 -0.830235 0.244310
vn 0.661310 0.681411 -0.313605
vn 0.889403 -0.130500 0.438101
vn 0.817643 -0.499426 0.286415
vn 0.799200 0.562700 -0.211300
vn 0.809811 -0.439006 0.389205
vn 0.986838 0.040702 -0.156506
vn 0.895115 -0.302505 0.327505
vn 0.985188 0.119998 -0.122498
vn 0.962801 0.211400 -0.168300
vn 0.873207 -0.205502 -0.441904
vn 0.814319 -0.558213 0.159004
vn 0.945398 0.285500 -0.157200
vn 0.597420 -0.801927 0.001800
vn 0.712814 -0.700814 -0.027501
vn 0.814806 0.449103 -0.366603
vn 0.914448 0.398621 -0.069904
vn 0.529313 -0.834221 -0.154604
vn 0.929232 -0.337412 0.150605
vn 0.663188 -0.745087 -0.070899
vn 0.560425 -0.824937 -0.073503
vn 0.562289 -0.826584 0.024300
vn 0.272004 -0.913214 -0.303405
vn 0.866667 -0.274189 -0.416784
vn 0.315508 -0.872322 -0.373509
vn 0.377906 -0.873813 -0.306004
vn 0.995017 0.041401 -0.090702
vn 0.730310 -0.494106 -0.471706
vn 0.297981 -0.838846 -0.455571
vn 0.121396 -0.984967 -0.122896
vn 0.638626 0.253310 -0.726630
vn 0.588982 0.695779 -0.411087
vn 0.977611 0.168602 -0.125901
vn 0.567901 0.767102 -0.298401
vn 0.990821 0.118802 -0.064501
vn 0.711576 0.641279 0.287090
vn 0.970667 0.068398 0.230492
vn 0.998287 0.020500 0.054799
vn 0.639494 -0.763993 -0.085799
vn 0.584195 -0.787393 0.196798
vn 0.098098 -0.978579 0.180996
vn 0.978542 -0.028901 0.204009
vn 0.601502 -0.734103 0.315101
vn 0.133396 -0.935075 0.328391
vn 0.997074 -0.042999 0.063198
vn 0.733923 -0.594119 0.329210
vn 0.241604 -0.965918 0.092902
vn 0.993981 0.102898 0.037599
vn 0.442695 -0.828891 0.341996
vn 0.314003 -0.846107 -0.430704
vn 0.983800 -0.150500 0.097400
vn 0.907883 0.157797 -0.388393
vn 0.839900 -0.486200 -0.241200
vn 0.766910 0.641108 -0.028800
vn 0.782390 -0.339996 -0.521793
vn 0.801078 -0.542185 -0.253593
vn 0.252991 -0.917069 -0.308189
vn 0.202000 -0.973301 0.109000
vn 0.872294 0.484397 -0.066800
vn 0.665977 -0.740475 0.090397
vn 0.261400 -0.906300 0.332100
vn 0.786318 0.613314 -0.074502
vn 0.854380 0.494888 -0.158496
vn 0.771502 -0.582801 0.255201
vn 0.729202 0.191001 0.657102
vn 0.794680 0.606985 -0.007300
vn 0.146994 0.965557 -0.214691
vn 0.367416 0.811036 0.455220
vn 0.231602 0.928109 -0.291503
vn 0.490208 -0.613009 0.619610
vn 0.938371 0.245992 0.242792
vn 1.000000 0.000600 -0.000300
vn 1.000000 0.000600 -0.000300
vn 0.738558 -0.623865 0.255586
vn 0.170902 -0.618208 0.767210
vn 0.326999 -0.880698 0.342699
vn 0.070499 -0.900982 0.428091
vn 0.083397 -0.786468 0.611975
vn 0.571501 -0.380600 -0.727001
vn 0.305794 -0.792285 0.527990
vn 0.088304 -0.741935 0.664631
vn 0.652216 -0.741019 0.159704
vn 0.850234 0.171107 -0.497820
vn 0.586900 0.485300 -0.648100
vn 0.894746 0.367019 -0.254413
vn 0.687717 -0.649516 0.324308
vn 0.524176 -0.599373 0.604972
vn 0.798196 -0.564497 -0.210299
vn 0.929142 0.053602 -0.365817
vn 0.810846 -0.580433 -0.075004
vn 0.889948 -0.454224 -0.040902
vn 0.898458 -0.194191 -0.393781
vn 0.556694 -0.820292 0.131199
vn 0.954549 0.224988 -0.195490
vn 0.236301 -0.833103 0.500102
vn 0.105193 -0.799147 0.591861
vn 0.050102 -0.733328 0.678026
vn 0.257808 -0.871427 0.417313
vn 0.161906 -0.709625 0.685725
vn 0.050201 -0.397305 0.916312
vn 0.778801 -0.459500 0.427000
vn 0.219199 -0.241599 0.945295
vn 0.187891 0.142793 0.971755
vn 0.617218 0.219607 0.755523
vn 0.970228 -0.224406 -0.091103
vn 0.997092 -0.001200 0.076199
vn 0.858146 -0.214887 -0.466271
vn 0.922249 -0.238087 0.304583
vn 0.818841 -0.279414 0.501425
vn 0.776213 0.542809 0.320705
vn 0.881399 -0.131500 0.453700
vn 0.846654 0.019899 0.531771
vn 0.854278 -0.270993 0.443589
vn 0.762768 0.000000 0.646673
vn 0.701593 0.165498 0.693093
vn 0.833968 0.316988 0.451682
vn 0.629393 0.604994 0.487695
vn 0.943250 0.000000 0.332083
vn 0.833968 -0.316988 0.451682
vn 0.863996 0.251999 -0.435898
vn 0.827889 0.000000 -0.560892
vn 0.863996 -0.251999 -0.435898
vn 0.629393 -0.604994 0.487695
vn 0.701419 -0.165705 0.693219
vn 0.995638 0.000000 -0.093304
vn 0.972665 -0.182493 0.143595
vn 0.763690 -0.439594 0.472794
vn 0.923826 0.380611 0.041001
vn 0.893175 0.019499 0.449287
vn 0.972665 0.182493 0.143595
vn 0.923826 -0.380611 0.041001
vn 0.763690 0.439594 0.472794
vn 0.893213 -0.019600 0.449207
vn 0.938057 0.283287 0.199491
vn 0.969723 0.000000 -0.244206
vn 0.782615 0.149803 -0.604212
vn 0.744213 -0.139503 -0.653212
vn 0.720082 0.411389 -0.558786
vn 0.257301 0.182701 -0.948903
vn 0.289798 0.418597 -0.860694
vn 0.233001 0.392602 -0.889705
vn 0.201094 0.380689 -0.902573
vn 0.177999 0.298098 -0.937792
vn 0.535025 0.359917 -0.764335
vn 0.195900 0.459699 -0.866199
vn 0.817226 0.000000 -0.576318
vn 0.285402 0.000000 -0.958408
vn 0.112802 0.000000 -0.993618
vn 0.195900 -0.459699 -0.866199
vn 0.535025 -0.359917 -0.764335
vn 0.289798 -0.418597 -0.860694
vn 0.744213 0.139503 -0.653212
vn 0.257301 -0.182701 -0.948903
vn 0.782615 -0.149803 -0.604212
vn 0.938057 -0.283287 0.199491
vn 0.720082 -0.411389 -0.558786
vn 0.233001 -0.392602 -0.889705
vn 0.201094 -0.380689 -0.902573
vn 0.177999 -0.298098 -0.937792
vn 0.950768 -0.212693 -0.225392
vn 0.906829 -0.221007 0.358911
vn 0.412189 -0.609084 -0.677582
vn 0.119004 -0.499619 -0.858032
vn 0.436395 -0.868090 0.236597
vn 0.322785 -0.928357 -0.184291
vn 0.092299 -0.908889 -0.406695
vn 0.318388 -0.747272 0.583278
vn 0.334600 -0.094600 0.937600
vn 0.361597 -0.774593 0.518896
vn 0.181304 -0.775219 -0.605115
vn 0.982673 -0.145596 -0.114697
vn 0.272993 -0.496188 -0.824180
vn 0.923211 0.310304 0.226703
vn 0.973749 0.088795 -0.209589
vn 0.340697 -0.139999 -0.929691
vn 0.874255 0.300885 0.380981
vn 0.966912 0.218003 -0.132502
vn 0.376009 0.310007 -0.873220
vn 0.953735 -0.094503 0.285410
vn 0.989540 -0.142606 0.021801
vn 0.873698 -0.149900 -0.462799
vn 0.351704 0.242302 -0.904209
vn 0.249903 -0.400605 -0.881512
vn 0.254806 -0.657116 -0.709417
vn 0.762925 -0.042001 0.645121
vn 0.997208 -0.071801 -0.020500
vn 0.272604 -0.779113 -0.564509
vn 0.870594 0.347198 0.348598
vn 0.996559 -0.044398 0.069997
vn 0.997038 -0.013601 0.075703
vn 0.839793 0.455896 0.294798
vn 0.998792 0.001900 -0.049100
vn 0.820667 0.500280 0.276089
vn 0.784698 0.450399 0.425899
vn 0.992893 -0.117699 0.017600
vn 0.946411 0.299603 0.120601
vn 0.909509 0.394304 0.131601
vn 0.754014 0.620812 0.214604
vn 0.976368 0.182094 0.116396
vn 0.831002 0.505901 -0.231301
vn 0.775934 0.613827 0.145406
vn 0.998813 0.001200 0.048701
vn 0.845992 0.529095 -0.065999
vn 0.999429 0.004500 -0.033501
vn 0.908173 0.386688 0.160295
vn 0.856974 -0.510584 -0.069998
vn 0.924405 0.378702 0.045400
vn 0.891694 0.452397 -0.014800
vn 0.937235 -0.151406 -0.314112
vn 0.928428 0.332110 -0.166505
vn 0.829337 0.555925 -0.056103
vn 0.613302 0.764003 -0.200401
vn 0.922945 0.355679 -0.147191
vn 0.871781 0.488989 0.029799
vn 0.881536 0.369315 0.294112
vn 0.769675 0.547983 0.327590
vn 0.641216 0.767019 0.022901
vn 0.999506 0.001000 -0.031400
vn 0.988295 0.081600 -0.128899
vn 0.927599 0.177900 -0.328500
vn 0.865619 -0.481310 -0.138003
vn 0.924514 -0.321705 0.204403
vn 0.818300 -0.185900 -0.543900
vn 0.486607 -0.831012 -0.269504
vn 0.957197 0.034300 0.287399
vn 0.936946 0.347817 -0.034002
vn 0.642321 0.146905 0.752225
vn 0.503191 0.012600 -0.864084
vn 0.644702 0.366401 -0.670902
vn 0.283915 0.000000 -0.958850
vn 0.669923 0.651723 0.355612
vn 0.636308 0.359005 -0.682809
vn 0.536182 0.793273 0.288490
vn 0.993920 0.000000 0.110102
vn 0.177097 0.756889 0.629091
vn 0.343703 0.429104 0.835307
vn 0.422916 0.345713 0.837631
vn 0.211705 0.442110 0.871619
vn 0.565089 0.099698 0.818984
vn 0.723596 0.424698 0.544097
vn 0.268495 0.000000 0.963281
vn 0.723596 -0.424698 0.544097
vn 0.211705 -0.442110 0.871619
vn 0.636308 -0.359005 -0.682809
vn 0.536182 -0.793273 0.288490
vn 0.644702 -0.366401 -0.670902
vn 0.624210 -0.049101 -0.779712
vn 0.879628 0.238908 -0.411313
vn 0.716632 -0.270812 -0.642728
vn 0.516887 0.841178 -0.158896
vn 0.890093 -0.029900 -0.454797
vn 0.886605 0.427402 -0.176801
vn 0.996069 -0.076998 0.043799
vn 0.905647 0.419622 0.061003
vn 0.890685 -0.274895 -0.362094
vn 0.759027 0.489017 0.429815
vn 0.783925 -0.028101 -0.620220
vn 0.995744 -0.091404 -0.011801
vn 0.555384 0.725980 0.405589
vn 0.992047 -0.038602 0.119806
vn 0.821292 -0.288997 -0.491895
vn 0.851643 0.162408 -0.498325
vn 0.714611 -0.699411 -0.012500
vn 0.986102 0.030600 -0.163300
vn 0.910254 -0.342483 0.232688
vn 0.967843 0.218987 -0.123793
vn 0.997302 0.001000 -0.073400
vn 0.673272 -0.448581 0.587775
vn 0.654791 0.453294 0.604792
vn 0.648618 0.141104 0.747920
vn 0.720814 0.455309 0.522610
vn 0.610307 -0.443605 0.656308
vn 0.687724 0.078403 0.721726
vn 0.851425 -0.128404 -0.508515
vn 0.930223 0.317708 -0.183705
vn 0.954022 0.139103 -0.265506
vn 0.986315 0.068201 0.150102
vn 0.832088 -0.139198 -0.536892
vn 0.751075 -0.163395 -0.639679
vn 0.885365 0.068097 -0.459882
vn 0.723896 0.029100 -0.689296
vn 0.965468 -0.176094 -0.191994
vn 0.925015 -0.295905 0.238304
vn 0.997940 0.062002 0.016501
vn 0.990712 -0.006900 0.135802
vn 0.197295 0.309292 0.930276
vn 0.269808 0.262207 0.926526
vn 0.403088 0.053898 0.913573
vn 0.537127 -0.173609 0.825442
vn 0.603072 -0.366383 0.708567
vn 0.545304 0.324202 0.773005
vn 0.179505 0.306708 0.934724
vn 0.975234 0.065002 -0.211407
vn 0.930589 0.007100 0.365996
vn 0.197904 0.259605 0.945219
vn 0.557284 -0.316391 -0.767679
vn 0.791178 -0.320491 -0.520886
vn 0.112099 -0.599493 -0.792491
vn 0.625729 0.265312 0.733534
vn 0.149400 0.255101 0.955303
vn 0.859111 -0.260203 -0.440706
vn 0.191000 -0.147800 -0.970399
vn 0.363382 -0.468176 -0.805459
vn 0.928993 0.370097 0.000500
vn 0.639799 -0.224900 -0.734899
vn 0.823909 0.538406 0.176902
vn 0.987285 -0.118098 -0.106398
vn 0.552300 -0.260800 -0.791800
vn 0.917301 -0.273400 -0.289500
vn 0.308196 -0.738989 -0.599091
vn 0.239312 0.445622 -0.862642
vn 0.248504 -0.099402 -0.963517
vn 0.882696 0.454498 -0.119499
vn 0.355006 0.325105 -0.876514
vn 0.621993 0.173798 0.763491
vn 0.535179 0.152994 0.830768
vn 0.171502 0.304604 0.936912
vn 0.926525 -0.310608 0.212306
vn 0.243303 0.016500 0.969810
vn 0.892233 -0.414016 -0.180307
vn 0.859384 -0.197396 0.471692
vn 0.723491 -0.587193 -0.362995
vn 0.417822 -0.822443 -0.386020
vn 0.992144 -0.059203 0.110205
vn 0.615914 -0.224605 0.755117
vn 0.188499 -0.142399 0.971695
vn 0.916788 -0.302896 -0.260297
vn 0.256905 -0.834116 -0.488109
vn 0.893145 -0.381319 -0.238512
vn 0.297807 -0.850620 -0.433310
vn 0.237510 -0.899137 -0.367615
vn 0.793661 -0.544373 -0.271587
vn 0.609101 -0.453701 -0.650501
vn 0.227699 -0.774098 -0.590699
vn 0.946844 0.245311 -0.208110
vn 0.239003 -0.689209 -0.684009
vn 0.800499 -0.500499 -0.329700
vn 0.673917 0.288107 -0.680317
vn -0.384197 0.029100 -0.922792
vn 0.694074 -0.437283 -0.571878
vn 0.926933 -0.336112 0.166806
vn 0.698984 -0.712384 -0.062699
vn 0.658379 -0.693278 0.293091
vn 0.985222 0.166404 -0.040601
vn 0.764226 0.395413 -0.509517
vn 0.797060 0.566943 -0.208016
vn 0.812625 0.578018 -0.074402
vn 0.914087 -0.365095 0.176497
vn 0.911293 -0.356697 -0.205698
vn 0.593693 -0.484094 -0.642792
vn 0.929405 -0.057200 -0.364602
vn 0.892354 -0.370681 -0.257487
vn 0.890953 0.452627 -0.036502
vn 0.561297 0.816596 0.134599
vn 0.898587 0.207197 -0.386795
vn 0.951097 -0.227999 -0.208399
vn 0.783336 0.447120 0.431820
vn 0.250602 0.861707 0.441203
vn 0.218303 0.236003 0.946914
vn 0.054298 0.387985 0.920065
vn 0.161004 0.693317 0.702417
vn 0.060401 0.714117 0.697416
vn 0.236597 0.830791 0.503794
vn 0.108098 0.794484 0.597588
vn 0.091003 0.744120 0.661818
vn 0.530987 0.597486 0.600886
vn 0.304398 0.788994 0.533696
vn 0.085303 0.789631 0.607624
vn 0.699583 0.637385 0.322992
vn 0.320607 0.886520 0.333607
vn 0.071900 0.903505 0.422503
vn 0.656837 0.739742 0.146108
vn 0.740650 0.621942 0.254217
vn 0.850705 -0.174301 -0.495903
vn 0.571481 0.380487 -0.727076
vn 0.784010 0.351404 -0.511706
vn 0.839873 0.487384 -0.238892
vn 0.921113 0.012200 0.389105
vn 0.983509 0.150701 0.100001
vn 0.862012 -0.330405 0.384406
vn 0.782290 0.383595 0.490793
vn 0.964620 -0.211204 -0.157803
vn 0.864609 -0.428604 0.262203
vn 0.443083 0.830368 0.337887
vn 0.611793 -0.735191 0.291897
vn 0.906405 0.265302 -0.328702
vn 0.834438 -0.538625 0.116605
vn 0.957063 -0.283389 0.060998
vn 0.698510 -0.698210 0.156802
vn 0.843573 0.449786 -0.293391
vn 0.997407 -0.044700 0.056400
vn 0.967750 -0.240612 0.074604
vn 0.823775 -0.566783 -0.012300
vn 0.753996 -0.644896 0.124899
vn 0.879018 -0.227505 0.419009
vn 0.878170 -0.477284 0.031899
vn 0.718700 0.684800 -0.120500
vn 0.730111 -0.582409 0.357405
vn 0.890954 -0.407879 0.199590
vn 0.856814 -0.226104 0.463408
vn 0.933021 0.279906 0.226105
vn 0.840095 0.432797 -0.326998
vn 0.840913 0.472907 -0.263104
vn 0.841387 -0.308695 -0.443593
vn 0.679997 -0.729297 -0.075700
vn 0.871929 -0.464815 0.153905
vn 0.993973 -0.103297 0.036699
vn 0.734781 0.594284 0.326991
vn 0.997066 0.042599 0.063598
vn 0.970180 -0.068199 0.232595
vn 0.710182 -0.642284 0.288293
vn 0.990696 -0.118799 -0.066400
vn 0.566179 -0.766971 -0.301989
vn 0.977379 -0.169196 -0.126897
vn 0.660698 -0.679498 -0.318999
vn 0.587012 -0.693315 -0.418009
vn 0.799821 -0.561815 -0.211306
vn 0.635493 -0.256397 -0.728292
vn 0.728081 0.489887 -0.479488
vn 0.864289 0.271397 -0.423495
vn 0.815478 0.500086 0.291392
vn 0.892211 0.303204 0.334704
vn 0.497920 0.830734 0.248910
vn 0.806395 0.438497 0.396797
vn 0.884920 0.131103 0.446910
vn 0.984487 -0.121898 -0.126198
vn 0.986292 -0.041900 -0.159599
vn 0.961934 -0.213007 -0.171206
vn 0.869478 0.203095 -0.450289
vn 0.812992 0.558995 0.162998
vn 0.945059 -0.285687 -0.158893
vn 0.597997 0.801496 0.001700
vn 0.811250 -0.450373 -0.372877
vn 0.713065 0.700566 -0.027299
vn 0.914466 -0.398385 -0.070997
vn 0.530685 0.833277 -0.154996
vn 0.928393 0.338597 0.153099
vn 0.663487 0.744686 -0.072299
vn 0.562289 0.826584 0.024300
vn 0.560375 0.824763 -0.075797
vn 0.379520 0.871945 -0.309316
vn 0.274004 0.911814 -0.305805
vn 0.318092 0.873179 -0.369291
vn 0.121602 0.984613 -0.125502
vn 0.995171 -0.044299 -0.087597
vn 0.639271 0.763965 -0.087696
vn 0.299903 0.845707 -0.441404
vn 0.583804 0.787406 0.197901
vn 0.098199 0.978494 0.181399
vn 0.998300 -0.020400 0.054600
vn 0.978276 0.028799 0.205295
vn 0.602023 0.733928 0.314512
vn 0.134001 0.935510 0.326903
vn 0.241398 0.965892 0.093699
vn 0.313995 0.850587 -0.421793
vn 0.911793 -0.150199 -0.382197
vn 0.766131 -0.641926 -0.031201
vn 0.802023 0.543416 -0.247907
vn 0.252904 0.919214 -0.301805
vn 0.202303 0.973515 0.106502
vn 0.872099 -0.484899 -0.065700
vn 0.666797 0.740097 0.087400
vn 0.264009 0.907932 0.325512
vn 0.790707 -0.608005 -0.071501
vn 0.854103 -0.496502 -0.154901
vn 0.367515 -0.815432 0.447218
vn 0.176696 0.613987 0.769284
vn 0.147201 -0.966708 -0.209302
vn 0.771813 0.584210 0.251004
vn 0.793721 -0.608216 -0.008900
vn 0.738126 -0.188407 0.647822
vn 0.233091 -0.929666 -0.285289
vn 0.501885 0.606782 0.616382
vn 0.937504 -0.247401 0.244701
vn 1.000000 -0.000600 -0.000300
vn 1.000000 -0.000600 -0.000400
vn 0.675915 0.594313 0.435810
vn 0.705526 0.448117 0.549021
vn 0.861675 0.504685 0.052998
vn 0.685672 0.724271 0.072697
vn 0.607807 0.711308 -0.353004
vn 0.744101 0.667201 -0.034000
vn 0.842672 -0.054298 0.535682
vn 0.878970 -0.368087 0.303190
vn 0.922574 -0.354190 -0.152996
vn 0.767672 -0.544280 0.338288
vn 0.876920 -0.391009 -0.279506
vn 0.872210 -0.488306 0.028400
vn 0.999596 -0.000700 -0.028400
vn 0.641310 -0.766912 0.023800
vn 0.865791 0.480395 -0.140098
vn 0.987963 -0.083697 -0.130095
vn 0.612987 -0.763384 -0.203696
vn 0.829341 -0.555827 -0.057003
vn 0.927579 -0.331892 -0.171596
vn 0.925638 -0.178407 -0.333714
vn 0.816747 0.184711 -0.546632
vn 0.935336 0.151006 -0.319912
vn 0.891382 -0.452991 -0.015400
vn 0.924365 -0.378786 0.045498
vn 0.831605 -0.504403 -0.232401
vn 0.908030 -0.387513 0.159105
vn 0.909674 -0.394289 0.130496
vn 0.785632 -0.524021 -0.328913
vn 0.844097 -0.330399 -0.422299
vn 0.846975 -0.486486 0.214394
vn 0.945148 -0.304115 0.119206
vn 0.850667 -0.422083 0.313388
vn 0.786824 -0.459514 0.412013
vn 0.998808 -0.001100 0.048800
vn 0.851307 -0.365303 0.376603
vn 0.838143 -0.389820 0.381519
vn 0.883182 -0.301494 0.359293
vn 0.792790 -0.395095 0.464094
vn 0.997422 0.012300 0.070702
vn 0.874311 -0.301704 0.380205
vn 0.993033 0.117104 0.013100
vn 0.953562 0.095096 0.285789
vn 0.822475 -0.502085 0.267292
vn 0.754882 -0.620585 0.212195
vn 0.836978 -0.465388 0.287892
vn 0.775979 -0.613583 0.146196
vn 0.869563 -0.348685 0.349685
vn 0.998875 -0.007600 -0.046799
vn 0.976014 -0.182503 0.118702
vn 0.996701 0.049000 0.064700
vn 0.271598 0.784495 -0.557496
vn 0.997216 0.071801 -0.020100
vn 0.255102 0.658306 -0.708206
vn 0.873491 0.150498 -0.462995
vn 0.250400 0.402300 -0.880599
vn 0.352711 -0.241508 -0.904029
vn 0.377003 -0.309402 -0.873006
vn 0.763174 0.041199 0.644878
vn 0.989517 0.142702 0.022200
vn 0.966920 -0.217904 -0.132603
vn 0.341591 0.141896 -0.929075
vn 0.973784 -0.088399 -0.209597
vn 0.273402 0.498404 -0.822706
vn 0.982612 0.146002 -0.114701
vn 0.181497 0.776285 -0.603689
vn 0.906821 0.221205 0.358808
vn 0.923123 -0.310708 0.226506
vn 0.361308 0.774517 0.519211
vn 0.436395 0.868090 0.236597
vn 0.334600 0.094600 0.937600
vn 0.950768 0.212693 -0.225392
vn 0.318388 0.747272 0.583278
vn 0.412189 0.609084 -0.677582
vn 0.119004 0.499619 -0.858032
vn 0.322785 0.928357 -0.184291
vn 0.092299 0.908889 -0.406695
vn 0.858205 0.508303 -0.071500
vn 0.923342 0.323015 0.207609
vn 0.486592 0.829087 -0.275396
vn 0.845777 -0.529186 -0.067998
vn 0.999388 -0.004400 -0.034700
vn 0.740650 0.621942 0.254217
vn 0.176696 0.613987 0.769284
vn 0.071900 0.903505 0.422503
vn 0.738558 -0.623865 0.255586
vn 0.070499 -0.900982 0.428091
vn 0.170902 -0.618208 0.767210
f 1/1/1 2/2/2 3/3/3
f 4/4/4 2/2/2 1/1/1
f 4/4/4 5/5/5 2/2/2
f 1/1/1 6/6/6 4/4/4
f 4/4/4 7/7/7 5/5/5
f 7/7/7 4/4/4 6/6/6
f 6/6/6 1/1/1 8/8/8
f 1/1/1 9/9/9 8/8/8
f 6/6/6 8/8/8 10/10/10
f 10/10/10 8/8/8 9/9/9
f 1/1/1 11/11/11 9/9/9
f 3/3/3 11/11/11 1/1/1
f 7/7/7 6/6/6 12/12/12
f 3/3/3 13/13/13 11/11/11
f 6/6/6 10/10/10 14/14/14
f 14/14/14 12/12/12 6/6/6
f 15/15/15 14/14/14 10/10/10
f 7/7/7 12/12/12 16/16/16
f 14/14/14 17/17/17 12/12/12
f 15/15/15 17/17/17 14/14/14
f 12/12/12 17/17/17 18/18/18
f 12/12/12 18/18/18 16/16/16
f 15/15/15 19/19/19 17/17/17
f 20/20/20 18/18/18 17/17/17
f 20/20/20 17/17/17 19/19/19
f 21/21/21 19/19/19 15/15/15
f 20/20/20 19/19/19 21/21/21
f 22/22/22 18/18/18 20/20/20
f 22/22/22 16/16/16 18/18/18
f 20/20/20 21/21/21 23/23/23
f 22/22/22 20/20/20 24/24/24
f 23/23/23 24/24/24 20/20/20
f 22/22/22 25/25/25 16/16/16
f 7/7/7 16/16/16 26/26/26
f 5/5/5 7/7/7 26/26/26
f 16/16/16 25/25/25 27/27/27
f 27/27/27 26/26/26 16/16/16
f 28/28/28 25/25/25 22/22/22
f 27/27/27 25/25/25 28/28/28
f 26/26/26 27/27/27 29/29/29
f 5/5/5 26/26/26 29/29/29
f 27/27/27 30/30/30 29/29/29
f 31/31/31 5/5/5 29/29/29
f 27/27/27 28/28/28 32/32/32
f 32/32/32 30/30/30 27/27/27
f 28/28/28 22/22/22 33/33/33
f 33/33/33 22/22/22 24/24/24
f 33/33/33 34/34/34 28/28/28
f 35/35/35 29/29/29 30/30/30
f 35/35/35 31/31/31 29/29/29
f 30/30/30 36/36/36 35/35/35
f 32/32/32 37/37/37 30/30/30
f 30/30/30 37/37/37 36/36/36
f 32/32/32 28/28/28 38/38/38
f 34/34/34 38/38/38 28/28/28
f 37/37/37 32/32/32 39/39/39
f 32/32/32 38/38/38 39/39/39
f 40/40/40 36/36/36 37/37/37
f 39/39/39 40/40/40 37/37/37
f 35/35/35 36/36/36 41/41/41
f 38/38/38 42/42/42 39/39/39
f 40/40/40 43/43/43 36/36/36
f 44/44/44 42/42/42 38/38/38
f 34/34/34 44/44/44 38/38/38
f 42/42/42 45/45/45 39/39/39
f 46/46/46 36/36/36 43/43/43
f 46/46/46 41/41/41 36/36/36
f 46/46/46 43/43/43 47/47/47
f 40/40/40 47/47/47 43/43/43
f 39/39/39 48/48/48 40/40/40
f 48/48/48 39/39/39 45/45/45
f 40/40/40 49/49/49 47/47/47
f 48/48/48 49/49/49 40/40/40
f 46/46/46 47/47/47 50/50/50
f 48/48/48 51/51/51 49/49/49
f 49/49/49 52/52/52 47/47/47
f 50/50/50 47/47/47 52/52/52
f 53/53/53 49/49/49 51/51/51
f 49/49/49 53/53/53 52/52/52
f 54/54/54 51/51/51 48/48/48
f 54/54/54 48/48/48 45/45/45
f 53/53/53 51/51/51 55/55/55
f 55/55/55 51/51/51 54/54/54
f 53/53/53 56/56/56 52/52/52
f 57/57/57 53/53/53 55/55/55
f 55/55/55 58/58/58 57/57/57
f 53/53/53 57/57/57 59/59/59
f 54/54/54 60/60/60 55/55/55
f 55/55/55 60/60/60 58/58/58
f 54/54/54 61/61/61 60/60/60
f 62/62/62 59/59/59 57/57/57
f 62/62/62 57/57/57 58/58/58
f 53/53/53 59/59/59 63/63/63
f 53/53/53 63/63/63 56/56/56
f 64/64/64 63/63/63 59/59/59
f 58/58/58 60/60/60 65/65/65
f 61/61/61 65/65/65 60/60/60
f 66/66/66 59/59/59 62/62/62
f 66/66/66 64/64/64 59/59/59
f 62/62/62 58/58/58 67/67/67
f 58/58/58 65/65/65 68/68/68
f 68/68/68 67/67/67 58/58/58
f 65/65/65 69/69/69 68/68/68
f 67/67/67 70/70/70 62/62/62
f 71/71/71 65/65/65 61/61/61
f 65/65/65 71/71/71 69/69/69
f 71/71/71 61/61/61 72/72/72
f 68/68/68 73/73/73 67/67/67
f 71/71/71 74/74/74 69/69/69
f 69/69/69 75/75/75 68/68/68
f 75/75/75 73/73/73 68/68/68
f 73/73/73 76/76/76 67/67/67
f 67/67/67 76/76/76 70/70/70
f 71/71/71 72/72/72 77/77/77
f 71/71/71 77/77/77 74/74/74
f 72/72/72 78/78/78 77/77/77
f 78/78/78 79/79/79 77/77/77
f 80/80/80 78/78/78 72/72/72
f 80/80/80 72/72/72 61/61/61
f 78/78/78 81/81/81 79/79/79
f 78/78/78 80/80/80 81/81/81
f 82/82/82 77/77/77 79/79/79
f 82/82/82 74/74/74 77/77/77
f 82/82/82 79/79/79 81/81/81
f 83/83/83 80/80/80 61/61/61
f 54/54/54 83/83/83 61/61/61
f 83/83/83 84/84/84 80/80/80
f 84/84/84 83/83/83 54/54/54
f 80/80/80 84/84/84 81/81/81
f 84/84/84 54/54/54 45/45/45
f 81/81/81 84/84/84 45/45/45
f 81/81/81 45/45/45 85/85/85
f 82/82/82 81/81/81 85/85/85
f 42/42/42 85/85/85 45/45/45
f 42/42/42 86/86/86 85/85/85
f 44/44/44 86/86/86 42/42/42
f 87/87/87 82/82/82 85/85/85
f 88/88/88 86/86/86 44/44/44
f 88/88/88 44/44/44 34/34/34
f 89/89/89 85/85/85 86/86/86
f 86/86/86 88/88/88 89/89/89
f 89/89/89 87/87/87 85/85/85
f 90/90/90 88/88/88 34/34/34
f 90/90/90 89/89/89 88/88/88
f 91/91/91 90/90/90 34/34/34
f 92/92/92 89/89/89 90/90/90
f 92/92/92 90/90/90 91/91/91
f 92/92/92 87/87/87 89/89/89
f 91/91/91 34/34/34 33/33/33
f 93/93/93 92/92/92 91/91/91
f 93/93/93 87/87/87 92/92/92
f 91/91/91 33/33/33 94/94/94
f 93/93/93 91/91/91 94/94/94
f 24/24/24 94/94/94 33/33/33
f 93/93/93 94/94/94 95/95/95
f 93/93/93 95/95/95 96/96/96
f 97/97/97 95/95/95 94/94/94
f 93/93/93 96/96/96 98/98/98
f 98/98/98 87/87/87 93/93/93
f 96/96/96 99/99/99 98/98/98
f 97/97/97 94/94/94 100/100/100
f 24/24/24 100/100/100 94/94/94
f 100/100/100 101/101/101 97/97/97
f 102/102/102 101/101/101 100/100/100
f 103/103/103 98/98/98 99/99/99
f 98/98/98 104/104/104 87/87/87
f 87/87/87 104/104/104 82/82/82
f 103/103/103 105/105/105 98/98/98
f 106/106/106 105/105/105 103/103/103
f 107/107/107 104/104/104 98/98/98
f 82/82/82 104/104/104 107/107/107
f 107/107/107 98/98/98 105/105/105
f 82/82/82 107/107/107 74/74/74
f 106/106/106 108/108/108 105/105/105
f 108/108/108 107/107/107 105/105/105
f 109/109/109 108/108/108 106/106/106
f 74/74/74 107/107/107 110/110/110
f 108/108/108 110/110/110 107/107/107
f 109/109/109 111/111/111 108/108/108
f 111/111/111 110/110/110 108/108/108
f 112/112/112 111/111/111 109/109/109
f 74/74/74 110/110/110 113/113/113
f 111/111/111 113/113/113 110/110/110
f 74/74/74 113/113/113 69/69/69
f 114/114/114 112/112/112 109/109/109
f 113/113/113 111/111/111 115/115/115
f 112/112/112 115/115/115 111/111/111
f 113/113/113 116/116/116 69/69/69
f 113/113/113 115/115/115 116/116/116
f 69/69/69 116/116/116 75/75/75
f 115/115/115 117/117/117 116/116/116
f 117/117/117 115/115/115 112/112/112
f 75/75/75 116/116/116 117/117/117
f 118/118/118 112/112/112 114/114/114
f 117/117/117 112/112/112 119/119/119
f 117/117/117 119/119/119 75/75/75
f 118/118/118 119/119/119 112/112/112
f 120/120/120 118/118/118 114/114/114
f 121/121/121 75/75/75 119/119/119
f 118/118/118 121/121/121 119/119/119
f 121/121/121 122/122/122 75/75/75
f 75/75/75 122/122/122 73/73/73
f 118/118/118 123/123/123 121/121/121
f 120/120/120 124/124/124 118/118/118
f 123/123/123 118/118/118 124/124/124
f 125/125/125 124/124/124 120/120/120
f 121/121/121 123/123/123 126/126/126
f 126/126/126 122/122/122 121/121/121
f 122/122/122 127/127/127 73/73/73
f 126/126/126 127/127/127 122/122/122
f 127/127/127 76/76/76 73/73/73
f 128/128/128 126/126/126 123/123/123
f 123/123/123 124/124/124 128/128/128
f 126/126/126 129/129/129 127/127/127
f 127/127/127 129/129/129 76/76/76
f 128/128/128 130/130/130 126/126/126
f 126/126/126 130/130/130 129/129/129
f 128/128/128 124/124/124 131/131/131
f 125/125/125 131/131/131 124/124/124
f 132/132/132 131/131/131 125/125/125
f 133/133/133 132/132/132 125/125/125
f 134/134/134 132/132/132 133/133/133
f 131/131/131 132/132/132 134/134/134
f 134/134/134 133/133/133 135/135/135
f 128/128/128 131/131/131 136/136/136
f 131/131/131 134/134/134 136/136/136
f 136/136/136 130/130/130 128/128/128
f 130/130/130 136/136/136 137/137/137
f 130/130/130 137/137/137 129/129/129
f 138/138/138 136/136/136 134/134/134
f 138/138/138 137/137/137 136/136/136
f 137/137/137 139/139/139 129/129/129
f 138/138/138 139/139/139 137/137/137
f 76/76/76 129/129/129 139/139/139
f 140/140/140 138/138/138 134/134/134
f 140/140/140 134/134/134 135/135/135
f 76/76/76 139/139/139 70/70/70
f 138/138/138 141/141/141 139/139/139
f 140/140/140 141/141/141 138/138/138
f 142/142/142 70/70/70 139/139/139
f 142/142/142 143/143/143 70/70/70
f 144/144/144 139/139/139 141/141/141
f 144/144/144 142/142/142 139/139/139
f 144/144/144 141/141/141 145/145/145
f 140/140/140 145/145/145 141/141/141
f 146/146/146 142/142/142 144/144/144
f 146/146/146 143/143/143 142/142/142
f 144/144/144 145/145/145 147/147/147
f 146/146/146 144/144/144 147/147/147
f 148/148/148 145/145/145 140/140/140
f 147/147/147 145/145/145 148/148/148
f 143/143/143 149/149/149 70/70/70
f 149/149/149 143/143/143 146/146/146
f 62/62/62 70/70/70 149/149/149
f 62/62/62 149/149/149 66/66/66
f 149/149/149 146/146/146 150/150/150
f 146/146/146 147/147/147 151/151/151
f 151/151/151 150/150/150 146/146/146
f 152/152/152 151/151/151 147/147/147
f 147/147/147 148/148/148 152/152/152
f 151/151/151 153/153/153 150/150/150
f 150/150/150 154/154/154 149/149/149
f 150/150/150 153/153/153 154/154/154
f 155/155/155 153/153/153 151/151/151
f 152/152/152 155/155/155 151/151/151
f 154/154/154 153/153/153 156/156/156
f 155/155/155 156/156/156 153/153/153
f 149/149/149 154/154/154 157/157/157
f 149/149/149 157/157/157 66/66/66
f 156/156/156 158/158/158 154/154/154
f 158/158/158 156/156/156 155/155/155
f 154/154/154 159/159/159 157/157/157
f 154/154/154 158/158/158 159/159/159
f 160/160/160 157/157/157 159/159/159
f 159/159/159 158/158/158 160/160/160
f 157/157/157 161/161/161 66/66/66
f 155/155/155 162/162/162 158/158/158
f 160/160/160 163/163/163 157/157/157
f 163/163/163 161/161/161 157/157/157
f 161/161/161 164/164/164 66/66/66
f 165/165/165 163/163/163 160/160/160
f 64/64/64 66/66/66 164/164/164
f 163/163/163 166/166/166 161/161/161
f 165/165/165 167/167/167 163/163/163
f 166/166/166 163/163/163 167/167/167
f 168/168/168 161/161/161 166/166/166
f 161/161/161 168/168/168 164/164/164
f 166/166/166 167/167/167 169/169/169
f 168/168/168 166/166/166 170/170/170
f 170/170/170 166/166/166 169/169/169
f 168/168/168 171/171/171 164/164/164
f 171/171/171 168/168/168 170/170/170
f 171/171/171 170/170/170 172/172/172
f 170/170/170 169/169/169 173/173/173
f 173/173/173 172/172/172 170/170/170
f 169/169/169 174/174/174 173/173/173
f 173/173/173 175/175/175 172/172/172
f 167/167/167 176/176/176 169/169/169
f 169/169/169 176/176/176 174/174/174
f 177/177/177 176/176/176 167/167/167
f 177/177/177 167/167/167 165/165/165
f 172/172/172 175/175/175 178/178/178
f 171/171/171 172/172/172 178/178/178
f 179/179/179 175/175/175 173/173/173
f 179/179/179 173/173/173 174/174/174
f 178/178/178 175/175/175 179/179/179
f 180/180/180 177/177/177 165/165/165
f 180/180/180 165/165/165 160/160/160
f 181/181/181 177/177/177 180/180/180
f 180/180/180 160/160/160 182/182/182
f 182/182/182 160/160/160 158/158/158
f 182/182/182 158/158/158 162/162/162
f 183/183/183 180/180/180 182/182/182
f 181/181/181 180/180/180 183/183/183
f 184/184/184 182/182/182 162/162/162
f 183/183/183 182/182/182 184/184/184
f 185/185/185 181/181/181 183/183/183
f 186/186/186 177/177/177 181/181/181
f 176/176/176 177/177/177 186/186/186
f 176/176/176 186/186/186 187/187/187
f 187/187/187 174/174/174 176/176/176
f 186/186/186 181/181/181 188/188/188
f 189/189/189 187/187/187 186/186/186
f 189/189/189 186/186/186 188/188/188
f 187/187/187 190/190/190 174/174/174
f 190/190/190 187/187/187 189/189/189
f 190/190/190 191/191/191 174/174/174
f 191/191/191 179/179/179 174/174/174
f 190/190/190 189/189/189 192/192/192
f 193/193/193 179/179/179 191/191/191
f 178/178/178 179/179/179 193/193/193
f 190/190/190 194/194/194 191/191/191
f 190/190/190 192/192/192 195/195/195
f 190/190/190 195/195/195 194/194/194
f 193/193/193 191/191/191 196/196/196
f 191/191/191 194/194/194 196/196/196
f 193/193/193 197/197/197 178/178/178
f 198/198/198 194/194/194 195/195/195
f 196/196/196 194/194/194 198/198/198
f 199/199/199 193/193/193 196/196/196
f 193/193/193 199/199/199 197/197/197
f 199/199/199 196/196/196 200/200/200
f 197/197/197 199/199/199 201/201/201
f 201/201/201 199/199/199 200/200/200
f 202/202/202 200/200/200 196/196/196
f 196/196/196 198/198/198 202/202/202
f 202/202/202 203/203/203 200/200/200
f 204/204/204 202/202/202 198/198/198
f 205/205/205 203/203/203 202/202/202
f 204/204/204 205/205/205 202/202/202
f 200/200/200 203/203/203 206/206/206
f 201/201/201 200/200/200 206/206/206
f 205/205/205 207/207/207 203/203/203
f 207/207/207 206/206/206 203/203/203
f 205/205/205 204/204/204 208/208/208
f 208/208/208 207/207/207 205/205/205
f 198/198/198 209/209/209 204/204/204
f 209/209/209 210/210/210 204/204/204
f 211/211/211 204/204/204 210/210/210
f 211/211/211 208/208/208 204/204/204
f 209/209/209 212/212/212 210/210/210
f 211/211/211 213/213/213 208/208/208
f 198/198/198 214/214/214 209/209/209
f 214/214/214 212/212/212 209/209/209
f 208/208/208 213/213/213 215/215/215
f 198/198/198 195/195/195 214/214/214
f 214/214/214 216/216/216 212/212/212
f 208/208/208 215/215/215 217/217/217
f 218/218/218 216/216/216 214/214/214
f 219/219/219 217/217/217 215/215/215
f 218/218/218 220/220/220 216/216/216
f 195/195/195 221/221/221 214/214/214
f 218/218/218 214/214/214 221/221/221
f 195/195/195 222/222/222 221/221/221
f 192/192/192 222/222/222 195/195/195
f 223/223/223 218/218/218 221/221/221
f 221/221/221 222/222/222 223/223/223
f 192/192/192 224/224/224 222/222/222
f 223/223/223 222/222/222 224/224/224
f 189/189/189 224/224/224 192/192/192
f 223/223/223 224/224/224 225/225/225
f 189/189/189 226/226/226 224/224/224
f 225/225/225 224/224/224 226/226/226
f 189/189/189 188/188/188 226/226/226
f 226/226/226 227/227/227 225/225/225
f 223/223/223 225/225/225 227/227/227
f 226/226/226 188/188/188 227/227/227
f 228/228/228 223/223/223 227/227/227
f 223/223/223 228/228/228 218/218/218
f 228/228/228 229/229/229 218/218/218
f 218/218/218 229/229/229 220/220/220
f 220/220/220 229/229/229 230/230/230
f 230/230/230 229/229/229 228/228/228
f 220/220/220 230/230/230 231/231/231
f 227/227/227 232/232/232 228/228/228
f 230/230/230 228/228/228 232/232/232
f 231/231/231 230/230/230 233/233/233
f 232/232/232 233/233/233 230/230/230
f 231/231/231 233/233/233 234/234/234
f 232/232/232 227/227/227 235/235/235
f 232/232/232 235/235/235 233/233/233
f 235/235/235 227/227/227 188/188/188
f 236/236/236 234/234/234 233/233/233
f 236/236/236 233/233/233 235/235/235
f 236/236/236 237/237/237 234/234/234
f 235/235/235 188/188/188 238/238/238
f 236/236/236 235/235/235 238/238/238
f 181/181/181 238/238/238 188/188/188
f 185/185/185 238/238/238 181/181/181
f 236/236/236 238/238/238 185/185/185
f 239/239/239 237/237/237 236/236/236
f 239/239/239 236/236/236 185/185/185
f 239/239/239 240/240/240 237/237/237
f 239/239/239 185/185/185 241/241/241
f 239/239/239 242/242/242 240/240/240
f 185/185/185 243/243/243 241/241/241
f 243/243/243 185/185/185 183/183/183
f 244/244/244 239/239/239 241/241/241
f 244/244/244 242/242/242 239/239/239
f 245/245/245 241/241/241 243/243/243
f 244/244/244 241/241/241 245/245/245
f 243/243/243 183/183/183 184/184/184
f 246/246/246 240/240/240 242/242/242
f 246/246/246 247/247/247 240/240/240
f 248/248/248 247/247/247 246/246/246
f 246/246/246 242/242/242 249/249/249
f 249/249/249 242/242/242 244/244/244
f 248/248/248 246/246/246 250/250/250
f 250/250/250 246/246/246 249/249/249
f 251/251/251 248/248/248 250/250/250
f 249/249/249 244/244/244 252/252/252
f 252/252/252 244/244/244 245/245/245
f 250/250/250 249/249/249 253/253/253
f 253/253/253 249/249/249 252/252/252
f 251/251/251 250/250/250 254/254/254
f 253/253/253 254/254/254 250/250/250
f 251/251/251 254/254/254 255/255/255
f 253/253/253 256/256/256 254/254/254
f 256/256/256 255/255/255 254/254/254
f 257/257/257 256/256/256 253/253/253
f 255/255/255 256/256/256 257/257/257
f 257/257/257 253/253/253 258/258/258
f 253/253/253 252/252/252 258/258/258
f 255/255/255 257/257/257 259/259/259
f 251/251/251 255/255/255 260/260/260
f 259/259/259 261/261/261 255/255/255
f 260/260/260 255/255/255 261/261/261
f 259/259/259 262/262/262 261/261/261
f 260/260/260 261/261/261 263/263/263
f 258/258/258 252/252/252 264/264/264
f 258/258/258 264/264/264 265/265/265
f 252/252/252 245/245/245 264/264/264
f 264/264/264 245/245/245 266/266/266
f 264/264/264 266/266/266 267/267/267
f 266/266/266 268/268/268 267/267/267
f 266/266/266 245/245/245 269/269/269
f 243/243/243 269/269/269 245/245/245
f 269/269/269 243/243/243 184/184/184
f 266/266/266 270/270/270 268/268/268
f 271/271/271 268/268/268 270/270/270
f 266/266/266 269/269/269 272/272/272
f 272/272/272 270/270/270 266/266/266
f 269/269/269 184/184/184 273/273/273
f 273/273/273 272/272/272 269/269/269
f 273/273/273 184/184/184 274/274/274
f 275/275/275 272/272/272 273/273/273
f 273/273/273 274/274/274 275/275/275
f 184/184/184 162/162/162 274/274/274
f 272/272/272 276/276/276 270/270/270
f 275/275/275 276/276/276 272/272/272
f 270/270/270 276/276/276 277/277/277
f 277/277/277 276/276/276 275/275/275
f 271/271/271 270/270/270 277/277/277
f 278/278/278 274/274/274 162/162/162
f 278/278/278 162/162/162 155/155/155
f 278/278/278 155/155/155 152/152/152
f 278/278/278 279/279/279 274/274/274
f 275/275/275 274/274/274 279/279/279
f 280/280/280 278/278/278 152/152/152
f 280/280/280 279/279/279 278/278/278
f 280/280/280 152/152/152 148/148/148
f 275/275/275 279/279/279 281/281/281
f 281/281/281 279/279/279 280/280/280
f 281/281/281 277/277/277 275/275/275
f 148/148/148 282/282/282 280/280/280
f 280/280/280 283/283/283 281/281/281
f 280/280/280 282/282/282 283/283/283
f 148/148/148 284/284/284 282/282/282
f 284/284/284 283/283/283 282/282/282
f 284/284/284 148/148/148 140/140/140
f 281/281/281 285/285/285 277/277/277
f 283/283/283 285/285/285 281/281/281
f 271/271/271 277/277/277 285/285/285
f 271/271/271 285/285/285 286/286/286
f 286/286/286 285/285/285 287/287/287
f 283/283/283 288/288/288 285/285/285
f 285/285/285 289/289/289 287/287/287
f 285/285/285 288/288/288 289/289/289
f 290/290/290 287/287/287 289/289/289
f 288/288/288 283/283/283 291/291/291
f 288/288/288 291/291/291 289/289/289
f 284/284/284 291/291/291 283/283/283
f 290/290/290 289/289/289 292/292/292
f 289/289/289 291/291/291 292/292/292
f 290/290/290 292/292/292 293/293/293
f 291/291/291 284/284/284 294/294/294
f 291/291/291 294/294/294 292/292/292
f 292/292/292 294/294/294 293/293/293
f 284/284/284 140/140/140 294/294/294
f 135/135/135 293/293/293 294/294/294
f 135/135/135 294/294/294 140/140/140
f 13/13/13 295/295/295 11/11/11
f 11/11/11 295/295/295 296/296/296
f 11/11/11 296/296/296 9/9/9
f 297/297/297 295/295/295 13/13/13
f 296/296/296 298/298/298 9/9/9
f 299/299/299 297/297/297 13/13/13
f 299/299/299 13/13/13 3/3/3
f 296/296/296 295/295/295 300/300/300
f 299/299/299 3/3/3 301/301/301
f 2/2/2 301/301/301 3/3/3
f 2/2/2 302/302/302 301/301/301
f 5/5/5 302/302/302 2/2/2
f 303/303/303 299/299/299 301/301/301
f 5/5/5 304/304/304 302/302/302
f 31/31/31 304/304/304 5/5/5
f 301/301/301 302/302/302 305/305/305
f 303/303/303 301/301/301 305/305/305
f 304/304/304 306/306/306 302/302/302
f 307/307/307 302/302/302 306/306/306
f 307/307/307 305/305/305 302/302/302
f 304/304/304 308/308/308 306/306/306
f 309/309/309 304/304/304 31/31/31
f 309/309/309 308/308/308 304/304/304
f 308/308/308 310/310/310 306/306/306
f 307/307/307 306/306/306 310/310/310
f 308/308/308 311/311/311 310/310/310
f 312/312/312 308/308/308 309/309/309
f 312/312/312 311/311/311 308/308/308
f 31/31/31 313/313/313 309/309/309
f 313/313/313 312/312/312 309/309/309
f 31/31/31 314/314/314 313/313/313
f 35/35/35 314/314/314 31/31/31
f 35/35/35 41/41/41 314/314/314
f 310/310/310 311/311/311 315/315/315
f 315/315/315 311/311/311 312/312/312
f 313/313/313 316/316/316 312/312/312
f 315/315/315 312/312/312 316/316/316
f 316/316/316 313/313/313 317/317/317
f 317/317/317 313/313/313 314/314/314
f 318/318/318 316/316/316 317/317/317
f 315/315/315 316/316/316 318/318/318
f 317/317/317 314/314/314 319/319/319
f 41/41/41 319/319/319 314/314/314
f 310/310/310 315/315/315 320/320/320
f 307/307/307 310/310/310 320/320/320
f 321/321/321 320/320/320 315/315/315
f 320/320/320 322/322/322 307/307/307
f 322/322/322 320/320/320 321/321/321
f 305/305/305 307/307/307 322/322/322
f 305/305/305 322/322/322 323/323/323
f 323/323/323 303/303/303 305/305/305
f 322/322/322 321/321/321 324/324/324
f 324/324/324 323/323/323 322/322/322
f 321/321/321 315/315/315 325/325/325
f 315/315/315 318/318/318 325/325/325
f 321/321/321 326/326/326 324/324/324
f 321/321/321 327/327/327 326/326/326
f 327/327/327 321/321/321 325/325/325
f 324/324/324 326/326/326 328/328/328
f 324/324/324 328/328/328 323/323/323
f 327/327/327 329/329/329 326/326/326
f 329/329/329 328/328/328 326/326/326
f 327/327/327 330/330/330 329/329/329
f 329/329/329 331/331/331 328/328/328
f 332/332/332 328/328/328 331/331/331
f 328/328/328 332/332/332 333/333/333
f 330/330/330 327/327/327 334/334/334
f 335/335/335 330/330/330 334/334/334
f 336/336/336 334/334/334 327/327/327
f 336/336/336 327/327/327 325/325/325
f 335/335/335 334/334/334 337/337/337
f 334/334/334 336/336/336 337/337/337
f 335/335/335 337/337/337 338/338/338
f 337/337/337 339/339/339 338/338/338
f 337/337/337 340/340/340 339/339/339
f 340/340/340 337/337/337 336/336/336
f 339/339/339 340/340/340 341/341/341
f 336/336/336 325/325/325 342/342/342
f 336/336/336 342/342/342 340/340/340
f 341/341/341 340/340/340 342/342/342
f 342/342/342 325/325/325 318/318/318
f 342/342/342 343/343/343 341/341/341
f 318/318/318 344/344/344 342/342/342
f 342/342/342 344/344/344 343/343/343
f 318/318/318 345/345/345 344/344/344
f 318/318/318 317/317/317 345/345/345
f 346/346/346 343/343/343 344/344/344
f 346/346/346 344/344/344 345/345/345
f 346/346/346 347/347/347 343/343/343
f 348/348/348 347/347/347 346/346/346
f 345/345/345 317/317/317 319/319/319
f 346/346/346 345/345/345 319/319/319
f 346/346/346 349/349/349 348/348/348
f 319/319/319 350/350/350 346/346/346
f 346/346/346 350/350/350 349/349/349
f 319/319/319 351/351/351 350/350/350
f 352/352/352 349/349/349 350/350/350
f 352/352/352 353/353/353 349/349/349
f 354/354/354 352/352/352 350/350/350
f 351/351/351 354/354/354 350/350/350
f 355/355/355 353/353/353 352/352/352
f 355/355/355 352/352/352 354/354/354
f 355/355/355 356/356/356 353/353/353
f 356/356/356 355/355/355 357/357/357
f 357/357/357 355/355/355 354/354/354
f 358/358/358 357/357/357 354/354/354
f 359/359/359 358/358/358 354/354/354
f 351/351/351 359/359/359 354/354/354
f 360/360/360 359/359/359 351/351/351
f 360/360/360 351/351/351 361/361/361
f 362/362/362 360/360/360 361/361/361
f 363/363/363 351/351/351 319/319/319
f 363/363/363 361/361/361 351/351/351
f 41/41/41 363/363/363 319/319/319
f 362/362/362 361/361/361 364/364/364
f 365/365/365 362/362/362 364/364/364
f 366/366/366 361/361/361 363/363/363
f 41/41/41 366/366/366 363/363/363
f 366/366/366 364/364/364 361/361/361
f 41/41/41 46/46/46 366/366/366
f 365/365/365 364/364/364 367/367/367
f 364/364/364 366/366/366 367/367/367
f 368/368/368 365/365/365 367/367/367
f 366/366/366 46/46/46 50/50/50
f 369/369/369 367/367/367 366/366/366
f 366/366/366 50/50/50 369/369/369
f 368/368/368 367/367/367 370/370/370
f 369/369/369 370/370/370 367/367/367
f 368/368/368 370/370/370 371/371/371
f 368/368/368 371/371/371 372/372/372
f 373/373/373 372/372/372 371/371/371
f 371/371/371 374/374/374 373/373/373
f 371/371/371 370/370/370 375/375/375
f 369/369/369 375/375/375 370/370/370
f 371/371/371 376/376/376 374/374/374
f 375/375/375 376/376/376 371/371/371
f 377/377/377 374/374/374 376/376/376
f 378/378/378 375/375/375 369/369/369
f 375/375/375 378/378/378 376/376/376
f 377/377/377 376/376/376 379/379/379
f 378/378/378 379/379/379 376/376/376
f 379/379/379 219/219/219 377/377/377
f 378/378/378 369/369/369 380/380/380
f 50/50/50 380/380/380 369/369/369
f 378/378/378 381/381/381 379/379/379
f 381/381/381 378/378/378 380/380/380
f 379/379/379 382/382/382 219/219/219
f 381/381/381 382/382/382 379/379/379
f 219/219/219 382/382/382 217/217/217
f 381/381/381 383/383/383 382/382/382
f 380/380/380 383/383/383 381/381/381
f 217/217/217 382/382/382 383/383/383
f 50/50/50 384/384/384 380/380/380
f 50/50/50 52/52/52 384/384/384
f 384/384/384 52/52/52 56/56/56
f 384/384/384 385/385/385 380/380/380
f 380/380/380 385/385/385 383/383/383
f 384/384/384 56/56/56 386/386/386
f 384/384/384 386/386/386 385/385/385
f 387/387/387 386/386/386 56/56/56
f 63/63/63 387/387/387 56/56/56
f 217/217/217 383/383/383 388/388/388
f 388/388/388 383/383/383 385/385/385
f 388/388/388 389/389/389 217/217/217
f 208/208/208 217/217/217 389/389/389
f 208/208/208 389/389/389 207/207/207
f 63/63/63 390/390/390 387/387/387
f 64/64/64 390/390/390 63/63/63
f 388/388/388 391/391/391 389/389/389
f 391/391/391 207/207/207 389/389/389
f 388/388/388 385/385/385 392/392/392
f 391/391/391 388/388/388 392/392/392
f 386/386/386 392/392/392 385/385/385
f 391/391/391 393/393/393 207/207/207
f 207/207/207 393/393/393 206/206/206
f 391/391/391 392/392/392 394/394/394
f 394/394/394 393/393/393 391/391/391
f 386/386/386 395/395/395 392/392/392
f 394/394/394 392/392/392 395/395/395
f 387/387/387 395/395/395 386/386/386
f 396/396/396 206/206/206 393/393/393
f 397/397/397 395/395/395 387/387/387
f 390/390/390 397/397/397 387/387/387
f 394/394/394 395/395/395 398/398/398
f 397/397/397 398/398/398 395/395/395
f 394/394/394 399/399/399 393/393/393
f 399/399/399 394/394/394 398/398/398
f 399/399/399 396/396/396 393/393/393
f 206/206/206 396/396/396 201/201/201
f 390/390/390 400/400/400 397/397/397
f 400/400/400 390/390/390 64/64/64
f 398/398/398 397/397/397 401/401/401
f 400/400/400 401/401/401 397/397/397
f 401/401/401 402/402/402 398/398/398
f 399/399/399 398/398/398 402/402/402
f 400/400/400 64/64/64 403/403/403
f 64/64/64 164/164/164 403/403/403
f 400/400/400 404/404/404 401/401/401
f 400/400/400 403/403/403 404/404/404
f 164/164/164 405/405/405 403/403/403
f 405/405/405 404/404/404 403/403/403
f 171/171/171 405/405/405 164/164/164
f 178/178/178 405/405/405 171/171/171
f 178/178/178 406/406/406 405/405/405
f 406/406/406 404/404/404 405/405/405
f 406/406/406 178/178/178 197/197/197
f 404/404/404 407/407/407 401/401/401
f 406/406/406 407/407/407 404/404/404
f 402/402/402 401/401/401 407/407/407
f 406/406/406 197/197/197 408/408/408
f 408/408/408 407/407/407 406/406/406
f 408/408/408 197/197/197 201/201/201
f 409/409/409 402/402/402 407/407/407
f 408/408/408 409/409/409 407/407/407
f 409/409/409 410/410/410 402/402/402
f 411/411/411 409/409/409 408/408/408
f 411/411/411 410/410/410 409/409/409
f 201/201/201 411/411/411 408/408/408
f 410/410/410 399/399/399 402/402/402
f 201/201/201 412/412/412 411/411/411
f 396/396/396 412/412/412 201/201/201
f 410/410/410 411/411/411 413/413/413
f 410/410/410 413/413/413 399/399/399
f 414/414/414 411/411/411 412/412/412
f 414/414/414 413/413/413 411/411/411
f 396/396/396 414/414/414 412/412/412
f 399/399/399 413/413/413 414/414/414
f 399/399/399 414/414/414 396/396/396
f 415/415/415 9/9/9 298/298/298
f 10/10/10 9/9/9 415/415/415
f 415/415/415 416/416/416 10/10/10
f 15/15/15 10/10/10 416/416/416
f 417/417/417 416/416/416 415/415/415
f 416/416/416 418/418/418 15/15/15
f 21/21/21 15/15/15 418/418/418
f 416/416/416 419/419/419 418/418/418
f 418/418/418 420/420/420 21/21/21
f 419/419/419 416/416/416 421/421/421
f 417/417/417 421/421/421 416/416/416
f 418/418/418 419/419/419 422/422/422
f 418/418/418 422/422/422 420/420/420
f 420/420/420 23/23/23 21/21/21
f 423/423/423 422/422/422 419/419/419
f 419/419/419 421/421/421 423/423/423
f 424/424/424 420/420/420 422/422/422
f 421/421/421 425/425/425 423/423/423
f 421/421/421 426/426/426 425/425/425
f 421/421/421 427/427/427 426/426/426
f 427/427/427 421/421/421 417/417/417
f 423/423/423 425/425/425 428/428/428
f 427/427/427 417/417/417 429/429/429
f 423/423/423 430/430/430 422/422/422
f 423/423/423 428/428/428 430/430/430
f 424/424/424 422/422/422 430/430/430
f 431/431/431 430/430/430 428/428/428
f 431/431/431 424/424/424 430/430/430
f 432/432/432 424/424/424 431/431/431
f 432/432/432 431/431/431 433/433/433
f 434/434/434 420/420/420 424/424/424
f 434/434/434 424/424/424 432/432/432
f 420/420/420 434/434/434 23/23/23
f 433/433/433 435/435/435 432/432/432
f 435/435/435 434/434/434 432/432/432
f 433/433/433 102/102/102 435/435/435
f 102/102/102 100/100/100 435/435/435
f 435/435/435 436/436/436 434/434/434
f 23/23/23 434/434/434 436/436/436
f 100/100/100 436/436/436 435/435/435
f 23/23/23 436/436/436 24/24/24
f 100/100/100 24/24/24 436/436/436
f 437/437/437 438/438/438 439/439/439
f 440/440/440 438/438/438 437/437/437
f 441/441/441 439/439/439 438/438/438
f 437/437/437 442/442/442 440/440/440
f 438/438/438 443/443/443 441/441/441
f 444/444/444 443/443/443 438/438/438
f 440/440/440 444/444/444 438/438/438
f 445/445/445 441/441/441 443/443/443
f 446/446/446 444/444/444 440/440/440
f 447/447/447 441/441/441 445/445/445
f 441/441/441 447/447/447 439/439/439
f 448/448/448 444/444/444 446/446/446
f 444/444/444 448/448/448 443/443/443
f 446/446/446 440/440/440 449/449/449
f 447/447/447 445/445/445 297/297/297
f 297/297/297 445/445/445 295/295/295
f 445/445/445 450/450/450 295/295/295
f 445/445/445 443/443/443 450/450/450
f 300/300/300 295/295/295 450/450/450
f 443/443/443 451/451/451 450/450/450
f 443/443/443 452/452/452 451/451/451
f 443/443/443 448/448/448 452/452/452
f 450/450/450 451/451/451 453/453/453
f 452/452/452 454/454/454 451/451/451
f 452/452/452 448/448/448 454/454/454
f 454/454/454 453/453/453 451/451/451
f 300/300/300 450/450/450 455/455/455
f 450/450/450 453/453/453 455/455/455
f 456/456/456 454/454/454 448/448/448
f 453/453/453 454/454/454 457/457/457
f 456/456/456 457/457/457 454/454/454
f 453/453/453 457/457/457 458/458/458
f 459/459/459 456/456/456 448/448/448
f 459/459/459 448/448/448 446/446/446
f 456/456/456 460/460/460 457/457/457
f 459/459/459 460/460/460 456/456/456
f 457/457/457 460/460/460 458/458/458
f 461/461/461 459/459/459 446/446/446
f 453/453/453 458/458/458 462/462/462
f 460/460/460 462/462/462 458/458/458
f 463/463/463 460/460/460 459/459/459
f 460/460/460 463/463/463 462/462/462
f 463/463/463 459/459/459 461/461/461
f 453/453/453 462/462/462 455/455/455
f 461/461/461 446/446/446 449/449/449
f 464/464/464 462/462/462 463/463/463
f 462/462/462 465/465/465 455/455/455
f 464/464/464 466/466/466 462/462/462
f 462/462/462 466/466/466 465/465/465
f 467/467/467 466/466/466 464/464/464
f 467/467/467 465/465/465 466/466/466
f 463/463/463 468/468/468 464/464/464
f 463/463/463 461/461/461 469/469/469
f 463/463/463 469/469/469 468/468/468
f 469/469/469 461/461/461 470/470/470
f 471/471/471 470/470/470 461/461/461
f 471/471/471 461/461/461 449/449/449
f 472/472/472 469/469/469 470/470/470
f 473/473/473 468/468/468 469/469/469
f 472/472/472 473/473/473 469/469/469
f 474/474/474 464/464/464 468/468/468
f 473/473/473 474/474/474 468/468/468
f 474/474/474 475/475/475 464/464/464
f 467/467/467 464/464/464 475/475/475
f 474/474/474 473/473/473 476/476/476
f 475/475/475 474/474/474 477/477/477
f 474/474/474 476/476/476 477/477/477
f 475/475/475 477/477/477 478/478/478
f 467/467/467 475/475/475 478/478/478
f 467/467/467 478/478/478 479/479/479
f 480/480/480 467/467/467 479/479/479
f 473/473/473 481/481/481 476/476/476
f 473/473/473 472/472/472 481/481/481
f 482/482/482 476/476/476 481/481/481
f 480/480/480 483/483/483 467/467/467
f 480/480/480 429/429/429 483/483/483
f 467/467/467 483/483/483 465/465/465
f 417/417/417 483/483/483 429/429/429
f 484/484/484 482/482/482 481/481/481
f 484/484/484 485/485/485 482/482/482
f 481/481/481 472/472/472 486/486/486
f 472/472/472 470/470/470 486/486/486
f 481/481/481 486/486/486 487/487/487
f 484/484/484 481/481/481 487/487/487
f 471/471/471 486/486/486 470/470/470
f 486/486/486 471/471/471 487/487/487
f 488/488/488 484/484/484 487/487/487
f 471/471/471 488/488/488 487/487/487
f 484/484/484 489/489/489 485/485/485
f 489/489/489 490/490/490 485/485/485
f 488/488/488 491/491/491 484/484/484
f 489/489/489 484/484/484 491/491/491
f 488/488/488 492/492/492 491/491/491
f 471/471/471 493/493/493 488/488/488
f 493/493/493 492/492/492 488/488/488
f 494/494/494 493/493/493 471/471/471
f 494/494/494 471/471/471 449/449/449
f 493/493/493 494/494/494 495/495/495
f 493/493/493 495/495/495 492/492/492
f 496/496/496 494/494/494 449/449/449
f 496/496/496 449/449/449 440/440/440
f 497/497/497 495/495/495 494/494/494
f 494/494/494 496/496/496 497/497/497
f 442/442/442 496/496/496 440/440/440
f 497/497/497 498/498/498 495/495/495
f 498/498/498 492/492/492 495/495/495
f 499/499/499 497/497/497 496/496/496
f 499/499/499 496/496/496 442/442/442
f 500/500/500 498/498/498 497/497/497
f 500/500/500 497/497/497 499/499/499
f 498/498/498 501/501/501 492/492/492
f 502/502/502 501/501/501 498/498/498
f 502/502/502 498/498/498 500/500/500
f 492/492/492 501/501/501 503/503/503
f 492/492/492 503/503/503 491/491/491
f 489/489/489 491/491/491 503/503/503
f 504/504/504 503/503/503 501/501/501
f 502/502/502 504/504/504 501/501/501
f 505/505/505 489/489/489 503/503/503
f 505/505/505 503/503/503 504/504/504
f 489/489/489 505/505/505 490/490/490
f 506/506/506 490/490/490 505/505/505
f 507/507/507 490/490/490 506/506/506
f 508/508/508 506/506/506 505/505/505
f 507/507/507 506/506/506 508/508/508
f 508/508/508 505/505/505 504/504/504
f 507/507/507 508/508/508 509/509/509
f 504/504/504 502/502/502 510/510/510
f 504/504/504 510/510/510 508/508/508
f 500/500/500 510/510/510 502/502/502
f 511/511/511 509/509/509 508/508/508
f 511/511/511 508/508/508 510/510/510
f 500/500/500 512/512/512 510/510/510
f 512/512/512 511/511/511 510/510/510
f 500/500/500 513/513/513 512/512/512
f 512/512/512 514/514/514 511/511/511
f 514/514/514 512/512/512 513/513/513
f 509/509/509 511/511/511 515/515/515
f 509/509/509 515/515/515 516/516/516
f 517/517/517 511/511/511 514/514/514
f 500/500/500 518/518/518 513/513/513
f 499/499/499 518/518/518 500/500/500
f 514/514/514 513/513/513 519/519/519
f 517/517/517 514/514/514 519/519/519
f 518/518/518 520/520/520 513/513/513
f 519/519/519 513/513/513 520/520/520
f 499/499/499 521/521/521 518/518/518
f 518/518/518 521/521/521 520/520/520
f 521/521/521 499/499/499 522/522/522
f 520/520/520 521/521/521 522/522/522
f 522/522/522 499/499/499 442/442/442
f 519/519/519 520/520/520 523/523/523
f 520/520/520 522/522/522 524/524/524
f 524/524/524 523/523/523 520/520/520
f 523/523/523 525/525/525 519/519/519
f 517/517/517 519/519/519 525/525/525
f 524/524/524 526/526/526 523/523/523
f 527/527/527 524/524/524 522/522/522
f 527/527/527 526/526/526 524/524/524
f 523/523/523 528/528/528 525/525/525
f 528/528/528 523/523/523 526/526/526
f 527/527/527 529/529/529 526/526/526
f 528/528/528 526/526/526 529/529/529
f 529/529/529 527/527/527 530/530/530
f 530/530/530 528/528/528 529/529/529
f 531/531/531 527/527/527 522/522/522
f 532/532/532 530/530/530 527/527/527
f 532/532/532 527/527/527 531/531/531
f 532/532/532 533/533/533 530/530/530
f 531/531/531 533/533/533 532/532/532
f 531/531/531 522/522/522 534/534/534
f 522/522/522 442/442/442 534/534/534
f 528/528/528 530/530/530 535/535/535
f 528/528/528 536/536/536 525/525/525
f 528/528/528 535/535/535 536/536/536
f 525/525/525 536/536/536 537/537/537
f 525/525/525 537/537/537 517/517/517
f 538/538/538 535/535/535 530/530/530
f 538/538/538 530/530/530 533/533/533
f 535/535/535 538/538/538 539/539/539
f 540/540/540 536/536/536 535/535/535
f 535/535/535 539/539/539 540/540/540
f 540/540/540 541/541/541 536/536/536
f 537/537/537 536/536/536 541/541/541
f 541/541/541 540/540/540 542/542/542
f 543/543/543 537/537/537 541/541/541
f 541/541/541 542/542/542 543/543/543
f 537/537/537 543/543/543 544/544/544
f 545/545/545 517/517/517 537/537/537
f 537/537/537 544/544/544 545/545/545
f 545/545/545 546/546/546 517/517/517
f 546/546/546 545/545/545 544/544/544
f 546/546/546 511/511/511 517/517/517
f 546/546/546 515/515/515 511/511/511
f 546/546/546 544/544/544 547/547/547
f 547/547/547 515/515/515 546/546/546
f 547/547/547 544/544/544 548/548/548
f 547/547/547 549/549/549 515/515/515
f 549/549/549 516/516/516 515/515/515
f 550/550/550 516/516/516 549/549/549
f 551/551/551 549/549/549 547/547/547
f 551/551/551 550/550/550 549/549/549
f 547/547/547 548/548/548 551/551/551
f 551/551/551 552/552/552 550/550/550
f 553/553/553 548/548/548 544/544/544
f 553/553/553 551/551/551 548/548/548
f 553/553/553 552/552/552 551/551/551
f 553/553/553 544/544/544 543/543/543
f 554/554/554 552/552/552 553/553/553
f 555/555/555 554/554/554 553/553/553
f 543/543/543 556/556/556 553/553/553
f 555/555/555 553/553/553 556/556/556
f 543/543/543 542/542/542 556/556/556
f 557/557/557 555/555/555 556/556/556
f 557/557/557 558/558/558 555/555/555
f 557/557/557 556/556/556 559/559/559
f 556/556/556 542/542/542 559/559/559
f 558/558/558 557/557/557 560/560/560
f 560/560/560 557/557/557 559/559/559
f 558/558/558 560/560/560 561/561/561
f 542/542/542 562/562/562 559/559/559
f 560/560/560 559/559/559 562/562/562
f 563/563/563 561/561/561 560/560/560
f 542/542/542 564/564/564 562/562/562
f 564/564/564 542/542/542 540/540/540
f 564/564/564 540/540/540 539/539/539
f 564/564/564 565/565/565 562/562/562
f 560/560/560 562/562/562 565/565/565
f 539/539/539 565/565/565 564/564/564
f 563/563/563 560/560/560 566/566/566
f 560/560/560 565/565/565 566/566/566
f 539/539/539 567/567/567 565/565/565
f 567/567/567 566/566/566 565/565/565
f 568/568/568 567/567/567 539/539/539
f 538/538/538 568/568/568 539/539/539
f 566/566/566 567/567/567 569/569/569
f 538/538/538 570/570/570 568/568/568
f 533/533/533 570/570/570 538/538/538
f 568/568/568 571/571/571 567/567/567
f 571/571/571 569/569/569 567/567/567
f 570/570/570 572/572/572 568/568/568
f 571/571/571 568/568/568 572/572/572
f 533/533/533 573/573/573 570/570/570
f 571/571/571 574/574/574 569/569/569
f 575/575/575 573/573/573 533/533/533
f 531/531/531 575/575/575 533/533/533
f 570/570/570 573/573/573 576/576/576
f 570/570/570 576/576/576 572/572/572
f 575/575/575 577/577/577 573/573/573
f 576/576/576 573/573/573 577/577/577
f 578/578/578 575/575/575 531/531/531
f 531/531/531 534/534/534 578/578/578
f 579/579/579 577/577/577 575/575/575
f 578/578/578 579/579/579 575/575/575
f 576/576/576 577/577/577 580/580/580
f 581/581/581 578/578/578 534/534/534
f 582/582/582 579/579/579 578/578/578
f 581/581/581 582/582/582 578/578/578
f 579/579/579 583/583/583 577/577/577
f 577/577/577 583/583/583 580/580/580
f 582/582/582 584/584/584 579/579/579
f 584/584/584 583/583/583 579/579/579
f 585/585/585 584/584/584 582/582/582
f 582/582/582 581/581/581 585/585/585
f 584/584/584 586/586/586 583/583/583
f 587/587/587 580/580/580 583/583/583
f 587/587/587 583/583/583 586/586/586
f 586/586/586 584/584/584 588/588/588
f 585/585/585 588/588/588 584/584/584
f 586/586/586 588/588/588 589/589/589
f 585/585/585 590/590/590 588/588/588
f 588/588/588 590/590/590 589/589/589
f 591/591/591 586/586/586 589/589/589
f 591/591/591 587/587/587 586/586/586
f 590/590/590 591/591/591 589/589/589
f 592/592/592 580/580/580 587/587/587
f 592/592/592 576/576/576 580/580/580
f 592/592/592 587/587/587 593/593/593
f 592/592/592 594/594/594 576/576/576
f 594/594/594 572/572/572 576/576/576
f 595/595/595 594/594/594 592/592/592
f 593/593/593 595/595/595 592/592/592
f 594/594/594 596/596/596 572/572/572
f 595/595/595 596/596/596 594/594/594
f 572/572/572 596/596/596 597/597/597
f 571/571/571 572/572/572 597/597/597
f 597/597/597 598/598/598 571/571/571
f 596/596/596 599/599/599 597/597/597
f 597/597/597 599/599/599 598/598/598
f 596/596/596 600/600/600 599/599/599
f 595/595/595 601/601/601 596/596/596
f 600/600/600 596/596/596 601/601/601
f 571/571/571 598/598/598 574/574/574
f 600/600/600 601/601/601 602/602/602
f 603/603/603 601/601/601 595/595/595
f 602/602/602 601/601/601 603/603/603
f 604/604/604 600/600/600 602/602/602
f 604/604/604 602/602/602 603/603/603
f 603/603/603 595/595/595 605/605/605
f 593/593/593 605/605/605 595/595/595
f 606/606/606 603/603/603 605/605/605
f 604/604/604 603/603/603 606/606/606
f 607/607/607 605/605/605 593/593/593
f 606/606/606 605/605/605 607/607/607
f 608/608/608 604/604/604 606/606/606
f 607/607/607 608/608/608 606/606/606
f 609/609/609 604/604/604 608/608/608
f 607/607/607 610/610/610 608/608/608
f 609/609/609 608/608/608 610/610/610
f 607/607/607 593/593/593 611/611/611
f 612/612/612 607/607/607 611/611/611
f 612/612/612 610/610/610 607/607/607
f 593/593/593 613/613/613 611/611/611
f 593/593/593 587/587/587 613/613/613
f 613/613/613 587/587/587 591/591/591
f 613/613/613 614/614/614 611/611/611
f 612/612/612 611/611/611 614/614/614
f 613/613/613 591/591/591 615/615/615
f 613/613/613 615/615/615 614/614/614
f 590/590/590 615/615/615 591/591/591
f 614/614/614 615/615/615 616/616/616
f 617/617/617 615/615/615 590/590/590
f 617/617/617 616/616/616 615/615/615
f 614/614/614 616/616/616 618/618/618
f 617/617/617 619/619/619 616/616/616
f 618/618/618 616/616/616 619/619/619
f 618/618/618 620/620/620 614/614/614
f 612/612/612 614/614/614 620/620/620
f 618/618/618 621/621/621 620/620/620
f 620/620/620 622/622/622 612/612/612
f 618/618/618 623/623/623 621/621/621
f 618/618/618 619/619/619 623/623/623
f 621/621/621 624/624/624 620/620/620
f 620/620/620 624/624/624 622/622/622
f 621/621/621 625/625/625 624/624/624
f 623/623/623 625/625/625 621/621/621
f 624/624/624 626/626/626 622/622/622
f 625/625/625 626/626/626 624/624/624
f 612/612/612 622/622/622 627/627/627
f 612/612/612 627/627/627 610/610/610
f 628/628/628 627/627/627 622/622/622
f 628/628/628 629/629/629 627/627/627
f 629/629/629 610/610/610 627/627/627
f 630/630/630 628/628/628 622/622/622
f 626/626/626 630/630/630 622/622/622
f 629/629/629 631/631/631 610/610/610
f 626/626/626 632/632/632 630/630/630
f 609/609/609 610/610/610 631/631/631
f 626/626/626 633/633/633 632/632/632
f 634/634/634 609/609/609 631/631/631
f 626/626/626 635/635/635 633/633/633
f 634/634/634 636/636/636 609/609/609
f 635/635/635 637/637/637 633/633/633
f 638/638/638 636/636/636 634/634/634
f 638/638/638 634/634/634 639/639/639
f 640/640/640 609/609/609 636/636/636
f 638/638/638 640/640/640 636/636/636
f 609/609/609 640/640/640 604/604/604
f 640/640/640 600/600/600 604/604/604
f 600/600/600 640/640/640 641/641/641
f 638/638/638 641/641/641 640/640/640
f 641/641/641 599/599/599 600/600/600
f 642/642/642 641/641/641 638/638/638
f 642/642/642 599/599/599 641/641/641
f 642/642/642 638/638/638 639/639/639
f 598/598/598 599/599/599 642/642/642
f 642/642/642 639/639/639 643/643/643
f 598/598/598 642/642/642 643/643/643
f 598/598/598 643/643/643 644/644/644
f 574/574/574 598/598/598 644/644/644
f 574/574/574 644/644/644 645/645/645
f 574/574/574 645/645/645 646/646/646
f 574/574/574 646/646/646 647/647/647
f 574/574/574 647/647/647 569/569/569
f 647/647/647 566/566/566 569/569/569
f 648/648/648 646/646/646 645/645/645
f 648/648/648 645/645/645 649/649/649
f 650/650/650 648/648/648 649/649/649
f 648/648/648 651/651/651 646/646/646
f 651/651/651 647/647/647 646/646/646
f 650/650/650 652/652/652 648/648/648
f 652/652/652 651/651/651 648/648/648
f 652/652/652 650/650/650 653/653/653
f 651/651/651 654/654/654 647/647/647
f 654/654/654 566/566/566 647/647/647
f 654/654/654 563/563/563 566/566/566
f 655/655/655 654/654/654 651/651/651
f 652/652/652 655/655/655 651/651/651
f 656/656/656 563/563/563 654/654/654
f 655/655/655 656/656/656 654/654/654
f 656/656/656 657/657/657 563/563/563
f 655/655/655 658/658/658 656/656/656
f 659/659/659 655/655/655 652/652/652
f 652/652/652 653/653/653 659/659/659
f 655/655/655 660/660/660 658/658/658
f 659/659/659 660/660/660 655/655/655
f 661/661/661 658/658/658 660/660/660
f 660/660/660 659/659/659 661/661/661
f 653/653/653 661/661/661 659/659/659
f 661/661/661 662/662/662 658/658/658
f 653/653/653 663/663/663 661/661/661
f 664/664/664 662/662/662 661/661/661
f 663/663/663 664/664/664 661/661/661
f 664/664/664 665/665/665 662/662/662
f 663/663/663 666/666/666 664/664/664
f 300/300/300 455/455/455 667/667/667
f 300/300/300 667/667/667 668/668/668
f 300/300/300 668/668/668 296/296/296
f 669/669/669 667/667/667 455/455/455
f 296/296/296 668/668/668 298/298/298
f 669/669/669 455/455/455 465/465/465
f 668/668/668 667/667/667 670/670/670
f 667/667/667 669/669/669 670/670/670
f 668/668/668 670/670/670 298/298/298
f 671/671/671 669/669/669 465/465/465
f 671/671/671 465/465/465 483/483/483
f 670/670/670 669/669/669 672/672/672
f 672/672/672 669/669/669 671/671/671
f 670/670/670 672/672/672 298/298/298
f 671/671/671 483/483/483 673/673/673
f 672/672/672 671/671/671 673/673/673
f 673/673/673 298/298/298 672/672/672
f 417/417/417 673/673/673 483/483/483
f 415/415/415 298/298/298 673/673/673
f 415/415/415 673/673/673 417/417/417
f 585/585/585 581/581/581 674/674/674
f 590/590/590 585/585/585 674/674/674
f 581/581/581 675/675/675 674/674/674
f 590/590/590 674/674/674 676/676/676
f 676/676/676 617/617/617 590/590/590
f 581/581/581 677/677/677 675/675/675
f 678/678/678 676/676/676 674/674/674
f 674/674/674 675/675/675 678/678/678
f 581/581/581 534/534/534 677/677/677
f 676/676/676 679/679/679 617/617/617
f 679/679/679 619/619/619 617/617/617
f 680/680/680 679/679/679 676/676/676
f 678/678/678 680/680/680 676/676/676
f 681/681/681 619/619/619 679/679/679
f 680/680/680 682/682/682 679/679/679
f 681/681/681 679/679/679 682/682/682
f 683/683/683 682/682/682 680/680/680
f 678/678/678 684/684/684 680/680/680
f 683/683/683 680/680/680 684/684/684
f 685/685/685 678/678/678 675/675/675
f 684/684/684 678/678/678 685/685/685
f 677/677/677 685/685/685 675/675/675
f 683/683/683 686/686/686 682/682/682
f 681/681/681 682/682/682 686/686/686
f 686/686/686 687/687/687 681/681/681
f 688/688/688 686/686/686 683/683/683
f 688/688/688 687/687/687 686/686/686
f 684/684/684 689/689/689 683/683/683
f 689/689/689 688/688/688 683/683/683
f 684/684/684 685/685/685 690/690/690
f 689/689/689 684/684/684 690/690/690
f 691/691/691 690/690/690 685/685/685
f 677/677/677 691/691/691 685/685/685
f 692/692/692 689/689/689 690/690/690
f 691/691/691 693/693/693 690/690/690
f 692/692/692 690/690/690 693/693/693
f 694/694/694 691/691/691 677/677/677
f 694/694/694 693/693/693 691/691/691
f 694/694/694 677/677/677 695/695/695
f 695/695/695 677/677/677 534/534/534
f 695/695/695 534/534/534 442/442/442
f 437/437/437 695/695/695 442/442/442
f 439/439/439 695/695/695 437/437/437
f 439/439/439 694/694/694 695/695/695
f 694/694/694 696/696/696 693/693/693
f 439/439/439 696/696/696 694/694/694
f 697/697/697 693/693/693 696/696/696
f 697/697/697 692/692/692 693/693/693
f 439/439/439 698/698/698 696/696/696
f 698/698/698 439/439/439 447/447/447
f 696/696/696 699/699/699 697/697/697
f 696/696/696 698/698/698 699/699/699
f 700/700/700 692/692/692 697/697/697
f 698/698/698 447/447/447 701/701/701
f 701/701/701 447/447/447 297/297/297
f 698/698/698 702/702/702 699/699/699
f 698/698/698 701/701/701 702/702/702
f 701/701/701 297/297/297 703/703/703
f 299/299/299 703/703/703 297/297/297
f 701/701/701 703/703/703 704/704/704
f 704/704/704 703/703/703 299/299/299
f 701/701/701 704/704/704 702/702/702
f 704/704/704 299/299/299 303/303/303
f 705/705/705 699/699/699 702/702/702
f 303/303/303 706/706/706 704/704/704
f 702/702/702 704/704/704 706/706/706
f 707/707/707 697/697/697 699/699/699
f 707/707/707 699/699/699 705/705/705
f 700/700/700 697/697/697 707/707/707
f 705/705/705 702/702/702 708/708/708
f 702/702/702 706/706/706 708/708/708
f 705/705/705 709/709/709 707/707/707
f 710/710/710 700/700/700 707/707/707
f 710/710/710 707/707/707 709/709/709
f 705/705/705 711/711/711 709/709/709
f 712/712/712 700/700/700 710/710/710
f 711/711/711 705/705/705 713/713/713
f 708/708/708 713/713/713 705/705/705
f 714/714/714 709/709/709 711/711/711
f 709/709/709 635/635/635 710/710/710
f 709/709/709 714/714/714 635/635/635
f 715/715/715 710/710/710 635/635/635
f 715/715/715 712/712/712 710/710/710
f 626/626/626 715/715/715 635/635/635
f 625/625/625 715/715/715 626/626/626
f 625/625/625 712/712/712 715/715/715
f 635/635/635 714/714/714 637/637/637
f 714/714/714 711/711/711 716/716/716
f 637/637/637 714/714/714 716/716/716
f 716/716/716 711/711/711 713/713/713
f 637/637/637 716/716/716 717/717/717
f 718/718/718 717/717/717 716/716/716
f 716/716/716 713/713/713 718/718/718
f 718/718/718 719/719/719 717/717/717
f 719/719/719 718/718/718 720/720/720
f 719/719/719 720/720/720 721/721/721
f 721/721/721 720/720/720 722/722/722
f 720/720/720 723/723/723 722/722/722
f 718/718/718 713/713/713 724/724/724
f 718/718/718 724/724/724 720/720/720
f 708/708/708 724/724/724 713/713/713
f 720/720/720 724/724/724 725/725/725
f 708/708/708 725/725/725 724/724/724
f 720/720/720 725/725/725 723/723/723
f 708/708/708 726/726/726 725/725/725
f 726/726/726 723/723/723 725/725/725
f 726/726/726 727/727/727 723/723/723
f 708/708/708 706/706/706 726/726/726
f 728/728/728 727/727/727 726/726/726
f 728/728/728 726/726/726 706/706/706
f 728/728/728 729/729/729 727/727/727
f 730/730/730 729/729/729 728/728/728
f 730/730/730 728/728/728 706/706/706
f 730/730/730 731/731/731 729/729/729
f 732/732/732 731/731/731 730/730/730
f 730/730/730 706/706/706 733/733/733
f 732/732/732 730/730/730 733/733/733
f 303/303/303 733/733/733 706/706/706
f 323/323/323 733/733/733 303/303/303
f 732/732/732 733/733/733 323/323/323
f 732/732/732 734/734/734 731/731/731
f 735/735/735 734/734/734 732/732/732
f 734/734/734 735/735/735 736/736/736
f 737/737/737 732/732/732 323/323/323
f 735/735/735 732/732/732 737/737/737
f 737/737/737 323/323/323 328/328/328
f 736/736/736 735/735/735 738/738/738
f 328/328/328 333/333/333 737/737/737
f 333/333/333 739/739/739 737/737/737
f 735/735/735 737/737/737 739/739/739
f 333/333/333 740/740/740 739/739/739
f 738/738/738 735/735/735 741/741/741
f 741/741/741 735/735/735 739/739/739
f 740/740/740 741/741/741 739/739/739
f 742/742/742 738/738/738 741/741/741
f 740/740/740 742/742/742 741/741/741
f 623/623/623 619/619/619 743/743/743
f 744/744/744 743/743/743 619/619/619
f 681/681/681 744/744/744 619/619/619
f 681/681/681 745/745/745 744/744/744
f 744/744/744 745/745/745 743/743/743
f 681/681/681 687/687/687 745/745/745
f 745/745/745 687/687/687 688/688/688
f 745/745/745 688/688/688 743/743/743
f 743/743/743 746/746/746 623/623/623
f 688/688/688 746/746/746 743/743/743
f 623/623/623 746/746/746 625/625/625
f 625/625/625 746/746/746 712/712/712
f 746/746/746 688/688/688 747/747/747
f 746/746/746 747/747/747 712/712/712
f 689/689/689 747/747/747 688/688/688
f 712/712/712 747/747/747 700/700/700
f 692/692/692 747/747/747 689/689/689
f 692/692/692 700/700/700 747/747/747
f 748/748/748 749/749/749 750/750/750
f 751/751/751 752/752/752 753/753/753
