o Sponza_Mesh_048
v 7.375481 2.538154 3.311289
v 7.375481 2.538154 3.348047
v 7.375484 -1.966510 3.348047
v 7.375484 -1.966510 3.311290
v -8.423005 2.538154 3.311289
v -8.423006 2.538154 3.348047
v 7.375481 2.538154 3.348047
v 7.375481 2.538154 3.311289
v -8.423005 2.538154 3.311289
v -8.423005 -1.966514 3.311290
v -8.423006 -1.966514 3.348047
v -8.423006 2.538154 3.348047
v -8.423005 -1.966514 3.311290
v 7.375484 -1.966510 3.311290
v 7.375484 -1.966510 3.348047
v -8.423006 -1.966514 3.348047
v 7.375481 2.538154 3.348047
v 7.318404 2.481077 3.377934
v 7.318407 -1.909433 3.377934
v 7.375484 -1.966510 3.348047
v -8.423006 2.538154 3.348047
v -8.365928 2.481077 3.377934
v 7.318404 2.481077 3.377934
v 7.375481 2.538154 3.348047
v -8.423006 -1.966514 3.348047
v -8.365928 -1.909436 3.377934
v -8.365928 2.481077 3.377934
v -8.423006 2.538154 3.348047
v 7.375484 -1.966510 3.348047
v 7.318407 -1.909433 3.377934
v -8.365928 -1.909436 3.377934
v -8.423006 -1.966514 3.348047
v 3.857193 2.068362 5.527373
v 3.838062 2.068362 5.721618
v 3.702780 2.068362 5.694709
v 3.719260 2.068362 5.527373
v 3.653970 2.068362 5.855616
v 3.781403 2.068362 5.908400
v 3.574706 2.068362 6.003907
v 3.689392 2.068362 6.080537
v 3.468036 2.068362 6.133886
v 3.565568 2.068362 6.231418
v 3.338057 2.068362 6.240557
v 3.414686 2.068362 6.355242
v 3.189766 2.068362 6.319820
v 3.242549 2.068362 6.447252
v 3.145638 2.068362 6.333207
v 3.145638 2.068362 6.476650
v 3.857193 2.042562 5.527373
v 3.838062 2.042562 5.721618
v 3.838062 2.068362 5.721618
v 3.857193 2.068362 5.527373
v 3.781403 2.068362 5.908400
v 3.900806 1.963138 5.734099
v 3.921167 1.963138 5.527373
v 3.781403 2.042562 5.908400
v 3.689392 2.068362 6.080537
v 3.933737 1.963138 5.527373
v 3.933737 1.963138 5.740650
v 3.933737 1.958185 5.769186
v 3.840506 1.963138 5.932881
v 3.879217 1.963138 5.948915
v 3.689393 2.042562 6.080537
v 3.565568 2.068362 6.231418
v 3.742584 1.963138 6.116079
v 3.777423 1.963138 6.139358
v 3.565569 2.042563 6.231418
v 3.414686 2.068362 6.355242
v 3.610803 1.963138 6.276655
v 3.640431 1.963138 6.306282
v 3.414687 2.042563 6.355242
v 3.242549 2.068362 6.447252
v 3.450230 1.963138 6.408435
v 3.473508 1.963138 6.443272
v 3.242550 2.042563 6.447252
v 3.145638 2.068362 6.476650
v 3.145639 2.042563 6.476650
v 3.267031 1.963138 6.506355
v 3.145639 1.963138 6.543180
v 3.283065 1.963138 6.545066
v 3.145639 1.963138 6.586754
v 3.468036 2.418825 6.133886
v 3.574707 2.418825 6.003907
v 3.574706 2.068362 6.003907
v 3.468036 2.068362 6.133886
v 3.653970 2.068362 5.855616
v 3.338057 2.418825 6.240557
v 3.653971 2.418825 5.855616
v 3.338057 2.068362 6.240557
v 3.702780 2.068362 5.694709
v 3.189767 2.418825 6.319820
v 3.702782 2.418825 5.694709
v 3.719260 2.068362 5.527373
v 3.719260 2.418825 5.527373
v 3.189766 2.068362 6.319820
v 3.145638 2.418825 6.333207
v 3.145638 2.068362 6.333207
v 3.640431 2.418825 6.306282
v 3.777422 2.418825 6.139358
v 3.574707 2.418825 6.003907
v 3.468036 2.418825 6.133886
v 3.653971 2.418825 5.855616
v 3.473507 2.418825 6.443273
v 3.879216 2.418825 5.948915
v 3.338057 2.418825 6.240557
v 3.283065 2.418825 6.545066
v 3.189767 2.418825 6.319820
v 3.145638 2.418825 6.333207
v 3.145638 2.418826 6.586754
v 3.702782 2.418825 5.694709
v 3.933737 2.418825 5.740650
v 3.933737 2.418825 5.769186
v 3.933737 2.418825 5.527373
v 3.719260 2.418825 5.527373
v 3.640431 1.963138 6.306282
v 3.777423 1.963138 6.139358
v 3.777422 2.418825 6.139358
v 3.640431 2.418825 6.306282
v 3.879216 2.418825 5.948915
v 3.473508 1.963138 6.443272
v 3.879217 1.963138 5.948915
v 3.933737 2.418825 5.769186
v 3.933737 1.958185 5.769186
v 3.473507 2.418825 6.443273
v 3.283065 1.963138 6.545066
v 3.283065 2.418825 6.545066
v 3.145639 1.963138 6.586754
v 3.145638 2.418826 6.586754
v 2.588497 2.068362 5.694709
v 2.445697 2.068362 5.720900
v 2.445697 2.068362 5.527373
v 2.572016 2.068362 5.527373
v 2.637307 2.068362 5.855616
v 2.509875 2.068362 5.908400
v 2.716570 2.068362 6.003907
v 2.601884 2.068362 6.080537
v 2.823243 2.068362 6.133886
v 2.725708 2.068362 6.231418
v 2.953220 2.068362 6.240557
v 2.876588 2.068362 6.355242
v 3.101511 2.068362 6.319820
v 3.048727 2.068362 6.447252
v 3.145638 2.068362 6.333207
v 3.145638 2.068362 6.476650
v 2.876588 2.068362 6.355242
v 2.876588 2.042563 6.355242
v 2.725709 2.042563 6.231418
v 3.048727 2.068362 6.447252
v 2.725708 2.068362 6.231418
v 3.048728 2.042563 6.447252
v 3.145638 2.068362 6.476650
v 3.145639 2.042563 6.476650
v 2.601885 2.042562 6.080537
v 2.601884 2.068362 6.080537
v 2.548694 1.963138 6.116079
v 3.024246 1.963138 6.506355
v 3.145639 1.963138 6.543180
v 3.008211 1.963138 6.545066
v 3.145639 1.963138 6.586754
v 2.817769 1.963138 6.443272
v 2.841047 1.963138 6.408435
v 2.650846 1.963138 6.306282
v 2.680473 1.963138 6.276655
v 2.513855 1.963138 6.139358
v 2.445698 1.963138 6.032658
v 2.445698 1.963138 5.944204
v 2.445698 1.965048 5.930375
v 2.509875 2.042562 5.908400
v 2.445698 2.042562 5.733512
v 2.509875 2.068362 5.908400
v 2.445697 2.068403 5.733512
v 2.716570 2.068362 6.003907
v 2.716570 2.418825 6.003907
v 2.823242 2.418825 6.133886
v 2.637307 2.068362 5.855616
v 2.823243 2.068362 6.133886
v 2.637307 2.418825 5.855616
v 2.953220 2.418825 6.240557
v 2.588497 2.068362 5.694709
v 2.953220 2.068362 6.240557
v 2.588497 2.418825 5.694709
v 2.572016 2.068362 5.527373
v 2.572015 2.418825 5.527373
v 3.101511 2.418825 6.319820
v 3.101511 2.068362 6.319820
v 3.145638 2.418825 6.333207
v 3.145638 2.068362 6.333207
v 2.716570 2.418825 6.003907
v 2.513855 2.418825 6.139358
v 2.650846 2.418825 6.306282
v 2.823242 2.418825 6.133886
v 2.817769 2.418825 6.443273
v 2.637307 2.418825 5.855616
v 2.953220 2.418825 6.240557
v 3.008211 2.418825 6.545066
v 3.101511 2.418825 6.319820
v 3.145638 2.418825 6.333207
v 3.145638 2.418826 6.586754
v 2.445698 2.418825 5.930375
v 2.445698 2.418825 6.032658
v 2.445698 2.418825 5.720900
v 2.588497 2.418825 5.694709
v 2.445698 2.418825 5.527373
v 2.572015 2.418825 5.527373
v 2.513855 2.418825 6.139358
v 2.513855 1.963138 6.139358
v 2.650846 1.963138 6.306282
v 2.445698 2.418825 6.032658
v 2.445698 1.963138 6.032658
v 2.650846 2.418825 6.306282
v 2.817769 1.963138 6.443272
v 2.817769 2.418825 6.443273
v 3.008211 1.963138 6.545066
v 3.008211 2.418825 6.545066
v 3.145639 1.963138 6.586754
v 3.145638 2.418826 6.586754
v 2.509875 2.068362 5.908400
v 2.445697 2.068403 5.733512
v 2.445697 2.068362 5.720900
v 1.199738 2.068362 5.694709
v 1.064458 2.068362 5.721618
v 1.045326 2.068362 5.527373
v 1.183258 2.068362 5.527373
v 1.248548 2.068362 5.855616
v 1.121116 2.068362 5.908400
v 1.327814 2.068362 6.003907
v 1.213127 2.068362 6.080537
v 1.434482 2.068362 6.133886
v 1.336951 2.068362 6.231418
v 1.564462 2.068362 6.240557
v 1.487833 2.068362 6.355242
v 1.712754 2.068362 6.319820
v 1.659971 2.068362 6.447252
v 1.756880 2.068362 6.333207
v 1.756880 2.068362 6.476650
v 1.064458 2.068362 5.721618
v 1.064458 2.042562 5.721618
v 1.045327 2.042562 5.527373
v 1.045326 2.068362 5.527373
v 1.121116 2.068362 5.908400
v 1.001715 1.963138 5.734099
v 0.981353 1.963138 5.527373
v 1.121117 2.042562 5.908400
v 1.213127 2.068362 6.080537
v 0.967985 1.963138 5.527373
v 0.967985 1.963138 5.740809
v 0.967985 1.958185 5.766548
v 1.062014 1.963138 5.932881
v 1.023306 1.963138 5.948915
v 1.213127 2.042562 6.080537
v 1.336951 2.068362 6.231418
v 1.159935 1.963138 6.116079
v 1.125098 1.963138 6.139358
v 1.336951 2.042563 6.231418
v 1.487833 2.068362 6.355242
v 1.291715 1.963138 6.276655
v 1.262089 1.963138 6.306282
v 1.487833 2.042563 6.355242
v 1.659971 2.068362 6.447252
v 1.452290 1.963138 6.408435
v 1.429013 1.963138 6.443272
v 1.659971 2.042563 6.447252
v 1.756880 2.068362 6.476650
v 1.756881 2.042563 6.476650
v 1.635488 1.963138 6.506355
v 1.619455 1.963138 6.545066
v 1.756881 1.963138 6.543180
v 1.756881 1.963138 6.586754
v 1.327814 2.068362 6.003907
v 1.327815 2.418825 6.003907
v 1.434483 2.418825 6.133886
v 1.248548 2.068362 5.855616
v 1.434482 2.068362 6.133886
v 1.248549 2.418825 5.855616
v 1.564462 2.418825 6.240557
v 1.199738 2.068362 5.694709
v 1.564462 2.068362 6.240557
v 1.199738 2.418825 5.694709
v 1.183258 2.068362 5.527373
v 1.183258 2.418825 5.527373
v 1.712754 2.418825 6.319820
v 1.712754 2.068362 6.319820
v 1.756881 2.418825 6.333207
v 1.756880 2.068362 6.333207
v 1.327815 2.418825 6.003907
v 1.125097 2.418825 6.139358
v 1.262089 2.418825 6.306282
v 1.248549 2.418825 5.855616
v 1.434483 2.418825 6.133886
v 1.023305 2.418825 5.948915
v 1.429013 2.418825 6.443273
v 1.564462 2.418825 6.240557
v 1.619455 2.418825 6.545066
v 1.712754 2.418825 6.319820
v 1.756881 2.418825 6.333207
v 1.756881 2.418825 6.586754
v 1.199738 2.418825 5.694709
v 0.967985 2.418825 5.740809
v 0.967985 2.418825 5.766548
v 0.967985 2.418825 5.527373
v 1.183258 2.418825 5.527373
v 1.125097 2.418825 6.139358
v 1.125098 1.963138 6.139358
v 1.262089 1.963138 6.306282
v 1.023305 2.418825 5.948915
v 1.262089 2.418825 6.306282
v 1.023306 1.963138 5.948915
v 0.967985 2.418825 5.766548
v 0.967985 1.958185 5.766548
v 1.429013 1.963138 6.443272
v 1.429013 2.418825 6.443273
v 1.619455 1.963138 6.545066
v 1.619455 2.418825 6.545066
v 1.756881 1.963138 6.586754
v 1.756881 2.418825 6.586754
v 2.445697 2.068362 5.527373
v 2.445697 2.068362 5.720900
v 2.314023 2.068362 5.694709
v 2.330503 2.068362 5.527373
v 2.265214 2.068362 5.855616
v 2.392647 2.068362 5.908400
v 2.185949 2.068362 6.003907
v 2.300635 2.068362 6.080537
v 2.079279 2.068362 6.133886
v 2.176811 2.068362 6.231418
v 1.949299 2.068362 6.240557
v 2.025931 2.068362 6.355242
v 1.801008 2.068362 6.319820
v 1.853792 2.068362 6.447252
v 1.756880 2.068362 6.333207
v 1.756880 2.068362 6.476650
v 2.176811 2.042563 6.231418
v 2.025931 2.042563 6.355242
v 2.025931 2.068362 6.355242
v 2.176811 2.068362 6.231418
v 1.853792 2.068362 6.447252
v 2.300635 2.042562 6.080537
v 2.300635 2.068362 6.080537
v 2.353828 1.963138 6.116079
v 2.392647 2.042562 5.908400
v 2.392647 2.068362 5.908400
v 2.445697 2.068403 5.733512
v 2.445698 2.042562 5.733512
v 2.445698 1.965048 5.930375
v 2.445698 1.963138 5.944204
v 2.445698 1.963138 6.032658
v 2.388666 1.963138 6.139358
v 2.222047 1.963138 6.276655
v 2.251674 1.963138 6.306282
v 2.061473 1.963138 6.408435
v 2.084749 1.963138 6.443272
v 1.853792 2.042563 6.447252
v 1.756880 2.068362 6.476650
v 1.756881 2.042563 6.476650
v 1.878275 1.963138 6.506355
v 1.756881 1.963138 6.543180
v 1.894307 1.963138 6.545066
v 1.756881 1.963138 6.586754
v 2.079280 2.418825 6.133886
v 2.185949 2.418825 6.003907
v 2.185949 2.068362 6.003907
v 2.079279 2.068362 6.133886
v 2.265214 2.068362 5.855616
v 1.949300 2.418825 6.240557
v 2.265214 2.418825 5.855616
v 1.949299 2.068362 6.240557
v 2.314023 2.068362 5.694709
v 1.801008 2.418825 6.319820
v 2.314024 2.418825 5.694709
v 2.330503 2.068362 5.527373
v 2.330504 2.418825 5.527373
v 1.801008 2.068362 6.319820
v 1.756881 2.418825 6.333207
v 1.756880 2.068362 6.333207
v 2.251673 2.418825 6.306282
v 2.388665 2.418825 6.139358
v 2.185949 2.418825 6.003907
v 2.079280 2.418825 6.133886
v 2.084749 2.418825 6.443273
v 2.265214 2.418825 5.855616
v 1.949300 2.418825 6.240557
v 1.894306 2.418825 6.545066
v 1.801008 2.418825 6.319820
v 1.756881 2.418825 6.333207
v 1.756881 2.418825 6.586754
v 2.445698 2.418825 5.930375
v 2.445698 2.418825 6.032658
v 2.445698 2.418825 5.720900
v 2.314024 2.418825 5.694709
v 2.445698 2.418825 5.527373
v 2.330504 2.418825 5.527373
v 2.251674 1.963138 6.306282
v 2.388666 1.963138 6.139358
v 2.388665 2.418825 6.139358
v 2.445698 2.418825 6.032658
v 2.445698 1.963138 6.032658
v 2.251673 2.418825 6.306282
v 2.084749 1.963138 6.443272
v 2.084749 2.418825 6.443273
v 1.894307 1.963138 6.545066
v 1.894306 2.418825 6.545066
v 1.756881 1.963138 6.586754
v 1.756881 2.418825 6.586754
v 2.445697 2.068362 5.720900
v 2.445697 2.068403 5.733512
v 2.392647 2.068362 5.908400
v 0.890641 2.068362 5.527373
v 0.871508 2.068362 5.721618
v 0.736227 2.068362 5.694709
v 0.752708 2.068362 5.527373
v 0.687416 2.068362 5.855616
v 0.814849 2.068362 5.908400
v 0.608154 2.068362 6.003907
v 0.722840 2.068362 6.080537
v 0.501482 2.068362 6.133886
v 0.599014 2.068362 6.231418
v 0.371504 2.068362 6.240557
v 0.448136 2.068362 6.355242
v 0.223212 2.068362 6.319820
v 0.275997 2.068362 6.447252
v 0.179085 2.068362 6.333207
v 0.179085 2.068362 6.476650
v 0.890642 2.042562 5.527373
v 0.871509 2.042562 5.721618
v 0.871508 2.068362 5.721618
v 0.890641 2.068362 5.527373
v 0.814849 2.068362 5.908400
v 0.934253 1.963138 5.734099
v 0.954614 1.963138 5.527373
v 0.814850 2.042562 5.908400
v 0.722840 2.068362 6.080537
v 0.967985 1.963138 5.527373
v 0.967985 1.963138 5.740809
v 0.967985 1.958185 5.766548
v 0.873954 1.963138 5.932881
v 0.912663 1.963138 5.948915
v 0.722840 2.042562 6.080537
v 0.599014 2.068362 6.231418
v 0.776032 1.963138 6.116079
v 0.810870 1.963138 6.139358
v 0.599016 2.042563 6.231418
v 0.448136 2.068362 6.355242
v 0.644252 1.963138 6.276655
v 0.673879 1.963138 6.306282
v 0.448136 2.042563 6.355242
v 0.275997 2.068362 6.447252
v 0.483677 1.963138 6.408435
v 0.506957 1.963138 6.443272
v 0.275998 2.042563 6.447252
v 0.179085 2.068362 6.476650
v 0.179086 2.042563 6.476650
v 0.300478 1.963138 6.506355
v 0.179086 1.963138 6.543180
v 0.316513 1.963138 6.545066
v 0.179086 1.963138 6.586754
v 0.501482 2.418825 6.133886
v 0.608154 2.418825 6.003907
v 0.608154 2.068362 6.003907
v 0.501482 2.068362 6.133886
v 0.687416 2.068362 5.855616
v 0.371504 2.418825 6.240557
v 0.687417 2.418825 5.855616
v 0.371504 2.068362 6.240557
v 0.736227 2.068362 5.694709
v 0.223213 2.418825 6.319820
v 0.736227 2.418825 5.694709
v 0.752708 2.068362 5.527373
v 0.752709 2.418825 5.527373
v 0.223212 2.068362 6.319820
v 0.179086 2.418825 6.333207
v 0.179085 2.068362 6.333207
v 0.673879 2.418825 6.306282
v 0.810870 2.418825 6.139358
v 0.608154 2.418825 6.003907
v 0.501482 2.418825 6.133886
v 0.687417 2.418825 5.855616
v 0.506955 2.418825 6.443273
v 0.912663 2.418825 5.948915
v 0.371504 2.418825 6.240557
v 0.316512 2.418825 6.545066
v 0.223213 2.418825 6.319820
v 0.179086 2.418825 6.333207
v 0.179086 2.418825 6.586754
v 0.736227 2.418825 5.694709
v 0.967985 2.418825 5.740809
v 0.967985 2.418825 5.766548
v 0.967985 2.418825 5.527373
v 0.752709 2.418825 5.527373
v 0.673879 1.963138 6.306282
v 0.810870 1.963138 6.139358
v 0.810870 2.418825 6.139358
v 0.673879 2.418825 6.306282
v 0.912663 2.418825 5.948915
v 0.506957 1.963138 6.443272
v 0.912663 1.963138 5.948915
v 0.967985 2.418825 5.766548
v 0.967985 1.958185 5.766548
v 0.506955 2.418825 6.443273
v 0.316513 1.963138 6.545066
v 0.316512 2.418825 6.545066
v 0.179086 1.963138 6.586754
v 0.179086 2.418825 6.586754
v -0.378057 2.068362 5.694709
v -0.508319 2.068362 5.720620
v -0.508319 2.068362 5.527373
v -0.394538 2.068362 5.527373
v -0.329246 2.068362 5.855616
v -0.456678 2.068362 5.908400
v -0.249983 2.068362 6.003907
v -0.364670 2.068362 6.080537
v -0.143312 2.068362 6.133886
v -0.240845 2.068362 6.231418
v -0.013334 2.068362 6.240557
v -0.089964 2.068362 6.355242
v 0.134958 2.068362 6.319820
v 0.082174 2.068362 6.447252
v 0.179085 2.068362 6.333207
v 0.179085 2.068362 6.476650
v -0.089964 2.068362 6.355242
v -0.089964 2.042563 6.355242
v -0.240844 2.042563 6.231418
v 0.082174 2.068362 6.447252
v -0.240845 2.068362 6.231418
v 0.082174 2.042563 6.447252
v 0.179085 2.068362 6.476650
v 0.179086 2.042563 6.476650
v -0.364669 2.042562 6.080537
v -0.364670 2.068362 6.080537
v -0.417860 1.963138 6.116079
v -0.456678 2.042562 5.908400
v -0.456678 2.068362 5.908400
v -0.508318 1.966648 5.929789
v -0.508318 2.042562 5.738164
v -0.508319 2.069537 5.738164
v -0.508318 1.963138 5.946845
v -0.508318 1.963138 6.035300
v -0.452698 1.963138 6.139358
v -0.286080 1.963138 6.276655
v -0.315707 1.963138 6.306282
v -0.125506 1.963138 6.408435
v -0.148784 1.963138 6.443272
v 0.057694 1.963138 6.506355
v 0.041659 1.963138 6.545066
v 0.179086 1.963138 6.543180
v 0.179086 1.963138 6.586754
v -0.249983 2.068362 6.003907
v -0.249983 2.418825 6.003907
v -0.143312 2.418825 6.133886
v -0.329246 2.068362 5.855616
v -0.143312 2.068362 6.133886
v -0.329246 2.418825 5.855616
v -0.013334 2.418825 6.240557
v -0.378057 2.068362 5.694709
v -0.013334 2.068362 6.240557
v -0.378057 2.418825 5.694709
v -0.394538 2.068362 5.527373
v -0.394538 2.418825 5.527373
v 0.134958 2.418825 6.319820
v 0.134958 2.068362 6.319820
v 0.179086 2.418825 6.333207
v 0.179085 2.068362 6.333207
v -0.249983 2.418825 6.003907
v -0.452698 2.418825 6.139358
v -0.315707 2.418825 6.306282
v -0.143312 2.418825 6.133886
v -0.148784 2.418825 6.443273
v -0.329246 2.418825 5.855616
v -0.013334 2.418825 6.240557
v 0.041658 2.418825 6.545066
v 0.134958 2.418825 6.319820
v 0.179086 2.418825 6.333207
v 0.179086 2.418825 6.586754
v -0.508318 2.418825 5.929789
v -0.508318 2.418825 6.035300
v -0.508318 2.418825 5.720620
v -0.378057 2.418825 5.694709
v -0.508318 2.418825 5.527373
v -0.394538 2.418825 5.527373
v -0.452698 2.418825 6.139358
v -0.452698 1.963138 6.139358
v -0.315707 1.963138 6.306282
v -0.508318 2.418825 6.035300
v -0.508318 1.963138 6.035300
v -0.315707 2.418825 6.306282
v -0.148784 1.963138 6.443272
v -0.148784 2.418825 6.443273
v 0.041659 1.963138 6.545066
v 0.041658 2.418825 6.545066
v 0.179086 1.963138 6.586754
v 0.179086 2.418825 6.586754
v -0.456678 2.068362 5.908400
v -0.508319 2.069537 5.738164
v -0.508319 2.068362 5.720620
v 4.164692 2.068362 5.694709
v 4.029411 2.068362 5.721618
v 4.010280 2.068362 5.527373
v 4.148212 2.068362 5.527373
v 4.213502 2.068362 5.855616
v 4.086071 2.068362 5.908400
v 4.292765 2.068362 6.003907
v 4.178079 2.068362 6.080537
v 4.399437 2.068362 6.133886
v 4.301904 2.068362 6.231418
v 4.529415 2.068362 6.240557
v 4.452786 2.068362 6.355242
v 4.677707 2.068362 6.319820
v 4.624923 2.068362 6.447252
v 4.721834 2.068362 6.333207
v 4.721834 2.068362 6.476650
v 4.029411 2.068362 5.721618
v 4.029412 2.042562 5.721618
v 4.010280 2.042562 5.527373
v 4.010280 2.068362 5.527373
v 4.086071 2.068362 5.908400
v 3.966667 1.963138 5.734099
v 3.946307 1.963138 5.527373
v 4.086071 2.042562 5.908400
v 4.178079 2.068362 6.080537
v 3.933737 1.963138 5.527373
v 3.933737 1.963138 5.740650
v 3.933737 1.958185 5.769186
v 4.026966 1.963138 5.932881
v 3.988256 1.963138 5.948915
v 4.178079 2.042562 6.080537
v 4.301904 2.068362 6.231418
v 4.124889 1.963138 6.116079
v 4.090050 1.963138 6.139358
v 4.301904 2.042563 6.231418
v 4.452786 2.068362 6.355242
v 4.256670 1.963138 6.276655
v 4.227042 1.963138 6.306282
v 4.452786 2.042563 6.355242
v 4.624923 2.068362 6.447252
v 4.417244 1.963138 6.408435
v 4.393965 1.963138 6.443272
v 4.624924 2.042563 6.447252
v 4.721834 2.068362 6.476650
v 4.721835 2.042563 6.476650
v 4.600443 1.963138 6.506355
v 4.584408 1.963138 6.545066
v 4.721835 1.963138 6.543180
v 4.721835 1.963138 6.586754
v 4.292765 2.068362 6.003907
v 4.292765 2.418825 6.003907
v 4.399437 2.418825 6.133886
v 4.213502 2.068362 5.855616
v 4.399437 2.068362 6.133886
v 4.213504 2.418825 5.855616
v 4.529415 2.418825 6.240557
v 4.164692 2.068362 5.694709
v 4.529415 2.068362 6.240557
v 4.164692 2.418825 5.694709
v 4.148212 2.068362 5.527373
v 4.148212 2.418825 5.527373
v 4.677707 2.418825 6.319820
v 4.677707 2.068362 6.319820
v 4.721835 2.418825 6.333207
v 4.721834 2.068362 6.333207
v 4.292765 2.418825 6.003907
v 4.090050 2.418825 6.139358
v 4.227042 2.418825 6.306282
v 4.213504 2.418825 5.855616
v 4.399437 2.418825 6.133886
v 3.988256 2.418825 5.948915
v 4.393965 2.418825 6.443273
v 4.529415 2.418825 6.240557
v 4.584408 2.418825 6.545066
v 4.677707 2.418825 6.319820
v 4.721835 2.418825 6.333207
v 4.721835 2.418826 6.586754
v 4.164692 2.418825 5.694709
v 3.933737 2.418825 5.740650
v 3.933737 2.418825 5.769186
v 3.933737 2.418825 5.527373
v 4.148212 2.418825 5.527373
v 4.090050 2.418825 6.139358
v 4.090050 1.963138 6.139358
v 4.227042 1.963138 6.306282
v 3.988256 2.418825 5.948915
v 4.227042 2.418825 6.306282
v 3.988256 1.963138 5.948915
v 3.933737 2.418825 5.769186
v 3.933737 1.958185 5.769186
v 4.393965 1.963138 6.443272
v 4.393965 2.418825 6.443273
v 4.584408 1.963138 6.545066
v 4.584408 2.418825 6.545066
v 4.721835 1.963138 6.586754
v 4.721835 2.418826 6.586754
v 5.416627 2.068362 5.527373
v 5.416627 2.068362 5.719956
v 5.278975 2.068362 5.694709
v 5.295458 2.068362 5.527373
v 5.230165 2.068362 5.855616
v 5.357599 2.068362 5.908400
v 5.416627 2.069329 5.747544
v 5.150902 2.068362 6.003907
v 5.265589 2.068362 6.080537
v 5.044230 2.068362 6.133886
v 5.141765 2.068362 6.231418
v 4.914252 2.068362 6.240557
v 4.990884 2.068362 6.355242
v 4.765961 2.068362 6.319820
v 4.818745 2.068362 6.447252
v 4.721834 2.068362 6.333207
v 4.721834 2.068362 6.476650
v 5.141766 2.042563 6.231418
v 4.990884 2.042563 6.355242
v 4.990884 2.068362 6.355242
v 5.141765 2.068362 6.231418
v 4.818745 2.068362 6.447252
v 5.265589 2.042562 6.080537
v 5.265589 2.068362 6.080537
v 5.318780 1.963138 6.116079
v 5.357599 2.042562 5.908400
v 5.357599 2.068362 5.908400
v 5.416627 2.069329 5.747544
v 5.416627 2.042562 5.747544
v 5.416627 1.969874 5.928611
v 5.416627 1.963138 5.952797
v 5.416627 1.963138 6.040721
v 5.353620 1.963138 6.139358
v 5.187001 1.963138 6.276655
v 5.216628 1.963138 6.306282
v 5.026426 1.963138 6.408435
v 5.049703 1.963138 6.443272
v 4.818745 2.042563 6.447252
v 4.721834 2.068362 6.476650
v 4.721835 2.042563 6.476650
v 4.843227 1.963138 6.506355
v 4.721835 1.963138 6.543180
v 4.859262 1.963138 6.545066
v 4.721835 1.963138 6.586754
v 5.044231 2.418825 6.133886
v 5.150902 2.418825 6.003907
v 5.150902 2.068362 6.003907
v 5.044230 2.068362 6.133886
v 5.230165 2.068362 5.855616
v 4.914252 2.418825 6.240557
v 5.230166 2.418825 5.855616
v 4.914252 2.068362 6.240557
v 5.278975 2.068362 5.694709
v 4.765962 2.418825 6.319820
v 5.278975 2.418825 5.694709
v 5.295458 2.068362 5.527373
v 5.295459 2.418825 5.527373
v 4.765961 2.068362 6.319820
v 4.721835 2.418825 6.333207
v 4.721834 2.068362 6.333207
v 5.216628 2.418825 6.306282
v 5.353619 2.418825 6.139358
v 5.150902 2.418825 6.003907
v 5.044231 2.418825 6.133886
v 5.049703 2.418825 6.443273
v 5.230166 2.418825 5.855616
v 4.914252 2.418825 6.240557
v 4.859262 2.418825 6.545066
v 4.765962 2.418825 6.319820
v 4.721835 2.418825 6.333207
v 4.721835 2.418826 6.586754
v 5.416627 2.418825 5.928366
v 5.416627 2.418825 6.040721
v 5.416627 2.418825 5.719956
v 5.278975 2.418825 5.694709
v 5.416627 2.418825 5.527373
v 5.295459 2.418825 5.527373
v 5.216628 1.963138 6.306282
v 5.353620 1.963138 6.139358
v 5.353619 2.418825 6.139358
v 5.416627 2.418825 6.040721
v 5.416627 1.963138 6.040721
v 5.216628 2.418825 6.306282
v 5.049703 1.963138 6.443272
v 5.049703 2.418825 6.443273
v 4.859262 1.963138 6.545066
v 4.859262 2.418825 6.545066
v 4.721835 1.963138 6.586754
v 4.721835 2.418826 6.586754
v -4.719420 2.068362 5.694709
v -4.854698 2.068362 5.721618
v -4.873831 2.068362 5.527373
v -4.735898 2.068362 5.527373
v -4.670608 2.068362 5.855616
v -4.798040 2.068362 5.908400
v -4.591345 2.068362 6.003907
v -4.706028 2.068362 6.080537
v -4.484673 2.068362 6.133886
v -4.582207 2.068362 6.231418
v -4.354695 2.068362 6.240557
v -4.431325 2.068362 6.355242
v -4.206406 2.068362 6.319820
v -4.259185 2.068362 6.447252
v -4.162275 2.068362 6.333207
v -4.162275 2.068362 6.476650
v -4.854698 2.068362 5.721618
v -4.854696 2.042562 5.721618
v -4.873829 2.042562 5.527373
v -4.873831 2.068362 5.527373
v -4.798040 2.068362 5.908400
v -4.917439 1.963138 5.734099
v -4.937801 1.963138 5.527373
v -4.798039 2.042562 5.908400
v -4.706028 2.068362 6.080537
v -4.950373 1.963138 5.527373
v -4.950373 1.963138 5.740650
v -4.950375 1.958185 5.769186
v -4.857143 1.963138 5.932881
v -4.895851 1.963138 5.948915
v -4.706028 2.042562 6.080537
v -4.582207 2.068362 6.231418
v -4.759218 1.963138 6.116079
v -4.794059 1.963138 6.139358
v -4.582204 2.042563 6.231418
v -4.431325 2.068362 6.355242
v -4.627439 1.963138 6.276655
v -4.657067 1.963138 6.306282
v -4.431323 2.042563 6.355242
v -4.259185 2.068362 6.447252
v -4.466863 1.963138 6.408435
v -4.490141 1.963138 6.443272
v -4.259185 2.042563 6.447252
v -4.162275 2.068362 6.476650
v -4.162273 2.042563 6.476650
v -4.283665 1.963138 6.506355
v -4.299703 1.963138 6.545066
v -4.162273 1.963138 6.543180
v -4.162273 1.963138 6.586754
v -4.591345 2.068362 6.003907
v -4.591345 2.418825 6.003907
v -4.484673 2.418825 6.133886
v -4.670608 2.068362 5.855616
v -4.484673 2.068362 6.133886
v -4.670608 2.418825 5.855616
v -4.354695 2.418825 6.240557
v -4.719420 2.068362 5.694709
v -4.354695 2.068362 6.240557
v -4.719420 2.418825 5.694709
v -4.735898 2.068362 5.527373
v -4.735898 2.418825 5.527373
v -4.206404 2.418825 6.319820
v -4.206406 2.068362 6.319820
v -4.162275 2.418825 6.333207
v -4.162275 2.068362 6.333207
v -4.591345 2.418825 6.003907
v -4.794059 2.418825 6.139358
v -4.657068 2.418825 6.306282
v -4.670608 2.418825 5.855616
v -4.484673 2.418825 6.133886
v -4.895855 2.418825 5.948915
v -4.490142 2.418825 6.443273
v -4.354695 2.418825 6.240557
v -4.299703 2.418825 6.545066
v -4.206404 2.418825 6.319820
v -4.162275 2.418825 6.333207
v -4.162275 2.418826 6.586754
v -4.719420 2.418825 5.694709
v -4.950375 2.418825 5.740650
v -4.950375 2.418825 5.769186
v -4.950375 2.418825 5.527373
v -4.735898 2.418825 5.527373
v -4.794059 2.418825 6.139358
v -4.794059 1.963138 6.139358
v -4.657067 1.963138 6.306282
v -4.895855 2.418825 5.948915
v -4.657068 2.418825 6.306282
v -4.895851 1.963138 5.948915
v -4.950375 2.418825 5.769186
v -4.950375 1.958185 5.769186
v -4.490141 1.963138 6.443272
v -4.490142 2.418825 6.443273
v -4.299703 1.963138 6.545066
v -4.299703 2.418825 6.545066
v -4.162273 1.963138 6.586754
v -4.162275 2.418826 6.586754
v -3.462335 2.068362 5.527373
v -3.462335 2.068362 5.720900
v -3.605132 2.068362 5.694709
v -3.588651 2.068362 5.527373
v -3.653944 2.068362 5.855616
v -3.526511 2.068362 5.908400
v -3.733206 2.068362 6.003907
v -3.618521 2.068362 6.080537
v -3.839878 2.068362 6.133886
v -3.742345 2.068362 6.231418
v -3.969857 2.068362 6.240557
v -3.893226 2.068362 6.355242
v -4.118147 2.068362 6.319820
v -4.065367 2.068362 6.447252
v -4.162275 2.068362 6.333207
v -4.162275 2.068362 6.476650
v -3.742342 2.042563 6.231418
v -3.893224 2.042563 6.355242
v -3.893226 2.068362 6.355242
v -3.742345 2.068362 6.231418
v -4.065367 2.068362 6.447252
v -3.618521 2.042562 6.080537
v -3.618521 2.068362 6.080537
v -3.565327 1.963138 6.116079
v -3.526511 2.042562 5.908400
v -3.526511 2.068362 5.908400
v -3.462335 2.068320 5.733512
v -3.462335 2.042562 5.733512
v -3.462335 1.965048 5.930375
v -3.462335 1.963138 5.944204
v -3.462335 1.963138 6.032658
v -3.530490 1.963138 6.139358
v -3.697108 1.963138 6.276655
v -3.667482 1.963138 6.306282
v -3.857683 1.963138 6.408435
v -3.834406 1.963138 6.443272
v -4.065364 2.042563 6.447252
v -4.162275 2.068362 6.476650
v -4.162273 2.042563 6.476650
v -4.040880 1.963138 6.506355
v -4.162273 1.963138 6.543180
v -4.024847 1.963138 6.545066
v -4.162273 1.963138 6.586754
v -3.839876 2.418825 6.133886
v -3.733206 2.418825 6.003907
v -3.733206 2.068362 6.003907
v -3.839878 2.068362 6.133886
v -3.653944 2.068362 5.855616
v -3.969857 2.418825 6.240557
v -3.653944 2.418825 5.855616
v -3.969857 2.068362 6.240557
v -3.605132 2.068362 5.694709
v -4.118147 2.418825 6.319820
v -3.605132 2.418825 5.694709
v -3.588651 2.068362 5.527373
v -3.588654 2.418825 5.527373
v -4.118147 2.068362 6.319820
v -4.162275 2.418825 6.333207
v -4.162275 2.068362 6.333207
v -3.667482 2.418825 6.306282
v -3.530490 2.418825 6.139358
v -3.733206 2.418825 6.003907
v -3.839876 2.418825 6.133886
v -3.834407 2.418825 6.443273
v -3.653944 2.418825 5.855616
v -3.969857 2.418825 6.240557
v -4.024847 2.418825 6.545066
v -4.118147 2.418825 6.319820
v -4.162275 2.418825 6.333207
v -4.162275 2.418826 6.586754
v -3.462335 2.418825 5.930375
v -3.462335 2.418825 6.032658
v -3.462335 2.418825 5.720900
v -3.605132 2.418825 5.694709
v -3.462335 2.418825 5.527373
v -3.588654 2.418825 5.527373
v -3.667482 1.963138 6.306282
v -3.530490 1.963138 6.139358
v -3.530490 2.418825 6.139358
v -3.462335 2.418825 6.032658
v -3.462335 1.963138 6.032658
v -3.667482 2.418825 6.306282
v -3.834406 1.963138 6.443272
v -3.834407 2.418825 6.443273
v -4.024847 1.963138 6.545066
v -4.024847 2.418825 6.545066
v -4.162273 1.963138 6.586754
v -4.162275 2.418826 6.586754
v -3.462335 2.068362 5.720900
v -3.462335 2.068320 5.733512
v -3.526511 2.068362 5.908400
v -2.061963 2.068362 5.527373
v -2.081095 2.068362 5.721618
v -2.216376 2.068362 5.694709
v -2.199895 2.068362 5.527373
v -2.265186 2.068362 5.855616
v -2.137753 2.068362 5.908400
v -2.344451 2.068362 6.003907
v -2.229766 2.068362 6.080537
v -2.451120 2.068362 6.133886
v -2.353587 2.068362 6.231418
v -2.581099 2.068362 6.240557
v -2.504468 2.068362 6.355242
v -2.729390 2.068362 6.319820
v -2.676607 2.068362 6.447252
v -2.773517 2.068362 6.333207
v -2.773517 2.068362 6.476650
v -2.061962 2.042562 5.527373
v -2.081095 2.042562 5.721618
v -2.081095 2.068362 5.721618
v -2.061963 2.068362 5.527373
v -2.137753 2.068362 5.908400
v -2.018350 1.963138 5.734099
v -1.997989 1.963138 5.527373
v -2.137753 2.042562 5.908400
v -2.229766 2.068362 6.080537
v -1.984620 1.963138 5.527373
v -1.984620 1.963138 5.740809
v -1.984620 1.958185 5.766548
v -2.078649 1.963138 5.932881
v -2.039940 1.963138 5.948915
v -2.229763 2.042562 6.080537
v -2.353587 2.068362 6.231418
v -2.176571 1.963138 6.116079
v -2.141734 1.963138 6.139358
v -2.353587 2.042563 6.231418
v -2.504468 2.068362 6.355242
v -2.308350 1.963138 6.276655
v -2.278724 1.963138 6.306282
v -2.504468 2.042563 6.355242
v -2.676607 2.068362 6.447252
v -2.468925 1.963138 6.408435
v -2.445647 1.963138 6.443272
v -2.676607 2.042563 6.447252
v -2.773517 2.068362 6.476650
v -2.773517 2.042563 6.476650
v -2.652124 1.963138 6.506355
v -2.773517 1.963138 6.543180
v -2.636089 1.963138 6.545066
v -2.773517 1.963138 6.586754
v -2.451120 2.418825 6.133886
v -2.344448 2.418825 6.003907
v -2.344451 2.068362 6.003907
v -2.451120 2.068362 6.133886
v -2.265186 2.068362 5.855616
v -2.581099 2.418825 6.240557
v -2.265186 2.418825 5.855616
v -2.581099 2.068362 6.240557
v -2.216376 2.068362 5.694709
v -2.729390 2.418825 6.319820
v -2.216376 2.418825 5.694709
v -2.199895 2.068362 5.527373
v -2.199894 2.418825 5.527373
v -2.729390 2.068362 6.319820
v -2.773517 2.418825 6.333207
v -2.773517 2.068362 6.333207
v -2.278724 2.418825 6.306282
v -2.141734 2.418825 6.139358
v -2.344448 2.418825 6.003907
v -2.451120 2.418825 6.133886
v -2.265186 2.418825 5.855616
v -2.445650 2.418825 6.443273
v -2.039940 2.418825 5.948915
v -2.581099 2.418825 6.240557
v -2.636091 2.418825 6.545066
v -2.729390 2.418825 6.319820
v -2.773517 2.418825 6.333207
v -2.773517 2.418825 6.586754
v -2.216376 2.418825 5.694709
v -1.984621 2.418825 5.740809
v -1.984621 2.418825 5.766548
v -1.984621 2.418825 5.527373
v -2.199894 2.418825 5.527373
v -2.278724 1.963138 6.306282
v -2.141734 1.963138 6.139358
v -2.141734 2.418825 6.139358
v -2.278724 2.418825 6.306282
v -2.039940 2.418825 5.948915
v -2.445647 1.963138 6.443272
v -2.039940 1.963138 5.948915
v -1.984621 2.418825 5.766548
v -1.984620 1.958185 5.766548
v -2.445650 2.418825 6.443273
v -2.636089 1.963138 6.545066
v -2.636091 2.418825 6.545066
v -2.773517 1.963138 6.586754
v -2.773517 2.418825 6.586754
v -3.330661 2.068362 5.694709
v -3.462335 2.068362 5.720900
v -3.462335 2.068362 5.527373
v -3.347140 2.068362 5.527373
v -3.281849 2.068362 5.855616
v -3.409283 2.068362 5.908400
v -3.202585 2.068362 6.003907
v -3.317273 2.068362 6.080537
v -3.095917 2.068362 6.133886
v -3.193448 2.068362 6.231418
v -2.965937 2.068362 6.240557
v -3.042567 2.068362 6.355242
v -2.817646 2.068362 6.319820
v -2.870429 2.068362 6.447252
v -2.773517 2.068362 6.333207
v -2.773517 2.068362 6.476650
v -3.042567 2.068362 6.355242
v -3.042566 2.042563 6.355242
v -3.193446 2.042563 6.231418
v -2.870429 2.068362 6.447252
v -3.193448 2.068362 6.231418
v -2.870429 2.042563 6.447252
v -2.773517 2.068362 6.476650
v -2.773517 2.042563 6.476650
v -3.317273 2.042562 6.080537
v -3.317273 2.068362 6.080537
v -3.370464 1.963138 6.116079
v -2.894909 1.963138 6.506355
v -2.773517 1.963138 6.543180
v -2.910943 1.963138 6.545066
v -2.773517 1.963138 6.586754
v -3.101388 1.963138 6.443272
v -3.078107 1.963138 6.408435
v -3.268310 1.963138 6.306282
v -3.238683 1.963138 6.276655
v -3.405300 1.963138 6.139358
v -3.462335 1.963138 6.032658
v -3.462335 1.963138 5.944204
v -3.462335 1.965048 5.930375
v -3.409280 2.042562 5.908400
v -3.462335 2.042562 5.733512
v -3.409283 2.068362 5.908400
v -3.462335 2.068320 5.733512
v -3.202585 2.068362 6.003907
v -3.202585 2.418825 6.003907
v -3.095917 2.418825 6.133886
v -3.281849 2.068362 5.855616
v -3.095917 2.068362 6.133886
v -3.281849 2.418825 5.855616
v -2.965934 2.418825 6.240557
v -3.330661 2.068362 5.694709
v -2.965937 2.068362 6.240557
v -3.330661 2.418825 5.694709
v -3.347140 2.068362 5.527373
v -3.347140 2.418825 5.527373
v -2.817646 2.418825 6.319820
v -2.817646 2.068362 6.319820
v -2.773517 2.418825 6.333207
v -2.773517 2.068362 6.333207
v -3.202585 2.418825 6.003907
v -3.405304 2.418825 6.139358
v -3.268310 2.418825 6.306282
v -3.095917 2.418825 6.133886
v -3.101388 2.418825 6.443273
v -3.281849 2.418825 5.855616
v -2.965934 2.418825 6.240557
v -2.910944 2.418825 6.545066
v -2.817646 2.418825 6.319820
v -2.773517 2.418825 6.333207
v -2.773517 2.418825 6.586754
v -3.462335 2.418825 5.930375
v -3.462335 2.418825 6.032658
v -3.462335 2.418825 5.720900
v -3.330661 2.418825 5.694709
v -3.462335 2.418825 5.527373
v -3.347140 2.418825 5.527373
v -3.405304 2.418825 6.139358
v -3.405300 1.963138 6.139358
v -3.268310 1.963138 6.306282
v -3.462335 2.418825 6.032658
v -3.462335 1.963138 6.032658
v -3.268310 2.418825 6.306282
v -3.101388 1.963138 6.443272
v -3.101388 2.418825 6.443273
v -2.910943 1.963138 6.545066
v -2.910944 2.418825 6.545066
v -2.773517 1.963138 6.586754
v -2.773517 2.418825 6.586754
v -3.409283 2.068362 5.908400
v -3.462335 2.068320 5.733512
v -3.462335 2.068362 5.720900
v -1.752864 2.068362 5.694709
v -1.888147 2.068362 5.721618
v -1.907277 2.068362 5.527373
v -1.769346 2.068362 5.527373
v -1.704055 2.068362 5.855616
v -1.831487 2.068362 5.908400
v -1.624790 2.068362 6.003907
v -1.739477 2.068362 6.080537
v -1.518120 2.068362 6.133886
v -1.615653 2.068362 6.231418
v -1.388141 2.068362 6.240557
v -1.464772 2.068362 6.355242
v -1.239848 2.068362 6.319820
v -1.292634 2.068362 6.447252
v -1.195722 2.068362 6.333207
v -1.195722 2.068362 6.476650
v -1.888147 2.068362 5.721618
v -1.888146 2.042562 5.721618
v -1.907276 2.042562 5.527373
v -1.907277 2.068362 5.527373
v -1.831487 2.068362 5.908400
v -1.950888 1.963138 5.734099
v -1.971250 1.963138 5.527373
v -1.831487 2.042562 5.908400
v -1.739477 2.068362 6.080537
v -1.984620 1.963138 5.527373
v -1.984620 1.963138 5.740809
v -1.984620 1.958185 5.766548
v -1.890588 1.963138 5.932881
v -1.929298 1.963138 5.948915
v -1.739476 2.042562 6.080537
v -1.615653 2.068362 6.231418
v -1.792667 1.963138 6.116079
v -1.827506 1.963138 6.139358
v -1.615652 2.042563 6.231418
v -1.464772 2.068362 6.355242
v -1.660888 1.963138 6.276655
v -1.690514 1.963138 6.306282
v -1.464771 2.042563 6.355242
v -1.292634 2.068362 6.447252
v -1.500314 1.963138 6.408435
v -1.523591 1.963138 6.443272
v -1.292632 2.042563 6.447252
v -1.195722 2.068362 6.476650
v -1.195722 2.042563 6.476650
v -1.317114 1.963138 6.506355
v -1.333148 1.963138 6.545066
v -1.195722 1.963138 6.543180
v -1.195722 1.963138 6.586754
v -1.624790 2.068362 6.003907
v -1.624790 2.418825 6.003907
v -1.518120 2.418825 6.133886
v -1.704055 2.068362 5.855616
v -1.518120 2.068362 6.133886
v -1.704055 2.418825 5.855616
v -1.388141 2.418825 6.240557
v -1.752864 2.068362 5.694709
v -1.388141 2.068362 6.240557
v -1.752864 2.418825 5.694709
v -1.769346 2.068362 5.527373
v -1.769346 2.418825 5.527373
v -1.239848 2.418825 6.319820
v -1.239848 2.068362 6.319820
v -1.195722 2.418825 6.333207
v -1.195722 2.068362 6.333207
v -1.624790 2.418825 6.003907
v -1.827506 2.418825 6.139358
v -1.690514 2.418825 6.306282
v -1.704055 2.418825 5.855616
v -1.518120 2.418825 6.133886
v -1.929298 2.418825 5.948915
v -1.523592 2.418825 6.443273
v -1.388141 2.418825 6.240557
v -1.333148 2.418825 6.545066
v -1.239848 2.418825 6.319820
v -1.195722 2.418825 6.333207
v -1.195722 2.418825 6.586754
v -1.752864 2.418825 5.694709
v -1.984621 2.418825 5.740809
v -1.984621 2.418825 5.766548
v -1.984621 2.418825 5.527373
v -1.769346 2.418825 5.527373
v -1.827506 2.418825 6.139358
v -1.827506 1.963138 6.139358
v -1.690514 1.963138 6.306282
v -1.929298 2.418825 5.948915
v -1.690514 2.418825 6.306282
v -1.929298 1.963138 5.948915
v -1.984621 2.418825 5.766548
v -1.984620 1.958185 5.766548
v -1.523591 1.963138 6.443272
v -1.523592 2.418825 6.443273
v -1.333148 1.963138 6.545066
v -1.333148 2.418825 6.545066
v -1.195722 1.963138 6.586754
v -1.195722 2.418825 6.586754
v -0.508319 2.068362 5.527373
v -0.508319 2.068362 5.720620
v -0.638581 2.068362 5.694709
v -0.622100 2.068362 5.527373
v -0.687391 2.068362 5.855616
v -0.559958 2.068362 5.908400
v -0.766654 2.068362 6.003907
v -0.651968 2.068362 6.080537
v -0.873325 2.068362 6.133886
v -0.775793 2.068362 6.231418
v -1.003304 2.068362 6.240557
v -0.926673 2.068362 6.355242
v -1.151596 2.068362 6.319820
v -1.098810 2.068362 6.447252
v -1.195722 2.068362 6.333207
v -1.195722 2.068362 6.476650
v -0.775792 2.042563 6.231418
v -0.926672 2.042563 6.355242
v -0.926673 2.068362 6.355242
v -0.775793 2.068362 6.231418
v -1.098810 2.068362 6.447252
v -0.651967 2.042562 6.080537
v -0.651968 2.068362 6.080537
v -0.598775 1.963138 6.116079
v -0.559958 2.042562 5.908400
v -0.559958 2.068362 5.908400
v -0.508318 1.966648 5.929789
v -0.508318 2.042562 5.738164
v -0.508319 2.069537 5.738164
v -0.508318 1.963138 5.946845
v -0.508318 1.963138 6.035300
v -0.563938 1.963138 6.139358
v -0.730556 1.963138 6.276655
v -0.700929 1.963138 6.306282
v -0.891130 1.963138 6.408435
v -0.867852 1.963138 6.443272
v -1.098809 2.042563 6.447252
v -1.195722 2.068362 6.476650
v -1.195722 2.042563 6.476650
v -1.074329 1.963138 6.506355
v -1.195722 1.963138 6.543180
v -1.058295 1.963138 6.545066
v -1.195722 1.963138 6.586754
v -0.873325 2.418825 6.133886
v -0.766654 2.418825 6.003907
v -0.766654 2.068362 6.003907
v -0.873325 2.068362 6.133886
v -0.687391 2.068362 5.855616
v -1.003304 2.418825 6.240557
v -0.687391 2.418825 5.855616
v -1.003304 2.068362 6.240557
v -0.638581 2.068362 5.694709
v -1.151596 2.418825 6.319820
v -0.638581 2.418825 5.694709
v -0.622100 2.068362 5.527373
v -0.622099 2.418825 5.527373
v -1.151596 2.068362 6.319820
v -1.195722 2.418825 6.333207
v -1.195722 2.068362 6.333207
v -0.700929 2.418825 6.306282
v -0.563939 2.418825 6.139358
v -0.766654 2.418825 6.003907
v -0.873325 2.418825 6.133886
v -0.867852 2.418825 6.443273
v -0.687391 2.418825 5.855616
v -1.003304 2.418825 6.240557
v -1.058296 2.418825 6.545066
v -1.151596 2.418825 6.319820
v -1.195722 2.418825 6.333207
v -1.195722 2.418825 6.586754
v -0.508318 2.418825 5.929789
v -0.508318 2.418825 6.035300
v -0.508318 2.418825 5.720620
v -0.638581 2.418825 5.694709
v -0.508318 2.418825 5.527373
v -0.622099 2.418825 5.527373
v -0.700929 1.963138 6.306282
v -0.563938 1.963138 6.139358
v -0.563939 2.418825 6.139358
v -0.508318 2.418825 6.035300
v -0.508318 1.963138 6.035300
v -0.700929 2.418825 6.306282
v -0.867852 1.963138 6.443272
v -0.867852 2.418825 6.443273
v -1.058295 1.963138 6.545066
v -1.058296 2.418825 6.545066
v -1.195722 1.963138 6.586754
v -1.195722 2.418825 6.586754
v -0.508319 2.068362 5.720620
v -0.508319 2.069537 5.738164
v -0.559958 2.068362 5.908400
v -5.026917 2.068362 5.527373
v -5.046050 2.068362 5.721618
v -5.181329 2.068362 5.694709
v -5.164851 2.068362 5.527373
v -5.230140 2.068362 5.855616
v -5.102708 2.068362 5.908400
v -5.309404 2.068362 6.003907
v -5.194716 2.068362 6.080537
v -5.416074 2.068362 6.133886
v -5.318542 2.068362 6.231418
v -5.546054 2.068362 6.240557
v -5.469424 2.068362 6.355242
v -5.694345 2.068362 6.319820
v -5.641559 2.068362 6.447252
v -5.738472 2.068362 6.333207
v -5.738472 2.068362 6.476650
v -5.026917 2.042562 5.527373
v -5.046048 2.042562 5.721618
v -5.046050 2.068362 5.721618
v -5.026917 2.068362 5.527373
v -5.102708 2.068362 5.908400
v -4.983301 1.963138 5.734099
v -4.962942 1.963138 5.527373
v -5.102708 2.042562 5.908400
v -5.194716 2.068362 6.080537
v -4.950373 1.963138 5.527373
v -4.950373 1.963138 5.740650
v -4.950375 1.958185 5.769186
v -5.043602 1.963138 5.932881
v -5.004891 1.963138 5.948915
v -5.194714 2.042562 6.080537
v -5.318542 2.068362 6.231418
v -5.141522 1.963138 6.116079
v -5.106686 1.963138 6.139358
v -5.318540 2.042563 6.231418
v -5.469424 2.068362 6.355242
v -5.273305 1.963138 6.276655
v -5.243676 1.963138 6.306282
v -5.469424 2.042563 6.355242
v -5.641559 2.068362 6.447252
v -5.433880 1.963138 6.408435
v -5.410600 1.963138 6.443272
v -5.641559 2.042563 6.447252
v -5.738472 2.068362 6.476650
v -5.738470 2.042563 6.476650
v -5.617076 1.963138 6.506355
v -5.738469 1.963138 6.543180
v -5.601043 1.963138 6.545066
v -5.738469 1.963138 6.586754
v -5.416074 2.418825 6.133886
v -5.309404 2.418825 6.003907
v -5.309404 2.068362 6.003907
v -5.416074 2.068362 6.133886
v -5.230140 2.068362 5.855616
v -5.546054 2.418825 6.240557
v -5.230140 2.418825 5.855616
v -5.546054 2.068362 6.240557
v -5.181329 2.068362 5.694709
v -5.694345 2.418825 6.319820
v -5.181329 2.418825 5.694709
v -5.164851 2.068362 5.527373
v -5.164851 2.418825 5.527373
v -5.694345 2.068362 6.319820
v -5.738472 2.418825 6.333207
v -5.738472 2.068362 6.333207
v -5.243678 2.418825 6.306282
v -5.106689 2.418825 6.139358
v -5.309404 2.418825 6.003907
v -5.416074 2.418825 6.133886
v -5.230140 2.418825 5.855616
v -5.410601 2.418825 6.443273
v -5.004894 2.418825 5.948915
v -5.546054 2.418825 6.240557
v -5.601046 2.418825 6.545066
v -5.694345 2.418825 6.319820
v -5.738472 2.418825 6.333207
v -5.738472 2.418826 6.586754
v -5.181329 2.418825 5.694709
v -4.950375 2.418825 5.740650
v -4.950375 2.418825 5.769186
v -4.950375 2.418825 5.527373
v -5.164851 2.418825 5.527373
v -5.243676 1.963138 6.306282
v -5.106686 1.963138 6.139358
v -5.106689 2.418825 6.139358
v -5.243678 2.418825 6.306282
v -5.004894 2.418825 5.948915
v -5.410600 1.963138 6.443272
v -5.004891 1.963138 5.948915
v -4.950375 2.418825 5.769186
v -4.950375 1.958185 5.769186
v -5.410601 2.418825 6.443273
v -5.601043 1.963138 6.545066
v -5.601046 2.418825 6.545066
v -5.738469 1.963138 6.586754
v -5.738472 2.418826 6.586754
v -6.295612 2.068362 5.694709
v -6.436939 2.068362 5.720630
v -6.436939 2.068362 5.527373
v -6.312095 2.068362 5.527373
v -6.246804 2.068362 5.855616
v -6.374236 2.068362 5.908400
v -6.167540 2.068362 6.003907
v -6.282226 2.068362 6.080537
v -6.060868 2.068362 6.133886
v -6.158404 2.068362 6.231418
v -5.930890 2.068362 6.240557
v -6.007523 2.068362 6.355242
v -5.782599 2.068362 6.319820
v -5.835382 2.068362 6.447252
v -5.738472 2.068362 6.333207
v -5.738472 2.068362 6.476650
v -6.007523 2.068362 6.355242
v -6.007521 2.042563 6.355242
v -6.158402 2.042563 6.231418
v -5.835382 2.068362 6.447252
v -6.158404 2.068362 6.231418
v -5.835382 2.042563 6.447252
v -5.738472 2.068362 6.476650
v -5.738470 2.042563 6.476650
v -6.282226 2.042562 6.080537
v -6.282226 2.068362 6.080537
v -6.335415 1.963138 6.116079
v -6.374234 2.042562 5.908400
v -6.374236 2.068362 5.908400
v -6.436939 1.966430 5.929869
v -6.436939 2.042562 5.737532
v -6.436939 2.069709 5.737532
v -6.436938 1.963138 5.946665
v -6.436938 1.963138 6.034968
v -6.370254 1.963138 6.139358
v -6.203637 1.963138 6.276655
v -6.233264 1.963138 6.306282
v -6.043061 1.963138 6.408435
v -6.066338 1.963138 6.443272
v -5.859862 1.963138 6.506355
v -5.875897 1.963138 6.545066
v -5.738469 1.963138 6.543180
v -5.738469 1.963138 6.586754
v -6.167540 2.068362 6.003907
v -6.167539 2.418825 6.003907
v -6.060866 2.418825 6.133886
v -6.246804 2.068362 5.855616
v -6.060868 2.068362 6.133886
v -6.246804 2.418825 5.855616
v -5.930890 2.418825 6.240557
v -6.295612 2.068362 5.694709
v -5.930890 2.068362 6.240557
v -6.295612 2.418825 5.694709
v -6.312095 2.068362 5.527373
v -6.312095 2.418825 5.527373
v -5.782601 2.418825 6.319820
v -5.782599 2.068362 6.319820
v -5.738472 2.418825 6.333207
v -5.738472 2.068362 6.333207
v -6.167539 2.418825 6.003907
v -6.370257 2.418825 6.139358
v -6.233265 2.418825 6.306282
v -6.060866 2.418825 6.133886
v -6.066340 2.418825 6.443273
v -6.246804 2.418825 5.855616
v -5.930890 2.418825 6.240557
v -5.875900 2.418825 6.545066
v -5.782601 2.418825 6.319820
v -5.738472 2.418825 6.333207
v -5.738472 2.418826 6.586754
v -6.436939 2.418825 5.929800
v -6.436939 2.418825 6.034968
v -6.436939 2.418825 5.720630
v -6.295612 2.418825 5.694709
v -6.436939 2.418825 5.527373
v -6.312095 2.418825 5.527373
v -6.370257 2.418825 6.139358
v -6.370254 1.963138 6.139358
v -6.233264 1.963138 6.306282
v -6.436939 2.418825 6.034968
v -6.436938 1.963138 6.034968
v -6.233265 2.418825 6.306282
v -6.066338 1.963138 6.443272
v -6.066340 2.418825 6.443273
v -5.875897 1.963138 6.545066
v -5.875900 2.418825 6.545066
v -5.738469 1.963138 6.586754
v -5.738472 2.418826 6.586754
v -6.374236 2.068362 5.908400
v -6.436939 2.069709 5.737532
v -6.436939 2.068362 5.720630
v 6.822974 2.068362 5.527373
v 6.803842 2.068362 5.721618
v 6.668561 2.068362 5.694709
v 6.685041 2.068362 5.527373
v 6.619751 2.068362 5.855616
v 6.747183 2.068362 5.908400
v 6.540488 2.068362 6.003907
v 6.655175 2.068362 6.080537
v 6.433817 2.068362 6.133886
v 6.531351 2.068362 6.231418
v 6.303838 2.068362 6.240557
v 6.380468 2.068362 6.355242
v 6.155548 2.068362 6.319820
v 6.208331 2.068362 6.447252
v 6.111420 2.068362 6.333207
v 6.111420 2.068362 6.476650
v 6.822974 2.042562 5.527373
v 6.803841 2.042562 5.721618
v 6.803842 2.068362 5.721618
v 6.822974 2.068362 5.527373
v 6.747183 2.068362 5.908400
v 6.866587 1.963138 5.734099
v 6.886947 1.963138 5.527373
v 6.747182 2.042562 5.908400
v 6.655175 2.068362 6.080537
v 6.899517 1.963138 5.527373
v 6.899517 1.963138 5.740650
v 6.899517 1.958185 5.769186
v 6.806287 1.963138 5.932881
v 6.844997 1.963138 5.948915
v 6.655175 2.042562 6.080537
v 6.531351 2.068362 6.231418
v 6.708364 1.963138 6.116079
v 6.743203 1.963138 6.139358
v 6.531351 2.042563 6.231418
v 6.380468 2.068362 6.355242
v 6.576583 1.963138 6.276655
v 6.606212 1.963138 6.306282
v 6.380468 2.042563 6.355242
v 6.208331 2.068362 6.447252
v 6.416009 1.963138 6.408435
v 6.439289 1.963138 6.443272
v 6.208331 2.042563 6.447252
v 6.111420 2.068362 6.476650
v 6.111418 2.042563 6.476650
v 6.232811 1.963138 6.506355
v 6.111418 1.963138 6.543180
v 6.248846 1.963138 6.545066
v 6.111418 1.963138 6.586754
v 6.433817 2.418825 6.133886
v 6.540488 2.418825 6.003907
v 6.540488 2.068362 6.003907
v 6.433817 2.068362 6.133886
v 6.619751 2.068362 5.855616
v 6.303839 2.418825 6.240557
v 6.619751 2.418825 5.855616
v 6.303838 2.068362 6.240557
v 6.668561 2.068362 5.694709
v 6.155548 2.418825 6.319820
v 6.668561 2.418825 5.694709
v 6.685041 2.068362 5.527373
v 6.685042 2.418825 5.527373
v 6.155548 2.068362 6.319820
v 6.111418 2.418825 6.333207
v 6.111420 2.068362 6.333207
v 6.606212 2.418825 6.306282
v 6.743203 2.418825 6.139358
v 6.540488 2.418825 6.003907
v 6.433817 2.418825 6.133886
v 6.619751 2.418825 5.855616
v 6.439289 2.418825 6.443273
v 6.844997 2.418825 5.948915
v 6.303839 2.418825 6.240557
v 6.248846 2.418825 6.545066
v 6.155548 2.418825 6.319820
v 6.111418 2.418825 6.333207
v 6.111418 2.418826 6.586754
v 6.668561 2.418825 5.694709
v 6.899517 2.418825 5.740650
v 6.899517 2.418825 5.769186
v 6.899517 2.418825 5.527373
v 6.685042 2.418825 5.527373
v 6.606212 1.963138 6.306282
v 6.743203 1.963138 6.139358
v 6.743203 2.418825 6.139358
v 6.606212 2.418825 6.306282
v 6.844997 2.418825 5.948915
v 6.439289 1.963138 6.443272
v 6.844997 1.963138 5.948915
v 6.899517 2.418825 5.769186
v 6.899517 1.958185 5.769186
v 6.439289 2.418825 6.443273
v 6.248846 1.963138 6.545066
v 6.248846 2.418825 6.545066
v 6.111418 1.963138 6.586754
v 6.111418 2.418826 6.586754
v 5.554278 2.068362 5.694709
v 5.416627 2.068362 5.719956
v 5.416627 2.068362 5.527373
v 5.537796 2.068362 5.527373
v 5.603088 2.068362 5.855616
v 5.475656 2.068362 5.908400
v 5.416627 2.069329 5.747544
v 5.682351 2.068362 6.003907
v 5.567664 2.068362 6.080537
v 5.789024 2.068362 6.133886
v 5.691488 2.068362 6.231418
v 5.919002 2.068362 6.240557
v 5.842369 2.068362 6.355242
v 6.067292 2.068362 6.319820
v 6.014508 2.068362 6.447252
v 6.111420 2.068362 6.333207
v 6.111420 2.068362 6.476650
v 5.842369 2.068362 6.355242
v 5.842369 2.042563 6.355242
v 5.691488 2.042563 6.231418
v 6.014508 2.068362 6.447252
v 5.691488 2.068362 6.231418
v 6.014508 2.042563 6.447252
v 6.111420 2.068362 6.476650
v 6.111418 2.042563 6.476650
v 5.567664 2.042562 6.080537
v 5.567664 2.068362 6.080537
v 5.514474 1.963138 6.116079
v 5.990026 1.963138 6.506355
v 6.111418 1.963138 6.543180
v 5.973991 1.963138 6.545066
v 6.111418 1.963138 6.586754
v 5.783550 1.963138 6.443272
v 5.806828 1.963138 6.408435
v 5.616626 1.963138 6.306282
v 5.646252 1.963138 6.276655
v 5.479634 1.963138 6.139358
v 5.416627 1.963138 6.040721
v 5.416627 1.963138 5.952797
v 5.416627 1.969874 5.928611
v 5.475655 2.042562 5.908400
v 5.416627 2.042562 5.747544
v 5.475656 2.068362 5.908400
v 5.416627 2.069329 5.747544
v 5.682351 2.068362 6.003907
v 5.682351 2.418825 6.003907
v 5.789023 2.418825 6.133886
v 5.603088 2.068362 5.855616
v 5.789024 2.068362 6.133886
v 5.603088 2.418825 5.855616
v 5.919002 2.418825 6.240557
v 5.554278 2.068362 5.694709
v 5.919002 2.068362 6.240557
v 5.554278 2.418825 5.694709
v 5.537796 2.068362 5.527373
v 5.537796 2.418825 5.527373
v 6.067291 2.418825 6.319820
v 6.067292 2.068362 6.319820
v 6.111418 2.418825 6.333207
v 6.111420 2.068362 6.333207
v 5.682351 2.418825 6.003907
v 5.479634 2.418825 6.139358
v 5.616626 2.418825 6.306282
v 5.789023 2.418825 6.133886
v 5.783550 2.418825 6.443273
v 5.603088 2.418825 5.855616
v 5.919002 2.418825 6.240557
v 5.973991 2.418825 6.545066
v 6.067291 2.418825 6.319820
v 6.111418 2.418825 6.333207
v 6.111418 2.418826 6.586754
v 5.416627 2.418825 5.928366
v 5.416627 2.418825 6.040721
v 5.416627 2.418825 5.719956
v 5.554278 2.418825 5.694709
v 5.416627 2.418825 5.527373
v 5.537796 2.418825 5.527373
v 5.479634 2.418825 6.139358
v 5.479634 1.963138 6.139358
v 5.616626 1.963138 6.306282
v 5.416627 2.418825 6.040721
v 5.416627 1.963138 6.040721
v 5.616626 2.418825 6.306282
v 5.783550 1.963138 6.443272
v 5.783550 2.418825 6.443273
v 5.973991 1.963138 6.545066
v 5.973991 2.418825 6.545066
v 6.111418 1.963138 6.586754
v 6.111418 2.418826 6.586754
v -7.692546 2.068362 5.694709
v -7.827825 2.068362 5.721618
v -7.846959 2.068362 5.527373
v -7.709025 2.068362 5.527373
v -7.643736 2.068362 5.855616
v -7.771167 2.068362 5.908400
v -7.564473 2.068362 6.003907
v -7.679160 2.068362 6.080537
v -7.457802 2.068362 6.133886
v -7.555333 2.068362 6.231418
v -7.327822 2.068362 6.240557
v -7.404453 2.068362 6.355242
v -7.179531 2.068362 6.319820
v -7.232316 2.068362 6.447252
v -7.135404 2.068362 6.333207
v -7.135404 2.068362 6.476650
v -7.827825 2.068362 5.721618
v -7.827828 2.042562 5.721618
v -7.846959 2.042562 5.527373
v -7.846959 2.068362 5.527373
v -7.771167 2.068362 5.908400
v -7.890574 1.960836 5.734099
v -7.910933 1.960836 5.527373
v -7.771169 2.042562 5.908400
v -7.679160 2.068362 6.080537
v -7.923501 1.960836 5.527373
v -7.923501 1.960836 5.740650
v -7.923501 1.960836 5.769186
v -7.830271 1.963138 5.932881
v -7.868983 1.963138 5.948915
v -7.679161 2.042562 6.080537
v -7.555333 2.068362 6.231418
v -7.732351 1.963138 6.116079
v -7.767187 1.963138 6.139358
v -7.555335 2.042563 6.231418
v -7.404453 2.068362 6.355242
v -7.600568 1.963138 6.276655
v -7.630198 1.963138 6.306282
v -7.404453 2.042563 6.355242
v -7.232316 2.068362 6.447252
v -7.439995 1.963138 6.408435
v -7.463274 1.963138 6.443272
v -7.232316 2.042563 6.447252
v -7.135404 2.068362 6.476650
v -7.135406 2.042563 6.476650
v -7.256797 1.963138 6.506355
v -7.272831 1.963138 6.545066
v -7.135404 1.963138 6.543180
v -7.135404 1.963138 6.586754
v -7.564473 2.068362 6.003907
v -7.564473 2.418825 6.003907
v -7.457802 2.418825 6.133886
v -7.643736 2.068362 5.855616
v -7.457802 2.068362 6.133886
v -7.643736 2.418825 5.855616
v -7.327822 2.418825 6.240557
v -7.692546 2.068362 5.694709
v -7.327822 2.068362 6.240557
v -7.692546 2.418825 5.694709
v -7.709025 2.068362 5.527373
v -7.709025 2.418825 5.527373
v -7.179531 2.418825 6.319820
v -7.179531 2.068362 6.319820
v -7.135404 2.418825 6.333207
v -7.135404 2.068362 6.333207
v -7.564473 2.418825 6.003907
v -7.767187 2.418825 6.139358
v -7.630196 2.418825 6.306282
v -7.643736 2.418825 5.855616
v -7.457802 2.418825 6.133886
v -7.868982 2.418825 5.948915
v -7.463275 2.418825 6.443273
v -7.327822 2.418825 6.240557
v -7.272829 2.418825 6.545066
v -7.179531 2.418825 6.319820
v -7.135404 2.418825 6.333207
v -7.135404 2.418826 6.586754
v -7.692546 2.418825 5.694709
v -7.923501 2.418825 5.740650
v -7.923501 2.418825 5.769186
v -7.923501 2.418825 5.527373
v -7.709025 2.418825 5.527373
v -7.767187 2.418825 6.139358
v -7.767187 1.963138 6.139358
v -7.630198 1.963138 6.306282
v -7.868982 2.418825 5.948915
v -7.630196 2.418825 6.306282
v -7.868983 1.963138 5.948915
v -7.923501 2.418825 5.769186
v -7.923501 1.960836 5.769186
v -7.463274 1.963138 6.443272
v -7.463275 2.418825 6.443273
v -7.272831 1.963138 6.545066
v -7.272829 2.418825 6.545066
v -7.135404 1.963138 6.586754
v -7.135404 2.418826 6.586754
v -6.436939 2.068362 5.527373
v -6.436939 2.068362 5.720630
v -6.578263 2.068362 5.694709
v -6.561780 2.068362 5.527373
v -6.627072 2.068362 5.855616
v -6.499640 2.068362 5.908400
v -6.706335 2.068362 6.003907
v -6.591650 2.068362 6.080537
v -6.813008 2.068362 6.133886
v -6.715472 2.068362 6.231418
v -6.942986 2.068362 6.240557
v -6.866353 2.068362 6.355242
v -7.091276 2.068362 6.319820
v -7.038493 2.068362 6.447252
v -7.135404 2.068362 6.333207
v -7.135404 2.068362 6.476650
v -6.715474 2.042563 6.231418
v -6.866355 2.042563 6.355242
v -6.866353 2.068362 6.355242
v -6.715472 2.068362 6.231418
v -7.038493 2.068362 6.447252
v -6.591650 2.042562 6.080537
v -6.591650 2.068362 6.080537
v -6.538459 1.963138 6.116079
v -6.499642 2.042562 5.908400
v -6.499640 2.068362 5.908400
v -6.436939 1.966430 5.929869
v -6.436939 2.042562 5.737532
v -6.436939 2.069709 5.737532
v -6.436938 1.963138 5.946665
v -6.436938 1.963138 6.034968
v -6.503619 1.963138 6.139358
v -6.670236 1.963138 6.276655
v -6.640612 1.963138 6.306282
v -6.830813 1.963138 6.408435
v -6.807535 1.963138 6.443272
v -7.038493 2.042563 6.447252
v -7.135404 2.068362 6.476650
v -7.135406 2.042563 6.476650
v -7.014013 1.963138 6.506355
v -7.135404 1.963138 6.543180
v -6.997977 1.963138 6.545066
v -7.135404 1.963138 6.586754
v -6.813009 2.418825 6.133886
v -6.706337 2.418825 6.003907
v -6.706335 2.068362 6.003907
v -6.813008 2.068362 6.133886
v -6.627072 2.068362 5.855616
v -6.942986 2.418825 6.240557
v -6.627072 2.418825 5.855616
v -6.942986 2.068362 6.240557
v -6.578263 2.068362 5.694709
v -7.091276 2.418825 6.319820
v -6.578263 2.418825 5.694709
v -6.561780 2.068362 5.527373
v -6.561780 2.418825 5.527373
v -7.091276 2.068362 6.319820
v -7.135404 2.418825 6.333207
v -7.135404 2.068362 6.333207
v -6.640611 2.418825 6.306282
v -6.503618 2.418825 6.139358
v -6.706337 2.418825 6.003907
v -6.813009 2.418825 6.133886
v -6.807536 2.418825 6.443273
v -6.627072 2.418825 5.855616
v -6.942986 2.418825 6.240557
v -6.997978 2.418825 6.545066
v -7.091276 2.418825 6.319820
v -7.135404 2.418825 6.333207
v -7.135404 2.418826 6.586754
v -6.436939 2.418825 5.929800
v -6.436939 2.418825 6.034968
v -6.436939 2.418825 5.720630
v -6.578263 2.418825 5.694709
v -6.436939 2.418825 5.527373
v -6.561780 2.418825 5.527373
v -6.640612 1.963138 6.306282
v -6.503619 1.963138 6.139358
v -6.503618 2.418825 6.139358
v -6.436939 2.418825 6.034968
v -6.436938 1.963138 6.034968
v -6.640611 2.418825 6.306282
v -6.807535 1.963138 6.443272
v -6.807536 2.418825 6.443273
v -6.997977 1.963138 6.545066
v -6.997978 2.418825 6.545066
v -7.135404 1.963138 6.586754
v -7.135404 2.418826 6.586754
v -6.436939 2.068362 5.720630
v -6.436939 2.069709 5.737532
v -6.499640 2.068362 5.908400
v 3.702782 -1.501011 5.694709
v 3.838063 -1.501011 5.721618
v 3.857194 -1.501011 5.527373
v 3.719261 -1.501011 5.527373
v 3.653971 -1.501011 5.855616
v 3.781403 -1.501011 5.908400
v 3.574708 -1.501011 6.003907
v 3.689393 -1.501011 6.080537
v 3.468037 -1.501011 6.133886
v 3.565570 -1.501011 6.231418
v 3.338058 -1.501011 6.240557
v 3.414687 -1.501011 6.355242
v 3.189767 -1.501011 6.319820
v 3.242550 -1.501011 6.447252
v 3.145639 -1.501011 6.333207
v 3.145639 -1.501011 6.476650
v 3.838063 -1.501011 5.721618
v 3.838063 -1.475212 5.721618
v 3.857194 -1.475212 5.527373
v 3.857194 -1.501011 5.527373
v 3.781403 -1.501011 5.908400
v 3.900807 -1.395786 5.734099
v 3.921167 -1.395786 5.527373
v 3.781404 -1.475212 5.908400
v 3.689393 -1.501011 6.080537
v 3.933738 -1.395786 5.527373
v 3.933738 -1.395786 5.740650
v 3.933738 -1.390834 5.769186
v 3.840507 -1.395786 5.932881
v 3.879218 -1.395786 5.948915
v 3.689394 -1.475212 6.080537
v 3.565570 -1.501011 6.231418
v 3.742585 -1.395786 6.116079
v 3.777424 -1.395786 6.139358
v 3.565570 -1.475212 6.231418
v 3.414687 -1.501011 6.355242
v 3.610804 -1.395787 6.276655
v 3.640432 -1.395787 6.306282
v 3.414688 -1.475212 6.355242
v 3.242550 -1.501011 6.447252
v 3.450231 -1.395787 6.408435
v 3.473509 -1.395787 6.443272
v 3.242550 -1.475212 6.447252
v 3.145639 -1.501011 6.476650
v 3.145639 -1.475212 6.476650
v 3.267032 -1.395787 6.506355
v 3.283066 -1.395787 6.545066
v 3.145639 -1.395787 6.543180
v 3.145639 -1.395787 6.586754
v 3.574708 -1.501011 6.003907
v 3.574708 -1.851474 6.003907
v 3.468037 -1.851474 6.133886
v 3.653971 -1.501011 5.855616
v 3.468037 -1.501011 6.133886
v 3.653972 -1.851474 5.855616
v 3.338058 -1.851474 6.240557
v 3.702782 -1.501011 5.694709
v 3.338058 -1.501011 6.240557
v 3.702783 -1.851474 5.694709
v 3.719261 -1.501011 5.527373
v 3.719262 -1.851474 5.527373
v 3.189767 -1.851474 6.319820
v 3.189767 -1.501011 6.319820
v 3.145639 -1.851474 6.333207
v 3.145639 -1.501011 6.333207
v 3.574708 -1.851474 6.003907
v 3.777423 -1.851474 6.139358
v 3.640432 -1.851474 6.306282
v 3.653972 -1.851474 5.855616
v 3.468037 -1.851474 6.133886
v 3.879217 -1.851474 5.948915
v 3.473508 -1.851474 6.443273
v 3.338058 -1.851474 6.240557
v 3.283066 -1.851474 6.545066
v 3.189767 -1.851474 6.319820
v 3.145639 -1.851474 6.333207
v 3.145639 -1.851475 6.586754
v 3.702783 -1.851474 5.694709
v 3.933738 -1.851474 5.740650
v 3.933738 -1.851474 5.769186
v 3.933738 -1.851474 5.527373
v 3.719262 -1.851474 5.527373
v 3.777423 -1.851474 6.139358
v 3.777424 -1.395786 6.139358
v 3.640432 -1.395787 6.306282
v 3.879217 -1.851474 5.948915
v 3.640432 -1.851474 6.306282
v 3.879218 -1.395786 5.948915
v 3.933738 -1.851474 5.769186
v 3.933738 -1.390834 5.769186
v 3.473509 -1.395787 6.443272
v 3.473508 -1.851474 6.443273
v 3.283066 -1.395787 6.545066
v 3.283066 -1.851474 6.545066
v 3.145639 -1.395787 6.586754
v 3.145639 -1.851475 6.586754
v 2.445698 -1.501011 5.527373
v 2.445698 -1.501011 5.720900
v 2.588498 -1.501011 5.694709
v 2.572017 -1.501011 5.527373
v 2.637308 -1.501011 5.855616
v 2.509875 -1.501011 5.908400
v 2.716571 -1.501011 6.003907
v 2.601886 -1.501011 6.080537
v 2.823243 -1.501011 6.133886
v 2.725709 -1.501011 6.231418
v 2.953221 -1.501011 6.240557
v 2.876590 -1.501011 6.355242
v 3.101511 -1.501011 6.319820
v 3.048728 -1.501011 6.447252
v 3.145639 -1.501011 6.333207
v 3.145639 -1.501011 6.476650
v 2.725710 -1.475212 6.231418
v 2.876590 -1.475212 6.355242
v 2.876590 -1.501011 6.355242
v 2.725709 -1.501011 6.231418
v 3.048728 -1.501011 6.447252
v 2.601886 -1.475212 6.080537
v 2.601886 -1.501011 6.080537
v 2.548694 -1.395786 6.116079
v 2.509875 -1.475212 5.908400
v 2.509875 -1.501011 5.908400
v 2.445698 -1.501052 5.733512
v 2.445699 -1.475212 5.733512
v 2.445699 -1.397697 5.930375
v 2.445699 -1.395786 5.944204
v 2.445699 -1.395786 6.032658
v 2.513855 -1.395786 6.139358
v 2.680474 -1.395787 6.276655
v 2.650847 -1.395787 6.306282
v 2.841048 -1.395787 6.408435
v 2.817770 -1.395787 6.443272
v 3.048729 -1.475212 6.447252
v 3.145639 -1.501011 6.476650
v 3.145639 -1.475212 6.476650
v 3.024246 -1.395787 6.506355
v 3.145639 -1.395787 6.543180
v 3.008212 -1.395787 6.545066
v 3.145639 -1.395787 6.586754
v 2.823243 -1.851474 6.133886
v 2.716571 -1.851474 6.003907
v 2.716571 -1.501011 6.003907
v 2.823243 -1.501011 6.133886
v 2.637308 -1.501011 5.855616
v 2.953221 -1.851474 6.240557
v 2.637308 -1.851474 5.855616
v 2.953221 -1.501011 6.240557
v 2.588498 -1.501011 5.694709
v 3.101511 -1.851474 6.319820
v 2.588498 -1.851474 5.694709
v 2.572017 -1.501011 5.527373
v 2.572016 -1.851474 5.527373
v 3.101511 -1.501011 6.319820
v 3.145639 -1.851474 6.333207
v 3.145639 -1.501011 6.333207
v 2.650847 -1.851474 6.306282
v 2.513855 -1.851474 6.139358
v 2.716571 -1.851474 6.003907
v 2.823243 -1.851474 6.133886
v 2.817770 -1.851474 6.443273
v 2.637308 -1.851474 5.855616
v 2.953221 -1.851474 6.240557
v 3.008212 -1.851474 6.545066
v 3.101511 -1.851474 6.319820
v 3.145639 -1.851474 6.333207
v 3.145639 -1.851475 6.586754
v 2.445699 -1.851474 5.930375
v 2.445699 -1.851474 6.032658
v 2.445699 -1.851474 5.720900
v 2.588498 -1.851474 5.694709
v 2.445699 -1.851474 5.527373
v 2.572016 -1.851474 5.527373
v 2.650847 -1.395787 6.306282
v 2.513855 -1.395786 6.139358
v 2.513855 -1.851474 6.139358
v 2.445699 -1.851474 6.032658
v 2.445699 -1.395786 6.032658
v 2.650847 -1.851474 6.306282
v 2.817770 -1.395787 6.443272
v 2.817770 -1.851474 6.443273
v 3.008212 -1.395787 6.545066
v 3.008212 -1.851474 6.545066
v 3.145639 -1.395787 6.586754
v 3.145639 -1.851475 6.586754
v 2.445698 -1.501011 5.720900
v 2.445698 -1.501052 5.733512
v 2.509875 -1.501011 5.908400
v 1.045328 -1.501011 5.527373
v 1.064458 -1.501011 5.721618
v 1.199739 -1.501011 5.694709
v 1.183259 -1.501011 5.527373
v 1.248550 -1.501011 5.855616
v 1.121117 -1.501011 5.908400
v 1.327815 -1.501011 6.003907
v 1.213128 -1.501011 6.080537
v 1.434483 -1.501011 6.133886
v 1.336952 -1.501011 6.231418
v 1.564463 -1.501011 6.240557
v 1.487834 -1.501011 6.355242
v 1.712755 -1.501011 6.319820
v 1.659972 -1.501011 6.447252
v 1.756882 -1.501011 6.333207
v 1.756882 -1.501011 6.476650
v 1.045328 -1.475212 5.527373
v 1.064459 -1.475212 5.721618
v 1.064458 -1.501011 5.721618
v 1.045328 -1.501011 5.527373
v 1.121117 -1.501011 5.908400
v 1.001716 -1.395786 5.734099
v 0.981354 -1.395786 5.527373
v 1.121118 -1.475212 5.908400
v 1.213128 -1.501011 6.080537
v 0.967986 -1.395786 5.527373
v 0.967986 -1.395786 5.740809
v 0.967986 -1.390834 5.766548
v 1.062016 -1.395786 5.932881
v 1.023306 -1.395786 5.948915
v 1.213129 -1.475212 6.080537
v 1.336952 -1.501011 6.231418
v 1.159935 -1.395786 6.116079
v 1.125098 -1.395786 6.139358
v 1.336952 -1.475212 6.231418
v 1.487834 -1.501011 6.355242
v 1.291716 -1.395787 6.276655
v 1.262090 -1.395787 6.306282
v 1.487834 -1.475212 6.355242
v 1.659972 -1.501011 6.447252
v 1.452290 -1.395787 6.408435
v 1.429014 -1.395787 6.443272
v 1.659972 -1.475212 6.447252
v 1.756882 -1.501011 6.476650
v 1.756882 -1.475212 6.476650
v 1.635490 -1.395787 6.506355
v 1.756882 -1.395787 6.543180
v 1.619456 -1.395787 6.545066
v 1.756882 -1.395787 6.586754
v 1.434484 -1.851474 6.133886
v 1.327815 -1.851474 6.003907
v 1.327815 -1.501011 6.003907
v 1.434483 -1.501011 6.133886
v 1.248550 -1.501011 5.855616
v 1.564463 -1.851474 6.240557
v 1.248550 -1.851474 5.855616
v 1.564463 -1.501011 6.240557
v 1.199739 -1.501011 5.694709
v 1.712755 -1.851474 6.319820
v 1.199740 -1.851474 5.694709
v 1.183259 -1.501011 5.527373
v 1.183259 -1.851474 5.527373
v 1.712755 -1.501011 6.319820
v 1.756882 -1.851474 6.333207
v 1.756882 -1.501011 6.333207
v 1.262090 -1.851474 6.306282
v 1.125098 -1.851474 6.139358
v 1.327815 -1.851474 6.003907
v 1.434484 -1.851474 6.133886
v 1.248550 -1.851474 5.855616
v 1.429014 -1.851474 6.443273
v 1.023306 -1.851474 5.948915
v 1.564463 -1.851474 6.240557
v 1.619456 -1.851474 6.545066
v 1.712755 -1.851474 6.319820
v 1.756882 -1.851474 6.333207
v 1.756882 -1.851474 6.586754
v 1.199740 -1.851474 5.694709
v 0.967986 -1.851474 5.740809
v 0.967986 -1.851474 5.766548
v 0.967986 -1.851474 5.527373
v 1.183259 -1.851474 5.527373
v 1.262090 -1.395787 6.306282
v 1.125098 -1.395786 6.139358
v 1.125098 -1.851474 6.139358
v 1.262090 -1.851474 6.306282
v 1.023306 -1.851474 5.948915
v 1.429014 -1.395787 6.443272
v 1.023306 -1.395786 5.948915
v 0.967986 -1.851474 5.766548
v 0.967986 -1.390834 5.766548
v 1.429014 -1.851474 6.443273
v 1.619456 -1.395787 6.545066
v 1.619456 -1.851474 6.545066
v 1.756882 -1.395787 6.586754
v 1.756882 -1.851474 6.586754
v 2.314025 -1.501011 5.694709
v 2.445698 -1.501011 5.720900
v 2.445698 -1.501011 5.527373
v 2.330504 -1.501011 5.527373
v 2.265215 -1.501011 5.855616
v 2.392647 -1.501011 5.908400
v 2.185950 -1.501011 6.003907
v 2.300636 -1.501011 6.080537
v 2.079280 -1.501011 6.133886
v 2.176812 -1.501011 6.231418
v 1.949300 -1.501011 6.240557
v 2.025931 -1.501011 6.355242
v 1.801009 -1.501011 6.319820
v 1.853793 -1.501011 6.447252
v 1.756882 -1.501011 6.333207
v 1.756882 -1.501011 6.476650
v 2.025931 -1.501011 6.355242
v 2.025931 -1.475212 6.355242
v 2.176813 -1.475212 6.231418
v 1.853793 -1.501011 6.447252
v 2.176812 -1.501011 6.231418
v 1.853793 -1.475212 6.447252
v 1.756882 -1.501011 6.476650
v 1.756882 -1.475212 6.476650
v 2.300636 -1.475212 6.080537
v 2.300636 -1.501011 6.080537
v 2.353829 -1.395786 6.116079
v 1.878275 -1.395787 6.506355
v 1.756882 -1.395787 6.543180
v 1.894308 -1.395787 6.545066
v 1.756882 -1.395787 6.586754
v 2.084751 -1.395787 6.443272
v 2.061474 -1.395787 6.408435
v 2.251674 -1.395787 6.306282
v 2.222048 -1.395787 6.276655
v 2.388667 -1.395786 6.139358
v 2.445699 -1.395786 6.032658
v 2.445699 -1.395786 5.944204
v 2.445699 -1.397697 5.930375
v 2.392647 -1.475212 5.908400
v 2.445699 -1.475212 5.733512
v 2.392647 -1.501011 5.908400
v 2.445698 -1.501052 5.733512
v 2.185950 -1.501011 6.003907
v 2.185950 -1.851474 6.003907
v 2.079281 -1.851474 6.133886
v 2.265215 -1.501011 5.855616
v 2.079280 -1.501011 6.133886
v 2.265215 -1.851474 5.855616
v 1.949301 -1.851474 6.240557
v 2.314025 -1.501011 5.694709
v 1.949300 -1.501011 6.240557
v 2.314025 -1.851474 5.694709
v 2.330504 -1.501011 5.527373
v 2.330505 -1.851474 5.527373
v 1.801009 -1.851474 6.319820
v 1.801009 -1.501011 6.319820
v 1.756882 -1.851474 6.333207
v 1.756882 -1.501011 6.333207
v 2.185950 -1.851474 6.003907
v 2.388666 -1.851474 6.139358
v 2.251674 -1.851474 6.306282
v 2.079281 -1.851474 6.133886
v 2.084751 -1.851474 6.443273
v 2.265215 -1.851474 5.855616
v 1.949301 -1.851474 6.240557
v 1.894308 -1.851474 6.545066
v 1.801009 -1.851474 6.319820
v 1.756882 -1.851474 6.333207
v 1.756882 -1.851474 6.586754
v 2.445699 -1.851474 5.930375
v 2.445699 -1.851474 6.032658
v 2.445699 -1.851474 5.720900
v 2.314025 -1.851474 5.694709
v 2.445699 -1.851474 5.527373
v 2.330505 -1.851474 5.527373
v 2.388666 -1.851474 6.139358
v 2.388667 -1.395786 6.139358
v 2.251674 -1.395787 6.306282
v 2.445699 -1.851474 6.032658
v 2.445699 -1.395786 6.032658
v 2.251674 -1.851474 6.306282
v 2.084751 -1.395787 6.443272
v 2.084751 -1.851474 6.443273
v 1.894308 -1.395787 6.545066
v 1.894308 -1.851474 6.545066
v 1.756882 -1.395787 6.586754
v 1.756882 -1.851474 6.586754
v 2.392647 -1.501011 5.908400
v 2.445698 -1.501052 5.733512
v 2.445698 -1.501011 5.720900
v 0.736228 -1.501011 5.694709
v 0.871509 -1.501011 5.721618
v 0.890642 -1.501011 5.527373
v 0.752709 -1.501011 5.527373
v 0.687417 -1.501011 5.855616
v 0.814850 -1.501011 5.908400
v 0.608155 -1.501011 6.003907
v 0.722842 -1.501011 6.080537
v 0.501483 -1.501011 6.133886
v 0.599016 -1.501011 6.231418
v 0.371505 -1.501011 6.240557
v 0.448137 -1.501011 6.355242
v 0.223213 -1.501011 6.319820
v 0.275998 -1.501011 6.447252
v 0.179086 -1.501011 6.333207
v 0.179086 -1.501011 6.476650
v 0.871509 -1.501011 5.721618
v 0.871510 -1.475212 5.721618
v 0.890642 -1.475212 5.527373
v 0.890642 -1.501011 5.527373
v 0.814850 -1.501011 5.908400
v 0.934254 -1.395786 5.734099
v 0.954614 -1.395786 5.527373
v 0.814850 -1.475212 5.908400
v 0.722842 -1.501011 6.080537
v 0.967986 -1.395786 5.527373
v 0.967986 -1.395786 5.740809
v 0.967986 -1.390834 5.766548
v 0.873955 -1.395786 5.932881
v 0.912665 -1.395786 5.948915
v 0.722842 -1.475212 6.080537
v 0.599016 -1.501011 6.231418
v 0.776033 -1.395786 6.116079
v 0.810871 -1.395786 6.139358
v 0.599017 -1.475212 6.231418
v 0.448137 -1.501011 6.355242
v 0.644253 -1.395787 6.276655
v 0.673880 -1.395787 6.306282
v 0.448138 -1.475212 6.355242
v 0.275998 -1.501011 6.447252
v 0.483678 -1.395787 6.408435
v 0.506958 -1.395787 6.443272
v 0.275998 -1.475212 6.447252
v 0.179086 -1.501011 6.476650
v 0.179087 -1.475212 6.476650
v 0.300479 -1.395787 6.506355
v 0.316514 -1.395787 6.545066
v 0.179087 -1.395787 6.543180
v 0.179087 -1.395787 6.586754
v 0.608155 -1.501011 6.003907
v 0.608154 -1.851474 6.003907
v 0.501483 -1.851474 6.133886
v 0.687417 -1.501011 5.855616
v 0.501483 -1.501011 6.133886
v 0.687418 -1.851474 5.855616
v 0.371506 -1.851474 6.240557
v 0.736228 -1.501011 5.694709
v 0.371505 -1.501011 6.240557
v 0.736228 -1.851474 5.694709
v 0.752709 -1.501011 5.527373
v 0.752710 -1.851474 5.527373
v 0.223214 -1.851474 6.319820
v 0.223213 -1.501011 6.319820
v 0.179086 -1.851474 6.333207
v 0.179086 -1.501011 6.333207
v 0.608154 -1.851474 6.003907
v 0.810870 -1.851474 6.139358
v 0.673880 -1.851474 6.306282
v 0.687418 -1.851474 5.855616
v 0.501483 -1.851474 6.133886
v 0.912664 -1.851474 5.948915
v 0.506957 -1.851474 6.443273
v 0.371506 -1.851474 6.240557
v 0.316513 -1.851474 6.545066
v 0.223214 -1.851474 6.319820
v 0.179086 -1.851474 6.333207
v 0.179086 -1.851474 6.586754
v 0.736228 -1.851474 5.694709
v 0.967986 -1.851474 5.740809
v 0.967986 -1.851474 5.766548
v 0.967986 -1.851474 5.527373
v 0.752710 -1.851474 5.527373
v 0.810870 -1.851474 6.139358
v 0.810871 -1.395786 6.139358
v 0.673880 -1.395787 6.306282
v 0.912664 -1.851474 5.948915
v 0.673880 -1.851474 6.306282
v 0.912665 -1.395786 5.948915
v 0.967986 -1.851474 5.766548
v 0.967986 -1.390834 5.766548
v 0.506958 -1.395787 6.443272
v 0.506957 -1.851474 6.443273
v 0.316514 -1.395787 6.545066
v 0.316513 -1.851474 6.545066
v 0.179087 -1.395787 6.586754
v 0.179086 -1.851474 6.586754
v -0.508318 -1.501011 5.527373
v -0.508318 -1.501011 5.720620
v -0.378056 -1.501011 5.694709
v -0.394537 -1.501011 5.527373
v -0.329245 -1.501011 5.855616
v -0.456678 -1.501011 5.908400
v -0.249982 -1.501011 6.003907
v -0.364669 -1.501011 6.080537
v -0.143311 -1.501011 6.133886
v -0.240844 -1.501011 6.231418
v -0.013333 -1.501011 6.240557
v -0.089963 -1.501011 6.355242
v 0.134959 -1.501011 6.319820
v 0.082175 -1.501011 6.447252
v 0.179086 -1.501011 6.333207
v 0.179086 -1.501011 6.476650
v -0.240843 -1.475212 6.231418
v -0.089963 -1.475212 6.355242
v -0.089963 -1.501011 6.355242
v -0.240844 -1.501011 6.231418
v 0.082175 -1.501011 6.447252
v -0.364667 -1.475212 6.080537
v -0.364669 -1.501011 6.080537
v -0.417859 -1.395786 6.116079
v -0.456677 -1.475212 5.908400
v -0.456678 -1.501011 5.908400
v -0.508317 -1.399297 5.929789
v -0.508317 -1.475212 5.738164
v -0.508318 -1.502186 5.738164
v -0.508317 -1.395786 5.946845
v -0.508317 -1.395786 6.035300
v -0.452696 -1.395786 6.139358
v -0.286079 -1.395787 6.276655
v -0.315706 -1.395787 6.306282
v -0.125505 -1.395787 6.408435
v -0.148782 -1.395787 6.443272
v 0.082175 -1.475212 6.447252
v 0.179086 -1.501011 6.476650
v 0.179087 -1.475212 6.476650
v 0.057694 -1.395787 6.506355
v 0.179087 -1.395787 6.543180
v 0.041660 -1.395787 6.545066
v 0.179087 -1.395787 6.586754
v -0.143311 -1.851474 6.133886
v -0.249982 -1.851474 6.003907
v -0.249982 -1.501011 6.003907
v -0.143311 -1.501011 6.133886
v -0.329245 -1.501011 5.855616
v -0.013333 -1.851474 6.240557
v -0.329245 -1.851474 5.855616
v -0.013333 -1.501011 6.240557
v -0.378056 -1.501011 5.694709
v 0.134959 -1.851474 6.319820
v -0.378056 -1.851474 5.694709
v -0.394537 -1.501011 5.527373
v -0.394537 -1.851474 5.527373
v 0.134959 -1.501011 6.319820
v 0.179086 -1.851474 6.333207
v 0.179086 -1.501011 6.333207
v -0.315706 -1.851474 6.306282
v -0.452698 -1.851474 6.139358
v -0.249982 -1.851474 6.003907
v -0.143311 -1.851474 6.133886
v -0.148783 -1.851474 6.443273
v -0.329245 -1.851474 5.855616
v -0.013333 -1.851474 6.240557
v 0.041660 -1.851474 6.545066
v 0.134959 -1.851474 6.319820
v 0.179086 -1.851474 6.333207
v 0.179086 -1.851474 6.586754
v -0.508318 -1.851474 5.929789
v -0.508318 -1.851474 6.035300
v -0.508318 -1.851474 5.720620
v -0.378056 -1.851474 5.694709
v -0.508318 -1.851474 5.527373
v -0.394537 -1.851474 5.527373
v -0.315706 -1.395787 6.306282
v -0.452696 -1.395786 6.139358
v -0.452698 -1.851474 6.139358
v -0.508318 -1.851474 6.035300
v -0.508317 -1.395786 6.035300
v -0.315706 -1.851474 6.306282
v -0.148782 -1.395787 6.443272
v -0.148783 -1.851474 6.443273
v 0.041660 -1.395787 6.545066
v 0.041660 -1.851474 6.545066
v 0.179087 -1.395787 6.586754
v 0.179086 -1.851474 6.586754
v -0.508318 -1.501011 5.720620
v -0.508318 -1.502186 5.738164
v -0.456678 -1.501011 5.908400
v 4.010281 -1.501011 5.527373
v 4.029412 -1.501011 5.721618
v 4.164694 -1.501011 5.694709
v 4.148213 -1.501011 5.527373
v 4.213504 -1.501011 5.855616
v 4.086071 -1.501011 5.908400
v 4.292766 -1.501011 6.003907
v 4.178080 -1.501011 6.080537
v 4.399438 -1.501011 6.133886
v 4.301904 -1.501011 6.231418
v 4.529416 -1.501011 6.240557
v 4.452787 -1.501011 6.355242
v 4.677707 -1.501011 6.319820
v 4.624924 -1.501011 6.447252
v 4.721835 -1.501011 6.333207
v 4.721835 -1.501011 6.476650
v 4.010281 -1.475212 5.527373
v 4.029413 -1.475212 5.721618
v 4.029412 -1.501011 5.721618
v 4.010281 -1.501011 5.527373
v 4.086071 -1.501011 5.908400
v 3.966668 -1.395786 5.734099
v 3.946308 -1.395786 5.527373
v 4.086072 -1.475212 5.908400
v 4.178080 -1.501011 6.080537
v 3.933738 -1.395786 5.527373
v 3.933738 -1.395786 5.740650
v 3.933738 -1.390834 5.769186
v 4.026967 -1.395786 5.932881
v 3.988258 -1.395786 5.948915
v 4.178080 -1.475212 6.080537
v 4.301904 -1.501011 6.231418
v 4.124890 -1.395786 6.116079
v 4.090051 -1.395786 6.139358
v 4.301904 -1.475212 6.231418
v 4.452787 -1.501011 6.355242
v 4.256672 -1.395787 6.276655
v 4.227043 -1.395787 6.306282
v 4.452787 -1.475212 6.355242
v 4.624924 -1.501011 6.447252
v 4.417245 -1.395787 6.408435
v 4.393966 -1.395787 6.443272
v 4.624924 -1.475212 6.447252
v 4.721835 -1.501011 6.476650
v 4.721836 -1.475212 6.476650
v 4.600444 -1.395787 6.506355
v 4.721836 -1.395787 6.543180
v 4.584409 -1.395787 6.545066
v 4.721836 -1.395787 6.586754
v 4.399438 -1.851474 6.133886
v 4.292767 -1.851474 6.003907
v 4.292766 -1.501011 6.003907
v 4.399438 -1.501011 6.133886
v 4.213504 -1.501011 5.855616
v 4.529416 -1.851474 6.240557
v 4.213504 -1.851474 5.855616
v 4.529416 -1.501011 6.240557
v 4.164694 -1.501011 5.694709
v 4.677707 -1.851474 6.319820
v 4.164694 -1.851474 5.694709
v 4.148213 -1.501011 5.527373
v 4.148213 -1.851474 5.527373
v 4.677707 -1.501011 6.319820
v 4.721836 -1.851474 6.333207
v 4.721835 -1.501011 6.333207
v 4.227043 -1.851474 6.306282
v 4.090051 -1.851474 6.139358
v 4.292767 -1.851474 6.003907
v 4.399438 -1.851474 6.133886
v 4.213504 -1.851474 5.855616
v 4.393966 -1.851474 6.443273
v 3.988258 -1.851474 5.948915
v 4.529416 -1.851474 6.240557
v 4.584409 -1.851474 6.545066
v 4.677707 -1.851474 6.319820
v 4.721836 -1.851474 6.333207
v 4.721836 -1.851475 6.586754
v 4.164694 -1.851474 5.694709
v 3.933738 -1.851474 5.740650
v 3.933738 -1.851474 5.769186
v 3.933738 -1.851474 5.527373
v 4.148213 -1.851474 5.527373
v 4.227043 -1.395787 6.306282
v 4.090051 -1.395786 6.139358
v 4.090051 -1.851474 6.139358
v 4.227043 -1.851474 6.306282
v 3.988258 -1.851474 5.948915
v 4.393966 -1.395787 6.443272
v 3.988258 -1.395786 5.948915
v 3.933738 -1.851474 5.769186
v 3.933738 -1.390834 5.769186
v 4.393966 -1.851474 6.443273
v 4.584409 -1.395787 6.545066
v 4.584409 -1.851474 6.545066
v 4.721836 -1.395787 6.586754
v 4.721836 -1.851475 6.586754
v 5.278976 -1.501011 5.694709
v 5.416628 -1.501011 5.719956
v 5.416628 -1.501011 5.527373
v 5.295459 -1.501011 5.527373
v 5.230167 -1.501011 5.855616
v 5.357599 -1.501011 5.908400
v 5.416628 -1.501978 5.747544
v 5.150903 -1.501011 6.003907
v 5.265590 -1.501011 6.080537
v 5.044231 -1.501011 6.133886
v 5.141766 -1.501011 6.231418
v 4.914253 -1.501011 6.240557
v 4.990885 -1.501011 6.355242
v 4.765962 -1.501011 6.319820
v 4.818747 -1.501011 6.447252
v 4.721835 -1.501011 6.333207
v 4.721835 -1.501011 6.476650
v 4.990885 -1.501011 6.355242
v 4.990885 -1.475212 6.355242
v 5.141767 -1.475212 6.231418
v 4.818747 -1.501011 6.447252
v 5.141766 -1.501011 6.231418
v 4.818747 -1.475212 6.447252
v 4.721835 -1.501011 6.476650
v 4.721836 -1.475212 6.476650
v 5.265590 -1.475212 6.080537
v 5.265590 -1.501011 6.080537
v 5.318781 -1.395786 6.116079
v 4.843229 -1.395787 6.506355
v 4.721836 -1.395787 6.543180
v 4.859262 -1.395787 6.545066
v 4.721836 -1.395787 6.586754
v 5.049704 -1.395787 6.443272
v 5.026427 -1.395787 6.408435
v 5.216628 -1.395787 6.306282
v 5.187002 -1.395787 6.276655
v 5.353621 -1.395786 6.139358
v 5.416628 -1.395786 6.040721
v 5.416628 -1.395786 5.952797
v 5.416628 -1.402523 5.928611
v 5.357600 -1.475212 5.908400
v 5.416628 -1.475212 5.747544
v 5.357599 -1.501011 5.908400
v 5.416628 -1.501978 5.747544
v 5.150903 -1.501011 6.003907
v 5.150903 -1.851474 6.003907
v 5.044231 -1.851474 6.133886
v 5.230167 -1.501011 5.855616
v 5.044231 -1.501011 6.133886
v 5.230167 -1.851474 5.855616
v 4.914253 -1.851474 6.240557
v 5.278976 -1.501011 5.694709
v 4.914253 -1.501011 6.240557
v 5.278977 -1.851474 5.694709
v 5.295459 -1.501011 5.527373
v 5.295459 -1.851474 5.527373
v 4.765964 -1.851474 6.319820
v 4.765962 -1.501011 6.319820
v 4.721836 -1.851474 6.333207
v 4.721835 -1.501011 6.333207
v 5.150903 -1.851474 6.003907
v 5.353620 -1.851474 6.139358
v 5.216628 -1.851474 6.306282
v 5.044231 -1.851474 6.133886
v 5.049704 -1.851474 6.443273
v 5.230167 -1.851474 5.855616
v 4.914253 -1.851474 6.240557
v 4.859262 -1.851474 6.545066
v 4.765964 -1.851474 6.319820
v 4.721836 -1.851474 6.333207
v 4.721836 -1.851475 6.586754
v 5.416628 -1.851474 5.928366
v 5.416628 -1.851474 6.040721
v 5.416628 -1.851474 5.719956
v 5.278977 -1.851474 5.694709
v 5.416628 -1.851474 5.527373
v 5.295459 -1.851474 5.527373
v 5.353620 -1.851474 6.139358
v 5.353621 -1.395786 6.139358
v 5.216628 -1.395787 6.306282
v 5.416628 -1.851474 6.040721
v 5.416628 -1.395786 6.040721
v 5.216628 -1.851474 6.306282
v 5.049704 -1.395787 6.443272
v 5.049704 -1.851474 6.443273
v 4.859262 -1.395787 6.545066
v 4.859262 -1.851474 6.545066
v 4.721836 -1.395787 6.586754
v 4.721836 -1.851475 6.586754
v -4.873831 -1.501011 5.527373
v -4.854698 -1.501011 5.721618
v -4.719418 -1.501011 5.694709
v -4.735897 -1.501011 5.527373
v -4.670608 -1.501011 5.855616
v -4.798039 -1.501011 5.908400
v -4.591344 -1.501011 6.003907
v -4.706028 -1.501011 6.080537
v -4.484672 -1.501011 6.133886
v -4.582205 -1.501011 6.231418
v -4.354694 -1.501011 6.240557
v -4.431324 -1.501011 6.355242
v -4.206404 -1.501011 6.319820
v -4.259183 -1.501011 6.447252
v -4.162274 -1.501011 6.333207
v -4.162274 -1.501011 6.476650
v -4.873828 -1.475212 5.527373
v -4.854696 -1.475212 5.721618
v -4.854698 -1.501011 5.721618
v -4.873831 -1.501011 5.527373
v -4.798039 -1.501011 5.908400
v -4.917439 -1.395786 5.734099
v -4.937800 -1.395786 5.527373
v -4.798037 -1.475212 5.908400
v -4.706028 -1.501011 6.080537
v -4.950372 -1.395786 5.527373
v -4.950372 -1.395786 5.740650
v -4.950373 -1.390834 5.769186
v -4.857142 -1.395786 5.932881
v -4.895851 -1.395786 5.948915
v -4.706028 -1.475212 6.080537
v -4.582205 -1.501011 6.231418
v -4.759218 -1.395786 6.116079
v -4.794058 -1.395786 6.139358
v -4.582203 -1.475212 6.231418
v -4.431324 -1.501011 6.355242
v -4.627439 -1.395787 6.276655
v -4.657066 -1.395787 6.306282
v -4.431322 -1.475212 6.355242
v -4.259183 -1.501011 6.447252
v -4.466863 -1.395787 6.408435
v -4.490140 -1.395787 6.443272
v -4.259183 -1.475212 6.447252
v -4.162274 -1.501011 6.476650
v -4.162271 -1.475212 6.476650
v -4.283664 -1.395787 6.506355
v -4.162271 -1.395787 6.543180
v -4.299701 -1.395787 6.545066
v -4.162271 -1.395787 6.586754
v -4.484672 -1.851474 6.133886
v -4.591344 -1.851474 6.003907
v -4.591344 -1.501011 6.003907
v -4.484672 -1.501011 6.133886
v -4.670608 -1.501011 5.855616
v -4.354694 -1.851474 6.240557
v -4.670608 -1.851474 5.855616
v -4.354694 -1.501011 6.240557
v -4.719418 -1.501011 5.694709
v -4.206403 -1.851474 6.319820
v -4.719418 -1.851474 5.694709
v -4.735897 -1.501011 5.527373
v -4.735897 -1.851474 5.527373
v -4.206404 -1.501011 6.319820
v -4.162274 -1.851474 6.333207
v -4.162274 -1.501011 6.333207
v -4.657067 -1.851474 6.306282
v -4.794059 -1.851474 6.139358
v -4.591344 -1.851474 6.003907
v -4.484672 -1.851474 6.133886
v -4.670608 -1.851474 5.855616
v -4.490141 -1.851474 6.443273
v -4.895854 -1.851474 5.948915
v -4.354694 -1.851474 6.240557
v -4.299701 -1.851474 6.545066
v -4.206403 -1.851474 6.319820
v -4.162274 -1.851474 6.333207
v -4.162274 -1.851475 6.586754
v -4.719418 -1.851474 5.694709
v -4.950373 -1.851474 5.740650
v -4.950373 -1.851474 5.769186
v -4.950373 -1.851474 5.527373
v -4.735897 -1.851474 5.527373
v -4.657066 -1.395787 6.306282
v -4.794058 -1.395786 6.139358
v -4.794059 -1.851474 6.139358
v -4.657067 -1.851474 6.306282
v -4.895854 -1.851474 5.948915
v -4.490140 -1.395787 6.443272
v -4.895851 -1.395786 5.948915
v -4.950373 -1.851474 5.769186
v -4.950373 -1.390834 5.769186
v -4.490141 -1.851474 6.443273
v -4.299701 -1.395787 6.545066
v -4.299701 -1.851474 6.545066
v -4.162271 -1.395787 6.586754
v -4.162274 -1.851475 6.586754
v -3.605131 -1.501011 5.694709
v -3.462334 -1.501011 5.720900
v -3.462334 -1.501011 5.527373
v -3.588651 -1.501011 5.527373
v -3.653943 -1.501011 5.855616
v -3.526510 -1.501011 5.908400
v -3.733205 -1.501011 6.003907
v -3.618519 -1.501011 6.080537
v -3.839877 -1.501011 6.133886
v -3.742344 -1.501011 6.231418
v -3.969855 -1.501011 6.240557
v -3.893225 -1.501011 6.355242
v -4.118147 -1.501011 6.319820
v -4.065366 -1.501011 6.447252
v -4.162274 -1.501011 6.333207
v -4.162274 -1.501011 6.476650
v -3.893225 -1.501011 6.355242
v -3.893223 -1.475212 6.355242
v -3.742342 -1.475212 6.231418
v -4.065366 -1.501011 6.447252
v -3.742344 -1.501011 6.231418
v -4.065363 -1.475212 6.447252
v -4.162274 -1.501011 6.476650
v -4.162271 -1.475212 6.476650
v -3.618519 -1.475212 6.080537
v -3.618519 -1.501011 6.080537
v -3.565327 -1.395786 6.116079
v -4.040879 -1.395787 6.506355
v -4.162271 -1.395787 6.543180
v -4.024846 -1.395787 6.545066
v -4.162271 -1.395787 6.586754
v -3.834404 -1.395787 6.443272
v -3.857682 -1.395787 6.408435
v -3.667481 -1.395787 6.306282
v -3.697107 -1.395787 6.276655
v -3.530488 -1.395786 6.139358
v -3.462334 -1.395786 6.032658
v -3.462334 -1.395786 5.944204
v -3.462334 -1.397697 5.930375
v -3.526510 -1.475212 5.908400
v -3.462334 -1.475212 5.733512
v -3.526510 -1.501011 5.908400
v -3.462334 -1.500969 5.733512
v -3.733205 -1.501011 6.003907
v -3.733205 -1.851474 6.003907
v -3.839875 -1.851474 6.133886
v -3.653943 -1.501011 5.855616
v -3.839877 -1.501011 6.133886
v -3.653943 -1.851474 5.855616
v -3.969855 -1.851474 6.240557
v -3.605131 -1.501011 5.694709
v -3.969855 -1.501011 6.240557
v -3.605131 -1.851474 5.694709
v -3.588651 -1.501011 5.527373
v -3.588652 -1.851474 5.527373
v -4.118147 -1.851474 6.319820
v -4.118147 -1.501011 6.319820
v -4.162274 -1.851474 6.333207
v -4.162274 -1.501011 6.333207
v -3.733205 -1.851474 6.003907
v -3.530488 -1.851474 6.139358
v -3.667481 -1.851474 6.306282
v -3.839875 -1.851474 6.133886
v -3.834407 -1.851474 6.443273
v -3.653943 -1.851474 5.855616
v -3.969855 -1.851474 6.240557
v -4.024846 -1.851474 6.545066
v -4.118147 -1.851474 6.319820
v -4.162274 -1.851474 6.333207
v -4.162274 -1.851475 6.586754
v -3.462334 -1.851474 5.930375
v -3.462334 -1.851474 6.032658
v -3.462334 -1.851474 5.720900
v -3.605131 -1.851474 5.694709
v -3.462334 -1.851474 5.527373
v -3.588652 -1.851474 5.527373
v -3.530488 -1.851474 6.139358
v -3.530488 -1.395786 6.139358
v -3.667481 -1.395787 6.306282
v -3.462334 -1.851474 6.032658
v -3.462334 -1.395786 6.032658
v -3.667481 -1.851474 6.306282
v -3.834404 -1.395787 6.443272
v -3.834407 -1.851474 6.443273
v -4.024846 -1.395787 6.545066
v -4.024846 -1.851474 6.545066
v -4.162271 -1.395787 6.586754
v -4.162274 -1.851475 6.586754
v -3.526510 -1.501011 5.908400
v -3.462334 -1.500969 5.733512
v -3.462334 -1.501011 5.720900
v -2.216375 -1.501011 5.694709
v -2.081094 -1.501011 5.721618
v -2.061962 -1.501011 5.527373
v -2.199894 -1.501011 5.527373
v -2.265186 -1.501011 5.855616
v -2.137752 -1.501011 5.908400
v -2.344450 -1.501011 6.003907
v -2.229766 -1.501011 6.080537
v -2.451119 -1.501011 6.133886
v -2.353586 -1.501011 6.231418
v -2.581098 -1.501011 6.240557
v -2.504466 -1.501011 6.355242
v -2.729389 -1.501011 6.319820
v -2.676606 -1.501011 6.447252
v -2.773516 -1.501011 6.333207
v -2.773516 -1.501011 6.476650
v -2.081094 -1.501011 5.721618
v -2.081094 -1.475212 5.721618
v -2.061961 -1.475212 5.527373
v -2.061962 -1.501011 5.527373
v -2.137752 -1.501011 5.908400
v -2.018349 -1.395786 5.734099
v -1.997988 -1.395786 5.527373
v -2.137752 -1.475212 5.908400
v -2.229766 -1.501011 6.080537
v -1.984619 -1.395786 5.527373
v -1.984619 -1.395786 5.740809
v -1.984619 -1.390834 5.766548
v -2.078648 -1.395786 5.932881
v -2.039939 -1.395786 5.948915
v -2.229762 -1.475212 6.080537
v -2.353586 -1.501011 6.231418
v -2.176570 -1.395786 6.116079
v -2.141733 -1.395786 6.139358
v -2.353586 -1.475212 6.231418
v -2.504466 -1.501011 6.355242
v -2.308350 -1.395787 6.276655
v -2.278723 -1.395787 6.306282
v -2.504466 -1.475212 6.355242
v -2.676606 -1.501011 6.447252
v -2.468924 -1.395787 6.408435
v -2.445647 -1.395787 6.443272
v -2.676606 -1.475212 6.447252
v -2.773516 -1.501011 6.476650
v -2.773516 -1.475212 6.476650
v -2.652123 -1.395787 6.506355
v -2.636088 -1.395787 6.545066
v -2.773516 -1.395787 6.543180
v -2.773516 -1.395787 6.586754
v -2.344450 -1.501011 6.003907
v -2.344447 -1.851474 6.003907
v -2.451119 -1.851474 6.133886
v -2.265186 -1.501011 5.855616
v -2.451119 -1.501011 6.133886
v -2.265186 -1.851474 5.855616
v -2.581098 -1.851474 6.240557
v -2.216375 -1.501011 5.694709
v -2.581098 -1.501011 6.240557
v -2.216375 -1.851474 5.694709
v -2.199894 -1.501011 5.527373
v -2.199893 -1.851474 5.527373
v -2.729389 -1.851474 6.319820
v -2.729389 -1.501011 6.319820
v -2.773516 -1.851474 6.333207
v -2.773516 -1.501011 6.333207
v -2.344447 -1.851474 6.003907
v -2.141733 -1.851474 6.139358
v -2.278723 -1.851474 6.306282
v -2.265186 -1.851474 5.855616
v -2.451119 -1.851474 6.133886
v -2.039939 -1.851474 5.948915
v -2.445649 -1.851474 6.443273
v -2.581098 -1.851474 6.240557
v -2.636090 -1.851474 6.545066
v -2.729389 -1.851474 6.319820
v -2.773516 -1.851474 6.333207
v -2.773516 -1.851474 6.586754
v -2.216375 -1.851474 5.694709
v -1.984620 -1.851474 5.740809
v -1.984620 -1.851474 5.766548
v -1.984620 -1.851474 5.527373
v -2.199893 -1.851474 5.527373
v -2.141733 -1.851474 6.139358
v -2.141733 -1.395786 6.139358
v -2.278723 -1.395787 6.306282
v -2.039939 -1.851474 5.948915
v -2.278723 -1.851474 6.306282
v -2.039939 -1.395786 5.948915
v -1.984620 -1.851474 5.766548
v -1.984619 -1.390834 5.766548
v -2.445647 -1.395787 6.443272
v -2.445649 -1.851474 6.443273
v -2.636088 -1.395787 6.545066
v -2.636090 -1.851474 6.545066
v -2.773516 -1.395787 6.586754
v -2.773516 -1.851474 6.586754
v -3.462334 -1.501011 5.527373
v -3.462334 -1.501011 5.720900
v -3.330660 -1.501011 5.694709
v -3.347139 -1.501011 5.527373
v -3.281848 -1.501011 5.855616
v -3.409282 -1.501011 5.908400
v -3.202584 -1.501011 6.003907
v -3.317271 -1.501011 6.080537
v -3.095916 -1.501011 6.133886
v -3.193447 -1.501011 6.231418
v -2.965935 -1.501011 6.240557
v -3.042567 -1.501011 6.355242
v -2.817645 -1.501011 6.319820
v -2.870428 -1.501011 6.447252
v -2.773516 -1.501011 6.333207
v -2.773516 -1.501011 6.476650
v -3.193446 -1.475212 6.231418
v -3.042565 -1.475212 6.355242
v -3.042567 -1.501011 6.355242
v -3.193447 -1.501011 6.231418
v -2.870428 -1.501011 6.447252
v -3.317271 -1.475212 6.080537
v -3.317271 -1.501011 6.080537
v -3.370463 -1.395786 6.116079
v -3.409279 -1.475212 5.908400
v -3.409282 -1.501011 5.908400
v -3.462334 -1.500969 5.733512
v -3.462334 -1.475212 5.733512
v -3.462334 -1.397697 5.930375
v -3.462334 -1.395786 5.944204
v -3.462334 -1.395786 6.032658
v -3.405299 -1.395786 6.139358
v -3.238682 -1.395787 6.276655
v -3.268309 -1.395787 6.306282
v -3.078106 -1.395787 6.408435
v -3.101387 -1.395787 6.443272
v -2.870428 -1.475212 6.447252
v -2.773516 -1.501011 6.476650
v -2.773516 -1.475212 6.476650
v -2.894908 -1.395787 6.506355
v -2.773516 -1.395787 6.543180
v -2.910942 -1.395787 6.545066
v -2.773516 -1.395787 6.586754
v -3.095916 -1.851474 6.133886
v -3.202584 -1.851474 6.003907
v -3.202584 -1.501011 6.003907
v -3.095916 -1.501011 6.133886
v -3.281848 -1.501011 5.855616
v -2.965934 -1.851474 6.240557
v -3.281848 -1.851474 5.855616
v -2.965935 -1.501011 6.240557
v -3.330660 -1.501011 5.694709
v -2.817645 -1.851474 6.319820
v -3.330660 -1.851474 5.694709
v -3.347139 -1.501011 5.527373
v -3.347139 -1.851474 5.527373
v -2.817645 -1.501011 6.319820
v -2.773516 -1.851474 6.333207
v -2.773516 -1.501011 6.333207
v -3.268309 -1.851474 6.306282
v -3.405303 -1.851474 6.139358
v -3.202584 -1.851474 6.003907
v -3.095916 -1.851474 6.133886
v -3.101387 -1.851474 6.443273
v -3.281848 -1.851474 5.855616
v -2.965934 -1.851474 6.240557
v -2.910943 -1.851474 6.545066
v -2.817645 -1.851474 6.319820
v -2.773516 -1.851474 6.333207
v -2.773516 -1.851474 6.586754
v -3.462334 -1.851474 5.930375
v -3.462334 -1.851474 6.032658
v -3.462334 -1.851474 5.720900
v -3.330660 -1.851474 5.694709
v -3.462334 -1.851474 5.527373
v -3.347139 -1.851474 5.527373
v -3.268309 -1.395787 6.306282
v -3.405299 -1.395786 6.139358
v -3.405303 -1.851474 6.139358
v -3.462334 -1.851474 6.032658
v -3.462334 -1.395786 6.032658
v -3.268309 -1.851474 6.306282
v -3.101387 -1.395787 6.443272
v -3.101387 -1.851474 6.443273
v -2.910942 -1.395787 6.545066
v -2.910943 -1.851474 6.545066
v -2.773516 -1.395787 6.586754
v -2.773516 -1.851474 6.586754
v -3.462334 -1.501011 5.720900
v -3.462334 -1.500969 5.733512
v -3.409282 -1.501011 5.908400
v -1.907276 -1.501011 5.527373
v -1.888146 -1.501011 5.721618
v -1.752863 -1.501011 5.694709
v -1.769344 -1.501011 5.527373
v -1.704054 -1.501011 5.855616
v -1.831486 -1.501011 5.908400
v -1.624790 -1.501011 6.003907
v -1.739476 -1.501011 6.080537
v -1.518118 -1.501011 6.133886
v -1.615652 -1.501011 6.231418
v -1.388140 -1.501011 6.240557
v -1.464771 -1.501011 6.355242
v -1.239847 -1.501011 6.319820
v -1.292632 -1.501011 6.447252
v -1.195722 -1.501011 6.333207
v -1.195722 -1.501011 6.476650
v -1.907275 -1.475212 5.527373
v -1.888145 -1.475212 5.721618
v -1.888146 -1.501011 5.721618
v -1.907276 -1.501011 5.527373
v -1.831486 -1.501011 5.908400
v -1.950887 -1.395786 5.734099
v -1.971250 -1.395786 5.527373
v -1.831486 -1.475212 5.908400
v -1.739476 -1.501011 6.080537
v -1.984619 -1.395786 5.527373
v -1.984619 -1.395786 5.740809
v -1.984619 -1.390834 5.766548
v -1.890587 -1.395786 5.932881
v -1.929298 -1.395786 5.948915
v -1.739475 -1.475212 6.080537
v -1.615652 -1.501011 6.231418
v -1.792666 -1.395786 6.116079
v -1.827504 -1.395786 6.139358
v -1.615651 -1.475212 6.231418
v -1.464771 -1.501011 6.355242
v -1.660887 -1.395787 6.276655
v -1.690513 -1.395787 6.306282
v -1.464770 -1.475212 6.355242
v -1.292632 -1.501011 6.447252
v -1.500313 -1.395787 6.408435
v -1.523591 -1.395787 6.443272
v -1.292631 -1.475212 6.447252
v -1.195722 -1.501011 6.476650
v -1.195721 -1.475212 6.476650
v -1.317114 -1.395787 6.506355
v -1.195721 -1.395787 6.543180
v -1.333147 -1.395787 6.545066
v -1.195721 -1.395787 6.586754
v -1.518118 -1.851474 6.133886
v -1.624789 -1.851474 6.003907
v -1.624790 -1.501011 6.003907
v -1.518118 -1.501011 6.133886
v -1.704054 -1.501011 5.855616
v -1.388140 -1.851474 6.240557
v -1.704055 -1.851474 5.855616
v -1.388140 -1.501011 6.240557
v -1.752863 -1.501011 5.694709
v -1.239847 -1.851474 6.319820
v -1.752863 -1.851474 5.694709
v -1.769344 -1.501011 5.527373
v -1.769344 -1.851474 5.527373
v -1.239847 -1.501011 6.319820
v -1.195722 -1.851474 6.333207
v -1.195722 -1.501011 6.333207
v -1.690513 -1.851474 6.306282
v -1.827504 -1.851474 6.139358
v -1.624789 -1.851474 6.003907
v -1.518118 -1.851474 6.133886
v -1.704055 -1.851474 5.855616
v -1.523591 -1.851474 6.443273
v -1.929298 -1.851474 5.948915
v -1.388140 -1.851474 6.240557
v -1.333147 -1.851474 6.545066
v -1.239847 -1.851474 6.319820
v -1.195722 -1.851474 6.333207
v -1.195722 -1.851474 6.586754
v -1.752863 -1.851474 5.694709
v -1.984620 -1.851474 5.740809
v -1.984620 -1.851474 5.766548
v -1.984620 -1.851474 5.527373
v -1.769344 -1.851474 5.527373
v -1.690513 -1.395787 6.306282
v -1.827504 -1.395786 6.139358
v -1.827504 -1.851474 6.139358
v -1.690513 -1.851474 6.306282
v -1.929298 -1.851474 5.948915
v -1.523591 -1.395787 6.443272
v -1.929298 -1.395786 5.948915
v -1.984620 -1.851474 5.766548
v -1.984619 -1.390834 5.766548
v -1.523591 -1.851474 6.443273
v -1.333147 -1.395787 6.545066
v -1.333147 -1.851474 6.545066
v -1.195721 -1.395787 6.586754
v -1.195722 -1.851474 6.586754
v -0.638579 -1.501011 5.694709
v -0.508318 -1.501011 5.720620
v -0.508318 -1.501011 5.527373
v -0.622098 -1.501011 5.527373
v -0.687390 -1.501011 5.855616
v -0.559958 -1.501011 5.908400
v -0.766652 -1.501011 6.003907
v -0.651967 -1.501011 6.080537
v -0.873324 -1.501011 6.133886
v -0.775792 -1.501011 6.231418
v -1.003302 -1.501011 6.240557
v -0.926672 -1.501011 6.355242
v -1.151594 -1.501011 6.319820
v -1.098809 -1.501011 6.447252
v -1.195722 -1.501011 6.333207
v -1.195722 -1.501011 6.476650
v -0.926672 -1.501011 6.355242
v -0.926671 -1.475212 6.355242
v -0.775791 -1.475212 6.231418
v -1.098809 -1.501011 6.447252
v -0.775792 -1.501011 6.231418
v -1.098808 -1.475212 6.447252
v -1.195722 -1.501011 6.476650
v -1.195721 -1.475212 6.476650
v -0.651966 -1.475212 6.080537
v -0.651967 -1.501011 6.080537
v -0.598774 -1.395786 6.116079
v -0.559957 -1.475212 5.908400
v -0.559958 -1.501011 5.908400
v -0.508317 -1.399297 5.929789
v -0.508317 -1.475212 5.738164
v -0.508318 -1.502186 5.738164
v -0.508317 -1.395786 5.946845
v -0.508317 -1.395786 6.035300
v -0.563937 -1.395786 6.139358
v -0.730554 -1.395787 6.276655
v -0.700928 -1.395787 6.306282
v -0.891129 -1.395787 6.408435
v -0.867851 -1.395787 6.443272
v -1.074328 -1.395787 6.506355
v -1.058294 -1.395787 6.545066
v -1.195721 -1.395787 6.543180
v -1.195721 -1.395787 6.586754
v -0.766652 -1.501011 6.003907
v -0.766652 -1.851474 6.003907
v -0.873324 -1.851474 6.133886
v -0.687390 -1.501011 5.855616
v -0.873324 -1.501011 6.133886
v -0.687390 -1.851474 5.855616
v -1.003302 -1.851474 6.240557
v -0.638579 -1.501011 5.694709
v -1.003302 -1.501011 6.240557
v -0.638580 -1.851474 5.694709
v -0.622098 -1.501011 5.527373
v -0.622098 -1.851474 5.527373
v -1.151594 -1.851474 6.319820
v -1.151594 -1.501011 6.319820
v -1.195722 -1.851474 6.333207
v -1.195722 -1.501011 6.333207
v -0.766652 -1.851474 6.003907
v -0.563938 -1.851474 6.139358
v -0.700928 -1.851474 6.306282
v -0.873324 -1.851474 6.133886
v -0.867851 -1.851474 6.443273
v -0.687390 -1.851474 5.855616
v -1.003302 -1.851474 6.240557
v -1.058295 -1.851474 6.545066
v -1.151594 -1.851474 6.319820
v -1.195722 -1.851474 6.333207
v -1.195722 -1.851474 6.586754
v -0.508318 -1.851474 5.929789
v -0.508318 -1.851474 6.035300
v -0.508318 -1.851474 5.720620
v -0.638580 -1.851474 5.694709
v -0.508318 -1.851474 5.527373
v -0.622098 -1.851474 5.527373
v -0.563938 -1.851474 6.139358
v -0.563937 -1.395786 6.139358
v -0.700928 -1.395787 6.306282
v -0.508318 -1.851474 6.035300
v -0.508317 -1.395786 6.035300
v -0.700928 -1.851474 6.306282
v -0.867851 -1.395787 6.443272
v -0.867851 -1.851474 6.443273
v -1.058294 -1.395787 6.545066
v -1.058295 -1.851474 6.545066
v -1.195721 -1.395787 6.586754
v -1.195722 -1.851474 6.586754
v -0.559958 -1.501011 5.908400
v -0.508318 -1.502186 5.738164
v -0.508318 -1.501011 5.720620
v -5.181328 -1.501011 5.694709
v -5.046049 -1.501011 5.721618
v -5.026916 -1.501011 5.527373
v -5.164850 -1.501011 5.527373
v -5.230138 -1.501011 5.855616
v -5.102707 -1.501011 5.908400
v -5.309403 -1.501011 6.003907
v -5.194716 -1.501011 6.080537
v -5.416072 -1.501011 6.133886
v -5.318541 -1.501011 6.231418
v -5.546053 -1.501011 6.240557
v -5.469422 -1.501011 6.355242
v -5.694345 -1.501011 6.319820
v -5.641559 -1.501011 6.447252
v -5.738470 -1.501011 6.333207
v -5.738470 -1.501011 6.476650
v -5.046049 -1.501011 5.721618
v -5.046048 -1.475212 5.721618
v -5.026916 -1.475212 5.527373
v -5.026916 -1.501011 5.527373
v -5.102707 -1.501011 5.908400
v -4.983300 -1.395786 5.734099
v -4.962941 -1.395786 5.527373
v -5.102707 -1.475212 5.908400
v -5.194716 -1.501011 6.080537
v -4.950372 -1.395786 5.527373
v -4.950372 -1.395786 5.740650
v -4.950373 -1.390834 5.769186
v -5.043601 -1.395786 5.932881
v -5.004890 -1.395786 5.948915
v -5.194713 -1.475212 6.080537
v -5.318541 -1.501011 6.231418
v -5.141521 -1.395786 6.116079
v -5.106685 -1.395786 6.139358
v -5.318539 -1.475212 6.231418
v -5.469422 -1.501011 6.355242
v -5.273304 -1.395787 6.276655
v -5.243676 -1.395787 6.306282
v -5.469422 -1.475212 6.355242
v -5.641559 -1.501011 6.447252
v -5.433878 -1.395787 6.408435
v -5.410599 -1.395787 6.443272
v -5.641559 -1.475212 6.447252
v -5.738470 -1.501011 6.476650
v -5.738469 -1.475212 6.476650
v -5.617075 -1.395787 6.506355
v -5.601042 -1.395787 6.545066
v -5.738468 -1.395787 6.543180
v -5.738468 -1.395787 6.586754
v -5.309403 -1.501011 6.003907
v -5.309403 -1.851474 6.003907
v -5.416072 -1.851474 6.133886
v -5.230138 -1.501011 5.855616
v -5.416072 -1.501011 6.133886
v -5.230138 -1.851474 5.855616
v -5.546053 -1.851474 6.240557
v -5.181328 -1.501011 5.694709
v -5.546053 -1.501011 6.240557
v -5.181328 -1.851474 5.694709
v -5.164850 -1.501011 5.527373
v -5.164850 -1.851474 5.527373
v -5.694345 -1.851474 6.319820
v -5.694345 -1.501011 6.319820
v -5.738470 -1.851474 6.333207
v -5.738470 -1.501011 6.333207
v -5.309403 -1.851474 6.003907
v -5.106687 -1.851474 6.139358
v -5.243678 -1.851474 6.306282
v -5.230138 -1.851474 5.855616
v -5.416072 -1.851474 6.133886
v -5.004893 -1.851474 5.948915
v -5.410600 -1.851474 6.443273
v -5.546053 -1.851474 6.240557
v -5.601045 -1.851474 6.545066
v -5.694345 -1.851474 6.319820
v -5.738470 -1.851474 6.333207
v -5.738470 -1.851475 6.586754
v -5.181328 -1.851474 5.694709
v -4.950373 -1.851474 5.740650
v -4.950373 -1.851474 5.769186
v -4.950373 -1.851474 5.527373
v -5.164850 -1.851474 5.527373
v -5.106687 -1.851474 6.139358
v -5.106685 -1.395786 6.139358
v -5.243676 -1.395787 6.306282
v -5.004893 -1.851474 5.948915
v -5.243678 -1.851474 6.306282
v -5.004890 -1.395786 5.948915
v -4.950373 -1.851474 5.769186
v -4.950373 -1.390834 5.769186
v -5.410599 -1.395787 6.443272
v -5.410600 -1.851474 6.443273
v -5.601042 -1.395787 6.545066
v -5.601045 -1.851474 6.545066
v -5.738468 -1.395787 6.586754
v -5.738470 -1.851475 6.586754
v -6.436938 -1.501011 5.527373
v -6.436938 -1.501011 5.720630
v -6.295612 -1.501011 5.694709
v -6.312094 -1.501011 5.527373
v -6.246803 -1.501011 5.855616
v -6.374235 -1.501011 5.908400
v -6.167539 -1.501011 6.003907
v -6.282225 -1.501011 6.080537
v -6.060867 -1.501011 6.133886
v -6.158403 -1.501011 6.231418
v -5.930889 -1.501011 6.240557
v -6.007522 -1.501011 6.355242
v -5.782598 -1.501011 6.319820
v -5.835381 -1.501011 6.447252
v -5.738470 -1.501011 6.333207
v -5.738470 -1.501011 6.476650
v -6.158400 -1.475212 6.231418
v -6.007519 -1.475212 6.355242
v -6.007522 -1.501011 6.355242
v -6.158403 -1.501011 6.231418
v -5.835381 -1.501011 6.447252
v -6.282225 -1.475212 6.080537
v -6.282225 -1.501011 6.080537
v -6.335413 -1.395786 6.116079
v -6.374233 -1.475212 5.908400
v -6.374235 -1.501011 5.908400
v -6.436938 -1.399079 5.929869
v -6.436938 -1.475212 5.737532
v -6.436938 -1.502358 5.737532
v -6.436937 -1.395786 5.946665
v -6.436937 -1.395786 6.034968
v -6.370253 -1.395786 6.139358
v -6.203637 -1.395787 6.276655
v -6.233263 -1.395787 6.306282
v -6.043059 -1.395787 6.408435
v -6.066337 -1.395787 6.443272
v -5.835381 -1.475212 6.447252
v -5.738470 -1.501011 6.476650
v -5.738469 -1.475212 6.476650
v -5.859860 -1.395787 6.506355
v -5.738468 -1.395787 6.543180
v -5.875895 -1.395787 6.545066
v -5.738468 -1.395787 6.586754
v -6.060866 -1.851474 6.133886
v -6.167537 -1.851474 6.003907
v -6.167539 -1.501011 6.003907
v -6.060867 -1.501011 6.133886
v -6.246803 -1.501011 5.855616
v -5.930889 -1.851474 6.240557
v -6.246803 -1.851474 5.855616
v -5.930889 -1.501011 6.240557
v -6.295612 -1.501011 5.694709
v -5.782600 -1.851474 6.319820
v -6.295612 -1.851474 5.694709
v -6.312094 -1.501011 5.527373
v -6.312094 -1.851474 5.527373
v -5.782598 -1.501011 6.319820
v -5.738470 -1.851474 6.333207
v -5.738470 -1.501011 6.333207
v -6.233264 -1.851474 6.306282
v -6.370256 -1.851474 6.139358
v -6.167537 -1.851474 6.003907
v -6.060866 -1.851474 6.133886
v -6.066338 -1.851474 6.443273
v -6.246803 -1.851474 5.855616
v -5.930889 -1.851474 6.240557
v -5.875899 -1.851474 6.545066
v -5.782600 -1.851474 6.319820
v -5.738470 -1.851474 6.333207
v -5.738470 -1.851475 6.586754
v -6.436938 -1.851474 5.929800
v -6.436938 -1.851474 6.034968
v -6.436938 -1.851474 5.720630
v -6.295612 -1.851474 5.694709
v -6.436938 -1.851474 5.527373
v -6.312094 -1.851474 5.527373
v -6.233263 -1.395787 6.306282
v -6.370253 -1.395786 6.139358
v -6.370256 -1.851474 6.139358
v -6.436938 -1.851474 6.034968
v -6.436937 -1.395786 6.034968
v -6.233264 -1.851474 6.306282
v -6.066337 -1.395787 6.443272
v -6.066338 -1.851474 6.443273
v -5.875895 -1.395787 6.545066
v -5.875899 -1.851474 6.545066
v -5.738468 -1.395787 6.586754
v -5.738470 -1.851475 6.586754
v -6.436938 -1.501011 5.720630
v -6.436938 -1.502358 5.737532
v -6.374235 -1.501011 5.908400
v 6.668562 -1.501011 5.694709
v 6.803843 -1.501011 5.721618
v 6.822975 -1.501011 5.527373
v 6.685042 -1.501011 5.527373
v 6.619752 -1.501011 5.855616
v 6.747183 -1.501011 5.908400
v 6.540490 -1.501011 6.003907
v 6.655176 -1.501011 6.080537
v 6.433818 -1.501011 6.133886
v 6.531351 -1.501011 6.231418
v 6.303840 -1.501011 6.240557
v 6.380469 -1.501011 6.355242
v 6.155548 -1.501011 6.319820
v 6.208331 -1.501011 6.447252
v 6.111420 -1.501011 6.333207
v 6.111420 -1.501011 6.476650
v 6.803843 -1.501011 5.721618
v 6.803842 -1.475212 5.721618
v 6.822975 -1.475212 5.527373
v 6.822975 -1.501011 5.527373
v 6.747183 -1.501011 5.908400
v 6.866588 -1.395786 5.734099
v 6.886948 -1.395786 5.527373
v 6.747183 -1.475212 5.908400
v 6.655176 -1.501011 6.080537
v 6.899518 -1.395786 5.527373
v 6.899518 -1.395786 5.740650
v 6.899518 -1.390834 5.769186
v 6.806287 -1.395786 5.932881
v 6.844998 -1.395786 5.948915
v 6.655176 -1.475212 6.080537
v 6.531351 -1.501011 6.231418
v 6.708366 -1.395786 6.116079
v 6.743204 -1.395786 6.139358
v 6.531351 -1.475212 6.231418
v 6.380469 -1.501011 6.355242
v 6.576584 -1.395787 6.276655
v 6.606213 -1.395787 6.306282
v 6.380469 -1.475212 6.355242
v 6.208331 -1.501011 6.447252
v 6.416010 -1.395787 6.408435
v 6.439290 -1.395787 6.443272
v 6.208331 -1.475212 6.447252
v 6.111420 -1.501011 6.476650
v 6.111420 -1.475212 6.476650
v 6.232811 -1.395787 6.506355
v 6.248846 -1.395787 6.545066
v 6.111420 -1.395787 6.543180
v 6.111420 -1.395787 6.586754
v 6.540490 -1.501011 6.003907
v 6.540489 -1.851474 6.003907
v 6.433818 -1.851474 6.133886
v 6.619752 -1.501011 5.855616
v 6.433818 -1.501011 6.133886
v 6.619751 -1.851474 5.855616
v 6.303840 -1.851474 6.240557
v 6.668562 -1.501011 5.694709
v 6.303840 -1.501011 6.240557
v 6.668562 -1.851474 5.694709
v 6.685042 -1.501011 5.527373
v 6.685043 -1.851474 5.527373
v 6.155548 -1.851474 6.319820
v 6.155548 -1.501011 6.319820
v 6.111420 -1.851474 6.333207
v 6.111420 -1.501011 6.333207
v 6.540489 -1.851474 6.003907
v 6.743204 -1.851474 6.139358
v 6.606213 -1.851474 6.306282
v 6.619751 -1.851474 5.855616
v 6.433818 -1.851474 6.133886
v 6.844998 -1.851474 5.948915
v 6.439290 -1.851474 6.443273
v 6.303840 -1.851474 6.240557
v 6.248846 -1.851474 6.545066
v 6.155548 -1.851474 6.319820
v 6.111420 -1.851474 6.333207
v 6.111420 -1.851475 6.586754
v 6.668562 -1.851474 5.694709
v 6.899518 -1.851474 5.740650
v 6.899518 -1.851474 5.769186
v 6.899518 -1.851474 5.527373
v 6.685043 -1.851474 5.527373
v 6.743204 -1.851474 6.139358
v 6.743204 -1.395786 6.139358
v 6.606213 -1.395787 6.306282
v 6.844998 -1.851474 5.948915
v 6.606213 -1.851474 6.306282
v 6.844998 -1.395786 5.948915
v 6.899518 -1.851474 5.769186
v 6.899518 -1.390834 5.769186
v 6.439290 -1.395787 6.443272
v 6.439290 -1.851474 6.443273
v 6.248846 -1.395787 6.545066
v 6.248846 -1.851474 6.545066
v 6.111420 -1.395787 6.586754
v 6.111420 -1.851475 6.586754
v 5.416628 -1.501011 5.527373
v 5.416628 -1.501011 5.719956
v 5.554280 -1.501011 5.694709
v 5.537797 -1.501011 5.527373
v 5.603089 -1.501011 5.855616
v 5.475656 -1.501011 5.908400
v 5.416628 -1.501978 5.747544
v 5.682353 -1.501011 6.003907
v 5.567665 -1.501011 6.080537
v 5.789024 -1.501011 6.133886
v 5.691490 -1.501011 6.231418
v 5.919003 -1.501011 6.240557
v 5.842371 -1.501011 6.355242
v 6.067293 -1.501011 6.319820
v 6.014509 -1.501011 6.447252
v 6.111420 -1.501011 6.333207
v 6.111420 -1.501011 6.476650
v 5.691488 -1.475212 6.231418
v 5.842371 -1.475212 6.355242
v 5.842371 -1.501011 6.355242
v 5.691490 -1.501011 6.231418
v 6.014509 -1.501011 6.447252
v 5.567665 -1.475212 6.080537
v 5.567665 -1.501011 6.080537
v 5.514475 -1.395786 6.116079
v 5.475656 -1.475212 5.908400
v 5.475656 -1.501011 5.908400
v 5.416628 -1.501978 5.747544
v 5.416628 -1.475212 5.747544
v 5.416628 -1.402523 5.928611
v 5.416628 -1.395786 5.952797
v 5.416628 -1.395786 6.040721
v 5.479635 -1.395786 6.139358
v 5.646253 -1.395787 6.276655
v 5.616628 -1.395787 6.306282
v 5.806829 -1.395787 6.408435
v 5.783551 -1.395787 6.443272
v 6.014509 -1.475212 6.447252
v 6.111420 -1.501011 6.476650
v 6.111420 -1.475212 6.476650
v 5.990027 -1.395787 6.506355
v 6.111420 -1.395787 6.543180
v 5.973992 -1.395787 6.545066
v 6.111420 -1.395787 6.586754
v 5.789024 -1.851474 6.133886
v 5.682353 -1.851474 6.003907
v 5.682353 -1.501011 6.003907
v 5.789024 -1.501011 6.133886
v 5.603089 -1.501011 5.855616
v 5.919003 -1.851474 6.240557
v 5.603089 -1.851474 5.855616
v 5.919003 -1.501011 6.240557
v 5.554280 -1.501011 5.694709
v 6.067292 -1.851474 6.319820
v 5.554279 -1.851474 5.694709
v 5.537797 -1.501011 5.527373
v 5.537796 -1.851474 5.527373
v 6.067293 -1.501011 6.319820
v 6.111420 -1.851474 6.333207
v 6.111420 -1.501011 6.333207
v 5.616628 -1.851474 6.306282
v 5.479635 -1.851474 6.139358
v 5.682353 -1.851474 6.003907
v 5.789024 -1.851474 6.133886
v 5.783551 -1.851474 6.443273
v 5.603089 -1.851474 5.855616
v 5.919003 -1.851474 6.240557
v 5.973992 -1.851474 6.545066
v 6.067292 -1.851474 6.319820
v 6.111420 -1.851474 6.333207
v 6.111420 -1.851475 6.586754
v 5.416628 -1.851474 5.928366
v 5.416628 -1.851474 6.040721
v 5.416628 -1.851474 5.719956
v 5.554279 -1.851474 5.694709
v 5.416628 -1.851474 5.527373
v 5.537796 -1.851474 5.527373
v 5.616628 -1.395787 6.306282
v 5.479635 -1.395786 6.139358
v 5.479635 -1.851474 6.139358
v 5.416628 -1.851474 6.040721
v 5.416628 -1.395786 6.040721
v 5.616628 -1.851474 6.306282
v 5.783551 -1.395787 6.443272
v 5.783551 -1.851474 6.443273
v 5.973992 -1.395787 6.545066
v 5.973992 -1.851474 6.545066
v 6.111420 -1.395787 6.586754
v 6.111420 -1.851475 6.586754
v -7.846957 -1.501011 5.527373
v -7.827825 -1.501011 5.721618
v -7.692545 -1.501011 5.694709
v -7.709024 -1.501011 5.527373
v -7.643735 -1.501011 5.855616
v -7.771167 -1.501011 5.908400
v -7.564471 -1.501011 6.003907
v -7.679159 -1.501011 6.080537
v -7.457801 -1.501011 6.133886
v -7.555332 -1.501011 6.231418
v -7.327820 -1.501011 6.240557
v -7.404452 -1.501011 6.355242
v -7.179530 -1.501011 6.319820
v -7.232315 -1.501011 6.447252
v -7.135403 -1.501011 6.333207
v -7.135403 -1.501011 6.476650
v -7.846957 -1.475212 5.527373
v -7.827827 -1.475212 5.721618
v -7.827825 -1.501011 5.721618
v -7.846957 -1.501011 5.527373
v -7.771167 -1.501011 5.908400
v -7.890572 -1.393485 5.734099
v -7.910933 -1.393485 5.527373
v -7.771168 -1.475212 5.908400
v -7.679159 -1.501011 6.080537
v -7.923500 -1.393485 5.527373
v -7.923500 -1.393485 5.740650
v -7.923500 -1.393485 5.769186
v -7.830271 -1.395786 5.932881
v -7.868982 -1.395786 5.948915
v -7.679161 -1.475212 6.080537
v -7.555332 -1.501011 6.231418
v -7.732351 -1.395786 6.116079
v -7.767187 -1.395786 6.139358
v -7.555334 -1.475212 6.231418
v -7.404452 -1.501011 6.355242
v -7.600568 -1.395787 6.276655
v -7.630196 -1.395787 6.306282
v -7.404452 -1.475212 6.355242
v -7.232315 -1.501011 6.447252
v -7.439993 -1.395787 6.408435
v -7.463273 -1.395787 6.443272
v -7.232315 -1.475212 6.447252
v -7.135403 -1.501011 6.476650
v -7.135404 -1.475212 6.476650
v -7.256796 -1.395787 6.506355
v -7.135404 -1.395787 6.543180
v -7.272829 -1.395787 6.545066
v -7.135404 -1.395787 6.586754
v -7.457801 -1.851474 6.133886
v -7.564471 -1.851474 6.003907
v -7.564471 -1.501011 6.003907
v -7.457801 -1.501011 6.133886
v -7.643735 -1.501011 5.855616
v -7.327820 -1.851474 6.240557
v -7.643735 -1.851474 5.855616
v -7.327820 -1.501011 6.240557
v -7.692545 -1.501011 5.694709
v -7.179530 -1.851474 6.319820
v -7.692545 -1.851474 5.694709
v -7.709024 -1.501011 5.527373
v -7.709024 -1.851474 5.527373
v -7.179530 -1.501011 6.319820
v -7.135403 -1.851474 6.333207
v -7.135403 -1.501011 6.333207
v -7.630196 -1.851474 6.306282
v -7.767186 -1.851474 6.139358
v -7.564471 -1.851474 6.003907
v -7.457801 -1.851474 6.133886
v -7.643735 -1.851474 5.855616
v -7.463274 -1.851474 6.443273
v -7.868981 -1.851474 5.948915
v -7.327820 -1.851474 6.240557
v -7.272828 -1.851474 6.545066
v -7.179530 -1.851474 6.319820
v -7.135403 -1.851474 6.333207
v -7.135403 -1.851475 6.586754
v -7.692545 -1.851474 5.694709
v -7.923500 -1.851474 5.740650
v -7.923500 -1.851474 5.769186
v -7.923500 -1.851474 5.527373
v -7.709024 -1.851474 5.527373
v -7.630196 -1.395787 6.306282
v -7.767187 -1.395786 6.139358
v -7.767186 -1.851474 6.139358
v -7.630196 -1.851474 6.306282
v -7.868981 -1.851474 5.948915
v -7.463273 -1.395787 6.443272
v -7.868982 -1.395786 5.948915
v -7.923500 -1.851474 5.769186
v -7.923500 -1.393485 5.769186
v -7.463274 -1.851474 6.443273
v -7.272829 -1.395787 6.545066
v -7.272828 -1.851474 6.545066
v -7.135404 -1.395787 6.586754
v -7.135403 -1.851475 6.586754
v -6.578262 -1.501011 5.694709
v -6.436938 -1.501011 5.720630
v -6.436938 -1.501011 5.527373
v -6.561780 -1.501011 5.527373
v -6.627071 -1.501011 5.855616
v -6.499638 -1.501011 5.908400
v -6.706334 -1.501011 6.003907
v -6.591649 -1.501011 6.080537
v -6.813006 -1.501011 6.133886
v -6.715471 -1.501011 6.231418
v -6.942984 -1.501011 6.240557
v -6.866351 -1.501011 6.355242
v -7.091276 -1.501011 6.319820
v -7.038493 -1.501011 6.447252
v -7.135403 -1.501011 6.333207
v -7.135403 -1.501011 6.476650
v -6.866351 -1.501011 6.355242
v -6.866354 -1.475212 6.355242
v -6.715473 -1.475212 6.231418
v -7.038493 -1.501011 6.447252
v -6.715471 -1.501011 6.231418
v -7.038493 -1.475212 6.447252
v -7.135403 -1.501011 6.476650
v -7.135404 -1.475212 6.476650
v -6.591649 -1.475212 6.080537
v -6.591649 -1.501011 6.080537
v -6.538459 -1.395786 6.116079
v -6.499641 -1.475212 5.908400
v -6.499638 -1.501011 5.908400
v -6.436938 -1.399079 5.929869
v -6.436938 -1.475212 5.737532
v -6.436938 -1.502358 5.737532
v -6.436937 -1.395786 5.946665
v -6.436937 -1.395786 6.034968
v -6.503618 -1.395786 6.139358
v -6.670236 -1.395787 6.276655
v -6.640611 -1.395787 6.306282
v -6.830811 -1.395787 6.408435
v -6.807535 -1.395787 6.443272
v -7.014011 -1.395787 6.506355
v -6.997975 -1.395787 6.545066
v -7.135404 -1.395787 6.543180
v -7.135404 -1.395787 6.586754
v -6.706334 -1.501011 6.003907
v -6.706336 -1.851474 6.003907
v -6.813008 -1.851474 6.133886
v -6.627071 -1.501011 5.855616
v -6.813006 -1.501011 6.133886
v -6.627071 -1.851474 5.855616
v -6.942984 -1.851474 6.240557
v -6.578262 -1.501011 5.694709
v -6.942984 -1.501011 6.240557
v -6.578262 -1.851474 5.694709
v -6.561780 -1.501011 5.527373
v -6.561780 -1.851474 5.527373
v -7.091276 -1.851474 6.319820
v -7.091276 -1.501011 6.319820
v -7.135403 -1.851474 6.333207
v -7.135403 -1.501011 6.333207
v -6.706336 -1.851474 6.003907
v -6.503617 -1.851474 6.139358
v -6.640610 -1.851474 6.306282
v -6.813008 -1.851474 6.133886
v -6.807535 -1.851474 6.443273
v -6.627071 -1.851474 5.855616
v -6.942984 -1.851474 6.240557
v -6.997977 -1.851474 6.545066
v -7.091276 -1.851474 6.319820
v -7.135403 -1.851474 6.333207
v -7.135403 -1.851475 6.586754
v -6.436938 -1.851474 5.929800
v -6.436938 -1.851474 6.034968
v -6.436938 -1.851474 5.720630
v -6.578262 -1.851474 5.694709
v -6.436938 -1.851474 5.527373
v -6.561780 -1.851474 5.527373
v -6.503617 -1.851474 6.139358
v -6.503618 -1.395786 6.139358
v -6.640611 -1.395787 6.306282
v -6.436938 -1.851474 6.034968
v -6.436937 -1.395786 6.034968
v -6.640610 -1.851474 6.306282
v -6.807535 -1.395787 6.443272
v -6.807535 -1.851474 6.443273
v -6.997975 -1.395787 6.545066
v -6.997977 -1.851474 6.545066
v -7.135404 -1.395787 6.586754
v -7.135403 -1.851475 6.586754
v -6.499638 -1.501011 5.908400
v -6.436938 -1.502358 5.737532
v -6.436938 -1.501011 5.720630
vt 22.785400 0.288500
vt 22.785400 0.329400
vt 20.227800 0.329400
vt 20.227800 0.288500
vt 8.700400 0.288600
vt 8.700400 0.329500
vt -0.269400 0.329500
vt -0.269400 0.288600
vt 8.700400 0.288600
vt 11.258000 0.288600
vt 11.258000 0.329400
vt 8.700400 0.329500
vt 11.258000 0.288600
vt 20.227800 0.288500
vt 20.227800 0.329400
vt 11.258000 0.329400
vt 22.785400 0.329400
vt 22.753000 0.392900
vt 20.260201 0.392900
vt 20.227800 0.329400
vt 8.700400 0.329500
vt 8.668000 0.393000
vt -0.237000 0.393000
vt -0.269400 0.329500
vt 11.258000 0.329400
vt 11.225600 0.393000
vt 8.732800 0.393000
vt 8.700400 0.329500
vt 20.227800 0.329400
vt 20.195400 0.393000
vt 11.290400 0.393000
vt 11.258000 0.329400
vt 0.003300 0.186200
vt 0.121200 0.186200
vt 0.121200 0.155700
vt 0.003300 0.155700
vt 0.239000 0.155700
vt 0.239000 0.186200
vt 0.356900 0.155700
vt 0.356900 0.186200
vt 0.474700 0.155700
vt 0.474700 0.186200
vt 0.592600 0.155700
vt 0.592600 0.186200
vt 0.710400 0.155700
vt 0.710400 0.186200
vt 0.742800 0.155700
vt 0.771600 0.186200
vt 0.003300 0.191500
vt 0.121200 0.191500
vt 0.121200 0.186200
vt 0.003300 0.186200
vt 0.239000 0.186200
vt 0.121200 0.206700
vt 0.003300 0.206700
vt 0.239000 0.191500
vt 0.356900 0.186200
vt 0.003300 0.209800
vt 0.121200 0.214900
vt 0.136500 0.216900
vt 0.239000 0.206700
vt 0.239000 0.216900
vt 0.356900 0.191500
vt 0.474700 0.186200
vt 0.356900 0.206700
vt 0.356900 0.216900
vt 0.474700 0.191500
vt 0.592600 0.186200
vt 0.474700 0.206700
vt 0.474700 0.216900
vt 0.592600 0.191500
vt 0.710400 0.186200
vt 0.592600 0.206700
vt 0.592600 0.216900
vt 0.710400 0.191500
vt 0.771600 0.186200
vt 0.771600 0.191500
vt 0.710400 0.206700
vt 0.782400 0.206700
vt 0.710400 0.216900
vt 0.788800 0.216900
vt 0.474700 0.063800
vt 0.356900 0.063800
vt 0.356900 0.155700
vt 0.474700 0.155700
vt 0.239000 0.155700
vt 0.592600 0.063800
vt 0.239000 0.063800
vt 0.592600 0.155700
vt 0.121200 0.155700
vt 0.710400 0.063800
vt 0.121200 0.063800
vt 0.003300 0.155700
vt 0.003300 0.063800
vt 0.710400 0.155700
vt 0.742800 0.063800
vt 0.742800 0.155700
vt 0.474700 0.004700
vt 0.356900 0.004700
vt 0.356900 0.127700
vt 0.474700 0.127700
vt 0.239000 0.127700
vt 0.592600 0.004700
vt 0.239000 0.004700
vt 0.592600 0.127700
vt 0.710400 0.004700
vt 0.710400 0.127700
vt 0.742800 0.127700
vt 0.788800 0.004700
vt 0.121200 0.127700
vt 0.121200 0.006700
vt 0.136500 0.004700
vt 0.003300 0.011800
vt 0.003300 0.127700
vt 0.474700 0.216900
vt 0.356900 0.216900
vt 0.356900 0.326300
vt 0.474700 0.326300
vt 0.239000 0.326300
vt 0.592600 0.216900
vt 0.239000 0.216900
vt 0.136500 0.326300
vt 0.136500 0.216900
vt 0.592600 0.326300
vt 0.710400 0.216900
vt 0.710400 0.326300
vt 0.788800 0.216900
vt 0.788800 0.326300
vt 0.121200 0.155700
vt 0.121200 0.186900
vt 0.003300 0.182300
vt 0.003300 0.155700
vt 0.239000 0.155700
vt 0.239000 0.186200
vt 0.356900 0.155700
vt 0.356900 0.186200
vt 0.474700 0.155700
vt 0.474700 0.186200
vt 0.592600 0.155700
vt 0.592600 0.186200
vt 0.710400 0.155700
vt 0.710400 0.186200
vt 0.742800 0.155700
vt 0.771600 0.186200
vt 0.592600 0.186200
vt 0.592600 0.191500
vt 0.474700 0.191500
vt 0.710400 0.186200
vt 0.474700 0.186200
vt 0.710400 0.191500
vt 0.771600 0.186200
vt 0.771600 0.191500
vt 0.356900 0.191500
vt 0.356900 0.186200
vt 0.356900 0.206700
vt 0.710400 0.206700
vt 0.782400 0.206700
vt 0.710400 0.216900
vt 0.788800 0.216900
vt 0.592600 0.216900
vt 0.592600 0.206700
vt 0.474700 0.216900
vt 0.474700 0.206700
vt 0.356900 0.216900
vt 0.290900 0.216900
vt 0.246300 0.206700
vt 0.239000 0.205100
vt 0.239000 0.191500
vt 0.128700 0.191500
vt 0.239000 0.186200
vt 0.128700 0.186200
vt 0.356900 0.155700
vt 0.356900 0.063800
vt 0.474700 0.063800
vt 0.239000 0.155700
vt 0.474700 0.155700
vt 0.239000 0.063800
vt 0.592600 0.063800
vt 0.121200 0.155700
vt 0.592600 0.155700
vt 0.121200 0.063800
vt 0.003300 0.155700
vt 0.003300 0.063800
vt 0.710400 0.063800
vt 0.710400 0.155700
vt 0.742800 0.063800
vt 0.742800 0.155700
vt 0.356900 0.127700
vt 0.356900 0.004700
vt 0.474700 0.004700
vt 0.474700 0.127700
vt 0.592600 0.004700
vt 0.239000 0.127700
vt 0.592600 0.127700
vt 0.710400 0.004700
vt 0.710400 0.127700
vt 0.742800 0.127700
vt 0.788800 0.004700
vt 0.239000 0.016400
vt 0.290900 0.004700
vt 0.121200 0.051300
vt 0.121200 0.127700
vt 0.003300 0.056000
vt 0.003300 0.127700
vt 0.356900 0.326300
vt 0.356900 0.216900
vt 0.474700 0.216900
vt 0.290900 0.326300
vt 0.290900 0.216900
vt 0.474700 0.326300
vt 0.592600 0.216900
vt 0.592600 0.326300
vt 0.710400 0.216900
vt 0.710400 0.326300
vt 0.788800 0.216900
vt 0.788800 0.326300
vt 0.239000 0.186200
vt 0.128700 0.186200
vt 0.121200 0.186900
vt 0.121200 0.155700
vt 0.121200 0.186200
vt 0.003300 0.186200
vt 0.003300 0.155700
vt 0.239000 0.155700
vt 0.239000 0.186200
vt 0.356900 0.155700
vt 0.356900 0.186200
vt 0.474700 0.155700
vt 0.474700 0.186200
vt 0.592600 0.155700
vt 0.592600 0.186200
vt 0.710400 0.155700
vt 0.710400 0.186200
vt 0.742800 0.155700
vt 0.771600 0.186200
vt 0.121200 0.186200
vt 0.121200 0.191500
vt 0.003300 0.191500
vt 0.003300 0.186200
vt 0.239000 0.186200
vt 0.121200 0.206700
vt 0.003300 0.206700
vt 0.239000 0.191500
vt 0.356900 0.186200
vt 0.003300 0.210000
vt 0.121200 0.215100
vt 0.135000 0.216900
vt 0.239000 0.206700
vt 0.239000 0.216900
vt 0.356900 0.191500
vt 0.474700 0.186200
vt 0.356900 0.206700
vt 0.356900 0.216900
vt 0.474700 0.191500
vt 0.592600 0.186200
vt 0.474700 0.206700
vt 0.474700 0.216900
vt 0.592600 0.191500
vt 0.710400 0.186200
vt 0.592600 0.206700
vt 0.592600 0.216900
vt 0.710400 0.191500
vt 0.771600 0.186200
vt 0.771600 0.191500
vt 0.710400 0.206700
vt 0.710400 0.216900
vt 0.782400 0.206700
vt 0.788800 0.216900
vt 0.356900 0.155700
vt 0.356900 0.063800
vt 0.474700 0.063800
vt 0.239000 0.155700
vt 0.474700 0.155700
vt 0.239000 0.063800
vt 0.592600 0.063800
vt 0.121200 0.155700
vt 0.592600 0.155700
vt 0.121200 0.063800
vt 0.003300 0.155700
vt 0.003300 0.063800
vt 0.710400 0.063800
vt 0.710400 0.155700
vt 0.742800 0.063800
vt 0.742800 0.155700
vt 0.356900 0.127700
vt 0.356900 0.004700
vt 0.474700 0.004700
vt 0.239000 0.127700
vt 0.474700 0.127700
vt 0.239000 0.004700
vt 0.592600 0.004700
vt 0.592600 0.127700
vt 0.710400 0.004700
vt 0.710400 0.127700
vt 0.742800 0.127700
vt 0.788800 0.004700
vt 0.121200 0.127700
vt 0.121200 0.006500
vt 0.135000 0.004700
vt 0.003300 0.011600
vt 0.003300 0.127700
vt 0.356900 0.326300
vt 0.356900 0.216900
vt 0.474700 0.216900
vt 0.239000 0.326300
vt 0.474700 0.326300
vt 0.239000 0.216900
vt 0.135000 0.326300
vt 0.135000 0.216900
vt 0.592600 0.216900
vt 0.592600 0.326300
vt 0.710400 0.216900
vt 0.710400 0.326300
vt 0.788800 0.216900
vt 0.788800 0.326300
vt 0.003300 0.182300
vt 0.121200 0.186900
vt 0.121200 0.155700
vt 0.003300 0.155700
vt 0.239000 0.155700
vt 0.239000 0.186200
vt 0.356900 0.155700
vt 0.356900 0.186200
vt 0.474700 0.155700
vt 0.474700 0.186200
vt 0.592600 0.155700
vt 0.592600 0.186200
vt 0.710400 0.155700
vt 0.710400 0.186200
vt 0.742800 0.155700
vt 0.771600 0.186200
vt 0.474700 0.191500
vt 0.592600 0.191500
vt 0.592600 0.186200
vt 0.474700 0.186200
vt 0.710400 0.186200
vt 0.356900 0.191500
vt 0.356900 0.186200
vt 0.356900 0.206700
vt 0.239000 0.191500
vt 0.239000 0.186200
vt 0.128700 0.186200
vt 0.128700 0.191500
vt 0.239000 0.205100
vt 0.246300 0.206700
vt 0.290900 0.216900
vt 0.356900 0.216900
vt 0.474700 0.206700
vt 0.474700 0.216900
vt 0.592600 0.206700
vt 0.592600 0.216900
vt 0.710400 0.191500
vt 0.771600 0.186200
vt 0.771600 0.191500
vt 0.710400 0.206700
vt 0.782400 0.206700
vt 0.710400 0.216900
vt 0.788800 0.216900
vt 0.474700 0.063800
vt 0.356900 0.063800
vt 0.356900 0.155700
vt 0.474700 0.155700
vt 0.239000 0.155700
vt 0.592600 0.063800
vt 0.239000 0.063800
vt 0.592600 0.155700
vt 0.121200 0.155700
vt 0.710400 0.063800
vt 0.121200 0.063800
vt 0.003300 0.155700
vt 0.003300 0.063800
vt 0.710400 0.155700
vt 0.742800 0.063800
vt 0.742800 0.155700
vt 0.474700 0.004700
vt 0.356900 0.004700
vt 0.356900 0.127700
vt 0.474700 0.127700
vt 0.592600 0.004700
vt 0.239000 0.127700
vt 0.592600 0.127700
vt 0.710400 0.004700
vt 0.710400 0.127700
vt 0.742800 0.127700
vt 0.788800 0.004700
vt 0.239000 0.016400
vt 0.290900 0.004700
vt 0.121200 0.051300
vt 0.121200 0.127700
vt 0.003300 0.056000
vt 0.003300 0.127700
vt 0.474700 0.216900
vt 0.356900 0.216900
vt 0.356900 0.326300
vt 0.290900 0.326300
vt 0.290900 0.216900
vt 0.474700 0.326300
vt 0.592600 0.216900
vt 0.592600 0.326300
vt 0.710400 0.216900
vt 0.710400 0.326300
vt 0.788800 0.216900
vt 0.788800 0.326300
vt 0.121200 0.186900
vt 0.128700 0.186200
vt 0.239000 0.186200
vt 0.003300 0.186200
vt 0.121200 0.186200
vt 0.121200 0.155700
vt 0.003300 0.155700
vt 0.239000 0.155700
vt 0.239000 0.186200
vt 0.356900 0.155700
vt 0.356900 0.186200
vt 0.474700 0.155700
vt 0.474700 0.186200
vt 0.592600 0.155700
vt 0.592600 0.186200
vt 0.710400 0.155700
vt 0.710400 0.186200
vt 0.742800 0.155700
vt 0.771600 0.186200
vt 0.003300 0.191500
vt 0.121200 0.191500
vt 0.121200 0.186200
vt 0.003300 0.186200
vt 0.239000 0.186200
vt 0.121200 0.206700
vt 0.003300 0.206700
vt 0.239000 0.191500
vt 0.356900 0.186200
vt 0.003300 0.210000
vt 0.121200 0.215100
vt 0.135000 0.216900
vt 0.239000 0.206700
vt 0.239000 0.216900
vt 0.356900 0.191500
vt 0.474700 0.186200
vt 0.356900 0.206700
vt 0.356900 0.216900
vt 0.474700 0.191500
vt 0.592600 0.186200
vt 0.474700 0.206700
vt 0.474700 0.216900
vt 0.592600 0.191500
vt 0.710400 0.186200
vt 0.592600 0.206700
vt 0.592600 0.216900
vt 0.710400 0.191500
vt 0.771600 0.186200
vt 0.771600 0.191500
vt 0.710400 0.206700
vt 0.782400 0.206700
vt 0.710400 0.216900
vt 0.788800 0.216900
vt 0.474700 0.063800
vt 0.356900 0.063800
vt 0.356900 0.155700
vt 0.474700 0.155700
vt 0.239000 0.155700
vt 0.592600 0.063800
vt 0.239000 0.063800
vt 0.592600 0.155700
vt 0.121200 0.155700
vt 0.710400 0.063800
vt 0.121200 0.063800
vt 0.003300 0.155700
vt 0.003300 0.063800
vt 0.710400 0.155700
vt 0.742800 0.063800
vt 0.742800 0.155700
vt 0.474700 0.004700
vt 0.356900 0.004700
vt 0.356900 0.127700
vt 0.474700 0.127700
vt 0.239000 0.127700
vt 0.592600 0.004700
vt 0.239000 0.004700
vt 0.592600 0.127700
vt 0.710400 0.004700
vt 0.710400 0.127700
vt 0.742800 0.127700
vt 0.788800 0.004700
vt 0.121200 0.127700
vt 0.121200 0.006500
vt 0.135000 0.004700
vt 0.003300 0.011600
vt 0.003300 0.127700
vt 0.474700 0.216900
vt 0.356900 0.216900
vt 0.356900 0.326300
vt 0.474700 0.326300
vt 0.239000 0.326300
vt 0.592600 0.216900
vt 0.239000 0.216900
vt 0.135000 0.326300
vt 0.135000 0.216900
vt 0.592600 0.326300
vt 0.710400 0.216900
vt 0.710400 0.326300
vt 0.788800 0.216900
vt 0.788800 0.326300
vt 0.121200 0.155700
vt 0.121200 0.186600
vt 0.003300 0.181900
vt 0.003300 0.155700
vt 0.239000 0.155700
vt 0.239000 0.186200
vt 0.356900 0.155700
vt 0.356900 0.186200
vt 0.474700 0.155700
vt 0.474700 0.186200
vt 0.592600 0.155700
vt 0.592600 0.186200
vt 0.710400 0.155700
vt 0.710400 0.186200
vt 0.742800 0.155700
vt 0.771600 0.186200
vt 0.592600 0.186200
vt 0.592600 0.191500
vt 0.474700 0.191500
vt 0.710400 0.186200
vt 0.474700 0.186200
vt 0.710400 0.191500
vt 0.771600 0.186200
vt 0.771600 0.191500
vt 0.356900 0.191500
vt 0.356900 0.186200
vt 0.356900 0.206700
vt 0.239000 0.191500
vt 0.239000 0.186200
vt 0.239000 0.204700
vt 0.131600 0.191500
vt 0.131600 0.186200
vt 0.248000 0.206700
vt 0.292500 0.216900
vt 0.356900 0.216900
vt 0.474700 0.206700
vt 0.474700 0.216900
vt 0.592600 0.206700
vt 0.592600 0.216900
vt 0.710400 0.206700
vt 0.710400 0.216900
vt 0.782400 0.206700
vt 0.788800 0.216900
vt 0.356900 0.155700
vt 0.356900 0.063800
vt 0.474700 0.063800
vt 0.239000 0.155700
vt 0.474700 0.155700
vt 0.239000 0.063800
vt 0.592600 0.063800
vt 0.121200 0.155700
vt 0.592600 0.155700
vt 0.121200 0.063800
vt 0.003300 0.155700
vt 0.003300 0.063800
vt 0.710400 0.063800
vt 0.710400 0.155700
vt 0.742800 0.063800
vt 0.742800 0.155700
vt 0.356900 0.127700
vt 0.356900 0.004700
vt 0.474700 0.004700
vt 0.474700 0.127700
vt 0.592600 0.004700
vt 0.239000 0.127700
vt 0.592600 0.127700
vt 0.710400 0.004700
vt 0.710400 0.127700
vt 0.742800 0.127700
vt 0.788800 0.004700
vt 0.239000 0.016800
vt 0.292500 0.004700
vt 0.121200 0.051700
vt 0.121200 0.127700
vt 0.003300 0.056300
vt 0.003300 0.127700
vt 0.356900 0.326300
vt 0.356900 0.216900
vt 0.474700 0.216900
vt 0.292500 0.326300
vt 0.292500 0.216900
vt 0.474700 0.326300
vt 0.592600 0.216900
vt 0.592600 0.326300
vt 0.710400 0.216900
vt 0.710400 0.326300
vt 0.788800 0.216900
vt 0.788800 0.326300
vt 0.239000 0.186200
vt 0.131600 0.186200
vt 0.121200 0.186600
vt 0.121200 0.155700
vt 0.121200 0.186200
vt 0.003300 0.186200
vt 0.003300 0.155700
vt 0.239000 0.155700
vt 0.239000 0.186200
vt 0.356900 0.155700
vt 0.356900 0.186200
vt 0.474700 0.155700
vt 0.474700 0.186200
vt 0.592600 0.155700
vt 0.592600 0.186200
vt 0.710400 0.155700
vt 0.710400 0.186200
vt 0.742800 0.155700
vt 0.771600 0.186200
vt 0.121200 0.186200
vt 0.121200 0.191500
vt 0.003300 0.191500
vt 0.003300 0.186200
vt 0.239000 0.186200
vt 0.121200 0.206700
vt 0.003300 0.206700
vt 0.239000 0.191500
vt 0.356900 0.186200
vt 0.003300 0.209800
vt 0.121200 0.214900
vt 0.136500 0.216900
vt 0.239000 0.206700
vt 0.239000 0.216900
vt 0.356900 0.191500
vt 0.474700 0.186200
vt 0.356900 0.206700
vt 0.356900 0.216900
vt 0.474700 0.191500
vt 0.592600 0.186200
vt 0.474700 0.206700
vt 0.474700 0.216900
vt 0.592600 0.191500
vt 0.710400 0.186200
vt 0.592600 0.206700
vt 0.592600 0.216900
vt 0.710400 0.191500
vt 0.771600 0.186200
vt 0.771600 0.191500
vt 0.710400 0.206700
vt 0.710400 0.216900
vt 0.782400 0.206700
vt 0.788800 0.216900
vt 0.356900 0.155700
vt 0.356900 0.063800
vt 0.474700 0.063800
vt 0.239000 0.155700
vt 0.474700 0.155700
vt 0.239000 0.063800
vt 0.592600 0.063800
vt 0.121200 0.155700
vt 0.592600 0.155700
vt 0.121200 0.063800
vt 0.003300 0.155700
vt 0.003300 0.063800
vt 0.710400 0.063800
vt 0.710400 0.155700
vt 0.742800 0.063800
vt 0.742800 0.155700
vt 0.356900 0.127700
vt 0.356900 0.004700
vt 0.474700 0.004700
vt 0.239000 0.127700
vt 0.474700 0.127700
vt 0.239000 0.004700
vt 0.592600 0.004700
vt 0.592600 0.127700
vt 0.710400 0.004700
vt 0.710400 0.127700
vt 0.742800 0.127700
vt 0.788800 0.004700
vt 0.121200 0.127700
vt 0.121200 0.006700
vt 0.136500 0.004700
vt 0.003300 0.011800
vt 0.003300 0.127700
vt 0.356900 0.326300
vt 0.356900 0.216900
vt 0.474700 0.216900
vt 0.239000 0.326300
vt 0.474700 0.326300
vt 0.239000 0.216900
vt 0.136500 0.326300
vt 0.136500 0.216900
vt 0.592600 0.216900
vt 0.592600 0.326300
vt 0.710400 0.216900
vt 0.710400 0.326300
vt 0.788800 0.216900
vt 0.788800 0.326300
vt 0.003300 0.181100
vt 0.121200 0.185700
vt 0.121200 0.155700
vt 0.003300 0.155700
vt 0.239000 0.155700
vt 0.239000 0.186200
vt 0.137500 0.186200
vt 0.356900 0.155700
vt 0.356900 0.186200
vt 0.474700 0.155700
vt 0.474700 0.186200
vt 0.592600 0.155700
vt 0.592600 0.186200
vt 0.710400 0.155700
vt 0.710400 0.186200
vt 0.742800 0.155700
vt 0.771600 0.186200
vt 0.474700 0.191500
vt 0.592600 0.191500
vt 0.592600 0.186200
vt 0.474700 0.186200
vt 0.710400 0.186200
vt 0.356900 0.191500
vt 0.356900 0.186200
vt 0.356900 0.206700
vt 0.239000 0.191500
vt 0.239000 0.186200
vt 0.137500 0.186200
vt 0.137500 0.191500
vt 0.239000 0.203900
vt 0.251800 0.206700
vt 0.295800 0.216900
vt 0.356900 0.216900
vt 0.474700 0.206700
vt 0.474700 0.216900
vt 0.592600 0.206700
vt 0.592600 0.216900
vt 0.710400 0.191500
vt 0.771600 0.186200
vt 0.771600 0.191500
vt 0.710400 0.206700
vt 0.782400 0.206700
vt 0.710400 0.216900
vt 0.788800 0.216900
vt 0.474700 0.063800
vt 0.356900 0.063800
vt 0.356900 0.155700
vt 0.474700 0.155700
vt 0.239000 0.155700
vt 0.592600 0.063800
vt 0.239000 0.063800
vt 0.592600 0.155700
vt 0.121200 0.155700
vt 0.710400 0.063800
vt 0.121200 0.063800
vt 0.003300 0.155700
vt 0.003300 0.063800
vt 0.710400 0.155700
vt 0.742800 0.063800
vt 0.742800 0.155700
vt 0.474700 0.004700
vt 0.356900 0.004700
vt 0.356900 0.127700
vt 0.474700 0.127700
vt 0.592600 0.004700
vt 0.239000 0.127700
vt 0.592600 0.127700
vt 0.710400 0.004700
vt 0.710400 0.127700
vt 0.742800 0.127700
vt 0.788800 0.004700
vt 0.239000 0.017700
vt 0.295800 0.004700
vt 0.121200 0.052500
vt 0.121200 0.127700
vt 0.003300 0.057100
vt 0.003300 0.127700
vt 0.474700 0.216900
vt 0.356900 0.216900
vt 0.356900 0.326300
vt 0.295800 0.326300
vt 0.295800 0.216900
vt 0.474700 0.326300
vt 0.592600 0.216900
vt 0.592600 0.326300
vt 0.710400 0.216900
vt 0.710400 0.326300
vt 0.788800 0.216900
vt 0.788800 0.326300
vt 0.121200 0.155700
vt 0.121200 0.186200
vt 0.003300 0.186200
vt 0.003300 0.155700
vt 0.239000 0.155700
vt 0.239000 0.186200
vt 0.356900 0.155700
vt 0.356900 0.186200
vt 0.474700 0.155700
vt 0.474700 0.186200
vt 0.592600 0.155700
vt 0.592600 0.186200
vt 0.710400 0.155700
vt 0.710400 0.186200
vt 0.742800 0.155700
vt 0.771600 0.186200
vt 0.121200 0.186200
vt 0.121200 0.191500
vt 0.003300 0.191500
vt 0.003300 0.186200
vt 0.239000 0.186200
vt 0.121200 0.206700
vt 0.003300 0.206700
vt 0.239000 0.191500
vt 0.356900 0.186200
vt 0.003300 0.209800
vt 0.121200 0.214900
vt 0.136500 0.216900
vt 0.239000 0.206700
vt 0.239000 0.216900
vt 0.356900 0.191500
vt 0.474700 0.186200
vt 0.356900 0.206700
vt 0.356900 0.216900
vt 0.474700 0.191500
vt 0.592600 0.186200
vt 0.474700 0.206700
vt 0.474700 0.216900
vt 0.592600 0.191500
vt 0.710400 0.186200
vt 0.592600 0.206700
vt 0.592600 0.216900
vt 0.710400 0.191500
vt 0.771600 0.186200
vt 0.771600 0.191500
vt 0.710400 0.206700
vt 0.710400 0.216900
vt 0.782400 0.206700
vt 0.788800 0.216900
vt 0.356900 0.155700
vt 0.356900 0.063800
vt 0.474700 0.063800
vt 0.239000 0.155700
vt 0.474700 0.155700
vt 0.239000 0.063800
vt 0.592600 0.063800
vt 0.121200 0.155700
vt 0.592600 0.155700
vt 0.121200 0.063800
vt 0.003300 0.155700
vt 0.003300 0.063800
vt 0.710400 0.063800
vt 0.710400 0.155700
vt 0.742800 0.063800
vt 0.742800 0.155700
vt 0.356900 0.127700
vt 0.356900 0.004700
vt 0.474700 0.004700
vt 0.239000 0.127700
vt 0.474700 0.127700
vt 0.239000 0.004700
vt 0.592600 0.004700
vt 0.592600 0.127700
vt 0.710400 0.004700
vt 0.710400 0.127700
vt 0.742800 0.127700
vt 0.788800 0.004700
vt 0.121200 0.127700
vt 0.121200 0.006700
vt 0.136500 0.004700
vt 0.003300 0.011800
vt 0.003300 0.127700
vt 0.356900 0.326300
vt 0.356900 0.216900
vt 0.474700 0.216900
vt 0.239000 0.326300
vt 0.474700 0.326300
vt 0.239000 0.216900
vt 0.136500 0.326300
vt 0.136500 0.216900
vt 0.592600 0.216900
vt 0.592600 0.326300
vt 0.710400 0.216900
vt 0.710400 0.326300
vt 0.788800 0.216900
vt 0.788800 0.326300
vt 0.003300 0.182300
vt 0.121200 0.186900
vt 0.121200 0.155700
vt 0.003300 0.155700
vt 0.239000 0.155700
vt 0.239000 0.186200
vt 0.356900 0.155700
vt 0.356900 0.186200
vt 0.474700 0.155700
vt 0.474700 0.186200
vt 0.592600 0.155700
vt 0.592600 0.186200
vt 0.710400 0.155700
vt 0.710400 0.186200
vt 0.742800 0.155700
vt 0.771600 0.186200
vt 0.474700 0.191500
vt 0.592600 0.191500
vt 0.592600 0.186200
vt 0.474700 0.186200
vt 0.710400 0.186200
vt 0.356900 0.191500
vt 0.356900 0.186200
vt 0.356900 0.206700
vt 0.239000 0.191500
vt 0.239000 0.186200
vt 0.128700 0.186200
vt 0.128700 0.191500
vt 0.239000 0.205100
vt 0.246300 0.206700
vt 0.290900 0.216900
vt 0.356900 0.216900
vt 0.474700 0.206700
vt 0.474700 0.216900
vt 0.592600 0.206700
vt 0.592600 0.216900
vt 0.710400 0.191500
vt 0.771600 0.186200
vt 0.771600 0.191500
vt 0.710400 0.206700
vt 0.782400 0.206700
vt 0.710400 0.216900
vt 0.788800 0.216900
vt 0.474700 0.063800
vt 0.356900 0.063800
vt 0.356900 0.155700
vt 0.474700 0.155700
vt 0.239000 0.155700
vt 0.592600 0.063800
vt 0.239000 0.063800
vt 0.592600 0.155700
vt 0.121200 0.155700
vt 0.710400 0.063800
vt 0.121200 0.063800
vt 0.003300 0.155700
vt 0.003300 0.063800
vt 0.710400 0.155700
vt 0.742800 0.063800
vt 0.742800 0.155700
vt 0.474700 0.004700
vt 0.356900 0.004700
vt 0.356900 0.127700
vt 0.474700 0.127700
vt 0.592600 0.004700
vt 0.239000 0.127700
vt 0.592600 0.127700
vt 0.710400 0.004700
vt 0.710400 0.127700
vt 0.742800 0.127700
vt 0.788800 0.004700
vt 0.239000 0.016400
vt 0.290900 0.004700
vt 0.121200 0.051300
vt 0.121200 0.127700
vt 0.003300 0.056000
vt 0.003300 0.127700
vt 0.474700 0.216900
vt 0.356900 0.216900
vt 0.356900 0.326300
vt 0.290900 0.326300
vt 0.290900 0.216900
vt 0.474700 0.326300
vt 0.592600 0.216900
vt 0.592600 0.326300
vt 0.710400 0.216900
vt 0.710400 0.326300
vt 0.788800 0.216900
vt 0.788800 0.326300
vt 0.121200 0.186900
vt 0.128700 0.186200
vt 0.239000 0.186200
vt 0.003300 0.186200
vt 0.121200 0.186200
vt 0.121200 0.155700
vt 0.003300 0.155700
vt 0.239000 0.155700
vt 0.239000 0.186200
vt 0.356900 0.155700
vt 0.356900 0.186200
vt 0.474700 0.155700
vt 0.474700 0.186200
vt 0.592600 0.155700
vt 0.592600 0.186200
vt 0.710400 0.155700
vt 0.710400 0.186200
vt 0.742800 0.155700
vt 0.771600 0.186200
vt 0.003300 0.191500
vt 0.121200 0.191500
vt 0.121200 0.186200
vt 0.003300 0.186200
vt 0.239000 0.186200
vt 0.121200 0.206700
vt 0.003300 0.206700
vt 0.239000 0.191500
vt 0.356900 0.186200
vt 0.003300 0.210000
vt 0.121200 0.215100
vt 0.135000 0.216900
vt 0.239000 0.206700
vt 0.239000 0.216900
vt 0.356900 0.191500
vt 0.474700 0.186200
vt 0.356900 0.206700
vt 0.356900 0.216900
vt 0.474700 0.191500
vt 0.592600 0.186200
vt 0.474700 0.206700
vt 0.474700 0.216900
vt 0.592600 0.191500
vt 0.710400 0.186200
vt 0.592600 0.206700
vt 0.592600 0.216900
vt 0.710400 0.191500
vt 0.771600 0.186200
vt 0.771600 0.191500
vt 0.710400 0.206700
vt 0.782400 0.206700
vt 0.710400 0.216900
vt 0.788800 0.216900
vt 0.474700 0.063800
vt 0.356900 0.063800
vt 0.356900 0.155700
vt 0.474700 0.155700
vt 0.239000 0.155700
vt 0.592600 0.063800
vt 0.239000 0.063800
vt 0.592600 0.155700
vt 0.121200 0.155700
vt 0.710400 0.063800
vt 0.121200 0.063800
vt 0.003300 0.155700
vt 0.003300 0.063800
vt 0.710400 0.155700
vt 0.742800 0.063800
vt 0.742800 0.155700
vt 0.474700 0.004700
vt 0.356900 0.004700
vt 0.356900 0.127700
vt 0.474700 0.127700
vt 0.239000 0.127700
vt 0.592600 0.004700
vt 0.239000 0.004700
vt 0.592600 0.127700
vt 0.710400 0.004700
vt 0.710400 0.127700
vt 0.742800 0.127700
vt 0.788800 0.004700
vt 0.121200 0.127700
vt 0.121200 0.006500
vt 0.135000 0.004700
vt 0.003300 0.011600
vt 0.003300 0.127700
vt 0.474700 0.216900
vt 0.356900 0.216900
vt 0.356900 0.326300
vt 0.474700 0.326300
vt 0.239000 0.326300
vt 0.592600 0.216900
vt 0.239000 0.216900
vt 0.135000 0.326300
vt 0.135000 0.216900
vt 0.592600 0.326300
vt 0.710400 0.216900
vt 0.710400 0.326300
vt 0.788800 0.216900
vt 0.788800 0.326300
vt 0.121200 0.155700
vt 0.121200 0.186900
vt 0.003300 0.182300
vt 0.003300 0.155700
vt 0.239000 0.155700
vt 0.239000 0.186200
vt 0.356900 0.155700
vt 0.356900 0.186200
vt 0.474700 0.155700
vt 0.474700 0.186200
vt 0.592600 0.155700
vt 0.592600 0.186200
vt 0.710400 0.155700
vt 0.710400 0.186200
vt 0.742800 0.155700
vt 0.771600 0.186200
vt 0.592600 0.186200
vt 0.592600 0.191500
vt 0.474700 0.191500
vt 0.710400 0.186200
vt 0.474700 0.186200
vt 0.710400 0.191500
vt 0.771600 0.186200
vt 0.771600 0.191500
vt 0.356900 0.191500
vt 0.356900 0.186200
vt 0.356900 0.206700
vt 0.710400 0.206700
vt 0.782400 0.206700
vt 0.710400 0.216900
vt 0.788800 0.216900
vt 0.592600 0.216900
vt 0.592600 0.206700
vt 0.474700 0.216900
vt 0.474700 0.206700
vt 0.356900 0.216900
vt 0.290900 0.216900
vt 0.246300 0.206700
vt 0.239000 0.205100
vt 0.239000 0.191500
vt 0.128700 0.191500
vt 0.239000 0.186200
vt 0.128700 0.186200
vt 0.356900 0.155700
vt 0.356900 0.063800
vt 0.474700 0.063800
vt 0.239000 0.155700
vt 0.474700 0.155700
vt 0.239000 0.063800
vt 0.592600 0.063800
vt 0.121200 0.155700
vt 0.592600 0.155700
vt 0.121200 0.063800
vt 0.003300 0.155700
vt 0.003300 0.063800
vt 0.710400 0.063800
vt 0.710400 0.155700
vt 0.742800 0.063800
vt 0.742800 0.155700
vt 0.356900 0.127700
vt 0.356900 0.004700
vt 0.474700 0.004700
vt 0.474700 0.127700
vt 0.592600 0.004700
vt 0.239000 0.127700
vt 0.592600 0.127700
vt 0.710400 0.004700
vt 0.710400 0.127700
vt 0.742800 0.127700
vt 0.788800 0.004700
vt 0.239000 0.016400
vt 0.290900 0.004700
vt 0.121200 0.051300
vt 0.121200 0.127700
vt 0.003300 0.056000
vt 0.003300 0.127700
vt 0.356900 0.326300
vt 0.356900 0.216900
vt 0.474700 0.216900
vt 0.290900 0.326300
vt 0.290900 0.216900
vt 0.474700 0.326300
vt 0.592600 0.216900
vt 0.592600 0.326300
vt 0.710400 0.216900
vt 0.710400 0.326300
vt 0.788800 0.216900
vt 0.788800 0.326300
vt 0.239000 0.186200
vt 0.128700 0.186200
vt 0.121200 0.186900
vt 0.121200 0.155700
vt 0.121200 0.186200
vt 0.003300 0.186200
vt 0.003300 0.155700
vt 0.239000 0.155700
vt 0.239000 0.186200
vt 0.356900 0.155700
vt 0.356900 0.186200
vt 0.474700 0.155700
vt 0.474700 0.186200
vt 0.592600 0.155700
vt 0.592600 0.186200
vt 0.710400 0.155700
vt 0.710400 0.186200
vt 0.742800 0.155700
vt 0.771600 0.186200
vt 0.121200 0.186200
vt 0.121200 0.191500
vt 0.003300 0.191500
vt 0.003300 0.186200
vt 0.239000 0.186200
vt 0.121200 0.206700
vt 0.003300 0.206700
vt 0.239000 0.191500
vt 0.356900 0.186200
vt 0.003300 0.210000
vt 0.121200 0.215100
vt 0.135000 0.216900
vt 0.239000 0.206700
vt 0.239000 0.216900
vt 0.356900 0.191500
vt 0.474700 0.186200
vt 0.356900 0.206700
vt 0.356900 0.216900
vt 0.474700 0.191500
vt 0.592600 0.186200
vt 0.474700 0.206700
vt 0.474700 0.216900
vt 0.592600 0.191500
vt 0.710400 0.186200
vt 0.592600 0.206700
vt 0.592600 0.216900
vt 0.710400 0.191500
vt 0.771600 0.186200
vt 0.771600 0.191500
vt 0.710400 0.206700
vt 0.710400 0.216900
vt 0.782400 0.206700
vt 0.788800 0.216900
vt 0.356900 0.155700
vt 0.356900 0.063800
vt 0.474700 0.063800
vt 0.239000 0.155700
vt 0.474700 0.155700
vt 0.239000 0.063800
vt 0.592600 0.063800
vt 0.121200 0.155700
vt 0.592600 0.155700
vt 0.121200 0.063800
vt 0.003300 0.155700
vt 0.003300 0.063800
vt 0.710400 0.063800
vt 0.710400 0.155700
vt 0.742800 0.063800
vt 0.742800 0.155700
vt 0.356900 0.127700
vt 0.356900 0.004700
vt 0.474700 0.004700
vt 0.239000 0.127700
vt 0.474700 0.127700
vt 0.239000 0.004700
vt 0.592600 0.004700
vt 0.592600 0.127700
vt 0.710400 0.004700
vt 0.710400 0.127700
vt 0.742800 0.127700
vt 0.788800 0.004700
vt 0.121200 0.127700
vt 0.121200 0.006500
vt 0.135000 0.004700
vt 0.003300 0.011600
vt 0.003300 0.127700
vt 0.356900 0.326300
vt 0.356900 0.216900
vt 0.474700 0.216900
vt 0.239000 0.326300
vt 0.474700 0.326300
vt 0.239000 0.216900
vt 0.135000 0.326300
vt 0.135000 0.216900
vt 0.592600 0.216900
vt 0.592600 0.326300
vt 0.710400 0.216900
vt 0.710400 0.326300
vt 0.788800 0.216900
vt 0.788800 0.326300
vt 0.003300 0.181900
vt 0.121200 0.186600
vt 0.121200 0.155700
vt 0.003300 0.155700
vt 0.239000 0.155700
vt 0.239000 0.186200
vt 0.356900 0.155700
vt 0.356900 0.186200
vt 0.474700 0.155700
vt 0.474700 0.186200
vt 0.592600 0.155700
vt 0.592600 0.186200
vt 0.710400 0.155700
vt 0.710400 0.186200
vt 0.742800 0.155700
vt 0.771600 0.186200
vt 0.474700 0.191500
vt 0.592600 0.191500
vt 0.592600 0.186200
vt 0.474700 0.186200
vt 0.710400 0.186200
vt 0.356900 0.191500
vt 0.356900 0.186200
vt 0.356900 0.206700
vt 0.239000 0.191500
vt 0.239000 0.186200
vt 0.239000 0.204700
vt 0.131600 0.191500
vt 0.131600 0.186200
vt 0.248000 0.206700
vt 0.292500 0.216900
vt 0.356900 0.216900
vt 0.474700 0.206700
vt 0.474700 0.216900
vt 0.592600 0.206700
vt 0.592600 0.216900
vt 0.710400 0.191500
vt 0.771600 0.186200
vt 0.771600 0.191500
vt 0.710400 0.206700
vt 0.782400 0.206700
vt 0.710400 0.216900
vt 0.788800 0.216900
vt 0.474700 0.063800
vt 0.356900 0.063800
vt 0.356900 0.155700
vt 0.474700 0.155700
vt 0.239000 0.155700
vt 0.592600 0.063800
vt 0.239000 0.063800
vt 0.592600 0.155700
vt 0.121200 0.155700
vt 0.710400 0.063800
vt 0.121200 0.063800
vt 0.003300 0.155700
vt 0.003300 0.063800
vt 0.710400 0.155700
vt 0.742800 0.063800
vt 0.742800 0.155700
vt 0.474700 0.004700
vt 0.356900 0.004700
vt 0.356900 0.127700
vt 0.474700 0.127700
vt 0.592600 0.004700
vt 0.239000 0.127700
vt 0.592600 0.127700
vt 0.710400 0.004700
vt 0.710400 0.127700
vt 0.742800 0.127700
vt 0.788800 0.004700
vt 0.239000 0.016800
vt 0.292500 0.004700
vt 0.121200 0.051700
vt 0.121200 0.127700
vt 0.003300 0.056300
vt 0.003300 0.127700
vt 0.474700 0.216900
vt 0.356900 0.216900
vt 0.356900 0.326300
vt 0.292500 0.326300
vt 0.292500 0.216900
vt 0.474700 0.326300
vt 0.592600 0.216900
vt 0.592600 0.326300
vt 0.710400 0.216900
vt 0.710400 0.326300
vt 0.788800 0.216900
vt 0.788800 0.326300
vt 0.121200 0.186600
vt 0.131600 0.186200
vt 0.239000 0.186200
vt 0.003300 0.186200
vt 0.121200 0.186200
vt 0.121200 0.155700
vt 0.003300 0.155700
vt 0.239000 0.155700
vt 0.239000 0.186200
vt 0.356900 0.155700
vt 0.356900 0.186200
vt 0.474700 0.155700
vt 0.474700 0.186200
vt 0.592600 0.155700
vt 0.592600 0.186200
vt 0.710400 0.155700
vt 0.710400 0.186200
vt 0.742800 0.155700
vt 0.771600 0.186200
vt 0.003300 0.191500
vt 0.121200 0.191500
vt 0.121200 0.186200
vt 0.003300 0.186200
vt 0.239000 0.186200
vt 0.121200 0.206700
vt 0.003300 0.206700
vt 0.239000 0.191500
vt 0.356900 0.186200
vt 0.003300 0.209800
vt 0.121200 0.214900
vt 0.136500 0.216900
vt 0.239000 0.206700
vt 0.239000 0.216900
vt 0.356900 0.191500
vt 0.474700 0.186200
vt 0.356900 0.206700
vt 0.356900 0.216900
vt 0.474700 0.191500
vt 0.592600 0.186200
vt 0.474700 0.206700
vt 0.474700 0.216900
vt 0.592600 0.191500
vt 0.710400 0.186200
vt 0.592600 0.206700
vt 0.592600 0.216900
vt 0.710400 0.191500
vt 0.771600 0.186200
vt 0.771600 0.191500
vt 0.710400 0.206700
vt 0.782400 0.206700
vt 0.710400 0.216900
vt 0.788800 0.216900
vt 0.474700 0.063800
vt 0.356900 0.063800
vt 0.356900 0.155700
vt 0.474700 0.155700
vt 0.239000 0.155700
vt 0.592600 0.063800
vt 0.239000 0.063800
vt 0.592600 0.155700
vt 0.121200 0.155700
vt 0.710400 0.063800
vt 0.121200 0.063800
vt 0.003300 0.155700
vt 0.003300 0.063800
vt 0.710400 0.155700
vt 0.742800 0.063800
vt 0.742800 0.155700
vt 0.474700 0.004700
vt 0.356900 0.004700
vt 0.356900 0.127700
vt 0.474700 0.127700
vt 0.239000 0.127700
vt 0.592600 0.004700
vt 0.239000 0.004700
vt 0.592600 0.127700
vt 0.710400 0.004700
vt 0.710400 0.127700
vt 0.742800 0.127700
vt 0.788800 0.004700
vt 0.121200 0.127700
vt 0.121200 0.006700
vt 0.136500 0.004700
vt 0.003300 0.011800
vt 0.003300 0.127700
vt 0.474700 0.216900
vt 0.356900 0.216900
vt 0.356900 0.326300
vt 0.474700 0.326300
vt 0.239000 0.326300
vt 0.592600 0.216900
vt 0.239000 0.216900
vt 0.136500 0.326300
vt 0.136500 0.216900
vt 0.592600 0.326300
vt 0.710400 0.216900
vt 0.710400 0.326300
vt 0.788800 0.216900
vt 0.788800 0.326300
vt 0.121200 0.155700
vt 0.121200 0.186600
vt 0.003300 0.182000
vt 0.003300 0.155700
vt 0.239000 0.155700
vt 0.239000 0.186200
vt 0.356900 0.155700
vt 0.356900 0.186200
vt 0.474700 0.155700
vt 0.474700 0.186200
vt 0.592600 0.155700
vt 0.592600 0.186200
vt 0.710400 0.155700
vt 0.710400 0.186200
vt 0.742800 0.155700
vt 0.771600 0.186200
vt 0.592600 0.186200
vt 0.592600 0.191500
vt 0.474700 0.191500
vt 0.710400 0.186200
vt 0.474700 0.186200
vt 0.710400 0.191500
vt 0.771600 0.186200
vt 0.771600 0.191500
vt 0.356900 0.191500
vt 0.356900 0.186200
vt 0.356900 0.206700
vt 0.239000 0.191500
vt 0.239000 0.186200
vt 0.239000 0.204700
vt 0.131200 0.191500
vt 0.131200 0.186200
vt 0.247900 0.206700
vt 0.292300 0.216900
vt 0.356900 0.216900
vt 0.474700 0.206700
vt 0.474700 0.216900
vt 0.592600 0.206700
vt 0.592600 0.216900
vt 0.710400 0.206700
vt 0.710400 0.216900
vt 0.782400 0.206700
vt 0.788800 0.216900
vt 0.356900 0.155700
vt 0.356900 0.063800
vt 0.474700 0.063800
vt 0.239000 0.155700
vt 0.474700 0.155700
vt 0.239000 0.063800
vt 0.592600 0.063800
vt 0.121200 0.155700
vt 0.592600 0.155700
vt 0.121200 0.063800
vt 0.003300 0.155700
vt 0.003300 0.063800
vt 0.710400 0.063800
vt 0.710400 0.155700
vt 0.742800 0.063800
vt 0.742800 0.155700
vt 0.356900 0.127700
vt 0.356900 0.004700
vt 0.474700 0.004700
vt 0.474700 0.127700
vt 0.592600 0.004700
vt 0.239000 0.127700
vt 0.592600 0.127700
vt 0.710400 0.004700
vt 0.710400 0.127700
vt 0.742800 0.127700
vt 0.788800 0.004700
vt 0.239000 0.016800
vt 0.292300 0.004700
vt 0.121200 0.051700
vt 0.121200 0.127700
vt 0.003300 0.056300
vt 0.003300 0.127700
vt 0.356900 0.326300
vt 0.356900 0.216900
vt 0.474700 0.216900
vt 0.292300 0.326300
vt 0.292300 0.216900
vt 0.474700 0.326300
vt 0.592600 0.216900
vt 0.592600 0.326300
vt 0.710400 0.216900
vt 0.710400 0.326300
vt 0.788800 0.216900
vt 0.788800 0.326300
vt 0.239000 0.186200
vt 0.131200 0.186200
vt 0.121200 0.186600
vt 0.003300 0.186200
vt 0.121200 0.186200
vt 0.121200 0.155700
vt 0.003300 0.155700
vt 0.239000 0.155700
vt 0.239000 0.186200
vt 0.356900 0.155700
vt 0.356900 0.186200
vt 0.474700 0.155700
vt 0.474700 0.186200
vt 0.592600 0.155700
vt 0.592600 0.186200
vt 0.710400 0.155700
vt 0.710400 0.186200
vt 0.742800 0.155700
vt 0.771600 0.186200
vt 0.003300 0.191500
vt 0.121200 0.191500
vt 0.121200 0.186200
vt 0.003300 0.186200
vt 0.239000 0.186200
vt 0.121200 0.206700
vt 0.003300 0.206700
vt 0.239000 0.191500
vt 0.356900 0.186200
vt 0.003300 0.209800
vt 0.121200 0.214900
vt 0.136500 0.216900
vt 0.239000 0.206700
vt 0.239000 0.216900
vt 0.356900 0.191500
vt 0.474700 0.186200
vt 0.356900 0.206700
vt 0.356900 0.216900
vt 0.474700 0.191500
vt 0.592600 0.186200
vt 0.474700 0.206700
vt 0.474700 0.216900
vt 0.592600 0.191500
vt 0.710400 0.186200
vt 0.592600 0.206700
vt 0.592600 0.216900
vt 0.710400 0.191500
vt 0.771600 0.186200
vt 0.771600 0.191500
vt 0.710400 0.206700
vt 0.782400 0.206700
vt 0.710400 0.216900
vt 0.788800 0.216900
vt 0.474700 0.063800
vt 0.356900 0.063800
vt 0.356900 0.155700
vt 0.474700 0.155700
vt 0.239000 0.155700
vt 0.592600 0.063800
vt 0.239000 0.063800
vt 0.592600 0.155700
vt 0.121200 0.155700
vt 0.710400 0.063800
vt 0.121200 0.063800
vt 0.003300 0.155700
vt 0.003300 0.063800
vt 0.710400 0.155700
vt 0.742800 0.063800
vt 0.742800 0.155700
vt 0.474700 0.004700
vt 0.356900 0.004700
vt 0.356900 0.127700
vt 0.474700 0.127700
vt 0.239000 0.127700
vt 0.592600 0.004700
vt 0.239000 0.004700
vt 0.592600 0.127700
vt 0.710400 0.004700
vt 0.710400 0.127700
vt 0.742800 0.127700
vt 0.788800 0.004700
vt 0.121200 0.127700
vt 0.121200 0.006700
vt 0.136500 0.004700
vt 0.003300 0.011800
vt 0.003300 0.127700
vt 0.474700 0.216900
vt 0.356900 0.216900
vt 0.356900 0.326300
vt 0.474700 0.326300
vt 0.239000 0.326300
vt 0.592600 0.216900
vt 0.239000 0.216900
vt 0.136500 0.326300
vt 0.136500 0.216900
vt 0.592600 0.326300
vt 0.710400 0.216900
vt 0.710400 0.326300
vt 0.788800 0.216900
vt 0.788800 0.326300
vt 0.121200 0.155700
vt 0.121200 0.185700
vt 0.003300 0.181100
vt 0.003300 0.155700
vt 0.239000 0.155700
vt 0.239000 0.186200
vt 0.137500 0.186200
vt 0.356900 0.155700
vt 0.356900 0.186200
vt 0.474700 0.155700
vt 0.474700 0.186200
vt 0.592600 0.155700
vt 0.592600 0.186200
vt 0.710400 0.155700
vt 0.710400 0.186200
vt 0.742800 0.155700
vt 0.771600 0.186200
vt 0.592600 0.186200
vt 0.592600 0.191500
vt 0.474700 0.191500
vt 0.710400 0.186200
vt 0.474700 0.186200
vt 0.710400 0.191500
vt 0.771600 0.186200
vt 0.771600 0.191500
vt 0.356900 0.191500
vt 0.356900 0.186200
vt 0.356900 0.206700
vt 0.710400 0.206700
vt 0.782400 0.206700
vt 0.710400 0.216900
vt 0.788800 0.216900
vt 0.592600 0.216900
vt 0.592600 0.206700
vt 0.474700 0.216900
vt 0.474700 0.206700
vt 0.356900 0.216900
vt 0.295800 0.216900
vt 0.251800 0.206700
vt 0.239000 0.203900
vt 0.239000 0.191500
vt 0.137500 0.191500
vt 0.239000 0.186200
vt 0.137500 0.186200
vt 0.356900 0.155700
vt 0.356900 0.063800
vt 0.474700 0.063800
vt 0.239000 0.155700
vt 0.474700 0.155700
vt 0.239000 0.063800
vt 0.592600 0.063800
vt 0.121200 0.155700
vt 0.592600 0.155700
vt 0.121200 0.063800
vt 0.003300 0.155700
vt 0.003300 0.063800
vt 0.710400 0.063800
vt 0.710400 0.155700
vt 0.742800 0.063800
vt 0.742800 0.155700
vt 0.356900 0.127700
vt 0.356900 0.004700
vt 0.474700 0.004700
vt 0.474700 0.127700
vt 0.592600 0.004700
vt 0.239000 0.127700
vt 0.592600 0.127700
vt 0.710400 0.004700
vt 0.710400 0.127700
vt 0.742800 0.127700
vt 0.788800 0.004700
vt 0.239000 0.017700
vt 0.295800 0.004700
vt 0.121200 0.052500
vt 0.121200 0.127700
vt 0.003300 0.057100
vt 0.003300 0.127700
vt 0.356900 0.326300
vt 0.356900 0.216900
vt 0.474700 0.216900
vt 0.295800 0.326300
vt 0.295800 0.216900
vt 0.474700 0.326300
vt 0.592600 0.216900
vt 0.592600 0.326300
vt 0.710400 0.216900
vt 0.710400 0.326300
vt 0.788800 0.216900
vt 0.788800 0.326300
vt 0.121200 0.155700
vt 0.121200 0.186200
vt 0.003300 0.186200
vt 0.003300 0.155700
vt 0.239000 0.155700
vt 0.239000 0.186200
vt 0.356900 0.155700
vt 0.356900 0.186200
vt 0.474700 0.155700
vt 0.474700 0.186200
vt 0.592600 0.155700
vt 0.592600 0.186200
vt 0.710400 0.155700
vt 0.710400 0.186200
vt 0.742800 0.155700
vt 0.771600 0.186200
vt 0.121200 0.186200
vt 0.121200 0.191500
vt 0.003300 0.191500
vt 0.003300 0.186200
vt 0.239000 0.186200
vt 0.121200 0.206700
vt 0.003300 0.206700
vt 0.239000 0.191500
vt 0.356900 0.186200
vt 0.003300 0.209800
vt 0.121200 0.214900
vt 0.136500 0.216900
vt 0.239000 0.206700
vt 0.239000 0.216900
vt 0.356900 0.191500
vt 0.474700 0.186200
vt 0.356900 0.206700
vt 0.356900 0.216900
vt 0.474700 0.191500
vt 0.592600 0.186200
vt 0.474700 0.206700
vt 0.474700 0.216900
vt 0.592600 0.191500
vt 0.710400 0.186200
vt 0.592600 0.206700
vt 0.592600 0.216900
vt 0.710400 0.191500
vt 0.771600 0.186200
vt 0.771600 0.191500
vt 0.710400 0.206700
vt 0.710400 0.216900
vt 0.782400 0.206700
vt 0.788800 0.216900
vt 0.356900 0.155700
vt 0.356900 0.063800
vt 0.474700 0.063800
vt 0.239000 0.155700
vt 0.474700 0.155700
vt 0.239000 0.063800
vt 0.592600 0.063800
vt 0.121200 0.155700
vt 0.592600 0.155700
vt 0.121200 0.063800
vt 0.003300 0.155700
vt 0.003300 0.063800
vt 0.710400 0.063800
vt 0.710400 0.155700
vt 0.742800 0.063800
vt 0.742800 0.155700
vt 0.356900 0.127700
vt 0.356900 0.004700
vt 0.474700 0.004700
vt 0.239000 0.127700
vt 0.474700 0.127700
vt 0.239000 0.004700
vt 0.592600 0.004700
vt 0.592600 0.127700
vt 0.710400 0.004700
vt 0.710400 0.127700
vt 0.742800 0.127700
vt 0.788800 0.004700
vt 0.121200 0.127700
vt 0.121200 0.006700
vt 0.136500 0.004700
vt 0.003300 0.011800
vt 0.003300 0.127700
vt 0.356900 0.326300
vt 0.356900 0.216900
vt 0.474700 0.216900
vt 0.239000 0.326300
vt 0.474700 0.326300
vt 0.239000 0.216900
vt 0.136500 0.326300
vt 0.136500 0.216900
vt 0.592600 0.216900
vt 0.592600 0.326300
vt 0.710400 0.216900
vt 0.710400 0.326300
vt 0.788800 0.216900
vt 0.788800 0.326300
vt 0.003300 0.182000
vt 0.121200 0.186600
vt 0.121200 0.155700
vt 0.003300 0.155700
vt 0.239000 0.155700
vt 0.239000 0.186200
vt 0.356900 0.155700
vt 0.356900 0.186200
vt 0.474700 0.155700
vt 0.474700 0.186200
vt 0.592600 0.155700
vt 0.592600 0.186200
vt 0.710400 0.155700
vt 0.710400 0.186200
vt 0.742800 0.155700
vt 0.771600 0.186200
vt 0.474700 0.191500
vt 0.592600 0.191500
vt 0.592600 0.186200
vt 0.474700 0.186200
vt 0.710400 0.186200
vt 0.356900 0.191500
vt 0.356900 0.186200
vt 0.356900 0.206700
vt 0.239000 0.191500
vt 0.239000 0.186200
vt 0.239000 0.204700
vt 0.131200 0.191500
vt 0.131200 0.186200
vt 0.247900 0.206700
vt 0.292300 0.216900
vt 0.356900 0.216900
vt 0.474700 0.206700
vt 0.474700 0.216900
vt 0.592600 0.206700
vt 0.592600 0.216900
vt 0.710400 0.191500
vt 0.771600 0.186200
vt 0.771600 0.191500
vt 0.710400 0.206700
vt 0.782400 0.206700
vt 0.710400 0.216900
vt 0.788800 0.216900
vt 0.474700 0.063800
vt 0.356900 0.063800
vt 0.356900 0.155700
vt 0.474700 0.155700
vt 0.239000 0.155700
vt 0.592600 0.063800
vt 0.239000 0.063800
vt 0.592600 0.155700
vt 0.121200 0.155700
vt 0.710400 0.063800
vt 0.121200 0.063800
vt 0.003300 0.155700
vt 0.003300 0.063800
vt 0.710400 0.155700
vt 0.742800 0.063800
vt 0.742800 0.155700
vt 0.474700 0.004700
vt 0.356900 0.004700
vt 0.356900 0.127700
vt 0.474700 0.127700
vt 0.592600 0.004700
vt 0.239000 0.127700
vt 0.592600 0.127700
vt 0.710400 0.004700
vt 0.710400 0.127700
vt 0.742800 0.127700
vt 0.788800 0.004700
vt 0.239000 0.016800
vt 0.292300 0.004700
vt 0.121200 0.051700
vt 0.121200 0.127700
vt 0.003300 0.056300
vt 0.003300 0.127700
vt 0.474700 0.216900
vt 0.356900 0.216900
vt 0.356900 0.326300
vt 0.292300 0.326300
vt 0.292300 0.216900
vt 0.474700 0.326300
vt 0.592600 0.216900
vt 0.592600 0.326300
vt 0.710400 0.216900
vt 0.710400 0.326300
vt 0.788800 0.216900
vt 0.788800 0.326300
vt 0.121200 0.186600
vt 0.131200 0.186200
vt 0.239000 0.186200
vt 0.121200 0.155700
vt 0.121200 0.186200
vt 0.003300 0.186200
vt 0.003300 0.155700
vt 0.239000 0.155700
vt 0.239000 0.186200
vt 0.356900 0.155700
vt 0.356900 0.186200
vt 0.474700 0.155700
vt 0.474700 0.186200
vt 0.592600 0.155700
vt 0.592600 0.186200
vt 0.710400 0.155700
vt 0.710400 0.186200
vt 0.742800 0.155700
vt 0.771600 0.186200
vt 0.121200 0.186200
vt 0.121200 0.191500
vt 0.003300 0.191500
vt 0.003300 0.186200
vt 0.239000 0.186200
vt 0.121200 0.206700
vt 0.003300 0.206700
vt 0.239000 0.191500
vt 0.356900 0.186200
vt 0.003300 0.209800
vt 0.121200 0.214900
vt 0.136500 0.216900
vt 0.239000 0.206700
vt 0.239000 0.216900
vt 0.356900 0.191500
vt 0.474700 0.186200
vt 0.356900 0.206700
vt 0.356900 0.216900
vt 0.474700 0.191500
vt 0.592600 0.186200
vt 0.474700 0.206700
vt 0.474700 0.216900
vt 0.592600 0.191500
vt 0.710400 0.186200
vt 0.592600 0.206700
vt 0.592600 0.216900
vt 0.710400 0.191500
vt 0.771600 0.186200
vt 0.771600 0.191500
vt 0.710400 0.206700
vt 0.710400 0.216900
vt 0.782400 0.206700
vt 0.788800 0.216900
vt 0.356900 0.155700
vt 0.356900 0.063800
vt 0.474700 0.063800
vt 0.239000 0.155700
vt 0.474700 0.155700
vt 0.239000 0.063800
vt 0.592600 0.063800
vt 0.121200 0.155700
vt 0.592600 0.155700
vt 0.121200 0.063800
vt 0.003300 0.155700
vt 0.003300 0.063800
vt 0.710400 0.063800
vt 0.710400 0.155700
vt 0.742800 0.063800
vt 0.742800 0.155700
vt 0.356900 0.127700
vt 0.356900 0.004700
vt 0.474700 0.004700
vt 0.239000 0.127700
vt 0.474700 0.127700
vt 0.239000 0.004700
vt 0.592600 0.004700
vt 0.592600 0.127700
vt 0.710400 0.004700
vt 0.710400 0.127700
vt 0.742800 0.127700
vt 0.788800 0.004700
vt 0.121200 0.127700
vt 0.121200 0.006700
vt 0.136500 0.004700
vt 0.003300 0.011800
vt 0.003300 0.127700
vt 0.356900 0.326300
vt 0.356900 0.216900
vt 0.474700 0.216900
vt 0.239000 0.326300
vt 0.474700 0.326300
vt 0.239000 0.216900
vt 0.136500 0.326300
vt 0.136500 0.216900
vt 0.592600 0.216900
vt 0.592600 0.326300
vt 0.710400 0.216900
vt 0.710400 0.326300
vt 0.788800 0.216900
vt 0.788800 0.326300
vt 0.003300 0.182300
vt 0.121200 0.186900
vt 0.121200 0.155700
vt 0.003300 0.155700
vt 0.239000 0.155700
vt 0.239000 0.186200
vt 0.356900 0.155700
vt 0.356900 0.186200
vt 0.474700 0.155700
vt 0.474700 0.186200
vt 0.592600 0.155700
vt 0.592600 0.186200
vt 0.710400 0.155700
vt 0.710400 0.186200
vt 0.742800 0.155700
vt 0.771600 0.186200
vt 0.474700 0.191500
vt 0.592600 0.191500
vt 0.592600 0.186200
vt 0.474700 0.186200
vt 0.710400 0.186200
vt 0.356900 0.191500
vt 0.356900 0.186200
vt 0.356900 0.206700
vt 0.239000 0.191500
vt 0.239000 0.186200
vt 0.128700 0.186200
vt 0.128700 0.191500
vt 0.239000 0.205100
vt 0.246300 0.206700
vt 0.290900 0.216900
vt 0.356900 0.216900
vt 0.474700 0.206700
vt 0.474700 0.216900
vt 0.592600 0.206700
vt 0.592600 0.216900
vt 0.710400 0.191500
vt 0.771600 0.186200
vt 0.771600 0.191500
vt 0.710400 0.206700
vt 0.782400 0.206700
vt 0.710400 0.216900
vt 0.788800 0.216900
vt 0.474700 0.063800
vt 0.356900 0.063800
vt 0.356900 0.155700
vt 0.474700 0.155700
vt 0.239000 0.155700
vt 0.592600 0.063800
vt 0.239000 0.063800
vt 0.592600 0.155700
vt 0.121200 0.155700
vt 0.710400 0.063800
vt 0.121200 0.063800
vt 0.003300 0.155700
vt 0.003300 0.063800
vt 0.710400 0.155700
vt 0.742800 0.063800
vt 0.742800 0.155700
vt 0.474700 0.004700
vt 0.356900 0.004700
vt 0.356900 0.127700
vt 0.474700 0.127700
vt 0.592600 0.004700
vt 0.239000 0.127700
vt 0.592600 0.127700
vt 0.710400 0.004700
vt 0.710400 0.127700
vt 0.742800 0.127700
vt 0.788800 0.004700
vt 0.239000 0.016400
vt 0.290900 0.004700
vt 0.121200 0.051300
vt 0.121200 0.127700
vt 0.003300 0.056000
vt 0.003300 0.127700
vt 0.474700 0.216900
vt 0.356900 0.216900
vt 0.356900 0.326300
vt 0.290900 0.326300
vt 0.290900 0.216900
vt 0.474700 0.326300
vt 0.592600 0.216900
vt 0.592600 0.326300
vt 0.710400 0.216900
vt 0.710400 0.326300
vt 0.788800 0.216900
vt 0.788800 0.326300
vt 0.121200 0.186900
vt 0.128700 0.186200
vt 0.239000 0.186200
vt 0.003300 0.186200
vt 0.121200 0.186200
vt 0.121200 0.155700
vt 0.003300 0.155700
vt 0.239000 0.155700
vt 0.239000 0.186200
vt 0.356900 0.155700
vt 0.356900 0.186200
vt 0.474700 0.155700
vt 0.474700 0.186200
vt 0.592600 0.155700
vt 0.592600 0.186200
vt 0.710400 0.155700
vt 0.710400 0.186200
vt 0.742800 0.155700
vt 0.771600 0.186200
vt 0.003300 0.191500
vt 0.121200 0.191500
vt 0.121200 0.186200
vt 0.003300 0.186200
vt 0.239000 0.186200
vt 0.121200 0.206700
vt 0.003300 0.206700
vt 0.239000 0.191500
vt 0.356900 0.186200
vt 0.003300 0.210000
vt 0.121200 0.215100
vt 0.135000 0.216900
vt 0.239000 0.206700
vt 0.239000 0.216900
vt 0.356900 0.191500
vt 0.474700 0.186200
vt 0.356900 0.206700
vt 0.356900 0.216900
vt 0.474700 0.191500
vt 0.592600 0.186200
vt 0.474700 0.206700
vt 0.474700 0.216900
vt 0.592600 0.191500
vt 0.710400 0.186200
vt 0.592600 0.206700
vt 0.592600 0.216900
vt 0.710400 0.191500
vt 0.771600 0.186200
vt 0.771600 0.191500
vt 0.710400 0.206700
vt 0.782400 0.206700
vt 0.710400 0.216900
vt 0.788800 0.216900
vt 0.474700 0.063800
vt 0.356900 0.063800
vt 0.356900 0.155700
vt 0.474700 0.155700
vt 0.239000 0.155700
vt 0.592600 0.063800
vt 0.239000 0.063800
vt 0.592600 0.155700
vt 0.121200 0.155700
vt 0.710400 0.063800
vt 0.121200 0.063800
vt 0.003300 0.155700
vt 0.003300 0.063800
vt 0.710400 0.155700
vt 0.742800 0.063800
vt 0.742800 0.155700
vt 0.474700 0.004700
vt 0.356900 0.004700
vt 0.356900 0.127700
vt 0.474700 0.127700
vt 0.239000 0.127700
vt 0.592600 0.004700
vt 0.239000 0.004700
vt 0.592600 0.127700
vt 0.710400 0.004700
vt 0.710400 0.127700
vt 0.742800 0.127700
vt 0.788800 0.004700
vt 0.121200 0.127700
vt 0.121200 0.006500
vt 0.135000 0.004700
vt 0.003300 0.011600
vt 0.003300 0.127700
vt 0.474700 0.216900
vt 0.356900 0.216900
vt 0.356900 0.326300
vt 0.474700 0.326300
vt 0.239000 0.326300
vt 0.592600 0.216900
vt 0.239000 0.216900
vt 0.135000 0.326300
vt 0.135000 0.216900
vt 0.592600 0.326300
vt 0.710400 0.216900
vt 0.710400 0.326300
vt 0.788800 0.216900
vt 0.788800 0.326300
vt 0.121200 0.155700
vt 0.121200 0.186900
vt 0.003300 0.182300
vt 0.003300 0.155700
vt 0.239000 0.155700
vt 0.239000 0.186200
vt 0.356900 0.155700
vt 0.356900 0.186200
vt 0.474700 0.155700
vt 0.474700 0.186200
vt 0.592600 0.155700
vt 0.592600 0.186200
vt 0.710400 0.155700
vt 0.710400 0.186200
vt 0.742800 0.155700
vt 0.771600 0.186200
vt 0.592600 0.186200
vt 0.592600 0.191500
vt 0.474700 0.191500
vt 0.710400 0.186200
vt 0.474700 0.186200
vt 0.710400 0.191500
vt 0.771600 0.186200
vt 0.771600 0.191500
vt 0.356900 0.191500
vt 0.356900 0.186200
vt 0.356900 0.206700
vt 0.710400 0.206700
vt 0.782400 0.206700
vt 0.710400 0.216900
vt 0.788800 0.216900
vt 0.592600 0.216900
vt 0.592600 0.206700
vt 0.474700 0.216900
vt 0.474700 0.206700
vt 0.356900 0.216900
vt 0.290900 0.216900
vt 0.246300 0.206700
vt 0.239000 0.205100
vt 0.239000 0.191500
vt 0.128700 0.191500
vt 0.239000 0.186200
vt 0.128700 0.186200
vt 0.356900 0.155700
vt 0.356900 0.063800
vt 0.474700 0.063800
vt 0.239000 0.155700
vt 0.474700 0.155700
vt 0.239000 0.063800
vt 0.592600 0.063800
vt 0.121200 0.155700
vt 0.592600 0.155700
vt 0.121200 0.063800
vt 0.003300 0.155700
vt 0.003300 0.063800
vt 0.710400 0.063800
vt 0.710400 0.155700
vt 0.742800 0.063800
vt 0.742800 0.155700
vt 0.356900 0.127700
vt 0.356900 0.004700
vt 0.474700 0.004700
vt 0.474700 0.127700
vt 0.592600 0.004700
vt 0.239000 0.127700
vt 0.592600 0.127700
vt 0.710400 0.004700
vt 0.710400 0.127700
vt 0.742800 0.127700
vt 0.788800 0.004700
vt 0.239000 0.016400
vt 0.290900 0.004700
vt 0.121200 0.051300
vt 0.121200 0.127700
vt 0.003300 0.056000
vt 0.003300 0.127700
vt 0.356900 0.326300
vt 0.356900 0.216900
vt 0.474700 0.216900
vt 0.290900 0.326300
vt 0.290900 0.216900
vt 0.474700 0.326300
vt 0.592600 0.216900
vt 0.592600 0.326300
vt 0.710400 0.216900
vt 0.710400 0.326300
vt 0.788800 0.216900
vt 0.788800 0.326300
vt 0.239000 0.186200
vt 0.128700 0.186200
vt 0.121200 0.186900
vt 0.121200 0.155700
vt 0.121200 0.186200
vt 0.003300 0.186200
vt 0.003300 0.155700
vt 0.239000 0.155700
vt 0.239000 0.186200
vt 0.356900 0.155700
vt 0.356900 0.186200
vt 0.474700 0.155700
vt 0.474700 0.186200
vt 0.592600 0.155700
vt 0.592600 0.186200
vt 0.710400 0.155700
vt 0.710400 0.186200
vt 0.742800 0.155700
vt 0.771600 0.186200
vt 0.121200 0.186200
vt 0.121200 0.191500
vt 0.003300 0.191500
vt 0.003300 0.186200
vt 0.239000 0.186200
vt 0.121200 0.206700
vt 0.003300 0.206700
vt 0.239000 0.191500
vt 0.356900 0.186200
vt 0.003300 0.210000
vt 0.121200 0.215100
vt 0.135000 0.216900
vt 0.239000 0.206700
vt 0.239000 0.216900
vt 0.356900 0.191500
vt 0.474700 0.186200
vt 0.356900 0.206700
vt 0.356900 0.216900
vt 0.474700 0.191500
vt 0.592600 0.186200
vt 0.474700 0.206700
vt 0.474700 0.216900
vt 0.592600 0.191500
vt 0.710400 0.186200
vt 0.592600 0.206700
vt 0.592600 0.216900
vt 0.710400 0.191500
vt 0.771600 0.186200
vt 0.771600 0.191500
vt 0.710400 0.206700
vt 0.710400 0.216900
vt 0.782400 0.206700
vt 0.788800 0.216900
vt 0.356900 0.155700
vt 0.356900 0.063800
vt 0.474700 0.063800
vt 0.239000 0.155700
vt 0.474700 0.155700
vt 0.239000 0.063800
vt 0.592600 0.063800
vt 0.121200 0.155700
vt 0.592600 0.155700
vt 0.121200 0.063800
vt 0.003300 0.155700
vt 0.003300 0.063800
vt 0.710400 0.063800
vt 0.710400 0.155700
vt 0.742800 0.063800
vt 0.742800 0.155700
vt 0.356900 0.127700
vt 0.356900 0.004700
vt 0.474700 0.004700
vt 0.239000 0.127700
vt 0.474700 0.127700
vt 0.239000 0.004700
vt 0.592600 0.004700
vt 0.592600 0.127700
vt 0.710400 0.004700
vt 0.710400 0.127700
vt 0.742800 0.127700
vt 0.788800 0.004700
vt 0.121200 0.127700
vt 0.121200 0.006500
vt 0.135000 0.004700
vt 0.003300 0.011600
vt 0.003300 0.127700
vt 0.356900 0.326300
vt 0.356900 0.216900
vt 0.474700 0.216900
vt 0.239000 0.326300
vt 0.474700 0.326300
vt 0.239000 0.216900
vt 0.135000 0.326300
vt 0.135000 0.216900
vt 0.592600 0.216900
vt 0.592600 0.326300
vt 0.710400 0.216900
vt 0.710400 0.326300
vt 0.788800 0.216900
vt 0.788800 0.326300
vt 0.003300 0.181900
vt 0.121200 0.186600
vt 0.121200 0.155700
vt 0.003300 0.155700
vt 0.239000 0.155700
vt 0.239000 0.186200
vt 0.356900 0.155700
vt 0.356900 0.186200
vt 0.474700 0.155700
vt 0.474700 0.186200
vt 0.592600 0.155700
vt 0.592600 0.186200
vt 0.710400 0.155700
vt 0.710400 0.186200
vt 0.742800 0.155700
vt 0.771600 0.186200
vt 0.474700 0.191500
vt 0.592600 0.191500
vt 0.592600 0.186200
vt 0.474700 0.186200
vt 0.710400 0.186200
vt 0.356900 0.191500
vt 0.356900 0.186200
vt 0.356900 0.206700
vt 0.239000 0.191500
vt 0.239000 0.186200
vt 0.239000 0.204700
vt 0.131600 0.191500
vt 0.131600 0.186200
vt 0.248000 0.206700
vt 0.292500 0.216900
vt 0.356900 0.216900
vt 0.474700 0.206700
vt 0.474700 0.216900
vt 0.592600 0.206700
vt 0.592600 0.216900
vt 0.710400 0.191500
vt 0.771600 0.186200
vt 0.771600 0.191500
vt 0.710400 0.206700
vt 0.782400 0.206700
vt 0.710400 0.216900
vt 0.788800 0.216900
vt 0.474700 0.063800
vt 0.356900 0.063800
vt 0.356900 0.155700
vt 0.474700 0.155700
vt 0.239000 0.155700
vt 0.592600 0.063800
vt 0.239000 0.063800
vt 0.592600 0.155700
vt 0.121200 0.155700
vt 0.710400 0.063800
vt 0.121200 0.063800
vt 0.003300 0.155700
vt 0.003300 0.063800
vt 0.710400 0.155700
vt 0.742800 0.063800
vt 0.742800 0.155700
vt 0.474700 0.004700
vt 0.356900 0.004700
vt 0.356900 0.127700
vt 0.474700 0.127700
vt 0.592600 0.004700
vt 0.239000 0.127700
vt 0.592600 0.127700
vt 0.710400 0.004700
vt 0.710400 0.127700
vt 0.742800 0.127700
vt 0.788800 0.004700
vt 0.239000 0.016800
vt 0.292500 0.004700
vt 0.121200 0.051700
vt 0.121200 0.127700
vt 0.003300 0.056300
vt 0.003300 0.127700
vt 0.474700 0.216900
vt 0.356900 0.216900
vt 0.356900 0.326300
vt 0.292500 0.326300
vt 0.292500 0.216900
vt 0.474700 0.326300
vt 0.592600 0.216900
vt 0.592600 0.326300
vt 0.710400 0.216900
vt 0.710400 0.326300
vt 0.788800 0.216900
vt 0.788800 0.326300
vt 0.121200 0.186600
vt 0.131600 0.186200
vt 0.239000 0.186200
vt 0.003300 0.186200
vt 0.121200 0.186200
vt 0.121200 0.155700
vt 0.003300 0.155700
vt 0.239000 0.155700
vt 0.239000 0.186200
vt 0.356900 0.155700
vt 0.356900 0.186200
vt 0.474700 0.155700
vt 0.474700 0.186200
vt 0.592600 0.155700
vt 0.592600 0.186200
vt 0.710400 0.155700
vt 0.710400 0.186200
vt 0.742800 0.155700
vt 0.771600 0.186200
vt 0.003300 0.191500
vt 0.121200 0.191500
vt 0.121200 0.186200
vt 0.003300 0.186200
vt 0.239000 0.186200
vt 0.121200 0.206700
vt 0.003300 0.206700
vt 0.239000 0.191500
vt 0.356900 0.186200
vt 0.003300 0.209800
vt 0.121200 0.214900
vt 0.136500 0.216900
vt 0.239000 0.206700
vt 0.239000 0.216900
vt 0.356900 0.191500
vt 0.474700 0.186200
vt 0.356900 0.206700
vt 0.356900 0.216900
vt 0.474700 0.191500
vt 0.592600 0.186200
vt 0.474700 0.206700
vt 0.474700 0.216900
vt 0.592600 0.191500
vt 0.710400 0.186200
vt 0.592600 0.206700
vt 0.592600 0.216900
vt 0.710400 0.191500
vt 0.771600 0.186200
vt 0.771600 0.191500
vt 0.710400 0.206700
vt 0.782400 0.206700
vt 0.710400 0.216900
vt 0.788800 0.216900
vt 0.474700 0.063800
vt 0.356900 0.063800
vt 0.356900 0.155700
vt 0.474700 0.155700
vt 0.239000 0.155700
vt 0.592600 0.063800
vt 0.239000 0.063800
vt 0.592600 0.155700
vt 0.121200 0.155700
vt 0.710400 0.063800
vt 0.121200 0.063800
vt 0.003300 0.155700
vt 0.003300 0.063800
vt 0.710400 0.155700
vt 0.742800 0.063800
vt 0.742800 0.155700
vt 0.474700 0.004700
vt 0.356900 0.004700
vt 0.356900 0.127700
vt 0.474700 0.127700
vt 0.239000 0.127700
vt 0.592600 0.004700
vt 0.239000 0.004700
vt 0.592600 0.127700
vt 0.710400 0.004700
vt 0.710400 0.127700
vt 0.742800 0.127700
vt 0.788800 0.004700
vt 0.121200 0.127700
vt 0.121200 0.006700
vt 0.136500 0.004700
vt 0.003300 0.011800
vt 0.003300 0.127700
vt 0.474700 0.216900
vt 0.356900 0.216900
vt 0.356900 0.326300
vt 0.474700 0.326300
vt 0.239000 0.326300
vt 0.592600 0.216900
vt 0.239000 0.216900
vt 0.136500 0.326300
vt 0.136500 0.216900
vt 0.592600 0.326300
vt 0.710400 0.216900
vt 0.710400 0.326300
vt 0.788800 0.216900
vt 0.788800 0.326300
vt 0.121200 0.155700
vt 0.121200 0.185700
vt 0.003300 0.181100
vt 0.003300 0.155700
vt 0.239000 0.155700
vt 0.239000 0.186200
vt 0.137500 0.186200
vt 0.356900 0.155700
vt 0.356900 0.186200
vt 0.474700 0.155700
vt 0.474700 0.186200
vt 0.592600 0.155700
vt 0.592600 0.186200
vt 0.710400 0.155700
vt 0.710400 0.186200
vt 0.742800 0.155700
vt 0.771600 0.186200
vt 0.592600 0.186200
vt 0.592600 0.191500
vt 0.474700 0.191500
vt 0.710400 0.186200
vt 0.474700 0.186200
vt 0.710400 0.191500
vt 0.771600 0.186200
vt 0.771600 0.191500
vt 0.356900 0.191500
vt 0.356900 0.186200
vt 0.356900 0.206700
vt 0.710400 0.206700
vt 0.782400 0.206700
vt 0.710400 0.216900
vt 0.788800 0.216900
vt 0.592600 0.216900
vt 0.592600 0.206700
vt 0.474700 0.216900
vt 0.474700 0.206700
vt 0.356900 0.216900
vt 0.295800 0.216900
vt 0.251800 0.206700
vt 0.239000 0.203900
vt 0.239000 0.191500
vt 0.137500 0.191500
vt 0.239000 0.186200
vt 0.137500 0.186200
vt 0.356900 0.155700
vt 0.356900 0.063800
vt 0.474700 0.063800
vt 0.239000 0.155700
vt 0.474700 0.155700
vt 0.239000 0.063800
vt 0.592600 0.063800
vt 0.121200 0.155700
vt 0.592600 0.155700
vt 0.121200 0.063800
vt 0.003300 0.155700
vt 0.003300 0.063800
vt 0.710400 0.063800
vt 0.710400 0.155700
vt 0.742800 0.063800
vt 0.742800 0.155700
vt 0.356900 0.127700
vt 0.356900 0.004700
vt 0.474700 0.004700
vt 0.474700 0.127700
vt 0.592600 0.004700
vt 0.239000 0.127700
vt 0.592600 0.127700
vt 0.710400 0.004700
vt 0.710400 0.127700
vt 0.742800 0.127700
vt 0.788800 0.004700
vt 0.239000 0.017700
vt 0.295800 0.004700
vt 0.121200 0.052500
vt 0.121200 0.127700
vt 0.003300 0.057100
vt 0.003300 0.127700
vt 0.356900 0.326300
vt 0.356900 0.216900
vt 0.474700 0.216900
vt 0.295800 0.326300
vt 0.295800 0.216900
vt 0.474700 0.326300
vt 0.592600 0.216900
vt 0.592600 0.326300
vt 0.710400 0.216900
vt 0.710400 0.326300
vt 0.788800 0.216900
vt 0.788800 0.326300
vt 0.003300 0.186200
vt 0.121200 0.186200
vt 0.121200 0.155700
vt 0.003300 0.155700
vt 0.239000 0.155700
vt 0.239000 0.186200
vt 0.356900 0.155700
vt 0.356900 0.186200
vt 0.474700 0.155700
vt 0.474700 0.186200
vt 0.592600 0.155700
vt 0.592600 0.186200
vt 0.710400 0.155700
vt 0.710400 0.186200
vt 0.742800 0.155700
vt 0.771600 0.186200
vt 0.003300 0.191500
vt 0.121200 0.191500
vt 0.121200 0.186200
vt 0.003300 0.186200
vt 0.239000 0.186200
vt 0.121200 0.206700
vt 0.003300 0.206700
vt 0.239000 0.191500
vt 0.356900 0.186200
vt 0.003300 0.209800
vt 0.121200 0.214900
vt 0.136500 0.216900
vt 0.239000 0.206700
vt 0.239000 0.216900
vt 0.356900 0.191500
vt 0.474700 0.186200
vt 0.356900 0.206700
vt 0.356900 0.216900
vt 0.474700 0.191500
vt 0.592600 0.186200
vt 0.474700 0.206700
vt 0.474700 0.216900
vt 0.592600 0.191500
vt 0.710400 0.186200
vt 0.592600 0.206700
vt 0.592600 0.216900
vt 0.710400 0.191500
vt 0.771600 0.186200
vt 0.771600 0.191500
vt 0.710400 0.206700
vt 0.782400 0.206700
vt 0.710400 0.216900
vt 0.788800 0.216900
vt 0.474700 0.063800
vt 0.356900 0.063800
vt 0.356900 0.155700
vt 0.474700 0.155700
vt 0.239000 0.155700
vt 0.592600 0.063800
vt 0.239000 0.063800
vt 0.592600 0.155700
vt 0.121200 0.155700
vt 0.710400 0.063800
vt 0.121200 0.063800
vt 0.003300 0.155700
vt 0.003300 0.063800
vt 0.710400 0.155700
vt 0.742800 0.063800
vt 0.742800 0.155700
vt 0.474700 0.004700
vt 0.356900 0.004700
vt 0.356900 0.127700
vt 0.474700 0.127700
vt 0.239000 0.127700
vt 0.592600 0.004700
vt 0.239000 0.004700
vt 0.592600 0.127700
vt 0.710400 0.004700
vt 0.710400 0.127700
vt 0.742800 0.127700
vt 0.788800 0.004700
vt 0.121200 0.127700
vt 0.121200 0.006700
vt 0.136500 0.004700
vt 0.003300 0.011800
vt 0.003300 0.127700
vt 0.474700 0.216900
vt 0.356900 0.216900
vt 0.356900 0.326300
vt 0.474700 0.326300
vt 0.239000 0.326300
vt 0.592600 0.216900
vt 0.239000 0.216900
vt 0.136500 0.326300
vt 0.136500 0.216900
vt 0.592600 0.326300
vt 0.710400 0.216900
vt 0.710400 0.326300
vt 0.788800 0.216900
vt 0.788800 0.326300
vt 0.121200 0.155700
vt 0.121200 0.186900
vt 0.003300 0.182300
vt 0.003300 0.155700
vt 0.239000 0.155700
vt 0.239000 0.186200
vt 0.356900 0.155700
vt 0.356900 0.186200
vt 0.474700 0.155700
vt 0.474700 0.186200
vt 0.592600 0.155700
vt 0.592600 0.186200
vt 0.710400 0.155700
vt 0.710400 0.186200
vt 0.742800 0.155700
vt 0.771600 0.186200
vt 0.592600 0.186200
vt 0.592600 0.191500
vt 0.474700 0.191500
vt 0.710400 0.186200
vt 0.474700 0.186200
vt 0.710400 0.191500
vt 0.771600 0.186200
vt 0.771600 0.191500
vt 0.356900 0.191500
vt 0.356900 0.186200
vt 0.356900 0.206700
vt 0.710400 0.206700
vt 0.782400 0.206700
vt 0.710400 0.216900
vt 0.788800 0.216900
vt 0.592600 0.216900
vt 0.592600 0.206700
vt 0.474700 0.216900
vt 0.474700 0.206700
vt 0.356900 0.216900
vt 0.290900 0.216900
vt 0.246300 0.206700
vt 0.239000 0.205100
vt 0.239000 0.191500
vt 0.128700 0.191500
vt 0.239000 0.186200
vt 0.128700 0.186200
vt 0.356900 0.155700
vt 0.356900 0.063800
vt 0.474700 0.063800
vt 0.239000 0.155700
vt 0.474700 0.155700
vt 0.239000 0.063800
vt 0.592600 0.063800
vt 0.121200 0.155700
vt 0.592600 0.155700
vt 0.121200 0.063800
vt 0.003300 0.155700
vt 0.003300 0.063800
vt 0.710400 0.063800
vt 0.710400 0.155700
vt 0.742800 0.063800
vt 0.742800 0.155700
vt 0.356900 0.127700
vt 0.356900 0.004700
vt 0.474700 0.004700
vt 0.474700 0.127700
vt 0.592600 0.004700
vt 0.239000 0.127700
vt 0.592600 0.127700
vt 0.710400 0.004700
vt 0.710400 0.127700
vt 0.742800 0.127700
vt 0.788800 0.004700
vt 0.239000 0.016400
vt 0.290900 0.004700
vt 0.121200 0.051300
vt 0.121200 0.127700
vt 0.003300 0.056000
vt 0.003300 0.127700
vt 0.356900 0.326300
vt 0.356900 0.216900
vt 0.474700 0.216900
vt 0.290900 0.326300
vt 0.290900 0.216900
vt 0.474700 0.326300
vt 0.592600 0.216900
vt 0.592600 0.326300
vt 0.710400 0.216900
vt 0.710400 0.326300
vt 0.788800 0.216900
vt 0.788800 0.326300
vt 0.239000 0.186200
vt 0.128700 0.186200
vt 0.121200 0.186900
vt 0.121200 0.155700
vt 0.121200 0.186200
vt 0.003300 0.186200
vt 0.003300 0.155700
vt 0.239000 0.155700
vt 0.239000 0.186200
vt 0.356900 0.155700
vt 0.356900 0.186200
vt 0.474700 0.155700
vt 0.474700 0.186200
vt 0.592600 0.155700
vt 0.592600 0.186200
vt 0.710400 0.155700
vt 0.710400 0.186200
vt 0.742800 0.155700
vt 0.771600 0.186200
vt 0.121200 0.186200
vt 0.121200 0.191500
vt 0.003300 0.191500
vt 0.003300 0.186200
vt 0.239000 0.186200
vt 0.121200 0.206700
vt 0.003300 0.206700
vt 0.239000 0.191500
vt 0.356900 0.186200
vt 0.003300 0.210000
vt 0.121200 0.215100
vt 0.135000 0.216900
vt 0.239000 0.206700
vt 0.239000 0.216900
vt 0.356900 0.191500
vt 0.474700 0.186200
vt 0.356900 0.206700
vt 0.356900 0.216900
vt 0.474700 0.191500
vt 0.592600 0.186200
vt 0.474700 0.206700
vt 0.474700 0.216900
vt 0.592600 0.191500
vt 0.710400 0.186200
vt 0.592600 0.206700
vt 0.592600 0.216900
vt 0.710400 0.191500
vt 0.771600 0.186200
vt 0.771600 0.191500
vt 0.710400 0.206700
vt 0.710400 0.216900
vt 0.782400 0.206700
vt 0.788800 0.216900
vt 0.356900 0.155700
vt 0.356900 0.063800
vt 0.474700 0.063800
vt 0.239000 0.155700
vt 0.474700 0.155700
vt 0.239000 0.063800
vt 0.592600 0.063800
vt 0.121200 0.155700
vt 0.592600 0.155700
vt 0.121200 0.063800
vt 0.003300 0.155700
vt 0.003300 0.063800
vt 0.710400 0.063800
vt 0.710400 0.155700
vt 0.742800 0.063800
vt 0.742800 0.155700
vt 0.356900 0.127700
vt 0.356900 0.004700
vt 0.474700 0.004700
vt 0.239000 0.127700
vt 0.474700 0.127700
vt 0.239000 0.004700
vt 0.592600 0.004700
vt 0.592600 0.127700
vt 0.710400 0.004700
vt 0.710400 0.127700
vt 0.742800 0.127700
vt 0.788800 0.004700
vt 0.121200 0.127700
vt 0.121200 0.006500
vt 0.135000 0.004700
vt 0.003300 0.011600
vt 0.003300 0.127700
vt 0.356900 0.326300
vt 0.356900 0.216900
vt 0.474700 0.216900
vt 0.239000 0.326300
vt 0.474700 0.326300
vt 0.239000 0.216900
vt 0.135000 0.326300
vt 0.135000 0.216900
vt 0.592600 0.216900
vt 0.592600 0.326300
vt 0.710400 0.216900
vt 0.710400 0.326300
vt 0.788800 0.216900
vt 0.788800 0.326300
vt 0.003300 0.182300
vt 0.121200 0.186900
vt 0.121200 0.155700
vt 0.003300 0.155700
vt 0.239000 0.155700
vt 0.239000 0.186200
vt 0.356900 0.155700
vt 0.356900 0.186200
vt 0.474700 0.155700
vt 0.474700 0.186200
vt 0.592600 0.155700
vt 0.592600 0.186200
vt 0.710400 0.155700
vt 0.710400 0.186200
vt 0.742800 0.155700
vt 0.771600 0.186200
vt 0.474700 0.191500
vt 0.592600 0.191500
vt 0.592600 0.186200
vt 0.474700 0.186200
vt 0.710400 0.186200
vt 0.356900 0.191500
vt 0.356900 0.186200
vt 0.356900 0.206700
vt 0.239000 0.191500
vt 0.239000 0.186200
vt 0.128700 0.186200
vt 0.128700 0.191500
vt 0.239000 0.205100
vt 0.246300 0.206700
vt 0.290900 0.216900
vt 0.356900 0.216900
vt 0.474700 0.206700
vt 0.474700 0.216900
vt 0.592600 0.206700
vt 0.592600 0.216900
vt 0.710400 0.191500
vt 0.771600 0.186200
vt 0.771600 0.191500
vt 0.710400 0.206700
vt 0.782400 0.206700
vt 0.710400 0.216900
vt 0.788800 0.216900
vt 0.474700 0.063800
vt 0.356900 0.063800
vt 0.356900 0.155700
vt 0.474700 0.155700
vt 0.239000 0.155700
vt 0.592600 0.063800
vt 0.239000 0.063800
vt 0.592600 0.155700
vt 0.121200 0.155700
vt 0.710400 0.063800
vt 0.121200 0.063800
vt 0.003300 0.155700
vt 0.003300 0.063800
vt 0.710400 0.155700
vt 0.742800 0.063800
vt 0.742800 0.155700
vt 0.474700 0.004700
vt 0.356900 0.004700
vt 0.356900 0.127700
vt 0.474700 0.127700
vt 0.592600 0.004700
vt 0.239000 0.127700
vt 0.592600 0.127700
vt 0.710400 0.004700
vt 0.710400 0.127700
vt 0.742800 0.127700
vt 0.788800 0.004700
vt 0.239000 0.016400
vt 0.290900 0.004700
vt 0.121200 0.051300
vt 0.121200 0.127700
vt 0.003300 0.056000
vt 0.003300 0.127700
vt 0.474700 0.216900
vt 0.356900 0.216900
vt 0.356900 0.326300
vt 0.290900 0.326300
vt 0.290900 0.216900
vt 0.474700 0.326300
vt 0.592600 0.216900
vt 0.592600 0.326300
vt 0.710400 0.216900
vt 0.710400 0.326300
vt 0.788800 0.216900
vt 0.788800 0.326300
vt 0.121200 0.186900
vt 0.128700 0.186200
vt 0.239000 0.186200
vt 0.003300 0.186200
vt 0.121200 0.186200
vt 0.121200 0.155700
vt 0.003300 0.155700
vt 0.239000 0.155700
vt 0.239000 0.186200
vt 0.356900 0.155700
vt 0.356900 0.186200
vt 0.474700 0.155700
vt 0.474700 0.186200
vt 0.592600 0.155700
vt 0.592600 0.186200
vt 0.710400 0.155700
vt 0.710400 0.186200
vt 0.742800 0.155700
vt 0.771600 0.186200
vt 0.003300 0.191500
vt 0.121200 0.191500
vt 0.121200 0.186200
vt 0.003300 0.186200
vt 0.239000 0.186200
vt 0.121200 0.206700
vt 0.003300 0.206700
vt 0.239000 0.191500
vt 0.356900 0.186200
vt 0.003300 0.210000
vt 0.121200 0.215100
vt 0.135000 0.216900
vt 0.239000 0.206700
vt 0.239000 0.216900
vt 0.356900 0.191500
vt 0.474700 0.186200
vt 0.356900 0.206700
vt 0.356900 0.216900
vt 0.474700 0.191500
vt 0.592600 0.186200
vt 0.474700 0.206700
vt 0.474700 0.216900
vt 0.592600 0.191500
vt 0.710400 0.186200
vt 0.592600 0.206700
vt 0.592600 0.216900
vt 0.710400 0.191500
vt 0.771600 0.186200
vt 0.771600 0.191500
vt 0.710400 0.206700
vt 0.782400 0.206700
vt 0.710400 0.216900
vt 0.788800 0.216900
vt 0.474700 0.063800
vt 0.356900 0.063800
vt 0.356900 0.155700
vt 0.474700 0.155700
vt 0.239000 0.155700
vt 0.592600 0.063800
vt 0.239000 0.063800
vt 0.592600 0.155700
vt 0.121200 0.155700
vt 0.710400 0.063800
vt 0.121200 0.063800
vt 0.003300 0.155700
vt 0.003300 0.063800
vt 0.710400 0.155700
vt 0.742800 0.063800
vt 0.742800 0.155700
vt 0.474700 0.004700
vt 0.356900 0.004700
vt 0.356900 0.127700
vt 0.474700 0.127700
vt 0.239000 0.127700
vt 0.592600 0.004700
vt 0.239000 0.004700
vt 0.592600 0.127700
vt 0.710400 0.004700
vt 0.710400 0.127700
vt 0.742800 0.127700
vt 0.788800 0.004700
vt 0.121200 0.127700
vt 0.121200 0.006500
vt 0.135000 0.004700
vt 0.003300 0.011600
vt 0.003300 0.127700
vt 0.474700 0.216900
vt 0.356900 0.216900
vt 0.356900 0.326300
vt 0.474700 0.326300
vt 0.239000 0.326300
vt 0.592600 0.216900
vt 0.239000 0.216900
vt 0.135000 0.326300
vt 0.135000 0.216900
vt 0.592600 0.326300
vt 0.710400 0.216900
vt 0.710400 0.326300
vt 0.788800 0.216900
vt 0.788800 0.326300
vt 0.121200 0.155700
vt 0.121200 0.186600
vt 0.003300 0.181900
vt 0.003300 0.155700
vt 0.239000 0.155700
vt 0.239000 0.186200
vt 0.356900 0.155700
vt 0.356900 0.186200
vt 0.474700 0.155700
vt 0.474700 0.186200
vt 0.592600 0.155700
vt 0.592600 0.186200
vt 0.710400 0.155700
vt 0.710400 0.186200
vt 0.742800 0.155700
vt 0.771600 0.186200
vt 0.592600 0.186200
vt 0.592600 0.191500
vt 0.474700 0.191500
vt 0.710400 0.186200
vt 0.474700 0.186200
vt 0.710400 0.191500
vt 0.771600 0.186200
vt 0.771600 0.191500
vt 0.356900 0.191500
vt 0.356900 0.186200
vt 0.356900 0.206700
vt 0.239000 0.191500
vt 0.239000 0.186200
vt 0.239000 0.204700
vt 0.131600 0.191500
vt 0.131600 0.186200
vt 0.248000 0.206700
vt 0.292500 0.216900
vt 0.356900 0.216900
vt 0.474700 0.206700
vt 0.474700 0.216900
vt 0.592600 0.206700
vt 0.592600 0.216900
vt 0.710400 0.206700
vt 0.710400 0.216900
vt 0.782400 0.206700
vt 0.788800 0.216900
vt 0.356900 0.155700
vt 0.356900 0.063800
vt 0.474700 0.063800
vt 0.239000 0.155700
vt 0.474700 0.155700
vt 0.239000 0.063800
vt 0.592600 0.063800
vt 0.121200 0.155700
vt 0.592600 0.155700
vt 0.121200 0.063800
vt 0.003300 0.155700
vt 0.003300 0.063800
vt 0.710400 0.063800
vt 0.710400 0.155700
vt 0.742800 0.063800
vt 0.742800 0.155700
vt 0.356900 0.127700
vt 0.356900 0.004700
vt 0.474700 0.004700
vt 0.474700 0.127700
vt 0.592600 0.004700
vt 0.239000 0.127700
vt 0.592600 0.127700
vt 0.710400 0.004700
vt 0.710400 0.127700
vt 0.742800 0.127700
vt 0.788800 0.004700
vt 0.239000 0.016800
vt 0.292500 0.004700
vt 0.121200 0.051700
vt 0.121200 0.127700
vt 0.003300 0.056300
vt 0.003300 0.127700
vt 0.356900 0.326300
vt 0.356900 0.216900
vt 0.474700 0.216900
vt 0.292500 0.326300
vt 0.292500 0.216900
vt 0.474700 0.326300
vt 0.592600 0.216900
vt 0.592600 0.326300
vt 0.710400 0.216900
vt 0.710400 0.326300
vt 0.788800 0.216900
vt 0.788800 0.326300
vt 0.239000 0.186200
vt 0.131600 0.186200
vt 0.121200 0.186600
vt 0.121200 0.155700
vt 0.121200 0.186200
vt 0.003300 0.186200
vt 0.003300 0.155700
vt 0.239000 0.155700
vt 0.239000 0.186200
vt 0.356900 0.155700
vt 0.356900 0.186200
vt 0.474700 0.155700
vt 0.474700 0.186200
vt 0.592600 0.155700
vt 0.592600 0.186200
vt 0.710400 0.155700
vt 0.710400 0.186200
vt 0.742800 0.155700
vt 0.771600 0.186200
vt 0.121200 0.186200
vt 0.121200 0.191500
vt 0.003300 0.191500
vt 0.003300 0.186200
vt 0.239000 0.186200
vt 0.121200 0.206700
vt 0.003300 0.206700
vt 0.239000 0.191500
vt 0.356900 0.186200
vt 0.003300 0.209800
vt 0.121200 0.214900
vt 0.136500 0.216900
vt 0.239000 0.206700
vt 0.239000 0.216900
vt 0.356900 0.191500
vt 0.474700 0.186200
vt 0.356900 0.206700
vt 0.356900 0.216900
vt 0.474700 0.191500
vt 0.592600 0.186200
vt 0.474700 0.206700
vt 0.474700 0.216900
vt 0.592600 0.191500
vt 0.710400 0.186200
vt 0.592600 0.206700
vt 0.592600 0.216900
vt 0.710400 0.191500
vt 0.771600 0.186200
vt 0.771600 0.191500
vt 0.710400 0.206700
vt 0.710400 0.216900
vt 0.782400 0.206700
vt 0.788800 0.216900
vt 0.356900 0.155700
vt 0.356900 0.063800
vt 0.474700 0.063800
vt 0.239000 0.155700
vt 0.474700 0.155700
vt 0.239000 0.063800
vt 0.592600 0.063800
vt 0.121200 0.155700
vt 0.592600 0.155700
vt 0.121200 0.063800
vt 0.003300 0.155700
vt 0.003300 0.063800
vt 0.710400 0.063800
vt 0.710400 0.155700
vt 0.742800 0.063800
vt 0.742800 0.155700
vt 0.356900 0.127700
vt 0.356900 0.004700
vt 0.474700 0.004700
vt 0.239000 0.127700
vt 0.474700 0.127700
vt 0.239000 0.004700
vt 0.592600 0.004700
vt 0.592600 0.127700
vt 0.710400 0.004700
vt 0.710400 0.127700
vt 0.742800 0.127700
vt 0.788800 0.004700
vt 0.121200 0.127700
vt 0.121200 0.006700
vt 0.136500 0.004700
vt 0.003300 0.011800
vt 0.003300 0.127700
vt 0.356900 0.326300
vt 0.356900 0.216900
vt 0.474700 0.216900
vt 0.239000 0.326300
vt 0.474700 0.326300
vt 0.239000 0.216900
vt 0.136500 0.326300
vt 0.136500 0.216900
vt 0.592600 0.216900
vt 0.592600 0.326300
vt 0.710400 0.216900
vt 0.710400 0.326300
vt 0.788800 0.216900
vt 0.788800 0.326300
vt 0.003300 0.182000
vt 0.121200 0.186600
vt 0.121200 0.155700
vt 0.003300 0.155700
vt 0.239000 0.155700
vt 0.239000 0.186200
vt 0.356900 0.155700
vt 0.356900 0.186200
vt 0.474700 0.155700
vt 0.474700 0.186200
vt 0.592600 0.155700
vt 0.592600 0.186200
vt 0.710400 0.155700
vt 0.710400 0.186200
vt 0.742800 0.155700
vt 0.771600 0.186200
vt 0.474700 0.191500
vt 0.592600 0.191500
vt 0.592600 0.186200
vt 0.474700 0.186200
vt 0.710400 0.186200
vt 0.356900 0.191500
vt 0.356900 0.186200
vt 0.356900 0.206700
vt 0.239000 0.191500
vt 0.239000 0.186200
vt 0.239000 0.204700
vt 0.131200 0.191500
vt 0.131200 0.186200
vt 0.247900 0.206700
vt 0.292300 0.216900
vt 0.356900 0.216900
vt 0.474700 0.206700
vt 0.474700 0.216900
vt 0.592600 0.206700
vt 0.592600 0.216900
vt 0.710400 0.191500
vt 0.771600 0.186200
vt 0.771600 0.191500
vt 0.710400 0.206700
vt 0.782400 0.206700
vt 0.710400 0.216900
vt 0.788800 0.216900
vt 0.474700 0.063800
vt 0.356900 0.063800
vt 0.356900 0.155700
vt 0.474700 0.155700
vt 0.239000 0.155700
vt 0.592600 0.063800
vt 0.239000 0.063800
vt 0.592600 0.155700
vt 0.121200 0.155700
vt 0.710400 0.063800
vt 0.121200 0.063800
vt 0.003300 0.155700
vt 0.003300 0.063800
vt 0.710400 0.155700
vt 0.742800 0.063800
vt 0.742800 0.155700
vt 0.474700 0.004700
vt 0.356900 0.004700
vt 0.356900 0.127700
vt 0.474700 0.127700
vt 0.592600 0.004700
vt 0.239000 0.127700
vt 0.592600 0.127700
vt 0.710400 0.004700
vt 0.710400 0.127700
vt 0.742800 0.127700
vt 0.788800 0.004700
vt 0.239000 0.016800
vt 0.292300 0.004700
vt 0.121200 0.051700
vt 0.121200 0.127700
vt 0.003300 0.056300
vt 0.003300 0.127700
vt 0.474700 0.216900
vt 0.356900 0.216900
vt 0.356900 0.326300
vt 0.292300 0.326300
vt 0.292300 0.216900
vt 0.474700 0.326300
vt 0.592600 0.216900
vt 0.592600 0.326300
vt 0.710400 0.216900
vt 0.710400 0.326300
vt 0.788800 0.216900
vt 0.788800 0.326300
vt 0.121200 0.186600
vt 0.131200 0.186200
vt 0.239000 0.186200
vt 0.121200 0.155700
vt 0.121200 0.186200
vt 0.003300 0.186200
vt 0.003300 0.155700
vt 0.239000 0.155700
vt 0.239000 0.186200
vt 0.356900 0.155700
vt 0.356900 0.186200
vt 0.474700 0.155700
vt 0.474700 0.186200
vt 0.592600 0.155700
vt 0.592600 0.186200
vt 0.710400 0.155700
vt 0.710400 0.186200
vt 0.742800 0.155700
vt 0.771600 0.186200
vt 0.121200 0.186200
vt 0.121200 0.191500
vt 0.003300 0.191500
vt 0.003300 0.186200
vt 0.239000 0.186200
vt 0.121200 0.206700
vt 0.003300 0.206700
vt 0.239000 0.191500
vt 0.356900 0.186200
vt 0.003300 0.209800
vt 0.121200 0.214900
vt 0.136500 0.216900
vt 0.239000 0.206700
vt 0.239000 0.216900
vt 0.356900 0.191500
vt 0.474700 0.186200
vt 0.356900 0.206700
vt 0.356900 0.216900
vt 0.474700 0.191500
vt 0.592600 0.186200
vt 0.474700 0.206700
vt 0.474700 0.216900
vt 0.592600 0.191500
vt 0.710400 0.186200
vt 0.592600 0.206700
vt 0.592600 0.216900
vt 0.710400 0.191500
vt 0.771600 0.186200
vt 0.771600 0.191500
vt 0.710400 0.206700
vt 0.710400 0.216900
vt 0.782400 0.206700
vt 0.788800 0.216900
vt 0.356900 0.155700
vt 0.356900 0.063800
vt 0.474700 0.063800
vt 0.239000 0.155700
vt 0.474700 0.155700
vt 0.239000 0.063800
vt 0.592600 0.063800
vt 0.121200 0.155700
vt 0.592600 0.155700
vt 0.121200 0.063800
vt 0.003300 0.155700
vt 0.003300 0.063800
vt 0.710400 0.063800
vt 0.710400 0.155700
vt 0.742800 0.063800
vt 0.742800 0.155700
vt 0.356900 0.127700
vt 0.356900 0.004700
vt 0.474700 0.004700
vt 0.239000 0.127700
vt 0.474700 0.127700
vt 0.239000 0.004700
vt 0.592600 0.004700
vt 0.592600 0.127700
vt 0.710400 0.004700
vt 0.710400 0.127700
vt 0.742800 0.127700
vt 0.788800 0.004700
vt 0.121200 0.127700
vt 0.121200 0.006700
vt 0.136500 0.004700
vt 0.003300 0.011800
vt 0.003300 0.127700
vt 0.356900 0.326300
vt 0.356900 0.216900
vt 0.474700 0.216900
vt 0.239000 0.326300
vt 0.474700 0.326300
vt 0.239000 0.216900
vt 0.136500 0.326300
vt 0.136500 0.216900
vt 0.592600 0.216900
vt 0.592600 0.326300
vt 0.710400 0.216900
vt 0.710400 0.326300
vt 0.788800 0.216900
vt 0.788800 0.326300
vt 0.003300 0.181100
vt 0.121200 0.185700
vt 0.121200 0.155700
vt 0.003300 0.155700
vt 0.239000 0.155700
vt 0.239000 0.186200
vt 0.137500 0.186200
vt 0.356900 0.155700
vt 0.356900 0.186200
vt 0.474700 0.155700
vt 0.474700 0.186200
vt 0.592600 0.155700
vt 0.592600 0.186200
vt 0.710400 0.155700
vt 0.710400 0.186200
vt 0.742800 0.155700
vt 0.771600 0.186200
vt 0.474700 0.191500
vt 0.592600 0.191500
vt 0.592600 0.186200
vt 0.474700 0.186200
vt 0.710400 0.186200
vt 0.356900 0.191500
vt 0.356900 0.186200
vt 0.356900 0.206700
vt 0.239000 0.191500
vt 0.239000 0.186200
vt 0.137500 0.186200
vt 0.137500 0.191500
vt 0.239000 0.203900
vt 0.251800 0.206700
vt 0.295800 0.216900
vt 0.356900 0.216900
vt 0.474700 0.206700
vt 0.474700 0.216900
vt 0.592600 0.206700
vt 0.592600 0.216900
vt 0.710400 0.191500
vt 0.771600 0.186200
vt 0.771600 0.191500
vt 0.710400 0.206700
vt 0.782400 0.206700
vt 0.710400 0.216900
vt 0.788800 0.216900
vt 0.474700 0.063800
vt 0.356900 0.063800
vt 0.356900 0.155700
vt 0.474700 0.155700
vt 0.239000 0.155700
vt 0.592600 0.063800
vt 0.239000 0.063800
vt 0.592600 0.155700
vt 0.121200 0.155700
vt 0.710400 0.063800
vt 0.121200 0.063800
vt 0.003300 0.155700
vt 0.003300 0.063800
vt 0.710400 0.155700
vt 0.742800 0.063800
vt 0.742800 0.155700
vt 0.474700 0.004700
vt 0.356900 0.004700
vt 0.356900 0.127700
vt 0.474700 0.127700
vt 0.592600 0.004700
vt 0.239000 0.127700
vt 0.592600 0.127700
vt 0.710400 0.004700
vt 0.710400 0.127700
vt 0.742800 0.127700
vt 0.788800 0.004700
vt 0.239000 0.017700
vt 0.295800 0.004700
vt 0.121200 0.052500
vt 0.121200 0.127700
vt 0.003300 0.057100
vt 0.003300 0.127700
vt 0.474700 0.216900
vt 0.356900 0.216900
vt 0.356900 0.326300
vt 0.295800 0.326300
vt 0.295800 0.216900
vt 0.474700 0.326300
vt 0.592600 0.216900
vt 0.592600 0.326300
vt 0.710400 0.216900
vt 0.710400 0.326300
vt 0.788800 0.216900
vt 0.788800 0.326300
vt 0.003300 0.186200
vt 0.121200 0.186200
vt 0.121200 0.155700
vt 0.003300 0.155700
vt 0.239000 0.155700
vt 0.239000 0.186200
vt 0.356900 0.155700
vt 0.356900 0.186200
vt 0.474700 0.155700
vt 0.474700 0.186200
vt 0.592600 0.155700
vt 0.592600 0.186200
vt 0.710400 0.155700
vt 0.710400 0.186200
vt 0.742800 0.155700
vt 0.771600 0.186200
vt 0.003300 0.191500
vt 0.121200 0.191500
vt 0.121200 0.186200
vt 0.003300 0.186200
vt 0.239000 0.186200
vt 0.121200 0.206700
vt 0.003300 0.206700
vt 0.239000 0.191500
vt 0.356900 0.186200
vt 0.003300 0.209800
vt 0.121200 0.214900
vt 0.136500 0.216900
vt 0.239000 0.206700
vt 0.239000 0.216900
vt 0.356900 0.191500
vt 0.474700 0.186200
vt 0.356900 0.206700
vt 0.356900 0.216900
vt 0.474700 0.191500
vt 0.592600 0.186200
vt 0.474700 0.206700
vt 0.474700 0.216900
vt 0.592600 0.191500
vt 0.710400 0.186200
vt 0.592600 0.206700
vt 0.592600 0.216900
vt 0.710400 0.191500
vt 0.771600 0.186200
vt 0.771600 0.191500
vt 0.710400 0.206700
vt 0.782400 0.206700
vt 0.710400 0.216900
vt 0.788800 0.216900
vt 0.474700 0.063800
vt 0.356900 0.063800
vt 0.356900 0.155700
vt 0.474700 0.155700
vt 0.239000 0.155700
vt 0.592600 0.063800
vt 0.239000 0.063800
vt 0.592600 0.155700
vt 0.121200 0.155700
vt 0.710400 0.063800
vt 0.121200 0.063800
vt 0.003300 0.155700
vt 0.003300 0.063800
vt 0.710400 0.155700
vt 0.742800 0.063800
vt 0.742800 0.155700
vt 0.474700 0.004700
vt 0.356900 0.004700
vt 0.356900 0.127700
vt 0.474700 0.127700
vt 0.239000 0.127700
vt 0.592600 0.004700
vt 0.239000 0.004700
vt 0.592600 0.127700
vt 0.710400 0.004700
vt 0.710400 0.127700
vt 0.742800 0.127700
vt 0.788800 0.004700
vt 0.121200 0.127700
vt 0.121200 0.006700
vt 0.136500 0.004700
vt 0.003300 0.011800
vt 0.003300 0.127700
vt 0.474700 0.216900
vt 0.356900 0.216900
vt 0.356900 0.326300
vt 0.474700 0.326300
vt 0.239000 0.326300
vt 0.592600 0.216900
vt 0.239000 0.216900
vt 0.136500 0.326300
vt 0.136500 0.216900
vt 0.592600 0.326300
vt 0.710400 0.216900
vt 0.710400 0.326300
vt 0.788800 0.216900
vt 0.788800 0.326300
vt 0.121200 0.155700
vt 0.121200 0.186600
vt 0.003300 0.182000
vt 0.003300 0.155700
vt 0.239000 0.155700
vt 0.239000 0.186200
vt 0.356900 0.155700
vt 0.356900 0.186200
vt 0.474700 0.155700
vt 0.474700 0.186200
vt 0.592600 0.155700
vt 0.592600 0.186200
vt 0.710400 0.155700
vt 0.710400 0.186200
vt 0.742800 0.155700
vt 0.771600 0.186200
vt 0.592600 0.186200
vt 0.592600 0.191500
vt 0.474700 0.191500
vt 0.710400 0.186200
vt 0.474700 0.186200
vt 0.710400 0.191500
vt 0.771600 0.186200
vt 0.771600 0.191500
vt 0.356900 0.191500
vt 0.356900 0.186200
vt 0.356900 0.206700
vt 0.239000 0.191500
vt 0.239000 0.186200
vt 0.239000 0.204700
vt 0.131200 0.191500
vt 0.131200 0.186200
vt 0.247900 0.206700
vt 0.292300 0.216900
vt 0.356900 0.216900
vt 0.474700 0.206700
vt 0.474700 0.216900
vt 0.592600 0.206700
vt 0.592600 0.216900
vt 0.710400 0.206700
vt 0.710400 0.216900
vt 0.782400 0.206700
vt 0.788800 0.216900
vt 0.356900 0.155700
vt 0.356900 0.063800
vt 0.474700 0.063800
vt 0.239000 0.155700
vt 0.474700 0.155700
vt 0.239000 0.063800
vt 0.592600 0.063800
vt 0.121200 0.155700
vt 0.592600 0.155700
vt 0.121200 0.063800
vt 0.003300 0.155700
vt 0.003300 0.063800
vt 0.710400 0.063800
vt 0.710400 0.155700
vt 0.742800 0.063800
vt 0.742800 0.155700
vt 0.356900 0.127700
vt 0.356900 0.004700
vt 0.474700 0.004700
vt 0.474700 0.127700
vt 0.592600 0.004700
vt 0.239000 0.127700
vt 0.592600 0.127700
vt 0.710400 0.004700
vt 0.710400 0.127700
vt 0.742800 0.127700
vt 0.788800 0.004700
vt 0.239000 0.016800
vt 0.292300 0.004700
vt 0.121200 0.051700
vt 0.121200 0.127700
vt 0.003300 0.056300
vt 0.003300 0.127700
vt 0.356900 0.326300
vt 0.356900 0.216900
vt 0.474700 0.216900
vt 0.292300 0.326300
vt 0.292300 0.216900
vt 0.474700 0.326300
vt 0.592600 0.216900
vt 0.592600 0.326300
vt 0.710400 0.216900
vt 0.710400 0.326300
vt 0.788800 0.216900
vt 0.788800 0.326300
vt 0.239000 0.186200
vt 0.131200 0.186200
vt 0.121200 0.186600
vn 1.000000 0.000000 0.000000
vn 1.000000 0.000000 0.000000
vn 1.000000 0.000000 0.000000
vn 1.000000 0.000000 0.000000
vn -0.000000 1.000000 0.000000
vn -0.000000 1.000000 0.000000
vn 0.000000 1.000000 -0.000000
vn 0.000000 1.000000 -0.000000
vn -1.000000 -0.000000 -0.000000
vn -1.000000 -0.000000 -0.000000
vn -1.000000 -0.000000 -0.000000
vn -1.000000 -0.000000 -0.000000
vn 0.000000 -1.000000 0.000000
vn 0.000000 -1.000000 0.000000
vn 0.000000 -1.000000 0.000000
vn 0.000000 -1.000000 0.000000
vn 0.245499 0.245499 0.937796
vn 0.245499 0.245499 0.937796
vn 0.245499 -0.245499 0.937796
vn 0.245499 -0.245499 0.937796
vn -0.245499 0.245499 0.937796
vn -0.245499 0.245499 0.937796
vn 0.245499 0.245499 0.937796
vn 0.245499 0.245499 0.937796
vn -0.245499 -0.245499 0.937796
vn -0.245499 -0.245499 0.937796
vn -0.245499 0.245499 0.937796
vn -0.245499 0.245499 0.937796
vn 0.245499 -0.245499 0.937796
vn 0.245499 -0.245499 0.937796
vn -0.245499 -0.245499 0.937796
vn -0.245499 -0.245499 0.937796
vn 0.000000 -1.000000 0.000000
vn 0.000000 -1.000000 0.000000
vn 0.000000 -1.000000 0.000000
vn 0.000000 -1.000000 0.000000
vn 0.000000 -1.000000 0.000000
vn 0.000000 -1.000000 0.000000
vn 0.000000 -1.000000 0.000000
vn 0.000000 -1.000000 0.000000
vn -0.000000 -1.000000 0.000000
vn -0.000000 -1.000000 0.000000
vn -0.000000 -1.000000 0.000000
vn -0.000000 -1.000000 0.000000
vn 0.000000 -1.000000 0.000000
vn -0.000000 -1.000000 0.000000
vn 0.000000 -1.000000 0.000000
vn 0.000000 -1.000000 0.000000
vn -0.936684 -0.337794 -0.092298
vn -0.922606 -0.339302 -0.183501
vn -0.980784 0.000000 -0.195097
vn -0.995187 0.000000 -0.097999
vn -0.923877 -0.000000 -0.382690
vn -0.414984 -0.903866 -0.103996
vn -0.408896 -0.911691 -0.040300
vn -0.869074 -0.339290 -0.359989
vn -0.831465 -0.000000 -0.555577
vn 0.000000 -1.000000 0.000000
vn -0.000000 -0.995342 -0.096404
vn 0.000000 -0.997813 -0.066101
vn -0.384383 -0.910659 -0.151493
vn -0.005100 -0.999913 0.012200
vn -0.782172 -0.339288 -0.522581
vn -0.707107 -0.000000 -0.707107
vn -0.340302 -0.912405 -0.227401
vn -0.000000 -1.000000 0.000000
vn -0.665165 -0.339282 -0.665165
vn -0.555577 -0.000000 -0.831465
vn -0.289403 -0.912410 -0.289403
vn -0.000000 -1.000000 0.000000
vn -0.522581 -0.339288 -0.782172
vn -0.382690 -0.000000 -0.923877
vn -0.227401 -0.912405 -0.340302
vn 0.000000 -1.000000 0.000000
vn -0.359989 -0.339290 -0.869074
vn 0.000000 0.000000 -1.000000
vn -0.000000 -0.363792 -0.931480
vn -0.156603 -0.912420 -0.378108
vn 0.000000 -0.935319 -0.353807
vn 0.000000 -1.000000 0.000000
vn 0.000000 -1.000000 0.000000
vn -0.707107 0.000000 -0.707107
vn -0.831465 0.000000 -0.555577
vn -0.831465 0.000000 -0.555577
vn -0.707107 0.000000 -0.707107
vn -0.923877 0.000000 -0.382690
vn -0.555577 0.000000 -0.831465
vn -0.923877 0.000000 -0.382690
vn -0.555577 0.000000 -0.831465
vn -0.980784 0.000000 -0.195097
vn -0.382690 0.000000 -0.923877
vn -0.980784 0.000000 -0.195097
vn -0.995187 0.000000 -0.097999
vn -0.995187 0.000000 -0.097999
vn -0.382690 0.000000 -0.923877
vn 0.000000 0.000000 -1.000000
vn 0.000000 0.000000 -1.000000
vn 0.000000 1.000000 0.000000
vn 0.000000 1.000000 0.000000
vn 0.000000 1.000000 0.000000
vn 0.000000 1.000000 0.000000
vn 0.000000 1.000000 0.000000
vn 0.000000 1.000000 0.000000
vn 0.000000 1.000000 0.000000
vn 0.000000 1.000000 0.000000
vn 0.000000 1.000000 -0.000000
vn 0.000000 1.000000 0.000000
vn -0.000000 1.000000 -0.000000
vn -0.000000 1.000000 -0.000000
vn 0.000000 1.000000 -0.000000
vn 0.000000 1.000000 -0.000000
vn 0.000000 1.000000 0.000000
vn 0.000000 1.000000 -0.000000
vn 0.000000 1.000000 -0.000000
vn 0.707107 0.000000 0.707107
vn 0.831465 0.000000 0.555577
vn 0.831465 0.000000 0.555577
vn 0.707107 0.000000 0.707107
vn 0.923877 0.000000 0.382690
vn 0.555577 0.000000 0.831465
vn 0.924203 0.000000 0.381901
vn 0.956933 0.000000 0.290310
vn 0.956933 0.000000 0.290310
vn 0.555577 -0.000000 0.831465
vn 0.382690 -0.000000 0.923877
vn 0.382690 -0.000000 0.923877
vn 0.000000 -0.000000 1.000000
vn -0.000000 -0.000000 1.000000
vn 0.000000 -1.000000 0.000000
vn 0.000000 -1.000000 0.000300
vn 0.000000 -1.000000 0.000000
vn 0.000000 -1.000000 0.000000
vn 0.000000 -1.000000 0.000000
vn -0.000100 -1.000000 0.000000
vn 0.000000 -1.000000 0.000000
vn 0.000000 -1.000000 0.000000
vn 0.000000 -1.000000 0.000000
vn 0.000000 -1.000000 0.000000
vn 0.000000 -1.000000 0.000000
vn 0.000000 -1.000000 0.000000
vn 0.000000 -1.000000 0.000000
vn 0.000000 -1.000000 0.000000
vn 0.000000 -1.000000 0.000000
vn 0.000000 -1.000000 0.000000
vn 0.555577 0.000000 -0.831465
vn 0.522581 -0.339288 -0.782172
vn 0.665165 -0.339282 -0.665165
vn 0.382690 0.000000 -0.923877
vn 0.707107 0.000000 -0.707107
vn 0.359989 -0.339290 -0.869074
vn 0.000000 0.000000 -1.000000
vn -0.000000 -0.363792 -0.931480
vn 0.779392 -0.341796 -0.525094
vn 0.831465 0.000000 -0.555577
vn 0.339914 -0.911236 -0.232609
vn 0.156603 -0.912420 -0.378108
vn 0.000000 -0.935319 -0.353807
vn 0.000000 -1.000000 0.000000
vn 0.000000 -1.000000 0.000000
vn 0.000000 -1.000000 0.000000
vn 0.227401 -0.912405 -0.340302
vn 0.000000 -1.000000 0.000000
vn 0.289403 -0.912410 -0.289403
vn 0.000000 -1.000000 0.000000
vn 0.000000 -1.000000 0.000000
vn -0.012700 -0.993411 -0.113901
vn -0.032701 -0.920439 -0.389516
vn 0.852333 -0.355914 -0.383215
vn -0.023999 -0.444483 -0.895466
vn 0.912583 0.000000 -0.408892
vn -0.028600 0.000000 -0.999591
vn 0.831465 0.000000 -0.555577
vn 0.831465 -0.000000 -0.555577
vn 0.707107 0.000000 -0.707107
vn 0.923877 -0.000000 -0.382690
vn 0.707107 0.000000 -0.707107
vn 0.923877 -0.000000 -0.382690
vn 0.555577 0.000000 -0.831465
vn 0.980784 -0.000000 -0.195097
vn 0.555577 -0.000000 -0.831465
vn 0.980784 0.000000 -0.195097
vn 0.995187 0.000000 -0.097999
vn 0.995187 0.000000 -0.097999
vn 0.382690 -0.000000 -0.923877
vn 0.382690 0.000000 -0.923877
vn 0.000000 0.000000 -1.000000
vn 0.000000 0.000000 -1.000000
vn 0.000000 1.000000 0.000000
vn 0.000000 1.000000 0.000000
vn 0.000000 1.000000 0.000000
vn 0.000000 1.000000 0.000000
vn 0.000000 1.000000 0.000000
vn 0.000000 1.000000 0.000000
vn 0.000000 1.000000 0.000000
vn -0.000000 1.000000 -0.000000
vn 0.000000 1.000000 0.000000
vn -0.000000 1.000000 -0.000000
vn -0.000000 1.000000 -0.000000
vn 0.000000 1.000000 0.000000
vn 0.000000 1.000000 0.000000
vn 0.000000 1.000000 -0.000000
vn -0.000000 1.000000 -0.000000
vn 0.000000 1.000000 -0.000000
vn 0.000000 1.000000 -0.000000
vn -0.809298 0.000000 0.587398
vn -0.809298 0.000000 0.587398
vn -0.707107 0.000000 0.707107
vn -0.842738 0.000000 0.538324
vn -0.842738 0.000000 0.538324
vn -0.707107 -0.000000 0.707107
vn -0.555577 -0.000000 0.831465
vn -0.555577 -0.000000 0.831465
vn -0.382690 -0.000000 0.923877
vn -0.382690 -0.000000 0.923877
vn 0.000000 -0.000000 1.000000
vn -0.000000 -0.000000 1.000000
vn -0.000100 -1.000000 0.000000
vn 0.001100 -0.999994 0.003300
vn 0.000000 -1.000000 0.000300
vn 0.000000 -1.000000 0.000000
vn 0.000000 -1.000000 0.000000
vn 0.000000 -1.000000 0.000000
vn 0.000000 -1.000000 0.000000
vn 0.000000 -1.000000 0.000000
vn 0.000000 -1.000000 0.000000
vn 0.000000 -1.000000 0.000000
vn 0.000000 -1.000000 0.000000
vn 0.000000 -1.000000 0.000000
vn 0.000000 -1.000000 0.000000
vn 0.000000 -1.000000 0.000000
vn 0.000000 -1.000000 0.000000
vn 0.000000 -1.000000 0.000000
vn 0.000000 -1.000000 0.000000
vn 0.000000 -1.000000 0.000000
vn 0.000000 -1.000000 0.000000
vn 0.980784 0.000000 -0.195097
vn 0.922637 -0.339214 -0.183507
vn 0.936684 -0.337794 -0.092298
vn 0.995187 0.000000 -0.097999
vn 0.923877 0.000000 -0.382690
vn 0.415725 -0.903455 -0.104606
vn 0.408896 -0.911691 -0.040300
vn 0.869104 -0.339201 -0.360002
vn 0.831465 0.000000 -0.555577
vn 0.000000 -1.000000 0.000000
vn -0.000000 -0.994302 -0.106600
vn 0.000000 -0.997273 -0.073798
vn 0.384292 -0.910680 -0.151597
vn 0.005000 -0.999914 0.012100
vn 0.782172 -0.339288 -0.522581
vn 0.707107 0.000000 -0.707107
vn 0.340302 -0.912405 -0.227401
vn 0.000000 -1.000000 0.000000
vn 0.665165 -0.339282 -0.665165
vn 0.555577 0.000000 -0.831465
vn 0.289403 -0.912410 -0.289403
vn 0.000000 -1.000000 0.000000
vn 0.522581 -0.339288 -0.782172
vn 0.382690 0.000000 -0.923877
vn 0.227401 -0.912405 -0.340302
vn 0.000000 -1.000000 0.000000
vn 0.359989 -0.339290 -0.869074
vn 0.000000 0.000000 -1.000000
vn 0.000000 -0.363792 -0.931480
vn 0.156603 -0.912420 -0.378108
vn 0.000000 -1.000000 0.000000
vn 0.000000 -0.935319 -0.353807
vn 0.000000 -1.000000 0.000000
vn 0.831465 -0.000000 -0.555577
vn 0.831465 -0.000000 -0.555577
vn 0.707107 -0.000000 -0.707107
vn 0.923877 -0.000000 -0.382690
vn 0.707107 -0.000000 -0.707107
vn 0.923877 -0.000000 -0.382690
vn 0.555577 -0.000000 -0.831465
vn 0.980784 -0.000000 -0.195097
vn 0.555577 -0.000000 -0.831465
vn 0.980784 -0.000000 -0.195097
vn 0.995187 -0.000000 -0.097999
vn 0.995187 0.000000 -0.097999
vn 0.382690 -0.000000 -0.923877
vn 0.382690 -0.000000 -0.923877
vn 0.000000 -0.000000 -1.000000
vn 0.000000 -0.000000 -1.000000
vn 0.000000 1.000000 0.000000
vn 0.000000 1.000000 0.000000
vn 0.000000 1.000000 0.000000
vn 0.000000 1.000000 0.000000
vn 0.000000 1.000000 0.000000
vn 0.000000 1.000000 0.000000
vn 0.000000 1.000000 0.000000
vn 0.000000 1.000000 0.000000
vn 0.000000 1.000000 0.000000
vn 0.000000 1.000000 0.000000
vn 0.000000 1.000000 0.000000
vn 0.000000 1.000000 0.000000
vn -0.000000 1.000000 -0.000000
vn -0.000000 1.000000 -0.000000
vn 0.000000 1.000000 0.000000
vn -0.000000 1.000000 -0.000000
vn 0.000000 1.000000 -0.000000
vn -0.831465 -0.000000 0.555577
vn -0.831465 -0.000000 0.555577
vn -0.707107 -0.000000 0.707107
vn -0.923877 -0.000000 0.382690
vn -0.707107 -0.000000 0.707107
vn -0.924203 -0.000000 0.381901
vn -0.956933 -0.000000 0.290310
vn -0.956933 -0.000000 0.290310
vn -0.555577 -0.000000 0.831465
vn -0.555577 -0.000000 0.831465
vn -0.382690 -0.000000 0.923877
vn -0.382690 -0.000000 0.923877
vn -0.000000 -0.000000 1.000000
vn 0.000000 0.000000 1.000000
vn 0.000000 -1.000000 0.000000
vn 0.000000 -1.000000 0.000300
vn 0.000000 -1.000000 0.000000
vn 0.000000 -1.000000 0.000000
vn 0.000000 -1.000000 0.000000
vn 0.000100 -1.000000 0.000000
vn 0.000000 -1.000000 0.000000
vn 0.000000 -1.000000 0.000000
vn -0.000000 -1.000000 0.000000
vn -0.000000 -1.000000 0.000000
vn -0.000000 -1.000000 0.000000
vn -0.000000 -1.000000 0.000000
vn 0.000000 -1.000000 0.000000
vn -0.000000 -1.000000 0.000000
vn 0.000000 -1.000000 0.000000
vn 0.000000 -1.000000 0.000000
vn -0.665165 -0.339282 -0.665165
vn -0.522581 -0.339288 -0.782172
vn -0.555577 -0.000000 -0.831465
vn -0.707107 -0.000000 -0.707107
vn -0.382690 0.000000 -0.923877
vn -0.785135 -0.336515 -0.519923
vn -0.831465 -0.000000 -0.555577
vn -0.340495 -0.913687 -0.221897
vn -0.875502 -0.319401 -0.362601
vn -0.923877 0.000000 -0.382690
vn -0.028600 0.000000 -0.999591
vn -0.023999 -0.444483 -0.895466
vn -0.032701 -0.920439 -0.389516
vn -0.012700 -0.993411 -0.113901
vn 0.000000 -1.000000 0.000000
vn -0.000000 -1.000000 0.000000
vn -0.289403 -0.912410 -0.289403
vn -0.000000 -1.000000 0.000000
vn -0.227401 -0.912405 -0.340302
vn 0.000000 -1.000000 0.000000
vn -0.359989 -0.339290 -0.869074
vn 0.000000 0.000000 -1.000000
vn 0.000000 -0.363792 -0.931480
vn -0.156603 -0.912420 -0.378108
vn 0.000000 -0.935319 -0.353807
vn 0.000000 -1.000000 0.000000
vn 0.000000 -1.000000 0.000000
vn -0.707107 0.000000 -0.707107
vn -0.831465 0.000000 -0.555577
vn -0.831465 0.000000 -0.555577
vn -0.707107 0.000000 -0.707107
vn -0.923877 0.000000 -0.382690
vn -0.555577 0.000000 -0.831465
vn -0.923877 0.000000 -0.382690
vn -0.555577 0.000000 -0.831465
vn -0.980784 0.000000 -0.195097
vn -0.382690 0.000000 -0.923877
vn -0.980784 0.000000 -0.195097
vn -0.995187 0.000000 -0.097999
vn -0.995187 0.000000 -0.097999
vn -0.382690 0.000000 -0.923877
vn 0.000000 -0.000000 -1.000000
vn 0.000000 -0.000000 -1.000000
vn 0.000000 1.000000 0.000000
vn 0.000000 1.000000 0.000000
vn 0.000000 1.000000 0.000000
vn 0.000000 1.000000 0.000000
vn 0.000000 1.000000 0.000000
vn 0.000000 1.000000 0.000000
vn 0.000000 1.000000 0.000000
vn 0.000000 1.000000 0.000000
vn 0.000000 1.000000 0.000000
vn 0.000000 1.000000 0.000000
vn 0.000000 1.000000 0.000000
vn 0.000000 1.000000 0.000000
vn 0.000000 1.000000 0.000000
vn 0.000000 1.000000 -0.000000
vn 0.000000 1.000000 -0.000000
vn 0.000000 1.000000 -0.000000
vn 0.000000 1.000000 -0.000000
vn 0.707107 0.000000 0.707107
vn 0.831465 0.000000 0.555577
vn 0.831465 0.000000 0.555577
vn 0.881915 0.000000 0.471408
vn 0.881915 0.000000 0.471408
vn 0.707107 0.000000 0.707107
vn 0.555577 -0.000000 0.831465
vn 0.555577 -0.000000 0.831465
vn 0.382690 -0.000000 0.923877
vn 0.382690 -0.000000 0.923877
vn -0.000000 -0.000000 1.000000
vn 0.000000 0.000000 1.000000
vn 0.000000 -1.000000 0.000300
vn 0.001100 -0.999994 0.003300
vn 0.000100 -1.000000 0.000000
vn 0.000000 -1.000000 0.000000
vn 0.000000 -1.000000 0.000000
vn 0.000000 -1.000000 0.000000
vn 0.000000 -1.000000 0.000000
vn 0.000000 -1.000000 0.000000
vn 0.000000 -1.000000 0.000000
vn 0.000000 -1.000000 0.000000
vn 0.000000 -1.000000 0.000000
vn -0.000000 -1.000000 0.000000
vn -0.000000 -1.000000 0.000000
vn -0.000000 -1.000000 0.000000
vn -0.000000 -1.000000 0.000000
vn 0.000000 -1.000000 0.000000
vn -0.000000 -1.000000 0.000000
vn 0.000000 -1.000000 0.000000
vn 0.000000 -1.000000 0.000000
vn -0.936684 -0.337794 -0.092298
vn -0.922606 -0.339302 -0.183501
vn -0.980784 -0.000000 -0.195097
vn -0.995187 -0.000000 -0.097999
vn -0.923877 -0.000000 -0.382690
vn -0.415725 -0.903455 -0.104606
vn -0.408896 -0.911691 -0.040300
vn -0.869074 -0.339290 -0.359989
vn -0.831465 -0.000000 -0.555577
vn 0.000000 -1.000000 0.000000
vn -0.000000 -0.994302 -0.106600
vn 0.000000 -0.997273 -0.073798
vn -0.384292 -0.910680 -0.151597
vn -0.005000 -0.999914 0.012100
vn -0.782172 -0.339288 -0.522581
vn -0.707107 -0.000000 -0.707107
vn -0.340302 -0.912405 -0.227401
vn -0.000000 -1.000000 0.000000
vn -0.665165 -0.339282 -0.665165
vn -0.555577 -0.000000 -0.831465
vn -0.289403 -0.912410 -0.289403
vn -0.000000 -1.000000 0.000000
vn -0.522581 -0.339288 -0.782172
vn -0.382690 -0.000000 -0.923877
vn -0.227401 -0.912405 -0.340302
vn 0.000000 -1.000000 0.000000
vn -0.359989 -0.339290 -0.869074
vn 0.000000 0.000000 -1.000000
vn -0.000000 -0.363792 -0.931480
vn -0.156603 -0.912420 -0.378108
vn 0.000000 -0.935319 -0.353807
vn 0.000000 -1.000000 0.000000
vn 0.000000 -1.000000 0.000000
vn -0.707107 -0.000000 -0.707107
vn -0.831465 -0.000000 -0.555577
vn -0.831465 -0.000000 -0.555577
vn -0.707107 0.000000 -0.707107
vn -0.923877 -0.000000 -0.382690
vn -0.555577 0.000000 -0.831465
vn -0.923877 0.000000 -0.382690
vn -0.555577 0.000000 -0.831465
vn -0.980784 0.000000 -0.195097
vn -0.382690 0.000000 -0.923877
vn -0.980784 0.000000 -0.195097
vn -0.995187 0.000000 -0.097999
vn -0.995187 0.000000 -0.097999
vn -0.382690 0.000000 -0.923877
vn -0.000000 0.000000 -1.000000
vn 0.000000 -0.000000 -1.000000
vn 0.000000 1.000000 0.000000
vn 0.000000 1.000000 0.000000
vn 0.000000 1.000000 0.000000
vn 0.000000 1.000000 0.000000
vn 0.000000 1.000000 0.000000
vn 0.000000 1.000000 0.000000
vn 0.000000 1.000000 0.000000
vn 0.000000 1.000000 0.000000
vn 0.000000 1.000000 0.000000
vn 0.000000 1.000000 0.000000
vn 0.000000 1.000000 0.000000
vn 0.000000 1.000000 0.000000
vn 0.000000 1.000000 -0.000000
vn -0.000000 1.000000 -0.000000
vn 0.000000 1.000000 0.000000
vn -0.000000 1.000000 -0.000000
vn 0.000000 1.000000 -0.000000
vn 0.707107 0.000000 0.707107
vn 0.831465 0.000000 0.555577
vn 0.831465 0.000000 0.555577
vn 0.707107 0.000000 0.707107
vn 0.923877 0.000000 0.382690
vn 0.555577 0.000000 0.831465
vn 0.924203 0.000000 0.381901
vn 0.956933 0.000000 0.290310
vn 0.956933 -0.000000 0.290310
vn 0.555577 0.000000 0.831465
vn 0.382690 0.000000 0.923877
vn 0.382690 0.000000 0.923877
vn 0.000000 -0.000000 1.000000
vn -0.000000 -0.000000 1.000000
vn 0.000000 -1.000000 0.000000
vn 0.000000 -0.999984 0.005700
vn 0.000000 -1.000000 0.000000
vn 0.000000 -1.000000 0.000000
vn 0.000000 -1.000000 0.000000
vn -0.002200 -0.999997 0.000600
vn 0.000000 -1.000000 0.000000
vn 0.000000 -1.000000 0.000000
vn 0.000000 -1.000000 0.000000
vn 0.000000 -1.000000 0.000000
vn 0.000000 -1.000000 0.000000
vn 0.000000 -1.000000 0.000000
vn 0.000000 -1.000000 0.000000
vn 0.000000 -1.000000 0.000000
vn 0.000000 -1.000000 0.000000
vn 0.000000 -1.000000 0.000000
vn 0.555577 0.000000 -0.831465
vn 0.522581 -0.339288 -0.782172
vn 0.665165 -0.339282 -0.665165
vn 0.382690 0.000000 -0.923877
vn 0.707107 0.000000 -0.707107
vn 0.359989 -0.339290 -0.869074
vn 0.000000 0.000000 -1.000000
vn -0.000000 -0.363792 -0.931480
vn 0.785306 -0.336302 -0.519804
vn 0.831465 0.000000 -0.555577
vn 0.340510 -0.913728 -0.221707
vn 0.875950 -0.317918 -0.362821
vn 0.923962 0.000000 -0.382484
vn -0.000000 -0.909501 -0.415701
vn 0.000000 -0.443089 -0.896478
vn -0.000000 -0.000000 -1.000000
vn 0.000000 -0.985718 -0.168403
vn 0.000000 -1.000000 0.000000
vn 0.000000 -1.000000 0.000000
vn 0.289403 -0.912410 -0.289403
vn 0.000000 -1.000000 0.000000
vn 0.227401 -0.912405 -0.340302
vn 0.000000 -1.000000 0.000000
vn 0.156603 -0.912420 -0.378108
vn 0.000000 -1.000000 0.000000
vn 0.000000 -0.935319 -0.353807
vn 0.000000 -1.000000 0.000000
vn 0.831465 -0.000000 -0.555577
vn 0.831465 -0.000000 -0.555577
vn 0.707107 -0.000000 -0.707107
vn 0.923877 -0.000000 -0.382690
vn 0.707107 -0.000000 -0.707107
vn 0.923877 -0.000000 -0.382690
vn 0.555577 -0.000000 -0.831465
vn 0.980784 -0.000000 -0.195097
vn 0.555577 -0.000000 -0.831465
vn 0.980784 -0.000000 -0.195097
vn 0.995187 -0.000000 -0.097999
vn 0.995187 -0.000000 -0.097999
vn 0.382690 -0.000000 -0.923877
vn 0.382690 -0.000000 -0.923877
vn -0.000000 0.000000 -1.000000
vn 0.000000 -0.000000 -1.000000
vn 0.000000 1.000000 0.000000
vn 0.000000 1.000000 0.000000
vn 0.000000 1.000000 0.000000
vn 0.000000 1.000000 0.000000
vn 0.000000 1.000000 0.000000
vn 0.000000 1.000000 0.000000
vn 0.000000 1.000000 0.000000
vn 0.000000 1.000000 0.000000
vn 0.000000 1.000000 0.000000
vn 0.000000 1.000000 0.000000
vn 0.000000 1.000000 0.000000
vn 0.000000 1.000000 0.000000
vn 0.000000 1.000000 0.000000
vn -0.000000 1.000000 -0.000000
vn -0.000000 1.000000 -0.000000
vn -0.000000 1.000000 -0.000000
vn 0.000000 1.000000 -0.000000
vn -0.831465 -0.000000 0.555577
vn -0.831465 -0.000000 0.555577
vn -0.707107 -0.000000 0.707107
vn -0.881915 -0.000000 0.471408
vn -0.881915 -0.000000 0.471408
vn -0.707107 -0.000000 0.707107
vn -0.555577 -0.000000 0.831465
vn -0.555577 -0.000000 0.831465
vn -0.382690 -0.000000 0.923877
vn -0.382690 -0.000000 0.923877
vn 0.000000 -0.000000 1.000000
vn -0.000000 -0.000000 1.000000
vn -0.002200 -0.999997 0.000600
vn 0.000000 -0.997767 0.066798
vn 0.000000 -0.999984 0.005700
vn 0.000000 -1.000000 0.000000
vn 0.000000 -1.000000 0.000000
vn 0.000000 -1.000000 0.000000
vn 0.000000 -1.000000 0.000000
vn 0.000000 -1.000000 0.000000
vn 0.000000 -1.000000 0.000000
vn 0.000000 -1.000000 0.000000
vn 0.000000 -1.000000 0.000000
vn 0.000000 -1.000000 0.000000
vn 0.000000 -1.000000 0.000000
vn 0.000000 -1.000000 0.000000
vn 0.000000 -1.000000 0.000000
vn 0.000000 -1.000000 0.000000
vn 0.000000 -1.000000 0.000000
vn -0.000000 -1.000000 0.000000
vn -0.000000 -1.000000 0.000000
vn 0.980784 0.000000 -0.195097
vn 0.922606 -0.339302 -0.183501
vn 0.936684 -0.337794 -0.092298
vn 0.995187 0.000000 -0.097999
vn 0.923877 0.000000 -0.382690
vn 0.414984 -0.903866 -0.103996
vn 0.408896 -0.911691 -0.040300
vn 0.869074 -0.339290 -0.359989
vn 0.831465 0.000000 -0.555577
vn 0.000000 -1.000000 0.000000
vn -0.000000 -0.995342 -0.096404
vn 0.000000 -0.997813 -0.066101
vn 0.384383 -0.910659 -0.151493
vn 0.005100 -0.999913 0.012200
vn 0.782172 -0.339288 -0.522581
vn 0.707107 0.000000 -0.707107
vn 0.340302 -0.912405 -0.227401
vn 0.000000 -1.000000 0.000000
vn 0.665165 -0.339282 -0.665165
vn 0.555577 0.000000 -0.831465
vn 0.289403 -0.912410 -0.289403
vn 0.000000 -1.000000 0.000000
vn 0.522581 -0.339288 -0.782172
vn 0.382690 0.000000 -0.923877
vn 0.227401 -0.912405 -0.340302
vn 0.000000 -1.000000 0.000000
vn 0.359989 -0.339290 -0.869074
vn 0.000000 0.000000 -1.000000
vn -0.000000 -0.363792 -0.931480
vn 0.156603 -0.912420 -0.378108
vn 0.000000 -1.000000 0.000000
vn 0.000000 -0.935319 -0.353807
vn 0.000000 -1.000000 0.000000
vn 0.831465 -0.000000 -0.555577
vn 0.831465 -0.000000 -0.555577
vn 0.707107 -0.000000 -0.707107
vn 0.923877 -0.000000 -0.382690
vn 0.707107 0.000000 -0.707107
vn 0.923877 -0.000000 -0.382690
vn 0.555577 0.000000 -0.831465
vn 0.980784 -0.000000 -0.195097
vn 0.555577 0.000000 -0.831465
vn 0.980784 0.000000 -0.195097
vn 0.995187 0.000000 -0.097999
vn 0.995187 0.000000 -0.097999
vn 0.382690 0.000000 -0.923877
vn 0.382690 -0.000000 -0.923877
vn -0.000000 0.000000 -1.000000
vn -0.000000 0.000000 -1.000000
vn 0.000000 1.000000 0.000000
vn 0.000000 1.000000 0.000000
vn 0.000000 1.000000 0.000000
vn 0.000000 1.000000 0.000000
vn 0.000000 1.000000 0.000000
vn 0.000000 1.000000 0.000000
vn 0.000000 1.000000 0.000000
vn 0.000000 1.000000 0.000000
vn -0.000000 1.000000 -0.000000
vn 0.000000 1.000000 0.000000
vn 0.000000 1.000000 -0.000000
vn 0.000000 1.000000 -0.000000
vn -0.000000 1.000000 -0.000000
vn 0.000000 1.000000 -0.000000
vn 0.000000 1.000000 0.000000
vn 0.000000 1.000000 -0.000000
vn 0.000000 1.000000 -0.000000
vn -0.831465 0.000000 0.555577
vn -0.831465 0.000000 0.555577
vn -0.707107 0.000000 0.707107
vn -0.923877 0.000000 0.382690
vn -0.707107 -0.000000 0.707107
vn -0.924203 0.000000 0.381901
vn -0.956933 0.000000 0.290310
vn -0.956933 0.000000 0.290310
vn -0.555577 -0.000000 0.831465
vn -0.555577 -0.000000 0.831465
vn -0.382690 -0.000000 0.923877
vn -0.382690 -0.000000 0.923877
vn 0.000000 -0.000000 1.000000
vn 0.000000 0.000000 1.000000
vn 0.000000 -1.000000 0.000000
vn -0.000000 -0.999994 0.003400
vn 0.000000 -1.000000 0.000000
vn 0.000000 -1.000000 0.000000
vn 0.000000 -1.000000 0.000000
vn 0.001800 -0.999998 0.000600
vn 0.000000 -0.999387 0.035000
vn 0.000000 -1.000000 0.000000
vn 0.000000 -1.000000 0.000000
vn -0.000000 -1.000000 0.000000
vn -0.000000 -1.000000 0.000000
vn -0.000000 -1.000000 0.000000
vn -0.000000 -1.000000 0.000000
vn 0.000000 -1.000000 0.000000
vn -0.000000 -1.000000 0.000000
vn -0.000000 -1.000000 0.000000
vn -0.000000 -1.000000 0.000000
vn -0.665165 -0.339282 -0.665165
vn -0.522581 -0.339288 -0.782172
vn -0.555577 -0.000000 -0.831465
vn -0.707107 -0.000000 -0.707107
vn -0.382690 0.000000 -0.923877
vn -0.780178 -0.341090 -0.524385
vn -0.831465 -0.000000 -0.555577
vn -0.339996 -0.911590 -0.231097
vn -0.853927 -0.351311 -0.383912
vn -0.912620 -0.000000 -0.408809
vn -0.000000 -0.000000 -1.000000
vn -0.000000 -0.443490 -0.896279
vn -0.000000 -0.911592 -0.411096
vn -0.000000 -0.975745 -0.218910
vn 0.000000 -1.000000 0.000000
vn -0.000000 -1.000000 0.000000
vn -0.289403 -0.912410 -0.289403
vn -0.000000 -1.000000 0.000000
vn -0.227401 -0.912405 -0.340302
vn 0.000000 -1.000000 0.000000
vn -0.359989 -0.339290 -0.869074
vn 0.000000 0.000000 -1.000000
vn -0.000000 -0.363792 -0.931480
vn -0.156603 -0.912420 -0.378108
vn 0.000000 -0.935319 -0.353807
vn 0.000000 -1.000000 0.000000
vn 0.000000 -1.000000 0.000000
vn -0.707107 0.000000 -0.707107
vn -0.831465 0.000000 -0.555577
vn -0.831465 0.000000 -0.555577
vn -0.707107 0.000000 -0.707107
vn -0.923877 0.000000 -0.382690
vn -0.555577 0.000000 -0.831465
vn -0.923877 0.000000 -0.382690
vn -0.555577 0.000000 -0.831465
vn -0.980784 0.000000 -0.195097
vn -0.382690 0.000000 -0.923877
vn -0.980784 0.000000 -0.195097
vn -0.995187 0.000000 -0.097999
vn -0.995187 0.000000 -0.097999
vn -0.382690 0.000000 -0.923877
vn -0.000000 0.000000 -1.000000
vn -0.000000 0.000000 -1.000000
vn 0.000000 1.000000 0.000000
vn 0.000000 1.000000 0.000000
vn 0.000000 1.000000 0.000000
vn 0.000000 1.000000 0.000000
vn 0.000000 1.000000 0.000000
vn 0.000000 1.000000 0.000000
vn 0.000000 1.000000 0.000000
vn 0.000000 1.000000 -0.000000
vn 0.000000 1.000000 0.000000
vn 0.000000 1.000000 -0.000000
vn 0.000000 1.000000 -0.000000
vn 0.000000 1.000000 0.000000
vn 0.000000 1.000000 0.000000
vn 0.000000 1.000000 -0.000000
vn 0.000000 1.000000 -0.000000
vn 0.000000 1.000000 -0.000000
vn 0.000000 1.000000 -0.000000
vn 0.707107 0.000000 0.707107
vn 0.809298 0.000000 0.587398
vn 0.809298 0.000000 0.587398
vn 0.842738 0.000000 0.538324
vn 0.842738 0.000000 0.538324
vn 0.707107 -0.000000 0.707107
vn 0.555577 -0.000000 0.831465
vn 0.555577 -0.000000 0.831465
vn 0.382690 -0.000000 0.923877
vn 0.382690 -0.000000 0.923877
vn 0.000000 -0.000000 1.000000
vn 0.000000 0.000000 1.000000
vn 0.000000 -1.000000 0.000000
vn 0.000000 -1.000000 0.000000
vn 0.000000 -1.000000 0.000000
vn 0.000000 -1.000000 0.000000
vn 0.000000 -1.000000 0.000000
vn 0.000000 -1.000000 0.000000
vn 0.000000 -1.000000 0.000000
vn 0.000000 -1.000000 0.000000
vn 0.000000 -1.000000 0.000000
vn 0.000000 -1.000000 0.000000
vn 0.000000 -1.000000 0.000000
vn 0.000000 -1.000000 0.000000
vn 0.000000 -1.000000 0.000000
vn 0.000000 -1.000000 0.000000
vn -0.000000 -1.000000 0.000000
vn -0.000000 -1.000000 0.000000
vn 0.980784 0.000100 -0.195097
vn 0.922637 -0.339214 -0.183507
vn 0.936684 -0.337794 -0.092298
vn 0.995187 0.000100 -0.097999
vn 0.923877 0.000100 -0.382690
vn 0.414984 -0.903866 -0.103996
vn 0.408896 -0.911691 -0.040300
vn 0.869104 -0.339201 -0.360002
vn 0.831465 0.000000 -0.555577
vn 0.000000 -1.000000 0.000000
vn 0.000000 -0.995342 -0.096404
vn -0.000000 -0.997813 -0.066101
vn 0.384383 -0.910659 -0.151493
vn 0.005100 -0.999913 0.012200
vn 0.782172 -0.339288 -0.522581
vn 0.707107 0.000100 -0.707107
vn 0.340302 -0.912405 -0.227401
vn 0.000000 -1.000000 0.000000
vn 0.665187 -0.339193 -0.665187
vn 0.555577 0.000000 -0.831465
vn 0.289403 -0.912410 -0.289403
vn 0.000000 -1.000000 0.000000
vn 0.522599 -0.339199 -0.782198
vn 0.382690 0.000000 -0.923877
vn 0.227401 -0.912405 -0.340302
vn 0.000000 -1.000000 0.000000
vn 0.359989 -0.339290 -0.869074
vn 0.000000 -0.000000 -1.000000
vn -0.000000 -0.363792 -0.931480
vn 0.156603 -0.912420 -0.378108
vn 0.000000 -1.000000 0.000000
vn 0.000000 -0.935319 -0.353807
vn 0.000000 -1.000000 0.000000
vn 0.831465 0.000000 -0.555577
vn 0.831465 0.000000 -0.555577
vn 0.707107 0.000000 -0.707107
vn 0.923877 0.000000 -0.382690
vn 0.707107 0.000000 -0.707107
vn 0.923877 0.000000 -0.382690
vn 0.555577 0.000000 -0.831465
vn 0.980784 0.000000 -0.195097
vn 0.555577 -0.000000 -0.831465
vn 0.980784 0.000000 -0.195097
vn 0.995187 0.000000 -0.097999
vn 0.995187 0.000000 -0.097999
vn 0.382690 -0.000000 -0.923877
vn 0.382690 -0.000000 -0.923877
vn -0.000000 -0.000000 -1.000000
vn -0.000000 0.000000 -1.000000
vn 0.000000 1.000000 0.000000
vn 0.000000 1.000000 0.000000
vn 0.000000 1.000000 0.000000
vn 0.000000 1.000000 0.000000
vn 0.000000 1.000000 0.000000
vn 0.000000 1.000000 0.000000
vn 0.000000 1.000000 0.000000
vn 0.000000 1.000000 0.000000
vn -0.000000 1.000000 -0.000000
vn 0.000000 1.000000 0.000000
vn 0.000000 1.000000 -0.000000
vn 0.000000 1.000000 -0.000000
vn -0.000000 1.000000 -0.000000
vn 0.000000 1.000000 -0.000000
vn 0.000000 1.000000 0.000000
vn -0.000000 1.000000 -0.000000
vn 0.000000 1.000000 -0.000000
vn -0.831465 -0.000000 0.555577
vn -0.831465 -0.000000 0.555577
vn -0.707107 -0.000000 0.707107
vn -0.923877 -0.000000 0.382690
vn -0.707107 -0.000000 0.707107
vn -0.924203 -0.000000 0.381901
vn -0.956933 -0.000000 0.290310
vn -0.956933 0.000000 0.290310
vn -0.555577 -0.000000 0.831465
vn -0.555577 -0.000000 0.831465
vn -0.382690 -0.000000 0.923877
vn -0.382690 -0.000000 0.923877
vn 0.000000 -0.000000 1.000000
vn -0.000000 -0.000000 1.000000
vn 0.000000 -1.000000 0.000000
vn 0.000000 -1.000000 -0.000300
vn 0.000000 -1.000000 0.000000
vn 0.000000 -1.000000 0.000000
vn 0.000000 -1.000000 0.000000
vn -0.000100 -1.000000 -0.000000
vn 0.000000 -1.000000 0.000000
vn 0.000000 -1.000000 0.000000
vn -0.000000 -1.000000 0.000000
vn -0.000000 -1.000000 0.000000
vn -0.000000 -1.000000 0.000000
vn -0.000000 -1.000000 0.000000
vn 0.000000 -1.000000 0.000000
vn -0.000000 -1.000000 0.000000
vn -0.000000 -1.000000 0.000000
vn -0.000000 -1.000000 0.000000
vn -0.665165 -0.339282 -0.665165
vn -0.522581 -0.339288 -0.782172
vn -0.555577 -0.000000 -0.831465
vn -0.707107 -0.000100 -0.707107
vn -0.382690 -0.000000 -0.923877
vn -0.779392 -0.341796 -0.525094
vn -0.831465 0.000000 -0.555577
vn -0.339914 -0.911236 -0.232609
vn -0.852333 -0.355914 -0.383215
vn -0.912583 0.000000 -0.408892
vn 0.028600 0.000000 -0.999591
vn 0.023999 -0.444483 -0.895466
vn 0.032701 -0.920439 -0.389516
vn 0.012700 -0.993411 -0.113901
vn 0.000000 -1.000000 0.000000
vn -0.000000 -1.000000 0.000000
vn -0.289403 -0.912410 -0.289403
vn -0.000000 -1.000000 0.000000
vn -0.227401 -0.912405 -0.340302
vn 0.000000 -1.000000 0.000000
vn -0.359989 -0.339290 -0.869074
vn 0.000000 -0.000000 -1.000000
vn -0.000000 -0.363792 -0.931480
vn -0.156603 -0.912420 -0.378108
vn 0.000000 -0.935319 -0.353807
vn 0.000000 -1.000000 0.000000
vn 0.000000 -1.000000 0.000000
vn -0.707107 0.000000 -0.707107
vn -0.831465 0.000000 -0.555577
vn -0.831465 0.000000 -0.555577
vn -0.707107 0.000000 -0.707107
vn -0.923877 0.000000 -0.382690
vn -0.555577 0.000000 -0.831465
vn -0.923877 0.000000 -0.382690
vn -0.555577 0.000000 -0.831465
vn -0.980784 0.000000 -0.195097
vn -0.382690 0.000000 -0.923877
vn -0.980784 -0.000000 -0.195097
vn -0.995187 -0.000000 -0.097999
vn -0.995187 -0.000000 -0.097999
vn -0.382690 0.000000 -0.923877
vn -0.000000 -0.000000 -1.000000
vn -0.000000 0.000000 -1.000000
vn 0.000000 1.000000 0.000000
vn 0.000000 1.000000 0.000000
vn 0.000000 1.000000 0.000000
vn 0.000000 1.000000 0.000000
vn 0.000000 1.000000 0.000000
vn 0.000000 1.000000 0.000000
vn 0.000000 1.000000 0.000000
vn 0.000000 1.000000 -0.000000
vn 0.000000 1.000000 0.000000
vn 0.000000 1.000000 -0.000000
vn 0.000000 1.000000 -0.000000
vn 0.000000 1.000000 0.000000
vn 0.000000 1.000000 0.000000
vn -0.000000 1.000000 -0.000000
vn 0.000000 1.000000 -0.000000
vn -0.000000 1.000000 -0.000000
vn 0.000000 1.000000 -0.000000
vn 0.707107 0.000000 0.707107
vn 0.809298 0.000000 0.587398
vn 0.809298 0.000000 0.587398
vn 0.842738 0.000000 0.538324
vn 0.842738 0.000000 0.538324
vn 0.707107 0.000000 0.707107
vn 0.555577 0.000000 0.831465
vn 0.555577 0.000000 0.831465
vn 0.382690 0.000000 0.923877
vn 0.382690 0.000000 0.923877
vn 0.000000 -0.000000 1.000000
vn -0.000000 -0.000000 1.000000
vn 0.000000 -1.000000 -0.000300
vn 0.001100 -0.999994 -0.003300
vn -0.000100 -1.000000 -0.000000
vn 0.000000 -1.000000 0.000000
vn 0.000000 -1.000000 0.000000
vn 0.000000 -1.000000 0.000000
vn 0.000000 -1.000000 0.000000
vn 0.000000 -1.000000 0.000000
vn 0.000000 -1.000000 0.000000
vn 0.000000 -1.000000 0.000000
vn 0.000000 -1.000000 0.000000
vn -0.000000 -1.000000 0.000000
vn -0.000000 -1.000000 0.000000
vn -0.000000 -1.000000 0.000000
vn -0.000000 -1.000000 0.000000
vn 0.000000 -1.000000 0.000000
vn -0.000000 -1.000000 0.000000
vn -0.000000 -1.000000 0.000000
vn -0.000000 -1.000000 0.000000
vn -0.936684 -0.337794 -0.092298
vn -0.922606 -0.339302 -0.183501
vn -0.980784 -0.000000 -0.195097
vn -0.995187 -0.000000 -0.097999
vn -0.923877 0.000000 -0.382690
vn -0.415725 -0.903455 -0.104606
vn -0.408896 -0.911691 -0.040300
vn -0.869074 -0.339290 -0.359989
vn -0.831465 -0.000100 -0.555577
vn 0.000000 -1.000000 0.000000
vn 0.000000 -0.994302 -0.106600
vn -0.000000 -0.997273 -0.073798
vn -0.384292 -0.910680 -0.151597
vn -0.005000 -0.999914 0.012100
vn -0.782133 -0.339314 -0.522622
vn -0.707107 -0.000000 -0.707107
vn -0.340302 -0.912405 -0.227401
vn -0.000000 -1.000000 0.000000
vn -0.665165 -0.339282 -0.665165
vn -0.555577 0.000000 -0.831465
vn -0.289403 -0.912410 -0.289403
vn -0.000000 -1.000000 0.000000
vn -0.522581 -0.339288 -0.782172
vn -0.382690 0.000000 -0.923877
vn -0.227401 -0.912405 -0.340302
vn 0.000000 -1.000000 0.000000
vn -0.359989 -0.339290 -0.869074
vn -0.000000 0.000000 -1.000000
vn -0.000000 -0.363792 -0.931480
vn -0.156603 -0.912420 -0.378108
vn 0.000000 -0.935319 -0.353807
vn 0.000000 -1.000000 0.000000
vn 0.000000 -1.000000 0.000000
vn -0.707107 0.000000 -0.707107
vn -0.831465 0.000000 -0.555577
vn -0.831465 0.000000 -0.555577
vn -0.707107 0.000000 -0.707107
vn -0.923877 0.000000 -0.382690
vn -0.555577 0.000000 -0.831465
vn -0.923877 0.000000 -0.382690
vn -0.555577 0.000000 -0.831465
vn -0.980784 0.000000 -0.195097
vn -0.382690 0.000000 -0.923877
vn -0.980784 0.000000 -0.195097
vn -0.995187 0.000000 -0.097999
vn -0.995187 0.000000 -0.097999
vn -0.382690 0.000000 -0.923877
vn -0.000000 0.000000 -1.000000
vn -0.000000 0.000000 -1.000000
vn 0.000000 1.000000 0.000000
vn 0.000000 1.000000 0.000000
vn 0.000000 1.000000 0.000000
vn 0.000000 1.000000 0.000000
vn 0.000000 1.000000 0.000000
vn 0.000000 1.000000 0.000000
vn 0.000000 1.000000 0.000000
vn 0.000000 1.000000 0.000000
vn 0.000000 1.000000 0.000000
vn 0.000000 1.000000 0.000000
vn 0.000000 1.000000 0.000000
vn 0.000000 1.000000 0.000000
vn 0.000000 1.000000 -0.000000
vn 0.000000 1.000000 -0.000000
vn 0.000000 1.000000 0.000000
vn 0.000000 1.000000 -0.000000
vn 0.000000 1.000000 -0.000000
vn 0.707107 0.000000 0.707107
vn 0.831465 0.000000 0.555577
vn 0.831465 0.000000 0.555577
vn 0.707107 0.000000 0.707107
vn 0.923877 0.000000 0.382690
vn 0.555577 0.000000 0.831465
vn 0.924203 0.000000 0.381901
vn 0.956933 0.000000 0.290310
vn 0.956933 0.000000 0.290310
vn 0.555577 0.000000 0.831465
vn 0.382690 0.000000 0.923877
vn 0.382690 0.000000 0.923877
vn -0.000000 -0.000000 1.000000
vn 0.000000 0.000000 1.000000
vn 0.000000 -1.000000 0.000000
vn 0.000000 -1.000000 -0.000300
vn 0.000000 -1.000000 0.000000
vn 0.000000 -1.000000 0.000000
vn 0.000000 -1.000000 0.000000
vn 0.000100 -1.000000 -0.000000
vn 0.000000 -1.000000 0.000000
vn 0.000000 -1.000000 0.000000
vn 0.000000 -1.000000 0.000000
vn 0.000000 -1.000000 0.000000
vn 0.000000 -1.000000 0.000000
vn 0.000000 -1.000000 0.000000
vn 0.000000 -1.000000 0.000000
vn 0.000000 -1.000000 0.000000
vn -0.000000 -1.000000 0.000000
vn -0.000000 -1.000000 0.000000
vn 0.555577 0.000000 -0.831465
vn 0.522599 -0.339199 -0.782198
vn 0.665187 -0.339193 -0.665187
vn 0.382690 0.000000 -0.923877
vn 0.707107 0.000100 -0.707107
vn 0.359989 -0.339290 -0.869074
vn -0.000000 0.000000 -1.000000
vn -0.000000 -0.363792 -0.931480
vn 0.785135 -0.336515 -0.519923
vn 0.831465 0.000000 -0.555577
vn 0.340495 -0.913687 -0.221897
vn 0.156603 -0.912420 -0.378108
vn 0.000000 -0.935319 -0.353807
vn 0.000000 -1.000000 0.000000
vn 0.000000 -1.000000 0.000000
vn 0.000000 -1.000000 0.000000
vn 0.227401 -0.912405 -0.340302
vn 0.000000 -1.000000 0.000000
vn 0.289403 -0.912410 -0.289403
vn 0.000000 -1.000000 0.000000
vn 0.000000 -1.000000 0.000000
vn 0.012700 -0.993411 -0.113901
vn 0.032701 -0.920439 -0.389516
vn 0.875502 -0.319401 -0.362601
vn 0.023999 -0.444483 -0.895466
vn 0.923877 0.000100 -0.382690
vn 0.028600 0.000000 -0.999591
vn 0.831465 0.000000 -0.555577
vn 0.831465 0.000000 -0.555577
vn 0.707107 0.000000 -0.707107
vn 0.923877 0.000000 -0.382690
vn 0.707107 -0.000000 -0.707107
vn 0.923877 0.000000 -0.382690
vn 0.555577 -0.000000 -0.831465
vn 0.980784 0.000000 -0.195097
vn 0.555577 -0.000000 -0.831465
vn 0.980784 0.000000 -0.195097
vn 0.995187 0.000000 -0.097999
vn 0.995187 0.000000 -0.097999
vn 0.382690 -0.000000 -0.923877
vn 0.382690 0.000000 -0.923877
vn -0.000000 0.000000 -1.000000
vn -0.000000 0.000000 -1.000000
vn 0.000000 1.000000 0.000000
vn 0.000000 1.000000 0.000000
vn 0.000000 1.000000 0.000000
vn 0.000000 1.000000 0.000000
vn 0.000000 1.000000 0.000000
vn 0.000000 1.000000 0.000000
vn 0.000000 1.000000 0.000000
vn 0.000000 1.000000 0.000000
vn 0.000000 1.000000 0.000000
vn 0.000000 1.000000 0.000000
vn 0.000000 1.000000 0.000000
vn 0.000000 1.000000 0.000000
vn 0.000000 1.000000 0.000000
vn -0.000000 1.000000 -0.000000
vn -0.000000 1.000000 -0.000000
vn -0.000000 1.000000 -0.000000
vn 0.000000 1.000000 -0.000000
vn -0.831465 -0.000000 0.555577
vn -0.831465 -0.000000 0.555577
vn -0.707107 -0.000000 0.707107
vn -0.881915 -0.000000 0.471408
vn -0.881915 0.000000 0.471408
vn -0.707107 -0.000000 0.707107
vn -0.555577 -0.000000 0.831465
vn -0.555577 -0.000000 0.831465
vn -0.382690 -0.000000 0.923877
vn -0.382690 -0.000000 0.923877
vn -0.000000 -0.000000 1.000000
vn 0.000000 0.000000 1.000000
vn 0.000100 -1.000000 -0.000000
vn 0.001100 -0.999994 -0.003300
vn 0.000000 -1.000000 -0.000300
vn 0.000000 -1.000000 0.000000
vn 0.000000 -1.000000 0.000000
vn 0.000000 -1.000000 0.000000
vn 0.000000 -1.000000 0.000000
vn 0.000000 -1.000000 0.000000
vn 0.000000 -1.000000 0.000000
vn 0.000000 -1.000000 0.000000
vn 0.000000 -1.000000 0.000000
vn 0.000000 -1.000000 0.000000
vn 0.000000 -1.000000 0.000000
vn 0.000000 -1.000000 0.000000
vn 0.000000 -1.000000 0.000000
vn 0.000000 -1.000000 0.000000
vn 0.000000 -1.000000 0.000000
vn 0.000000 -1.000000 0.000000
vn 0.000000 -1.000000 0.000000
vn 0.980784 0.000000 -0.195097
vn 0.922637 -0.339214 -0.183507
vn 0.936684 -0.337794 -0.092298
vn 0.995187 0.000000 -0.097999
vn 0.923877 0.000000 -0.382690
vn 0.415808 -0.903417 -0.104602
vn 0.408896 -0.911691 -0.040300
vn 0.869074 -0.339290 -0.359989
vn 0.831465 0.000000 -0.555577
vn 0.000000 -1.000000 0.000000
vn 0.000000 -0.994302 -0.106600
vn -0.000000 -0.997273 -0.073798
vn 0.384292 -0.910680 -0.151597
vn 0.005000 -0.999914 0.012100
vn 0.782198 -0.339199 -0.522599
vn 0.707107 0.000000 -0.707107
vn 0.340302 -0.912405 -0.227401
vn 0.000000 -1.000000 0.000000
vn 0.665165 -0.339282 -0.665165
vn 0.555577 0.000000 -0.831465
vn 0.289403 -0.912410 -0.289403
vn 0.000000 -1.000000 0.000000
vn 0.522581 -0.339288 -0.782172
vn 0.382690 0.000000 -0.923877
vn 0.227401 -0.912405 -0.340302
vn 0.000000 -1.000000 0.000000
vn 0.359989 -0.339290 -0.869074
vn 0.000000 0.000000 -1.000000
vn -0.000000 -0.363792 -0.931480
vn 0.156603 -0.912420 -0.378108
vn 0.000000 -1.000000 0.000000
vn -0.000000 -0.935319 -0.353807
vn 0.000000 -1.000000 0.000000
vn 0.831465 -0.000000 -0.555577
vn 0.831465 -0.000000 -0.555577
vn 0.707107 -0.000000 -0.707107
vn 0.923877 0.000000 -0.382690
vn 0.707107 0.000000 -0.707107
vn 0.923877 0.000000 -0.382690
vn 0.555577 0.000000 -0.831465
vn 0.980784 0.000000 -0.195097
vn 0.555577 0.000000 -0.831465
vn 0.980784 0.000000 -0.195097
vn 0.995187 0.000000 -0.097999
vn 0.995187 0.000000 -0.097999
vn 0.382690 0.000000 -0.923877
vn 0.382690 0.000000 -0.923877
vn 0.000000 0.000000 -1.000000
vn 0.000000 0.000000 -1.000000
vn 0.000000 1.000000 0.000000
vn 0.000000 1.000000 0.000000
vn 0.000000 1.000000 0.000000
vn 0.000000 1.000000 0.000000
vn 0.000000 1.000000 0.000000
vn 0.000000 1.000000 0.000000
vn 0.000000 1.000000 0.000000
vn 0.000000 1.000000 0.000000
vn 0.000000 1.000000 0.000000
vn 0.000000 1.000000 0.000000
vn 0.000000 1.000000 0.000000
vn 0.000000 1.000000 0.000000
vn -0.000000 1.000000 -0.000000
vn 0.000000 1.000000 -0.000000
vn 0.000000 1.000000 0.000000
vn 0.000000 1.000000 -0.000000
vn 0.000000 1.000000 -0.000000
vn -0.831465 0.000000 0.555577
vn -0.831465 0.000000 0.555577
vn -0.707107 0.000000 0.707107
vn -0.923877 0.000000 0.382690
vn -0.707107 -0.000000 0.707107
vn -0.924203 -0.000000 0.381901
vn -0.956933 -0.000000 0.290310
vn -0.956933 -0.000000 0.290310
vn -0.555577 -0.000000 0.831465
vn -0.555577 -0.000000 0.831465
vn -0.382690 -0.000000 0.923877
vn -0.382690 -0.000000 0.923877
vn -0.000000 -0.000000 1.000000
vn -0.000000 -0.000000 1.000000
vn 0.000000 -1.000000 0.000000
vn 0.000000 -0.999984 0.005700
vn 0.000000 -1.000000 0.000000
vn 0.000000 -1.000000 0.000000
vn 0.000000 -1.000000 0.000000
vn 0.002200 -0.999997 0.000600
vn 0.000000 -1.000000 0.000000
vn 0.000000 -1.000000 0.000000
vn -0.000000 -1.000000 0.000000
vn -0.000000 -1.000000 0.000000
vn -0.000000 -1.000000 0.000000
vn -0.000000 -1.000000 0.000000
vn 0.000000 -1.000000 0.000000
vn -0.000000 -1.000000 0.000000
vn 0.000000 -1.000000 0.000000
vn 0.000000 -1.000000 0.000000
vn -0.665165 -0.339282 -0.665165
vn -0.522581 -0.339288 -0.782172
vn -0.555577 -0.000000 -0.831465
vn -0.707107 -0.000000 -0.707107
vn -0.382690 -0.000000 -0.923877
vn -0.785279 -0.336391 -0.519786
vn -0.831465 -0.000000 -0.555577
vn -0.340510 -0.913728 -0.221707
vn -0.875923 -0.318008 -0.362809
vn -0.923962 -0.000000 -0.382484
vn -0.000000 -0.909501 -0.415701
vn 0.000000 -0.443089 -0.896478
vn -0.000000 -0.000000 -1.000000
vn 0.000000 -0.985718 -0.168403
vn 0.000000 -1.000000 0.000000
vn -0.000000 -1.000000 0.000000
vn -0.289403 -0.912410 -0.289403
vn -0.000000 -1.000000 0.000000
vn -0.227401 -0.912405 -0.340302
vn 0.000000 -1.000000 0.000000
vn -0.359989 -0.339290 -0.869074
vn 0.000000 0.000000 -1.000000
vn -0.000000 -0.363792 -0.931480
vn -0.156603 -0.912420 -0.378108
vn -0.000000 -0.935319 -0.353807
vn 0.000000 -1.000000 0.000000
vn 0.000000 -1.000000 0.000000
vn -0.707107 0.000000 -0.707107
vn -0.831465 0.000000 -0.555577
vn -0.831465 0.000000 -0.555577
vn -0.707107 0.000000 -0.707107
vn -0.923877 0.000000 -0.382690
vn -0.555577 0.000000 -0.831465
vn -0.923877 -0.000000 -0.382690
vn -0.555577 0.000000 -0.831465
vn -0.980784 -0.000000 -0.195097
vn -0.382690 0.000000 -0.923877
vn -0.980784 -0.000000 -0.195097
vn -0.995187 -0.000000 -0.097999
vn -0.995187 0.000000 -0.097999
vn -0.382690 0.000000 -0.923877
vn 0.000000 0.000000 -1.000000
vn 0.000000 0.000000 -1.000000
vn 0.000000 1.000000 0.000000
vn 0.000000 1.000000 0.000000
vn 0.000000 1.000000 0.000000
vn 0.000000 1.000000 0.000000
vn 0.000000 1.000000 0.000000
vn 0.000000 1.000000 0.000000
vn 0.000000 1.000000 0.000000
vn 0.000000 1.000000 0.000000
vn 0.000000 1.000000 0.000000
vn 0.000000 1.000000 0.000000
vn 0.000000 1.000000 0.000000
vn 0.000000 1.000000 0.000000
vn 0.000000 1.000000 0.000000
vn -0.000000 1.000000 -0.000000
vn 0.000000 1.000000 -0.000000
vn -0.000000 1.000000 -0.000000
vn 0.000000 1.000000 -0.000000
vn 0.707107 0.000000 0.707107
vn 0.831465 0.000000 0.555577
vn 0.831465 0.000000 0.555577
vn 0.881915 0.000000 0.471408
vn 0.881915 0.000000 0.471408
vn 0.707107 0.000000 0.707107
vn 0.555577 -0.000000 0.831465
vn 0.555577 -0.000000 0.831465
vn 0.382690 -0.000000 0.923877
vn 0.382690 0.000000 0.923877
vn -0.000000 -0.000000 1.000000
vn -0.000000 -0.000000 1.000000
vn 0.000000 -0.999984 0.005700
vn 0.000000 -0.997767 0.066798
vn 0.002200 -0.999997 0.000600
vn 0.000000 -1.000000 0.000000
vn 0.000000 -1.000000 0.000000
vn 0.000000 -1.000000 0.000000
vn 0.000000 -1.000000 0.000000
vn 0.000000 -1.000000 0.000000
vn 0.000000 -1.000000 0.000000
vn 0.000000 -1.000000 0.000000
vn 0.000000 -1.000000 0.000000
vn -0.000000 -1.000000 0.000000
vn -0.000000 -1.000000 0.000000
vn -0.000000 -1.000000 0.000000
vn -0.000000 -1.000000 0.000000
vn 0.000000 -1.000000 0.000000
vn -0.000000 -1.000000 0.000000
vn 0.000000 -1.000000 0.000000
vn 0.000000 -1.000000 0.000000
vn -0.936684 -0.337794 -0.092298
vn -0.922606 -0.339302 -0.183501
vn -0.980784 -0.000100 -0.195097
vn -0.995187 0.000000 -0.097999
vn -0.923877 -0.000000 -0.382690
vn -0.414984 -0.903866 -0.103996
vn -0.408896 -0.911691 -0.040300
vn -0.869074 -0.339290 -0.359989
vn -0.831465 -0.000100 -0.555577
vn 0.000000 -1.000000 0.000000
vn 0.000000 -0.995342 -0.096404
vn -0.000000 -0.997813 -0.066101
vn -0.384383 -0.910659 -0.151493
vn -0.005100 -0.999913 0.012200
vn -0.782133 -0.339314 -0.522622
vn -0.707107 -0.000100 -0.707107
vn -0.340302 -0.912405 -0.227401
vn -0.000000 -1.000000 0.000000
vn -0.665165 -0.339282 -0.665165
vn -0.555577 -0.000000 -0.831465
vn -0.289403 -0.912410 -0.289403
vn -0.000000 -1.000000 0.000000
vn -0.522581 -0.339288 -0.782172
vn -0.382690 0.000000 -0.923877
vn -0.227401 -0.912405 -0.340302
vn 0.000000 -1.000000 0.000000
vn -0.359989 -0.339290 -0.869074
vn 0.000000 0.000000 -1.000000
vn -0.000000 -0.363792 -0.931480
vn -0.156603 -0.912420 -0.378108
vn -0.000000 -0.935319 -0.353807
vn 0.000000 -1.000000 0.000000
vn 0.000000 -1.000000 0.000000
vn -0.707107 0.000000 -0.707107
vn -0.831465 0.000000 -0.555577
vn -0.831465 0.000000 -0.555577
vn -0.707107 0.000000 -0.707107
vn -0.923877 0.000000 -0.382690
vn -0.555577 0.000000 -0.831465
vn -0.923877 0.000000 -0.382690
vn -0.555577 0.000000 -0.831465
vn -0.980784 0.000000 -0.195097
vn -0.382690 0.000000 -0.923877
vn -0.980784 0.000000 -0.195097
vn -0.995187 0.000000 -0.097999
vn -0.995187 0.000000 -0.097999
vn -0.382690 0.000000 -0.923877
vn -0.000000 0.000000 -1.000000
vn 0.000000 0.000000 -1.000000
vn 0.000000 1.000000 0.000000
vn 0.000000 1.000000 0.000000
vn 0.000000 1.000000 0.000000
vn 0.000000 1.000000 0.000000
vn 0.000000 1.000000 0.000000
vn 0.000000 1.000000 0.000000
vn 0.000000 1.000000 0.000000
vn 0.000000 1.000000 0.000000
vn 0.000000 1.000000 -0.000000
vn 0.000000 1.000000 0.000000
vn 0.000000 1.000000 -0.000000
vn 0.000000 1.000000 -0.000000
vn 0.000000 1.000000 -0.000000
vn 0.000000 1.000000 -0.000000
vn 0.000000 1.000000 0.000000
vn -0.000000 1.000000 -0.000000
vn 0.000000 1.000000 -0.000000
vn 0.707107 0.000000 0.707107
vn 0.831465 0.000000 0.555577
vn 0.831465 0.000000 0.555577
vn 0.707107 0.000000 0.707107
vn 0.923877 0.000000 0.382690
vn 0.555577 0.000000 0.831465
vn 0.924203 0.000000 0.381901
vn 0.956933 0.000000 0.290310
vn 0.956933 0.000000 0.290310
vn 0.555577 0.000000 0.831465
vn 0.382690 0.000000 0.923877
vn 0.382690 0.000000 0.923877
vn 0.000000 -0.000000 1.000000
vn 0.000000 0.000000 1.000000
vn 0.000000 -1.000000 0.000000
vn 0.000000 -0.999966 0.008200
vn 0.000000 -1.000000 0.000000
vn 0.000000 -1.000000 0.000000
vn 0.000000 -1.000000 0.000000
vn -0.002300 -0.999997 0.000800
vn 0.000000 -1.000000 0.000000
vn 0.000000 -1.000000 0.000000
vn 0.000000 -1.000000 0.000000
vn 0.000000 -1.000000 0.000000
vn 0.000000 -1.000000 0.000000
vn 0.000000 -1.000000 0.000000
vn 0.000000 -1.000000 0.000000
vn 0.000000 -1.000000 0.000000
vn 0.000000 -1.000000 0.000000
vn 0.000000 -1.000000 0.000000
vn 0.555577 0.000000 -0.831465
vn 0.522599 -0.339199 -0.782198
vn 0.665187 -0.339193 -0.665187
vn 0.382690 0.000000 -0.923877
vn 0.707107 0.000100 -0.707107
vn 0.359989 -0.339290 -0.869074
vn 0.000000 0.000000 -1.000000
vn -0.000000 -0.363792 -0.931480
vn 0.779605 -0.341602 -0.524904
vn 0.831465 0.000000 -0.555577
vn 0.340003 -0.911307 -0.232202
vn 0.852768 -0.354687 -0.383386
vn 0.912620 0.000100 -0.408809
vn -0.000000 -0.920094 -0.391697
vn -0.000000 -0.444892 -0.895584
vn -0.000000 0.000000 -1.000000
vn 0.000000 -0.987423 -0.158104
vn 0.000000 -1.000000 0.000000
vn 0.000000 -1.000000 0.000000
vn 0.289403 -0.912410 -0.289403
vn 0.000000 -1.000000 0.000000
vn 0.227401 -0.912405 -0.340302
vn 0.000000 -1.000000 0.000000
vn 0.156603 -0.912420 -0.378108
vn 0.000000 -1.000000 0.000000
vn -0.000000 -0.935319 -0.353807
vn 0.000000 -1.000000 0.000000
vn 0.831465 -0.000000 -0.555577
vn 0.831465 -0.000000 -0.555577
vn 0.707107 -0.000000 -0.707107
vn 0.923877 -0.000000 -0.382690
vn 0.707107 -0.000000 -0.707107
vn 0.923877 0.000000 -0.382690
vn 0.555577 -0.000000 -0.831465
vn 0.980784 0.000000 -0.195097
vn 0.555577 0.000000 -0.831465
vn 0.980784 0.000000 -0.195097
vn 0.995187 0.000000 -0.097999
vn 0.995187 0.000000 -0.097999
vn 0.382690 0.000000 -0.923877
vn 0.382690 0.000000 -0.923877
vn -0.000000 0.000000 -1.000000
vn 0.000000 0.000000 -1.000000
vn 0.000000 1.000000 0.000000
vn 0.000000 1.000000 0.000000
vn 0.000000 1.000000 0.000000
vn 0.000000 1.000000 0.000000
vn 0.000000 1.000000 0.000000
vn 0.000000 1.000000 0.000000
vn 0.000000 1.000000 0.000000
vn -0.000000 1.000000 -0.000000
vn 0.000000 1.000000 0.000000
vn 0.000000 1.000000 -0.000000
vn 0.000000 1.000000 -0.000000
vn 0.000000 1.000000 0.000000
vn 0.000000 1.000000 0.000000
vn 0.000000 1.000000 -0.000000
vn -0.000000 1.000000 -0.000000
vn 0.000000 1.000000 -0.000000
vn 0.000000 1.000000 -0.000000
vn -0.809298 -0.000000 0.587398
vn -0.809298 -0.000000 0.587398
vn -0.707107 -0.000000 0.707107
vn -0.842738 -0.000000 0.538324
vn -0.842738 -0.000000 0.538324
vn -0.707107 -0.000000 0.707107
vn -0.555577 -0.000000 0.831465
vn -0.555577 -0.000000 0.831465
vn -0.382690 -0.000000 0.923877
vn -0.382690 -0.000000 0.923877
vn 0.000000 -0.000000 1.000000
vn 0.000000 0.000000 1.000000
vn -0.002300 -0.999997 0.000800
vn 0.000000 -0.996835 0.079503
vn 0.000000 -0.999966 0.008200
vn 0.000000 -1.000000 0.000000
vn 0.000000 -1.000000 0.000000
vn 0.000000 -1.000000 0.000000
vn 0.000000 -1.000000 0.000000
vn 0.000000 -1.000000 0.000000
vn 0.000000 -1.000000 0.000000
vn 0.000000 -1.000000 0.000000
vn 0.000000 -1.000000 0.000000
vn -0.000000 -1.000000 0.000000
vn -0.000000 -1.000000 0.000000
vn -0.000000 -1.000000 0.000000
vn -0.000000 -1.000000 0.000000
vn 0.000000 -1.000000 0.000000
vn -0.000000 -1.000000 0.000000
vn 0.000000 -1.000000 0.000000
vn 0.000000 -1.000000 0.000000
vn -0.936684 -0.337794 -0.092298
vn -0.922606 -0.339302 -0.183501
vn -0.980784 0.000000 -0.195097
vn -0.995187 0.000000 -0.097999
vn -0.923877 0.000000 -0.382690
vn -0.414984 -0.903866 -0.103996
vn -0.408896 -0.911691 -0.040300
vn -0.869074 -0.339290 -0.359989
vn -0.831465 0.000000 -0.555577
vn 0.000000 -1.000000 0.000000
vn 0.019199 -0.995158 -0.096396
vn -0.066301 -0.995614 -0.066001
vn -0.384383 -0.910659 -0.151493
vn -0.005100 -0.999913 0.012200
vn -0.782172 -0.339288 -0.522581
vn -0.707107 0.000000 -0.707107
vn -0.340302 -0.912405 -0.227401
vn -0.000000 -1.000000 0.000000
vn -0.665165 -0.339282 -0.665165
vn -0.555577 0.000000 -0.831465
vn -0.289403 -0.912410 -0.289403
vn -0.000000 -1.000000 0.000000
vn -0.522581 -0.339288 -0.782172
vn -0.382690 0.000000 -0.923877
vn -0.227401 -0.912405 -0.340302
vn 0.000000 -1.000000 0.000000
vn -0.359989 -0.339290 -0.869074
vn -0.000000 0.000000 -1.000000
vn 0.000000 -0.363792 -0.931480
vn -0.156603 -0.912420 -0.378108
vn 0.000000 -0.935319 -0.353807
vn 0.000000 -1.000000 0.000000
vn 0.000000 -1.000000 0.000000
vn -0.707107 -0.000000 -0.707107
vn -0.831465 -0.000000 -0.555577
vn -0.831465 -0.000000 -0.555577
vn -0.707107 0.000000 -0.707107
vn -0.923877 -0.000000 -0.382690
vn -0.555577 0.000000 -0.831465
vn -0.923877 -0.000000 -0.382690
vn -0.555577 0.000000 -0.831465
vn -0.980784 -0.000000 -0.195097
vn -0.382690 0.000000 -0.923877
vn -0.980784 0.000000 -0.195097
vn -0.995187 0.000000 -0.097999
vn -0.995187 0.000000 -0.097999
vn -0.382690 -0.000000 -0.923877
vn 0.000000 0.000000 -1.000000
vn 0.000000 0.000000 -1.000000
vn 0.000000 1.000000 0.000000
vn 0.000000 1.000000 0.000000
vn 0.000000 1.000000 0.000000
vn 0.000000 1.000000 0.000000
vn 0.000000 1.000000 0.000000
vn 0.000000 1.000000 0.000000
vn 0.000000 1.000000 0.000000
vn 0.000000 1.000000 0.000000
vn 0.000000 1.000000 -0.000000
vn 0.000000 1.000000 0.000000
vn -0.000000 1.000000 -0.000000
vn -0.000000 1.000000 -0.000000
vn 0.000000 1.000000 -0.000000
vn 0.000000 1.000000 -0.000000
vn 0.000000 1.000000 0.000000
vn 0.000000 1.000000 -0.000000
vn 0.000000 1.000000 -0.000000
vn 0.707107 0.000000 0.707107
vn 0.831465 0.000000 0.555577
vn 0.831465 0.000000 0.555577
vn 0.707107 -0.000000 0.707107
vn 0.923877 0.000000 0.382690
vn 0.555577 -0.000000 0.831465
vn 0.924203 0.000000 0.381901
vn 0.956933 0.000000 0.290310
vn 0.956933 0.000000 0.290310
vn 0.555577 -0.000000 0.831465
vn 0.382690 -0.000000 0.923877
vn 0.382690 -0.000000 0.923877
vn -0.000000 -0.000000 1.000000
vn -0.000000 0.000000 1.000000
vn 0.000000 -1.000000 0.000000
vn -0.000000 -0.999994 0.003400
vn 0.000000 -1.000000 0.000000
vn 0.000000 -1.000000 0.000000
vn 0.000000 -1.000000 0.000000
vn -0.001800 -0.999998 0.000600
vn 0.000000 -0.999387 0.035000
vn 0.000000 -1.000000 0.000000
vn 0.000000 -1.000000 0.000000
vn 0.000000 -1.000000 0.000000
vn 0.000000 -1.000000 0.000000
vn 0.000000 -1.000000 0.000000
vn 0.000000 -1.000000 0.000000
vn 0.000000 -1.000000 0.000000
vn 0.000000 -1.000000 0.000000
vn 0.000000 -1.000000 0.000000
vn 0.000000 -1.000000 0.000000
vn 0.555577 -0.000000 -0.831465
vn 0.522581 -0.339288 -0.782172
vn 0.665165 -0.339282 -0.665165
vn 0.382690 0.000000 -0.923877
vn 0.707107 -0.000000 -0.707107
vn 0.359989 -0.339290 -0.869074
vn -0.000000 0.000000 -1.000000
vn 0.000000 -0.363792 -0.931480
vn 0.780178 -0.341090 -0.524385
vn 0.831465 -0.000000 -0.555577
vn 0.339996 -0.911590 -0.231097
vn 0.156603 -0.912420 -0.378108
vn 0.000000 -0.935319 -0.353807
vn 0.000000 -1.000000 0.000000
vn 0.000000 -1.000000 0.000000
vn 0.000000 -1.000000 0.000000
vn 0.227401 -0.912405 -0.340302
vn 0.000000 -1.000000 0.000000
vn 0.289403 -0.912410 -0.289403
vn 0.000000 -1.000000 0.000000
vn 0.000000 -1.000000 0.000000
vn -0.000000 -0.975745 -0.218910
vn -0.000000 -0.911592 -0.411096
vn 0.853927 -0.351311 -0.383912
vn -0.000000 -0.443490 -0.896279
vn 0.912620 -0.000000 -0.408809
vn -0.000000 -0.000000 -1.000000
vn 0.831465 0.000000 -0.555577
vn 0.831465 0.000000 -0.555577
vn 0.707107 0.000000 -0.707107
vn 0.923877 0.000000 -0.382690
vn 0.707107 0.000000 -0.707107
vn 0.923877 0.000000 -0.382690
vn 0.555577 0.000000 -0.831465
vn 0.980784 0.000000 -0.195097
vn 0.555577 0.000000 -0.831465
vn 0.980784 0.000000 -0.195097
vn 0.995187 0.000000 -0.097999
vn 0.995187 0.000000 -0.097999
vn 0.382690 0.000000 -0.923877
vn 0.382690 0.000000 -0.923877
vn 0.000000 0.000000 -1.000000
vn 0.000000 0.000000 -1.000000
vn 0.000000 1.000000 0.000000
vn 0.000000 1.000000 0.000000
vn 0.000000 1.000000 0.000000
vn 0.000000 1.000000 0.000000
vn 0.000000 1.000000 0.000000
vn 0.000000 1.000000 0.000000
vn 0.000000 1.000000 0.000000
vn -0.000000 1.000000 -0.000000
vn 0.000000 1.000000 0.000000
vn -0.000000 1.000000 -0.000000
vn -0.000000 1.000000 -0.000000
vn 0.000000 1.000000 0.000000
vn 0.000000 1.000000 0.000000
vn 0.000000 1.000000 -0.000000
vn -0.000000 1.000000 -0.000000
vn 0.000000 1.000000 -0.000000
vn 0.000000 1.000000 -0.000000
vn -0.809298 0.000000 0.587398
vn -0.809298 0.000000 0.587398
vn -0.707107 0.000000 0.707107
vn -0.842738 0.000000 0.538324
vn -0.842738 0.000000 0.538324
vn -0.707107 -0.000000 0.707107
vn -0.555577 -0.000000 0.831465
vn -0.555577 -0.000000 0.831465
vn -0.382690 -0.000000 0.923877
vn -0.382690 -0.000000 0.923877
vn -0.000000 -0.000000 1.000000
vn -0.000000 0.000000 1.000000
vn 0.000000 -1.000000 0.000000
vn 0.000000 -1.000000 0.000000
vn 0.000000 -1.000000 0.000000
vn 0.000000 -1.000000 0.000000
vn 0.000000 -1.000000 0.000000
vn 0.000000 -1.000000 0.000000
vn 0.000000 -1.000000 0.000000
vn 0.000000 -1.000000 0.000000
vn 0.000000 -1.000000 0.000000
vn 0.000000 -1.000000 0.000000
vn 0.000000 -1.000000 0.000000
vn 0.000000 -1.000000 0.000000
vn 0.000000 -1.000000 0.000000
vn 0.000000 -1.000000 0.000000
vn -0.000000 -1.000000 0.000000
vn -0.000000 -1.000000 0.000000
vn 0.980784 -0.000100 -0.195097
vn 0.924983 -0.332494 -0.183997
vn 0.939088 -0.330996 -0.092499
vn 0.995187 0.000000 -0.097999
vn 0.923877 -0.000100 -0.382690
vn 0.407516 -0.909835 -0.078303
vn 0.415001 -0.908901 -0.040900
vn 0.869939 -0.338315 -0.358816
vn 0.831465 -0.000100 -0.555577
vn 0.000000 -1.000000 0.000000
vn 0.000000 -1.000000 0.000000
vn 0.006500 -0.999957 0.006600
vn 0.380890 -0.912075 -0.151796
vn 0.002400 -0.999981 0.005700
vn 0.782133 -0.339314 -0.522622
vn 0.707107 -0.000100 -0.707107
vn 0.340302 -0.912405 -0.227401
vn 0.000000 -1.000000 0.000000
vn 0.665165 -0.339282 -0.665165
vn 0.555577 -0.000000 -0.831465
vn 0.289403 -0.912410 -0.289403
vn 0.000000 -1.000000 0.000000
vn 0.522581 -0.339288 -0.782172
vn 0.382690 0.000000 -0.923877
vn 0.227401 -0.912405 -0.340302
vn 0.000000 -1.000000 0.000000
vn 0.359989 -0.339290 -0.869074
vn -0.000000 0.000000 -1.000000
vn 0.000000 -0.363792 -0.931480
vn 0.156603 -0.912420 -0.378108
vn 0.000000 -1.000000 0.000000
vn -0.000000 -0.935319 -0.353807
vn 0.000000 -1.000000 0.000000
vn 0.831465 0.000000 -0.555577
vn 0.831465 0.000000 -0.555577
vn 0.707107 0.000000 -0.707107
vn 0.923877 0.000000 -0.382690
vn 0.707107 0.000000 -0.707107
vn 0.923877 0.000000 -0.382690
vn 0.555577 0.000000 -0.831465
vn 0.980784 0.000000 -0.195097
vn 0.555577 0.000000 -0.831465
vn 0.980784 0.000000 -0.195097
vn 0.995187 0.000000 -0.097999
vn 0.995187 0.000000 -0.097999
vn 0.382690 0.000000 -0.923877
vn 0.382690 0.000000 -0.923877
vn 0.000000 0.000000 -1.000000
vn 0.000000 0.000000 -1.000000
vn 0.000000 1.000000 0.000000
vn 0.000000 1.000000 0.000000
vn 0.000000 1.000000 0.000000
vn 0.000000 1.000000 0.000000
vn 0.000000 1.000000 0.000000
vn 0.000000 1.000000 0.000000
vn 0.000000 1.000000 0.000000
vn 0.000000 1.000000 0.000000
vn -0.000000 1.000000 -0.000000
vn 0.000000 1.000000 0.000000
vn -0.000000 1.000000 -0.000000
vn 0.000000 1.000000 -0.000000
vn -0.000000 1.000000 -0.000000
vn -0.000000 1.000000 -0.000000
vn 0.000000 1.000000 0.000000
vn -0.000000 1.000000 -0.000000
vn 0.000000 1.000000 -0.000000
vn -0.831465 0.000000 0.555577
vn -0.831465 0.000000 0.555577
vn -0.707107 0.000000 0.707107
vn -0.923877 0.000000 0.382690
vn -0.707107 0.000000 0.707107
vn -0.924033 0.000000 0.382314
vn -0.956933 0.000000 0.290310
vn -0.956933 0.000000 0.290310
vn -0.555577 -0.000000 0.831465
vn -0.555577 -0.000000 0.831465
vn -0.382690 -0.000000 0.923877
vn -0.382690 0.000000 0.923877
vn -0.000000 0.000000 1.000000
vn 0.000000 -0.000000 1.000000
vn 0.000000 -1.000000 0.000000
vn 0.000000 -0.999966 0.008200
vn 0.000000 -1.000000 0.000000
vn 0.000000 -1.000000 0.000000
vn 0.000000 -1.000000 0.000000
vn 0.002300 -0.999997 0.000800
vn 0.000000 -1.000000 0.000000
vn 0.000000 -1.000000 0.000000
vn -0.000000 -1.000000 0.000000
vn -0.000000 -1.000000 0.000000
vn -0.000000 -1.000000 0.000000
vn -0.000000 -1.000000 0.000000
vn 0.000000 -1.000000 0.000000
vn -0.000000 -1.000000 0.000000
vn -0.000000 -1.000000 0.000000
vn -0.000000 -1.000000 0.000000
vn -0.665187 -0.339193 -0.665187
vn -0.522599 -0.339199 -0.782198
vn -0.555577 0.000000 -0.831465
vn -0.707107 0.000100 -0.707107
vn -0.382690 0.000000 -0.923877
vn -0.779605 -0.341602 -0.524904
vn -0.831465 0.000000 -0.555577
vn -0.340003 -0.911307 -0.232202
vn -0.852768 -0.354687 -0.383386
vn -0.912620 0.000100 -0.408809
vn -0.000000 -0.920094 -0.391697
vn -0.000000 -0.444892 -0.895584
vn -0.000000 0.000000 -1.000000
vn 0.000000 -0.987423 -0.158104
vn 0.000000 -1.000000 0.000000
vn -0.000000 -1.000000 0.000000
vn -0.289403 -0.912410 -0.289403
vn -0.000000 -1.000000 0.000000
vn -0.227401 -0.912405 -0.340302
vn 0.000000 -1.000000 0.000000
vn -0.359989 -0.339290 -0.869074
vn -0.000000 0.000000 -1.000000
vn 0.000000 -0.363792 -0.931480
vn -0.156603 -0.912420 -0.378108
vn -0.000000 -0.935319 -0.353807
vn 0.000000 -1.000000 0.000000
vn 0.000000 -1.000000 0.000000
vn -0.707107 -0.000000 -0.707107
vn -0.831465 -0.000000 -0.555577
vn -0.831465 -0.000000 -0.555577
vn -0.707107 -0.000000 -0.707107
vn -0.923877 -0.000000 -0.382690
vn -0.555577 -0.000000 -0.831465
vn -0.923877 0.000000 -0.382690
vn -0.555577 0.000000 -0.831465
vn -0.980784 0.000000 -0.195097
vn -0.382690 0.000000 -0.923877
vn -0.980784 0.000000 -0.195097
vn -0.995187 0.000000 -0.097999
vn -0.995187 0.000000 -0.097999
vn -0.382690 0.000000 -0.923877
vn 0.000000 0.000000 -1.000000
vn 0.000000 0.000000 -1.000000
vn 0.000000 1.000000 0.000000
vn 0.000000 1.000000 0.000000
vn 0.000000 1.000000 0.000000
vn 0.000000 1.000000 0.000000
vn 0.000000 1.000000 0.000000
vn 0.000000 1.000000 0.000000
vn 0.000000 1.000000 0.000000
vn 0.000000 1.000000 -0.000000
vn 0.000000 1.000000 0.000000
vn -0.000000 1.000000 -0.000000
vn 0.000000 1.000000 -0.000000
vn 0.000000 1.000000 0.000000
vn 0.000000 1.000000 0.000000
vn 0.000000 1.000000 -0.000000
vn 0.000000 1.000000 -0.000000
vn 0.000000 1.000000 -0.000000
vn 0.000000 1.000000 -0.000000
vn 0.707107 -0.000000 0.707107
vn 0.809298 -0.000000 0.587398
vn 0.809298 -0.000000 0.587398
vn 0.842738 -0.000000 0.538324
vn 0.842738 0.000000 0.538324
vn 0.707107 -0.000000 0.707107
vn 0.555577 -0.000000 0.831465
vn 0.555577 0.000000 0.831465
vn 0.382690 0.000000 0.923877
vn 0.382690 0.000000 0.923877
vn -0.000000 0.000000 1.000000
vn 0.000000 -0.000000 1.000000
vn 0.000000 -0.999966 0.008200
vn 0.000000 -0.996835 0.079503
vn 0.002300 -0.999997 0.000800
vn 0.000000 1.000000 0.000000
vn 0.000000 1.000000 0.000000
vn 0.000000 1.000000 0.000000
vn 0.000000 1.000000 0.000000
vn 0.000000 1.000000 0.000000
vn 0.000000 1.000000 0.000000
vn 0.000000 1.000000 0.000000
vn 0.000000 1.000000 0.000000
vn -0.000000 1.000000 0.000000
vn -0.000000 1.000000 0.000000
vn -0.000000 1.000000 0.000000
vn -0.000000 1.000000 0.000000
vn 0.000000 1.000000 0.000000
vn -0.000000 1.000000 0.000000
vn 0.000000 1.000000 0.000000
vn 0.000000 1.000000 0.000000
vn -0.980784 0.000000 -0.195097
vn -0.922606 0.339302 -0.183501
vn -0.936684 0.337794 -0.092298
vn -0.995187 0.000000 -0.097999
vn -0.923877 0.000000 -0.382690
vn -0.414984 0.903866 -0.103996
vn -0.408896 0.911691 -0.040300
vn -0.869074 0.339290 -0.359989
vn -0.831465 0.000000 -0.555577
vn 0.000000 1.000000 0.000000
vn -0.000000 0.995342 -0.096404
vn 0.000000 0.997813 -0.066101
vn -0.384383 0.910659 -0.151493
vn -0.005100 0.999913 0.012200
vn -0.782172 0.339288 -0.522581
vn -0.707107 0.000000 -0.707107
vn -0.340302 0.912405 -0.227401
vn -0.000000 1.000000 0.000000
vn -0.665165 0.339282 -0.665165
vn -0.555577 0.000000 -0.831465
vn -0.289403 0.912410 -0.289403
vn -0.000000 1.000000 0.000000
vn -0.522581 0.339288 -0.782172
vn -0.382690 0.000000 -0.923877
vn -0.227401 0.912405 -0.340302
vn 0.000000 1.000000 0.000000
vn -0.359989 0.339290 -0.869074
vn 0.000000 -0.000000 -1.000000
vn -0.000000 0.363792 -0.931480
vn -0.156603 0.912420 -0.378108
vn 0.000000 1.000000 0.000000
vn 0.000000 0.935319 -0.353807
vn 0.000000 1.000000 0.000000
vn -0.831465 -0.000000 -0.555577
vn -0.831465 -0.000000 -0.555577
vn -0.707107 -0.000000 -0.707107
vn -0.923877 -0.000000 -0.382690
vn -0.707107 -0.000000 -0.707107
vn -0.923877 -0.000000 -0.382690
vn -0.555577 -0.000000 -0.831465
vn -0.980784 -0.000000 -0.195097
vn -0.555577 -0.000000 -0.831465
vn -0.980784 -0.000000 -0.195097
vn -0.995187 -0.000000 -0.097999
vn -0.995187 -0.000000 -0.097999
vn -0.382690 -0.000000 -0.923877
vn -0.382690 -0.000000 -0.923877
vn 0.000000 -0.000000 -1.000000
vn 0.000000 -0.000000 -1.000000
vn 0.000000 -1.000000 0.000000
vn 0.000000 -1.000000 0.000000
vn 0.000000 -1.000000 0.000000
vn 0.000000 -1.000000 0.000000
vn 0.000000 -1.000000 0.000000
vn 0.000000 -1.000000 0.000000
vn 0.000000 -1.000000 0.000000
vn 0.000000 -1.000000 0.000000
vn 0.000000 -1.000000 -0.000000
vn 0.000000 -1.000000 0.000000
vn -0.000000 -1.000000 -0.000000
vn -0.000000 -1.000000 -0.000000
vn 0.000000 -1.000000 -0.000000
vn 0.000000 -1.000000 -0.000000
vn 0.000000 -1.000000 0.000000
vn -0.000000 -1.000000 -0.000000
vn 0.000000 -1.000000 -0.000000
vn 0.831465 -0.000000 0.555577
vn 0.831465 -0.000000 0.555577
vn 0.707107 -0.000000 0.707107
vn 0.923877 -0.000000 0.382690
vn 0.707107 -0.000000 0.707107
vn 0.924203 -0.000000 0.381901
vn 0.956933 -0.000000 0.290310
vn 0.956933 0.000000 0.290310
vn 0.555577 -0.000000 0.831465
vn 0.555577 0.000000 0.831465
vn 0.382690 0.000000 0.923877
vn 0.382690 0.000000 0.923877
vn 0.000000 0.000000 1.000000
vn -0.000000 0.000000 1.000000
vn 0.000000 1.000000 0.000000
vn 0.000000 1.000000 0.000300
vn 0.000000 1.000000 0.000000
vn 0.000000 1.000000 0.000000
vn 0.000000 1.000000 0.000000
vn -0.000100 1.000000 0.000000
vn 0.000000 1.000000 0.000000
vn 0.000000 1.000000 0.000000
vn 0.000000 1.000000 0.000000
vn 0.000000 1.000000 0.000000
vn 0.000000 1.000000 0.000000
vn 0.000000 1.000000 0.000000
vn 0.000000 1.000000 0.000000
vn 0.000000 1.000000 0.000000
vn 0.000000 1.000000 0.000000
vn 0.000000 1.000000 0.000000
vn 0.665165 0.339282 -0.665165
vn 0.522581 0.339288 -0.782172
vn 0.555577 -0.000000 -0.831465
vn 0.707107 -0.000000 -0.707107
vn 0.382690 -0.000000 -0.923877
vn 0.779392 0.341796 -0.525094
vn 0.831465 -0.000000 -0.555577
vn 0.339914 0.911236 -0.232609
vn 0.852333 0.355914 -0.383215
vn 0.912583 -0.000000 -0.408892
vn -0.028600 -0.000000 -0.999591
vn -0.023999 0.444483 -0.895466
vn -0.032701 0.920439 -0.389516
vn -0.012700 0.993411 -0.113901
vn 0.000000 1.000000 0.000000
vn 0.000000 1.000000 0.000000
vn 0.289403 0.912410 -0.289403
vn 0.000000 1.000000 0.000000
vn 0.227401 0.912405 -0.340302
vn 0.000000 1.000000 0.000000
vn 0.359989 0.339290 -0.869074
vn 0.000000 -0.000000 -1.000000
vn -0.000000 0.363792 -0.931480
vn 0.156603 0.912420 -0.378108
vn 0.000000 0.935319 -0.353807
vn 0.000000 1.000000 0.000000
vn 0.000000 1.000000 0.000000
vn 0.707107 -0.000000 -0.707107
vn 0.831465 0.000000 -0.555577
vn 0.831465 -0.000000 -0.555577
vn 0.707107 -0.000000 -0.707107
vn 0.923877 0.000000 -0.382690
vn 0.555577 -0.000000 -0.831465
vn 0.923877 0.000000 -0.382690
vn 0.555577 0.000000 -0.831465
vn 0.980784 0.000000 -0.195097
vn 0.382690 0.000000 -0.923877
vn 0.980784 -0.000000 -0.195097
vn 0.995187 -0.000000 -0.097999
vn 0.995187 -0.000000 -0.097999
vn 0.382690 -0.000000 -0.923877
vn 0.000000 -0.000000 -1.000000
vn 0.000000 -0.000000 -1.000000
vn 0.000000 -1.000000 0.000000
vn 0.000000 -1.000000 0.000000
vn 0.000000 -1.000000 0.000000
vn 0.000000 -1.000000 0.000000
vn 0.000000 -1.000000 0.000000
vn 0.000000 -1.000000 0.000000
vn 0.000000 -1.000000 0.000000
vn -0.000000 -1.000000 -0.000000
vn 0.000000 -1.000000 0.000000
vn -0.000000 -1.000000 -0.000000
vn -0.000000 -1.000000 -0.000000
vn 0.000000 -1.000000 0.000000
vn 0.000000 -1.000000 0.000000
vn 0.000000 -1.000000 -0.000000
vn -0.000000 -1.000000 -0.000000
vn 0.000000 -1.000000 -0.000000
vn 0.000000 -1.000000 -0.000000
vn -0.707107 0.000000 0.707107
vn -0.809298 0.000000 0.587398
vn -0.809298 0.000000 0.587398
vn -0.842738 0.000000 0.538324
vn -0.842738 0.000000 0.538324
vn -0.707107 0.000000 0.707107
vn -0.555577 0.000000 0.831465
vn -0.555577 0.000000 0.831465
vn -0.382690 0.000000 0.923877
vn -0.382690 0.000000 0.923877
vn 0.000000 0.000000 1.000000
vn -0.000000 0.000000 1.000000
vn 0.000000 1.000000 0.000300
vn 0.001100 0.999994 0.003300
vn -0.000100 1.000000 0.000000
vn 0.000000 1.000000 0.000000
vn 0.000000 1.000000 0.000000
vn 0.000000 1.000000 0.000000
vn 0.000000 1.000000 0.000000
vn 0.000000 1.000000 0.000000
vn 0.000000 1.000000 0.000000
vn 0.000000 1.000000 0.000000
vn 0.000000 1.000000 0.000000
vn 0.000000 1.000000 0.000000
vn 0.000000 1.000000 0.000000
vn 0.000000 1.000000 0.000000
vn 0.000000 1.000000 0.000000
vn 0.000000 1.000000 0.000000
vn 0.000000 1.000000 0.000000
vn 0.000000 1.000000 0.000000
vn 0.000000 1.000000 0.000000
vn 0.936684 0.337794 -0.092298
vn 0.922637 0.339214 -0.183507
vn 0.980784 -0.000000 -0.195097
vn 0.995187 -0.000000 -0.097999
vn 0.923877 -0.000000 -0.382690
vn 0.415725 0.903455 -0.104606
vn 0.408896 0.911691 -0.040300
vn 0.869104 0.339201 -0.360002
vn 0.831465 -0.000000 -0.555577
vn 0.000000 1.000000 0.000000
vn -0.000000 0.994302 -0.106600
vn 0.000000 0.997273 -0.073798
vn 0.384292 0.910680 -0.151597
vn 0.005000 0.999914 0.012100
vn 0.782172 0.339288 -0.522581
vn 0.707107 -0.000000 -0.707107
vn 0.340302 0.912405 -0.227401
vn 0.000000 1.000000 0.000000
vn 0.665165 0.339282 -0.665165
vn 0.555577 -0.000000 -0.831465
vn 0.289403 0.912410 -0.289403
vn 0.000000 1.000000 0.000000
vn 0.522581 0.339288 -0.782172
vn 0.382690 -0.000000 -0.923877
vn 0.227401 0.912405 -0.340302
vn 0.000000 1.000000 0.000000
vn 0.359989 0.339290 -0.869074
vn 0.000000 -0.000000 -1.000000
vn 0.000000 0.363792 -0.931480
vn 0.156603 0.912420 -0.378108
vn 0.000000 0.935319 -0.353807
vn 0.000000 1.000000 0.000000
vn 0.000000 1.000000 0.000000
vn 0.707107 0.000000 -0.707107
vn 0.831465 0.000000 -0.555577
vn 0.831465 0.000000 -0.555577
vn 0.707107 0.000000 -0.707107
vn 0.923877 0.000000 -0.382690
vn 0.555577 0.000000 -0.831465
vn 0.923877 0.000000 -0.382690
vn 0.555577 0.000000 -0.831465
vn 0.980784 0.000000 -0.195097
vn 0.382690 0.000000 -0.923877
vn 0.980784 0.000000 -0.195097
vn 0.995187 0.000000 -0.097999
vn 0.995187 0.000000 -0.097999
vn 0.382690 0.000000 -0.923877
vn 0.000000 0.000000 -1.000000
vn 0.000000 0.000000 -1.000000
vn 0.000000 -1.000000 0.000000
vn 0.000000 -1.000000 0.000000
vn 0.000000 -1.000000 0.000000
vn 0.000000 -1.000000 0.000000
vn 0.000000 -1.000000 0.000000
vn 0.000000 -1.000000 0.000000
vn 0.000000 -1.000000 0.000000
vn 0.000000 -1.000000 0.000000
vn 0.000000 -1.000000 0.000000
vn 0.000000 -1.000000 0.000000
vn 0.000000 -1.000000 0.000000
vn 0.000000 -1.000000 0.000000
vn -0.000000 -1.000000 -0.000000
vn -0.000000 -1.000000 -0.000000
vn 0.000000 -1.000000 0.000000
vn -0.000000 -1.000000 -0.000000
vn 0.000000 -1.000000 -0.000000
vn -0.707107 0.000000 0.707107
vn -0.831465 0.000000 0.555577
vn -0.831465 0.000000 0.555577
vn -0.707107 0.000000 0.707107
vn -0.923877 0.000000 0.382690
vn -0.555577 0.000000 0.831465
vn -0.924203 0.000000 0.381901
vn -0.956933 0.000000 0.290310
vn -0.956933 0.000000 0.290310
vn -0.555577 0.000000 0.831465
vn -0.382690 0.000000 0.923877
vn -0.382690 0.000000 0.923877
vn -0.000000 0.000000 1.000000
vn 0.000000 0.000000 1.000000
vn 0.000000 1.000000 0.000000
vn 0.000000 1.000000 0.000300
vn 0.000000 1.000000 0.000000
vn 0.000000 1.000000 0.000000
vn 0.000000 1.000000 0.000000
vn 0.000100 1.000000 0.000000
vn 0.000000 1.000000 0.000000
vn 0.000000 1.000000 0.000000
vn -0.000000 1.000000 0.000000
vn -0.000000 1.000000 0.000000
vn -0.000000 1.000000 0.000000
vn -0.000000 1.000000 0.000000
vn 0.000000 1.000000 0.000000
vn -0.000000 1.000000 0.000000
vn 0.000000 1.000000 0.000000
vn 0.000000 1.000000 0.000000
vn -0.555577 0.000000 -0.831465
vn -0.522581 0.339288 -0.782172
vn -0.665165 0.339282 -0.665165
vn -0.382690 0.000000 -0.923877
vn -0.707107 0.000000 -0.707107
vn -0.359989 0.339290 -0.869074
vn 0.000000 -0.000000 -1.000000
vn 0.000000 0.363792 -0.931480
vn -0.785135 0.336515 -0.519923
vn -0.831465 0.000000 -0.555577
vn -0.340495 0.913687 -0.221897
vn -0.156603 0.912420 -0.378108
vn 0.000000 0.935319 -0.353807
vn 0.000000 1.000000 0.000000
vn 0.000000 1.000000 0.000000
vn 0.000000 1.000000 0.000000
vn -0.227401 0.912405 -0.340302
vn -0.000000 1.000000 0.000000
vn -0.289403 0.912410 -0.289403
vn -0.000000 1.000000 0.000000
vn 0.000000 1.000000 0.000000
vn -0.012700 0.993411 -0.113901
vn -0.032701 0.920439 -0.389516
vn -0.875502 0.319401 -0.362601
vn -0.023999 0.444483 -0.895466
vn -0.923877 0.000000 -0.382690
vn -0.028600 -0.000000 -0.999591
vn -0.831465 -0.000000 -0.555577
vn -0.831465 0.000000 -0.555577
vn -0.707107 -0.000000 -0.707107
vn -0.923877 0.000000 -0.382690
vn -0.707107 -0.000000 -0.707107
vn -0.923877 -0.000000 -0.382690
vn -0.555577 -0.000000 -0.831465
vn -0.980784 -0.000000 -0.195097
vn -0.555577 -0.000000 -0.831465
vn -0.980784 -0.000000 -0.195097
vn -0.995187 -0.000000 -0.097999
vn -0.995187 -0.000000 -0.097999
vn -0.382690 -0.000000 -0.923877
vn -0.382690 -0.000000 -0.923877
vn 0.000000 0.000000 -1.000000
vn 0.000000 0.000000 -1.000000
vn 0.000000 -1.000000 0.000000
vn 0.000000 -1.000000 0.000000
vn 0.000000 -1.000000 0.000000
vn 0.000000 -1.000000 0.000000
vn 0.000000 -1.000000 0.000000
vn 0.000000 -1.000000 0.000000
vn 0.000000 -1.000000 0.000000
vn 0.000000 -1.000000 0.000000
vn 0.000000 -1.000000 0.000000
vn 0.000000 -1.000000 0.000000
vn 0.000000 -1.000000 0.000000
vn 0.000000 -1.000000 0.000000
vn 0.000000 -1.000000 0.000000
vn 0.000000 -1.000000 -0.000000
vn 0.000000 -1.000000 -0.000000
vn 0.000000 -1.000000 -0.000000
vn 0.000000 -1.000000 -0.000000
vn 0.831465 -0.000000 0.555577
vn 0.831465 -0.000000 0.555577
vn 0.707107 -0.000000 0.707107
vn 0.881915 -0.000000 0.471408
vn 0.881915 0.000000 0.471408
vn 0.707107 -0.000000 0.707107
vn 0.555577 0.000000 0.831465
vn 0.555577 0.000000 0.831465
vn 0.382690 0.000000 0.923877
vn 0.382690 0.000000 0.923877
vn -0.000000 0.000000 1.000000
vn 0.000000 0.000000 1.000000
vn 0.000100 1.000000 0.000000
vn 0.001100 0.999994 0.003300
vn 0.000000 1.000000 0.000300
vn 0.000000 1.000000 0.000000
vn 0.000000 1.000000 0.000000
vn 0.000000 1.000000 0.000000
vn 0.000000 1.000000 0.000000
vn 0.000000 1.000000 0.000000
vn 0.000000 1.000000 0.000000
vn 0.000000 1.000000 0.000000
vn 0.000000 1.000000 0.000000
vn -0.000000 1.000000 0.000000
vn -0.000000 1.000000 0.000000
vn -0.000000 1.000000 0.000000
vn -0.000000 1.000000 0.000000
vn 0.000000 1.000000 0.000000
vn -0.000000 1.000000 0.000000
vn 0.000000 1.000000 0.000000
vn 0.000000 1.000000 0.000000
vn -0.980784 0.000000 -0.195097
vn -0.922606 0.339302 -0.183501
vn -0.936684 0.337794 -0.092298
vn -0.995187 0.000000 -0.097999
vn -0.923877 0.000000 -0.382690
vn -0.415725 0.903455 -0.104606
vn -0.408896 0.911691 -0.040300
vn -0.869074 0.339290 -0.359989
vn -0.831465 0.000000 -0.555577
vn 0.000000 1.000000 0.000000
vn -0.000000 0.994302 -0.106600
vn 0.000000 0.997273 -0.073798
vn -0.384292 0.910680 -0.151597
vn -0.005000 0.999914 0.012100
vn -0.782172 0.339288 -0.522581
vn -0.707107 0.000000 -0.707107
vn -0.340302 0.912405 -0.227401
vn -0.000000 1.000000 0.000000
vn -0.665165 0.339282 -0.665165
vn -0.555577 0.000000 -0.831465
vn -0.289403 0.912410 -0.289403
vn -0.000000 1.000000 0.000000
vn -0.522581 0.339288 -0.782172
vn -0.382690 0.000000 -0.923877
vn -0.227401 0.912405 -0.340302
vn 0.000000 1.000000 0.000000
vn -0.359989 0.339290 -0.869074
vn 0.000000 -0.000000 -1.000000
vn -0.000000 0.363792 -0.931480
vn -0.156603 0.912420 -0.378108
vn 0.000000 1.000000 0.000000
vn 0.000000 0.935319 -0.353807
vn 0.000000 1.000000 0.000000
vn -0.831465 0.000000 -0.555577
vn -0.831465 0.000000 -0.555577
vn -0.707107 0.000000 -0.707107
vn -0.923877 0.000000 -0.382690
vn -0.707107 -0.000000 -0.707107
vn -0.923877 -0.000000 -0.382690
vn -0.555577 -0.000000 -0.831465
vn -0.980784 -0.000000 -0.195097
vn -0.555577 -0.000000 -0.831465
vn -0.980784 -0.000000 -0.195097
vn -0.995187 -0.000000 -0.097999
vn -0.995187 -0.000000 -0.097999
vn -0.382690 -0.000000 -0.923877
vn -0.382690 -0.000000 -0.923877
vn -0.000000 -0.000000 -1.000000
vn 0.000000 0.000000 -1.000000
vn 0.000000 -1.000000 0.000000
vn 0.000000 -1.000000 0.000000
vn 0.000000 -1.000000 0.000000
vn 0.000000 -1.000000 0.000000
vn 0.000000 -1.000000 0.000000
vn 0.000000 -1.000000 0.000000
vn 0.000000 -1.000000 0.000000
vn 0.000000 -1.000000 0.000000
vn 0.000000 -1.000000 0.000000
vn 0.000000 -1.000000 0.000000
vn 0.000000 -1.000000 0.000000
vn 0.000000 -1.000000 0.000000
vn 0.000000 -1.000000 -0.000000
vn -0.000000 -1.000000 -0.000000
vn 0.000000 -1.000000 0.000000
vn -0.000000 -1.000000 -0.000000
vn 0.000000 -1.000000 -0.000000
vn 0.831465 -0.000000 0.555577
vn 0.831465 -0.000000 0.555577
vn 0.707107 -0.000000 0.707107
vn 0.923877 -0.000000 0.382690
vn 0.707107 -0.000000 0.707107
vn 0.924203 -0.000000 0.381901
vn 0.956933 -0.000000 0.290310
vn 0.956933 0.000000 0.290310
vn 0.555577 -0.000000 0.831465
vn 0.555577 -0.000000 0.831465
vn 0.382690 -0.000000 0.923877
vn 0.382690 -0.000000 0.923877
vn 0.000000 0.000000 1.000000
vn -0.000000 0.000000 1.000000
vn 0.000000 1.000000 0.000000
vn -0.000000 0.999984 0.005700
vn 0.000000 1.000000 0.000000
vn 0.000000 1.000000 0.000000
vn 0.000000 1.000000 0.000000
vn -0.002200 0.999997 0.000600
vn 0.000000 1.000000 0.000000
vn 0.000000 1.000000 0.000000
vn 0.000000 1.000000 0.000000
vn 0.000000 1.000000 0.000000
vn 0.000000 1.000000 0.000000
vn 0.000000 1.000000 0.000000
vn 0.000000 1.000000 0.000000
vn 0.000000 1.000000 0.000000
vn 0.000000 1.000000 0.000000
vn 0.000000 1.000000 0.000000
vn 0.665165 0.339282 -0.665165
vn 0.522581 0.339288 -0.782172
vn 0.555577 -0.000000 -0.831465
vn 0.707107 -0.000000 -0.707107
vn 0.382690 -0.000000 -0.923877
vn 0.785306 0.336302 -0.519804
vn 0.831465 -0.000000 -0.555577
vn 0.340510 0.913728 -0.221707
vn 0.875950 0.317918 -0.362821
vn 0.923962 -0.000000 -0.382484
vn -0.000000 0.909501 -0.415701
vn 0.000000 0.443089 -0.896478
vn -0.000000 0.000000 -1.000000
vn 0.000000 0.985718 -0.168403
vn 0.000000 1.000000 0.000000
vn 0.000000 1.000000 0.000000
vn 0.289403 0.912410 -0.289403
vn 0.000000 1.000000 0.000000
vn 0.227401 0.912405 -0.340302
vn 0.000000 1.000000 0.000000
vn 0.359989 0.339290 -0.869074
vn 0.000000 -0.000000 -1.000000
vn -0.000000 0.363792 -0.931480
vn 0.156603 0.912420 -0.378108
vn 0.000000 0.935319 -0.353807
vn 0.000000 1.000000 0.000000
vn 0.000000 1.000000 0.000000
vn 0.707107 0.000000 -0.707107
vn 0.831465 0.000000 -0.555577
vn 0.831465 0.000000 -0.555577
vn 0.707107 0.000000 -0.707107
vn 0.923877 0.000000 -0.382690
vn 0.555577 0.000000 -0.831465
vn 0.923877 0.000000 -0.382690
vn 0.555577 0.000000 -0.831465
vn 0.980784 0.000000 -0.195097
vn 0.382690 0.000000 -0.923877
vn 0.980784 0.000000 -0.195097
vn 0.995187 0.000000 -0.097999
vn 0.995187 0.000000 -0.097999
vn 0.382690 0.000000 -0.923877
vn -0.000000 -0.000000 -1.000000
vn 0.000000 0.000000 -1.000000
vn 0.000000 -1.000000 0.000000
vn 0.000000 -1.000000 0.000000
vn 0.000000 -1.000000 0.000000
vn 0.000000 -1.000000 0.000000
vn 0.000000 -1.000000 0.000000
vn 0.000000 -1.000000 0.000000
vn 0.000000 -1.000000 0.000000
vn 0.000000 -1.000000 0.000000
vn 0.000000 -1.000000 0.000000
vn 0.000000 -1.000000 0.000000
vn 0.000000 -1.000000 0.000000
vn 0.000000 -1.000000 0.000000
vn 0.000000 -1.000000 0.000000
vn -0.000000 -1.000000 -0.000000
vn -0.000000 -1.000000 -0.000000
vn -0.000000 -1.000000 -0.000000
vn 0.000000 -1.000000 -0.000000
vn -0.707107 0.000000 0.707107
vn -0.831465 0.000000 0.555577
vn -0.831465 0.000000 0.555577
vn -0.881915 0.000000 0.471408
vn -0.881915 0.000000 0.471408
vn -0.707107 0.000000 0.707107
vn -0.555577 0.000000 0.831465
vn -0.555577 0.000000 0.831465
vn -0.382690 0.000000 0.923877
vn -0.382690 0.000000 0.923877
vn 0.000000 0.000000 1.000000
vn -0.000000 0.000000 1.000000
vn -0.000000 0.999984 0.005700
vn 0.000000 0.997767 0.066798
vn -0.002200 0.999997 0.000600
vn 0.000000 1.000000 0.000000
vn 0.000000 1.000000 0.000000
vn 0.000000 1.000000 0.000000
vn 0.000000 1.000000 0.000000
vn 0.000000 1.000000 0.000000
vn 0.000000 1.000000 0.000000
vn 0.000000 1.000000 0.000000
vn 0.000000 1.000000 0.000000
vn 0.000000 1.000000 0.000000
vn 0.000000 1.000000 0.000000
vn 0.000000 1.000000 0.000000
vn 0.000000 1.000000 0.000000
vn 0.000000 1.000000 0.000000
vn 0.000000 1.000000 0.000000
vn -0.000000 1.000000 0.000000
vn -0.000000 1.000000 0.000000
vn 0.936684 0.337794 -0.092298
vn 0.922606 0.339302 -0.183501
vn 0.980784 -0.000000 -0.195097
vn 0.995187 0.000000 -0.097999
vn 0.923877 -0.000000 -0.382690
vn 0.414984 0.903866 -0.103996
vn 0.408896 0.911691 -0.040300
vn 0.869074 0.339290 -0.359989
vn 0.831465 -0.000000 -0.555577
vn 0.000000 1.000000 0.000000
vn -0.000000 0.995342 -0.096404
vn 0.000000 0.997813 -0.066101
vn 0.384383 0.910659 -0.151493
vn 0.005100 0.999913 0.012200
vn 0.782172 0.339288 -0.522581
vn 0.707107 -0.000000 -0.707107
vn 0.340302 0.912405 -0.227401
vn 0.000000 1.000000 0.000000
vn 0.665165 0.339282 -0.665165
vn 0.555577 -0.000000 -0.831465
vn 0.289403 0.912410 -0.289403
vn 0.000000 1.000000 0.000000
vn 0.522581 0.339288 -0.782172
vn 0.382690 -0.000000 -0.923877
vn 0.227401 0.912405 -0.340302
vn 0.000000 1.000000 0.000000
vn 0.359989 0.339290 -0.869074
vn 0.000000 -0.000000 -1.000000
vn -0.000000 0.363792 -0.931480
vn 0.156603 0.912420 -0.378108
vn 0.000000 0.935319 -0.353807
vn 0.000000 1.000000 0.000000
vn 0.000000 1.000000 0.000000
vn 0.707107 0.000000 -0.707107
vn 0.831465 0.000000 -0.555577
vn 0.831465 0.000000 -0.555577
vn 0.707107 0.000000 -0.707107
vn 0.923877 0.000000 -0.382690
vn 0.555577 0.000000 -0.831465
vn 0.923877 0.000000 -0.382690
vn 0.555577 0.000000 -0.831465
vn 0.980784 0.000000 -0.195097
vn 0.382690 0.000000 -0.923877
vn 0.980784 0.000000 -0.195097
vn 0.995187 0.000000 -0.097999
vn 0.995187 0.000000 -0.097999
vn 0.382690 0.000000 -0.923877
vn -0.000000 -0.000000 -1.000000
vn -0.000000 -0.000000 -1.000000
vn 0.000000 -1.000000 0.000000
vn 0.000000 -1.000000 0.000000
vn 0.000000 -1.000000 0.000000
vn 0.000000 -1.000000 0.000000
vn 0.000000 -1.000000 0.000000
vn 0.000000 -1.000000 0.000000
vn 0.000000 -1.000000 0.000000
vn 0.000000 -1.000000 0.000000
vn -0.000000 -1.000000 -0.000000
vn 0.000000 -1.000000 0.000000
vn 0.000000 -1.000000 -0.000000
vn 0.000000 -1.000000 -0.000000
vn -0.000000 -1.000000 -0.000000
vn 0.000000 -1.000000 -0.000000
vn 0.000000 -1.000000 0.000000
vn -0.000000 -1.000000 -0.000000
vn 0.000000 -1.000000 -0.000000
vn -0.707107 0.000000 0.707107
vn -0.831465 0.000000 0.555577
vn -0.831465 0.000000 0.555577
vn -0.707107 0.000000 0.707107
vn -0.923877 0.000000 0.382690
vn -0.555577 0.000000 0.831465
vn -0.924203 0.000000 0.381901
vn -0.956933 0.000000 0.290310
vn -0.956933 0.000000 0.290310
vn -0.555577 0.000000 0.831465
vn -0.382690 0.000000 0.923877
vn -0.382690 0.000000 0.923877
vn 0.000000 0.000000 1.000000
vn 0.000000 0.000000 1.000000
vn 0.000000 1.000000 0.000000
vn 0.000000 0.999994 0.003400
vn 0.000000 1.000000 0.000000
vn 0.000000 1.000000 0.000000
vn 0.000000 1.000000 0.000000
vn 0.001800 0.999998 0.000600
vn 0.000000 0.999387 0.035000
vn 0.000000 1.000000 0.000000
vn 0.000000 1.000000 0.000000
vn -0.000000 1.000000 0.000000
vn -0.000000 1.000000 0.000000
vn -0.000000 1.000000 0.000000
vn -0.000000 1.000000 0.000000
vn 0.000000 1.000000 0.000000
vn -0.000000 1.000000 0.000000
vn -0.000000 1.000000 0.000000
vn -0.000000 1.000000 0.000000
vn -0.555577 0.000000 -0.831465
vn -0.522581 0.339288 -0.782172
vn -0.665165 0.339282 -0.665165
vn -0.382690 0.000000 -0.923877
vn -0.707107 0.000000 -0.707107
vn -0.359989 0.339290 -0.869074
vn 0.000000 -0.000000 -1.000000
vn -0.000000 0.363792 -0.931480
vn -0.780178 0.341090 -0.524385
vn -0.831465 0.000000 -0.555577
vn -0.339996 0.911590 -0.231097
vn -0.156603 0.912420 -0.378108
vn 0.000000 0.935319 -0.353807
vn 0.000000 1.000000 0.000000
vn 0.000000 1.000000 0.000000
vn 0.000000 1.000000 0.000000
vn -0.227401 0.912405 -0.340302
vn -0.000000 1.000000 0.000000
vn -0.289403 0.912410 -0.289403
vn -0.000000 1.000000 0.000000
vn 0.000000 1.000000 0.000000
vn -0.000000 0.975745 -0.218910
vn -0.000000 0.911592 -0.411096
vn -0.853927 0.351311 -0.383912
vn -0.000000 0.443490 -0.896279
vn -0.912620 0.000000 -0.408809
vn -0.000000 0.000000 -1.000000
vn -0.831465 -0.000000 -0.555577
vn -0.831465 -0.000000 -0.555577
vn -0.707107 -0.000000 -0.707107
vn -0.923877 -0.000000 -0.382690
vn -0.707107 -0.000000 -0.707107
vn -0.923877 -0.000000 -0.382690
vn -0.555577 -0.000000 -0.831465
vn -0.980784 -0.000000 -0.195097
vn -0.555577 -0.000000 -0.831465
vn -0.980784 -0.000000 -0.195097
vn -0.995187 -0.000000 -0.097999
vn -0.995187 -0.000000 -0.097999
vn -0.382690 -0.000000 -0.923877
vn -0.382690 -0.000000 -0.923877
vn -0.000000 -0.000000 -1.000000
vn -0.000000 -0.000000 -1.000000
vn 0.000000 -1.000000 0.000000
vn 0.000000 -1.000000 0.000000
vn 0.000000 -1.000000 0.000000
vn 0.000000 -1.000000 0.000000
vn 0.000000 -1.000000 0.000000
vn 0.000000 -1.000000 0.000000
vn 0.000000 -1.000000 0.000000
vn 0.000000 -1.000000 -0.000000
vn 0.000000 -1.000000 0.000000
vn 0.000000 -1.000000 -0.000000
vn 0.000000 -1.000000 -0.000000
vn 0.000000 -1.000000 0.000000
vn 0.000000 -1.000000 0.000000
vn 0.000000 -1.000000 -0.000000
vn 0.000000 -1.000000 -0.000000
vn -0.000000 -1.000000 -0.000000
vn 0.000000 -1.000000 -0.000000
vn 0.809298 -0.000000 0.587398
vn 0.809298 -0.000000 0.587398
vn 0.707107 -0.000000 0.707107
vn 0.842738 -0.000000 0.538324
vn 0.842738 0.000000 0.538324
vn 0.707107 0.000000 0.707107
vn 0.555577 0.000000 0.831465
vn 0.555577 0.000000 0.831465
vn 0.382690 0.000000 0.923877
vn 0.382690 0.000000 0.923877
vn 0.000000 0.000000 1.000000
vn 0.000000 0.000000 1.000000
vn 0.000000 1.000000 0.000000
vn 0.000000 1.000000 0.000000
vn 0.000000 1.000000 0.000000
vn 0.000000 1.000000 0.000000
vn 0.000000 1.000000 0.000000
vn 0.000000 1.000000 0.000000
vn 0.000000 1.000000 0.000000
vn 0.000000 1.000000 0.000000
vn 0.000000 1.000000 0.000000
vn 0.000000 1.000000 0.000000
vn 0.000000 1.000000 0.000000
vn 0.000000 1.000000 0.000000
vn 0.000000 1.000000 0.000000
vn 0.000000 1.000000 0.000000
vn -0.000000 1.000000 0.000000
vn -0.000000 1.000000 0.000000
vn 0.936684 0.337794 -0.092298
vn 0.922637 0.339214 -0.183507
vn 0.980784 -0.000100 -0.195097
vn 0.995187 -0.000100 -0.097999
vn 0.923877 -0.000100 -0.382690
vn 0.414984 0.903866 -0.103996
vn 0.408896 0.911691 -0.040300
vn 0.869104 0.339201 -0.360002
vn 0.831465 -0.000000 -0.555577
vn 0.000000 1.000000 0.000000
vn 0.000000 0.995342 -0.096404
vn -0.000000 0.997813 -0.066101
vn 0.384383 0.910659 -0.151493
vn 0.005100 0.999913 0.012200
vn 0.782172 0.339288 -0.522581
vn 0.707107 -0.000100 -0.707107
vn 0.340302 0.912405 -0.227401
vn 0.000000 1.000000 0.000000
vn 0.665187 0.339193 -0.665187
vn 0.555577 -0.000000 -0.831465
vn 0.289403 0.912410 -0.289403
vn 0.000000 1.000000 0.000000
vn 0.522599 0.339199 -0.782198
vn 0.382690 -0.000000 -0.923877
vn 0.227401 0.912405 -0.340302
vn 0.000000 1.000000 0.000000
vn 0.359989 0.339290 -0.869074
vn 0.000000 0.000000 -1.000000
vn -0.000000 0.363792 -0.931480
vn 0.156603 0.912420 -0.378108
vn 0.000000 0.935319 -0.353807
vn 0.000000 1.000000 0.000000
vn 0.000000 1.000000 0.000000
vn 0.707107 0.000000 -0.707107
vn 0.831465 0.000000 -0.555577
vn 0.831465 0.000000 -0.555577
vn 0.707107 0.000000 -0.707107
vn 0.923877 0.000000 -0.382690
vn 0.555577 0.000000 -0.831465
vn 0.923877 0.000000 -0.382690
vn 0.555577 0.000000 -0.831465
vn 0.980784 0.000000 -0.195097
vn 0.382690 0.000000 -0.923877
vn 0.980784 0.000000 -0.195097
vn 0.995187 0.000000 -0.097999
vn 0.995187 0.000000 -0.097999
vn 0.382690 0.000000 -0.923877
vn -0.000000 0.000000 -1.000000
vn -0.000000 0.000000 -1.000000
vn 0.000000 -1.000000 0.000000
vn 0.000000 -1.000000 0.000000
vn 0.000000 -1.000000 0.000000
vn 0.000000 -1.000000 0.000000
vn 0.000000 -1.000000 0.000000
vn 0.000000 -1.000000 0.000000
vn 0.000000 -1.000000 0.000000
vn 0.000000 -1.000000 0.000000
vn -0.000000 -1.000000 -0.000000
vn 0.000000 -1.000000 0.000000
vn -0.000000 -1.000000 -0.000000
vn 0.000000 -1.000000 -0.000000
vn -0.000000 -1.000000 -0.000000
vn 0.000000 -1.000000 -0.000000
vn 0.000000 -1.000000 0.000000
vn 0.000000 -1.000000 -0.000000
vn 0.000000 -1.000000 -0.000000
vn -0.707107 0.000000 0.707107
vn -0.831465 0.000000 0.555577
vn -0.831465 0.000000 0.555577
vn -0.707107 0.000000 0.707107
vn -0.923877 0.000000 0.382690
vn -0.555577 0.000000 0.831465
vn -0.924203 0.000000 0.381901
vn -0.956933 0.000000 0.290310
vn -0.956933 0.000000 0.290310
vn -0.555577 0.000000 0.831465
vn -0.382690 0.000000 0.923877
vn -0.382690 0.000000 0.923877
vn 0.000000 0.000000 1.000000
vn -0.000000 0.000000 1.000000
vn 0.000000 1.000000 0.000000
vn 0.000000 1.000000 -0.000300
vn 0.000000 1.000000 0.000000
vn 0.000000 1.000000 0.000000
vn 0.000000 1.000000 0.000000
vn -0.000100 1.000000 -0.000000
vn 0.000000 1.000000 0.000000
vn 0.000000 1.000000 0.000000
vn -0.000000 1.000000 0.000000
vn -0.000000 1.000000 0.000000
vn -0.000000 1.000000 0.000000
vn -0.000000 1.000000 0.000000
vn 0.000000 1.000000 0.000000
vn -0.000000 1.000000 0.000000
vn -0.000000 1.000000 0.000000
vn -0.000000 1.000000 0.000000
vn -0.555577 0.000000 -0.831465
vn -0.522581 0.339288 -0.782172
vn -0.665165 0.339282 -0.665165
vn -0.382690 0.000000 -0.923877
vn -0.707107 0.000100 -0.707107
vn -0.359989 0.339290 -0.869074
vn 0.000000 0.000000 -1.000000
vn -0.000000 0.363792 -0.931480
vn -0.779392 0.341796 -0.525094
vn -0.831465 0.000000 -0.555577
vn -0.339914 0.911236 -0.232609
vn -0.156603 0.912420 -0.378108
vn 0.000000 0.935319 -0.353807
vn 0.000000 1.000000 0.000000
vn 0.000000 1.000000 0.000000
vn 0.000000 1.000000 0.000000
vn -0.227401 0.912405 -0.340302
vn -0.000000 1.000000 0.000000
vn -0.289403 0.912410 -0.289403
vn -0.000000 1.000000 0.000000
vn 0.000000 1.000000 0.000000
vn 0.012700 0.993411 -0.113901
vn 0.032701 0.920439 -0.389516
vn -0.852333 0.355914 -0.383215
vn 0.023999 0.444483 -0.895466
vn -0.912583 0.000000 -0.408892
vn 0.028600 -0.000000 -0.999591
vn -0.831465 -0.000000 -0.555577
vn -0.831465 0.000000 -0.555577
vn -0.707107 -0.000000 -0.707107
vn -0.923877 0.000000 -0.382690
vn -0.707107 -0.000000 -0.707107
vn -0.923877 0.000000 -0.382690
vn -0.555577 -0.000000 -0.831465
vn -0.980784 0.000000 -0.195097
vn -0.555577 0.000000 -0.831465
vn -0.980784 0.000000 -0.195097
vn -0.995187 0.000000 -0.097999
vn -0.995187 0.000000 -0.097999
vn -0.382690 0.000000 -0.923877
vn -0.382690 0.000000 -0.923877
vn -0.000000 0.000000 -1.000000
vn -0.000000 0.000000 -1.000000
vn 0.000000 -1.000000 0.000000
vn 0.000000 -1.000000 0.000000
vn 0.000000 -1.000000 0.000000
vn 0.000000 -1.000000 0.000000
vn 0.000000 -1.000000 0.000000
vn 0.000000 -1.000000 0.000000
vn 0.000000 -1.000000 0.000000
vn 0.000000 -1.000000 -0.000000
vn 0.000000 -1.000000 0.000000
vn -0.000000 -1.000000 -0.000000
vn 0.000000 -1.000000 -0.000000
vn 0.000000 -1.000000 0.000000
vn 0.000000 -1.000000 0.000000
vn -0.000000 -1.000000 -0.000000
vn 0.000000 -1.000000 -0.000000
vn -0.000000 -1.000000 -0.000000
vn 0.000000 -1.000000 -0.000000
vn 0.809298 0.000000 0.587398
vn 0.809298 0.000000 0.587398
vn 0.707107 0.000000 0.707107
vn 0.842738 0.000000 0.538324
vn 0.842738 0.000000 0.538324
vn 0.707107 -0.000000 0.707107
vn 0.555577 -0.000000 0.831465
vn 0.555577 -0.000000 0.831465
vn 0.382690 -0.000000 0.923877
vn 0.382690 -0.000000 0.923877
vn 0.000000 0.000000 1.000000
vn -0.000000 0.000000 1.000000
vn -0.000100 1.000000 -0.000000
vn 0.001100 0.999994 -0.003300
vn 0.000000 1.000000 -0.000300
vn 0.000000 1.000000 0.000000
vn 0.000000 1.000000 0.000000
vn 0.000000 1.000000 0.000000
vn 0.000000 1.000000 0.000000
vn 0.000000 1.000000 0.000000
vn 0.000000 1.000000 0.000000
vn 0.000000 1.000000 0.000000
vn 0.000000 1.000000 0.000000
vn -0.000000 1.000000 0.000000
vn -0.000000 1.000000 0.000000
vn -0.000000 1.000000 0.000000
vn -0.000000 1.000000 0.000000
vn 0.000000 1.000000 0.000000
vn -0.000000 1.000000 0.000000
vn -0.000000 1.000000 0.000000
vn -0.000000 1.000000 0.000000
vn -0.980784 0.000000 -0.195097
vn -0.922606 0.339302 -0.183501
vn -0.936684 0.337794 -0.092298
vn -0.995187 0.000000 -0.097999
vn -0.923877 0.000000 -0.382690
vn -0.415725 0.903455 -0.104606
vn -0.408896 0.911691 -0.040300
vn -0.869074 0.339290 -0.359989
vn -0.831465 0.000100 -0.555577
vn 0.000000 1.000000 0.000000
vn 0.000000 0.994302 -0.106600
vn -0.000000 0.997273 -0.073798
vn -0.384292 0.910680 -0.151597
vn -0.005000 0.999914 0.012100
vn -0.782133 0.339314 -0.522622
vn -0.707107 0.000000 -0.707107
vn -0.340302 0.912405 -0.227401
vn -0.000000 1.000000 0.000000
vn -0.665165 0.339282 -0.665165
vn -0.555577 0.000000 -0.831465
vn -0.289403 0.912410 -0.289403
vn -0.000000 1.000000 0.000000
vn -0.522581 0.339288 -0.782172
vn -0.382690 0.000000 -0.923877
vn -0.227401 0.912405 -0.340302
vn 0.000000 1.000000 0.000000
vn -0.359989 0.339290 -0.869074
vn -0.000000 0.000000 -1.000000
vn -0.000000 0.363792 -0.931480
vn -0.156603 0.912420 -0.378108
vn 0.000000 1.000000 0.000000
vn 0.000000 0.935319 -0.353807
vn 0.000000 1.000000 0.000000
vn -0.831465 -0.000000 -0.555577
vn -0.831465 -0.000000 -0.555577
vn -0.707107 -0.000000 -0.707107
vn -0.923877 -0.000000 -0.382690
vn -0.707107 0.000000 -0.707107
vn -0.923877 0.000000 -0.382690
vn -0.555577 0.000000 -0.831465
vn -0.980784 0.000000 -0.195097
vn -0.555577 0.000000 -0.831465
vn -0.980784 -0.000000 -0.195097
vn -0.995187 -0.000000 -0.097999
vn -0.995187 -0.000000 -0.097999
vn -0.382690 0.000000 -0.923877
vn -0.382690 0.000000 -0.923877
vn -0.000000 0.000000 -1.000000
vn -0.000000 0.000000 -1.000000
vn 0.000000 -1.000000 0.000000
vn 0.000000 -1.000000 0.000000
vn 0.000000 -1.000000 0.000000
vn 0.000000 -1.000000 0.000000
vn 0.000000 -1.000000 0.000000
vn 0.000000 -1.000000 0.000000
vn 0.000000 -1.000000 0.000000
vn 0.000000 -1.000000 0.000000
vn 0.000000 -1.000000 0.000000
vn 0.000000 -1.000000 0.000000
vn 0.000000 -1.000000 0.000000
vn 0.000000 -1.000000 0.000000
vn 0.000000 -1.000000 -0.000000
vn 0.000000 -1.000000 -0.000000
vn 0.000000 -1.000000 0.000000
vn 0.000000 -1.000000 -0.000000
vn 0.000000 -1.000000 -0.000000
vn 0.831465 0.000000 0.555577
vn 0.831465 0.000000 0.555577
vn 0.707107 0.000000 0.707107
vn 0.923877 0.000000 0.382690
vn 0.707107 -0.000000 0.707107
vn 0.924203 -0.000000 0.381901
vn 0.956933 -0.000000 0.290310
vn 0.956933 -0.000000 0.290310
vn 0.555577 -0.000000 0.831465
vn 0.555577 -0.000000 0.831465
vn 0.382690 -0.000000 0.923877
vn 0.382690 -0.000000 0.923877
vn -0.000000 0.000000 1.000000
vn 0.000000 0.000000 1.000000
vn 0.000000 1.000000 0.000000
vn 0.000000 1.000000 -0.000300
vn 0.000000 1.000000 0.000000
vn 0.000000 1.000000 0.000000
vn 0.000000 1.000000 0.000000
vn 0.000100 1.000000 -0.000000
vn 0.000000 1.000000 0.000000
vn 0.000000 1.000000 0.000000
vn 0.000000 1.000000 0.000000
vn 0.000000 1.000000 0.000000
vn 0.000000 1.000000 0.000000
vn 0.000000 1.000000 0.000000
vn 0.000000 1.000000 0.000000
vn 0.000000 1.000000 0.000000
vn -0.000000 1.000000 0.000000
vn -0.000000 1.000000 0.000000
vn 0.665187 0.339193 -0.665187
vn 0.522599 0.339199 -0.782198
vn 0.555577 -0.000000 -0.831465
vn 0.707107 -0.000100 -0.707107
vn 0.382690 -0.000000 -0.923877
vn 0.785135 0.336515 -0.519923
vn 0.831465 -0.000000 -0.555577
vn 0.340495 0.913687 -0.221897
vn 0.875502 0.319401 -0.362601
vn 0.923877 -0.000100 -0.382690
vn 0.028600 -0.000000 -0.999591
vn 0.023999 0.444483 -0.895466
vn 0.032701 0.920439 -0.389516
vn 0.012700 0.993411 -0.113901
vn 0.000000 1.000000 0.000000
vn 0.000000 1.000000 0.000000
vn 0.289403 0.912410 -0.289403
vn 0.000000 1.000000 0.000000
vn 0.227401 0.912405 -0.340302
vn 0.000000 1.000000 0.000000
vn 0.359989 0.339290 -0.869074
vn -0.000000 0.000000 -1.000000
vn -0.000000 0.363792 -0.931480
vn 0.156603 0.912420 -0.378108
vn 0.000000 0.935319 -0.353807
vn 0.000000 1.000000 0.000000
vn 0.000000 1.000000 0.000000
vn 0.707107 0.000000 -0.707107
vn 0.831465 0.000000 -0.555577
vn 0.831465 0.000000 -0.555577
vn 0.707107 0.000000 -0.707107
vn 0.923877 0.000000 -0.382690
vn 0.555577 0.000000 -0.831465
vn 0.923877 0.000000 -0.382690
vn 0.555577 0.000000 -0.831465
vn 0.980784 0.000000 -0.195097
vn 0.382690 0.000000 -0.923877
vn 0.980784 0.000000 -0.195097
vn 0.995187 0.000000 -0.097999
vn 0.995187 0.000000 -0.097999
vn 0.382690 0.000000 -0.923877
vn -0.000000 0.000000 -1.000000
vn -0.000000 0.000000 -1.000000
vn 0.000000 -1.000000 0.000000
vn 0.000000 -1.000000 0.000000
vn 0.000000 -1.000000 0.000000
vn 0.000000 -1.000000 0.000000
vn 0.000000 -1.000000 0.000000
vn 0.000000 -1.000000 0.000000
vn 0.000000 -1.000000 0.000000
vn 0.000000 -1.000000 0.000000
vn 0.000000 -1.000000 0.000000
vn 0.000000 -1.000000 0.000000
vn 0.000000 -1.000000 0.000000
vn 0.000000 -1.000000 0.000000
vn 0.000000 -1.000000 0.000000
vn -0.000000 -1.000000 -0.000000
vn -0.000000 -1.000000 -0.000000
vn -0.000000 -1.000000 -0.000000
vn 0.000000 -1.000000 -0.000000
vn -0.707107 0.000000 0.707107
vn -0.831465 0.000000 0.555577
vn -0.831465 0.000000 0.555577
vn -0.881915 0.000000 0.471408
vn -0.881915 0.000000 0.471408
vn -0.707107 0.000000 0.707107
vn -0.555577 0.000000 0.831465
vn -0.555577 0.000000 0.831465
vn -0.382690 0.000000 0.923877
vn -0.382690 0.000000 0.923877
vn -0.000000 0.000000 1.000000
vn 0.000000 0.000000 1.000000
vn 0.000000 1.000000 -0.000300
vn 0.001100 0.999994 -0.003300
vn 0.000100 1.000000 -0.000000
vn 0.000000 1.000000 0.000000
vn 0.000000 1.000000 0.000000
vn 0.000000 1.000000 0.000000
vn 0.000000 1.000000 0.000000
vn 0.000000 1.000000 0.000000
vn 0.000000 1.000000 0.000000
vn 0.000000 1.000000 0.000000
vn 0.000000 1.000000 0.000000
vn 0.000000 1.000000 0.000000
vn 0.000000 1.000000 0.000000
vn 0.000000 1.000000 0.000000
vn 0.000000 1.000000 0.000000
vn 0.000000 1.000000 0.000000
vn 0.000000 1.000000 0.000000
vn 0.000000 1.000000 0.000000
vn 0.000000 1.000000 0.000000
vn 0.936684 0.337794 -0.092298
vn 0.922637 0.339214 -0.183507
vn 0.980784 -0.000000 -0.195097
vn 0.995187 -0.000000 -0.097999
vn 0.923877 -0.000000 -0.382690
vn 0.415808 0.903417 -0.104602
vn 0.408896 0.911691 -0.040300
vn 0.869074 0.339290 -0.359989
vn 0.831465 -0.000000 -0.555577
vn 0.000000 1.000000 0.000000
vn 0.000000 0.994302 -0.106600
vn -0.000000 0.997273 -0.073798
vn 0.384292 0.910680 -0.151597
vn 0.005000 0.999914 0.012100
vn 0.782198 0.339199 -0.522599
vn 0.707107 -0.000000 -0.707107
vn 0.340302 0.912405 -0.227401
vn 0.000000 1.000000 0.000000
vn 0.665165 0.339282 -0.665165
vn 0.555577 -0.000000 -0.831465
vn 0.289403 0.912410 -0.289403
vn 0.000000 1.000000 0.000000
vn 0.522581 0.339288 -0.782172
vn 0.382690 -0.000000 -0.923877
vn 0.227401 0.912405 -0.340302
vn 0.000000 1.000000 0.000000
vn 0.359989 0.339290 -0.869074
vn 0.000000 -0.000000 -1.000000
vn -0.000000 0.363792 -0.931480
vn 0.156603 0.912420 -0.378108
vn -0.000000 0.935319 -0.353807
vn 0.000000 1.000000 0.000000
vn 0.000000 1.000000 0.000000
vn 0.707107 0.000000 -0.707107
vn 0.831465 0.000000 -0.555577
vn 0.831465 0.000000 -0.555577
vn 0.707107 0.000000 -0.707107
vn 0.923877 -0.000000 -0.382690
vn 0.555577 0.000000 -0.831465
vn 0.923877 -0.000000 -0.382690
vn 0.555577 0.000000 -0.831465
vn 0.980784 -0.000000 -0.195097
vn 0.382690 0.000000 -0.923877
vn 0.980784 0.000000 -0.195097
vn 0.995187 0.000000 -0.097999
vn 0.995187 0.000000 -0.097999
vn 0.382690 0.000000 -0.923877
vn 0.000000 0.000000 -1.000000
vn 0.000000 0.000000 -1.000000
vn 0.000000 -1.000000 0.000000
vn 0.000000 -1.000000 0.000000
vn 0.000000 -1.000000 0.000000
vn 0.000000 -1.000000 0.000000
vn 0.000000 -1.000000 0.000000
vn 0.000000 -1.000000 0.000000
vn 0.000000 -1.000000 0.000000
vn 0.000000 -1.000000 0.000000
vn 0.000000 -1.000000 0.000000
vn 0.000000 -1.000000 0.000000
vn 0.000000 -1.000000 0.000000
vn 0.000000 -1.000000 0.000000
vn -0.000000 -1.000000 -0.000000
vn 0.000000 -1.000000 -0.000000
vn 0.000000 -1.000000 0.000000
vn 0.000000 -1.000000 -0.000000
vn 0.000000 -1.000000 -0.000000
vn -0.707107 0.000000 0.707107
vn -0.831465 0.000000 0.555577
vn -0.831465 0.000000 0.555577
vn -0.707107 0.000000 0.707107
vn -0.923877 0.000000 0.382690
vn -0.555577 0.000000 0.831465
vn -0.924203 0.000000 0.381901
vn -0.956933 0.000000 0.290310
vn -0.956933 0.000000 0.290310
vn -0.555577 0.000000 0.831465
vn -0.382690 0.000000 0.923877
vn -0.382690 0.000000 0.923877
vn -0.000000 0.000000 1.000000
vn -0.000000 0.000000 1.000000
vn 0.000000 1.000000 0.000000
vn -0.000000 0.999984 0.005700
vn 0.000000 1.000000 0.000000
vn 0.000000 1.000000 0.000000
vn 0.000000 1.000000 0.000000
vn 0.002200 0.999997 0.000600
vn 0.000000 1.000000 0.000000
vn 0.000000 1.000000 0.000000
vn -0.000000 1.000000 0.000000
vn -0.000000 1.000000 0.000000
vn -0.000000 1.000000 0.000000
vn -0.000000 1.000000 0.000000
vn 0.000000 1.000000 0.000000
vn -0.000000 1.000000 0.000000
vn 0.000000 1.000000 0.000000
vn 0.000000 1.000000 0.000000
vn -0.555577 0.000000 -0.831465
vn -0.522581 0.339288 -0.782172
vn -0.665165 0.339282 -0.665165
vn -0.382690 0.000000 -0.923877
vn -0.707107 0.000000 -0.707107
vn -0.359989 0.339290 -0.869074
vn 0.000000 -0.000000 -1.000000
vn -0.000000 0.363792 -0.931480
vn -0.785279 0.336391 -0.519786
vn -0.831465 0.000000 -0.555577
vn -0.340510 0.913728 -0.221707
vn -0.875923 0.318008 -0.362809
vn -0.923962 0.000000 -0.382484
vn -0.000000 0.909501 -0.415701
vn 0.000000 0.443089 -0.896478
vn -0.000000 0.000000 -1.000000
vn 0.000000 0.985718 -0.168403
vn 0.000000 1.000000 0.000000
vn -0.000000 1.000000 0.000000
vn -0.289403 0.912410 -0.289403
vn -0.000000 1.000000 0.000000
vn -0.227401 0.912405 -0.340302
vn 0.000000 1.000000 0.000000
vn -0.156603 0.912420 -0.378108
vn 0.000000 1.000000 0.000000
vn -0.000000 0.935319 -0.353807
vn 0.000000 1.000000 0.000000
vn -0.831465 0.000000 -0.555577
vn -0.831465 0.000000 -0.555577
vn -0.707107 0.000000 -0.707107
vn -0.923877 0.000000 -0.382690
vn -0.707107 0.000000 -0.707107
vn -0.923877 0.000000 -0.382690
vn -0.555577 0.000000 -0.831465
vn -0.980784 0.000000 -0.195097
vn -0.555577 0.000000 -0.831465
vn -0.980784 0.000000 -0.195097
vn -0.995187 0.000000 -0.097999
vn -0.995187 -0.000000 -0.097999
vn -0.382690 0.000000 -0.923877
vn -0.382690 0.000000 -0.923877
vn 0.000000 0.000000 -1.000000
vn 0.000000 0.000000 -1.000000
vn 0.000000 -1.000000 0.000000
vn 0.000000 -1.000000 0.000000
vn 0.000000 -1.000000 0.000000
vn 0.000000 -1.000000 0.000000
vn 0.000000 -1.000000 0.000000
vn 0.000000 -1.000000 0.000000
vn 0.000000 -1.000000 0.000000
vn 0.000000 -1.000000 0.000000
vn 0.000000 -1.000000 0.000000
vn 0.000000 -1.000000 0.000000
vn 0.000000 -1.000000 0.000000
vn 0.000000 -1.000000 0.000000
vn 0.000000 -1.000000 0.000000
vn -0.000000 -1.000000 -0.000000
vn 0.000000 -1.000000 -0.000000
vn -0.000000 -1.000000 -0.000000
vn 0.000000 -1.000000 -0.000000
vn 0.831465 -0.000000 0.555577
vn 0.831465 -0.000000 0.555577
vn 0.707107 -0.000000 0.707107
vn 0.881915 -0.000000 0.471408
vn 0.881915 -0.000000 0.471408
vn 0.707107 -0.000000 0.707107
vn 0.555577 0.000000 0.831465
vn 0.555577 0.000000 0.831465
vn 0.382690 0.000000 0.923877
vn 0.382690 -0.000000 0.923877
vn -0.000000 0.000000 1.000000
vn -0.000000 0.000000 1.000000
vn 0.002200 0.999997 0.000600
vn 0.000000 0.997767 0.066798
vn -0.000000 0.999984 0.005700
vn 0.000000 1.000000 0.000000
vn 0.000000 1.000000 0.000000
vn 0.000000 1.000000 0.000000
vn 0.000000 1.000000 0.000000
vn 0.000000 1.000000 0.000000
vn 0.000000 1.000000 0.000000
vn 0.000000 1.000000 0.000000
vn 0.000000 1.000000 0.000000
vn -0.000000 1.000000 0.000000
vn -0.000000 1.000000 0.000000
vn -0.000000 1.000000 0.000000
vn -0.000000 1.000000 0.000000
vn 0.000000 1.000000 0.000000
vn -0.000000 1.000000 0.000000
vn 0.000000 1.000000 0.000000
vn 0.000000 1.000000 0.000000
vn -0.980784 0.000100 -0.195097
vn -0.922606 0.339302 -0.183501
vn -0.936684 0.337794 -0.092298
vn -0.995187 0.000000 -0.097999
vn -0.923877 0.000000 -0.382690
vn -0.414984 0.903866 -0.103996
vn -0.408896 0.911691 -0.040300
vn -0.869074 0.339290 -0.359989
vn -0.831465 0.000100 -0.555577
vn 0.000000 1.000000 0.000000
vn 0.000000 0.995342 -0.096404
vn -0.000000 0.997813 -0.066101
vn -0.384383 0.910659 -0.151493
vn -0.005100 0.999913 0.012200
vn -0.782133 0.339314 -0.522622
vn -0.707107 0.000100 -0.707107
vn -0.340302 0.912405 -0.227401
vn -0.000000 1.000000 0.000000
vn -0.665165 0.339282 -0.665165
vn -0.555577 0.000000 -0.831465
vn -0.289403 0.912410 -0.289403
vn -0.000000 1.000000 0.000000
vn -0.522581 0.339288 -0.782172
vn -0.382690 0.000000 -0.923877
vn -0.227401 0.912405 -0.340302
vn 0.000000 1.000000 0.000000
vn -0.359989 0.339290 -0.869074
vn 0.000000 -0.000000 -1.000000
vn -0.000000 0.363792 -0.931480
vn -0.156603 0.912420 -0.378108
vn 0.000000 1.000000 0.000000
vn -0.000000 0.935319 -0.353807
vn 0.000000 1.000000 0.000000
vn -0.831465 0.000000 -0.555577
vn -0.831465 0.000000 -0.555577
vn -0.707107 0.000000 -0.707107
vn -0.923877 0.000000 -0.382690
vn -0.707107 0.000000 -0.707107
vn -0.923877 0.000000 -0.382690
vn -0.555577 0.000000 -0.831465
vn -0.980784 0.000000 -0.195097
vn -0.555577 0.000000 -0.831465
vn -0.980784 0.000000 -0.195097
vn -0.995187 0.000000 -0.097999
vn -0.995187 0.000000 -0.097999
vn -0.382690 0.000000 -0.923877
vn -0.382690 0.000000 -0.923877
vn -0.000000 -0.000000 -1.000000
vn 0.000000 0.000000 -1.000000
vn 0.000000 -1.000000 0.000000
vn 0.000000 -1.000000 0.000000
vn 0.000000 -1.000000 0.000000
vn 0.000000 -1.000000 0.000000
vn 0.000000 -1.000000 0.000000
vn 0.000000 -1.000000 0.000000
vn 0.000000 -1.000000 0.000000
vn 0.000000 -1.000000 0.000000
vn 0.000000 -1.000000 -0.000000
vn 0.000000 -1.000000 0.000000
vn 0.000000 -1.000000 -0.000000
vn 0.000000 -1.000000 -0.000000
vn 0.000000 -1.000000 -0.000000
vn 0.000000 -1.000000 -0.000000
vn 0.000000 -1.000000 0.000000
vn 0.000000 -1.000000 -0.000000
vn 0.000000 -1.000000 -0.000000
vn 0.831465 -0.000000 0.555577
vn 0.831465 -0.000000 0.555577
vn 0.707107 -0.000000 0.707107
vn 0.923877 -0.000000 0.382690
vn 0.707107 -0.000000 0.707107
vn 0.924203 -0.000000 0.381901
vn 0.956933 -0.000000 0.290310
vn 0.956933 0.000000 0.290310
vn 0.555577 -0.000000 0.831465
vn 0.555577 -0.000000 0.831465
vn 0.382690 -0.000000 0.923877
vn 0.382690 -0.000000 0.923877
vn 0.000000 0.000000 1.000000
vn 0.000000 -0.000000 1.000000
vn 0.000000 1.000000 0.000000
vn -0.000000 0.999966 0.008200
vn 0.000000 1.000000 0.000000
vn 0.000000 1.000000 0.000000
vn 0.000000 1.000000 0.000000
vn -0.002300 0.999997 0.000800
vn 0.000000 1.000000 0.000000
vn 0.000000 1.000000 0.000000
vn 0.000000 1.000000 0.000000
vn 0.000000 1.000000 0.000000
vn 0.000000 1.000000 0.000000
vn 0.000000 1.000000 0.000000
vn 0.000000 1.000000 0.000000
vn 0.000000 1.000000 0.000000
vn 0.000000 1.000000 0.000000
vn 0.000000 1.000000 0.000000
vn 0.665187 0.339193 -0.665187
vn 0.522599 0.339199 -0.782198
vn 0.555577 -0.000000 -0.831465
vn 0.707107 -0.000100 -0.707107
vn 0.382690 -0.000000 -0.923877
vn 0.779605 0.341602 -0.524904
vn 0.831465 -0.000000 -0.555577
vn 0.340003 0.911307 -0.232202
vn 0.852768 0.354687 -0.383386
vn 0.912620 -0.000100 -0.408809
vn -0.000000 0.920094 -0.391697
vn -0.000000 0.444892 -0.895584
vn -0.000000 0.000000 -1.000000
vn 0.000000 0.987423 -0.158104
vn 0.000000 1.000000 0.000000
vn 0.000000 1.000000 0.000000
vn 0.289403 0.912410 -0.289403
vn 0.000000 1.000000 0.000000
vn 0.227401 0.912405 -0.340302
vn 0.000000 1.000000 0.000000
vn 0.359989 0.339290 -0.869074
vn 0.000000 -0.000000 -1.000000
vn -0.000000 0.363792 -0.931480
vn 0.156603 0.912420 -0.378108
vn -0.000000 0.935319 -0.353807
vn 0.000000 1.000000 0.000000
vn 0.000000 1.000000 0.000000
vn 0.707107 0.000000 -0.707107
vn 0.831465 0.000000 -0.555577
vn 0.831465 0.000000 -0.555577
vn 0.707107 0.000000 -0.707107
vn 0.923877 0.000000 -0.382690
vn 0.555577 0.000000 -0.831465
vn 0.923877 0.000000 -0.382690
vn 0.555577 -0.000000 -0.831465
vn 0.980784 0.000000 -0.195097
vn 0.382690 -0.000000 -0.923877
vn 0.980784 0.000000 -0.195097
vn 0.995187 0.000000 -0.097999
vn 0.995187 0.000000 -0.097999
vn 0.382690 -0.000000 -0.923877
vn -0.000000 -0.000000 -1.000000
vn 0.000000 0.000000 -1.000000
vn 0.000000 -1.000000 0.000000
vn 0.000000 -1.000000 0.000000
vn 0.000000 -1.000000 0.000000
vn 0.000000 -1.000000 0.000000
vn 0.000000 -1.000000 0.000000
vn 0.000000 -1.000000 0.000000
vn 0.000000 -1.000000 0.000000
vn -0.000000 -1.000000 -0.000000
vn 0.000000 -1.000000 0.000000
vn 0.000000 -1.000000 -0.000000
vn 0.000000 -1.000000 -0.000000
vn 0.000000 -1.000000 0.000000
vn 0.000000 -1.000000 0.000000
vn 0.000000 -1.000000 -0.000000
vn -0.000000 -1.000000 -0.000000
vn 0.000000 -1.000000 -0.000000
vn 0.000000 -1.000000 -0.000000
vn -0.707107 0.000000 0.707107
vn -0.809298 0.000000 0.587398
vn -0.809298 0.000000 0.587398
vn -0.842738 0.000000 0.538324
vn -0.842738 0.000000 0.538324
vn -0.707107 0.000000 0.707107
vn -0.555577 0.000000 0.831465
vn -0.555577 0.000000 0.831465
vn -0.382690 0.000000 0.923877
vn -0.382690 0.000000 0.923877
vn 0.000000 0.000000 1.000000
vn 0.000000 -0.000000 1.000000
vn -0.000000 0.999966 0.008200
vn 0.000000 0.996835 0.079503
vn -0.002300 0.999997 0.000800
vn 0.000000 1.000000 0.000000
vn 0.000000 1.000000 0.000000
vn 0.000000 1.000000 0.000000
vn 0.000000 1.000000 0.000000
vn 0.000000 1.000000 0.000000
vn 0.000000 1.000000 0.000000
vn 0.000000 1.000000 0.000000
vn 0.000000 1.000000 0.000000
vn -0.000000 1.000000 0.000000
vn -0.000000 1.000000 0.000000
vn -0.000000 1.000000 0.000000
vn -0.000000 1.000000 0.000000
vn 0.000000 1.000000 0.000000
vn -0.000000 1.000000 0.000000
vn 0.000000 1.000000 0.000000
vn 0.000000 1.000000 0.000000
vn -0.980784 -0.000000 -0.195097
vn -0.922606 0.339302 -0.183501
vn -0.936684 0.337794 -0.092298
vn -0.995187 0.000000 -0.097999
vn -0.923877 -0.000000 -0.382690
vn -0.414984 0.903866 -0.103996
vn -0.408896 0.911691 -0.040300
vn -0.869074 0.339290 -0.359989
vn -0.831465 -0.000000 -0.555577
vn 0.000000 1.000000 0.000000
vn 0.019199 0.995158 -0.096396
vn -0.066301 0.995614 -0.066001
vn -0.384383 0.910659 -0.151493
vn -0.005100 0.999913 0.012200
vn -0.782172 0.339288 -0.522581
vn -0.707107 -0.000000 -0.707107
vn -0.340302 0.912405 -0.227401
vn -0.000000 1.000000 0.000000
vn -0.665165 0.339282 -0.665165
vn -0.555577 -0.000000 -0.831465
vn -0.289403 0.912410 -0.289403
vn -0.000000 1.000000 0.000000
vn -0.522581 0.339288 -0.782172
vn -0.382690 -0.000000 -0.923877
vn -0.227401 0.912405 -0.340302
vn 0.000000 1.000000 0.000000
vn -0.359989 0.339290 -0.869074
vn -0.000000 -0.000000 -1.000000
vn 0.000000 0.363792 -0.931480
vn -0.156603 0.912420 -0.378108
vn 0.000000 1.000000 0.000000
vn 0.000000 0.935319 -0.353807
vn 0.000000 1.000000 0.000000
vn -0.831465 0.000000 -0.555577
vn -0.831465 0.000000 -0.555577
vn -0.707107 0.000000 -0.707107
vn -0.923877 0.000000 -0.382690
vn -0.707107 -0.000000 -0.707107
vn -0.923877 0.000000 -0.382690
vn -0.555577 -0.000000 -0.831465
vn -0.980784 0.000000 -0.195097
vn -0.555577 -0.000000 -0.831465
vn -0.980784 -0.000000 -0.195097
vn -0.995187 -0.000000 -0.097999
vn -0.995187 -0.000000 -0.097999
vn -0.382690 -0.000000 -0.923877
vn -0.382690 0.000000 -0.923877
vn 0.000000 -0.000000 -1.000000
vn 0.000000 -0.000000 -1.000000
vn 0.000000 -1.000000 0.000000
vn 0.000000 -1.000000 0.000000
vn 0.000000 -1.000000 0.000000
vn 0.000000 -1.000000 0.000000
vn 0.000000 -1.000000 0.000000
vn 0.000000 -1.000000 0.000000
vn 0.000000 -1.000000 0.000000
vn 0.000000 -1.000000 0.000000
vn 0.000000 -1.000000 -0.000000
vn 0.000000 -1.000000 0.000000
vn -0.000000 -1.000000 -0.000000
vn -0.000000 -1.000000 -0.000000
vn 0.000000 -1.000000 -0.000000
vn 0.000000 -1.000000 -0.000000
vn 0.000000 -1.000000 0.000000
vn 0.000000 -1.000000 -0.000000
vn 0.000000 -1.000000 -0.000000
vn 0.831465 0.000000 0.555577
vn 0.831465 0.000000 0.555577
vn 0.707107 0.000000 0.707107
vn 0.923877 0.000000 0.382690
vn 0.707107 0.000000 0.707107
vn 0.924203 0.000000 0.381901
vn 0.956933 0.000000 0.290310
vn 0.956933 0.000000 0.290310
vn 0.555577 0.000000 0.831465
vn 0.555577 0.000000 0.831465
vn 0.382690 0.000000 0.923877
vn 0.382690 0.000000 0.923877
vn -0.000000 0.000000 1.000000
vn -0.000000 0.000000 1.000000
vn 0.000000 1.000000 0.000000
vn 0.000000 0.999994 0.003400
vn 0.000000 1.000000 0.000000
vn 0.000000 1.000000 0.000000
vn 0.000000 1.000000 0.000000
vn -0.001800 0.999998 0.000600
vn 0.000000 0.999387 0.035000
vn 0.000000 1.000000 0.000000
vn 0.000000 1.000000 0.000000
vn 0.000000 1.000000 0.000000
vn 0.000000 1.000000 0.000000
vn 0.000000 1.000000 0.000000
vn 0.000000 1.000000 0.000000
vn 0.000000 1.000000 0.000000
vn 0.000000 1.000000 0.000000
vn 0.000000 1.000000 0.000000
vn 0.000000 1.000000 0.000000
vn 0.665165 0.339282 -0.665165
vn 0.522581 0.339288 -0.782172
vn 0.555577 0.000000 -0.831465
vn 0.707107 0.000000 -0.707107
vn 0.382690 0.000000 -0.923877
vn 0.780178 0.341090 -0.524385
vn 0.831465 0.000000 -0.555577
vn 0.339996 0.911590 -0.231097
vn 0.853927 0.351311 -0.383912
vn 0.912620 0.000000 -0.408809
vn -0.000000 0.000000 -1.000000
vn -0.000000 0.443490 -0.896279
vn -0.000000 0.911592 -0.411096
vn -0.000000 0.975745 -0.218910
vn 0.000000 1.000000 0.000000
vn 0.000000 1.000000 0.000000
vn 0.289403 0.912410 -0.289403
vn 0.000000 1.000000 0.000000
vn 0.227401 0.912405 -0.340302
vn 0.000000 1.000000 0.000000
vn 0.359989 0.339290 -0.869074
vn -0.000000 -0.000000 -1.000000
vn 0.000000 0.363792 -0.931480
vn 0.156603 0.912420 -0.378108
vn 0.000000 0.935319 -0.353807
vn 0.000000 1.000000 0.000000
vn 0.000000 1.000000 0.000000
vn 0.707107 -0.000000 -0.707107
vn 0.831465 0.000000 -0.555577
vn 0.831465 -0.000000 -0.555577
vn 0.707107 -0.000000 -0.707107
vn 0.923877 0.000000 -0.382690
vn 0.555577 -0.000000 -0.831465
vn 0.923877 -0.000000 -0.382690
vn 0.555577 -0.000000 -0.831465
vn 0.980784 -0.000000 -0.195097
vn 0.382690 -0.000000 -0.923877
vn 0.980784 -0.000000 -0.195097
vn 0.995187 -0.000000 -0.097999
vn 0.995187 -0.000000 -0.097999
vn 0.382690 -0.000000 -0.923877
vn 0.000000 -0.000000 -1.000000
vn 0.000000 -0.000000 -1.000000
vn 0.000000 -1.000000 0.000000
vn 0.000000 -1.000000 0.000000
vn 0.000000 -1.000000 0.000000
vn 0.000000 -1.000000 0.000000
vn 0.000000 -1.000000 0.000000
vn 0.000000 -1.000000 0.000000
vn 0.000000 -1.000000 0.000000
vn -0.000000 -1.000000 -0.000000
vn 0.000000 -1.000000 0.000000
vn -0.000000 -1.000000 -0.000000
vn -0.000000 -1.000000 -0.000000
vn 0.000000 -1.000000 0.000000
vn 0.000000 -1.000000 0.000000
vn 0.000000 -1.000000 -0.000000
vn -0.000000 -1.000000 -0.000000
vn -0.000000 -1.000000 -0.000000
vn 0.000000 -1.000000 -0.000000
vn -0.707107 0.000000 0.707107
vn -0.809298 0.000000 0.587398
vn -0.809298 0.000000 0.587398
vn -0.842738 0.000000 0.538324
vn -0.842738 0.000000 0.538324
vn -0.707107 0.000000 0.707107
vn -0.555577 0.000000 0.831465
vn -0.555577 0.000000 0.831465
vn -0.382690 0.000000 0.923877
vn -0.382690 0.000000 0.923877
vn -0.000000 0.000000 1.000000
vn -0.000000 0.000000 1.000000
vn 0.000000 1.000000 0.000000
vn 0.000000 1.000000 0.000000
vn 0.000000 1.000000 0.000000
vn 0.000000 1.000000 0.000000
vn 0.000000 1.000000 0.000000
vn 0.000000 1.000000 0.000000
vn 0.000000 1.000000 0.000000
vn 0.000000 1.000000 0.000000
vn 0.000000 1.000000 0.000000
vn 0.000000 1.000000 0.000000
vn 0.000000 1.000000 0.000000
vn 0.000000 1.000000 0.000000
vn 0.000000 1.000000 0.000000
vn 0.000000 1.000000 0.000000
vn -0.000000 1.000000 0.000000
vn -0.000000 1.000000 0.000000
vn 0.939088 0.330996 -0.092499
vn 0.924983 0.332494 -0.183997
vn 0.980784 0.000100 -0.195097
vn 0.995187 0.000000 -0.097999
vn 0.923877 0.000100 -0.382690
vn 0.407516 0.909835 -0.078303
vn 0.415001 0.908901 -0.040900
vn 0.869939 0.338315 -0.358816
vn 0.831465 0.000100 -0.555577
vn 0.000000 1.000000 0.000000
vn 0.000000 1.000000 0.000000
vn 0.006500 0.999957 0.006600
vn 0.380890 0.912075 -0.151796
vn 0.002400 0.999981 0.005700
vn 0.782133 0.339314 -0.522622
vn 0.707107 0.000100 -0.707107
vn 0.340302 0.912405 -0.227401
vn 0.000000 1.000000 0.000000
vn 0.665165 0.339282 -0.665165
vn 0.555577 0.000000 -0.831465
vn 0.289403 0.912410 -0.289403
vn 0.000000 1.000000 0.000000
vn 0.522581 0.339288 -0.782172
vn 0.382690 0.000000 -0.923877
vn 0.227401 0.912405 -0.340302
vn 0.000000 1.000000 0.000000
vn 0.359989 0.339290 -0.869074
vn -0.000000 -0.000000 -1.000000
vn 0.000000 0.363792 -0.931480
vn 0.156603 0.912420 -0.378108
vn -0.000000 0.935319 -0.353807
vn 0.000000 1.000000 0.000000
vn 0.000000 1.000000 0.000000
vn 0.707107 0.000000 -0.707107
vn 0.831465 0.000000 -0.555577
vn 0.831465 0.000000 -0.555577
vn 0.707107 0.000000 -0.707107
vn 0.923877 0.000000 -0.382690
vn 0.555577 0.000000 -0.831465
vn 0.923877 0.000000 -0.382690
vn 0.555577 0.000000 -0.831465
vn 0.980784 0.000000 -0.195097
vn 0.382690 0.000000 -0.923877
vn 0.980784 0.000000 -0.195097
vn 0.995187 0.000000 -0.097999
vn 0.995187 0.000000 -0.097999
vn 0.382690 0.000000 -0.923877
vn 0.000000 0.000000 -1.000000
vn 0.000000 0.000000 -1.000000
vn 0.000000 -1.000000 0.000000
vn 0.000000 -1.000000 0.000000
vn 0.000000 -1.000000 0.000000
vn 0.000000 -1.000000 0.000000
vn 0.000000 -1.000000 0.000000
vn 0.000000 -1.000000 0.000000
vn 0.000000 -1.000000 0.000000
vn 0.000000 -1.000000 0.000000
vn -0.000000 -1.000000 -0.000000
vn 0.000000 -1.000000 0.000000
vn 0.000000 -1.000000 -0.000000
vn 0.000000 -1.000000 -0.000000
vn -0.000000 -1.000000 -0.000000
vn -0.000000 -1.000000 -0.000000
vn 0.000000 -1.000000 0.000000
vn -0.000000 -1.000000 -0.000000
vn 0.000000 -1.000000 -0.000000
vn -0.707107 -0.000000 0.707107
vn -0.831465 -0.000000 0.555577
vn -0.831465 -0.000000 0.555577
vn -0.707107 -0.000000 0.707107
vn -0.923877 -0.000000 0.382690
vn -0.555577 0.000000 0.831465
vn -0.924033 -0.000000 0.382314
vn -0.956933 -0.000000 0.290310
vn -0.956933 0.000000 0.290310
vn -0.555577 0.000000 0.831465
vn -0.382690 0.000000 0.923877
vn -0.382690 -0.000000 0.923877
vn -0.000000 -0.000000 1.000000
vn 0.000000 0.000000 1.000000
vn 0.000000 1.000000 0.000000
vn -0.000000 0.999966 0.008200
vn 0.000000 1.000000 0.000000
vn 0.000000 1.000000 0.000000
vn 0.000000 1.000000 0.000000
vn 0.002300 0.999997 0.000800
vn 0.000000 1.000000 0.000000
vn 0.000000 1.000000 0.000000
vn -0.000000 1.000000 0.000000
vn -0.000000 1.000000 0.000000
vn -0.000000 1.000000 0.000000
vn -0.000000 1.000000 0.000000
vn 0.000000 1.000000 0.000000
vn -0.000000 1.000000 0.000000
vn -0.000000 1.000000 0.000000
vn -0.000000 1.000000 0.000000
vn -0.555577 -0.000000 -0.831465
vn -0.522599 0.339199 -0.782198
vn -0.665187 0.339193 -0.665187
vn -0.382690 -0.000000 -0.923877
vn -0.707107 -0.000100 -0.707107
vn -0.359989 0.339290 -0.869074
vn -0.000000 -0.000000 -1.000000
vn 0.000000 0.363792 -0.931480
vn -0.779605 0.341602 -0.524904
vn -0.831465 -0.000000 -0.555577
vn -0.340003 0.911307 -0.232202
vn -0.852768 0.354687 -0.383386
vn -0.912620 -0.000100 -0.408809
vn -0.000000 0.920094 -0.391697
vn -0.000000 0.444892 -0.895584
vn -0.000000 0.000000 -1.000000
vn 0.000000 0.987423 -0.158104
vn 0.000000 1.000000 0.000000
vn -0.000000 1.000000 0.000000
vn -0.289403 0.912410 -0.289403
vn -0.000000 1.000000 0.000000
vn -0.227401 0.912405 -0.340302
vn 0.000000 1.000000 0.000000
vn -0.156603 0.912420 -0.378108
vn 0.000000 1.000000 0.000000
vn -0.000000 0.935319 -0.353807
vn 0.000000 1.000000 0.000000
vn -0.831465 0.000000 -0.555577
vn -0.831465 0.000000 -0.555577
vn -0.707107 0.000000 -0.707107
vn -0.923877 0.000000 -0.382690
vn -0.707107 0.000000 -0.707107
vn -0.923877 0.000000 -0.382690
vn -0.555577 0.000000 -0.831465
vn -0.980784 0.000000 -0.195097
vn -0.555577 0.000000 -0.831465
vn -0.980784 0.000000 -0.195097
vn -0.995187 0.000000 -0.097999
vn -0.995187 0.000000 -0.097999
vn -0.382690 0.000000 -0.923877
vn -0.382690 0.000000 -0.923877
vn 0.000000 0.000000 -1.000000
vn 0.000000 0.000000 -1.000000
vn 0.000000 -1.000000 0.000000
vn 0.000000 -1.000000 0.000000
vn 0.000000 -1.000000 0.000000
vn 0.000000 -1.000000 0.000000
vn 0.000000 -1.000000 0.000000
vn 0.000000 -1.000000 0.000000
vn 0.000000 -1.000000 0.000000
vn 0.000000 -1.000000 -0.000000
vn 0.000000 -1.000000 0.000000
vn 0.000000 -1.000000 -0.000000
vn 0.000000 -1.000000 -0.000000
vn 0.000000 -1.000000 0.000000
vn 0.000000 -1.000000 0.000000
vn 0.000000 -1.000000 -0.000000
vn 0.000000 -1.000000 -0.000000
vn 0.000000 -1.000000 -0.000000
vn 0.000000 -1.000000 -0.000000
vn 0.809298 0.000000 0.587398
vn 0.809298 0.000000 0.587398
vn 0.707107 0.000000 0.707107
vn 0.842738 0.000000 0.538324
vn 0.842738 -0.000000 0.538324
vn 0.707107 0.000000 0.707107
vn 0.555577 0.000000 0.831465
vn 0.555577 -0.000000 0.831465
vn 0.382690 -0.000000 0.923877
vn 0.382690 -0.000000 0.923877
vn -0.000000 -0.000000 1.000000
vn 0.000000 0.000000 1.000000
vn 0.002300 0.999997 0.000800
vn 0.000000 0.996835 0.079503
vn -0.000000 0.999966 0.008200
f 1/1/1 2/2/2 3/3/3
f 1/1/1 3/3/3 4/4/4
f 5/5/5 6/6/6 7/7/7
f 5/5/5 7/7/7 8/8/8
f 9/9/9 10/10/10 11/11/11
f 9/9/9 11/11/11 12/12/12
f 13/13/13 14/14/14 15/15/15
f 13/13/13 15/15/15 16/16/16
f 17/17/17 18/18/18 19/19/19
f 17/17/17 19/19/19 20/20/20
f 21/21/21 22/22/22 23/23/23
f 21/21/21 23/23/23 24/24/24
f 25/25/25 26/26/26 27/27/27
f 25/25/25 27/27/27 28/28/28
f 29/29/29 30/30/30 31/31/31
f 29/29/29 31/31/31 32/32/32
f 33/33/33 34/34/34 35/35/35
f 33/33/33 35/35/35 36/36/36
f 34/34/34 37/37/37 35/35/35
f 34/34/34 38/38/38 37/37/37
f 38/38/38 39/39/39 37/37/37
f 38/38/38 40/40/40 39/39/39
f 40/40/40 41/41/41 39/39/39
f 40/40/40 42/42/42 41/41/41
f 42/42/42 43/43/43 41/41/41
f 42/42/42 44/44/44 43/43/43
f 44/44/44 45/45/45 43/43/43
f 44/44/44 46/46/46 45/45/45
f 46/46/46 47/47/47 45/45/45
f 46/46/46 48/48/48 47/47/47
f 49/49/49 50/50/50 51/51/51
f 49/49/49 51/51/51 52/52/52
f 50/50/50 53/53/53 51/51/51
f 54/54/54 50/50/50 49/49/49
f 54/54/54 49/49/49 55/55/55
f 50/50/50 56/56/56 53/53/53
f 54/54/54 56/56/56 50/50/50
f 56/56/56 57/57/57 53/53/53
f 54/54/54 55/55/55 58/58/58
f 54/54/54 58/58/58 59/59/59
f 54/54/54 59/59/59 60/60/60
f 54/54/54 60/60/60 61/61/61
f 54/54/54 61/61/61 56/56/56
f 62/62/62 61/61/61 60/60/60
f 56/56/56 63/63/63 57/57/57
f 61/61/61 63/63/63 56/56/56
f 63/63/63 64/64/64 57/57/57
f 65/65/65 61/61/61 62/62/62
f 61/61/61 65/65/65 63/63/63
f 65/65/65 62/62/62 66/66/66
f 63/63/63 67/67/67 64/64/64
f 65/65/65 67/67/67 63/63/63
f 67/67/67 68/68/68 64/64/64
f 69/69/69 65/65/65 66/66/66
f 65/65/65 69/69/69 67/67/67
f 69/69/69 66/66/66 70/70/70
f 67/67/67 71/71/71 68/68/68
f 69/69/69 71/71/71 67/67/67
f 71/71/71 72/72/72 68/68/68
f 73/73/73 69/69/69 70/70/70
f 69/69/69 73/73/73 71/71/71
f 73/73/73 70/70/70 74/74/74
f 71/71/71 75/75/75 72/72/72
f 73/73/73 75/75/75 71/71/71
f 75/75/75 76/76/76 72/72/72
f 75/75/75 77/77/77 76/76/76
f 73/73/73 78/78/78 75/75/75
f 78/78/78 77/77/77 75/75/75
f 78/78/78 73/73/73 74/74/74
f 78/78/78 79/79/79 77/77/77
f 78/78/78 74/74/74 80/80/80
f 79/79/79 78/78/78 80/80/80
f 79/79/79 80/80/80 81/81/81
f 82/82/82 83/83/83 84/84/84
f 82/82/82 84/84/84 85/85/85
f 83/83/83 86/86/86 84/84/84
f 87/87/87 82/82/82 85/85/85
f 83/83/83 88/88/88 86/86/86
f 87/87/87 85/85/85 89/89/89
f 88/88/88 90/90/90 86/86/86
f 91/91/91 87/87/87 89/89/89
f 88/88/88 92/92/92 90/90/90
f 92/92/92 93/93/93 90/90/90
f 92/92/92 94/94/94 93/93/93
f 91/91/91 89/89/89 95/95/95
f 96/96/96 91/91/91 95/95/95
f 96/96/96 95/95/95 97/97/97
f 98/98/98 99/99/99 100/100/100
f 98/98/98 100/100/100 101/101/101
f 99/99/99 102/102/102 100/100/100
f 103/103/103 98/98/98 101/101/101
f 99/99/99 104/104/104 102/102/102
f 103/103/103 101/101/101 105/105/105
f 106/106/106 103/103/103 105/105/105
f 106/106/106 105/105/105 107/107/107
f 108/108/108 106/106/106 107/107/107
f 108/108/108 109/109/109 106/106/106
f 102/102/102 104/104/104 110/110/110
f 104/104/104 111/111/111 110/110/110
f 104/104/104 112/112/112 111/111/111
f 110/110/110 111/111/111 113/113/113
f 110/110/110 113/113/113 114/114/114
f 115/115/115 116/116/116 117/117/117
f 115/115/115 117/117/117 118/118/118
f 116/116/116 119/119/119 117/117/117
f 120/120/120 115/115/115 118/118/118
f 116/116/116 121/121/121 119/119/119
f 121/121/121 122/122/122 119/119/119
f 121/121/121 123/123/123 122/122/122
f 120/120/120 118/118/118 124/124/124
f 125/125/125 120/120/120 124/124/124
f 125/125/125 124/124/124 126/126/126
f 127/127/127 125/125/125 126/126/126
f 127/127/127 126/126/126 128/128/128
f 129/129/129 130/130/130 131/131/131
f 129/129/129 131/131/131 132/132/132
f 129/129/129 133/133/133 130/130/130
f 134/134/134 130/130/130 133/133/133
f 135/135/135 134/134/134 133/133/133
f 135/135/135 136/136/136 134/134/134
f 137/137/137 136/136/136 135/135/135
f 137/137/137 138/138/138 136/136/136
f 139/139/139 138/138/138 137/137/137
f 139/139/139 140/140/140 138/138/138
f 141/141/141 140/140/140 139/139/139
f 141/141/141 142/142/142 140/140/140
f 143/143/143 142/142/142 141/141/141
f 143/143/143 144/144/144 142/142/142
f 145/145/145 146/146/146 147/147/147
f 148/148/148 146/146/146 145/145/145
f 145/145/145 147/147/147 149/149/149
f 148/148/148 150/150/150 146/146/146
f 151/151/151 150/150/150 148/148/148
f 151/151/151 152/152/152 150/150/150
f 149/149/149 147/147/147 153/153/153
f 149/149/149 153/153/153 154/154/154
f 147/147/147 155/155/155 153/153/153
f 152/152/152 156/156/156 150/150/150
f 152/152/152 157/157/157 156/156/156
f 158/158/158 156/156/156 157/157/157
f 158/158/158 157/157/157 159/159/159
f 160/160/160 156/156/156 158/158/158
f 150/150/150 156/156/156 161/161/161
f 160/160/160 161/161/161 156/156/156
f 150/150/150 161/161/161 146/146/146
f 162/162/162 161/161/161 160/160/160
f 146/146/146 163/163/163 147/147/147
f 146/146/146 161/161/161 163/163/163
f 162/162/162 163/163/163 161/161/161
f 164/164/164 163/163/163 162/162/162
f 147/147/147 163/163/163 155/155/155
f 164/164/164 155/155/155 163/163/163
f 165/165/165 155/155/155 164/164/164
f 165/165/165 166/166/166 155/155/155
f 155/155/155 166/166/166 167/167/167
f 155/155/155 167/167/167 153/153/153
f 168/168/168 153/153/153 167/167/167
f 154/154/154 153/153/153 168/168/168
f 167/167/167 169/169/169 168/168/168
f 154/154/154 168/168/168 170/170/170
f 171/171/171 168/168/168 169/169/169
f 171/171/171 170/170/170 168/168/168
f 172/172/172 173/173/173 174/174/174
f 175/175/175 173/173/173 172/172/172
f 172/172/172 174/174/174 176/176/176
f 175/175/175 177/177/177 173/173/173
f 176/176/176 174/174/174 178/178/178
f 179/179/179 177/177/177 175/175/175
f 176/176/176 178/178/178 180/180/180
f 179/179/179 181/181/181 177/177/177
f 182/182/182 181/181/181 179/179/179
f 182/182/182 183/183/183 181/181/181
f 180/180/180 178/178/178 184/184/184
f 180/180/180 184/184/184 185/185/185
f 185/185/185 184/184/184 186/186/186
f 185/185/185 186/186/186 187/187/187
f 188/188/188 189/189/189 190/190/190
f 188/188/188 190/190/190 191/191/191
f 191/191/191 190/190/190 192/192/192
f 188/188/188 193/193/193 189/189/189
f 191/191/191 192/192/192 194/194/194
f 194/194/194 192/192/192 195/195/195
f 194/194/194 195/195/195 196/196/196
f 197/197/197 196/196/196 195/195/195
f 197/197/197 195/195/195 198/198/198
f 199/199/199 189/189/189 193/193/193
f 199/199/199 200/200/200 189/189/189
f 193/193/193 201/201/201 199/199/199
f 193/193/193 202/202/202 201/201/201
f 202/202/202 203/203/203 201/201/201
f 202/202/202 204/204/204 203/203/203
f 205/205/205 206/206/206 207/207/207
f 208/208/208 206/206/206 205/205/205
f 208/208/208 209/209/209 206/206/206
f 205/205/205 207/207/207 210/210/210
f 210/210/210 207/207/207 211/211/211
f 210/210/210 211/211/211 212/212/212
f 212/212/212 211/211/211 213/213/213
f 212/212/212 213/213/213 214/214/214
f 214/214/214 213/213/213 215/215/215
f 214/214/214 215/215/215 216/216/216
f 217/217/217 218/218/218 219/219/219
f 220/220/220 221/221/221 222/222/222
f 220/220/220 222/222/222 223/223/223
f 224/224/224 221/221/221 220/220/220
f 224/224/224 225/225/225 221/221/221
f 226/226/226 225/225/225 224/224/224
f 226/226/226 227/227/227 225/225/225
f 228/228/228 227/227/227 226/226/226
f 228/228/228 229/229/229 227/227/227
f 230/230/230 229/229/229 228/228/228
f 230/230/230 231/231/231 229/229/229
f 232/232/232 231/231/231 230/230/230
f 232/232/232 233/233/233 231/231/231
f 234/234/234 233/233/233 232/232/232
f 234/234/234 235/235/235 233/233/233
f 236/236/236 237/237/237 238/238/238
f 236/236/236 238/238/238 239/239/239
f 240/240/240 237/237/237 236/236/236
f 238/238/238 237/237/237 241/241/241
f 238/238/238 241/241/241 242/242/242
f 240/240/240 243/243/243 237/237/237
f 243/243/243 241/241/241 237/237/237
f 244/244/244 243/243/243 240/240/240
f 245/245/245 242/242/242 241/241/241
f 245/245/245 241/241/241 246/246/246
f 247/247/247 246/246/246 241/241/241
f 247/247/247 241/241/241 248/248/248
f 243/243/243 248/248/248 241/241/241
f 249/249/249 247/247/247 248/248/248
f 244/244/244 250/250/250 243/243/243
f 250/250/250 248/248/248 243/243/243
f 251/251/251 250/250/250 244/244/244
f 249/249/249 248/248/248 252/252/252
f 250/250/250 252/252/252 248/248/248
f 249/249/249 252/252/252 253/253/253
f 251/251/251 254/254/254 250/250/250
f 254/254/254 252/252/252 250/250/250
f 255/255/255 254/254/254 251/251/251
f 253/253/253 252/252/252 256/256/256
f 254/254/254 256/256/256 252/252/252
f 253/253/253 256/256/256 257/257/257
f 255/255/255 258/258/258 254/254/254
f 258/258/258 256/256/256 254/254/254
f 259/259/259 258/258/258 255/255/255
f 257/257/257 256/256/256 260/260/260
f 258/258/258 260/260/260 256/256/256
f 257/257/257 260/260/260 261/261/261
f 259/259/259 262/262/262 258/258/258
f 262/262/262 260/260/260 258/258/258
f 263/263/263 262/262/262 259/259/259
f 263/263/263 264/264/264 262/262/262
f 262/262/262 265/265/265 260/260/260
f 261/261/261 260/260/260 265/265/265
f 264/264/264 265/265/265 262/262/262
f 261/261/261 265/265/265 266/266/266
f 264/264/264 267/267/267 265/265/265
f 266/266/266 265/265/265 267/267/267
f 266/266/266 267/267/267 268/268/268
f 269/269/269 270/270/270 271/271/271
f 272/272/272 270/270/270 269/269/269
f 269/269/269 271/271/271 273/273/273
f 272/272/272 274/274/274 270/270/270
f 273/273/273 271/271/271 275/275/275
f 276/276/276 274/274/274 272/272/272
f 273/273/273 275/275/275 277/277/277
f 276/276/276 278/278/278 274/274/274
f 279/279/279 278/278/278 276/276/276
f 279/279/279 280/280/280 278/278/278
f 277/277/277 275/275/275 281/281/281
f 277/277/277 281/281/281 282/282/282
f 282/282/282 281/281/281 283/283/283
f 282/282/282 283/283/283 284/284/284
f 285/285/285 286/286/286 287/287/287
f 288/288/288 286/286/286 285/285/285
f 285/285/285 287/287/287 289/289/289
f 288/288/288 290/290/290 286/286/286
f 289/289/289 287/287/287 291/291/291
f 289/289/289 291/291/291 292/292/292
f 292/292/292 291/291/291 293/293/293
f 292/292/292 293/293/293 294/294/294
f 295/295/295 294/294/294 293/293/293
f 295/295/295 293/293/293 296/296/296
f 288/288/288 297/297/297 290/290/290
f 298/298/298 290/290/290 297/297/297
f 298/298/298 299/299/299 290/290/290
f 297/297/297 300/300/300 298/298/298
f 297/297/297 301/301/301 300/300/300
f 302/302/302 303/303/303 304/304/304
f 305/305/305 303/303/303 302/302/302
f 302/302/302 304/304/304 306/306/306
f 305/305/305 307/307/307 303/303/303
f 308/308/308 307/307/307 305/305/305
f 308/308/308 309/309/309 307/307/307
f 306/306/306 304/304/304 310/310/310
f 306/306/306 310/310/310 311/311/311
f 311/311/311 310/310/310 312/312/312
f 311/311/311 312/312/312 313/313/313
f 313/313/313 312/312/312 314/314/314
f 313/313/313 314/314/314 315/315/315
f 316/316/316 317/317/317 318/318/318
f 316/316/316 318/318/318 319/319/319
f 318/318/318 317/317/317 320/320/320
f 317/317/317 321/321/321 320/320/320
f 321/321/321 322/322/322 320/320/320
f 321/321/321 323/323/323 322/322/322
f 323/323/323 324/324/324 322/322/322
f 323/323/323 325/325/325 324/324/324
f 325/325/325 326/326/326 324/324/324
f 325/325/325 327/327/327 326/326/326
f 327/327/327 328/328/328 326/326/326
f 327/327/327 329/329/329 328/328/328
f 329/329/329 330/330/330 328/328/328
f 329/329/329 331/331/331 330/330/330
f 332/332/332 333/333/333 334/334/334
f 332/332/332 334/334/334 335/335/335
f 333/333/333 336/336/336 334/334/334
f 337/337/337 332/332/332 335/335/335
f 337/337/337 335/335/335 338/338/338
f 339/339/339 332/332/332 337/337/337
f 340/340/340 337/337/337 338/338/338
f 340/340/340 338/338/338 341/341/341
f 340/340/340 341/341/341 342/342/342
f 340/340/340 342/342/342 343/343/343
f 344/344/344 340/340/340 343/343/343
f 340/340/340 344/344/344 337/337/337
f 344/344/344 339/339/339 337/337/337
f 344/344/344 345/345/345 339/339/339
f 339/339/339 345/345/345 346/346/346
f 339/339/339 346/346/346 347/347/347
f 348/348/348 339/339/339 347/347/347
f 339/339/339 348/348/348 332/332/332
f 348/348/348 333/333/333 332/332/332
f 348/348/348 347/347/347 349/349/349
f 350/350/350 348/348/348 349/349/349
f 348/348/348 350/350/350 333/333/333
f 350/350/350 349/349/349 351/351/351
f 350/350/350 352/352/352 333/333/333
f 333/333/333 352/352/352 336/336/336
f 352/352/352 353/353/353 336/336/336
f 352/352/352 354/354/354 353/353/353
f 350/350/350 355/355/355 352/352/352
f 355/355/355 354/354/354 352/352/352
f 355/355/355 350/350/350 351/351/351
f 355/355/355 356/356/356 354/354/354
f 355/355/355 351/351/351 357/357/357
f 356/356/356 355/355/355 357/357/357
f 356/356/356 357/357/357 358/358/358
f 359/359/359 360/360/360 361/361/361
f 359/359/359 361/361/361 362/362/362
f 360/360/360 363/363/363 361/361/361
f 364/364/364 359/359/359 362/362/362
f 360/360/360 365/365/365 363/363/363
f 364/364/364 362/362/362 366/366/366
f 365/365/365 367/367/367 363/363/363
f 368/368/368 364/364/364 366/366/366
f 365/365/365 369/369/369 367/367/367
f 369/369/369 370/370/370 367/367/367
f 369/369/369 371/371/371 370/370/370
f 368/368/368 366/366/366 372/372/372
f 373/373/373 368/368/368 372/372/372
f 373/373/373 372/372/372 374/374/374
f 375/375/375 376/376/376 377/377/377
f 375/375/375 377/377/377 378/378/378
f 379/379/379 375/375/375 378/378/378
f 377/377/377 376/376/376 380/380/380
f 379/379/379 378/378/378 381/381/381
f 382/382/382 379/379/379 381/381/381
f 382/382/382 381/381/381 383/383/383
f 384/384/384 382/382/382 383/383/383
f 384/384/384 385/385/385 382/382/382
f 376/376/376 386/386/386 380/380/380
f 376/376/376 387/387/387 386/386/386
f 380/380/380 386/386/386 388/388/388
f 380/380/380 388/388/388 389/389/389
f 389/389/389 388/388/388 390/390/390
f 389/389/389 390/390/390 391/391/391
f 392/392/392 393/393/393 394/394/394
f 393/393/393 395/395/395 394/394/394
f 393/393/393 396/396/396 395/395/395
f 392/392/392 394/394/394 397/397/397
f 398/398/398 392/392/392 397/397/397
f 398/398/398 397/397/397 399/399/399
f 400/400/400 398/398/398 399/399/399
f 400/400/400 399/399/399 401/401/401
f 402/402/402 400/400/400 401/401/401
f 402/402/402 401/401/401 403/403/403
f 404/404/404 405/405/405 406/406/406
f 407/407/407 408/408/408 409/409/409
f 407/407/407 409/409/409 410/410/410
f 408/408/408 411/411/411 409/409/409
f 408/408/408 412/412/412 411/411/411
f 412/412/412 413/413/413 411/411/411
f 412/412/412 414/414/414 413/413/413
f 414/414/414 415/415/415 413/413/413
f 414/414/414 416/416/416 415/415/415
f 416/416/416 417/417/417 415/415/415
f 416/416/416 418/418/418 417/417/417
f 418/418/418 419/419/419 417/417/417
f 418/418/418 420/420/420 419/419/419
f 420/420/420 421/421/421 419/419/419
f 420/420/420 422/422/422 421/421/421
f 423/423/423 424/424/424 425/425/425
f 423/423/423 425/425/425 426/426/426
f 424/424/424 427/427/427 425/425/425
f 428/428/428 424/424/424 423/423/423
f 428/428/428 423/423/423 429/429/429
f 424/424/424 430/430/430 427/427/427
f 428/428/428 430/430/430 424/424/424
f 430/430/430 431/431/431 427/427/427
f 428/428/428 429/429/429 432/432/432
f 428/428/428 432/432/432 433/433/433
f 428/428/428 433/433/433 434/434/434
f 428/428/428 434/434/434 435/435/435
f 428/428/428 435/435/435 430/430/430
f 436/436/436 435/435/435 434/434/434
f 430/430/430 437/437/437 431/431/431
f 435/435/435 437/437/437 430/430/430
f 437/437/437 438/438/438 431/431/431
f 439/439/439 435/435/435 436/436/436
f 435/435/435 439/439/439 437/437/437
f 439/439/439 436/436/436 440/440/440
f 437/437/437 441/441/441 438/438/438
f 439/439/439 441/441/441 437/437/437
f 441/441/441 442/442/442 438/438/438
f 443/443/443 439/439/439 440/440/440
f 439/439/439 443/443/443 441/441/441
f 443/443/443 440/440/440 444/444/444
f 441/441/441 445/445/445 442/442/442
f 443/443/443 445/445/445 441/441/441
f 445/445/445 446/446/446 442/442/442
f 447/447/447 443/443/443 444/444/444
f 443/443/443 447/447/447 445/445/445
f 447/447/447 444/444/444 448/448/448
f 445/445/445 449/449/449 446/446/446
f 447/447/447 449/449/449 445/445/445
f 449/449/449 450/450/450 446/446/446
f 449/449/449 451/451/451 450/450/450
f 447/447/447 452/452/452 449/449/449
f 452/452/452 451/451/451 449/449/449
f 452/452/452 447/447/447 448/448/448
f 452/452/452 453/453/453 451/451/451
f 452/452/452 448/448/448 454/454/454
f 453/453/453 452/452/452 454/454/454
f 453/453/453 454/454/454 455/455/455
f 456/456/456 457/457/457 458/458/458
f 456/456/456 458/458/458 459/459/459
f 457/457/457 460/460/460 458/458/458
f 461/461/461 456/456/456 459/459/459
f 457/457/457 462/462/462 460/460/460
f 461/461/461 459/459/459 463/463/463
f 462/462/462 464/464/464 460/460/460
f 465/465/465 461/461/461 463/463/463
f 462/462/462 466/466/466 464/464/464
f 466/466/466 467/467/467 464/464/464
f 466/466/466 468/468/468 467/467/467
f 465/465/465 463/463/463 469/469/469
f 470/470/470 465/465/465 469/469/469
f 470/470/470 469/469/469 471/471/471
f 472/472/472 473/473/473 474/474/474
f 472/472/472 474/474/474 475/475/475
f 473/473/473 476/476/476 474/474/474
f 477/477/477 472/472/472 475/475/475
f 473/473/473 478/478/478 476/476/476
f 477/477/477 475/475/475 479/479/479
f 480/480/480 477/477/477 479/479/479
f 480/480/480 479/479/479 481/481/481
f 482/482/482 480/480/480 481/481/481
f 482/482/482 483/483/483 480/480/480
f 476/476/476 478/478/478 484/484/484
f 478/478/478 485/485/485 484/484/484
f 478/478/478 486/486/486 485/485/485
f 484/484/484 485/485/485 487/487/487
f 484/484/484 487/487/487 488/488/488
f 489/489/489 490/490/490 491/491/491
f 489/489/489 491/491/491 492/492/492
f 490/490/490 493/493/493 491/491/491
f 494/494/494 489/489/489 492/492/492
f 490/490/490 495/495/495 493/493/493
f 495/495/495 496/496/496 493/493/493
f 495/495/495 497/497/497 496/496/496
f 494/494/494 492/492/492 498/498/498
f 499/499/499 494/494/494 498/498/498
f 499/499/499 498/498/498 500/500/500
f 501/501/501 499/499/499 500/500/500
f 501/501/501 500/500/500 502/502/502
f 503/503/503 504/504/504 505/505/505
f 503/503/503 505/505/505 506/506/506
f 503/503/503 507/507/507 504/504/504
f 508/508/508 504/504/504 507/507/507
f 509/509/509 508/508/508 507/507/507
f 509/509/509 510/510/510 508/508/508
f 511/511/511 510/510/510 509/509/509
f 511/511/511 512/512/512 510/510/510
f 513/513/513 512/512/512 511/511/511
f 513/513/513 514/514/514 512/512/512
f 515/515/515 514/514/514 513/513/513
f 515/515/515 516/516/516 514/514/514
f 517/517/517 516/516/516 515/515/515
f 517/517/517 518/518/518 516/516/516
f 519/519/519 520/520/520 521/521/521
f 522/522/522 520/520/520 519/519/519
f 519/519/519 521/521/521 523/523/523
f 522/522/522 524/524/524 520/520/520
f 525/525/525 524/524/524 522/522/522
f 525/525/525 526/526/526 524/524/524
f 523/523/523 521/521/521 527/527/527
f 523/523/523 527/527/527 528/528/528
f 521/521/521 529/529/529 527/527/527
f 528/528/528 527/527/527 530/530/530
f 528/528/528 530/530/530 531/531/531
f 530/530/530 527/527/527 532/532/532
f 529/529/529 532/532/532 527/527/527
f 531/531/531 530/530/530 533/533/533
f 533/533/533 530/530/530 532/532/532
f 531/531/531 533/533/533 534/534/534
f 529/529/529 535/535/535 532/532/532
f 536/536/536 535/535/535 529/529/529
f 536/536/536 529/529/529 537/537/537
f 537/537/537 529/529/529 538/538/538
f 521/521/521 538/538/538 529/529/529
f 537/537/537 538/538/538 539/539/539
f 520/520/520 538/538/538 521/521/521
f 539/539/539 538/538/538 540/540/540
f 520/520/520 540/540/540 538/538/538
f 539/539/539 540/540/540 541/541/541
f 524/524/524 540/540/540 520/520/520
f 541/541/541 540/540/540 542/542/542
f 524/524/524 542/542/542 540/540/540
f 526/526/526 542/542/542 524/524/524
f 541/541/541 542/542/542 543/543/543
f 526/526/526 544/544/544 542/542/542
f 543/543/543 542/542/542 544/544/544
f 543/543/543 544/544/544 545/545/545
f 546/546/546 547/547/547 548/548/548
f 549/549/549 547/547/547 546/546/546
f 546/546/546 548/548/548 550/550/550
f 549/549/549 551/551/551 547/547/547
f 550/550/550 548/548/548 552/552/552
f 553/553/553 551/551/551 549/549/549
f 550/550/550 552/552/552 554/554/554
f 553/553/553 555/555/555 551/551/551
f 556/556/556 555/555/555 553/553/553
f 556/556/556 557/557/557 555/555/555
f 554/554/554 552/552/552 558/558/558
f 554/554/554 558/558/558 559/559/559
f 559/559/559 558/558/558 560/560/560
f 559/559/559 560/560/560 561/561/561
f 562/562/562 563/563/563 564/564/564
f 562/562/562 564/564/564 565/565/565
f 565/565/565 564/564/564 566/566/566
f 562/562/562 567/567/567 563/563/563
f 565/565/565 566/566/566 568/568/568
f 568/568/568 566/566/566 569/569/569
f 568/568/568 569/569/569 570/570/570
f 571/571/571 570/570/570 569/569/569
f 571/571/571 569/569/569 572/572/572
f 573/573/573 563/563/563 567/567/567
f 573/573/573 574/574/574 563/563/563
f 567/567/567 575/575/575 573/573/573
f 567/567/567 576/576/576 575/575/575
f 576/576/576 577/577/577 575/575/575
f 576/576/576 578/578/578 577/577/577
f 579/579/579 580/580/580 581/581/581
f 582/582/582 580/580/580 579/579/579
f 582/582/582 583/583/583 580/580/580
f 579/579/579 581/581/581 584/584/584
f 584/584/584 581/581/581 585/585/585
f 584/584/584 585/585/585 586/586/586
f 586/586/586 585/585/585 587/587/587
f 586/586/586 587/587/587 588/588/588
f 588/588/588 587/587/587 589/589/589
f 588/588/588 589/589/589 590/590/590
f 591/591/591 592/592/592 593/593/593
f 594/594/594 595/595/595 596/596/596
f 594/594/594 596/596/596 597/597/597
f 598/598/598 595/595/595 594/594/594
f 598/598/598 599/599/599 595/595/595
f 600/600/600 599/599/599 598/598/598
f 600/600/600 601/601/601 599/599/599
f 602/602/602 601/601/601 600/600/600
f 602/602/602 603/603/603 601/601/601
f 604/604/604 603/603/603 602/602/602
f 604/604/604 605/605/605 603/603/603
f 606/606/606 605/605/605 604/604/604
f 606/606/606 607/607/607 605/605/605
f 608/608/608 607/607/607 606/606/606
f 608/608/608 609/609/609 607/607/607
f 610/610/610 611/611/611 612/612/612
f 610/610/610 612/612/612 613/613/613
f 614/614/614 611/611/611 610/610/610
f 612/612/612 611/611/611 615/615/615
f 612/612/612 615/615/615 616/616/616
f 614/614/614 617/617/617 611/611/611
f 617/617/617 615/615/615 611/611/611
f 618/618/618 617/617/617 614/614/614
f 619/619/619 616/616/616 615/615/615
f 619/619/619 615/615/615 620/620/620
f 621/621/621 620/620/620 615/615/615
f 621/621/621 615/615/615 622/622/622
f 617/617/617 622/622/622 615/615/615
f 623/623/623 621/621/621 622/622/622
f 618/618/618 624/624/624 617/617/617
f 624/624/624 622/622/622 617/617/617
f 625/625/625 624/624/624 618/618/618
f 623/623/623 622/622/622 626/626/626
f 624/624/624 626/626/626 622/622/622
f 623/623/623 626/626/626 627/627/627
f 625/625/625 628/628/628 624/624/624
f 628/628/628 626/626/626 624/624/624
f 629/629/629 628/628/628 625/625/625
f 627/627/627 626/626/626 630/630/630
f 628/628/628 630/630/630 626/626/626
f 627/627/627 630/630/630 631/631/631
f 629/629/629 632/632/632 628/628/628
f 632/632/632 630/630/630 628/628/628
f 633/633/633 632/632/632 629/629/629
f 631/631/631 630/630/630 634/634/634
f 632/632/632 634/634/634 630/630/630
f 631/631/631 634/634/634 635/635/635
f 633/633/633 636/636/636 632/632/632
f 636/636/636 634/634/634 632/632/632
f 637/637/637 636/636/636 633/633/633
f 637/637/637 638/638/638 636/636/636
f 636/636/636 639/639/639 634/634/634
f 635/635/635 634/634/634 639/639/639
f 638/638/638 639/639/639 636/636/636
f 635/635/635 639/639/639 640/640/640
f 638/638/638 641/641/641 639/639/639
f 640/640/640 639/639/639 641/641/641
f 640/640/640 641/641/641 642/642/642
f 643/643/643 644/644/644 645/645/645
f 646/646/646 644/644/644 643/643/643
f 643/643/643 645/645/645 647/647/647
f 646/646/646 648/648/648 644/644/644
f 647/647/647 645/645/645 649/649/649
f 650/650/650 648/648/648 646/646/646
f 647/647/647 649/649/649 651/651/651
f 650/650/650 652/652/652 648/648/648
f 653/653/653 652/652/652 650/650/650
f 653/653/653 654/654/654 652/652/652
f 651/651/651 649/649/649 655/655/655
f 651/651/651 655/655/655 656/656/656
f 656/656/656 655/655/655 657/657/657
f 656/656/656 657/657/657 658/658/658
f 659/659/659 660/660/660 661/661/661
f 662/662/662 660/660/660 659/659/659
f 659/659/659 661/661/661 663/663/663
f 662/662/662 664/664/664 660/660/660
f 663/663/663 661/661/661 665/665/665
f 663/663/663 665/665/665 666/666/666
f 666/666/666 665/665/665 667/667/667
f 666/666/666 667/667/667 668/668/668
f 669/669/669 668/668/668 667/667/667
f 669/669/669 667/667/667 670/670/670
f 662/662/662 671/671/671 664/664/664
f 672/672/672 664/664/664 671/671/671
f 672/672/672 673/673/673 664/664/664
f 671/671/671 674/674/674 672/672/672
f 671/671/671 675/675/675 674/674/674
f 676/676/676 677/677/677 678/678/678
f 679/679/679 677/677/677 676/676/676
f 676/676/676 678/678/678 680/680/680
f 679/679/679 681/681/681 677/677/677
f 682/682/682 681/681/681 679/679/679
f 682/682/682 683/683/683 681/681/681
f 680/680/680 678/678/678 684/684/684
f 680/680/680 684/684/684 685/685/685
f 685/685/685 684/684/684 686/686/686
f 685/685/685 686/686/686 687/687/687
f 687/687/687 686/686/686 688/688/688
f 687/687/687 688/688/688 689/689/689
f 690/690/690 691/691/691 692/692/692
f 690/690/690 692/692/692 693/693/693
f 692/692/692 691/691/691 694/694/694
f 691/691/691 695/695/695 694/694/694
f 691/691/691 696/696/696 695/695/695
f 695/695/695 697/697/697 694/694/694
f 695/695/695 698/698/698 697/697/697
f 698/698/698 699/699/699 697/697/697
f 698/698/698 700/700/700 699/699/699
f 700/700/700 701/701/701 699/699/699
f 700/700/700 702/702/702 701/701/701
f 702/702/702 703/703/703 701/701/701
f 702/702/702 704/704/704 703/703/703
f 704/704/704 705/705/705 703/703/703
f 704/704/704 706/706/706 705/705/705
f 707/707/707 708/708/708 709/709/709
f 707/707/707 709/709/709 710/710/710
f 708/708/708 711/711/711 709/709/709
f 712/712/712 707/707/707 710/710/710
f 712/712/712 710/710/710 713/713/713
f 714/714/714 707/707/707 712/712/712
f 715/715/715 712/712/712 713/713/713
f 715/715/715 713/713/713 716/716/716
f 715/715/715 716/716/716 717/717/717
f 715/715/715 717/717/717 718/718/718
f 719/719/719 715/715/715 718/718/718
f 715/715/715 719/719/719 712/712/712
f 719/719/719 714/714/714 712/712/712
f 719/719/719 720/720/720 714/714/714
f 714/714/714 720/720/720 721/721/721
f 714/714/714 721/721/721 722/722/722
f 723/723/723 714/714/714 722/722/722
f 714/714/714 723/723/723 707/707/707
f 723/723/723 708/708/708 707/707/707
f 723/723/723 722/722/722 724/724/724
f 725/725/725 723/723/723 724/724/724
f 723/723/723 725/725/725 708/708/708
f 725/725/725 724/724/724 726/726/726
f 725/725/725 727/727/727 708/708/708
f 708/708/708 727/727/727 711/711/711
f 727/727/727 728/728/728 711/711/711
f 727/727/727 729/729/729 728/728/728
f 725/725/725 730/730/730 727/727/727
f 730/730/730 729/729/729 727/727/727
f 730/730/730 725/725/725 726/726/726
f 730/730/730 731/731/731 729/729/729
f 730/730/730 726/726/726 732/732/732
f 731/731/731 730/730/730 732/732/732
f 731/731/731 732/732/732 733/733/733
f 734/734/734 735/735/735 736/736/736
f 734/734/734 736/736/736 737/737/737
f 735/735/735 738/738/738 736/736/736
f 739/739/739 734/734/734 737/737/737
f 735/735/735 740/740/740 738/738/738
f 739/739/739 737/737/737 741/741/741
f 740/740/740 742/742/742 738/738/738
f 743/743/743 739/739/739 741/741/741
f 740/740/740 744/744/744 742/742/742
f 744/744/744 745/745/745 742/742/742
f 744/744/744 746/746/746 745/745/745
f 743/743/743 741/741/741 747/747/747
f 748/748/748 743/743/743 747/747/747
f 748/748/748 747/747/747 749/749/749
f 750/750/750 751/751/751 752/752/752
f 750/750/750 752/752/752 753/753/753
f 754/754/754 750/750/750 753/753/753
f 752/752/752 751/751/751 755/755/755
f 754/754/754 753/753/753 756/756/756
f 757/757/757 754/754/754 756/756/756
f 757/757/757 756/756/756 758/758/758
f 759/759/759 757/757/757 758/758/758
f 759/759/759 760/760/760 757/757/757
f 751/751/751 761/761/761 755/755/755
f 751/751/751 762/762/762 761/761/761
f 755/755/755 761/761/761 763/763/763
f 755/755/755 763/763/763 764/764/764
f 764/764/764 763/763/763 765/765/765
f 764/764/764 765/765/765 766/766/766
f 767/767/767 768/768/768 769/769/769
f 768/768/768 770/770/770 769/769/769
f 768/768/768 771/771/771 770/770/770
f 767/767/767 769/769/769 772/772/772
f 773/773/773 767/767/767 772/772/772
f 773/773/773 772/772/772 774/774/774
f 775/775/775 773/773/773 774/774/774
f 775/775/775 774/774/774 776/776/776
f 777/777/777 775/775/775 776/776/776
f 777/777/777 776/776/776 778/778/778
f 779/779/779 780/780/780 781/781/781
f 779/779/779 781/781/781 782/782/782
f 783/783/783 780/780/780 779/779/779
f 783/783/783 784/784/784 780/780/780
f 785/785/785 784/784/784 783/783/783
f 785/785/785 786/786/786 784/784/784
f 787/787/787 786/786/786 785/785/785
f 787/787/787 788/788/788 786/786/786
f 789/789/789 788/788/788 787/787/787
f 789/789/789 790/790/790 788/788/788
f 791/791/791 790/790/790 789/789/789
f 791/791/791 792/792/792 790/790/790
f 793/793/793 792/792/792 791/791/791
f 793/793/793 794/794/794 792/792/792
f 795/795/795 796/796/796 797/797/797
f 795/795/795 797/797/797 798/798/798
f 799/799/799 796/796/796 795/795/795
f 797/797/797 796/796/796 800/800/800
f 797/797/797 800/800/800 801/801/801
f 799/799/799 802/802/802 796/796/796
f 802/802/802 800/800/800 796/796/796
f 803/803/803 802/802/802 799/799/799
f 804/804/804 801/801/801 800/800/800
f 804/804/804 800/800/800 805/805/805
f 806/806/806 805/805/805 800/800/800
f 806/806/806 800/800/800 807/807/807
f 802/802/802 807/807/807 800/800/800
f 808/808/808 806/806/806 807/807/807
f 803/803/803 809/809/809 802/802/802
f 809/809/809 807/807/807 802/802/802
f 810/810/810 809/809/809 803/803/803
f 808/808/808 807/807/807 811/811/811
f 809/809/809 811/811/811 807/807/807
f 808/808/808 811/811/811 812/812/812
f 810/810/810 813/813/813 809/809/809
f 813/813/813 811/811/811 809/809/809
f 814/814/814 813/813/813 810/810/810
f 812/812/812 811/811/811 815/815/815
f 813/813/813 815/815/815 811/811/811
f 812/812/812 815/815/815 816/816/816
f 814/814/814 817/817/817 813/813/813
f 817/817/817 815/815/815 813/813/813
f 818/818/818 817/817/817 814/814/814
f 816/816/816 815/815/815 819/819/819
f 817/817/817 819/819/819 815/815/815
f 816/816/816 819/819/819 820/820/820
f 818/818/818 821/821/821 817/817/817
f 821/821/821 819/819/819 817/817/817
f 822/822/822 821/821/821 818/818/818
f 822/822/822 823/823/823 821/821/821
f 821/821/821 824/824/824 819/819/819
f 820/820/820 819/819/819 824/824/824
f 823/823/823 824/824/824 821/821/821
f 820/820/820 824/824/824 825/825/825
f 823/823/823 826/826/826 824/824/824
f 825/825/825 824/824/824 826/826/826
f 825/825/825 826/826/826 827/827/827
f 828/828/828 829/829/829 830/830/830
f 831/831/831 829/829/829 828/828/828
f 828/828/828 830/830/830 832/832/832
f 831/831/831 833/833/833 829/829/829
f 832/832/832 830/830/830 834/834/834
f 835/835/835 833/833/833 831/831/831
f 832/832/832 834/834/834 836/836/836
f 835/835/835 837/837/837 833/833/833
f 838/838/838 837/837/837 835/835/835
f 838/838/838 839/839/839 837/837/837
f 836/836/836 834/834/834 840/840/840
f 836/836/836 840/840/840 841/841/841
f 841/841/841 840/840/840 842/842/842
f 841/841/841 842/842/842 843/843/843
f 844/844/844 845/845/845 846/846/846
f 847/847/847 845/845/845 844/844/844
f 844/844/844 846/846/846 848/848/848
f 847/847/847 849/849/849 845/845/845
f 848/848/848 846/846/846 850/850/850
f 848/848/848 850/850/850 851/851/851
f 851/851/851 850/850/850 852/852/852
f 851/851/851 852/852/852 853/853/853
f 854/854/854 853/853/853 852/852/852
f 854/854/854 852/852/852 855/855/855
f 847/847/847 856/856/856 849/849/849
f 857/857/857 849/849/849 856/856/856
f 857/857/857 858/858/858 849/849/849
f 856/856/856 859/859/859 857/857/857
f 856/856/856 860/860/860 859/859/859
f 861/861/861 862/862/862 863/863/863
f 864/864/864 862/862/862 861/861/861
f 861/861/861 863/863/863 865/865/865
f 864/864/864 866/866/866 862/862/862
f 867/867/867 866/866/866 864/864/864
f 867/867/867 868/868/868 866/866/866
f 865/865/865 863/863/863 869/869/869
f 865/865/865 869/869/869 870/870/870
f 870/870/870 869/869/869 871/871/871
f 870/870/870 871/871/871 872/872/872
f 872/872/872 871/871/871 873/873/873
f 872/872/872 873/873/873 874/874/874
f 875/875/875 876/876/876 877/877/877
f 875/875/875 877/877/877 878/878/878
f 877/877/877 876/876/876 879/879/879
f 876/876/876 880/880/880 879/879/879
f 880/880/880 881/881/881 879/879/879
f 880/880/880 882/882/882 881/881/881
f 882/882/882 883/883/883 881/881/881
f 882/882/882 884/884/884 883/883/883
f 884/884/884 885/885/885 883/883/883
f 884/884/884 886/886/886 885/885/885
f 886/886/886 887/887/887 885/885/885
f 886/886/886 888/888/888 887/887/887
f 888/888/888 889/889/889 887/887/887
f 888/888/888 890/890/890 889/889/889
f 891/891/891 892/892/892 893/893/893
f 891/891/891 893/893/893 894/894/894
f 892/892/892 895/895/895 893/893/893
f 896/896/896 891/891/891 894/894/894
f 896/896/896 894/894/894 897/897/897
f 898/898/898 891/891/891 896/896/896
f 899/899/899 896/896/896 897/897/897
f 899/899/899 897/897/897 900/900/900
f 899/899/899 900/900/900 901/901/901
f 899/899/899 901/901/901 902/902/902
f 903/903/903 899/899/899 902/902/902
f 899/899/899 903/903/903 896/896/896
f 903/903/903 898/898/898 896/896/896
f 903/903/903 904/904/904 898/898/898
f 898/898/898 904/904/904 905/905/905
f 898/898/898 905/905/905 906/906/906
f 907/907/907 898/898/898 906/906/906
f 898/898/898 907/907/907 891/891/891
f 907/907/907 892/892/892 891/891/891
f 907/907/907 906/906/906 908/908/908
f 909/909/909 907/907/907 908/908/908
f 907/907/907 909/909/909 892/892/892
f 909/909/909 908/908/908 910/910/910
f 909/909/909 911/911/911 892/892/892
f 892/892/892 911/911/911 895/895/895
f 911/911/911 912/912/912 895/895/895
f 911/911/911 913/913/913 912/912/912
f 909/909/909 914/914/914 911/911/911
f 914/914/914 913/913/913 911/911/911
f 914/914/914 909/909/909 910/910/910
f 914/914/914 915/915/915 913/913/913
f 914/914/914 910/910/910 916/916/916
f 915/915/915 914/914/914 916/916/916
f 915/915/915 916/916/916 917/917/917
f 918/918/918 919/919/919 920/920/920
f 918/918/918 920/920/920 921/921/921
f 919/919/919 922/922/922 920/920/920
f 923/923/923 918/918/918 921/921/921
f 919/919/919 924/924/924 922/922/922
f 923/923/923 921/921/921 925/925/925
f 924/924/924 926/926/926 922/922/922
f 927/927/927 923/923/923 925/925/925
f 924/924/924 928/928/928 926/926/926
f 928/928/928 929/929/929 926/926/926
f 928/928/928 930/930/930 929/929/929
f 927/927/927 925/925/925 931/931/931
f 932/932/932 927/927/927 931/931/931
f 932/932/932 931/931/931 933/933/933
f 934/934/934 935/935/935 936/936/936
f 934/934/934 936/936/936 937/937/937
f 938/938/938 934/934/934 937/937/937
f 936/936/936 935/935/935 939/939/939
f 938/938/938 937/937/937 940/940/940
f 941/941/941 938/938/938 940/940/940
f 941/941/941 940/940/940 942/942/942
f 943/943/943 941/941/941 942/942/942
f 943/943/943 944/944/944 941/941/941
f 935/935/935 945/945/945 939/939/939
f 935/935/935 946/946/946 945/945/945
f 939/939/939 945/945/945 947/947/947
f 939/939/939 947/947/947 948/948/948
f 948/948/948 947/947/947 949/949/949
f 948/948/948 949/949/949 950/950/950
f 951/951/951 952/952/952 953/953/953
f 952/952/952 954/954/954 953/953/953
f 952/952/952 955/955/955 954/954/954
f 951/951/951 953/953/953 956/956/956
f 957/957/957 951/951/951 956/956/956
f 957/957/957 956/956/956 958/958/958
f 959/959/959 957/957/957 958/958/958
f 959/959/959 958/958/958 960/960/960
f 961/961/961 959/959/959 960/960/960
f 961/961/961 960/960/960 962/962/962
f 963/963/963 964/964/964 965/965/965
f 966/966/966 967/967/967 968/968/968
f 966/966/966 968/968/968 969/969/969
f 967/967/967 970/970/970 968/968/968
f 967/967/967 971/971/971 970/970/970
f 971/971/971 972/972/972 970/970/970
f 971/971/971 973/973/973 972/972/972
f 973/973/973 974/974/974 972/972/972
f 973/973/973 975/975/975 974/974/974
f 975/975/975 976/976/976 974/974/974
f 975/975/975 977/977/977 976/976/976
f 977/977/977 978/978/978 976/976/976
f 977/977/977 979/979/979 978/978/978
f 979/979/979 980/980/980 978/978/978
f 979/979/979 981/981/981 980/980/980
f 982/982/982 983/983/983 984/984/984
f 982/982/982 984/984/984 985/985/985
f 983/983/983 986/986/986 984/984/984
f 987/987/987 983/983/983 982/982/982
f 987/987/987 982/982/982 988/988/988
f 983/983/983 989/989/989 986/986/986
f 987/987/987 989/989/989 983/983/983
f 989/989/989 990/990/990 986/986/986
f 987/987/987 988/988/988 991/991/991
f 987/987/987 991/991/991 992/992/992
f 987/987/987 992/992/992 993/993/993
f 987/987/987 993/993/993 994/994/994
f 987/987/987 994/994/994 989/989/989
f 995/995/995 994/994/994 993/993/993
f 989/989/989 996/996/996 990/990/990
f 994/994/994 996/996/996 989/989/989
f 996/996/996 997/997/997 990/990/990
f 998/998/998 994/994/994 995/995/995
f 994/994/994 998/998/998 996/996/996
f 998/998/998 995/995/995 999/999/999
f 996/996/996 1000/1000/1000 997/997/997
f 998/998/998 1000/1000/1000 996/996/996
f 1000/1000/1000 1001/1001/1001 997/997/997
f 1002/1002/1002 998/998/998 999/999/999
f 998/998/998 1002/1002/1002 1000/1000/1000
f 1002/1002/1002 999/999/999 1003/1003/1003
f 1000/1000/1000 1004/1004/1004 1001/1001/1001
f 1002/1002/1002 1004/1004/1004 1000/1000/1000
f 1004/1004/1004 1005/1005/1005 1001/1001/1001
f 1006/1006/1006 1002/1002/1002 1003/1003/1003
f 1002/1002/1002 1006/1006/1006 1004/1004/1004
f 1006/1006/1006 1003/1003/1003 1007/1007/1007
f 1004/1004/1004 1008/1008/1008 1005/1005/1005
f 1006/1006/1006 1008/1008/1008 1004/1004/1004
f 1008/1008/1008 1009/1009/1009 1005/1005/1005
f 1008/1008/1008 1010/1010/1010 1009/1009/1009
f 1006/1006/1006 1011/1011/1011 1008/1008/1008
f 1011/1011/1011 1010/1010/1010 1008/1008/1008
f 1011/1011/1011 1006/1006/1006 1007/1007/1007
f 1011/1011/1011 1012/1012/1012 1010/1010/1010
f 1011/1011/1011 1007/1007/1007 1013/1013/1013
f 1012/1012/1012 1011/1011/1011 1013/1013/1013
f 1012/1012/1012 1013/1013/1013 1014/1014/1014
f 1015/1015/1015 1016/1016/1016 1017/1017/1017
f 1015/1015/1015 1017/1017/1017 1018/1018/1018
f 1016/1016/1016 1019/1019/1019 1017/1017/1017
f 1020/1020/1020 1015/1015/1015 1018/1018/1018
f 1016/1016/1016 1021/1021/1021 1019/1019/1019
f 1020/1020/1020 1018/1018/1018 1022/1022/1022
f 1021/1021/1021 1023/1023/1023 1019/1019/1019
f 1024/1024/1024 1020/1020/1020 1022/1022/1022
f 1021/1021/1021 1025/1025/1025 1023/1023/1023
f 1025/1025/1025 1026/1026/1026 1023/1023/1023
f 1025/1025/1025 1027/1027/1027 1026/1026/1026
f 1024/1024/1024 1022/1022/1022 1028/1028/1028
f 1029/1029/1029 1024/1024/1024 1028/1028/1028
f 1029/1029/1029 1028/1028/1028 1030/1030/1030
f 1031/1031/1031 1032/1032/1032 1033/1033/1033
f 1031/1031/1031 1033/1033/1033 1034/1034/1034
f 1032/1032/1032 1035/1035/1035 1033/1033/1033
f 1036/1036/1036 1031/1031/1031 1034/1034/1034
f 1032/1032/1032 1037/1037/1037 1035/1035/1035
f 1036/1036/1036 1034/1034/1034 1038/1038/1038
f 1039/1039/1039 1036/1036/1036 1038/1038/1038
f 1039/1039/1039 1038/1038/1038 1040/1040/1040
f 1041/1041/1041 1039/1039/1039 1040/1040/1040
f 1041/1041/1041 1042/1042/1042 1039/1039/1039
f 1035/1035/1035 1037/1037/1037 1043/1043/1043
f 1037/1037/1037 1044/1044/1044 1043/1043/1043
f 1037/1037/1037 1045/1045/1045 1044/1044/1044
f 1043/1043/1043 1044/1044/1044 1046/1046/1046
f 1043/1043/1043 1046/1046/1046 1047/1047/1047
f 1048/1048/1048 1049/1049/1049 1050/1050/1050
f 1048/1048/1048 1050/1050/1050 1051/1051/1051
f 1049/1049/1049 1052/1052/1052 1050/1050/1050
f 1053/1053/1053 1048/1048/1048 1051/1051/1051
f 1049/1049/1049 1054/1054/1054 1052/1052/1052
f 1054/1054/1054 1055/1055/1055 1052/1052/1052
f 1054/1054/1054 1056/1056/1056 1055/1055/1055
f 1053/1053/1053 1051/1051/1051 1057/1057/1057
f 1058/1058/1058 1053/1053/1053 1057/1057/1057
f 1058/1058/1058 1057/1057/1057 1059/1059/1059
f 1060/1060/1060 1058/1058/1058 1059/1059/1059
f 1060/1060/1060 1059/1059/1059 1061/1061/1061
f 1062/1062/1062 1063/1063/1063 1064/1064/1064
f 1062/1062/1062 1064/1064/1064 1065/1065/1065
f 1062/1062/1062 1066/1066/1066 1063/1063/1063
f 1067/1067/1067 1063/1063/1063 1066/1066/1066
f 1068/1068/1068 1067/1067/1067 1066/1066/1066
f 1068/1068/1068 1069/1069/1069 1067/1067/1067
f 1070/1070/1070 1069/1069/1069 1068/1068/1068
f 1070/1070/1070 1071/1071/1071 1069/1069/1069
f 1072/1072/1072 1071/1071/1071 1070/1070/1070
f 1072/1072/1072 1073/1073/1073 1071/1071/1071
f 1074/1074/1074 1073/1073/1073 1072/1072/1072
f 1074/1074/1074 1075/1075/1075 1073/1073/1073
f 1076/1076/1076 1075/1075/1075 1074/1074/1074
f 1076/1076/1076 1077/1077/1077 1075/1075/1075
f 1078/1078/1078 1079/1079/1079 1080/1080/1080
f 1081/1081/1081 1079/1079/1079 1078/1078/1078
f 1078/1078/1078 1080/1080/1080 1082/1082/1082
f 1081/1081/1081 1083/1083/1083 1079/1079/1079
f 1084/1084/1084 1083/1083/1083 1081/1081/1081
f 1084/1084/1084 1085/1085/1085 1083/1083/1083
f 1082/1082/1082 1080/1080/1080 1086/1086/1086
f 1082/1082/1082 1086/1086/1086 1087/1087/1087
f 1080/1080/1080 1088/1088/1088 1086/1086/1086
f 1085/1085/1085 1089/1089/1089 1083/1083/1083
f 1085/1085/1085 1090/1090/1090 1089/1089/1089
f 1091/1091/1091 1089/1089/1089 1090/1090/1090
f 1091/1091/1091 1090/1090/1090 1092/1092/1092
f 1093/1093/1093 1089/1089/1089 1091/1091/1091
f 1083/1083/1083 1089/1089/1089 1094/1094/1094
f 1093/1093/1093 1094/1094/1094 1089/1089/1089
f 1083/1083/1083 1094/1094/1094 1079/1079/1079
f 1095/1095/1095 1094/1094/1094 1093/1093/1093
f 1079/1079/1079 1096/1096/1096 1080/1080/1080
f 1079/1079/1079 1094/1094/1094 1096/1096/1096
f 1095/1095/1095 1096/1096/1096 1094/1094/1094
f 1097/1097/1097 1096/1096/1096 1095/1095/1095
f 1080/1080/1080 1096/1096/1096 1088/1088/1088
f 1097/1097/1097 1088/1088/1088 1096/1096/1096
f 1098/1098/1098 1088/1088/1088 1097/1097/1097
f 1098/1098/1098 1099/1099/1099 1088/1088/1088
f 1088/1088/1088 1099/1099/1099 1100/1100/1100
f 1088/1088/1088 1100/1100/1100 1086/1086/1086
f 1101/1101/1101 1086/1086/1086 1100/1100/1100
f 1087/1087/1087 1086/1086/1086 1101/1101/1101
f 1100/1100/1100 1102/1102/1102 1101/1101/1101
f 1087/1087/1087 1101/1101/1101 1103/1103/1103
f 1104/1104/1104 1101/1101/1101 1102/1102/1102
f 1104/1104/1104 1103/1103/1103 1101/1101/1101
f 1105/1105/1105 1106/1106/1106 1107/1107/1107
f 1108/1108/1108 1106/1106/1106 1105/1105/1105
f 1105/1105/1105 1107/1107/1107 1109/1109/1109
f 1108/1108/1108 1110/1110/1110 1106/1106/1106
f 1109/1109/1109 1107/1107/1107 1111/1111/1111
f 1112/1112/1112 1110/1110/1110 1108/1108/1108
f 1109/1109/1109 1111/1111/1111 1113/1113/1113
f 1112/1112/1112 1114/1114/1114 1110/1110/1110
f 1115/1115/1115 1114/1114/1114 1112/1112/1112
f 1115/1115/1115 1116/1116/1116 1114/1114/1114
f 1113/1113/1113 1111/1111/1111 1117/1117/1117
f 1113/1113/1113 1117/1117/1117 1118/1118/1118
f 1118/1118/1118 1117/1117/1117 1119/1119/1119
f 1118/1118/1118 1119/1119/1119 1120/1120/1120
f 1121/1121/1121 1122/1122/1122 1123/1123/1123
f 1121/1121/1121 1123/1123/1123 1124/1124/1124
f 1124/1124/1124 1123/1123/1123 1125/1125/1125
f 1121/1121/1121 1126/1126/1126 1122/1122/1122
f 1124/1124/1124 1125/1125/1125 1127/1127/1127
f 1127/1127/1127 1125/1125/1125 1128/1128/1128
f 1127/1127/1127 1128/1128/1128 1129/1129/1129
f 1130/1130/1130 1129/1129/1129 1128/1128/1128
f 1130/1130/1130 1128/1128/1128 1131/1131/1131
f 1132/1132/1132 1122/1122/1122 1126/1126/1126
f 1132/1132/1132 1133/1133/1133 1122/1122/1122
f 1126/1126/1126 1134/1134/1134 1132/1132/1132
f 1126/1126/1126 1135/1135/1135 1134/1134/1134
f 1135/1135/1135 1136/1136/1136 1134/1134/1134
f 1135/1135/1135 1137/1137/1137 1136/1136/1136
f 1138/1138/1138 1139/1139/1139 1140/1140/1140
f 1141/1141/1141 1139/1139/1139 1138/1138/1138
f 1141/1141/1141 1142/1142/1142 1139/1139/1139
f 1138/1138/1138 1140/1140/1140 1143/1143/1143
f 1143/1143/1143 1140/1140/1140 1144/1144/1144
f 1143/1143/1143 1144/1144/1144 1145/1145/1145
f 1145/1145/1145 1144/1144/1144 1146/1146/1146
f 1145/1145/1145 1146/1146/1146 1147/1147/1147
f 1147/1147/1147 1146/1146/1146 1148/1148/1148
f 1147/1147/1147 1148/1148/1148 1149/1149/1149
f 1150/1150/1150 1151/1151/1151 1152/1152/1152
f 1153/1153/1153 1154/1154/1154 1155/1155/1155
f 1153/1153/1153 1155/1155/1155 1156/1156/1156
f 1157/1157/1157 1154/1154/1154 1153/1153/1153
f 1157/1157/1157 1158/1158/1158 1154/1154/1154
f 1159/1159/1159 1158/1158/1158 1157/1157/1157
f 1159/1159/1159 1160/1160/1160 1158/1158/1158
f 1161/1161/1161 1160/1160/1160 1159/1159/1159
f 1161/1161/1161 1162/1162/1162 1160/1160/1160
f 1163/1163/1163 1162/1162/1162 1161/1161/1161
f 1163/1163/1163 1164/1164/1164 1162/1162/1162
f 1165/1165/1165 1164/1164/1164 1163/1163/1163
f 1165/1165/1165 1166/1166/1166 1164/1164/1164
f 1167/1167/1167 1166/1166/1166 1165/1165/1165
f 1167/1167/1167 1168/1168/1168 1166/1166/1166
f 1169/1169/1169 1170/1170/1170 1171/1171/1171
f 1169/1169/1169 1171/1171/1171 1172/1172/1172
f 1173/1173/1173 1170/1170/1170 1169/1169/1169
f 1171/1171/1171 1170/1170/1170 1174/1174/1174
f 1171/1171/1171 1174/1174/1174 1175/1175/1175
f 1173/1173/1173 1176/1176/1176 1170/1170/1170
f 1176/1176/1176 1174/1174/1174 1170/1170/1170
f 1177/1177/1177 1176/1176/1176 1173/1173/1173
f 1178/1178/1178 1175/1175/1175 1174/1174/1174
f 1178/1178/1178 1174/1174/1174 1179/1179/1179
f 1180/1180/1180 1179/1179/1179 1174/1174/1174
f 1180/1180/1180 1174/1174/1174 1181/1181/1181
f 1176/1176/1176 1181/1181/1181 1174/1174/1174
f 1182/1182/1182 1180/1180/1180 1181/1181/1181
f 1177/1177/1177 1183/1183/1183 1176/1176/1176
f 1183/1183/1183 1181/1181/1181 1176/1176/1176
f 1184/1184/1184 1183/1183/1183 1177/1177/1177
f 1182/1182/1182 1181/1181/1181 1185/1185/1185
f 1183/1183/1183 1185/1185/1185 1181/1181/1181
f 1182/1182/1182 1185/1185/1185 1186/1186/1186
f 1184/1184/1184 1187/1187/1187 1183/1183/1183
f 1187/1187/1187 1185/1185/1185 1183/1183/1183
f 1188/1188/1188 1187/1187/1187 1184/1184/1184
f 1186/1186/1186 1185/1185/1185 1189/1189/1189
f 1187/1187/1187 1189/1189/1189 1185/1185/1185
f 1186/1186/1186 1189/1189/1189 1190/1190/1190
f 1188/1188/1188 1191/1191/1191 1187/1187/1187
f 1191/1191/1191 1189/1189/1189 1187/1187/1187
f 1192/1192/1192 1191/1191/1191 1188/1188/1188
f 1190/1190/1190 1189/1189/1189 1193/1193/1193
f 1191/1191/1191 1193/1193/1193 1189/1189/1189
f 1190/1190/1190 1193/1193/1193 1194/1194/1194
f 1192/1192/1192 1195/1195/1195 1191/1191/1191
f 1195/1195/1195 1193/1193/1193 1191/1191/1191
f 1196/1196/1196 1195/1195/1195 1192/1192/1192
f 1196/1196/1196 1197/1197/1197 1195/1195/1195
f 1195/1195/1195 1198/1198/1198 1193/1193/1193
f 1194/1194/1194 1193/1193/1193 1198/1198/1198
f 1197/1197/1197 1198/1198/1198 1195/1195/1195
f 1194/1194/1194 1198/1198/1198 1199/1199/1199
f 1197/1197/1197 1200/1200/1200 1198/1198/1198
f 1199/1199/1199 1198/1198/1198 1200/1200/1200
f 1199/1199/1199 1200/1200/1200 1201/1201/1201
f 1202/1202/1202 1203/1203/1203 1204/1204/1204
f 1205/1205/1205 1203/1203/1203 1202/1202/1202
f 1202/1202/1202 1204/1204/1204 1206/1206/1206
f 1205/1205/1205 1207/1207/1207 1203/1203/1203
f 1206/1206/1206 1204/1204/1204 1208/1208/1208
f 1209/1209/1209 1207/1207/1207 1205/1205/1205
f 1206/1206/1206 1208/1208/1208 1210/1210/1210
f 1209/1209/1209 1211/1211/1211 1207/1207/1207
f 1212/1212/1212 1211/1211/1211 1209/1209/1209
f 1212/1212/1212 1213/1213/1213 1211/1211/1211
f 1210/1210/1210 1208/1208/1208 1214/1214/1214
f 1210/1210/1210 1214/1214/1214 1215/1215/1215
f 1215/1215/1215 1214/1214/1214 1216/1216/1216
f 1215/1215/1215 1216/1216/1216 1217/1217/1217
f 1218/1218/1218 1219/1219/1219 1220/1220/1220
f 1221/1221/1221 1219/1219/1219 1218/1218/1218
f 1218/1218/1218 1220/1220/1220 1222/1222/1222
f 1221/1221/1221 1223/1223/1223 1219/1219/1219
f 1222/1222/1222 1220/1220/1220 1224/1224/1224
f 1222/1222/1222 1224/1224/1224 1225/1225/1225
f 1225/1225/1225 1224/1224/1224 1226/1226/1226
f 1225/1225/1225 1226/1226/1226 1227/1227/1227
f 1228/1228/1228 1227/1227/1227 1226/1226/1226
f 1228/1228/1228 1226/1226/1226 1229/1229/1229
f 1221/1221/1221 1230/1230/1230 1223/1223/1223
f 1231/1231/1231 1223/1223/1223 1230/1230/1230
f 1231/1231/1231 1232/1232/1232 1223/1223/1223
f 1230/1230/1230 1233/1233/1233 1231/1231/1231
f 1230/1230/1230 1234/1234/1234 1233/1233/1233
f 1235/1235/1235 1236/1236/1236 1237/1237/1237
f 1238/1238/1238 1236/1236/1236 1235/1235/1235
f 1235/1235/1235 1237/1237/1237 1239/1239/1239
f 1238/1238/1238 1240/1240/1240 1236/1236/1236
f 1241/1241/1241 1240/1240/1240 1238/1238/1238
f 1241/1241/1241 1242/1242/1242 1240/1240/1240
f 1239/1239/1239 1237/1237/1237 1243/1243/1243
f 1239/1239/1239 1243/1243/1243 1244/1244/1244
f 1244/1244/1244 1243/1243/1243 1245/1245/1245
f 1244/1244/1244 1245/1245/1245 1246/1246/1246
f 1246/1246/1246 1245/1245/1245 1247/1247/1247
f 1246/1246/1246 1247/1247/1247 1248/1248/1248
f 1249/1249/1249 1250/1250/1250 1251/1251/1251
f 1249/1249/1249 1251/1251/1251 1252/1252/1252
f 1251/1251/1251 1250/1250/1250 1253/1253/1253
f 1250/1250/1250 1254/1254/1254 1253/1253/1253
f 1254/1254/1254 1255/1255/1255 1253/1253/1253
f 1254/1254/1254 1256/1256/1256 1255/1255/1255
f 1256/1256/1256 1257/1257/1257 1255/1255/1255
f 1256/1256/1256 1258/1258/1258 1257/1257/1257
f 1258/1258/1258 1259/1259/1259 1257/1257/1257
f 1258/1258/1258 1260/1260/1260 1259/1259/1259
f 1260/1260/1260 1261/1261/1261 1259/1259/1259
f 1260/1260/1260 1262/1262/1262 1261/1261/1261
f 1262/1262/1262 1263/1263/1263 1261/1261/1261
f 1262/1262/1262 1264/1264/1264 1263/1263/1263
f 1265/1265/1265 1266/1266/1266 1267/1267/1267
f 1265/1265/1265 1267/1267/1267 1268/1268/1268
f 1266/1266/1266 1269/1269/1269 1267/1267/1267
f 1270/1270/1270 1265/1265/1265 1268/1268/1268
f 1270/1270/1270 1268/1268/1268 1271/1271/1271
f 1272/1272/1272 1265/1265/1265 1270/1270/1270
f 1273/1273/1273 1270/1270/1270 1271/1271/1271
f 1273/1273/1273 1271/1271/1271 1274/1274/1274
f 1273/1273/1273 1275/1275/1275 1270/1270/1270
f 1275/1275/1275 1272/1272/1272 1270/1270/1270
f 1276/1276/1276 1273/1273/1273 1274/1274/1274
f 1276/1276/1276 1275/1275/1275 1273/1273/1273
f 1276/1276/1276 1274/1274/1274 1277/1277/1277
f 1275/1275/1275 1278/1278/1278 1272/1272/1272
f 1272/1272/1272 1278/1278/1278 1279/1279/1279
f 1272/1272/1272 1279/1279/1279 1280/1280/1280
f 1281/1281/1281 1272/1272/1272 1280/1280/1280
f 1272/1272/1272 1281/1281/1281 1265/1265/1265
f 1281/1281/1281 1266/1266/1266 1265/1265/1265
f 1281/1281/1281 1280/1280/1280 1282/1282/1282
f 1283/1283/1283 1281/1281/1281 1282/1282/1282
f 1281/1281/1281 1283/1283/1283 1266/1266/1266
f 1283/1283/1283 1282/1282/1282 1284/1284/1284
f 1283/1283/1283 1285/1285/1285 1266/1266/1266
f 1266/1266/1266 1285/1285/1285 1269/1269/1269
f 1285/1285/1285 1286/1286/1286 1269/1269/1269
f 1285/1285/1285 1287/1287/1287 1286/1286/1286
f 1283/1283/1283 1288/1288/1288 1285/1285/1285
f 1288/1288/1288 1287/1287/1287 1285/1285/1285
f 1288/1288/1288 1283/1283/1283 1284/1284/1284
f 1288/1288/1288 1289/1289/1289 1287/1287/1287
f 1288/1288/1288 1284/1284/1284 1290/1290/1290
f 1289/1289/1289 1288/1288/1288 1290/1290/1290
f 1289/1289/1289 1290/1290/1290 1291/1291/1291
f 1292/1292/1292 1293/1293/1293 1294/1294/1294
f 1292/1292/1292 1294/1294/1294 1295/1295/1295
f 1293/1293/1293 1296/1296/1296 1294/1294/1294
f 1297/1297/1297 1292/1292/1292 1295/1295/1295
f 1293/1293/1293 1298/1298/1298 1296/1296/1296
f 1297/1297/1297 1295/1295/1295 1299/1299/1299
f 1298/1298/1298 1300/1300/1300 1296/1296/1296
f 1301/1301/1301 1297/1297/1297 1299/1299/1299
f 1298/1298/1298 1302/1302/1302 1300/1300/1300
f 1302/1302/1302 1303/1303/1303 1300/1300/1300
f 1302/1302/1302 1304/1304/1304 1303/1303/1303
f 1301/1301/1301 1299/1299/1299 1305/1305/1305
f 1306/1306/1306 1301/1301/1301 1305/1305/1305
f 1306/1306/1306 1305/1305/1305 1307/1307/1307
f 1308/1308/1308 1309/1309/1309 1310/1310/1310
f 1308/1308/1308 1310/1310/1310 1311/1311/1311
f 1312/1312/1312 1308/1308/1308 1311/1311/1311
f 1310/1310/1310 1309/1309/1309 1313/1313/1313
f 1312/1312/1312 1311/1311/1311 1314/1314/1314
f 1315/1315/1315 1312/1312/1312 1314/1314/1314
f 1315/1315/1315 1314/1314/1314 1316/1316/1316
f 1317/1317/1317 1315/1315/1315 1316/1316/1316
f 1317/1317/1317 1318/1318/1318 1315/1315/1315
f 1309/1309/1309 1319/1319/1319 1313/1313/1313
f 1309/1309/1309 1320/1320/1320 1319/1319/1319
f 1313/1313/1313 1319/1319/1319 1321/1321/1321
f 1313/1313/1313 1321/1321/1321 1322/1322/1322
f 1322/1322/1322 1321/1321/1321 1323/1323/1323
f 1322/1322/1322 1323/1323/1323 1324/1324/1324
f 1325/1325/1325 1326/1326/1326 1327/1327/1327
f 1326/1326/1326 1328/1328/1328 1327/1327/1327
f 1326/1326/1326 1329/1329/1329 1328/1328/1328
f 1325/1325/1325 1327/1327/1327 1330/1330/1330
f 1331/1331/1331 1325/1325/1325 1330/1330/1330
f 1331/1331/1331 1330/1330/1330 1332/1332/1332
f 1333/1333/1333 1331/1331/1331 1332/1332/1332
f 1333/1333/1333 1332/1332/1332 1334/1334/1334
f 1335/1335/1335 1333/1333/1333 1334/1334/1334
f 1335/1335/1335 1334/1334/1334 1336/1336/1336
f 1337/1337/1337 1338/1338/1338 1339/1339/1339
f 1340/1340/1340 1341/1341/1341 1342/1342/1342
f 1340/1340/1340 1342/1342/1342 1343/1343/1343
f 1341/1341/1341 1344/1344/1344 1342/1342/1342
f 1341/1341/1341 1345/1345/1345 1344/1344/1344
f 1345/1345/1345 1346/1346/1346 1344/1344/1344
f 1345/1345/1345 1347/1347/1347 1346/1346/1346
f 1347/1347/1347 1348/1348/1348 1346/1346/1346
f 1347/1347/1347 1349/1349/1349 1348/1348/1348
f 1349/1349/1349 1350/1350/1350 1348/1348/1348
f 1349/1349/1349 1351/1351/1351 1350/1350/1350
f 1351/1351/1351 1352/1352/1352 1350/1350/1350
f 1351/1351/1351 1353/1353/1353 1352/1352/1352
f 1353/1353/1353 1354/1354/1354 1352/1352/1352
f 1353/1353/1353 1355/1355/1355 1354/1354/1354
f 1356/1356/1356 1357/1357/1357 1358/1358/1358
f 1356/1356/1356 1358/1358/1358 1359/1359/1359
f 1357/1357/1357 1360/1360/1360 1358/1358/1358
f 1361/1361/1361 1357/1357/1357 1356/1356/1356
f 1361/1361/1361 1356/1356/1356 1362/1362/1362
f 1357/1357/1357 1363/1363/1363 1360/1360/1360
f 1361/1361/1361 1363/1363/1363 1357/1357/1357
f 1363/1363/1363 1364/1364/1364 1360/1360/1360
f 1361/1361/1361 1362/1362/1362 1365/1365/1365
f 1361/1361/1361 1365/1365/1365 1366/1366/1366
f 1361/1361/1361 1366/1366/1366 1367/1367/1367
f 1361/1361/1361 1367/1367/1367 1368/1368/1368
f 1361/1361/1361 1368/1368/1368 1363/1363/1363
f 1369/1369/1369 1368/1368/1368 1367/1367/1367
f 1363/1363/1363 1370/1370/1370 1364/1364/1364
f 1368/1368/1368 1370/1370/1370 1363/1363/1363
f 1370/1370/1370 1371/1371/1371 1364/1364/1364
f 1372/1372/1372 1368/1368/1368 1369/1369/1369
f 1368/1368/1368 1372/1372/1372 1370/1370/1370
f 1372/1372/1372 1369/1369/1369 1373/1373/1373
f 1370/1370/1370 1374/1374/1374 1371/1371/1371
f 1372/1372/1372 1374/1374/1374 1370/1370/1370
f 1374/1374/1374 1375/1375/1375 1371/1371/1371
f 1376/1376/1376 1372/1372/1372 1373/1373/1373
f 1372/1372/1372 1376/1376/1376 1374/1374/1374
f 1376/1376/1376 1373/1373/1373 1377/1377/1377
f 1374/1374/1374 1378/1378/1378 1375/1375/1375
f 1376/1376/1376 1378/1378/1378 1374/1374/1374
f 1378/1378/1378 1379/1379/1379 1375/1375/1375
f 1380/1380/1380 1376/1376/1376 1377/1377/1377
f 1376/1376/1376 1380/1380/1380 1378/1378/1378
f 1380/1380/1380 1377/1377/1377 1381/1381/1381
f 1378/1378/1378 1382/1382/1382 1379/1379/1379
f 1380/1380/1380 1382/1382/1382 1378/1378/1378
f 1382/1382/1382 1383/1383/1383 1379/1379/1379
f 1382/1382/1382 1384/1384/1384 1383/1383/1383
f 1380/1380/1380 1385/1385/1385 1382/1382/1382
f 1385/1385/1385 1384/1384/1384 1382/1382/1382
f 1385/1385/1385 1380/1380/1380 1381/1381/1381
f 1385/1385/1385 1386/1386/1386 1384/1384/1384
f 1385/1385/1385 1381/1381/1381 1387/1387/1387
f 1386/1386/1386 1385/1385/1385 1387/1387/1387
f 1386/1386/1386 1387/1387/1387 1388/1388/1388
f 1389/1389/1389 1390/1390/1390 1391/1391/1391
f 1389/1389/1389 1391/1391/1391 1392/1392/1392
f 1390/1390/1390 1393/1393/1393 1391/1391/1391
f 1394/1394/1394 1389/1389/1389 1392/1392/1392
f 1390/1390/1390 1395/1395/1395 1393/1393/1393
f 1394/1394/1394 1392/1392/1392 1396/1396/1396
f 1395/1395/1395 1397/1397/1397 1393/1393/1393
f 1398/1398/1398 1394/1394/1394 1396/1396/1396
f 1395/1395/1395 1399/1399/1399 1397/1397/1397
f 1399/1399/1399 1400/1400/1400 1397/1397/1397
f 1399/1399/1399 1401/1401/1401 1400/1400/1400
f 1398/1398/1398 1396/1396/1396 1402/1402/1402
f 1403/1403/1403 1398/1398/1398 1402/1402/1402
f 1403/1403/1403 1402/1402/1402 1404/1404/1404
f 1405/1405/1405 1406/1406/1406 1407/1407/1407
f 1405/1405/1405 1407/1407/1407 1408/1408/1408
f 1406/1406/1406 1409/1409/1409 1407/1407/1407
f 1410/1410/1410 1405/1405/1405 1408/1408/1408
f 1406/1406/1406 1411/1411/1411 1409/1409/1409
f 1410/1410/1410 1408/1408/1408 1412/1412/1412
f 1413/1413/1413 1410/1410/1410 1412/1412/1412
f 1413/1413/1413 1412/1412/1412 1414/1414/1414
f 1415/1415/1415 1413/1413/1413 1414/1414/1414
f 1415/1415/1415 1416/1416/1416 1413/1413/1413
f 1409/1409/1409 1411/1411/1411 1417/1417/1417
f 1411/1411/1411 1418/1418/1418 1417/1417/1417
f 1411/1411/1411 1419/1419/1419 1418/1418/1418
f 1417/1417/1417 1418/1418/1418 1420/1420/1420
f 1417/1417/1417 1420/1420/1420 1421/1421/1421
f 1422/1422/1422 1423/1423/1423 1424/1424/1424
f 1422/1422/1422 1424/1424/1424 1425/1425/1425
f 1423/1423/1423 1426/1426/1426 1424/1424/1424
f 1427/1427/1427 1422/1422/1422 1425/1425/1425
f 1423/1423/1423 1428/1428/1428 1426/1426/1426
f 1428/1428/1428 1429/1429/1429 1426/1426/1426
f 1428/1428/1428 1430/1430/1430 1429/1429/1429
f 1427/1427/1427 1425/1425/1425 1431/1431/1431
f 1432/1432/1432 1427/1427/1427 1431/1431/1431
f 1432/1432/1432 1431/1431/1431 1433/1433/1433
f 1434/1434/1434 1432/1432/1432 1433/1433/1433
f 1434/1434/1434 1433/1433/1433 1435/1435/1435
f 1436/1436/1436 1437/1437/1437 1438/1438/1438
f 1436/1436/1436 1438/1438/1438 1439/1439/1439
f 1436/1436/1436 1440/1440/1440 1437/1437/1437
f 1441/1441/1441 1437/1437/1437 1440/1440/1440
f 1442/1442/1442 1441/1441/1441 1440/1440/1440
f 1442/1442/1442 1443/1443/1443 1441/1441/1441
f 1444/1444/1444 1443/1443/1443 1442/1442/1442
f 1444/1444/1444 1445/1445/1445 1443/1443/1443
f 1446/1446/1446 1445/1445/1445 1444/1444/1444
f 1446/1446/1446 1447/1447/1447 1445/1445/1445
f 1448/1448/1448 1447/1447/1447 1446/1446/1446
f 1448/1448/1448 1449/1449/1449 1447/1447/1447
f 1450/1450/1450 1449/1449/1449 1448/1448/1448
f 1450/1450/1450 1451/1451/1451 1449/1449/1449
f 1452/1452/1452 1453/1453/1453 1454/1454/1454
f 1455/1455/1455 1453/1453/1453 1452/1452/1452
f 1452/1452/1452 1454/1454/1454 1456/1456/1456
f 1455/1455/1455 1457/1457/1457 1453/1453/1453
f 1458/1458/1458 1457/1457/1457 1455/1455/1455
f 1458/1458/1458 1459/1459/1459 1457/1457/1457
f 1456/1456/1456 1454/1454/1454 1460/1460/1460
f 1456/1456/1456 1460/1460/1460 1461/1461/1461
f 1454/1454/1454 1462/1462/1462 1460/1460/1460
f 1461/1461/1461 1460/1460/1460 1463/1463/1463
f 1461/1461/1461 1463/1463/1463 1464/1464/1464
f 1463/1463/1463 1460/1460/1460 1465/1465/1465
f 1462/1462/1462 1465/1465/1465 1460/1460/1460
f 1464/1464/1464 1463/1463/1463 1466/1466/1466
f 1466/1466/1466 1463/1463/1463 1465/1465/1465
f 1464/1464/1464 1466/1466/1466 1467/1467/1467
f 1462/1462/1462 1468/1468/1468 1465/1465/1465
f 1469/1469/1469 1468/1468/1468 1462/1462/1462
f 1469/1469/1469 1462/1462/1462 1470/1470/1470
f 1470/1470/1470 1462/1462/1462 1471/1471/1471
f 1454/1454/1454 1471/1471/1471 1462/1462/1462
f 1470/1470/1470 1471/1471/1471 1472/1472/1472
f 1453/1453/1453 1471/1471/1471 1454/1454/1454
f 1472/1472/1472 1471/1471/1471 1473/1473/1473
f 1453/1453/1453 1473/1473/1473 1471/1471/1471
f 1472/1472/1472 1473/1473/1473 1474/1474/1474
f 1457/1457/1457 1473/1473/1473 1453/1453/1453
f 1474/1474/1474 1473/1473/1473 1475/1475/1475
f 1457/1457/1457 1475/1475/1475 1473/1473/1473
f 1459/1459/1459 1475/1475/1475 1457/1457/1457
f 1474/1474/1474 1475/1475/1475 1476/1476/1476
f 1459/1459/1459 1477/1477/1477 1475/1475/1475
f 1476/1476/1476 1475/1475/1475 1477/1477/1477
f 1476/1476/1476 1477/1477/1477 1478/1478/1478
f 1479/1479/1479 1480/1480/1480 1481/1481/1481
f 1482/1482/1482 1480/1480/1480 1479/1479/1479
f 1479/1479/1479 1481/1481/1481 1483/1483/1483
f 1482/1482/1482 1484/1484/1484 1480/1480/1480
f 1483/1483/1483 1481/1481/1481 1485/1485/1485
f 1486/1486/1486 1484/1484/1484 1482/1482/1482
f 1483/1483/1483 1485/1485/1485 1487/1487/1487
f 1486/1486/1486 1488/1488/1488 1484/1484/1484
f 1489/1489/1489 1488/1488/1488 1486/1486/1486
f 1489/1489/1489 1490/1490/1490 1488/1488/1488
f 1487/1487/1487 1485/1485/1485 1491/1491/1491
f 1487/1487/1487 1491/1491/1491 1492/1492/1492
f 1492/1492/1492 1491/1491/1491 1493/1493/1493
f 1492/1492/1492 1493/1493/1493 1494/1494/1494
f 1495/1495/1495 1496/1496/1496 1497/1497/1497
f 1495/1495/1495 1497/1497/1497 1498/1498/1498
f 1498/1498/1498 1497/1497/1497 1499/1499/1499
f 1495/1495/1495 1500/1500/1500 1496/1496/1496
f 1498/1498/1498 1499/1499/1499 1501/1501/1501
f 1501/1501/1501 1499/1499/1499 1502/1502/1502
f 1501/1501/1501 1502/1502/1502 1503/1503/1503
f 1504/1504/1504 1503/1503/1503 1502/1502/1502
f 1504/1504/1504 1502/1502/1502 1505/1505/1505
f 1506/1506/1506 1496/1496/1496 1500/1500/1500
f 1506/1506/1506 1507/1507/1507 1496/1496/1496
f 1500/1500/1500 1508/1508/1508 1506/1506/1506
f 1500/1500/1500 1509/1509/1509 1508/1508/1508
f 1509/1509/1509 1510/1510/1510 1508/1508/1508
f 1509/1509/1509 1511/1511/1511 1510/1510/1510
f 1512/1512/1512 1513/1513/1513 1514/1514/1514
f 1515/1515/1515 1513/1513/1513 1512/1512/1512
f 1515/1515/1515 1516/1516/1516 1513/1513/1513
f 1512/1512/1512 1514/1514/1514 1517/1517/1517
f 1517/1517/1517 1514/1514/1514 1518/1518/1518
f 1517/1517/1517 1518/1518/1518 1519/1519/1519
f 1519/1519/1519 1518/1518/1518 1520/1520/1520
f 1519/1519/1519 1520/1520/1520 1521/1521/1521
f 1521/1521/1521 1520/1520/1520 1522/1522/1522
f 1521/1521/1521 1522/1522/1522 1523/1523/1523
f 1524/1524/1524 1525/1525/1525 1526/1526/1526
f 1527/1527/1527 1528/1528/1528 1529/1529/1529
f 1527/1527/1527 1529/1529/1529 1530/1530/1530
f 1528/1528/1528 1531/1531/1531 1529/1529/1529
f 1528/1528/1528 1532/1532/1532 1531/1531/1531
f 1532/1532/1532 1533/1533/1533 1531/1531/1531
f 1532/1532/1532 1534/1534/1534 1533/1533/1533
f 1534/1534/1534 1535/1535/1535 1533/1533/1533
f 1534/1534/1534 1536/1536/1536 1535/1535/1535
f 1536/1536/1536 1537/1537/1537 1535/1535/1535
f 1536/1536/1536 1538/1538/1538 1537/1537/1537
f 1538/1538/1538 1539/1539/1539 1537/1537/1537
f 1538/1538/1538 1540/1540/1540 1539/1539/1539
f 1540/1540/1540 1541/1541/1541 1539/1539/1539
f 1540/1540/1540 1542/1542/1542 1541/1541/1541
f 1543/1543/1543 1544/1544/1544 1545/1545/1545
f 1543/1543/1543 1545/1545/1545 1546/1546/1546
f 1544/1544/1544 1547/1547/1547 1545/1545/1545
f 1548/1548/1548 1544/1544/1544 1543/1543/1543
f 1548/1548/1548 1543/1543/1543 1549/1549/1549
f 1544/1544/1544 1550/1550/1550 1547/1547/1547
f 1548/1548/1548 1550/1550/1550 1544/1544/1544
f 1550/1550/1550 1551/1551/1551 1547/1547/1547
f 1548/1548/1548 1549/1549/1549 1552/1552/1552
f 1548/1548/1548 1552/1552/1552 1553/1553/1553
f 1548/1548/1548 1553/1553/1553 1554/1554/1554
f 1548/1548/1548 1554/1554/1554 1555/1555/1555
f 1548/1548/1548 1555/1555/1555 1550/1550/1550
f 1556/1556/1556 1555/1555/1555 1554/1554/1554
f 1550/1550/1550 1557/1557/1557 1551/1551/1551
f 1555/1555/1555 1557/1557/1557 1550/1550/1550
f 1557/1557/1557 1558/1558/1558 1551/1551/1551
f 1559/1559/1559 1555/1555/1555 1556/1556/1556
f 1555/1555/1555 1559/1559/1559 1557/1557/1557
f 1559/1559/1559 1556/1556/1556 1560/1560/1560
f 1557/1557/1557 1561/1561/1561 1558/1558/1558
f 1559/1559/1559 1561/1561/1561 1557/1557/1557
f 1561/1561/1561 1562/1562/1562 1558/1558/1558
f 1563/1563/1563 1559/1559/1559 1560/1560/1560
f 1559/1559/1559 1563/1563/1563 1561/1561/1561
f 1563/1563/1563 1560/1560/1560 1564/1564/1564
f 1561/1561/1561 1565/1565/1565 1562/1562/1562
f 1563/1563/1563 1565/1565/1565 1561/1561/1561
f 1565/1565/1565 1566/1566/1566 1562/1562/1562
f 1567/1567/1567 1563/1563/1563 1564/1564/1564
f 1563/1563/1563 1567/1567/1567 1565/1565/1565
f 1567/1567/1567 1564/1564/1564 1568/1568/1568
f 1565/1565/1565 1569/1569/1569 1566/1566/1566
f 1567/1567/1567 1569/1569/1569 1565/1565/1565
f 1569/1569/1569 1570/1570/1570 1566/1566/1566
f 1569/1569/1569 1571/1571/1571 1570/1570/1570
f 1567/1567/1567 1572/1572/1572 1569/1569/1569
f 1572/1572/1572 1571/1571/1571 1569/1569/1569
f 1572/1572/1572 1567/1567/1567 1568/1568/1568
f 1572/1572/1572 1573/1573/1573 1571/1571/1571
f 1572/1572/1572 1568/1568/1568 1574/1574/1574
f 1573/1573/1573 1572/1572/1572 1574/1574/1574
f 1573/1573/1573 1574/1574/1574 1575/1575/1575
f 1576/1576/1576 1577/1577/1577 1578/1578/1578
f 1576/1576/1576 1578/1578/1578 1579/1579/1579
f 1577/1577/1577 1580/1580/1580 1578/1578/1578
f 1581/1581/1581 1576/1576/1576 1579/1579/1579
f 1577/1577/1577 1582/1582/1582 1580/1580/1580
f 1581/1581/1581 1579/1579/1579 1583/1583/1583
f 1582/1582/1582 1584/1584/1584 1580/1580/1580
f 1585/1585/1585 1581/1581/1581 1583/1583/1583
f 1582/1582/1582 1586/1586/1586 1584/1584/1584
f 1586/1586/1586 1587/1587/1587 1584/1584/1584
f 1586/1586/1586 1588/1588/1588 1587/1587/1587
f 1585/1585/1585 1583/1583/1583 1589/1589/1589
f 1590/1590/1590 1585/1585/1585 1589/1589/1589
f 1590/1590/1590 1589/1589/1589 1591/1591/1591
f 1592/1592/1592 1593/1593/1593 1594/1594/1594
f 1592/1592/1592 1594/1594/1594 1595/1595/1595
f 1593/1593/1593 1596/1596/1596 1594/1594/1594
f 1597/1597/1597 1592/1592/1592 1595/1595/1595
f 1593/1593/1593 1598/1598/1598 1596/1596/1596
f 1597/1597/1597 1595/1595/1595 1599/1599/1599
f 1600/1600/1600 1597/1597/1597 1599/1599/1599
f 1600/1600/1600 1599/1599/1599 1601/1601/1601
f 1602/1602/1602 1600/1600/1600 1601/1601/1601
f 1602/1602/1602 1603/1603/1603 1600/1600/1600
f 1596/1596/1596 1598/1598/1598 1604/1604/1604
f 1598/1598/1598 1605/1605/1605 1604/1604/1604
f 1598/1598/1598 1606/1606/1606 1605/1605/1605
f 1604/1604/1604 1605/1605/1605 1607/1607/1607
f 1604/1604/1604 1607/1607/1607 1608/1608/1608
f 1609/1609/1609 1610/1610/1610 1611/1611/1611
f 1609/1609/1609 1611/1611/1611 1612/1612/1612
f 1610/1610/1610 1613/1613/1613 1611/1611/1611
f 1614/1614/1614 1609/1609/1609 1612/1612/1612
f 1610/1610/1610 1615/1615/1615 1613/1613/1613
f 1615/1615/1615 1616/1616/1616 1613/1613/1613
f 1615/1615/1615 1617/1617/1617 1616/1616/1616
f 1614/1614/1614 1612/1612/1612 1618/1618/1618
f 1619/1619/1619 1614/1614/1614 1618/1618/1618
f 1619/1619/1619 1618/1618/1618 1620/1620/1620
f 1621/1621/1621 1619/1619/1619 1620/1620/1620
f 1621/1621/1621 1620/1620/1620 1622/1622/1622
f 1623/1623/1623 1624/1624/1624 1625/1625/1625
f 1623/1623/1623 1625/1625/1625 1626/1626/1626
f 1623/1623/1623 1627/1627/1627 1624/1624/1624
f 1628/1628/1628 1624/1624/1624 1627/1627/1627
f 1628/1628/1628 1629/1629/1629 1624/1624/1624
f 1630/1630/1630 1628/1628/1628 1627/1627/1627
f 1630/1630/1630 1631/1631/1631 1628/1628/1628
f 1632/1632/1632 1631/1631/1631 1630/1630/1630
f 1632/1632/1632 1633/1633/1633 1631/1631/1631
f 1634/1634/1634 1633/1633/1633 1632/1632/1632
f 1634/1634/1634 1635/1635/1635 1633/1633/1633
f 1636/1636/1636 1635/1635/1635 1634/1634/1634
f 1636/1636/1636 1637/1637/1637 1635/1635/1635
f 1638/1638/1638 1637/1637/1637 1636/1636/1636
f 1638/1638/1638 1639/1639/1639 1637/1637/1637
f 1640/1640/1640 1641/1641/1641 1642/1642/1642
f 1643/1643/1643 1641/1641/1641 1640/1640/1640
f 1640/1640/1640 1642/1642/1642 1644/1644/1644
f 1643/1643/1643 1645/1645/1645 1641/1641/1641
f 1646/1646/1646 1645/1645/1645 1643/1643/1643
f 1646/1646/1646 1647/1647/1647 1645/1645/1645
f 1644/1644/1644 1642/1642/1642 1648/1648/1648
f 1644/1644/1644 1648/1648/1648 1649/1649/1649
f 1642/1642/1642 1650/1650/1650 1648/1648/1648
f 1647/1647/1647 1651/1651/1651 1645/1645/1645
f 1647/1647/1647 1652/1652/1652 1651/1651/1651
f 1653/1653/1653 1651/1651/1651 1652/1652/1652
f 1653/1653/1653 1652/1652/1652 1654/1654/1654
f 1655/1655/1655 1651/1651/1651 1653/1653/1653
f 1645/1645/1645 1651/1651/1651 1656/1656/1656
f 1655/1655/1655 1656/1656/1656 1651/1651/1651
f 1645/1645/1645 1656/1656/1656 1641/1641/1641
f 1657/1657/1657 1656/1656/1656 1655/1655/1655
f 1641/1641/1641 1658/1658/1658 1642/1642/1642
f 1641/1641/1641 1656/1656/1656 1658/1658/1658
f 1657/1657/1657 1658/1658/1658 1656/1656/1656
f 1659/1659/1659 1658/1658/1658 1657/1657/1657
f 1642/1642/1642 1658/1658/1658 1650/1650/1650
f 1659/1659/1659 1650/1650/1650 1658/1658/1658
f 1660/1660/1660 1650/1650/1650 1659/1659/1659
f 1660/1660/1660 1661/1661/1661 1650/1650/1650
f 1650/1650/1650 1661/1661/1661 1662/1662/1662
f 1650/1650/1650 1662/1662/1662 1648/1648/1648
f 1663/1663/1663 1648/1648/1648 1662/1662/1662
f 1649/1649/1649 1648/1648/1648 1663/1663/1663
f 1662/1662/1662 1664/1664/1664 1663/1663/1663
f 1649/1649/1649 1663/1663/1663 1665/1665/1665
f 1666/1666/1666 1663/1663/1663 1664/1664/1664
f 1666/1666/1666 1665/1665/1665 1663/1663/1663
f 1667/1667/1667 1668/1668/1668 1669/1669/1669
f 1670/1670/1670 1668/1668/1668 1667/1667/1667
f 1667/1667/1667 1669/1669/1669 1671/1671/1671
f 1670/1670/1670 1672/1672/1672 1668/1668/1668
f 1671/1671/1671 1669/1669/1669 1673/1673/1673
f 1674/1674/1674 1672/1672/1672 1670/1670/1670
f 1671/1671/1671 1673/1673/1673 1675/1675/1675
f 1674/1674/1674 1676/1676/1676 1672/1672/1672
f 1677/1677/1677 1676/1676/1676 1674/1674/1674
f 1677/1677/1677 1678/1678/1678 1676/1676/1676
f 1675/1675/1675 1673/1673/1673 1679/1679/1679
f 1675/1675/1675 1679/1679/1679 1680/1680/1680
f 1680/1680/1680 1679/1679/1679 1681/1681/1681
f 1680/1680/1680 1681/1681/1681 1682/1682/1682
f 1683/1683/1683 1684/1684/1684 1685/1685/1685
f 1683/1683/1683 1685/1685/1685 1686/1686/1686
f 1686/1686/1686 1685/1685/1685 1687/1687/1687
f 1683/1683/1683 1688/1688/1688 1684/1684/1684
f 1686/1686/1686 1687/1687/1687 1689/1689/1689
f 1689/1689/1689 1687/1687/1687 1690/1690/1690
f 1689/1689/1689 1690/1690/1690 1691/1691/1691
f 1692/1692/1692 1691/1691/1691 1690/1690/1690
f 1692/1692/1692 1690/1690/1690 1693/1693/1693
f 1694/1694/1694 1684/1684/1684 1688/1688/1688
f 1694/1694/1694 1695/1695/1695 1684/1684/1684
f 1688/1688/1688 1696/1696/1696 1694/1694/1694
f 1688/1688/1688 1697/1697/1697 1696/1696/1696
f 1697/1697/1697 1698/1698/1698 1696/1696/1696
f 1697/1697/1697 1699/1699/1699 1698/1698/1698
f 1700/1700/1700 1701/1701/1701 1702/1702/1702
f 1703/1703/1703 1701/1701/1701 1700/1700/1700
f 1703/1703/1703 1704/1704/1704 1701/1701/1701
f 1700/1700/1700 1702/1702/1702 1705/1705/1705
f 1705/1705/1705 1702/1702/1702 1706/1706/1706
f 1705/1705/1705 1706/1706/1706 1707/1707/1707
f 1707/1707/1707 1706/1706/1706 1708/1708/1708
f 1707/1707/1707 1708/1708/1708 1709/1709/1709
f 1709/1709/1709 1708/1708/1708 1710/1710/1710
f 1709/1709/1709 1710/1710/1710 1711/1711/1711
f 1712/1712/1712 1713/1713/1713 1714/1714/1714
f 1712/1712/1712 1714/1714/1714 1715/1715/1715
f 1716/1716/1716 1713/1713/1713 1712/1712/1712
f 1716/1716/1716 1717/1717/1717 1713/1713/1713
f 1718/1718/1718 1717/1717/1717 1716/1716/1716
f 1718/1718/1718 1719/1719/1719 1717/1717/1717
f 1720/1720/1720 1719/1719/1719 1718/1718/1718
f 1720/1720/1720 1721/1721/1721 1719/1719/1719
f 1722/1722/1722 1721/1721/1721 1720/1720/1720
f 1722/1722/1722 1723/1723/1723 1721/1721/1721
f 1724/1724/1724 1723/1723/1723 1722/1722/1722
f 1724/1724/1724 1725/1725/1725 1723/1723/1723
f 1726/1726/1726 1725/1725/1725 1724/1724/1724
f 1726/1726/1726 1727/1727/1727 1725/1725/1725
f 1728/1728/1728 1729/1729/1729 1730/1730/1730
f 1728/1728/1728 1730/1730/1730 1731/1731/1731
f 1732/1732/1732 1729/1729/1729 1728/1728/1728
f 1730/1730/1730 1729/1729/1729 1733/1733/1733
f 1730/1730/1730 1733/1733/1733 1734/1734/1734
f 1732/1732/1732 1735/1735/1735 1729/1729/1729
f 1735/1735/1735 1733/1733/1733 1729/1729/1729
f 1736/1736/1736 1735/1735/1735 1732/1732/1732
f 1737/1737/1737 1734/1734/1734 1733/1733/1733
f 1737/1737/1737 1733/1733/1733 1738/1738/1738
f 1739/1739/1739 1738/1738/1738 1733/1733/1733
f 1739/1739/1739 1733/1733/1733 1740/1740/1740
f 1735/1735/1735 1740/1740/1740 1733/1733/1733
f 1741/1741/1741 1739/1739/1739 1740/1740/1740
f 1736/1736/1736 1742/1742/1742 1735/1735/1735
f 1742/1742/1742 1740/1740/1740 1735/1735/1735
f 1743/1743/1743 1742/1742/1742 1736/1736/1736
f 1741/1741/1741 1740/1740/1740 1744/1744/1744
f 1742/1742/1742 1744/1744/1744 1740/1740/1740
f 1741/1741/1741 1744/1744/1744 1745/1745/1745
f 1743/1743/1743 1746/1746/1746 1742/1742/1742
f 1746/1746/1746 1744/1744/1744 1742/1742/1742
f 1747/1747/1747 1746/1746/1746 1743/1743/1743
f 1745/1745/1745 1744/1744/1744 1748/1748/1748
f 1746/1746/1746 1748/1748/1748 1744/1744/1744
f 1745/1745/1745 1748/1748/1748 1749/1749/1749
f 1747/1747/1747 1750/1750/1750 1746/1746/1746
f 1750/1750/1750 1748/1748/1748 1746/1746/1746
f 1751/1751/1751 1750/1750/1750 1747/1747/1747
f 1749/1749/1749 1748/1748/1748 1752/1752/1752
f 1750/1750/1750 1752/1752/1752 1748/1748/1748
f 1749/1749/1749 1752/1752/1752 1753/1753/1753
f 1751/1751/1751 1754/1754/1754 1750/1750/1750
f 1754/1754/1754 1752/1752/1752 1750/1750/1750
f 1755/1755/1755 1754/1754/1754 1751/1751/1751
f 1755/1755/1755 1756/1756/1756 1754/1754/1754
f 1754/1754/1754 1757/1757/1757 1752/1752/1752
f 1753/1753/1753 1752/1752/1752 1757/1757/1757
f 1756/1756/1756 1757/1757/1757 1754/1754/1754
f 1753/1753/1753 1757/1757/1757 1758/1758/1758
f 1756/1756/1756 1759/1759/1759 1757/1757/1757
f 1758/1758/1758 1757/1757/1757 1759/1759/1759
f 1758/1758/1758 1759/1759/1759 1760/1760/1760
f 1761/1761/1761 1762/1762/1762 1763/1763/1763
f 1764/1764/1764 1762/1762/1762 1761/1761/1761
f 1761/1761/1761 1763/1763/1763 1765/1765/1765
f 1764/1764/1764 1766/1766/1766 1762/1762/1762
f 1765/1765/1765 1763/1763/1763 1767/1767/1767
f 1768/1768/1768 1766/1766/1766 1764/1764/1764
f 1765/1765/1765 1767/1767/1767 1769/1769/1769
f 1768/1768/1768 1770/1770/1770 1766/1766/1766
f 1771/1771/1771 1770/1770/1770 1768/1768/1768
f 1771/1771/1771 1772/1772/1772 1770/1770/1770
f 1769/1769/1769 1767/1767/1767 1773/1773/1773
f 1769/1769/1769 1773/1773/1773 1774/1774/1774
f 1774/1774/1774 1773/1773/1773 1775/1775/1775
f 1774/1774/1774 1775/1775/1775 1776/1776/1776
f 1777/1777/1777 1778/1778/1778 1779/1779/1779
f 1780/1780/1780 1778/1778/1778 1777/1777/1777
f 1777/1777/1777 1779/1779/1779 1781/1781/1781
f 1780/1780/1780 1782/1782/1782 1778/1778/1778
f 1781/1781/1781 1779/1779/1779 1783/1783/1783
f 1781/1781/1781 1783/1783/1783 1784/1784/1784
f 1784/1784/1784 1783/1783/1783 1785/1785/1785
f 1784/1784/1784 1785/1785/1785 1786/1786/1786
f 1787/1787/1787 1786/1786/1786 1785/1785/1785
f 1787/1787/1787 1785/1785/1785 1788/1788/1788
f 1780/1780/1780 1789/1789/1789 1782/1782/1782
f 1790/1790/1790 1782/1782/1782 1789/1789/1789
f 1790/1790/1790 1791/1791/1791 1782/1782/1782
f 1789/1789/1789 1792/1792/1792 1790/1790/1790
f 1789/1789/1789 1793/1793/1793 1792/1792/1792
f 1794/1794/1794 1795/1795/1795 1796/1796/1796
f 1797/1797/1797 1795/1795/1795 1794/1794/1794
f 1794/1794/1794 1796/1796/1796 1798/1798/1798
f 1797/1797/1797 1799/1799/1799 1795/1795/1795
f 1800/1800/1800 1799/1799/1799 1797/1797/1797
f 1800/1800/1800 1801/1801/1801 1799/1799/1799
f 1798/1798/1798 1796/1796/1796 1802/1802/1802
f 1798/1798/1798 1802/1802/1802 1803/1803/1803
f 1803/1803/1803 1802/1802/1802 1804/1804/1804
f 1803/1803/1803 1804/1804/1804 1805/1805/1805
f 1805/1805/1805 1804/1804/1804 1806/1806/1806
f 1805/1805/1805 1806/1806/1806 1807/1807/1807
f 1808/1808/1808 1809/1809/1809 1810/1810/1810
f 1808/1808/1808 1810/1810/1810 1811/1811/1811
f 1810/1810/1810 1809/1809/1809 1812/1812/1812
f 1809/1809/1809 1813/1813/1813 1812/1812/1812
f 1813/1813/1813 1814/1814/1814 1812/1812/1812
f 1813/1813/1813 1815/1815/1815 1814/1814/1814
f 1815/1815/1815 1816/1816/1816 1814/1814/1814
f 1815/1815/1815 1817/1817/1817 1816/1816/1816
f 1817/1817/1817 1818/1818/1818 1816/1816/1816
f 1817/1817/1817 1819/1819/1819 1818/1818/1818
f 1819/1819/1819 1820/1820/1820 1818/1818/1818
f 1819/1819/1819 1821/1821/1821 1820/1820/1820
f 1821/1821/1821 1822/1822/1822 1820/1820/1820
f 1821/1821/1821 1823/1823/1823 1822/1822/1822
f 1824/1824/1824 1825/1825/1825 1826/1826/1826
f 1824/1824/1824 1826/1826/1826 1827/1827/1827
f 1825/1825/1825 1828/1828/1828 1826/1826/1826
f 1829/1829/1829 1824/1824/1824 1827/1827/1827
f 1829/1829/1829 1827/1827/1827 1830/1830/1830
f 1831/1831/1831 1824/1824/1824 1829/1829/1829
f 1832/1832/1832 1829/1829/1829 1830/1830/1830
f 1832/1832/1832 1830/1830/1830 1833/1833/1833
f 1832/1832/1832 1834/1834/1834 1829/1829/1829
f 1834/1834/1834 1831/1831/1831 1829/1829/1829
f 1835/1835/1835 1832/1832/1832 1833/1833/1833
f 1835/1835/1835 1834/1834/1834 1832/1832/1832
f 1835/1835/1835 1833/1833/1833 1836/1836/1836
f 1834/1834/1834 1837/1837/1837 1831/1831/1831
f 1831/1831/1831 1837/1837/1837 1838/1838/1838
f 1831/1831/1831 1838/1838/1838 1839/1839/1839
f 1840/1840/1840 1831/1831/1831 1839/1839/1839
f 1831/1831/1831 1840/1840/1840 1824/1824/1824
f 1840/1840/1840 1825/1825/1825 1824/1824/1824
f 1840/1840/1840 1839/1839/1839 1841/1841/1841
f 1842/1842/1842 1840/1840/1840 1841/1841/1841
f 1840/1840/1840 1842/1842/1842 1825/1825/1825
f 1842/1842/1842 1841/1841/1841 1843/1843/1843
f 1842/1842/1842 1844/1844/1844 1825/1825/1825
f 1825/1825/1825 1844/1844/1844 1828/1828/1828
f 1844/1844/1844 1845/1845/1845 1828/1828/1828
f 1844/1844/1844 1846/1846/1846 1845/1845/1845
f 1842/1842/1842 1847/1847/1847 1844/1844/1844
f 1847/1847/1847 1846/1846/1846 1844/1844/1844
f 1847/1847/1847 1842/1842/1842 1843/1843/1843
f 1847/1847/1847 1848/1848/1848 1846/1846/1846
f 1847/1847/1847 1843/1843/1843 1849/1849/1849
f 1848/1848/1848 1847/1847/1847 1849/1849/1849
f 1848/1848/1848 1849/1849/1849 1850/1850/1850
f 1851/1851/1851 1852/1852/1852 1853/1853/1853
f 1851/1851/1851 1853/1853/1853 1854/1854/1854
f 1852/1852/1852 1855/1855/1855 1853/1853/1853
f 1856/1856/1856 1851/1851/1851 1854/1854/1854
f 1852/1852/1852 1857/1857/1857 1855/1855/1855
f 1856/1856/1856 1854/1854/1854 1858/1858/1858
f 1857/1857/1857 1859/1859/1859 1855/1855/1855
f 1860/1860/1860 1856/1856/1856 1858/1858/1858
f 1857/1857/1857 1861/1861/1861 1859/1859/1859
f 1861/1861/1861 1862/1862/1862 1859/1859/1859
f 1861/1861/1861 1863/1863/1863 1862/1862/1862
f 1860/1860/1860 1858/1858/1858 1864/1864/1864
f 1865/1865/1865 1860/1860/1860 1864/1864/1864
f 1865/1865/1865 1864/1864/1864 1866/1866/1866
f 1867/1867/1867 1868/1868/1868 1869/1869/1869
f 1867/1867/1867 1869/1869/1869 1870/1870/1870
f 1871/1871/1871 1867/1867/1867 1870/1870/1870
f 1869/1869/1869 1868/1868/1868 1872/1872/1872
f 1871/1871/1871 1870/1870/1870 1873/1873/1873
f 1874/1874/1874 1871/1871/1871 1873/1873/1873
f 1874/1874/1874 1873/1873/1873 1875/1875/1875
f 1876/1876/1876 1874/1874/1874 1875/1875/1875
f 1876/1876/1876 1877/1877/1877 1874/1874/1874
f 1868/1868/1868 1878/1878/1878 1872/1872/1872
f 1868/1868/1868 1879/1879/1879 1878/1878/1878
f 1872/1872/1872 1878/1878/1878 1880/1880/1880
f 1872/1872/1872 1880/1880/1880 1881/1881/1881
f 1881/1881/1881 1880/1880/1880 1882/1882/1882
f 1881/1881/1881 1882/1882/1882 1883/1883/1883
f 1884/1884/1884 1885/1885/1885 1886/1886/1886
f 1885/1885/1885 1887/1887/1887 1886/1886/1886
f 1885/1885/1885 1888/1888/1888 1887/1887/1887
f 1884/1884/1884 1886/1886/1886 1889/1889/1889
f 1890/1890/1890 1884/1884/1884 1889/1889/1889
f 1890/1890/1890 1889/1889/1889 1891/1891/1891
f 1892/1892/1892 1890/1890/1890 1891/1891/1891
f 1892/1892/1892 1891/1891/1891 1893/1893/1893
f 1894/1894/1894 1892/1892/1892 1893/1893/1893
f 1894/1894/1894 1893/1893/1893 1895/1895/1895
f 1896/1896/1896 1897/1897/1897 1898/1898/1898
f 1899/1899/1899 1900/1900/1900 1901/1901/1901
f 1899/1899/1899 1901/1901/1901 1902/1902/1902
f 1903/1903/1903 1900/1900/1900 1899/1899/1899
f 1903/1903/1903 1904/1904/1904 1900/1900/1900
f 1905/1905/1905 1904/1904/1904 1903/1903/1903
f 1905/1905/1905 1906/1906/1906 1904/1904/1904
f 1907/1907/1907 1906/1906/1906 1905/1905/1905
f 1907/1907/1907 1908/1908/1908 1906/1906/1906
f 1909/1909/1909 1908/1908/1908 1907/1907/1907
f 1909/1909/1909 1910/1910/1910 1908/1908/1908
f 1911/1911/1911 1910/1910/1910 1909/1909/1909
f 1911/1911/1911 1912/1912/1912 1910/1910/1910
f 1913/1913/1913 1912/1912/1912 1911/1911/1911
f 1913/1913/1913 1914/1914/1914 1912/1912/1912
f 1915/1915/1915 1916/1916/1916 1917/1917/1917
f 1915/1915/1915 1917/1917/1917 1918/1918/1918
f 1919/1919/1919 1916/1916/1916 1915/1915/1915
f 1917/1917/1917 1916/1916/1916 1920/1920/1920
f 1917/1917/1917 1920/1920/1920 1921/1921/1921
f 1919/1919/1919 1922/1922/1922 1916/1916/1916
f 1922/1922/1922 1920/1920/1920 1916/1916/1916
f 1923/1923/1923 1922/1922/1922 1919/1919/1919
f 1924/1924/1924 1921/1921/1921 1920/1920/1920
f 1924/1924/1924 1920/1920/1920 1925/1925/1925
f 1926/1926/1926 1925/1925/1925 1920/1920/1920
f 1926/1926/1926 1920/1920/1920 1927/1927/1927
f 1922/1922/1922 1927/1927/1927 1920/1920/1920
f 1928/1928/1928 1926/1926/1926 1927/1927/1927
f 1923/1923/1923 1929/1929/1929 1922/1922/1922
f 1929/1929/1929 1927/1927/1927 1922/1922/1922
f 1930/1930/1930 1929/1929/1929 1923/1923/1923
f 1928/1928/1928 1927/1927/1927 1931/1931/1931
f 1929/1929/1929 1931/1931/1931 1927/1927/1927
f 1928/1928/1928 1931/1931/1931 1932/1932/1932
f 1930/1930/1930 1933/1933/1933 1929/1929/1929
f 1933/1933/1933 1931/1931/1931 1929/1929/1929
f 1934/1934/1934 1933/1933/1933 1930/1930/1930
f 1932/1932/1932 1931/1931/1931 1935/1935/1935
f 1933/1933/1933 1935/1935/1935 1931/1931/1931
f 1932/1932/1932 1935/1935/1935 1936/1936/1936
f 1934/1934/1934 1937/1937/1937 1933/1933/1933
f 1937/1937/1937 1935/1935/1935 1933/1933/1933
f 1938/1938/1938 1937/1937/1937 1934/1934/1934
f 1936/1936/1936 1935/1935/1935 1939/1939/1939
f 1937/1937/1937 1939/1939/1939 1935/1935/1935
f 1936/1936/1936 1939/1939/1939 1940/1940/1940
f 1938/1938/1938 1941/1941/1941 1937/1937/1937
f 1941/1941/1941 1939/1939/1939 1937/1937/1937
f 1942/1942/1942 1941/1941/1941 1938/1938/1938
f 1942/1942/1942 1943/1943/1943 1941/1941/1941
f 1941/1941/1941 1944/1944/1944 1939/1939/1939
f 1940/1940/1940 1939/1939/1939 1944/1944/1944
f 1943/1943/1943 1944/1944/1944 1941/1941/1941
f 1940/1940/1940 1944/1944/1944 1945/1945/1945
f 1943/1943/1943 1946/1946/1946 1944/1944/1944
f 1945/1945/1945 1944/1944/1944 1946/1946/1946
f 1945/1945/1945 1946/1946/1946 1947/1947/1947
f 1948/1948/1948 1949/1949/1949 1950/1950/1950
f 1951/1951/1951 1949/1949/1949 1948/1948/1948
f 1948/1948/1948 1950/1950/1950 1952/1952/1952
f 1951/1951/1951 1953/1953/1953 1949/1949/1949
f 1952/1952/1952 1950/1950/1950 1954/1954/1954
f 1955/1955/1955 1953/1953/1953 1951/1951/1951
f 1952/1952/1952 1954/1954/1954 1956/1956/1956
f 1955/1955/1955 1957/1957/1957 1953/1953/1953
f 1958/1958/1958 1957/1957/1957 1955/1955/1955
f 1958/1958/1958 1959/1959/1959 1957/1957/1957
f 1956/1956/1956 1954/1954/1954 1960/1960/1960
f 1956/1956/1956 1960/1960/1960 1961/1961/1961
f 1961/1961/1961 1960/1960/1960 1962/1962/1962
f 1961/1961/1961 1962/1962/1962 1963/1963/1963
f 1964/1964/1964 1965/1965/1965 1966/1966/1966
f 1967/1967/1967 1965/1965/1965 1964/1964/1964
f 1964/1964/1964 1966/1966/1966 1968/1968/1968
f 1967/1967/1967 1969/1969/1969 1965/1965/1965
f 1968/1968/1968 1966/1966/1966 1970/1970/1970
f 1968/1968/1968 1970/1970/1970 1971/1971/1971
f 1971/1971/1971 1970/1970/1970 1972/1972/1972
f 1971/1971/1971 1972/1972/1972 1973/1973/1973
f 1974/1974/1974 1973/1973/1973 1972/1972/1972
f 1974/1974/1974 1972/1972/1972 1975/1975/1975
f 1967/1967/1967 1976/1976/1976 1969/1969/1969
f 1977/1977/1977 1969/1969/1969 1976/1976/1976
f 1977/1977/1977 1978/1978/1978 1969/1969/1969
f 1976/1976/1976 1979/1979/1979 1977/1977/1977
f 1976/1976/1976 1980/1980/1980 1979/1979/1979
f 1981/1981/1981 1982/1982/1982 1983/1983/1983
f 1984/1984/1984 1982/1982/1982 1981/1981/1981
f 1981/1981/1981 1983/1983/1983 1985/1985/1985
f 1984/1984/1984 1986/1986/1986 1982/1982/1982
f 1987/1987/1987 1986/1986/1986 1984/1984/1984
f 1987/1987/1987 1988/1988/1988 1986/1986/1986
f 1985/1985/1985 1983/1983/1983 1989/1989/1989
f 1985/1985/1985 1989/1989/1989 1990/1990/1990
f 1990/1990/1990 1989/1989/1989 1991/1991/1991
f 1990/1990/1990 1991/1991/1991 1992/1992/1992
f 1992/1992/1992 1991/1991/1991 1993/1993/1993
f 1992/1992/1992 1993/1993/1993 1994/1994/1994
f 1995/1995/1995 1996/1996/1996 1997/1997/1997
f 1995/1995/1995 1997/1997/1997 1998/1998/1998
f 1997/1997/1997 1996/1996/1996 1999/1999/1999
f 1996/1996/1996 2000/2000/2000 1999/1999/1999
f 2000/2000/2000 2001/2001/2001 1999/1999/1999
f 2000/2000/2000 2002/2002/2002 2001/2001/2001
f 2002/2002/2002 2003/2003/2003 2001/2001/2001
f 2002/2002/2002 2004/2004/2004 2003/2003/2003
f 2004/2004/2004 2005/2005/2005 2003/2003/2003
f 2004/2004/2004 2006/2006/2006 2005/2005/2005
f 2006/2006/2006 2007/2007/2007 2005/2005/2005
f 2006/2006/2006 2008/2008/2008 2007/2007/2007
f 2008/2008/2008 2009/2009/2009 2007/2007/2007
f 2008/2008/2008 2010/2010/2010 2009/2009/2009
f 2011/2011/2011 2012/2012/2012 2013/2013/2013
f 2011/2011/2011 2013/2013/2013 2014/2014/2014
f 2012/2012/2012 2015/2015/2015 2013/2013/2013
f 2016/2016/2016 2011/2011/2011 2014/2014/2014
f 2016/2016/2016 2014/2014/2014 2017/2017/2017
f 2018/2018/2018 2011/2011/2011 2016/2016/2016
f 2019/2019/2019 2016/2016/2016 2017/2017/2017
f 2019/2019/2019 2017/2017/2017 2020/2020/2020
f 2019/2019/2019 2020/2020/2020 2021/2021/2021
f 2019/2019/2019 2021/2021/2021 2022/2022/2022
f 2023/2023/2023 2019/2019/2019 2022/2022/2022
f 2019/2019/2019 2023/2023/2023 2016/2016/2016
f 2023/2023/2023 2018/2018/2018 2016/2016/2016
f 2023/2023/2023 2024/2024/2024 2018/2018/2018
f 2018/2018/2018 2024/2024/2024 2025/2025/2025
f 2018/2018/2018 2025/2025/2025 2026/2026/2026
f 2027/2027/2027 2018/2018/2018 2026/2026/2026
f 2018/2018/2018 2027/2027/2027 2011/2011/2011
f 2027/2027/2027 2012/2012/2012 2011/2011/2011
f 2027/2027/2027 2026/2026/2026 2028/2028/2028
f 2029/2029/2029 2027/2027/2027 2028/2028/2028
f 2027/2027/2027 2029/2029/2029 2012/2012/2012
f 2029/2029/2029 2028/2028/2028 2030/2030/2030
f 2029/2029/2029 2031/2031/2031 2012/2012/2012
f 2012/2012/2012 2031/2031/2031 2015/2015/2015
f 2031/2031/2031 2032/2032/2032 2015/2015/2015
f 2031/2031/2031 2033/2033/2033 2032/2032/2032
f 2029/2029/2029 2034/2034/2034 2031/2031/2031
f 2034/2034/2034 2033/2033/2033 2031/2031/2031
f 2034/2034/2034 2029/2029/2029 2030/2030/2030
f 2034/2034/2034 2035/2035/2035 2033/2033/2033
f 2034/2034/2034 2030/2030/2030 2036/2036/2036
f 2035/2035/2035 2034/2034/2034 2036/2036/2036
f 2035/2035/2035 2036/2036/2036 2037/2037/2037
f 2038/2038/2038 2039/2039/2039 2040/2040/2040
f 2038/2038/2038 2040/2040/2040 2041/2041/2041
f 2039/2039/2039 2042/2042/2042 2040/2040/2040
f 2043/2043/2043 2038/2038/2038 2041/2041/2041
f 2039/2039/2039 2044/2044/2044 2042/2042/2042
f 2043/2043/2043 2041/2041/2041 2045/2045/2045
f 2044/2044/2044 2046/2046/2046 2042/2042/2042
f 2047/2047/2047 2043/2043/2043 2045/2045/2045
f 2044/2044/2044 2048/2048/2048 2046/2046/2046
f 2048/2048/2048 2049/2049/2049 2046/2046/2046
f 2048/2048/2048 2050/2050/2050 2049/2049/2049
f 2047/2047/2047 2045/2045/2045 2051/2051/2051
f 2052/2052/2052 2047/2047/2047 2051/2051/2051
f 2052/2052/2052 2051/2051/2051 2053/2053/2053
f 2054/2054/2054 2055/2055/2055 2056/2056/2056
f 2054/2054/2054 2056/2056/2056 2057/2057/2057
f 2058/2058/2058 2054/2054/2054 2057/2057/2057
f 2056/2056/2056 2055/2055/2055 2059/2059/2059
f 2058/2058/2058 2057/2057/2057 2060/2060/2060
f 2061/2061/2061 2058/2058/2058 2060/2060/2060
f 2061/2061/2061 2060/2060/2060 2062/2062/2062
f 2063/2063/2063 2061/2061/2061 2062/2062/2062
f 2063/2063/2063 2064/2064/2064 2061/2061/2061
f 2055/2055/2055 2065/2065/2065 2059/2059/2059
f 2055/2055/2055 2066/2066/2066 2065/2065/2065
f 2059/2059/2059 2065/2065/2065 2067/2067/2067
f 2059/2059/2059 2067/2067/2067 2068/2068/2068
f 2068/2068/2068 2067/2067/2067 2069/2069/2069
f 2068/2068/2068 2069/2069/2069 2070/2070/2070
f 2071/2071/2071 2072/2072/2072 2073/2073/2073
f 2072/2072/2072 2074/2074/2074 2073/2073/2073
f 2072/2072/2072 2075/2075/2075 2074/2074/2074
f 2071/2071/2071 2073/2073/2073 2076/2076/2076
f 2077/2077/2077 2071/2071/2071 2076/2076/2076
f 2077/2077/2077 2076/2076/2076 2078/2078/2078
f 2079/2079/2079 2077/2077/2077 2078/2078/2078
f 2079/2079/2079 2078/2078/2078 2080/2080/2080
f 2081/2081/2081 2079/2079/2079 2080/2080/2080
f 2081/2081/2081 2080/2080/2080 2082/2082/2082
f 2083/2083/2083 2084/2084/2084 2085/2085/2085
f 2086/2086/2086 2087/2087/2087 2088/2088/2088
f 2086/2086/2086 2088/2088/2088 2089/2089/2089
f 2087/2087/2087 2090/2090/2090 2088/2088/2088
f 2087/2087/2087 2091/2091/2091 2090/2090/2090
f 2091/2091/2091 2092/2092/2092 2090/2090/2090
f 2091/2091/2091 2093/2093/2093 2092/2092/2092
f 2093/2093/2093 2094/2094/2094 2092/2092/2092
f 2093/2093/2093 2095/2095/2095 2094/2094/2094
f 2095/2095/2095 2096/2096/2096 2094/2094/2094
f 2095/2095/2095 2097/2097/2097 2096/2096/2096
f 2097/2097/2097 2098/2098/2098 2096/2096/2096
f 2097/2097/2097 2099/2099/2099 2098/2098/2098
f 2099/2099/2099 2100/2100/2100 2098/2098/2098
f 2099/2099/2099 2101/2101/2101 2100/2100/2100
f 2102/2102/2102 2103/2103/2103 2104/2104/2104
f 2102/2102/2102 2104/2104/2104 2105/2105/2105
f 2103/2103/2103 2106/2106/2106 2104/2104/2104
f 2107/2107/2107 2103/2103/2103 2102/2102/2102
f 2107/2107/2107 2102/2102/2102 2108/2108/2108
f 2103/2103/2103 2109/2109/2109 2106/2106/2106
f 2107/2107/2107 2109/2109/2109 2103/2103/2103
f 2109/2109/2109 2110/2110/2110 2106/2106/2106
f 2107/2107/2107 2108/2108/2108 2111/2111/2111
f 2107/2107/2107 2111/2111/2111 2112/2112/2112
f 2107/2107/2107 2112/2112/2112 2113/2113/2113
f 2107/2107/2107 2113/2113/2113 2114/2114/2114
f 2107/2107/2107 2114/2114/2114 2109/2109/2109
f 2115/2115/2115 2114/2114/2114 2113/2113/2113
f 2109/2109/2109 2116/2116/2116 2110/2110/2110
f 2114/2114/2114 2116/2116/2116 2109/2109/2109
f 2116/2116/2116 2117/2117/2117 2110/2110/2110
f 2118/2118/2118 2114/2114/2114 2115/2115/2115
f 2114/2114/2114 2118/2118/2118 2116/2116/2116
f 2118/2118/2118 2115/2115/2115 2119/2119/2119
f 2116/2116/2116 2120/2120/2120 2117/2117/2117
f 2118/2118/2118 2120/2120/2120 2116/2116/2116
f 2120/2120/2120 2121/2121/2121 2117/2117/2117
f 2122/2122/2122 2118/2118/2118 2119/2119/2119
f 2118/2118/2118 2122/2122/2122 2120/2120/2120
f 2122/2122/2122 2119/2119/2119 2123/2123/2123
f 2120/2120/2120 2124/2124/2124 2121/2121/2121
f 2122/2122/2122 2124/2124/2124 2120/2120/2120
f 2124/2124/2124 2125/2125/2125 2121/2121/2121
f 2126/2126/2126 2122/2122/2122 2123/2123/2123
f 2122/2122/2122 2126/2126/2126 2124/2124/2124
f 2126/2126/2126 2123/2123/2123 2127/2127/2127
f 2124/2124/2124 2128/2128/2128 2125/2125/2125
f 2126/2126/2126 2128/2128/2128 2124/2124/2124
f 2128/2128/2128 2129/2129/2129 2125/2125/2125
f 2128/2128/2128 2130/2130/2130 2129/2129/2129
f 2126/2126/2126 2131/2131/2131 2128/2128/2128
f 2131/2131/2131 2130/2130/2130 2128/2128/2128
f 2131/2131/2131 2126/2126/2126 2127/2127/2127
f 2131/2131/2131 2132/2132/2132 2130/2130/2130
f 2131/2131/2131 2127/2127/2127 2133/2133/2133
f 2132/2132/2132 2131/2131/2131 2133/2133/2133
f 2132/2132/2132 2133/2133/2133 2134/2134/2134
f 2135/2135/2135 2136/2136/2136 2137/2137/2137
f 2135/2135/2135 2137/2137/2137 2138/2138/2138
f 2136/2136/2136 2139/2139/2139 2137/2137/2137
f 2140/2140/2140 2135/2135/2135 2138/2138/2138
f 2136/2136/2136 2141/2141/2141 2139/2139/2139
f 2140/2140/2140 2138/2138/2138 2142/2142/2142
f 2141/2141/2141 2143/2143/2143 2139/2139/2139
f 2144/2144/2144 2140/2140/2140 2142/2142/2142
f 2141/2141/2141 2145/2145/2145 2143/2143/2143
f 2145/2145/2145 2146/2146/2146 2143/2143/2143
f 2145/2145/2145 2147/2147/2147 2146/2146/2146
f 2144/2144/2144 2142/2142/2142 2148/2148/2148
f 2149/2149/2149 2144/2144/2144 2148/2148/2148
f 2149/2149/2149 2148/2148/2148 2150/2150/2150
f 2151/2151/2151 2152/2152/2152 2153/2153/2153
f 2151/2151/2151 2153/2153/2153 2154/2154/2154
f 2152/2152/2152 2155/2155/2155 2153/2153/2153
f 2156/2156/2156 2151/2151/2151 2154/2154/2154
f 2152/2152/2152 2157/2157/2157 2155/2155/2155
f 2156/2156/2156 2154/2154/2154 2158/2158/2158
f 2159/2159/2159 2156/2156/2156 2158/2158/2158
f 2159/2159/2159 2158/2158/2158 2160/2160/2160
f 2161/2161/2161 2159/2159/2159 2160/2160/2160
f 2161/2161/2161 2162/2162/2162 2159/2159/2159
f 2155/2155/2155 2157/2157/2157 2163/2163/2163
f 2157/2157/2157 2164/2164/2164 2163/2163/2163
f 2157/2157/2157 2165/2165/2165 2164/2164/2164
f 2163/2163/2163 2164/2164/2164 2166/2166/2166
f 2163/2163/2163 2166/2166/2166 2167/2167/2167
f 2168/2168/2168 2169/2169/2169 2170/2170/2170
f 2168/2168/2168 2170/2170/2170 2171/2171/2171
f 2169/2169/2169 2172/2172/2172 2170/2170/2170
f 2173/2173/2173 2168/2168/2168 2171/2171/2171
f 2169/2169/2169 2174/2174/2174 2172/2172/2172
f 2174/2174/2174 2175/2175/2175 2172/2172/2172
f 2174/2174/2174 2176/2176/2176 2175/2175/2175
f 2173/2173/2173 2171/2171/2171 2177/2177/2177
f 2178/2178/2178 2173/2173/2173 2177/2177/2177
f 2178/2178/2178 2177/2177/2177 2179/2179/2179
f 2180/2180/2180 2178/2178/2178 2179/2179/2179
f 2180/2180/2180 2179/2179/2179 2181/2181/2181
f 2182/2182/2182 2183/2183/2183 2184/2184/2184
f 2182/2182/2182 2184/2184/2184 2185/2185/2185
f 2182/2182/2182 2186/2186/2186 2183/2183/2183
f 2187/2187/2187 2183/2183/2183 2186/2186/2186
f 2188/2188/2188 2187/2187/2187 2186/2186/2186
f 2188/2188/2188 2189/2189/2189 2187/2187/2187
f 2190/2190/2190 2189/2189/2189 2188/2188/2188
f 2190/2190/2190 2191/2191/2191 2189/2189/2189
f 2192/2192/2192 2191/2191/2191 2190/2190/2190
f 2192/2192/2192 2193/2193/2193 2191/2191/2191
f 2194/2194/2194 2193/2193/2193 2192/2192/2192
f 2194/2194/2194 2195/2195/2195 2193/2193/2193
f 2196/2196/2196 2195/2195/2195 2194/2194/2194
f 2196/2196/2196 2197/2197/2197 2195/2195/2195
f 2198/2198/2198 2199/2199/2199 2200/2200/2200
f 2201/2201/2201 2199/2199/2199 2198/2198/2198
f 2198/2198/2198 2200/2200/2200 2202/2202/2202
f 2201/2201/2201 2203/2203/2203 2199/2199/2199
f 2204/2204/2204 2203/2203/2203 2201/2201/2201
f 2204/2204/2204 2205/2205/2205 2203/2203/2203
f 2202/2202/2202 2200/2200/2200 2206/2206/2206
f 2202/2202/2202 2206/2206/2206 2207/2207/2207
f 2200/2200/2200 2208/2208/2208 2206/2206/2206
f 2205/2205/2205 2209/2209/2209 2203/2203/2203
f 2205/2205/2205 2210/2210/2210 2209/2209/2209
f 2211/2211/2211 2209/2209/2209 2210/2210/2210
f 2211/2211/2211 2210/2210/2210 2212/2212/2212
f 2213/2213/2213 2209/2209/2209 2211/2211/2211
f 2203/2203/2203 2209/2209/2209 2214/2214/2214
f 2213/2213/2213 2214/2214/2214 2209/2209/2209
f 2203/2203/2203 2214/2214/2214 2199/2199/2199
f 2215/2215/2215 2214/2214/2214 2213/2213/2213
f 2199/2199/2199 2216/2216/2216 2200/2200/2200
f 2199/2199/2199 2214/2214/2214 2216/2216/2216
f 2215/2215/2215 2216/2216/2216 2214/2214/2214
f 2217/2217/2217 2216/2216/2216 2215/2215/2215
f 2200/2200/2200 2216/2216/2216 2208/2208/2208
f 2217/2217/2217 2208/2208/2208 2216/2216/2216
f 2218/2218/2218 2208/2208/2208 2217/2217/2217
f 2218/2218/2218 2219/2219/2219 2208/2208/2208
f 2208/2208/2208 2219/2219/2219 2220/2220/2220
f 2208/2208/2208 2220/2220/2220 2206/2206/2206
f 2221/2221/2221 2206/2206/2206 2220/2220/2220
f 2207/2207/2207 2206/2206/2206 2221/2221/2221
f 2220/2220/2220 2222/2222/2222 2221/2221/2221
f 2207/2207/2207 2221/2221/2221 2223/2223/2223
f 2224/2224/2224 2221/2221/2221 2222/2222/2222
f 2224/2224/2224 2223/2223/2223 2221/2221/2221
f 2225/2225/2225 2226/2226/2226 2227/2227/2227
f 2228/2228/2228 2226/2226/2226 2225/2225/2225
f 2225/2225/2225 2227/2227/2227 2229/2229/2229
f 2228/2228/2228 2230/2230/2230 2226/2226/2226
f 2229/2229/2229 2227/2227/2227 2231/2231/2231
f 2232/2232/2232 2230/2230/2230 2228/2228/2228
f 2229/2229/2229 2231/2231/2231 2233/2233/2233
f 2232/2232/2232 2234/2234/2234 2230/2230/2230
f 2235/2235/2235 2234/2234/2234 2232/2232/2232
f 2235/2235/2235 2236/2236/2236 2234/2234/2234
f 2233/2233/2233 2231/2231/2231 2237/2237/2237
f 2233/2233/2233 2237/2237/2237 2238/2238/2238
f 2238/2238/2238 2237/2237/2237 2239/2239/2239
f 2238/2238/2238 2239/2239/2239 2240/2240/2240
f 2241/2241/2241 2242/2242/2242 2243/2243/2243
f 2241/2241/2241 2243/2243/2243 2244/2244/2244
f 2244/2244/2244 2243/2243/2243 2245/2245/2245
f 2241/2241/2241 2246/2246/2246 2242/2242/2242
f 2244/2244/2244 2245/2245/2245 2247/2247/2247
f 2247/2247/2247 2245/2245/2245 2248/2248/2248
f 2247/2247/2247 2248/2248/2248 2249/2249/2249
f 2250/2250/2250 2249/2249/2249 2248/2248/2248
f 2250/2250/2250 2248/2248/2248 2251/2251/2251
f 2252/2252/2252 2242/2242/2242 2246/2246/2246
f 2252/2252/2252 2253/2253/2253 2242/2242/2242
f 2246/2246/2246 2254/2254/2254 2252/2252/2252
f 2246/2246/2246 2255/2255/2255 2254/2254/2254
f 2255/2255/2255 2256/2256/2256 2254/2254/2254
f 2255/2255/2255 2257/2257/2257 2256/2256/2256
f 2258/2258/2258 2259/2259/2259 2260/2260/2260
f 2261/2261/2261 2259/2259/2259 2258/2258/2258
f 2261/2261/2261 2262/2262/2262 2259/2259/2259
f 2258/2258/2258 2260/2260/2260 2263/2263/2263
f 2263/2263/2263 2260/2260/2260 2264/2264/2264
f 2263/2263/2263 2264/2264/2264 2265/2265/2265
f 2265/2265/2265 2264/2264/2264 2266/2266/2266
f 2265/2265/2265 2266/2266/2266 2267/2267/2267
f 2267/2267/2267 2266/2266/2266 2268/2268/2268
f 2267/2267/2267 2268/2268/2268 2269/2269/2269
f 2270/2270/2270 2271/2271/2271 2272/2272/2272
f 2273/2273/2273 2274/2274/2274 2275/2275/2275
f 2273/2273/2273 2275/2275/2275 2276/2276/2276
f 2277/2277/2277 2274/2274/2274 2273/2273/2273
f 2277/2277/2277 2278/2278/2278 2274/2274/2274
f 2279/2279/2279 2278/2278/2278 2277/2277/2277
f 2279/2279/2279 2280/2280/2280 2278/2278/2278
f 2281/2281/2281 2280/2280/2280 2279/2279/2279
f 2281/2281/2281 2282/2282/2282 2280/2280/2280
f 2283/2283/2283 2282/2282/2282 2281/2281/2281
f 2283/2283/2283 2284/2284/2284 2282/2282/2282
f 2285/2285/2285 2284/2284/2284 2283/2283/2283
f 2285/2285/2285 2286/2286/2286 2284/2284/2284
f 2287/2287/2287 2286/2286/2286 2285/2285/2285
f 2287/2287/2287 2288/2288/2288 2286/2286/2286
f 2289/2289/2289 2290/2290/2290 2291/2291/2291
f 2289/2289/2289 2291/2291/2291 2292/2292/2292
f 2293/2293/2293 2290/2290/2290 2289/2289/2289
f 2291/2291/2291 2290/2290/2290 2294/2294/2294
f 2291/2291/2291 2294/2294/2294 2295/2295/2295
f 2293/2293/2293 2296/2296/2296 2290/2290/2290
f 2296/2296/2296 2294/2294/2294 2290/2290/2290
f 2297/2297/2297 2296/2296/2296 2293/2293/2293
f 2298/2298/2298 2295/2295/2295 2294/2294/2294
f 2298/2298/2298 2294/2294/2294 2299/2299/2299
f 2300/2300/2300 2299/2299/2299 2294/2294/2294
f 2300/2300/2300 2294/2294/2294 2301/2301/2301
f 2296/2296/2296 2301/2301/2301 2294/2294/2294
f 2302/2302/2302 2300/2300/2300 2301/2301/2301
f 2297/2297/2297 2303/2303/2303 2296/2296/2296
f 2303/2303/2303 2301/2301/2301 2296/2296/2296
f 2304/2304/2304 2303/2303/2303 2297/2297/2297
f 2302/2302/2302 2301/2301/2301 2305/2305/2305
f 2303/2303/2303 2305/2305/2305 2301/2301/2301
f 2302/2302/2302 2305/2305/2305 2306/2306/2306
f 2304/2304/2304 2307/2307/2307 2303/2303/2303
f 2307/2307/2307 2305/2305/2305 2303/2303/2303
f 2308/2308/2308 2307/2307/2307 2304/2304/2304
f 2306/2306/2306 2305/2305/2305 2309/2309/2309
f 2307/2307/2307 2309/2309/2309 2305/2305/2305
f 2306/2306/2306 2309/2309/2309 2310/2310/2310
f 2308/2308/2308 2311/2311/2311 2307/2307/2307
f 2311/2311/2311 2309/2309/2309 2307/2307/2307
f 2312/2312/2312 2311/2311/2311 2308/2308/2308
f 2310/2310/2310 2309/2309/2309 2313/2313/2313
f 2311/2311/2311 2313/2313/2313 2309/2309/2309
f 2310/2310/2310 2313/2313/2313 2314/2314/2314
f 2312/2312/2312 2315/2315/2315 2311/2311/2311
f 2315/2315/2315 2313/2313/2313 2311/2311/2311
f 2316/2316/2316 2315/2315/2315 2312/2312/2312
f 2316/2316/2316 2317/2317/2317 2315/2315/2315
f 2315/2315/2315 2318/2318/2318 2313/2313/2313
f 2314/2314/2314 2313/2313/2313 2318/2318/2318
f 2317/2317/2317 2318/2318/2318 2315/2315/2315
f 2314/2314/2314 2318/2318/2318 2319/2319/2319
f 2317/2317/2317 2320/2320/2320 2318/2318/2318
f 2319/2319/2319 2318/2318/2318 2320/2320/2320
f 2319/2319/2319 2320/2320/2320 2321/2321/2321
f 2322/2322/2322 2323/2323/2323 2324/2324/2324
f 2325/2325/2325 2323/2323/2323 2322/2322/2322
f 2322/2322/2322 2324/2324/2324 2326/2326/2326
f 2325/2325/2325 2327/2327/2327 2323/2323/2323
f 2326/2326/2326 2324/2324/2324 2328/2328/2328
f 2329/2329/2329 2327/2327/2327 2325/2325/2325
f 2326/2326/2326 2328/2328/2328 2330/2330/2330
f 2329/2329/2329 2331/2331/2331 2327/2327/2327
f 2332/2332/2332 2331/2331/2331 2329/2329/2329
f 2332/2332/2332 2333/2333/2333 2331/2331/2331
f 2330/2330/2330 2328/2328/2328 2334/2334/2334
f 2330/2330/2330 2334/2334/2334 2335/2335/2335
f 2335/2335/2335 2334/2334/2334 2336/2336/2336
f 2335/2335/2335 2336/2336/2336 2337/2337/2337
f 2338/2338/2338 2339/2339/2339 2340/2340/2340
f 2341/2341/2341 2339/2339/2339 2338/2338/2338
f 2338/2338/2338 2340/2340/2340 2342/2342/2342
f 2341/2341/2341 2343/2343/2343 2339/2339/2339
f 2342/2342/2342 2340/2340/2340 2344/2344/2344
f 2342/2342/2342 2344/2344/2344 2345/2345/2345
f 2345/2345/2345 2344/2344/2344 2346/2346/2346
f 2345/2345/2345 2346/2346/2346 2347/2347/2347
f 2348/2348/2348 2347/2347/2347 2346/2346/2346
f 2348/2348/2348 2346/2346/2346 2349/2349/2349
f 2341/2341/2341 2350/2350/2350 2343/2343/2343
f 2351/2351/2351 2343/2343/2343 2350/2350/2350
f 2351/2351/2351 2352/2352/2352 2343/2343/2343
f 2350/2350/2350 2353/2353/2353 2351/2351/2351
f 2350/2350/2350 2354/2354/2354 2353/2353/2353
f 2355/2355/2355 2356/2356/2356 2357/2357/2357
f 2358/2358/2358 2356/2356/2356 2355/2355/2355
f 2355/2355/2355 2357/2357/2357 2359/2359/2359
f 2358/2358/2358 2360/2360/2360 2356/2356/2356
f 2361/2361/2361 2360/2360/2360 2358/2358/2358
f 2361/2361/2361 2362/2362/2362 2360/2360/2360
f 2359/2359/2359 2357/2357/2357 2363/2363/2363
f 2359/2359/2359 2363/2363/2363 2364/2364/2364
f 2364/2364/2364 2363/2363/2363 2365/2365/2365
f 2364/2364/2364 2365/2365/2365 2366/2366/2366
f 2366/2366/2366 2365/2365/2365 2367/2367/2367
f 2366/2366/2366 2367/2367/2367 2368/2368/2368
f 2369/2369/2369 2370/2370/2370 2371/2371/2371
f 2369/2369/2369 2371/2371/2371 2372/2372/2372
f 2371/2371/2371 2370/2370/2370 2373/2373/2373
f 2370/2370/2370 2374/2374/2374 2373/2373/2373
f 2374/2374/2374 2375/2375/2375 2373/2373/2373
f 2374/2374/2374 2376/2376/2376 2375/2375/2375
f 2376/2376/2376 2377/2377/2377 2375/2375/2375
f 2376/2376/2376 2378/2378/2378 2377/2377/2377
f 2378/2378/2378 2379/2379/2379 2377/2377/2377
f 2378/2378/2378 2380/2380/2380 2379/2379/2379
f 2380/2380/2380 2381/2381/2381 2379/2379/2379
f 2380/2380/2380 2382/2382/2382 2381/2381/2381
f 2382/2382/2382 2383/2383/2383 2381/2381/2381
f 2382/2382/2382 2384/2384/2384 2383/2383/2383
f 2385/2385/2385 2386/2386/2386 2387/2387/2387
f 2385/2385/2385 2387/2387/2387 2388/2388/2388
f 2386/2386/2386 2389/2389/2389 2387/2387/2387
f 2390/2390/2390 2385/2385/2385 2388/2388/2388
f 2390/2390/2390 2388/2388/2388 2391/2391/2391
f 2392/2392/2392 2385/2385/2385 2390/2390/2390
f 2393/2393/2393 2390/2390/2390 2391/2391/2391
f 2393/2393/2393 2391/2391/2391 2394/2394/2394
f 2393/2393/2393 2395/2395/2395 2390/2390/2390
f 2395/2395/2395 2392/2392/2392 2390/2390/2390
f 2396/2396/2396 2393/2393/2393 2394/2394/2394
f 2396/2396/2396 2395/2395/2395 2393/2393/2393
f 2396/2396/2396 2394/2394/2394 2397/2397/2397
f 2395/2395/2395 2398/2398/2398 2392/2392/2392
f 2392/2392/2392 2398/2398/2398 2399/2399/2399
f 2392/2392/2392 2399/2399/2399 2400/2400/2400
f 2401/2401/2401 2392/2392/2392 2400/2400/2400
f 2392/2392/2392 2401/2401/2401 2385/2385/2385
f 2401/2401/2401 2386/2386/2386 2385/2385/2385
f 2401/2401/2401 2400/2400/2400 2402/2402/2402
f 2403/2403/2403 2401/2401/2401 2402/2402/2402
f 2401/2401/2401 2403/2403/2403 2386/2386/2386
f 2403/2403/2403 2402/2402/2402 2404/2404/2404
f 2403/2403/2403 2405/2405/2405 2386/2386/2386
f 2386/2386/2386 2405/2405/2405 2389/2389/2389
f 2405/2405/2405 2406/2406/2406 2389/2389/2389
f 2405/2405/2405 2407/2407/2407 2406/2406/2406
f 2403/2403/2403 2408/2408/2408 2405/2405/2405
f 2408/2408/2408 2407/2407/2407 2405/2405/2405
f 2408/2408/2408 2403/2403/2403 2404/2404/2404
f 2408/2408/2408 2409/2409/2409 2407/2407/2407
f 2408/2408/2408 2404/2404/2404 2410/2410/2410
f 2409/2409/2409 2408/2408/2408 2410/2410/2410
f 2409/2409/2409 2410/2410/2410 2411/2411/2411
f 2412/2412/2412 2413/2413/2413 2414/2414/2414
f 2412/2412/2412 2414/2414/2414 2415/2415/2415
f 2413/2413/2413 2416/2416/2416 2414/2414/2414
f 2417/2417/2417 2412/2412/2412 2415/2415/2415
f 2413/2413/2413 2418/2418/2418 2416/2416/2416
f 2417/2417/2417 2415/2415/2415 2419/2419/2419
f 2418/2418/2418 2420/2420/2420 2416/2416/2416
f 2421/2421/2421 2417/2417/2417 2419/2419/2419
f 2418/2418/2418 2422/2422/2422 2420/2420/2420
f 2422/2422/2422 2423/2423/2423 2420/2420/2420
f 2422/2422/2422 2424/2424/2424 2423/2423/2423
f 2421/2421/2421 2419/2419/2419 2425/2425/2425
f 2426/2426/2426 2421/2421/2421 2425/2425/2425
f 2426/2426/2426 2425/2425/2425 2427/2427/2427
f 2428/2428/2428 2429/2429/2429 2430/2430/2430
f 2428/2428/2428 2430/2430/2430 2431/2431/2431
f 2432/2432/2432 2428/2428/2428 2431/2431/2431
f 2430/2430/2430 2429/2429/2429 2433/2433/2433
f 2432/2432/2432 2431/2431/2431 2434/2434/2434
f 2435/2435/2435 2432/2432/2432 2434/2434/2434
f 2435/2435/2435 2434/2434/2434 2436/2436/2436
f 2437/2437/2437 2435/2435/2435 2436/2436/2436
f 2437/2437/2437 2438/2438/2438 2435/2435/2435
f 2429/2429/2429 2439/2439/2439 2433/2433/2433
f 2429/2429/2429 2440/2440/2440 2439/2439/2439
f 2433/2433/2433 2439/2439/2439 2441/2441/2441
f 2433/2433/2433 2441/2441/2441 2442/2442/2442
f 2442/2442/2442 2441/2441/2441 2443/2443/2443
f 2442/2442/2442 2443/2443/2443 2444/2444/2444
f 2445/2445/2445 2446/2446/2446 2447/2447/2447
f 2446/2446/2446 2448/2448/2448 2447/2447/2447
f 2446/2446/2446 2449/2449/2449 2448/2448/2448
f 2445/2445/2445 2447/2447/2447 2450/2450/2450
f 2451/2451/2451 2445/2445/2445 2450/2450/2450
f 2451/2451/2451 2450/2450/2450 2452/2452/2452
f 2453/2453/2453 2451/2451/2451 2452/2452/2452
f 2453/2453/2453 2452/2452/2452 2454/2454/2454
f 2455/2455/2455 2453/2453/2453 2454/2454/2454
f 2455/2455/2455 2454/2454/2454 2456/2456/2456
f 2457/2457/2457 2458/2458/2458 2459/2459/2459
f 2460/2460/2460 2461/2461/2461 2462/2462/2462
f 2460/2460/2460 2462/2462/2462 2463/2463/2463
f 2461/2461/2461 2464/2464/2464 2462/2462/2462
f 2461/2461/2461 2465/2465/2465 2464/2464/2464
f 2465/2465/2465 2466/2466/2466 2464/2464/2464
f 2465/2465/2465 2467/2467/2467 2466/2466/2466
f 2467/2467/2467 2468/2468/2468 2466/2466/2466
f 2467/2467/2467 2469/2469/2469 2468/2468/2468
f 2469/2469/2469 2470/2470/2470 2468/2468/2468
f 2469/2469/2469 2471/2471/2471 2470/2470/2470
f 2471/2471/2471 2472/2472/2472 2470/2470/2470
f 2471/2471/2471 2473/2473/2473 2472/2472/2472
f 2473/2473/2473 2474/2474/2474 2472/2472/2472
f 2473/2473/2473 2475/2475/2475 2474/2474/2474
f 2476/2476/2476 2477/2477/2477 2478/2478/2478
f 2476/2476/2476 2478/2478/2478 2479/2479/2479
f 2477/2477/2477 2480/2480/2480 2478/2478/2478
f 2481/2481/2481 2477/2477/2477 2476/2476/2476
f 2481/2481/2481 2476/2476/2476 2482/2482/2482
f 2477/2477/2477 2483/2483/2483 2480/2480/2480
f 2481/2481/2481 2483/2483/2483 2477/2477/2477
f 2483/2483/2483 2484/2484/2484 2480/2480/2480
f 2481/2481/2481 2482/2482/2482 2485/2485/2485
f 2481/2481/2481 2485/2485/2485 2486/2486/2486
f 2481/2481/2481 2486/2486/2486 2487/2487/2487
f 2481/2481/2481 2487/2487/2487 2488/2488/2488
f 2481/2481/2481 2488/2488/2488 2483/2483/2483
f 2489/2489/2489 2488/2488/2488 2487/2487/2487
f 2483/2483/2483 2490/2490/2490 2484/2484/2484
f 2488/2488/2488 2490/2490/2490 2483/2483/2483
f 2490/2490/2490 2491/2491/2491 2484/2484/2484
f 2492/2492/2492 2488/2488/2488 2489/2489/2489
f 2488/2488/2488 2492/2492/2492 2490/2490/2490
f 2492/2492/2492 2489/2489/2489 2493/2493/2493
f 2490/2490/2490 2494/2494/2494 2491/2491/2491
f 2492/2492/2492 2494/2494/2494 2490/2490/2490
f 2494/2494/2494 2495/2495/2495 2491/2491/2491
f 2496/2496/2496 2492/2492/2492 2493/2493/2493
f 2492/2492/2492 2496/2496/2496 2494/2494/2494
f 2496/2496/2496 2493/2493/2493 2497/2497/2497
f 2494/2494/2494 2498/2498/2498 2495/2495/2495
f 2496/2496/2496 2498/2498/2498 2494/2494/2494
f 2498/2498/2498 2499/2499/2499 2495/2495/2495
f 2500/2500/2500 2496/2496/2496 2497/2497/2497
f 2496/2496/2496 2500/2500/2500 2498/2498/2498
f 2500/2500/2500 2497/2497/2497 2501/2501/2501
f 2498/2498/2498 2502/2502/2502 2499/2499/2499
f 2500/2500/2500 2502/2502/2502 2498/2498/2498
f 2502/2502/2502 2503/2503/2503 2499/2499/2499
f 2502/2502/2502 2504/2504/2504 2503/2503/2503
f 2500/2500/2500 2505/2505/2505 2502/2502/2502
f 2505/2505/2505 2504/2504/2504 2502/2502/2502
f 2505/2505/2505 2500/2500/2500 2501/2501/2501
f 2505/2505/2505 2506/2506/2506 2504/2504/2504
f 2505/2505/2505 2501/2501/2501 2507/2507/2507
f 2506/2506/2506 2505/2505/2505 2507/2507/2507
f 2506/2506/2506 2507/2507/2507 2508/2508/2508
f 2509/2509/2509 2510/2510/2510 2511/2511/2511
f 2509/2509/2509 2511/2511/2511 2512/2512/2512
f 2510/2510/2510 2513/2513/2513 2511/2511/2511
f 2514/2514/2514 2509/2509/2509 2512/2512/2512
f 2510/2510/2510 2515/2515/2515 2513/2513/2513
f 2514/2514/2514 2512/2512/2512 2516/2516/2516
f 2515/2515/2515 2517/2517/2517 2513/2513/2513
f 2518/2518/2518 2514/2514/2514 2516/2516/2516
f 2515/2515/2515 2519/2519/2519 2517/2517/2517
f 2519/2519/2519 2520/2520/2520 2517/2517/2517
f 2519/2519/2519 2521/2521/2521 2520/2520/2520
f 2518/2518/2518 2516/2516/2516 2522/2522/2522
f 2523/2523/2523 2518/2518/2518 2522/2522/2522
f 2523/2523/2523 2522/2522/2522 2524/2524/2524
f 2525/2525/2525 2526/2526/2526 2527/2527/2527
f 2525/2525/2525 2527/2527/2527 2528/2528/2528
f 2526/2526/2526 2529/2529/2529 2527/2527/2527
f 2530/2530/2530 2525/2525/2525 2528/2528/2528
f 2526/2526/2526 2531/2531/2531 2529/2529/2529
f 2530/2530/2530 2528/2528/2528 2532/2532/2532
f 2533/2533/2533 2530/2530/2530 2532/2532/2532
f 2533/2533/2533 2532/2532/2532 2534/2534/2534
f 2535/2535/2535 2533/2533/2533 2534/2534/2534
f 2535/2535/2535 2536/2536/2536 2533/2533/2533
f 2529/2529/2529 2531/2531/2531 2537/2537/2537
f 2531/2531/2531 2538/2538/2538 2537/2537/2537
f 2531/2531/2531 2539/2539/2539 2538/2538/2538
f 2537/2537/2537 2538/2538/2538 2540/2540/2540
f 2537/2537/2537 2540/2540/2540 2541/2541/2541
f 2542/2542/2542 2543/2543/2543 2544/2544/2544
f 2542/2542/2542 2544/2544/2544 2545/2545/2545
f 2543/2543/2543 2546/2546/2546 2544/2544/2544
f 2547/2547/2547 2542/2542/2542 2545/2545/2545
f 2543/2543/2543 2548/2548/2548 2546/2546/2546
f 2548/2548/2548 2549/2549/2549 2546/2546/2546
f 2548/2548/2548 2550/2550/2550 2549/2549/2549
f 2547/2547/2547 2545/2545/2545 2551/2551/2551
f 2552/2552/2552 2547/2547/2547 2551/2551/2551
f 2552/2552/2552 2551/2551/2551 2553/2553/2553
f 2554/2554/2554 2552/2552/2552 2553/2553/2553
f 2554/2554/2554 2553/2553/2553 2555/2555/2555
f 2556/2556/2556 2557/2557/2557 2558/2558/2558
f 2556/2556/2556 2558/2558/2558 2559/2559/2559
f 2556/2556/2556 2560/2560/2560 2557/2557/2557
f 2561/2561/2561 2557/2557/2557 2560/2560/2560
f 2561/2561/2561 2562/2562/2562 2557/2557/2557
f 2563/2563/2563 2561/2561/2561 2560/2560/2560
f 2563/2563/2563 2564/2564/2564 2561/2561/2561
f 2565/2565/2565 2564/2564/2564 2563/2563/2563
f 2565/2565/2565 2566/2566/2566 2564/2564/2564
f 2567/2567/2567 2566/2566/2566 2565/2565/2565
f 2567/2567/2567 2568/2568/2568 2566/2566/2566
f 2569/2569/2569 2568/2568/2568 2567/2567/2567
f 2569/2569/2569 2570/2570/2570 2568/2568/2568
f 2571/2571/2571 2570/2570/2570 2569/2569/2569
f 2571/2571/2571 2572/2572/2572 2570/2570/2570
f 2573/2573/2573 2574/2574/2574 2575/2575/2575
f 2576/2576/2576 2574/2574/2574 2573/2573/2573
f 2573/2573/2573 2575/2575/2575 2577/2577/2577
f 2576/2576/2576 2578/2578/2578 2574/2574/2574
f 2579/2579/2579 2578/2578/2578 2576/2576/2576
f 2579/2579/2579 2580/2580/2580 2578/2578/2578
f 2577/2577/2577 2575/2575/2575 2581/2581/2581
f 2577/2577/2577 2581/2581/2581 2582/2582/2582
f 2575/2575/2575 2583/2583/2583 2581/2581/2581
f 2580/2580/2580 2584/2584/2584 2578/2578/2578
f 2580/2580/2580 2585/2585/2585 2584/2584/2584
f 2586/2586/2586 2584/2584/2584 2585/2585/2585
f 2586/2586/2586 2585/2585/2585 2587/2587/2587
f 2588/2588/2588 2584/2584/2584 2586/2586/2586
f 2578/2578/2578 2584/2584/2584 2589/2589/2589
f 2588/2588/2588 2589/2589/2589 2584/2584/2584
f 2578/2578/2578 2589/2589/2589 2574/2574/2574
f 2590/2590/2590 2589/2589/2589 2588/2588/2588
f 2574/2574/2574 2591/2591/2591 2575/2575/2575
f 2574/2574/2574 2589/2589/2589 2591/2591/2591
f 2590/2590/2590 2591/2591/2591 2589/2589/2589
f 2592/2592/2592 2591/2591/2591 2590/2590/2590
f 2575/2575/2575 2591/2591/2591 2583/2583/2583
f 2592/2592/2592 2583/2583/2583 2591/2591/2591
f 2593/2593/2593 2583/2583/2583 2592/2592/2592
f 2593/2593/2593 2594/2594/2594 2583/2583/2583
f 2583/2583/2583 2594/2594/2594 2595/2595/2595
f 2583/2583/2583 2595/2595/2595 2581/2581/2581
f 2596/2596/2596 2581/2581/2581 2595/2595/2595
f 2582/2582/2582 2581/2581/2581 2596/2596/2596
f 2595/2595/2595 2597/2597/2597 2596/2596/2596
f 2582/2582/2582 2596/2596/2596 2598/2598/2598
f 2599/2599/2599 2596/2596/2596 2597/2597/2597
f 2599/2599/2599 2598/2598/2598 2596/2596/2596
f 2600/2600/2600 2601/2601/2601 2602/2602/2602
f 2603/2603/2603 2601/2601/2601 2600/2600/2600
f 2600/2600/2600 2602/2602/2602 2604/2604/2604
f 2603/2603/2603 2605/2605/2605 2601/2601/2601
f 2604/2604/2604 2602/2602/2602 2606/2606/2606
f 2607/2607/2607 2605/2605/2605 2603/2603/2603
f 2604/2604/2604 2606/2606/2606 2608/2608/2608
f 2607/2607/2607 2609/2609/2609 2605/2605/2605
f 2610/2610/2610 2609/2609/2609 2607/2607/2607
f 2610/2610/2610 2611/2611/2611 2609/2609/2609
f 2608/2608/2608 2606/2606/2606 2612/2612/2612
f 2608/2608/2608 2612/2612/2612 2613/2613/2613
f 2613/2613/2613 2612/2612/2612 2614/2614/2614
f 2613/2613/2613 2614/2614/2614 2615/2615/2615
f 2616/2616/2616 2617/2617/2617 2618/2618/2618
f 2616/2616/2616 2618/2618/2618 2619/2619/2619
f 2619/2619/2619 2618/2618/2618 2620/2620/2620
f 2616/2616/2616 2621/2621/2621 2617/2617/2617
f 2619/2619/2619 2620/2620/2620 2622/2622/2622
f 2622/2622/2622 2620/2620/2620 2623/2623/2623
f 2622/2622/2622 2623/2623/2623 2624/2624/2624
f 2625/2625/2625 2624/2624/2624 2623/2623/2623
f 2625/2625/2625 2623/2623/2623 2626/2626/2626
f 2627/2627/2627 2617/2617/2617 2621/2621/2621
f 2627/2627/2627 2628/2628/2628 2617/2617/2617
f 2621/2621/2621 2629/2629/2629 2627/2627/2627
f 2621/2621/2621 2630/2630/2630 2629/2629/2629
f 2630/2630/2630 2631/2631/2631 2629/2629/2629
f 2630/2630/2630 2632/2632/2632 2631/2631/2631
f 2633/2633/2633 2634/2634/2634 2635/2635/2635
f 2636/2636/2636 2634/2634/2634 2633/2633/2633
f 2636/2636/2636 2637/2637/2637 2634/2634/2634
f 2633/2633/2633 2635/2635/2635 2638/2638/2638
f 2638/2638/2638 2635/2635/2635 2639/2639/2639
f 2638/2638/2638 2639/2639/2639 2640/2640/2640
f 2640/2640/2640 2639/2639/2639 2641/2641/2641
f 2640/2640/2640 2641/2641/2641 2642/2642/2642
f 2642/2642/2642 2641/2641/2641 2643/2643/2643
f 2642/2642/2642 2643/2643/2643 2644/2644/2644
f 2645/2645/2645 2646/2646/2646 2647/2647/2647
f 2645/2645/2645 2647/2647/2647 2648/2648/2648
f 2646/2646/2646 2649/2649/2649 2647/2647/2647
f 2646/2646/2646 2650/2650/2650 2649/2649/2649
f 2650/2650/2650 2651/2651/2651 2649/2649/2649
f 2650/2650/2650 2652/2652/2652 2651/2651/2651
f 2652/2652/2652 2653/2653/2653 2651/2651/2651
f 2652/2652/2652 2654/2654/2654 2653/2653/2653
f 2654/2654/2654 2655/2655/2655 2653/2653/2653
f 2654/2654/2654 2656/2656/2656 2655/2655/2655
f 2656/2656/2656 2657/2657/2657 2655/2655/2655
f 2656/2656/2656 2658/2658/2658 2657/2657/2657
f 2658/2658/2658 2659/2659/2659 2657/2657/2657
f 2658/2658/2658 2660/2660/2660 2659/2659/2659
f 2661/2661/2661 2662/2662/2662 2663/2663/2663
f 2661/2661/2661 2663/2663/2663 2664/2664/2664
f 2662/2662/2662 2665/2665/2665 2663/2663/2663
f 2666/2666/2666 2662/2662/2662 2661/2661/2661
f 2666/2666/2666 2661/2661/2661 2667/2667/2667
f 2662/2662/2662 2668/2668/2668 2665/2665/2665
f 2666/2666/2666 2668/2668/2668 2662/2662/2662
f 2668/2668/2668 2669/2669/2669 2665/2665/2665
f 2666/2666/2666 2667/2667/2667 2670/2670/2670
f 2666/2666/2666 2670/2670/2670 2671/2671/2671
f 2666/2666/2666 2671/2671/2671 2672/2672/2672
f 2666/2666/2666 2672/2672/2672 2673/2673/2673
f 2666/2666/2666 2673/2673/2673 2668/2668/2668
f 2674/2674/2674 2673/2673/2673 2672/2672/2672
f 2668/2668/2668 2675/2675/2675 2669/2669/2669
f 2673/2673/2673 2675/2675/2675 2668/2668/2668
f 2675/2675/2675 2676/2676/2676 2669/2669/2669
f 2677/2677/2677 2673/2673/2673 2674/2674/2674
f 2673/2673/2673 2677/2677/2677 2675/2675/2675
f 2677/2677/2677 2674/2674/2674 2678/2678/2678
f 2675/2675/2675 2679/2679/2679 2676/2676/2676
f 2677/2677/2677 2679/2679/2679 2675/2675/2675
f 2679/2679/2679 2680/2680/2680 2676/2676/2676
f 2681/2681/2681 2677/2677/2677 2678/2678/2678
f 2677/2677/2677 2681/2681/2681 2679/2679/2679
f 2681/2681/2681 2678/2678/2678 2682/2682/2682
f 2679/2679/2679 2683/2683/2683 2680/2680/2680
f 2681/2681/2681 2683/2683/2683 2679/2679/2679
f 2683/2683/2683 2684/2684/2684 2680/2680/2680
f 2685/2685/2685 2681/2681/2681 2682/2682/2682
f 2681/2681/2681 2685/2685/2685 2683/2683/2683
f 2685/2685/2685 2682/2682/2682 2686/2686/2686
f 2683/2683/2683 2687/2687/2687 2684/2684/2684
f 2685/2685/2685 2687/2687/2687 2683/2683/2683
f 2687/2687/2687 2688/2688/2688 2684/2684/2684
f 2687/2687/2687 2689/2689/2689 2688/2688/2688
f 2685/2685/2685 2690/2690/2690 2687/2687/2687
f 2690/2690/2690 2689/2689/2689 2687/2687/2687
f 2690/2690/2690 2685/2685/2685 2686/2686/2686
f 2690/2690/2690 2691/2691/2691 2689/2689/2689
f 2690/2690/2690 2686/2686/2686 2692/2692/2692
f 2691/2691/2691 2690/2690/2690 2692/2692/2692
f 2691/2691/2691 2692/2692/2692 2693/2693/2693
f 2694/2694/2694 2695/2695/2695 2696/2696/2696
f 2694/2694/2694 2696/2696/2696 2697/2697/2697
f 2695/2695/2695 2698/2698/2698 2696/2696/2696
f 2699/2699/2699 2694/2694/2694 2697/2697/2697
f 2695/2695/2695 2700/2700/2700 2698/2698/2698
f 2699/2699/2699 2697/2697/2697 2701/2701/2701
f 2700/2700/2700 2702/2702/2702 2698/2698/2698
f 2703/2703/2703 2699/2699/2699 2701/2701/2701
f 2700/2700/2700 2704/2704/2704 2702/2702/2702
f 2704/2704/2704 2705/2705/2705 2702/2702/2702
f 2704/2704/2704 2706/2706/2706 2705/2705/2705
f 2703/2703/2703 2701/2701/2701 2707/2707/2707
f 2708/2708/2708 2703/2703/2703 2707/2707/2707
f 2708/2708/2708 2707/2707/2707 2709/2709/2709
f 2710/2710/2710 2711/2711/2711 2712/2712/2712
f 2710/2710/2710 2712/2712/2712 2713/2713/2713
f 2711/2711/2711 2714/2714/2714 2712/2712/2712
f 2715/2715/2715 2710/2710/2710 2713/2713/2713
f 2711/2711/2711 2716/2716/2716 2714/2714/2714
f 2715/2715/2715 2713/2713/2713 2717/2717/2717
f 2718/2718/2718 2715/2715/2715 2717/2717/2717
f 2718/2718/2718 2717/2717/2717 2719/2719/2719
f 2720/2720/2720 2718/2718/2718 2719/2719/2719
f 2720/2720/2720 2721/2721/2721 2718/2718/2718
f 2714/2714/2714 2716/2716/2716 2722/2722/2722
f 2716/2716/2716 2723/2723/2723 2722/2722/2722
f 2716/2716/2716 2724/2724/2724 2723/2723/2723
f 2722/2722/2722 2723/2723/2723 2725/2725/2725
f 2722/2722/2722 2725/2725/2725 2726/2726/2726
f 2727/2727/2727 2728/2728/2728 2729/2729/2729
f 2727/2727/2727 2729/2729/2729 2730/2730/2730
f 2728/2728/2728 2731/2731/2731 2729/2729/2729
f 2732/2732/2732 2727/2727/2727 2730/2730/2730
f 2728/2728/2728 2733/2733/2733 2731/2731/2731
f 2733/2733/2733 2734/2734/2734 2731/2731/2731
f 2733/2733/2733 2735/2735/2735 2734/2734/2734
f 2732/2732/2732 2730/2730/2730 2736/2736/2736
f 2737/2737/2737 2732/2732/2732 2736/2736/2736
f 2737/2737/2737 2736/2736/2736 2738/2738/2738
f 2739/2739/2739 2737/2737/2737 2738/2738/2738
f 2739/2739/2739 2738/2738/2738 2740/2740/2740
f 2741/2741/2741 2742/2742/2742 2743/2743/2743
f 2741/2741/2741 2743/2743/2743 2744/2744/2744
f 2741/2741/2741 2745/2745/2745 2742/2742/2742
f 2746/2746/2746 2742/2742/2742 2745/2745/2745
f 2747/2747/2747 2746/2746/2746 2745/2745/2745
f 2747/2747/2747 2748/2748/2748 2746/2746/2746
f 2749/2749/2749 2748/2748/2748 2747/2747/2747
f 2749/2749/2749 2750/2750/2750 2748/2748/2748
f 2751/2751/2751 2750/2750/2750 2749/2749/2749
f 2751/2751/2751 2752/2752/2752 2750/2750/2750
f 2753/2753/2753 2752/2752/2752 2751/2751/2751
f 2753/2753/2753 2754/2754/2754 2752/2752/2752
f 2755/2755/2755 2754/2754/2754 2753/2753/2753
f 2755/2755/2755 2756/2756/2756 2754/2754/2754
f 2757/2757/2757 2758/2758/2758 2759/2759/2759
f 2760/2760/2760 2758/2758/2758 2757/2757/2757
f 2757/2757/2757 2759/2759/2759 2761/2761/2761
f 2760/2760/2760 2762/2762/2762 2758/2758/2758
f 2763/2763/2763 2762/2762/2762 2760/2760/2760
f 2763/2763/2763 2764/2764/2764 2762/2762/2762
f 2761/2761/2761 2759/2759/2759 2765/2765/2765
f 2761/2761/2761 2765/2765/2765 2766/2766/2766
f 2759/2759/2759 2767/2767/2767 2765/2765/2765
f 2764/2764/2764 2768/2768/2768 2762/2762/2762
f 2764/2764/2764 2769/2769/2769 2768/2768/2768
f 2770/2770/2770 2768/2768/2768 2769/2769/2769
f 2770/2770/2770 2769/2769/2769 2771/2771/2771
f 2772/2772/2772 2768/2768/2768 2770/2770/2770
f 2762/2762/2762 2768/2768/2768 2773/2773/2773
f 2772/2772/2772 2773/2773/2773 2768/2768/2768
f 2762/2762/2762 2773/2773/2773 2758/2758/2758
f 2774/2774/2774 2773/2773/2773 2772/2772/2772
f 2758/2758/2758 2775/2775/2775 2759/2759/2759
f 2758/2758/2758 2773/2773/2773 2775/2775/2775
f 2774/2774/2774 2775/2775/2775 2773/2773/2773
f 2776/2776/2776 2775/2775/2775 2774/2774/2774
f 2759/2759/2759 2775/2775/2775 2767/2767/2767
f 2776/2776/2776 2767/2767/2767 2775/2775/2775
f 2777/2777/2777 2767/2767/2767 2776/2776/2776
f 2777/2777/2777 2778/2778/2778 2767/2767/2767
f 2767/2767/2767 2778/2778/2778 2779/2779/2779
f 2767/2767/2767 2779/2779/2779 2765/2765/2765
f 2780/2780/2780 2765/2765/2765 2779/2779/2779
f 2766/2766/2766 2765/2765/2765 2780/2780/2780
f 2779/2779/2779 2781/2781/2781 2780/2780/2780
f 2766/2766/2766 2780/2780/2780 2782/2782/2782
f 2783/2783/2783 2780/2780/2780 2781/2781/2781
f 2783/2783/2783 2782/2782/2782 2780/2780/2780
f 2784/2784/2784 2785/2785/2785 2786/2786/2786
f 2787/2787/2787 2785/2785/2785 2784/2784/2784
f 2784/2784/2784 2786/2786/2786 2788/2788/2788
f 2787/2787/2787 2789/2789/2789 2785/2785/2785
f 2788/2788/2788 2786/2786/2786 2790/2790/2790
f 2791/2791/2791 2789/2789/2789 2787/2787/2787
f 2788/2788/2788 2790/2790/2790 2792/2792/2792
f 2791/2791/2791 2793/2793/2793 2789/2789/2789
f 2794/2794/2794 2793/2793/2793 2791/2791/2791
f 2794/2794/2794 2795/2795/2795 2793/2793/2793
f 2792/2792/2792 2790/2790/2790 2796/2796/2796
f 2792/2792/2792 2796/2796/2796 2797/2797/2797
f 2797/2797/2797 2796/2796/2796 2798/2798/2798
f 2797/2797/2797 2798/2798/2798 2799/2799/2799
f 2800/2800/2800 2801/2801/2801 2802/2802/2802
f 2800/2800/2800 2802/2802/2802 2803/2803/2803
f 2803/2803/2803 2802/2802/2802 2804/2804/2804
f 2800/2800/2800 2805/2805/2805 2801/2801/2801
f 2803/2803/2803 2804/2804/2804 2806/2806/2806
f 2806/2806/2806 2804/2804/2804 2807/2807/2807
f 2806/2806/2806 2807/2807/2807 2808/2808/2808
f 2809/2809/2809 2808/2808/2808 2807/2807/2807
f 2809/2809/2809 2807/2807/2807 2810/2810/2810
f 2811/2811/2811 2801/2801/2801 2805/2805/2805
f 2811/2811/2811 2812/2812/2812 2801/2801/2801
f 2805/2805/2805 2813/2813/2813 2811/2811/2811
f 2805/2805/2805 2814/2814/2814 2813/2813/2813
f 2814/2814/2814 2815/2815/2815 2813/2813/2813
f 2814/2814/2814 2816/2816/2816 2815/2815/2815
f 2817/2817/2817 2818/2818/2818 2819/2819/2819
f 2820/2820/2820 2818/2818/2818 2817/2817/2817
f 2820/2820/2820 2821/2821/2821 2818/2818/2818
f 2817/2817/2817 2819/2819/2819 2822/2822/2822
f 2822/2822/2822 2819/2819/2819 2823/2823/2823
f 2822/2822/2822 2823/2823/2823 2824/2824/2824
f 2824/2824/2824 2823/2823/2823 2825/2825/2825
f 2824/2824/2824 2825/2825/2825 2826/2826/2826
f 2826/2826/2826 2825/2825/2825 2827/2827/2827
f 2826/2826/2826 2827/2827/2827 2828/2828/2828
f 2829/2829/2829 2830/2830/2830 2831/2831/2831
f 2832/2832/2832 2833/2833/2833 2834/2834/2834
f 2832/2832/2832 2834/2834/2834 2835/2835/2835
f 2836/2836/2836 2833/2833/2833 2832/2832/2832
f 2836/2836/2836 2837/2837/2837 2833/2833/2833
f 2838/2838/2838 2837/2837/2837 2836/2836/2836
f 2838/2838/2838 2839/2839/2839 2837/2837/2837
f 2840/2840/2840 2839/2839/2839 2838/2838/2838
f 2840/2840/2840 2841/2841/2841 2839/2839/2839
f 2842/2842/2842 2841/2841/2841 2840/2840/2840
f 2842/2842/2842 2843/2843/2843 2841/2841/2841
f 2844/2844/2844 2843/2843/2843 2842/2842/2842
f 2844/2844/2844 2845/2845/2845 2843/2843/2843
f 2846/2846/2846 2845/2845/2845 2844/2844/2844
f 2846/2846/2846 2847/2847/2847 2845/2845/2845
f 2848/2848/2848 2849/2849/2849 2850/2850/2850
f 2848/2848/2848 2850/2850/2850 2851/2851/2851
f 2852/2852/2852 2849/2849/2849 2848/2848/2848
f 2850/2850/2850 2849/2849/2849 2853/2853/2853
f 2850/2850/2850 2853/2853/2853 2854/2854/2854
f 2852/2852/2852 2855/2855/2855 2849/2849/2849
f 2855/2855/2855 2853/2853/2853 2849/2849/2849
f 2856/2856/2856 2855/2855/2855 2852/2852/2852
f 2857/2857/2857 2854/2854/2854 2853/2853/2853
f 2857/2857/2857 2853/2853/2853 2858/2858/2858
f 2859/2859/2859 2858/2858/2858 2853/2853/2853
f 2859/2859/2859 2853/2853/2853 2860/2860/2860
f 2855/2855/2855 2860/2860/2860 2853/2853/2853
f 2861/2861/2861 2859/2859/2859 2860/2860/2860
f 2856/2856/2856 2862/2862/2862 2855/2855/2855
f 2862/2862/2862 2860/2860/2860 2855/2855/2855
f 2863/2863/2863 2862/2862/2862 2856/2856/2856
f 2861/2861/2861 2860/2860/2860 2864/2864/2864
f 2862/2862/2862 2864/2864/2864 2860/2860/2860
f 2861/2861/2861 2864/2864/2864 2865/2865/2865
f 2863/2863/2863 2866/2866/2866 2862/2862/2862
f 2866/2866/2866 2864/2864/2864 2862/2862/2862
f 2867/2867/2867 2866/2866/2866 2863/2863/2863
f 2865/2865/2865 2864/2864/2864 2868/2868/2868
f 2866/2866/2866 2868/2868/2868 2864/2864/2864
f 2865/2865/2865 2868/2868/2868 2869/2869/2869
f 2867/2867/2867 2870/2870/2870 2866/2866/2866
f 2870/2870/2870 2868/2868/2868 2866/2866/2866
f 2871/2871/2871 2870/2870/2870 2867/2867/2867
f 2869/2869/2869 2868/2868/2868 2872/2872/2872
f 2870/2870/2870 2872/2872/2872 2868/2868/2868
f 2869/2869/2869 2872/2872/2872 2873/2873/2873
f 2871/2871/2871 2874/2874/2874 2870/2870/2870
f 2874/2874/2874 2872/2872/2872 2870/2870/2870
f 2875/2875/2875 2874/2874/2874 2871/2871/2871
f 2875/2875/2875 2876/2876/2876 2874/2874/2874
f 2874/2874/2874 2877/2877/2877 2872/2872/2872
f 2873/2873/2873 2872/2872/2872 2877/2877/2877
f 2876/2876/2876 2877/2877/2877 2874/2874/2874
f 2873/2873/2873 2877/2877/2877 2878/2878/2878
f 2876/2876/2876 2879/2879/2879 2877/2877/2877
f 2878/2878/2878 2877/2877/2877 2879/2879/2879
f 2878/2878/2878 2879/2879/2879 2880/2880/2880
f 2881/2881/2881 2882/2882/2882 2883/2883/2883
f 2884/2884/2884 2882/2882/2882 2881/2881/2881
f 2881/2881/2881 2883/2883/2883 2885/2885/2885
f 2884/2884/2884 2886/2886/2886 2882/2882/2882
f 2885/2885/2885 2883/2883/2883 2887/2887/2887
f 2888/2888/2888 2886/2886/2886 2884/2884/2884
f 2885/2885/2885 2887/2887/2887 2889/2889/2889
f 2888/2888/2888 2890/2890/2890 2886/2886/2886
f 2891/2891/2891 2890/2890/2890 2888/2888/2888
f 2891/2891/2891 2892/2892/2892 2890/2890/2890
f 2889/2889/2889 2887/2887/2887 2893/2893/2893
f 2889/2889/2889 2893/2893/2893 2894/2894/2894
f 2894/2894/2894 2893/2893/2893 2895/2895/2895
f 2894/2894/2894 2895/2895/2895 2896/2896/2896
f 2897/2897/2897 2898/2898/2898 2899/2899/2899
f 2900/2900/2900 2898/2898/2898 2897/2897/2897
f 2897/2897/2897 2899/2899/2899 2901/2901/2901
f 2900/2900/2900 2902/2902/2902 2898/2898/2898
f 2901/2901/2901 2899/2899/2899 2903/2903/2903
f 2901/2901/2901 2903/2903/2903 2904/2904/2904
f 2904/2904/2904 2903/2903/2903 2905/2905/2905
f 2904/2904/2904 2905/2905/2905 2906/2906/2906
f 2907/2907/2907 2906/2906/2906 2905/2905/2905
f 2907/2907/2907 2905/2905/2905 2908/2908/2908
f 2900/2900/2900 2909/2909/2909 2902/2902/2902
f 2910/2910/2910 2902/2902/2902 2909/2909/2909
f 2910/2910/2910 2911/2911/2911 2902/2902/2902
f 2909/2909/2909 2912/2912/2912 2910/2910/2910
f 2909/2909/2909 2913/2913/2913 2912/2912/2912
f 2914/2914/2914 2915/2915/2915 2916/2916/2916
f 2917/2917/2917 2915/2915/2915 2914/2914/2914
f 2914/2914/2914 2916/2916/2916 2918/2918/2918
f 2917/2917/2917 2919/2919/2919 2915/2915/2915
f 2920/2920/2920 2919/2919/2919 2917/2917/2917
f 2920/2920/2920 2921/2921/2921 2919/2919/2919
f 2918/2918/2918 2916/2916/2916 2922/2922/2922
f 2918/2918/2918 2922/2922/2922 2923/2923/2923
f 2923/2923/2923 2922/2922/2922 2924/2924/2924
f 2923/2923/2923 2924/2924/2924 2925/2925/2925
f 2925/2925/2925 2924/2924/2924 2926/2926/2926
f 2925/2925/2925 2926/2926/2926 2927/2927/2927
f 2928/2928/2928 2929/2929/2929 2930/2930/2930
f 2928/2928/2928 2930/2930/2930 2931/2931/2931
f 2930/2930/2930 2929/2929/2929 2932/2932/2932
f 2929/2929/2929 2933/2933/2933 2932/2932/2932
f 2933/2933/2933 2934/2934/2934 2932/2932/2932
f 2933/2933/2933 2935/2935/2935 2934/2934/2934
f 2935/2935/2935 2936/2936/2936 2934/2934/2934
f 2935/2935/2935 2937/2937/2937 2936/2936/2936
f 2937/2937/2937 2938/2938/2938 2936/2936/2936
f 2937/2937/2937 2939/2939/2939 2938/2938/2938
f 2939/2939/2939 2940/2940/2940 2938/2938/2938
f 2939/2939/2939 2941/2941/2941 2940/2940/2940
f 2941/2941/2941 2942/2942/2942 2940/2940/2940
f 2941/2941/2941 2943/2943/2943 2942/2942/2942
f 2944/2944/2944 2945/2945/2945 2946/2946/2946
f 2944/2944/2944 2946/2946/2946 2947/2947/2947
f 2945/2945/2945 2948/2948/2948 2946/2946/2946
f 2949/2949/2949 2944/2944/2944 2947/2947/2947
f 2949/2949/2949 2947/2947/2947 2950/2950/2950
f 2951/2951/2951 2944/2944/2944 2949/2949/2949
f 2952/2952/2952 2949/2949/2949 2950/2950/2950
f 2952/2952/2952 2950/2950/2950 2953/2953/2953
f 2952/2952/2952 2953/2953/2953 2954/2954/2954
f 2952/2952/2952 2954/2954/2954 2955/2955/2955
f 2956/2956/2956 2952/2952/2952 2955/2955/2955
f 2952/2952/2952 2956/2956/2956 2949/2949/2949
f 2956/2956/2956 2951/2951/2951 2949/2949/2949
f 2956/2956/2956 2957/2957/2957 2951/2951/2951
f 2951/2951/2951 2957/2957/2957 2958/2958/2958
f 2951/2951/2951 2958/2958/2958 2959/2959/2959
f 2960/2960/2960 2951/2951/2951 2959/2959/2959
f 2951/2951/2951 2960/2960/2960 2944/2944/2944
f 2960/2960/2960 2945/2945/2945 2944/2944/2944
f 2960/2960/2960 2959/2959/2959 2961/2961/2961
f 2962/2962/2962 2960/2960/2960 2961/2961/2961
f 2960/2960/2960 2962/2962/2962 2945/2945/2945
f 2962/2962/2962 2961/2961/2961 2963/2963/2963
f 2962/2962/2962 2964/2964/2964 2945/2945/2945
f 2945/2945/2945 2964/2964/2964 2948/2948/2948
f 2964/2964/2964 2965/2965/2965 2948/2948/2948
f 2964/2964/2964 2966/2966/2966 2965/2965/2965
f 2962/2962/2962 2967/2967/2967 2964/2964/2964
f 2967/2967/2967 2966/2966/2966 2964/2964/2964
f 2967/2967/2967 2962/2962/2962 2963/2963/2963
f 2967/2967/2967 2968/2968/2968 2966/2966/2966
f 2967/2967/2967 2963/2963/2963 2969/2969/2969
f 2968/2968/2968 2967/2967/2967 2969/2969/2969
f 2968/2968/2968 2969/2969/2969 2970/2970/2970
f 2971/2971/2971 2972/2972/2972 2973/2973/2973
f 2971/2971/2971 2973/2973/2973 2974/2974/2974
f 2972/2972/2972 2975/2975/2975 2973/2973/2973
f 2976/2976/2976 2971/2971/2971 2974/2974/2974
f 2972/2972/2972 2977/2977/2977 2975/2975/2975
f 2976/2976/2976 2974/2974/2974 2978/2978/2978
f 2977/2977/2977 2979/2979/2979 2975/2975/2975
f 2980/2980/2980 2976/2976/2976 2978/2978/2978
f 2977/2977/2977 2981/2981/2981 2979/2979/2979
f 2981/2981/2981 2982/2982/2982 2979/2979/2979
f 2981/2981/2981 2983/2983/2983 2982/2982/2982
f 2980/2980/2980 2978/2978/2978 2984/2984/2984
f 2985/2985/2985 2980/2980/2980 2984/2984/2984
f 2985/2985/2985 2984/2984/2984 2986/2986/2986
f 2987/2987/2987 2988/2988/2988 2989/2989/2989
f 2987/2987/2987 2989/2989/2989 2990/2990/2990
f 2991/2991/2991 2987/2987/2987 2990/2990/2990
f 2989/2989/2989 2988/2988/2988 2992/2992/2992
f 2991/2991/2991 2990/2990/2990 2993/2993/2993
f 2994/2994/2994 2991/2991/2991 2993/2993/2993
f 2994/2994/2994 2993/2993/2993 2995/2995/2995
f 2996/2996/2996 2994/2994/2994 2995/2995/2995
f 2996/2996/2996 2997/2997/2997 2994/2994/2994
f 2988/2988/2988 2998/2998/2998 2992/2992/2992
f 2988/2988/2988 2999/2999/2999 2998/2998/2998
f 2992/2992/2992 2998/2998/2998 3000/3000/3000
f 2992/2992/2992 3000/3000/3000 3001/3001/3001
f 3001/3001/3001 3000/3000/3000 3002/3002/3002
f 3001/3001/3001 3002/3002/3002 3003/3003/3003
f 3004/3004/3004 3005/3005/3005 3006/3006/3006
f 3005/3005/3005 3007/3007/3007 3006/3006/3006
f 3005/3005/3005 3008/3008/3008 3007/3007/3007
f 3004/3004/3004 3006/3006/3006 3009/3009/3009
f 3010/3010/3010 3004/3004/3004 3009/3009/3009
f 3010/3010/3010 3009/3009/3009 3011/3011/3011
f 3012/3012/3012 3010/3010/3010 3011/3011/3011
f 3012/3012/3012 3011/3011/3011 3013/3013/3013
f 3014/3014/3014 3012/3012/3012 3013/3013/3013
f 3014/3014/3014 3013/3013/3013 3015/3015/3015
f 3016/3016/3016 3017/3017/3017 3018/3018/3018
f 3019/3019/3019 3020/3020/3020 3021/3021/3021
f 3019/3019/3019 3021/3021/3021 3022/3022/3022
f 3020/3020/3020 3023/3023/3023 3021/3021/3021
f 3020/3020/3020 3024/3024/3024 3023/3023/3023
f 3024/3024/3024 3025/3025/3025 3023/3023/3023
f 3024/3024/3024 3026/3026/3026 3025/3025/3025
f 3026/3026/3026 3027/3027/3027 3025/3025/3025
f 3026/3026/3026 3028/3028/3028 3027/3027/3027
f 3028/3028/3028 3029/3029/3029 3027/3027/3027
f 3028/3028/3028 3030/3030/3030 3029/3029/3029
f 3030/3030/3030 3031/3031/3031 3029/3029/3029
f 3030/3030/3030 3032/3032/3032 3031/3031/3031
f 3032/3032/3032 3033/3033/3033 3031/3031/3031
f 3032/3032/3032 3034/3034/3034 3033/3033/3033
f 3035/3035/3035 3036/3036/3036 3037/3037/3037
f 3035/3035/3035 3037/3037/3037 3038/3038/3038
f 3036/3036/3036 3039/3039/3039 3037/3037/3037
f 3040/3040/3040 3036/3036/3036 3035/3035/3035
f 3040/3040/3040 3035/3035/3035 3041/3041/3041
f 3036/3036/3036 3042/3042/3042 3039/3039/3039
f 3040/3040/3040 3042/3042/3042 3036/3036/3036
f 3042/3042/3042 3043/3043/3043 3039/3039/3039
f 3040/3040/3040 3041/3041/3041 3044/3044/3044
f 3040/3040/3040 3044/3044/3044 3045/3045/3045
f 3040/3040/3040 3045/3045/3045 3046/3046/3046
f 3040/3040/3040 3046/3046/3046 3047/3047/3047
f 3040/3040/3040 3047/3047/3047 3042/3042/3042
f 3048/3048/3048 3047/3047/3047 3046/3046/3046
f 3042/3042/3042 3049/3049/3049 3043/3043/3043
f 3047/3047/3047 3049/3049/3049 3042/3042/3042
f 3049/3049/3049 3050/3050/3050 3043/3043/3043
f 3051/3051/3051 3047/3047/3047 3048/3048/3048
f 3047/3047/3047 3051/3051/3051 3049/3049/3049
f 3051/3051/3051 3048/3048/3048 3052/3052/3052
f 3049/3049/3049 3053/3053/3053 3050/3050/3050
f 3051/3051/3051 3053/3053/3053 3049/3049/3049
f 3053/3053/3053 3054/3054/3054 3050/3050/3050
f 3055/3055/3055 3051/3051/3051 3052/3052/3052
f 3051/3051/3051 3055/3055/3055 3053/3053/3053
f 3055/3055/3055 3052/3052/3052 3056/3056/3056
f 3053/3053/3053 3057/3057/3057 3054/3054/3054
f 3055/3055/3055 3057/3057/3057 3053/3053/3053
f 3057/3057/3057 3058/3058/3058 3054/3054/3054
f 3059/3059/3059 3055/3055/3055 3056/3056/3056
f 3055/3055/3055 3059/3059/3059 3057/3057/3057
f 3059/3059/3059 3056/3056/3056 3060/3060/3060
f 3057/3057/3057 3061/3061/3061 3058/3058/3058
f 3059/3059/3059 3061/3061/3061 3057/3057/3057
f 3061/3061/3061 3062/3062/3062 3058/3058/3058
f 3061/3061/3061 3063/3063/3063 3062/3062/3062
f 3059/3059/3059 3064/3064/3064 3061/3061/3061
f 3064/3064/3064 3063/3063/3063 3061/3061/3061
f 3064/3064/3064 3059/3059/3059 3060/3060/3060
f 3064/3064/3064 3065/3065/3065 3063/3063/3063
f 3064/3064/3064 3060/3060/3060 3066/3066/3066
f 3065/3065/3065 3064/3064/3064 3066/3066/3066
f 3065/3065/3065 3066/3066/3066 3067/3067/3067
f 3068/3068/3068 3069/3069/3069 3070/3070/3070
f 3068/3068/3068 3070/3070/3070 3071/3071/3071
f 3069/3069/3069 3072/3072/3072 3070/3070/3070
f 3073/3073/3073 3068/3068/3068 3071/3071/3071
f 3069/3069/3069 3074/3074/3074 3072/3072/3072
f 3073/3073/3073 3071/3071/3071 3075/3075/3075
f 3074/3074/3074 3076/3076/3076 3072/3072/3072
f 3077/3077/3077 3073/3073/3073 3075/3075/3075
f 3074/3074/3074 3078/3078/3078 3076/3076/3076
f 3078/3078/3078 3079/3079/3079 3076/3076/3076
f 3078/3078/3078 3080/3080/3080 3079/3079/3079
f 3077/3077/3077 3075/3075/3075 3081/3081/3081
f 3082/3082/3082 3077/3077/3077 3081/3081/3081
f 3082/3082/3082 3081/3081/3081 3083/3083/3083
f 3084/3084/3084 3085/3085/3085 3086/3086/3086
f 3084/3084/3084 3086/3086/3086 3087/3087/3087
f 3085/3085/3085 3088/3088/3088 3086/3086/3086
f 3089/3089/3089 3084/3084/3084 3087/3087/3087
f 3085/3085/3085 3090/3090/3090 3088/3088/3088
f 3089/3089/3089 3087/3087/3087 3091/3091/3091
f 3092/3092/3092 3089/3089/3089 3091/3091/3091
f 3092/3092/3092 3091/3091/3091 3093/3093/3093
f 3094/3094/3094 3092/3092/3092 3093/3093/3093
f 3094/3094/3094 3095/3095/3095 3092/3092/3092
f 3088/3088/3088 3090/3090/3090 3096/3096/3096
f 3090/3090/3090 3097/3097/3097 3096/3096/3096
f 3090/3090/3090 3098/3098/3098 3097/3097/3097
f 3096/3096/3096 3097/3097/3097 3099/3099/3099
f 3096/3096/3096 3099/3099/3099 3100/3100/3100
f 3101/3101/3101 3102/3102/3102 3103/3103/3103
f 3101/3101/3101 3103/3103/3103 3104/3104/3104
f 3102/3102/3102 3105/3105/3105 3103/3103/3103
f 3106/3106/3106 3101/3101/3101 3104/3104/3104
f 3102/3102/3102 3107/3107/3107 3105/3105/3105
f 3107/3107/3107 3108/3108/3108 3105/3105/3105
f 3107/3107/3107 3109/3109/3109 3108/3108/3108
f 3106/3106/3106 3104/3104/3104 3110/3110/3110
f 3111/3111/3111 3106/3106/3106 3110/3110/3110
f 3111/3111/3111 3110/3110/3110 3112/3112/3112
f 3113/3113/3113 3111/3111/3111 3112/3112/3112
f 3113/3113/3113 3112/3112/3112 3114/3114/3114
f 3115/3115/3115 3116/3116/3116 3117/3117/3117
f 3115/3115/3115 3117/3117/3117 3118/3118/3118
f 3115/3115/3115 3119/3119/3119 3116/3116/3116
f 3120/3120/3120 3116/3116/3116 3119/3119/3119
f 3121/3121/3121 3120/3120/3120 3119/3119/3119
f 3121/3121/3121 3122/3122/3122 3120/3120/3120
f 3123/3123/3123 3122/3122/3122 3121/3121/3121
f 3123/3123/3123 3124/3124/3124 3122/3122/3122
f 3125/3125/3125 3124/3124/3124 3123/3123/3123
f 3125/3125/3125 3126/3126/3126 3124/3124/3124
f 3127/3127/3127 3126/3126/3126 3125/3125/3125
f 3127/3127/3127 3128/3128/3128 3126/3126/3126
f 3129/3129/3129 3128/3128/3128 3127/3127/3127
f 3129/3129/3129 3130/3130/3130 3128/3128/3128
f 3131/3131/3131 3132/3132/3132 3133/3133/3133
f 3134/3134/3134 3132/3132/3132 3131/3131/3131
f 3131/3131/3131 3133/3133/3133 3135/3135/3135
f 3134/3134/3134 3136/3136/3136 3132/3132/3132
f 3137/3137/3137 3136/3136/3136 3134/3134/3134
f 3137/3137/3137 3138/3138/3138 3136/3136/3136
f 3135/3135/3135 3133/3133/3133 3139/3139/3139
f 3135/3135/3135 3139/3139/3139 3140/3140/3140
f 3133/3133/3133 3141/3141/3141 3139/3139/3139
f 3140/3140/3140 3139/3139/3139 3142/3142/3142
f 3140/3140/3140 3142/3142/3142 3143/3143/3143
f 3142/3142/3142 3139/3139/3139 3144/3144/3144
f 3141/3141/3141 3144/3144/3144 3139/3139/3139
f 3143/3143/3143 3142/3142/3142 3145/3145/3145
f 3145/3145/3145 3142/3142/3142 3144/3144/3144
f 3143/3143/3143 3145/3145/3145 3146/3146/3146
f 3141/3141/3141 3147/3147/3147 3144/3144/3144
f 3148/3148/3148 3147/3147/3147 3141/3141/3141
f 3148/3148/3148 3141/3141/3141 3149/3149/3149
f 3149/3149/3149 3141/3141/3141 3150/3150/3150
f 3133/3133/3133 3150/3150/3150 3141/3141/3141
f 3149/3149/3149 3150/3150/3150 3151/3151/3151
f 3132/3132/3132 3150/3150/3150 3133/3133/3133
f 3151/3151/3151 3150/3150/3150 3152/3152/3152
f 3132/3132/3132 3152/3152/3152 3150/3150/3150
f 3151/3151/3151 3152/3152/3152 3153/3153/3153
f 3136/3136/3136 3152/3152/3152 3132/3132/3132
f 3153/3153/3153 3152/3152/3152 3154/3154/3154
f 3136/3136/3136 3154/3154/3154 3152/3152/3152
f 3138/3138/3138 3154/3154/3154 3136/3136/3136
f 3153/3153/3153 3154/3154/3154 3155/3155/3155
f 3138/3138/3138 3156/3156/3156 3154/3154/3154
f 3155/3155/3155 3154/3154/3154 3156/3156/3156
f 3155/3155/3155 3156/3156/3156 3157/3157/3157
f 3158/3158/3158 3159/3159/3159 3160/3160/3160
f 3161/3161/3161 3159/3159/3159 3158/3158/3158
f 3158/3158/3158 3160/3160/3160 3162/3162/3162
f 3161/3161/3161 3163/3163/3163 3159/3159/3159
f 3162/3162/3162 3160/3160/3160 3164/3164/3164
f 3165/3165/3165 3163/3163/3163 3161/3161/3161
f 3162/3162/3162 3164/3164/3164 3166/3166/3166
f 3165/3165/3165 3167/3167/3167 3163/3163/3163
f 3168/3168/3168 3167/3167/3167 3165/3165/3165
f 3168/3168/3168 3169/3169/3169 3167/3167/3167
f 3166/3166/3166 3164/3164/3164 3170/3170/3170
f 3166/3166/3166 3170/3170/3170 3171/3171/3171
f 3171/3171/3171 3170/3170/3170 3172/3172/3172
f 3171/3171/3171 3172/3172/3172 3173/3173/3173
f 3174/3174/3174 3175/3175/3175 3176/3176/3176
f 3174/3174/3174 3176/3176/3176 3177/3177/3177
f 3177/3177/3177 3176/3176/3176 3178/3178/3178
f 3174/3174/3174 3179/3179/3179 3175/3175/3175
f 3177/3177/3177 3178/3178/3178 3180/3180/3180
f 3180/3180/3180 3178/3178/3178 3181/3181/3181
f 3180/3180/3180 3181/3181/3181 3182/3182/3182
f 3183/3183/3183 3182/3182/3182 3181/3181/3181
f 3183/3183/3183 3181/3181/3181 3184/3184/3184
f 3185/3185/3185 3175/3175/3175 3179/3179/3179
f 3185/3185/3185 3186/3186/3186 3175/3175/3175
f 3179/3179/3179 3187/3187/3187 3185/3185/3185
f 3179/3179/3179 3188/3188/3188 3187/3187/3187
f 3188/3188/3188 3189/3189/3189 3187/3187/3187
f 3188/3188/3188 3190/3190/3190 3189/3189/3189
f 3191/3191/3191 3192/3192/3192 3193/3193/3193
f 3194/3194/3194 3192/3192/3192 3191/3191/3191
f 3194/3194/3194 3195/3195/3195 3192/3192/3192
f 3191/3191/3191 3193/3193/3193 3196/3196/3196
f 3196/3196/3196 3193/3193/3193 3197/3197/3197
f 3196/3196/3196 3197/3197/3197 3198/3198/3198
f 3198/3198/3198 3197/3197/3197 3199/3199/3199
f 3198/3198/3198 3199/3199/3199 3200/3200/3200
f 3200/3200/3200 3199/3199/3199 3201/3201/3201
f 3200/3200/3200 3201/3201/3201 3202/3202/3202
f 3203/3203/3203 3204/3204/3204 3205/3205/3205
f 3206/3206/3206 3207/3207/3207 3208/3208/3208
f 3206/3206/3206 3208/3208/3208 3209/3209/3209
f 3210/3210/3210 3207/3207/3207 3206/3206/3206
f 3210/3210/3210 3211/3211/3211 3207/3207/3207
f 3212/3212/3212 3211/3211/3211 3210/3210/3210
f 3212/3212/3212 3213/3213/3213 3211/3211/3211
f 3214/3214/3214 3213/3213/3213 3212/3212/3212
f 3214/3214/3214 3215/3215/3215 3213/3213/3213
f 3216/3216/3216 3215/3215/3215 3214/3214/3214
f 3216/3216/3216 3217/3217/3217 3215/3215/3215
f 3218/3218/3218 3217/3217/3217 3216/3216/3216
f 3218/3218/3218 3219/3219/3219 3217/3217/3217
f 3220/3220/3220 3219/3219/3219 3218/3218/3218
f 3220/3220/3220 3221/3221/3221 3219/3219/3219
f 3222/3222/3222 3223/3223/3223 3224/3224/3224
f 3222/3222/3222 3224/3224/3224 3225/3225/3225
f 3226/3226/3226 3223/3223/3223 3222/3222/3222
f 3224/3224/3224 3223/3223/3223 3227/3227/3227
f 3224/3224/3224 3227/3227/3227 3228/3228/3228
f 3226/3226/3226 3229/3229/3229 3223/3223/3223
f 3229/3229/3229 3227/3227/3227 3223/3223/3223
f 3230/3230/3230 3229/3229/3229 3226/3226/3226
f 3231/3231/3231 3228/3228/3228 3227/3227/3227
f 3231/3231/3231 3227/3227/3227 3232/3232/3232
f 3233/3233/3233 3232/3232/3232 3227/3227/3227
f 3233/3233/3233 3227/3227/3227 3234/3234/3234
f 3229/3229/3229 3234/3234/3234 3227/3227/3227
f 3235/3235/3235 3233/3233/3233 3234/3234/3234
f 3230/3230/3230 3236/3236/3236 3229/3229/3229
f 3236/3236/3236 3234/3234/3234 3229/3229/3229
f 3237/3237/3237 3236/3236/3236 3230/3230/3230
f 3235/3235/3235 3234/3234/3234 3238/3238/3238
f 3236/3236/3236 3238/3238/3238 3234/3234/3234
f 3235/3235/3235 3238/3238/3238 3239/3239/3239
f 3237/3237/3237 3240/3240/3240 3236/3236/3236
f 3240/3240/3240 3238/3238/3238 3236/3236/3236
f 3241/3241/3241 3240/3240/3240 3237/3237/3237
f 3239/3239/3239 3238/3238/3238 3242/3242/3242
f 3240/3240/3240 3242/3242/3242 3238/3238/3238
f 3239/3239/3239 3242/3242/3242 3243/3243/3243
f 3241/3241/3241 3244/3244/3244 3240/3240/3240
f 3244/3244/3244 3242/3242/3242 3240/3240/3240
f 3245/3245/3245 3244/3244/3244 3241/3241/3241
f 3243/3243/3243 3242/3242/3242 3246/3246/3246
f 3244/3244/3244 3246/3246/3246 3242/3242/3242
f 3243/3243/3243 3246/3246/3246 3247/3247/3247
f 3245/3245/3245 3248/3248/3248 3244/3244/3244
f 3248/3248/3248 3246/3246/3246 3244/3244/3244
f 3249/3249/3249 3248/3248/3248 3245/3245/3245
f 3249/3249/3249 3250/3250/3250 3248/3248/3248
f 3248/3248/3248 3251/3251/3251 3246/3246/3246
f 3247/3247/3247 3246/3246/3246 3251/3251/3251
f 3250/3250/3250 3251/3251/3251 3248/3248/3248
f 3247/3247/3247 3251/3251/3251 3252/3252/3252
f 3250/3250/3250 3253/3253/3253 3251/3251/3251
f 3252/3252/3252 3251/3251/3251 3253/3253/3253
f 3252/3252/3252 3253/3253/3253 3254/3254/3254
f 3255/3255/3255 3256/3256/3256 3257/3257/3257
f 3258/3258/3258 3256/3256/3256 3255/3255/3255
f 3255/3255/3255 3257/3257/3257 3259/3259/3259
f 3258/3258/3258 3260/3260/3260 3256/3256/3256
f 3259/3259/3259 3257/3257/3257 3261/3261/3261
f 3262/3262/3262 3260/3260/3260 3258/3258/3258
f 3259/3259/3259 3261/3261/3261 3263/3263/3263
f 3262/3262/3262 3264/3264/3264 3260/3260/3260
f 3265/3265/3265 3264/3264/3264 3262/3262/3262
f 3265/3265/3265 3266/3266/3266 3264/3264/3264
f 3263/3263/3263 3261/3261/3261 3267/3267/3267
f 3263/3263/3263 3267/3267/3267 3268/3268/3268
f 3268/3268/3268 3267/3267/3267 3269/3269/3269
f 3268/3268/3268 3269/3269/3269 3270/3270/3270
f 3271/3271/3271 3272/3272/3272 3273/3273/3273
f 3274/3274/3274 3272/3272/3272 3271/3271/3271
f 3271/3271/3271 3273/3273/3273 3275/3275/3275
f 3274/3274/3274 3276/3276/3276 3272/3272/3272
f 3275/3275/3275 3273/3273/3273 3277/3277/3277
f 3275/3275/3275 3277/3277/3277 3278/3278/3278
f 3278/3278/3278 3277/3277/3277 3279/3279/3279
f 3278/3278/3278 3279/3279/3279 3280/3280/3280
f 3281/3281/3281 3280/3280/3280 3279/3279/3279
f 3281/3281/3281 3279/3279/3279 3282/3282/3282
f 3274/3274/3274 3283/3283/3283 3276/3276/3276
f 3284/3284/3284 3276/3276/3276 3283/3283/3283
f 3284/3284/3284 3285/3285/3285 3276/3276/3276
f 3283/3283/3283 3286/3286/3286 3284/3284/3284
f 3283/3283/3283 3287/3287/3287 3286/3286/3286
f 3288/3288/3288 3289/3289/3289 3290/3290/3290
f 3291/3291/3291 3289/3289/3289 3288/3288/3288
f 3288/3288/3288 3290/3290/3290 3292/3292/3292
f 3291/3291/3291 3293/3293/3293 3289/3289/3289
f 3294/3294/3294 3293/3293/3293 3291/3291/3291
f 3294/3294/3294 3295/3295/3295 3293/3293/3293
f 3292/3292/3292 3290/3290/3290 3296/3296/3296
f 3292/3292/3292 3296/3296/3296 3297/3297/3297
f 3297/3297/3297 3296/3296/3296 3298/3298/3298
f 3297/3297/3297 3298/3298/3298 3299/3299/3299
f 3299/3299/3299 3298/3298/3298 3300/3300/3300
f 3299/3299/3299 3300/3300/3300 3301/3301/3301
f 3302/3302/3302 3303/3303/3303 3304/3304/3304
f 3302/3302/3302 3304/3304/3304 3305/3305/3305
f 3304/3304/3304 3303/3303/3303 3306/3306/3306
f 3303/3303/3303 3307/3307/3307 3306/3306/3306
f 3307/3307/3307 3308/3308/3308 3306/3306/3306
f 3307/3307/3307 3309/3309/3309 3308/3308/3308
f 3309/3309/3309 3310/3310/3310 3308/3308/3308
f 3309/3309/3309 3311/3311/3311 3310/3310/3310
f 3311/3311/3311 3312/3312/3312 3310/3310/3310
f 3311/3311/3311 3313/3313/3313 3312/3312/3312
f 3313/3313/3313 3314/3314/3314 3312/3312/3312
f 3313/3313/3313 3315/3315/3315 3314/3314/3314
f 3315/3315/3315 3316/3316/3316 3314/3314/3314
f 3315/3315/3315 3317/3317/3317 3316/3316/3316
f 3318/3318/3318 3319/3319/3319 3320/3320/3320
f 3318/3318/3318 3320/3320/3320 3321/3321/3321
f 3319/3319/3319 3322/3322/3322 3320/3320/3320
f 3323/3323/3323 3318/3318/3318 3321/3321/3321
f 3323/3323/3323 3321/3321/3321 3324/3324/3324
f 3325/3325/3325 3318/3318/3318 3323/3323/3323
f 3326/3326/3326 3323/3323/3323 3324/3324/3324
f 3326/3326/3326 3324/3324/3324 3327/3327/3327
f 3326/3326/3326 3328/3328/3328 3323/3323/3323
f 3328/3328/3328 3325/3325/3325 3323/3323/3323
f 3329/3329/3329 3326/3326/3326 3327/3327/3327
f 3329/3329/3329 3328/3328/3328 3326/3326/3326
f 3329/3329/3329 3327/3327/3327 3330/3330/3330
f 3328/3328/3328 3331/3331/3331 3325/3325/3325
f 3325/3325/3325 3331/3331/3331 3332/3332/3332
f 3325/3325/3325 3332/3332/3332 3333/3333/3333
f 3334/3334/3334 3325/3325/3325 3333/3333/3333
f 3325/3325/3325 3334/3334/3334 3318/3318/3318
f 3334/3334/3334 3319/3319/3319 3318/3318/3318
f 3334/3334/3334 3333/3333/3333 3335/3335/3335
f 3336/3336/3336 3334/3334/3334 3335/3335/3335
f 3334/3334/3334 3336/3336/3336 3319/3319/3319
f 3336/3336/3336 3335/3335/3335 3337/3337/3337
f 3336/3336/3336 3338/3338/3338 3319/3319/3319
f 3319/3319/3319 3338/3338/3338 3322/3322/3322
f 3338/3338/3338 3339/3339/3339 3322/3322/3322
f 3338/3338/3338 3340/3340/3340 3339/3339/3339
f 3336/3336/3336 3341/3341/3341 3338/3338/3338
f 3341/3341/3341 3340/3340/3340 3338/3338/3338
f 3341/3341/3341 3336/3336/3336 3337/3337/3337
f 3341/3341/3341 3342/3342/3342 3340/3340/3340
f 3341/3341/3341 3337/3337/3337 3343/3343/3343
f 3342/3342/3342 3341/3341/3341 3343/3343/3343
f 3342/3342/3342 3343/3343/3343 3344/3344/3344
f 3345/3345/3345 3346/3346/3346 3347/3347/3347
f 3345/3345/3345 3347/3347/3347 3348/3348/3348
f 3346/3346/3346 3349/3349/3349 3347/3347/3347
f 3350/3350/3350 3345/3345/3345 3348/3348/3348
f 3346/3346/3346 3351/3351/3351 3349/3349/3349
f 3350/3350/3350 3348/3348/3348 3352/3352/3352
f 3351/3351/3351 3353/3353/3353 3349/3349/3349
f 3354/3354/3354 3350/3350/3350 3352/3352/3352
f 3351/3351/3351 3355/3355/3355 3353/3353/3353
f 3355/3355/3355 3356/3356/3356 3353/3353/3353
f 3355/3355/3355 3357/3357/3357 3356/3356/3356
f 3354/3354/3354 3352/3352/3352 3358/3358/3358
f 3359/3359/3359 3354/3354/3354 3358/3358/3358
f 3359/3359/3359 3358/3358/3358 3360/3360/3360
f 3361/3361/3361 3362/3362/3362 3363/3363/3363
f 3361/3361/3361 3363/3363/3363 3364/3364/3364
f 3365/3365/3365 3361/3361/3361 3364/3364/3364
f 3363/3363/3363 3362/3362/3362 3366/3366/3366
f 3365/3365/3365 3364/3364/3364 3367/3367/3367
f 3368/3368/3368 3365/3365/3365 3367/3367/3367
f 3368/3368/3368 3367/3367/3367 3369/3369/3369
f 3370/3370/3370 3368/3368/3368 3369/3369/3369
f 3370/3370/3370 3371/3371/3371 3368/3368/3368
f 3362/3362/3362 3372/3372/3372 3366/3366/3366
f 3362/3362/3362 3373/3373/3373 3372/3372/3372
f 3366/3366/3366 3372/3372/3372 3374/3374/3374
f 3366/3366/3366 3374/3374/3374 3375/3375/3375
f 3375/3375/3375 3374/3374/3374 3376/3376/3376
f 3375/3375/3375 3376/3376/3376 3377/3377/3377
f 3378/3378/3378 3379/3379/3379 3380/3380/3380
f 3379/3379/3379 3381/3381/3381 3380/3380/3380
f 3379/3379/3379 3382/3382/3382 3381/3381/3381
f 3378/3378/3378 3380/3380/3380 3383/3383/3383
f 3384/3384/3384 3378/3378/3378 3383/3383/3383
f 3384/3384/3384 3383/3383/3383 3385/3385/3385
f 3386/3386/3386 3384/3384/3384 3385/3385/3385
f 3386/3386/3386 3385/3385/3385 3387/3387/3387
f 3388/3388/3388 3386/3386/3386 3387/3387/3387
f 3388/3388/3388 3387/3387/3387 3389/3389/3389
f 3390/3390/3390 3391/3391/3391 3392/3392/3392
f 3393/3393/3393 3394/3394/3394 3395/3395/3395
f 3393/3393/3393 3395/3395/3395 3396/3396/3396
f 3397/3397/3397 3394/3394/3394 3393/3393/3393
f 3397/3397/3397 3398/3398/3398 3394/3394/3394
f 3399/3399/3399 3398/3398/3398 3397/3397/3397
f 3399/3399/3399 3400/3400/3400 3398/3398/3398
f 3401/3401/3401 3400/3400/3400 3399/3399/3399
f 3401/3401/3401 3402/3402/3402 3400/3400/3400
f 3403/3403/3403 3402/3402/3402 3401/3401/3401
f 3403/3403/3403 3404/3404/3404 3402/3402/3402
f 3405/3405/3405 3404/3404/3404 3403/3403/3403
f 3405/3405/3405 3406/3406/3406 3404/3404/3404
f 3407/3407/3407 3406/3406/3406 3405/3405/3405
f 3407/3407/3407 3408/3408/3408 3406/3406/3406
f 3409/3409/3409 3410/3410/3410 3411/3411/3411
f 3409/3409/3409 3411/3411/3411 3412/3412/3412
f 3413/3413/3413 3410/3410/3410 3409/3409/3409
f 3411/3411/3411 3410/3410/3410 3414/3414/3414
f 3411/3411/3411 3414/3414/3414 3415/3415/3415
f 3413/3413/3413 3416/3416/3416 3410/3410/3410
f 3416/3416/3416 3414/3414/3414 3410/3410/3410
f 3417/3417/3417 3416/3416/3416 3413/3413/3413
f 3418/3418/3418 3415/3415/3415 3414/3414/3414
f 3418/3418/3418 3414/3414/3414 3419/3419/3419
f 3420/3420/3420 3419/3419/3419 3414/3414/3414
f 3420/3420/3420 3414/3414/3414 3421/3421/3421
f 3416/3416/3416 3421/3421/3421 3414/3414/3414
f 3422/3422/3422 3420/3420/3420 3421/3421/3421
f 3417/3417/3417 3423/3423/3423 3416/3416/3416
f 3423/3423/3423 3421/3421/3421 3416/3416/3416
f 3424/3424/3424 3423/3423/3423 3417/3417/3417
f 3422/3422/3422 3421/3421/3421 3425/3425/3425
f 3423/3423/3423 3425/3425/3425 3421/3421/3421
f 3422/3422/3422 3425/3425/3425 3426/3426/3426
f 3424/3424/3424 3427/3427/3427 3423/3423/3423
f 3427/3427/3427 3425/3425/3425 3423/3423/3423
f 3428/3428/3428 3427/3427/3427 3424/3424/3424
f 3426/3426/3426 3425/3425/3425 3429/3429/3429
f 3427/3427/3427 3429/3429/3429 3425/3425/3425
f 3426/3426/3426 3429/3429/3429 3430/3430/3430
f 3428/3428/3428 3431/3431/3431 3427/3427/3427
f 3431/3431/3431 3429/3429/3429 3427/3427/3427
f 3432/3432/3432 3431/3431/3431 3428/3428/3428
f 3430/3430/3430 3429/3429/3429 3433/3433/3433
f 3431/3431/3431 3433/3433/3433 3429/3429/3429
f 3430/3430/3430 3433/3433/3433 3434/3434/3434
f 3432/3432/3432 3435/3435/3435 3431/3431/3431
f 3435/3435/3435 3433/3433/3433 3431/3431/3431
f 3436/3436/3436 3435/3435/3435 3432/3432/3432
f 3436/3436/3436 3437/3437/3437 3435/3435/3435
f 3435/3435/3435 3438/3438/3438 3433/3433/3433
f 3434/3434/3434 3433/3433/3433 3438/3438/3438
f 3437/3437/3437 3438/3438/3438 3435/3435/3435
f 3434/3434/3434 3438/3438/3438 3439/3439/3439
f 3437/3437/3437 3440/3440/3440 3438/3438/3438
f 3439/3439/3439 3438/3438/3438 3440/3440/3440
f 3439/3439/3439 3440/3440/3440 3441/3441/3441
f 3442/3442/3442 3443/3443/3443 3444/3444/3444
f 3445/3445/3445 3443/3443/3443 3442/3442/3442
f 3442/3442/3442 3444/3444/3444 3446/3446/3446
f 3445/3445/3445 3447/3447/3447 3443/3443/3443
f 3446/3446/3446 3444/3444/3444 3448/3448/3448
f 3449/3449/3449 3447/3447/3447 3445/3445/3445
f 3446/3446/3446 3448/3448/3448 3450/3450/3450
f 3449/3449/3449 3451/3451/3451 3447/3447/3447
f 3452/3452/3452 3451/3451/3451 3449/3449/3449
f 3452/3452/3452 3453/3453/3453 3451/3451/3451
f 3450/3450/3450 3448/3448/3448 3454/3454/3454
f 3450/3450/3450 3454/3454/3454 3455/3455/3455
f 3455/3455/3455 3454/3454/3454 3456/3456/3456
f 3455/3455/3455 3456/3456/3456 3457/3457/3457
f 3458/3458/3458 3459/3459/3459 3460/3460/3460
f 3461/3461/3461 3459/3459/3459 3458/3458/3458
f 3458/3458/3458 3460/3460/3460 3462/3462/3462
f 3461/3461/3461 3463/3463/3463 3459/3459/3459
f 3462/3462/3462 3460/3460/3460 3464/3464/3464
f 3462/3462/3462 3464/3464/3464 3465/3465/3465
f 3465/3465/3465 3464/3464/3464 3466/3466/3466
f 3465/3465/3465 3466/3466/3466 3467/3467/3467
f 3468/3468/3468 3467/3467/3467 3466/3466/3466
f 3468/3468/3468 3466/3466/3466 3469/3469/3469
f 3461/3461/3461 3470/3470/3470 3463/3463/3463
f 3471/3471/3471 3463/3463/3463 3470/3470/3470
f 3471/3471/3471 3472/3472/3472 3463/3463/3463
f 3470/3470/3470 3473/3473/3473 3471/3471/3471
f 3470/3470/3470 3474/3474/3474 3473/3473/3473
f 3475/3475/3475 3476/3476/3476 3477/3477/3477
f 3478/3478/3478 3476/3476/3476 3475/3475/3475
f 3475/3475/3475 3477/3477/3477 3479/3479/3479
f 3478/3478/3478 3480/3480/3480 3476/3476/3476
f 3481/3481/3481 3480/3480/3480 3478/3478/3478
f 3481/3481/3481 3482/3482/3482 3480/3480/3480
f 3479/3479/3479 3477/3477/3477 3483/3483/3483
f 3479/3479/3479 3483/3483/3483 3484/3484/3484
f 3484/3484/3484 3483/3483/3483 3485/3485/3485
f 3484/3484/3484 3485/3485/3485 3486/3486/3486
f 3486/3486/3486 3485/3485/3485 3487/3487/3487
f 3486/3486/3486 3487/3487/3487 3488/3488/3488
f 3489/3489/3489 3490/3490/3490 3491/3491/3491
f 3489/3489/3489 3491/3491/3491 3492/3492/3492
f 3491/3491/3491 3490/3490/3490 3493/3493/3493
f 3490/3490/3490 3494/3494/3494 3493/3493/3493
f 3490/3490/3490 3495/3495/3495 3494/3494/3494
f 3494/3494/3494 3496/3496/3496 3493/3493/3493
f 3494/3494/3494 3497/3497/3497 3496/3496/3496
f 3497/3497/3497 3498/3498/3498 3496/3496/3496
f 3497/3497/3497 3499/3499/3499 3498/3498/3498
f 3499/3499/3499 3500/3500/3500 3498/3498/3498
f 3499/3499/3499 3501/3501/3501 3500/3500/3500
f 3501/3501/3501 3502/3502/3502 3500/3500/3500
f 3501/3501/3501 3503/3503/3503 3502/3502/3502
f 3503/3503/3503 3504/3504/3504 3502/3502/3502
f 3503/3503/3503 3505/3505/3505 3504/3504/3504
f 3506/3506/3506 3507/3507/3507 3508/3508/3508
f 3506/3506/3506 3508/3508/3508 3509/3509/3509
f 3507/3507/3507 3510/3510/3510 3508/3508/3508
f 3511/3511/3511 3506/3506/3506 3509/3509/3509
f 3511/3511/3511 3509/3509/3509 3512/3512/3512
f 3513/3513/3513 3506/3506/3506 3511/3511/3511
f 3514/3514/3514 3511/3511/3511 3512/3512/3512
f 3514/3514/3514 3512/3512/3512 3515/3515/3515
f 3514/3514/3514 3515/3515/3515 3516/3516/3516
f 3514/3514/3514 3516/3516/3516 3517/3517/3517
f 3518/3518/3518 3514/3514/3514 3517/3517/3517
f 3514/3514/3514 3518/3518/3518 3511/3511/3511
f 3518/3518/3518 3513/3513/3513 3511/3511/3511
f 3518/3518/3518 3519/3519/3519 3513/3513/3513
f 3513/3513/3513 3519/3519/3519 3520/3520/3520
f 3513/3513/3513 3520/3520/3520 3521/3521/3521
f 3522/3522/3522 3513/3513/3513 3521/3521/3521
f 3513/3513/3513 3522/3522/3522 3506/3506/3506
f 3522/3522/3522 3507/3507/3507 3506/3506/3506
f 3522/3522/3522 3521/3521/3521 3523/3523/3523
f 3524/3524/3524 3522/3522/3522 3523/3523/3523
f 3522/3522/3522 3524/3524/3524 3507/3507/3507
f 3524/3524/3524 3523/3523/3523 3525/3525/3525
f 3524/3524/3524 3526/3526/3526 3507/3507/3507
f 3507/3507/3507 3526/3526/3526 3510/3510/3510
f 3526/3526/3526 3527/3527/3527 3510/3510/3510
f 3526/3526/3526 3528/3528/3528 3527/3527/3527
f 3524/3524/3524 3529/3529/3529 3526/3526/3526
f 3529/3529/3529 3528/3528/3528 3526/3526/3526
f 3529/3529/3529 3524/3524/3524 3525/3525/3525
f 3529/3529/3529 3530/3530/3530 3528/3528/3528
f 3529/3529/3529 3525/3525/3525 3531/3531/3531
f 3530/3530/3530 3529/3529/3529 3531/3531/3531
f 3530/3530/3530 3531/3531/3531 3532/3532/3532
f 3533/3533/3533 3534/3534/3534 3535/3535/3535
f 3533/3533/3533 3535/3535/3535 3536/3536/3536
f 3534/3534/3534 3537/3537/3537 3535/3535/3535
f 3538/3538/3538 3533/3533/3533 3536/3536/3536
f 3534/3534/3534 3539/3539/3539 3537/3537/3537
f 3538/3538/3538 3536/3536/3536 3540/3540/3540
f 3539/3539/3539 3541/3541/3541 3537/3537/3537
f 3542/3542/3542 3538/3538/3538 3540/3540/3540
f 3539/3539/3539 3543/3543/3543 3541/3541/3541
f 3543/3543/3543 3544/3544/3544 3541/3541/3541
f 3543/3543/3543 3545/3545/3545 3544/3544/3544
f 3542/3542/3542 3540/3540/3540 3546/3546/3546
f 3547/3547/3547 3542/3542/3542 3546/3546/3546
f 3547/3547/3547 3546/3546/3546 3548/3548/3548
f 3549/3549/3549 3550/3550/3550 3551/3551/3551
f 3549/3549/3549 3551/3551/3551 3552/3552/3552
f 3553/3553/3553 3549/3549/3549 3552/3552/3552
f 3551/3551/3551 3550/3550/3550 3554/3554/3554
f 3553/3553/3553 3552/3552/3552 3555/3555/3555
f 3556/3556/3556 3553/3553/3553 3555/3555/3555
f 3556/3556/3556 3555/3555/3555 3557/3557/3557
f 3558/3558/3558 3556/3556/3556 3557/3557/3557
f 3558/3558/3558 3559/3559/3559 3556/3556/3556
f 3550/3550/3550 3560/3560/3560 3554/3554/3554
f 3550/3550/3550 3561/3561/3561 3560/3560/3560
f 3554/3554/3554 3560/3560/3560 3562/3562/3562
f 3554/3554/3554 3562/3562/3562 3563/3563/3563
f 3563/3563/3563 3562/3562/3562 3564/3564/3564
f 3563/3563/3563 3564/3564/3564 3565/3565/3565
f 3566/3566/3566 3567/3567/3567 3568/3568/3568
f 3567/3567/3567 3569/3569/3569 3568/3568/3568
f 3567/3567/3567 3570/3570/3570 3569/3569/3569
f 3566/3566/3566 3568/3568/3568 3571/3571/3571
f 3572/3572/3572 3566/3566/3566 3571/3571/3571
f 3572/3572/3572 3571/3571/3571 3573/3573/3573
f 3574/3574/3574 3572/3572/3572 3573/3573/3573
f 3574/3574/3574 3573/3573/3573 3575/3575/3575
f 3576/3576/3576 3574/3574/3574 3575/3575/3575
f 3576/3576/3576 3575/3575/3575 3577/3577/3577
f 3578/3578/3578 3579/3579/3579 3580/3580/3580
f 3578/3578/3578 3580/3580/3580 3581/3581/3581
f 3579/3579/3579 3582/3582/3582 3580/3580/3580
f 3579/3579/3579 3583/3583/3583 3582/3582/3582
f 3583/3583/3583 3584/3584/3584 3582/3582/3582
f 3583/3583/3583 3585/3585/3585 3584/3584/3584
f 3585/3585/3585 3586/3586/3586 3584/3584/3584
f 3585/3585/3585 3587/3587/3587 3586/3586/3586
f 3587/3587/3587 3588/3588/3588 3586/3586/3586
f 3587/3587/3587 3589/3589/3589 3588/3588/3588
f 3589/3589/3589 3590/3590/3590 3588/3588/3588
f 3589/3589/3589 3591/3591/3591 3590/3590/3590
f 3591/3591/3591 3592/3592/3592 3590/3590/3590
f 3591/3591/3591 3593/3593/3593 3592/3592/3592
f 3594/3594/3594 3595/3595/3595 3596/3596/3596
f 3594/3594/3594 3596/3596/3596 3597/3597/3597
f 3595/3595/3595 3598/3598/3598 3596/3596/3596
f 3599/3599/3599 3595/3595/3595 3594/3594/3594
f 3599/3599/3599 3594/3594/3594 3600/3600/3600
f 3595/3595/3595 3601/3601/3601 3598/3598/3598
f 3599/3599/3599 3601/3601/3601 3595/3595/3595
f 3601/3601/3601 3602/3602/3602 3598/3598/3598
f 3599/3599/3599 3600/3600/3600 3603/3603/3603
f 3599/3599/3599 3603/3603/3603 3604/3604/3604
f 3599/3599/3599 3604/3604/3604 3605/3605/3605
f 3599/3599/3599 3605/3605/3605 3606/3606/3606
f 3599/3599/3599 3606/3606/3606 3601/3601/3601
f 3607/3607/3607 3606/3606/3606 3605/3605/3605
f 3601/3601/3601 3608/3608/3608 3602/3602/3602
f 3606/3606/3606 3608/3608/3608 3601/3601/3601
f 3608/3608/3608 3609/3609/3609 3602/3602/3602
f 3610/3610/3610 3606/3606/3606 3607/3607/3607
f 3606/3606/3606 3610/3610/3610 3608/3608/3608
f 3610/3610/3610 3607/3607/3607 3611/3611/3611
f 3608/3608/3608 3612/3612/3612 3609/3609/3609
f 3610/3610/3610 3612/3612/3612 3608/3608/3608
f 3612/3612/3612 3613/3613/3613 3609/3609/3609
f 3614/3614/3614 3610/3610/3610 3611/3611/3611
f 3610/3610/3610 3614/3614/3614 3612/3612/3612
f 3614/3614/3614 3611/3611/3611 3615/3615/3615
f 3612/3612/3612 3616/3616/3616 3613/3613/3613
f 3614/3614/3614 3616/3616/3616 3612/3612/3612
f 3616/3616/3616 3617/3617/3617 3613/3613/3613
f 3618/3618/3618 3614/3614/3614 3615/3615/3615
f 3614/3614/3614 3618/3618/3618 3616/3616/3616
f 3618/3618/3618 3615/3615/3615 3619/3619/3619
f 3616/3616/3616 3620/3620/3620 3617/3617/3617
f 3618/3618/3618 3620/3620/3620 3616/3616/3616
f 3620/3620/3620 3621/3621/3621 3617/3617/3617
f 3620/3620/3620 3622/3622/3622 3621/3621/3621
f 3618/3618/3618 3623/3623/3623 3620/3620/3620
f 3623/3623/3623 3622/3622/3622 3620/3620/3620
f 3623/3623/3623 3618/3618/3618 3619/3619/3619
f 3623/3623/3623 3624/3624/3624 3622/3622/3622
f 3623/3623/3623 3619/3619/3619 3625/3625/3625
f 3624/3624/3624 3623/3623/3623 3625/3625/3625
f 3624/3624/3624 3625/3625/3625 3626/3626/3626
f 3627/3627/3627 3628/3628/3628 3629/3629/3629
f 3627/3627/3627 3629/3629/3629 3630/3630/3630
f 3628/3628/3628 3631/3631/3631 3629/3629/3629
f 3632/3632/3632 3627/3627/3627 3630/3630/3630
f 3628/3628/3628 3633/3633/3633 3631/3631/3631
f 3632/3632/3632 3630/3630/3630 3634/3634/3634
f 3633/3633/3633 3635/3635/3635 3631/3631/3631
f 3636/3636/3636 3632/3632/3632 3634/3634/3634
f 3633/3633/3633 3637/3637/3637 3635/3635/3635
f 3637/3637/3637 3638/3638/3638 3635/3635/3635
f 3637/3637/3637 3639/3639/3639 3638/3638/3638
f 3636/3636/3636 3634/3634/3634 3640/3640/3640
f 3641/3641/3641 3636/3636/3636 3640/3640/3640
f 3641/3641/3641 3640/3640/3640 3642/3642/3642
f 3643/3643/3643 3644/3644/3644 3645/3645/3645
f 3643/3643/3643 3645/3645/3645 3646/3646/3646
f 3644/3644/3644 3647/3647/3647 3645/3645/3645
f 3648/3648/3648 3643/3643/3643 3646/3646/3646
f 3644/3644/3644 3649/3649/3649 3647/3647/3647
f 3648/3648/3648 3646/3646/3646 3650/3650/3650
f 3651/3651/3651 3648/3648/3648 3650/3650/3650
f 3651/3651/3651 3650/3650/3650 3652/3652/3652
f 3653/3653/3653 3651/3651/3651 3652/3652/3652
f 3653/3653/3653 3654/3654/3654 3651/3651/3651
f 3647/3647/3647 3649/3649/3649 3655/3655/3655
f 3649/3649/3649 3656/3656/3656 3655/3655/3655
f 3649/3649/3649 3657/3657/3657 3656/3656/3656
f 3655/3655/3655 3656/3656/3656 3658/3658/3658
f 3655/3655/3655 3658/3658/3658 3659/3659/3659
f 3660/3660/3660 3661/3661/3661 3662/3662/3662
f 3660/3660/3660 3662/3662/3662 3663/3663/3663
f 3661/3661/3661 3664/3664/3664 3662/3662/3662
f 3665/3665/3665 3660/3660/3660 3663/3663/3663
f 3661/3661/3661 3666/3666/3666 3664/3664/3664
f 3666/3666/3666 3667/3667/3667 3664/3664/3664
f 3666/3666/3666 3668/3668/3668 3667/3667/3667
f 3665/3665/3665 3663/3663/3663 3669/3669/3669
f 3670/3670/3670 3665/3665/3665 3669/3669/3669
f 3670/3670/3670 3669/3669/3669 3671/3671/3671
f 3672/3672/3672 3670/3670/3670 3671/3671/3671
f 3672/3672/3672 3671/3671/3671 3673/3673/3673
f 3674/3674/3674 3675/3675/3675 3676/3676/3676
f 3674/3674/3674 3676/3676/3676 3677/3677/3677
f 3674/3674/3674 3678/3678/3678 3675/3675/3675
f 3679/3679/3679 3675/3675/3675 3678/3678/3678
f 3680/3680/3680 3679/3679/3679 3678/3678/3678
f 3680/3680/3680 3681/3681/3681 3679/3679/3679
f 3682/3682/3682 3681/3681/3681 3680/3680/3680
f 3682/3682/3682 3683/3683/3683 3681/3681/3681
f 3684/3684/3684 3683/3683/3683 3682/3682/3682
f 3684/3684/3684 3685/3685/3685 3683/3683/3683
f 3686/3686/3686 3685/3685/3685 3684/3684/3684
f 3686/3686/3686 3687/3687/3687 3685/3685/3685
f 3688/3688/3688 3687/3687/3687 3686/3686/3686
f 3688/3688/3688 3689/3689/3689 3687/3687/3687
f 3690/3690/3690 3691/3691/3691 3692/3692/3692
f 3693/3693/3693 3691/3691/3691 3690/3690/3690
f 3690/3690/3690 3692/3692/3692 3694/3694/3694
f 3693/3693/3693 3695/3695/3695 3691/3691/3691
f 3696/3696/3696 3695/3695/3695 3693/3693/3693
f 3696/3696/3696 3697/3697/3697 3695/3695/3695
f 3694/3694/3694 3692/3692/3692 3698/3698/3698
f 3694/3694/3694 3698/3698/3698 3699/3699/3699
f 3692/3692/3692 3700/3700/3700 3698/3698/3698
f 3699/3699/3699 3698/3698/3698 3701/3701/3701
f 3699/3699/3699 3701/3701/3701 3702/3702/3702
f 3701/3701/3701 3698/3698/3698 3703/3703/3703
f 3700/3700/3700 3703/3703/3703 3698/3698/3698
f 3702/3702/3702 3701/3701/3701 3704/3704/3704
f 3704/3704/3704 3701/3701/3701 3703/3703/3703
f 3702/3702/3702 3704/3704/3704 3705/3705/3705
f 3700/3700/3700 3706/3706/3706 3703/3703/3703
f 3707/3707/3707 3706/3706/3706 3700/3700/3700
f 3707/3707/3707 3700/3700/3700 3708/3708/3708
f 3708/3708/3708 3700/3700/3700 3709/3709/3709
f 3692/3692/3692 3709/3709/3709 3700/3700/3700
f 3708/3708/3708 3709/3709/3709 3710/3710/3710
f 3691/3691/3691 3709/3709/3709 3692/3692/3692
f 3710/3710/3710 3709/3709/3709 3711/3711/3711
f 3691/3691/3691 3711/3711/3711 3709/3709/3709
f 3710/3710/3710 3711/3711/3711 3712/3712/3712
f 3695/3695/3695 3711/3711/3711 3691/3691/3691
f 3712/3712/3712 3711/3711/3711 3713/3713/3713
f 3695/3695/3695 3713/3713/3713 3711/3711/3711
f 3697/3697/3697 3713/3713/3713 3695/3695/3695
f 3712/3712/3712 3713/3713/3713 3714/3714/3714
f 3697/3697/3697 3715/3715/3715 3713/3713/3713
f 3714/3714/3714 3713/3713/3713 3715/3715/3715
f 3714/3714/3714 3715/3715/3715 3716/3716/3716
f 3717/3717/3717 3718/3718/3718 3719/3719/3719
f 3720/3720/3720 3718/3718/3718 3717/3717/3717
f 3717/3717/3717 3719/3719/3719 3721/3721/3721
f 3720/3720/3720 3722/3722/3722 3718/3718/3718
f 3721/3721/3721 3719/3719/3719 3723/3723/3723
f 3724/3724/3724 3722/3722/3722 3720/3720/3720
f 3721/3721/3721 3723/3723/3723 3725/3725/3725
f 3724/3724/3724 3726/3726/3726 3722/3722/3722
f 3727/3727/3727 3726/3726/3726 3724/3724/3724
f 3727/3727/3727 3728/3728/3728 3726/3726/3726
f 3725/3725/3725 3723/3723/3723 3729/3729/3729
f 3725/3725/3725 3729/3729/3729 3730/3730/3730
f 3730/3730/3730 3729/3729/3729 3731/3731/3731
f 3730/3730/3730 3731/3731/3731 3732/3732/3732
f 3733/3733/3733 3734/3734/3734 3735/3735/3735
f 3733/3733/3733 3735/3735/3735 3736/3736/3736
f 3736/3736/3736 3735/3735/3735 3737/3737/3737
f 3733/3733/3733 3738/3738/3738 3734/3734/3734
f 3736/3736/3736 3737/3737/3737 3739/3739/3739
f 3739/3739/3739 3737/3737/3737 3740/3740/3740
f 3739/3739/3739 3740/3740/3740 3741/3741/3741
f 3742/3742/3742 3741/3741/3741 3740/3740/3740
f 3742/3742/3742 3740/3740/3740 3743/3743/3743
f 3744/3744/3744 3734/3734/3734 3738/3738/3738
f 3744/3744/3744 3745/3745/3745 3734/3734/3734
f 3738/3738/3738 3746/3746/3746 3744/3744/3744
f 3738/3738/3738 3747/3747/3747 3746/3746/3746
f 3747/3747/3747 3748/3748/3748 3746/3746/3746
f 3747/3747/3747 3749/3749/3749 3748/3748/3748
f 3750/3750/3750 3751/3751/3751 3752/3752/3752
f 3753/3753/3753 3751/3751/3751 3750/3750/3750
f 3753/3753/3753 3754/3754/3754 3751/3751/3751
f 3750/3750/3750 3752/3752/3752 3755/3755/3755
f 3755/3755/3755 3752/3752/3752 3756/3756/3756
f 3755/3755/3755 3756/3756/3756 3757/3757/3757
f 3757/3757/3757 3756/3756/3756 3758/3758/3758
f 3757/3757/3757 3758/3758/3758 3759/3759/3759
f 3759/3759/3759 3758/3758/3758 3760/3760/3760
f 3759/3759/3759 3760/3760/3760 3761/3761/3761
f 3762/3762/3762 3763/3763/3763 3764/3764/3764
