o Sponza_Mesh_047
v -7.583645 -1.357894 1.767977
v -7.842736 -1.357894 1.767977
v -8.029110 -1.544267 1.767976
v -8.029110 -1.972919 1.767977
v -7.583645 -1.972919 1.767977
v -7.583645 -1.972919 1.703826
v -8.029110 -1.972919 1.703826
v -8.029110 -1.972919 1.663104
v -7.583645 -1.972919 1.663104
v -7.603524 -1.955397 1.632693
v -8.029110 -1.955397 1.632693
v -7.653758 -1.911112 1.609377
v -8.029110 -1.911112 1.609377
v -7.828827 -1.887523 1.594083
v -8.029110 -1.887523 1.594083
v -7.679549 -1.756143 1.594083
v -7.583645 -1.357894 1.703826
v -7.583645 -1.972919 1.703826
v -7.583645 -1.972919 1.663104
v -7.583645 -1.357894 1.663104
v -7.842736 -1.357894 1.703826
v -7.603524 -1.955397 1.632693
v -7.842736 -1.357894 1.663104
v -7.603524 -1.375417 1.632693
v -7.603524 -1.375417 1.632693
v -7.653758 -1.419702 1.609377
v -7.860260 -1.375418 1.632693
v -7.653758 -1.911112 1.609377
v -7.679549 -1.756143 1.594083
v -7.679549 -1.570345 1.594083
v -7.653758 -1.419702 1.609377
v -7.904543 -1.419702 1.609377
v -7.828827 -1.438966 1.594083
v -7.923809 -1.438966 1.594083
v -7.679549 -1.570345 1.594083
v -7.837282 -1.456930 1.493211
v -7.699961 -1.577786 1.493211
v -7.699961 -1.577786 -0.019686
v -7.837282 -1.456930 -0.019686
v -7.699961 -1.577786 1.493211
v -7.699961 -1.748702 1.493211
v -7.699961 -1.748702 -0.019686
v -7.699961 -1.577786 -0.019686
v -7.699961 -1.748702 1.493211
v -7.837282 -1.869558 1.493211
v -7.837282 -1.869558 -0.019686
v -7.699961 -1.748702 -0.019686
v -7.837282 -1.869558 1.493211
v -8.029110 -1.869558 1.493211
v -8.029110 -1.869558 -0.019686
v -7.837282 -1.869558 -0.019686
v -8.220940 -1.869558 1.493211
v -8.220940 -1.869558 -0.019686
v -7.831351 -1.444334 1.540001
v -7.685649 -1.572569 1.540001
v -7.699961 -1.577786 1.529808
v -7.837282 -1.456930 1.529808
v -7.929176 -1.444334 1.540001
v -7.941774 -1.456930 1.529808
v -7.699961 -1.748702 1.529808
v -7.685649 -1.753919 1.540001
v -7.831351 -1.882154 1.540001
v -7.837282 -1.869558 1.529808
v -8.029110 -1.882154 1.540001
v -8.029110 -1.869558 1.529808
v -7.828827 -1.438966 1.594083
v -7.679549 -1.570345 1.594083
v -7.695551 -1.576179 1.570580
v -7.695551 -1.750309 1.570580
v -7.679549 -1.756143 1.594083
v -7.828827 -1.887523 1.594083
v -7.835453 -1.873437 1.570580
v -8.029110 -1.887523 1.594083
v -8.029110 -1.873437 1.570580
v -8.029110 -1.874548 1.550194
v -7.834930 -1.874548 1.550194
v -8.029110 -1.882154 1.540001
v -7.831351 -1.882154 1.540001
v -7.694291 -1.750769 1.550194
v -7.685649 -1.753919 1.540001
v -7.685649 -1.572569 1.540001
v -7.694291 -1.575719 1.550194
v -7.831351 -1.444334 1.540001
v -7.834930 -1.451940 1.550194
v -7.929176 -1.444334 1.540001
v -7.936784 -1.451940 1.550194
v -7.835453 -1.453050 1.570580
v -7.937893 -1.453051 1.570580
v -7.923809 -1.438966 1.594083
v -7.837282 -1.456930 1.493211
v -7.941774 -1.456930 1.493211
v -7.921813 -1.436970 1.511509
v -7.827887 -1.436970 1.511510
v -7.699961 -1.577786 1.493211
v -7.677280 -1.569518 1.511510
v -7.677280 -1.756970 1.511510
v -7.699961 -1.748702 1.493211
v -7.827887 -1.889519 1.511510
v -7.837282 -1.869558 1.493211
v -8.029110 -1.889519 1.511509
v -8.029110 -1.869558 1.493211
v -7.921813 -1.436970 1.511509
v -7.941774 -1.456930 1.529808
v -7.837282 -1.456930 1.529808
v -7.827887 -1.436970 1.511510
v -7.699961 -1.577786 1.529808
v -7.677280 -1.569518 1.511510
v -7.699961 -1.748702 1.529808
v -7.677280 -1.756970 1.511510
v -7.827887 -1.889519 1.511510
v -7.837282 -1.869558 1.529808
v -8.029110 -1.889519 1.511509
v -8.029110 -1.869558 1.529808
v -7.592084 -1.965490 1.721675
v -8.029110 -1.965490 1.721675
v -8.029110 -1.965490 1.703826
v -7.592084 -1.965490 1.703826
v -7.592084 -1.365323 1.721675
v -7.592084 -1.965490 1.721675
v -7.592084 -1.965490 1.703826
v -7.592084 -1.365323 1.703826
v -7.842736 -1.357894 1.721675
v -7.842736 -1.357894 1.767977
v -7.583645 -1.357894 1.767977
v -7.583645 -1.357894 1.721675
v -7.583645 -1.357894 1.721675
v -7.583645 -1.357894 1.767977
v -7.583645 -1.972919 1.767977
v -7.583645 -1.972919 1.721675
v -7.592084 -1.965490 1.703826
v -8.029110 -1.965490 1.703826
v -8.029110 -1.972919 1.703826
v -7.583645 -1.972919 1.703826
v -7.592084 -1.365323 1.703826
v -7.592084 -1.965490 1.703826
v -7.583645 -1.972919 1.703826
v -7.583645 -1.357894 1.703826
v -7.842736 -1.357894 1.703826
v -7.850167 -1.365323 1.703826
v -7.592084 -1.965490 1.721675
v -7.592084 -1.365323 1.721675
v -7.583645 -1.357894 1.721675
v -7.583645 -1.972919 1.721675
v -7.592084 -1.365323 1.721675
v -7.850167 -1.365323 1.721675
v -7.842736 -1.357894 1.721675
v -7.583645 -1.357894 1.721675
v -8.029110 -1.972919 1.721675
v -7.583645 -1.972919 1.721675
v -7.583645 -1.972919 1.767977
v -8.029110 -1.972919 1.767977
v -8.029110 -1.972919 1.721675
v -8.029110 -1.965490 1.721675
v -7.592084 -1.965490 1.721675
v -7.583645 -1.972919 1.721675
v -8.220940 -1.869558 1.529808
v -8.029110 -1.869558 1.529808
v -8.029110 -1.882154 1.540001
v -8.226870 -1.882154 1.540001
v -8.301401 -1.816558 1.540001
v -8.291926 -1.807082 1.529808
v -8.222766 -1.873437 1.570580
v -8.029110 -1.873437 1.570580
v -8.029110 -1.887523 1.594083
v -8.229395 -1.887523 1.594083
v -8.305438 -1.820595 1.594083
v -8.294844 -1.810002 1.570580
v -8.029110 -1.874548 1.550194
v -8.295680 -1.810837 1.550194
v -8.223289 -1.874548 1.550194
v -8.029110 -1.882154 1.540001
v -8.301401 -1.816558 1.540001
v -8.226870 -1.882154 1.540001
v -8.220940 -1.869558 1.493211
v -8.230332 -1.889519 1.511510
v -8.306940 -1.822097 1.511510
v -8.291926 -1.807082 1.493211
v -8.029110 -1.889519 1.511509
v -8.029110 -1.869558 1.493211
v -8.220940 -1.869558 1.529808
v -8.291926 -1.807082 1.529808
v -8.306940 -1.822097 1.511510
v -8.230332 -1.889519 1.511510
v -8.029110 -1.889519 1.511509
v -8.029110 -1.869558 1.529808
v -8.029110 -1.972919 1.663104
v -8.457762 -1.972919 1.663104
v -8.440239 -1.955396 1.632693
v -8.029110 -1.972919 1.703826
v -8.457762 -1.972919 1.703826
v -8.029110 -1.955397 1.632693
v -8.395955 -1.911112 1.609377
v -8.029110 -1.911112 1.609377
v -8.029110 -1.887523 1.594083
v -8.229395 -1.887523 1.594083
v -8.394629 -1.909787 1.608518
v -8.305438 -1.820595 1.594083
v -8.457762 -1.972919 1.767977
v -8.457762 -1.972919 1.721675
v -8.029110 -1.972919 1.721675
v -8.029110 -1.972919 1.767977
v -8.029110 -1.972919 1.721675
v -8.457762 -1.972919 1.721675
v -8.450332 -1.965490 1.721675
v -8.029110 -1.965490 1.721675
v -7.941774 -1.456930 1.493211
v -7.837282 -1.456930 1.493211
v -7.837282 -1.456930 -0.019686
v -7.941774 -1.456930 -0.019686
v -7.850167 -1.365323 1.721675
v -7.592084 -1.365323 1.721675
v -7.592084 -1.365323 1.703826
v -7.850167 -1.365323 1.703826
v -8.029110 -1.544267 1.767976
v -8.457762 -1.972919 1.767977
v -8.029110 -1.972919 1.767977
v -8.291926 -1.807082 -0.019686
v -8.220940 -1.869558 -0.019686
v -8.220940 -1.869558 1.493211
v -8.291926 -1.807082 1.493211
v -8.450332 -1.965490 1.703826
v -8.029110 -1.965490 1.703826
v -8.029110 -1.965490 1.721675
v -8.450332 -1.965490 1.721675
v -8.450332 -1.965490 1.703826
v -8.457762 -1.972919 1.703826
v -8.029110 -1.972919 1.703826
v -8.029110 -1.965490 1.703826
v -8.029110 -1.544267 1.767976
v -7.842736 -1.357894 1.767977
v -7.842736 -1.098802 1.767977
v -8.457762 -1.544268 1.767977
v -8.457762 -1.098803 1.767977
v -8.457762 -1.544268 1.663104
v -8.457762 -1.544268 1.703826
v -8.457762 -1.098803 1.703826
v -8.457762 -1.098803 1.663104
v -8.440239 -1.118681 1.632693
v -8.440239 -1.544268 1.632693
v -8.395955 -1.168916 1.609377
v -8.395955 -1.544268 1.609377
v -8.372366 -1.343984 1.594083
v -8.372366 -1.544268 1.594083
v -8.240985 -1.194706 1.594083
v -8.457762 -1.098803 1.663104
v -8.457762 -1.098803 1.703826
v -7.842736 -1.098802 1.703826
v -7.842736 -1.098802 1.663104
v -7.842736 -1.357894 1.703826
v -8.440239 -1.118681 1.632693
v -7.842736 -1.357894 1.663104
v -7.860260 -1.118681 1.632693
v -7.860260 -1.118681 1.632693
v -7.904543 -1.168916 1.609377
v -7.860260 -1.375418 1.632693
v -8.395955 -1.168916 1.609377
v -8.240985 -1.194706 1.594083
v -8.055187 -1.194706 1.594083
v -7.904543 -1.168916 1.609377
v -7.904543 -1.419702 1.609377
v -7.923809 -1.343984 1.594083
v -7.923809 -1.438966 1.594083
v -8.055187 -1.194706 1.594083
v -8.062629 -1.215118 -0.019686
v -8.062629 -1.215118 1.493211
v -7.941774 -1.352438 1.493211
v -7.941774 -1.352438 -0.019686
v -8.233545 -1.215118 -0.019686
v -8.233545 -1.215118 1.493211
v -8.062629 -1.215118 1.493211
v -8.062629 -1.215118 -0.019686
v -8.354401 -1.352438 -0.019686
v -8.354401 -1.352438 1.493211
v -8.233545 -1.215118 1.493211
v -8.233545 -1.215118 -0.019686
v -8.354401 -1.544268 -0.019686
v -8.354401 -1.544268 1.493211
v -8.354401 -1.352438 1.493211
v -8.354401 -1.352438 -0.019686
v -8.354401 -1.736097 1.493211
v -8.354401 -1.736097 -0.019686
v -8.062629 -1.215118 1.529808
v -8.057411 -1.200807 1.540001
v -7.929176 -1.346509 1.540001
v -7.941774 -1.352438 1.529808
v -7.929176 -1.444334 1.540001
v -7.941774 -1.456930 1.529808
v -8.233545 -1.215118 1.529808
v -8.238762 -1.200807 1.540001
v -8.366996 -1.346509 1.540001
v -8.354401 -1.352438 1.529808
v -8.366996 -1.544268 1.540001
v -8.354401 -1.544268 1.529808
v -8.061022 -1.210710 1.570580
v -8.055187 -1.194706 1.594083
v -7.923809 -1.343984 1.594083
v -8.235151 -1.210709 1.570580
v -8.240985 -1.194706 1.594083
v -8.372366 -1.343984 1.594083
v -8.358280 -1.350611 1.570580
v -8.372366 -1.544268 1.594083
v -8.358280 -1.544268 1.570580
v -8.359391 -1.544268 1.550194
v -8.359391 -1.350088 1.550194
v -8.366996 -1.544268 1.540001
v -8.366996 -1.346509 1.540001
v -8.235612 -1.209449 1.550194
v -8.238762 -1.200807 1.540001
v -8.057411 -1.200807 1.540001
v -8.060561 -1.209449 1.550194
v -7.929176 -1.346509 1.540001
v -7.936784 -1.350088 1.550194
v -7.929176 -1.444334 1.540001
v -7.936784 -1.451940 1.550194
v -7.937893 -1.350611 1.570580
v -7.937893 -1.453051 1.570580
v -7.923809 -1.438966 1.594083
v -7.941774 -1.352438 1.493211
v -7.921813 -1.343044 1.511510
v -7.921813 -1.436970 1.511509
v -7.941774 -1.456930 1.493211
v -8.062629 -1.215118 1.493211
v -8.054360 -1.192438 1.511510
v -8.241813 -1.192438 1.511510
v -8.233545 -1.215118 1.493211
v -8.374362 -1.343044 1.511510
v -8.354401 -1.352438 1.493211
v -8.374362 -1.544268 1.511509
v -8.354401 -1.544268 1.493211
v -7.941774 -1.352438 1.529808
v -7.941774 -1.456930 1.529808
v -7.921813 -1.436970 1.511509
v -7.921813 -1.343044 1.511510
v -8.062629 -1.215118 1.529808
v -8.054360 -1.192438 1.511510
v -8.233545 -1.215118 1.529808
v -8.241813 -1.192438 1.511510
v -8.374362 -1.343044 1.511510
v -8.354401 -1.352438 1.529808
v -8.374362 -1.544268 1.511509
v -8.354401 -1.544268 1.529808
v -8.450332 -1.544268 1.703826
v -8.450332 -1.544268 1.721675
v -8.450332 -1.107242 1.721675
v -8.450332 -1.107242 1.703826
v -8.450332 -1.107242 1.703826
v -8.450332 -1.107242 1.721675
v -7.850167 -1.107242 1.721675
v -7.850167 -1.107242 1.703826
v -7.842736 -1.098802 1.767977
v -7.842736 -1.357894 1.767977
v -7.842736 -1.357894 1.721675
v -7.842736 -1.098802 1.721675
v -8.457762 -1.098803 1.767977
v -7.842736 -1.098802 1.767977
v -7.842736 -1.098802 1.721675
v -8.457762 -1.098803 1.721675
v -8.457762 -1.544268 1.703826
v -8.450332 -1.544268 1.703826
v -8.450332 -1.107242 1.703826
v -8.457762 -1.098803 1.703826
v -8.457762 -1.098803 1.703826
v -8.450332 -1.107242 1.703826
v -7.850167 -1.107242 1.703826
v -7.842736 -1.098802 1.703826
v -7.842736 -1.357894 1.703826
v -7.850167 -1.365323 1.703826
v -7.842736 -1.098802 1.721675
v -7.850167 -1.107242 1.721675
v -8.450332 -1.107242 1.721675
v -8.457762 -1.098803 1.721675
v -7.842736 -1.357894 1.721675
v -7.850167 -1.365323 1.721675
v -7.850167 -1.107242 1.721675
v -7.842736 -1.098802 1.721675
v -8.457762 -1.098803 1.767977
v -8.457762 -1.098803 1.721675
v -8.457762 -1.544268 1.721675
v -8.457762 -1.544268 1.767977
v -8.457762 -1.544268 1.721675
v -8.457762 -1.098803 1.721675
v -8.450332 -1.107242 1.721675
v -8.450332 -1.544268 1.721675
v -8.354401 -1.736097 1.529808
v -8.366996 -1.742026 1.540001
v -8.366996 -1.544268 1.540001
v -8.354401 -1.544268 1.529808
v -8.301401 -1.816558 1.540001
v -8.291926 -1.807082 1.529808
v -8.358280 -1.737923 1.570580
v -8.372366 -1.744552 1.594083
v -8.372366 -1.544268 1.594083
v -8.305438 -1.820595 1.594083
v -8.294844 -1.810002 1.570580
v -8.358280 -1.544268 1.570580
v -8.295680 -1.810837 1.550194
v -8.359391 -1.544268 1.550194
v -8.359391 -1.738447 1.550194
v -8.301401 -1.816558 1.540001
v -8.366996 -1.544268 1.540001
v -8.366996 -1.742026 1.540001
v -8.354401 -1.736097 1.493211
v -8.291926 -1.807082 1.493211
v -8.306940 -1.822097 1.511510
v -8.374362 -1.745490 1.511510
v -8.374362 -1.544268 1.511509
v -8.354401 -1.544268 1.493211
v -8.306940 -1.822097 1.511510
v -8.291926 -1.807082 1.529808
v -8.354401 -1.736097 1.529808
v -8.374362 -1.745490 1.511510
v -8.374362 -1.544268 1.511509
v -8.354401 -1.544268 1.529808
v -8.457762 -1.544268 1.663104
v -8.440239 -1.544268 1.632693
v -8.440239 -1.955396 1.632693
v -8.457762 -1.972919 1.663104
v -8.457762 -1.544268 1.703826
v -8.457762 -1.972919 1.703826
v -8.395955 -1.911112 1.609377
v -8.395955 -1.544268 1.609377
v -8.372366 -1.544268 1.594083
v -8.372366 -1.744552 1.594083
v -8.394629 -1.909787 1.608518
v -8.305438 -1.820595 1.594083
v -8.457762 -1.544268 1.721675
v -8.457762 -1.972919 1.721675
v -8.457762 -1.972919 1.767977
v -8.457762 -1.544268 1.767977
v -8.457762 -1.544268 1.721675
v -8.450332 -1.544268 1.721675
v -8.450332 -1.965490 1.721675
v -8.457762 -1.972919 1.721675
v -7.941774 -1.352438 -0.019686
v -7.941774 -1.352438 1.493211
v -7.941774 -1.456930 1.493211
v -7.941774 -1.456930 -0.019686
v -7.850167 -1.107242 1.703826
v -7.850167 -1.107242 1.721675
v -7.850167 -1.365323 1.721675
v -7.850167 -1.365323 1.703826
v -8.029110 -1.544267 1.767976
v -8.457762 -1.544268 1.767977
v -8.457762 -1.972919 1.767977
v -8.354401 -1.736097 1.493211
v -8.354401 -1.736097 -0.019686
v -8.291926 -1.807082 -0.019686
v -8.291926 -1.807082 1.493211
v -8.450332 -1.544268 1.721675
v -8.450332 -1.544268 1.703826
v -8.450332 -1.965490 1.703826
v -8.450332 -1.965490 1.721675
v -8.450332 -1.965490 1.703826
v -8.450332 -1.544268 1.703826
v -8.457762 -1.544268 1.703826
v -8.457762 -1.972919 1.703826
v -8.029110 2.106303 1.767976
v -7.842736 1.919929 1.767977
v -7.583645 1.919929 1.767977
v -8.029110 2.534954 1.767977
v -7.583645 2.534954 1.767977
v -8.029110 2.534954 1.663104
v -8.029110 2.534954 1.703826
v -7.583645 2.534954 1.703826
v -7.583645 2.534954 1.663104
v -7.603524 2.517431 1.632693
v -8.029110 2.517431 1.632693
v -7.653758 2.473147 1.609377
v -8.029110 2.473147 1.609377
v -7.828827 2.449557 1.594083
v -8.029110 2.449557 1.594083
v -7.679549 2.318178 1.594083
v -7.583645 2.534954 1.663104
v -7.583645 2.534954 1.703826
v -7.583645 1.919929 1.703826
v -7.583645 1.919929 1.663104
v -7.842736 1.919929 1.703826
v -7.603524 2.517431 1.632693
v -7.842736 1.919929 1.663104
v -7.603524 1.937451 1.632693
v -7.603524 1.937451 1.632693
v -7.653758 1.981736 1.609377
v -7.860260 1.937452 1.632693
v -7.653758 2.473147 1.609377
v -7.679549 2.318178 1.594083
v -7.679549 2.132380 1.594083
v -7.653758 1.981736 1.609377
v -7.904543 1.981736 1.609377
v -7.828827 2.001000 1.594083
v -7.923809 2.001000 1.594083
v -7.679549 2.132380 1.594083
v -7.699961 2.139821 -0.019686
v -7.699961 2.139821 1.493211
v -7.837282 2.018965 1.493211
v -7.837282 2.018965 -0.019686
v -7.699961 2.310737 -0.019686
v -7.699961 2.310737 1.493211
v -7.699961 2.139821 1.493211
v -7.699961 2.139821 -0.019686
v -7.837282 2.431592 -0.019686
v -7.837282 2.431592 1.493211
v -7.699961 2.310737 1.493211
v -7.699961 2.310737 -0.019686
v -8.029110 2.431592 -0.019686
v -8.029110 2.431592 1.493211
v -7.837282 2.431592 1.493211
v -7.837282 2.431592 -0.019686
v -8.220940 2.431592 1.493211
v -8.220940 2.431592 -0.019686
v -7.699961 2.139821 1.529808
v -7.685649 2.134603 1.540001
v -7.831351 2.006369 1.540001
v -7.837282 2.018965 1.529808
v -7.929176 2.006369 1.540001
v -7.941774 2.018965 1.529808
v -7.699961 2.310737 1.529808
v -7.685649 2.315954 1.540001
v -7.831351 2.444188 1.540001
v -7.837282 2.431592 1.529808
v -8.029110 2.444188 1.540001
v -8.029110 2.431592 1.529808
v -7.695551 2.138214 1.570580
v -7.679549 2.132380 1.594083
v -7.828827 2.001000 1.594083
v -7.695551 2.312343 1.570580
v -7.679549 2.318178 1.594083
v -7.828827 2.449557 1.594083
v -7.835453 2.435471 1.570580
v -8.029110 2.449557 1.594083
v -8.029110 2.435471 1.570580
v -8.029110 2.436583 1.550194
v -7.834930 2.436583 1.550194
v -8.029110 2.444188 1.540001
v -7.831351 2.444188 1.540001
v -7.694291 2.312803 1.550194
v -7.685649 2.315954 1.540001
v -7.685649 2.134603 1.540001
v -7.694291 2.137754 1.550194
v -7.831351 2.006369 1.540001
v -7.834930 2.013975 1.550194
v -7.929176 2.006369 1.540001
v -7.936784 2.013975 1.550194
v -7.835453 2.015086 1.570580
v -7.937893 2.015086 1.570580
v -7.923809 2.001000 1.594083
v -7.837282 2.018965 1.493211
v -7.827887 1.999004 1.511510
v -7.921813 1.999004 1.511509
v -7.941774 2.018965 1.493211
v -7.699961 2.139821 1.493211
v -7.677280 2.131553 1.511510
v -7.677280 2.319005 1.511510
v -7.699961 2.310737 1.493211
v -7.827887 2.451553 1.511510
v -7.837282 2.431592 1.493211
v -8.029110 2.451553 1.511509
v -8.029110 2.431592 1.493211
v -7.837282 2.018965 1.529808
v -7.941774 2.018965 1.529808
v -7.921813 1.999004 1.511509
v -7.827887 1.999004 1.511510
v -7.699961 2.139821 1.529808
v -7.677280 2.131553 1.511510
v -7.699961 2.310737 1.529808
v -7.677280 2.319005 1.511510
v -7.827887 2.451553 1.511510
v -7.837282 2.431592 1.529808
v -8.029110 2.451553 1.511509
v -8.029110 2.431592 1.529808
v -8.029110 2.527525 1.703826
v -8.029110 2.527525 1.721675
v -7.592084 2.527525 1.721675
v -7.592084 2.527525 1.703826
v -7.592084 2.527525 1.703826
v -7.592084 2.527525 1.721675
v -7.592084 1.927358 1.721675
v -7.592084 1.927358 1.703826
v -7.583645 1.919929 1.767977
v -7.842736 1.919929 1.767977
v -7.842736 1.919929 1.721675
v -7.583645 1.919929 1.721675
v -7.583645 2.534954 1.767977
v -7.583645 1.919929 1.767977
v -7.583645 1.919929 1.721675
v -7.583645 2.534954 1.721675
v -8.029110 2.534954 1.703826
v -8.029110 2.527525 1.703826
v -7.592084 2.527525 1.703826
v -7.583645 2.534954 1.703826
v -7.583645 2.534954 1.703826
v -7.592084 2.527525 1.703826
v -7.592084 1.927358 1.703826
v -7.583645 1.919929 1.703826
v -7.842736 1.919929 1.703826
v -7.850167 1.927358 1.703826
v -7.583645 1.919929 1.721675
v -7.592084 1.927358 1.721675
v -7.592084 2.527525 1.721675
v -7.583645 2.534954 1.721675
v -7.842736 1.919929 1.721675
v -7.850167 1.927358 1.721675
v -7.592084 1.927358 1.721675
v -7.583645 1.919929 1.721675
v -7.583645 2.534954 1.767977
v -7.583645 2.534954 1.721675
v -8.029110 2.534954 1.721675
v -8.029110 2.534954 1.767977
v -8.029110 2.534954 1.721675
v -7.583645 2.534954 1.721675
v -7.592084 2.527525 1.721675
v -8.029110 2.527525 1.721675
v -8.220940 2.431592 1.529808
v -8.226870 2.444188 1.540001
v -8.029110 2.444188 1.540001
v -8.029110 2.431592 1.529808
v -8.301401 2.378593 1.540001
v -8.291926 2.369118 1.529808
v -8.222766 2.435471 1.570580
v -8.229395 2.449557 1.594083
v -8.029110 2.449557 1.594083
v -8.305438 2.382630 1.594083
v -8.294844 2.372036 1.570580
v -8.029110 2.435471 1.570580
v -8.295680 2.372871 1.550194
v -8.029110 2.436583 1.550194
v -8.223289 2.436583 1.550194
v -8.301401 2.378593 1.540001
v -8.029110 2.444188 1.540001
v -8.226870 2.444188 1.540001
v -8.220940 2.431592 1.493211
v -8.291926 2.369118 1.493211
v -8.306940 2.384131 1.511510
v -8.230332 2.451553 1.511510
v -8.029110 2.451553 1.511509
v -8.029110 2.431592 1.493211
v -8.306940 2.384131 1.511510
v -8.291926 2.369118 1.529808
v -8.220940 2.431592 1.529808
v -8.230332 2.451553 1.511510
v -8.029110 2.451553 1.511509
v -8.029110 2.431592 1.529808
v -8.029110 2.534954 1.663104
v -8.029110 2.517431 1.632693
v -8.440239 2.517431 1.632693
v -8.457762 2.534954 1.663104
v -8.029110 2.534954 1.703826
v -8.457762 2.534954 1.703826
v -8.395955 2.473147 1.609377
v -8.029110 2.473147 1.609377
v -8.029110 2.449557 1.594083
v -8.229395 2.449557 1.594083
v -8.394629 2.471823 1.608518
v -8.305438 2.382630 1.594083
v -8.029110 2.534954 1.721675
v -8.457762 2.534954 1.721675
v -8.457762 2.534954 1.767977
v -8.029110 2.534954 1.767977
v -8.029110 2.534954 1.721675
v -8.029110 2.527525 1.721675
v -8.450332 2.527525 1.721675
v -8.457762 2.534954 1.721675
v -7.837282 2.018965 -0.019686
v -7.837282 2.018965 1.493211
v -7.941774 2.018965 1.493211
v -7.941774 2.018965 -0.019686
v -7.592084 1.927358 1.703826
v -7.592084 1.927358 1.721675
v -7.850167 1.927358 1.721675
v -7.850167 1.927358 1.703826
v -8.029110 2.106303 1.767976
v -8.029110 2.534954 1.767977
v -8.457762 2.534954 1.767977
v -8.220940 2.431592 1.493211
v -8.220940 2.431592 -0.019686
v -8.291926 2.369118 -0.019686
v -8.291926 2.369118 1.493211
v -8.029110 2.527525 1.721675
v -8.029110 2.527525 1.703826
v -8.450332 2.527525 1.703826
v -8.450332 2.527525 1.721675
v -8.450332 2.527525 1.703826
v -8.029110 2.527525 1.703826
v -8.029110 2.534954 1.703826
v -8.457762 2.534954 1.703826
v -7.842736 1.660837 1.767977
v -7.842736 1.919929 1.767977
v -8.029110 2.106303 1.767976
v -8.457762 2.106303 1.767977
v -8.457762 1.660838 1.767977
v -8.457762 1.660838 1.703826
v -8.457762 2.106303 1.703826
v -8.457762 2.106303 1.663104
v -8.457762 1.660838 1.663104
v -8.440239 1.680715 1.632693
v -8.440239 2.106303 1.632693
v -8.395955 1.730951 1.609377
v -8.395955 2.106303 1.609377
v -8.372366 1.906019 1.594083
v -8.372366 2.106303 1.594083
v -8.240985 1.756741 1.594083
v -7.842736 1.660837 1.703826
v -8.457762 1.660838 1.703826
v -8.457762 1.660838 1.663104
v -7.842736 1.660837 1.663104
v -7.842736 1.919929 1.703826
v -8.440239 1.680715 1.632693
v -7.842736 1.919929 1.663104
v -7.860260 1.680715 1.632693
v -7.860260 1.680715 1.632693
v -7.904543 1.730951 1.609377
v -7.860260 1.937452 1.632693
v -8.395955 1.730951 1.609377
v -8.240985 1.756741 1.594083
v -8.055187 1.756741 1.594083
v -7.904543 1.730951 1.609377
v -7.904543 1.981736 1.609377
v -7.923809 1.906019 1.594083
v -7.923809 2.001000 1.594083
v -8.055187 1.756741 1.594083
v -7.941774 1.914474 1.493211
v -8.062629 1.777153 1.493211
v -8.062629 1.777153 -0.019686
v -7.941774 1.914474 -0.019686
v -8.062629 1.777153 1.493211
v -8.233545 1.777153 1.493211
v -8.233545 1.777153 -0.019686
v -8.062629 1.777153 -0.019686
v -8.233545 1.777153 1.493211
v -8.354401 1.914474 1.493211
v -8.354401 1.914474 -0.019686
v -8.233545 1.777153 -0.019686
v -8.354401 1.914474 1.493211
v -8.354401 2.106303 1.493211
v -8.354401 2.106303 -0.019686
v -8.354401 1.914474 -0.019686
v -8.354401 2.298131 1.493211
v -8.354401 2.298131 -0.019686
v -7.929176 1.908544 1.540001
v -8.057411 1.762842 1.540001
v -8.062629 1.777153 1.529808
v -7.941774 1.914474 1.529808
v -7.929176 2.006369 1.540001
v -7.941774 2.018965 1.529808
v -8.233545 1.777153 1.529808
v -8.238762 1.762842 1.540001
v -8.366996 1.908544 1.540001
v -8.354401 1.914474 1.529808
v -8.366996 2.106303 1.540001
v -8.354401 2.106303 1.529808
v -7.923809 1.906019 1.594083
v -8.055187 1.756741 1.594083
v -8.061022 1.772744 1.570580
v -8.235151 1.772743 1.570580
v -8.240985 1.756741 1.594083
v -8.372366 1.906019 1.594083
v -8.358280 1.912646 1.570580
v -8.372366 2.106303 1.594083
v -8.358280 2.106303 1.570580
v -8.359391 2.106303 1.550194
v -8.359391 1.912123 1.550194
v -8.366996 2.106303 1.540001
v -8.366996 1.908544 1.540001
v -8.235612 1.771483 1.550194
v -8.238762 1.762842 1.540001
v -8.057411 1.762842 1.540001
v -8.060561 1.771483 1.550194
v -7.929176 1.908544 1.540001
v -7.936784 1.912123 1.550194
v -7.929176 2.006369 1.540001
v -7.936784 2.013975 1.550194
v -7.937893 1.912646 1.570580
v -7.937893 2.015086 1.570580
v -7.923809 2.001000 1.594083
v -7.941774 1.914474 1.493211
v -7.941774 2.018965 1.493211
v -7.921813 1.999004 1.511509
v -7.921813 1.905078 1.511510
v -8.062629 1.777153 1.493211
v -8.054360 1.754473 1.511510
v -8.241813 1.754473 1.511510
v -8.233545 1.777153 1.493211
v -8.374362 1.905079 1.511510
v -8.354401 1.914474 1.493211
v -8.374362 2.106303 1.511509
v -8.354401 2.106303 1.493211
v -7.921813 1.999004 1.511509
v -7.941774 2.018965 1.529808
v -7.941774 1.914474 1.529808
v -7.921813 1.905078 1.511510
v -8.062629 1.777153 1.529808
v -8.054360 1.754473 1.511510
v -8.233545 1.777153 1.529808
v -8.241813 1.754473 1.511510
v -8.374362 1.905079 1.511510
v -8.354401 1.914474 1.529808
v -8.374362 2.106303 1.511509
v -8.354401 2.106303 1.529808
v -8.450332 1.669277 1.721675
v -8.450332 2.106303 1.721675
v -8.450332 2.106303 1.703826
v -8.450332 1.669277 1.703826
v -7.850167 1.669277 1.721675
v -8.450332 1.669277 1.721675
v -8.450332 1.669277 1.703826
v -7.850167 1.669277 1.703826
v -7.842736 1.919929 1.721675
v -7.842736 1.919929 1.767977
v -7.842736 1.660837 1.767977
v -7.842736 1.660837 1.721675
v -7.842736 1.660837 1.721675
v -7.842736 1.660837 1.767977
v -8.457762 1.660838 1.767977
v -8.457762 1.660838 1.721675
v -8.450332 1.669277 1.703826
v -8.450332 2.106303 1.703826
v -8.457762 2.106303 1.703826
v -8.457762 1.660838 1.703826
v -7.850167 1.669277 1.703826
v -8.450332 1.669277 1.703826
v -8.457762 1.660838 1.703826
v -7.842736 1.660837 1.703826
v -7.842736 1.919929 1.703826
v -7.850167 1.927358 1.703826
v -8.450332 1.669277 1.721675
v -7.850167 1.669277 1.721675
v -7.842736 1.660837 1.721675
v -8.457762 1.660838 1.721675
v -7.850167 1.669277 1.721675
v -7.850167 1.927358 1.721675
v -7.842736 1.919929 1.721675
v -7.842736 1.660837 1.721675
v -8.457762 2.106303 1.721675
v -8.457762 1.660838 1.721675
v -8.457762 1.660838 1.767977
v -8.457762 2.106303 1.767977
v -8.457762 2.106303 1.721675
v -8.450332 2.106303 1.721675
v -8.450332 1.669277 1.721675
v -8.457762 1.660838 1.721675
v -8.354401 2.298131 1.529808
v -8.354401 2.106303 1.529808
v -8.366996 2.106303 1.540001
v -8.366996 2.304062 1.540001
v -8.301401 2.378593 1.540001
v -8.291926 2.369118 1.529808
v -8.358280 2.299958 1.570580
v -8.358280 2.106303 1.570580
v -8.372366 2.106303 1.594083
v -8.372366 2.306587 1.594083
v -8.305438 2.382630 1.594083
v -8.294844 2.372036 1.570580
v -8.359391 2.106303 1.550194
v -8.295680 2.372871 1.550194
v -8.359391 2.300483 1.550194
v -8.366996 2.106303 1.540001
v -8.301401 2.378593 1.540001
v -8.366996 2.304062 1.540001
v -8.354401 2.298131 1.493211
v -8.374362 2.307525 1.511510
v -8.306940 2.384131 1.511510
v -8.291926 2.369118 1.493211
v -8.374362 2.106303 1.511509
v -8.354401 2.106303 1.493211
v -8.354401 2.298131 1.529808
v -8.291926 2.369118 1.529808
v -8.306940 2.384131 1.511510
v -8.374362 2.307525 1.511510
v -8.374362 2.106303 1.511509
v -8.354401 2.106303 1.529808
v -8.457762 2.106303 1.663104
v -8.457762 2.534954 1.663104
v -8.440239 2.517431 1.632693
v -8.457762 2.106303 1.703826
v -8.457762 2.534954 1.703826
v -8.440239 2.106303 1.632693
v -8.395955 2.473147 1.609377
v -8.395955 2.106303 1.609377
v -8.372366 2.106303 1.594083
v -8.372366 2.306587 1.594083
v -8.394629 2.471823 1.608518
v -8.305438 2.382630 1.594083
v -8.457762 2.534954 1.767977
v -8.457762 2.534954 1.721675
v -8.457762 2.106303 1.721675
v -8.457762 2.106303 1.767977
v -8.457762 2.106303 1.721675
v -8.457762 2.534954 1.721675
v -8.450332 2.527525 1.721675
v -8.450332 2.106303 1.721675
v -7.941774 2.018965 1.493211
v -7.941774 1.914474 1.493211
v -7.941774 1.914474 -0.019686
v -7.941774 2.018965 -0.019686
v -7.850167 1.927358 1.721675
v -7.850167 1.669277 1.721675
v -7.850167 1.669277 1.703826
v -7.850167 1.927358 1.703826
v -8.029110 2.106303 1.767976
v -8.457762 2.534954 1.767977
v -8.457762 2.106303 1.767977
v -8.291926 2.369118 -0.019686
v -8.354401 2.298131 -0.019686
v -8.354401 2.298131 1.493211
v -8.291926 2.369118 1.493211
v -8.450332 2.527525 1.703826
v -8.450332 2.106303 1.703826
v -8.450332 2.106303 1.721675
v -8.450332 2.527525 1.721675
v -8.450332 2.527525 1.703826
v -8.457762 2.534954 1.703826
v -8.457762 2.106303 1.703826
v -8.450332 2.106303 1.703826
v 6.530715 1.919929 1.767977
v 6.789807 1.919929 1.767977
v 6.976180 2.106303 1.767976
v 6.976180 2.534954 1.767977
v 6.530715 2.534954 1.767977
v 6.530715 2.534954 1.703826
v 6.976180 2.534954 1.703826
v 6.976180 2.534954 1.663104
v 6.530715 2.534954 1.663104
v 6.550592 2.517431 1.632693
v 6.976180 2.517431 1.632693
v 6.600828 2.473147 1.609377
v 6.976180 2.473147 1.609377
v 6.775895 2.449557 1.594083
v 6.976180 2.449557 1.594083
v 6.626618 2.318178 1.594083
v 6.530715 1.919929 1.703826
v 6.530715 2.534954 1.703826
v 6.530715 2.534954 1.663104
v 6.530715 1.919929 1.663104
v 6.789807 1.919929 1.703826
v 6.550592 2.517431 1.632693
v 6.789807 1.919929 1.663104
v 6.550592 1.937451 1.632693
v 6.550592 1.937451 1.632693
v 6.600828 1.981736 1.609377
v 6.807329 1.937452 1.632693
v 6.600828 2.473147 1.609377
v 6.626618 2.318178 1.594083
v 6.626618 2.132380 1.594083
v 6.600828 1.981736 1.609377
v 6.851613 1.981736 1.609377
v 6.775895 2.001000 1.594083
v 6.870878 2.001000 1.594083
v 6.626618 2.132380 1.594083
v 6.784351 2.018965 1.493211
v 6.647030 2.139821 1.493211
v 6.647030 2.139821 -0.019686
v 6.784351 2.018965 -0.019686
v 6.647030 2.139821 1.493211
v 6.647030 2.310737 1.493211
v 6.647030 2.310737 -0.019686
v 6.647030 2.139821 -0.019686
v 6.647030 2.310737 1.493211
v 6.784351 2.431592 1.493211
v 6.784351 2.431592 -0.019686
v 6.647030 2.310737 -0.019686
v 6.784351 2.431592 1.493211
v 6.976180 2.431592 1.493211
v 6.976180 2.431592 -0.019686
v 6.784351 2.431592 -0.019686
v 7.168008 2.431592 1.493211
v 7.168008 2.431592 -0.019686
v 6.778421 2.006369 1.540001
v 6.632719 2.134603 1.540001
v 6.647030 2.139821 1.529808
v 6.784351 2.018965 1.529808
v 6.876246 2.006369 1.540001
v 6.888843 2.018965 1.529808
v 6.647030 2.310737 1.529808
v 6.632719 2.315954 1.540001
v 6.778421 2.444188 1.540001
v 6.784351 2.431592 1.529808
v 6.976180 2.444188 1.540001
v 6.976180 2.431592 1.529808
v 6.775895 2.001000 1.594083
v 6.626618 2.132380 1.594083
v 6.642621 2.138214 1.570580
v 6.642621 2.312343 1.570580
v 6.626618 2.318178 1.594083
v 6.775895 2.449557 1.594083
v 6.782524 2.435471 1.570580
v 6.976180 2.449557 1.594083
v 6.976180 2.435471 1.570580
v 6.976180 2.436583 1.550194
v 6.781999 2.436583 1.550194
v 6.976180 2.444188 1.540001
v 6.778421 2.444188 1.540001
v 6.641360 2.312803 1.550194
v 6.632719 2.315954 1.540001
v 6.632719 2.134603 1.540001
v 6.641360 2.137754 1.550194
v 6.778421 2.006369 1.540001
v 6.781999 2.013975 1.550194
v 6.876246 2.006369 1.540001
v 6.883852 2.013975 1.550194
v 6.782524 2.015086 1.570580
v 6.884963 2.015086 1.570580
v 6.870878 2.001000 1.594083
v 6.784351 2.018965 1.493211
v 6.888843 2.018965 1.493211
v 6.868882 1.999004 1.511509
v 6.774955 1.999004 1.511510
v 6.647030 2.139821 1.493211
v 6.624349 2.131553 1.511510
v 6.624349 2.319005 1.511510
v 6.647030 2.310737 1.493211
v 6.774955 2.451553 1.511510
v 6.784351 2.431592 1.493211
v 6.976180 2.451553 1.511509
v 6.976180 2.431592 1.493211
v 6.868882 1.999004 1.511509
v 6.888843 2.018965 1.529808
v 6.784351 2.018965 1.529808
v 6.774955 1.999004 1.511510
v 6.647030 2.139821 1.529808
v 6.624349 2.131553 1.511510
v 6.647030 2.310737 1.529808
v 6.624349 2.319005 1.511510
v 6.774955 2.451553 1.511510
v 6.784351 2.431592 1.529808
v 6.976180 2.451553 1.511509
v 6.976180 2.431592 1.529808
v 6.539154 2.527525 1.721675
v 6.976180 2.527525 1.721675
v 6.976180 2.527525 1.703826
v 6.539154 2.527525 1.703826
v 6.539154 1.927358 1.721675
v 6.539154 2.527525 1.721675
v 6.539154 2.527525 1.703826
v 6.539154 1.927358 1.703826
v 6.789807 1.919929 1.721675
v 6.789807 1.919929 1.767977
v 6.530715 1.919929 1.767977
v 6.530715 1.919929 1.721675
v 6.530715 1.919929 1.721675
v 6.530715 1.919929 1.767977
v 6.530715 2.534954 1.767977
v 6.530715 2.534954 1.721675
v 6.539154 2.527525 1.703826
v 6.976180 2.527525 1.703826
v 6.976180 2.534954 1.703826
v 6.530715 2.534954 1.703826
v 6.539154 1.927358 1.703826
v 6.539154 2.527525 1.703826
v 6.530715 2.534954 1.703826
v 6.530715 1.919929 1.703826
v 6.789807 1.919929 1.703826
v 6.797236 1.927358 1.703826
v 6.539154 2.527525 1.721675
v 6.539154 1.927358 1.721675
v 6.530715 1.919929 1.721675
v 6.530715 2.534954 1.721675
v 6.539154 1.927358 1.721675
v 6.797236 1.927358 1.721675
v 6.789807 1.919929 1.721675
v 6.530715 1.919929 1.721675
v 6.976180 2.534954 1.721675
v 6.530715 2.534954 1.721675
v 6.530715 2.534954 1.767977
v 6.976180 2.534954 1.767977
v 6.976180 2.534954 1.721675
v 6.976180 2.527525 1.721675
v 6.539154 2.527525 1.721675
v 6.530715 2.534954 1.721675
v 7.168008 2.431592 1.529808
v 6.976180 2.431592 1.529808
v 6.976180 2.444188 1.540001
v 7.173938 2.444188 1.540001
v 7.248470 2.378593 1.540001
v 7.238995 2.369118 1.529808
v 7.169835 2.435471 1.570580
v 6.976180 2.435471 1.570580
v 6.976180 2.449557 1.594083
v 7.176464 2.449557 1.594083
v 7.252508 2.382630 1.594083
v 7.241913 2.372036 1.570580
v 6.976180 2.436583 1.550194
v 7.242749 2.372871 1.550194
v 7.170360 2.436583 1.550194
v 6.976180 2.444188 1.540001
v 7.248470 2.378593 1.540001
v 7.173938 2.444188 1.540001
v 7.168008 2.431592 1.493211
v 7.177402 2.451553 1.511510
v 7.254008 2.384131 1.511510
v 7.238995 2.369118 1.493211
v 6.976180 2.451553 1.511509
v 6.976180 2.431592 1.493211
v 7.168008 2.431592 1.529808
v 7.238995 2.369118 1.529808
v 7.254008 2.384131 1.511510
v 7.177402 2.451553 1.511510
v 6.976180 2.451553 1.511509
v 6.976180 2.431592 1.529808
v 6.976180 2.534954 1.663104
v 7.404831 2.534954 1.663104
v 7.387308 2.517431 1.632693
v 6.976180 2.534954 1.703826
v 7.404831 2.534954 1.703826
v 6.976180 2.517431 1.632693
v 7.343024 2.473147 1.609377
v 6.976180 2.473147 1.609377
v 6.976180 2.449557 1.594083
v 7.176464 2.449557 1.594083
v 7.341699 2.471823 1.608518
v 7.252508 2.382630 1.594083
v 7.404831 2.534954 1.767977
v 7.404831 2.534954 1.721675
v 6.976180 2.534954 1.721675
v 6.976180 2.534954 1.767977
v 6.976180 2.534954 1.721675
v 7.404831 2.534954 1.721675
v 7.397402 2.527525 1.721675
v 6.976180 2.527525 1.721675
v 6.888843 2.018965 1.493211
v 6.784351 2.018965 1.493211
v 6.784351 2.018965 -0.019686
v 6.888843 2.018965 -0.019686
v 6.797236 1.927358 1.721675
v 6.539154 1.927358 1.721675
v 6.539154 1.927358 1.703826
v 6.797236 1.927358 1.703826
v 6.976180 2.106303 1.767976
v 7.404831 2.534954 1.767977
v 6.976180 2.534954 1.767977
v 7.238995 2.369118 -0.019686
v 7.168008 2.431592 -0.019686
v 7.168008 2.431592 1.493211
v 7.238995 2.369118 1.493211
v 7.397402 2.527525 1.703826
v 6.976180 2.527525 1.703826
v 6.976180 2.527525 1.721675
v 7.397402 2.527525 1.721675
v 7.397402 2.527525 1.703826
v 7.404831 2.534954 1.703826
v 6.976180 2.534954 1.703826
v 6.976180 2.527525 1.703826
v 6.976180 2.106303 1.767976
v 6.789807 1.919929 1.767977
v 6.789807 1.660837 1.767977
v 7.404831 2.106303 1.767977
v 7.404831 1.660838 1.767977
v 7.404831 2.106303 1.663104
v 7.404831 2.106303 1.703826
v 7.404831 1.660838 1.703826
v 7.404831 1.660838 1.663104
v 7.387308 1.680715 1.632693
v 7.387308 2.106303 1.632693
v 7.343024 1.730951 1.609377
v 7.343024 2.106303 1.609377
v 7.319435 1.906019 1.594083
v 7.319435 2.106303 1.594083
v 7.188055 1.756741 1.594083
v 7.404831 1.660838 1.663104
v 7.404831 1.660838 1.703826
v 6.789807 1.660837 1.703826
v 6.789807 1.660837 1.663104
v 6.789807 1.919929 1.703826
v 7.387308 1.680715 1.632693
v 6.789807 1.919929 1.663104
v 6.807329 1.680715 1.632693
v 6.807329 1.680715 1.632693
v 6.851613 1.730951 1.609377
v 6.807329 1.937452 1.632693
v 7.343024 1.730951 1.609377
v 7.188055 1.756741 1.594083
v 7.002256 1.756741 1.594083
v 6.851613 1.730951 1.609377
v 6.851613 1.981736 1.609377
v 6.870878 1.906019 1.594083
v 6.870878 2.001000 1.594083
v 7.002256 1.756741 1.594083
v 7.009698 1.777153 -0.019686
v 7.009698 1.777153 1.493211
v 6.888843 1.914474 1.493211
v 6.888843 1.914474 -0.019686
v 7.180614 1.777153 -0.019686
v 7.180614 1.777153 1.493211
v 7.009698 1.777153 1.493211
v 7.009698 1.777153 -0.019686
v 7.301470 1.914474 -0.019686
v 7.301470 1.914474 1.493211
v 7.180614 1.777153 1.493211
v 7.180614 1.777153 -0.019686
v 7.301470 2.106303 -0.019686
v 7.301470 2.106303 1.493211
v 7.301470 1.914474 1.493211
v 7.301470 1.914474 -0.019686
v 7.301470 2.298131 1.493211
v 7.301470 2.298131 -0.019686
v 7.009698 1.777153 1.529808
v 7.004480 1.762842 1.540001
v 6.876246 1.908544 1.540001
v 6.888843 1.914474 1.529808
v 6.876246 2.006369 1.540001
v 6.888843 2.018965 1.529808
v 7.180614 1.777153 1.529808
v 7.185831 1.762842 1.540001
v 7.314065 1.908544 1.540001
v 7.301470 1.914474 1.529808
v 7.314065 2.106303 1.540001
v 7.301470 2.106303 1.529808
v 7.008091 1.772744 1.570580
v 7.002256 1.756741 1.594083
v 6.870878 1.906019 1.594083
v 7.182221 1.772743 1.570580
v 7.188055 1.756741 1.594083
v 7.319435 1.906019 1.594083
v 7.305348 1.912646 1.570580
v 7.319435 2.106303 1.594083
v 7.305348 2.106303 1.570580
v 7.306459 2.106303 1.550194
v 7.306459 1.912123 1.550194
v 7.314065 2.106303 1.540001
v 7.314065 1.908544 1.540001
v 7.182681 1.771483 1.550194
v 7.185831 1.762842 1.540001
v 7.004480 1.762842 1.540001
v 7.007631 1.771483 1.550194
v 6.876246 1.908544 1.540001
v 6.883852 1.912123 1.550194
v 6.876246 2.006369 1.540001
v 6.883852 2.013975 1.550194
v 6.884963 1.912646 1.570580
v 6.884963 2.015086 1.570580
v 6.870878 2.001000 1.594083
v 6.888843 1.914474 1.493211
v 6.868882 1.905078 1.511510
v 6.868882 1.999004 1.511509
v 6.888843 2.018965 1.493211
v 7.009698 1.777153 1.493211
v 7.001429 1.754473 1.511510
v 7.188882 1.754473 1.511510
v 7.180614 1.777153 1.493211
v 7.321431 1.905079 1.511510
v 7.301470 1.914474 1.493211
v 7.321431 2.106303 1.511509
v 7.301470 2.106303 1.493211
v 6.888843 1.914474 1.529808
v 6.888843 2.018965 1.529808
v 6.868882 1.999004 1.511509
v 6.868882 1.905078 1.511510
v 7.009698 1.777153 1.529808
v 7.001429 1.754473 1.511510
v 7.180614 1.777153 1.529808
v 7.188882 1.754473 1.511510
v 7.321431 1.905079 1.511510
v 7.301470 1.914474 1.529808
v 7.321431 2.106303 1.511509
v 7.301470 2.106303 1.529808
v 7.397402 2.106303 1.703826
v 7.397402 2.106303 1.721675
v 7.397402 1.669277 1.721675
v 7.397402 1.669277 1.703826
v 7.397402 1.669277 1.703826
v 7.397402 1.669277 1.721675
v 6.797236 1.669277 1.721675
v 6.797236 1.669277 1.703826
v 6.789807 1.660837 1.767977
v 6.789807 1.919929 1.767977
v 6.789807 1.919929 1.721675
v 6.789807 1.660837 1.721675
v 7.404831 1.660838 1.767977
v 6.789807 1.660837 1.767977
v 6.789807 1.660837 1.721675
v 7.404831 1.660838 1.721675
v 7.404831 2.106303 1.703826
v 7.397402 2.106303 1.703826
v 7.397402 1.669277 1.703826
v 7.404831 1.660838 1.703826
v 7.404831 1.660838 1.703826
v 7.397402 1.669277 1.703826
v 6.797236 1.669277 1.703826
v 6.789807 1.660837 1.703826
v 6.789807 1.919929 1.703826
v 6.797236 1.927358 1.703826
v 6.789807 1.660837 1.721675
v 6.797236 1.669277 1.721675
v 7.397402 1.669277 1.721675
v 7.404831 1.660838 1.721675
v 6.789807 1.919929 1.721675
v 6.797236 1.927358 1.721675
v 6.797236 1.669277 1.721675
v 6.789807 1.660837 1.721675
v 7.404831 1.660838 1.767977
v 7.404831 1.660838 1.721675
v 7.404831 2.106303 1.721675
v 7.404831 2.106303 1.767977
v 7.404831 2.106303 1.721675
v 7.404831 1.660838 1.721675
v 7.397402 1.669277 1.721675
v 7.397402 2.106303 1.721675
v 7.301470 2.298131 1.529808
v 7.314065 2.304062 1.540001
v 7.314065 2.106303 1.540001
v 7.301470 2.106303 1.529808
v 7.248470 2.378593 1.540001
v 7.238995 2.369118 1.529808
v 7.305348 2.299958 1.570580
v 7.319435 2.306587 1.594083
v 7.319435 2.106303 1.594083
v 7.252508 2.382630 1.594083
v 7.241913 2.372036 1.570580
v 7.305348 2.106303 1.570580
v 7.242749 2.372871 1.550194
v 7.306459 2.106303 1.550194
v 7.306459 2.300483 1.550194
v 7.248470 2.378593 1.540001
v 7.314065 2.106303 1.540001
v 7.314065 2.304062 1.540001
v 7.301470 2.298131 1.493211
v 7.238995 2.369118 1.493211
v 7.254008 2.384131 1.511510
v 7.321431 2.307525 1.511510
v 7.321431 2.106303 1.511509
v 7.301470 2.106303 1.493211
v 7.254008 2.384131 1.511510
v 7.238995 2.369118 1.529808
v 7.301470 2.298131 1.529808
v 7.321431 2.307525 1.511510
v 7.321431 2.106303 1.511509
v 7.301470 2.106303 1.529808
v 7.404831 2.106303 1.663104
v 7.387308 2.106303 1.632693
v 7.387308 2.517431 1.632693
v 7.404831 2.534954 1.663104
v 7.404831 2.106303 1.703826
v 7.404831 2.534954 1.703826
v 7.343024 2.473147 1.609377
v 7.343024 2.106303 1.609377
v 7.319435 2.106303 1.594083
v 7.319435 2.306587 1.594083
v 7.341699 2.471823 1.608518
v 7.252508 2.382630 1.594083
v 7.404831 2.106303 1.721675
v 7.404831 2.534954 1.721675
v 7.404831 2.534954 1.767977
v 7.404831 2.106303 1.767977
v 7.404831 2.106303 1.721675
v 7.397402 2.106303 1.721675
v 7.397402 2.527525 1.721675
v 7.404831 2.534954 1.721675
v 6.888843 1.914474 -0.019686
v 6.888843 1.914474 1.493211
v 6.888843 2.018965 1.493211
v 6.888843 2.018965 -0.019686
v 6.797236 1.669277 1.703826
v 6.797236 1.669277 1.721675
v 6.797236 1.927358 1.721675
v 6.797236 1.927358 1.703826
v 6.976180 2.106303 1.767976
v 7.404831 2.106303 1.767977
v 7.404831 2.534954 1.767977
v 7.301470 2.298131 1.493211
v 7.301470 2.298131 -0.019686
v 7.238995 2.369118 -0.019686
v 7.238995 2.369118 1.493211
v 7.397402 2.106303 1.721675
v 7.397402 2.106303 1.703826
v 7.397402 2.527525 1.703826
v 7.397402 2.527525 1.721675
v 7.397402 2.527525 1.703826
v 7.397402 2.106303 1.703826
v 7.404831 2.106303 1.703826
v 7.404831 2.534954 1.703826
v 6.976180 -1.544267 1.767976
v 6.789807 -1.357894 1.767977
v 6.530715 -1.357894 1.767977
v 6.976180 -1.972919 1.767977
v 6.530715 -1.972919 1.767977
v 6.976180 -1.972919 1.663104
v 6.976180 -1.972919 1.703826
v 6.530715 -1.972919 1.703826
v 6.530715 -1.972919 1.663104
v 6.550592 -1.955397 1.632693
v 6.976180 -1.955397 1.632693
v 6.600828 -1.911112 1.609377
v 6.976180 -1.911112 1.609377
v 6.775895 -1.887523 1.594083
v 6.976180 -1.887523 1.594083
v 6.626618 -1.756143 1.594083
v 6.530715 -1.972919 1.663104
v 6.530715 -1.972919 1.703826
v 6.530715 -1.357894 1.703826
v 6.530715 -1.357894 1.663104
v 6.789807 -1.357894 1.703826
v 6.550592 -1.955397 1.632693
v 6.789807 -1.357894 1.663104
v 6.550592 -1.375417 1.632693
v 6.550592 -1.375417 1.632693
v 6.600828 -1.419702 1.609377
v 6.807329 -1.375418 1.632693
v 6.600828 -1.911112 1.609377
v 6.626618 -1.756143 1.594083
v 6.626618 -1.570345 1.594083
v 6.600828 -1.419702 1.609377
v 6.851613 -1.419702 1.609377
v 6.775895 -1.438966 1.594083
v 6.870878 -1.438966 1.594083
v 6.626618 -1.570345 1.594083
v 6.647030 -1.577786 -0.019686
v 6.647030 -1.577786 1.493211
v 6.784351 -1.456930 1.493211
v 6.784351 -1.456930 -0.019686
v 6.647030 -1.748702 -0.019686
v 6.647030 -1.748702 1.493211
v 6.647030 -1.577786 1.493211
v 6.647030 -1.577786 -0.019686
v 6.784351 -1.869558 -0.019686
v 6.784351 -1.869558 1.493211
v 6.647030 -1.748702 1.493211
v 6.647030 -1.748702 -0.019686
v 6.976180 -1.869558 -0.019686
v 6.976180 -1.869558 1.493211
v 6.784351 -1.869558 1.493211
v 6.784351 -1.869558 -0.019686
v 7.168008 -1.869558 1.493211
v 7.168008 -1.869558 -0.019686
v 6.647030 -1.577786 1.529808
v 6.632719 -1.572569 1.540001
v 6.778421 -1.444334 1.540001
v 6.784351 -1.456930 1.529808
v 6.876246 -1.444334 1.540001
v 6.888843 -1.456930 1.529808
v 6.647030 -1.748702 1.529808
v 6.632719 -1.753919 1.540001
v 6.778421 -1.882154 1.540001
v 6.784351 -1.869558 1.529808
v 6.976180 -1.882154 1.540001
v 6.976180 -1.869558 1.529808
v 6.642621 -1.576179 1.570580
v 6.626618 -1.570345 1.594083
v 6.775895 -1.438966 1.594083
v 6.642621 -1.750309 1.570580
v 6.626618 -1.756143 1.594083
v 6.775895 -1.887523 1.594083
v 6.782524 -1.873437 1.570580
v 6.976180 -1.887523 1.594083
v 6.976180 -1.873437 1.570580
v 6.976180 -1.874548 1.550194
v 6.781999 -1.874548 1.550194
v 6.976180 -1.882154 1.540001
v 6.778421 -1.882154 1.540001
v 6.641360 -1.750769 1.550194
v 6.632719 -1.753919 1.540001
v 6.632719 -1.572569 1.540001
v 6.641360 -1.575719 1.550194
v 6.778421 -1.444334 1.540001
v 6.781999 -1.451940 1.550194
v 6.876246 -1.444334 1.540001
v 6.883852 -1.451940 1.550194
v 6.782524 -1.453050 1.570580
v 6.884963 -1.453051 1.570580
v 6.870878 -1.438966 1.594083
v 6.784351 -1.456930 1.493211
v 6.774955 -1.436970 1.511510
v 6.868882 -1.436970 1.511509
v 6.888843 -1.456930 1.493211
v 6.647030 -1.577786 1.493211
v 6.624349 -1.569518 1.511510
v 6.624349 -1.756970 1.511510
v 6.647030 -1.748702 1.493211
v 6.774955 -1.889519 1.511510
v 6.784351 -1.869558 1.493211
v 6.976180 -1.889519 1.511509
v 6.976180 -1.869558 1.493211
v 6.784351 -1.456930 1.529808
v 6.888843 -1.456930 1.529808
v 6.868882 -1.436970 1.511509
v 6.774955 -1.436970 1.511510
v 6.647030 -1.577786 1.529808
v 6.624349 -1.569518 1.511510
v 6.647030 -1.748702 1.529808
v 6.624349 -1.756970 1.511510
v 6.774955 -1.889519 1.511510
v 6.784351 -1.869558 1.529808
v 6.976180 -1.889519 1.511509
v 6.976180 -1.869558 1.529808
v 6.976180 -1.965490 1.703826
v 6.976180 -1.965490 1.721675
v 6.539154 -1.965490 1.721675
v 6.539154 -1.965490 1.703826
v 6.539154 -1.965490 1.703826
v 6.539154 -1.965490 1.721675
v 6.539154 -1.365323 1.721675
v 6.539154 -1.365323 1.703826
v 6.530715 -1.357894 1.767977
v 6.789807 -1.357894 1.767977
v 6.789807 -1.357894 1.721675
v 6.530715 -1.357894 1.721675
v 6.530715 -1.972919 1.767977
v 6.530715 -1.357894 1.767977
v 6.530715 -1.357894 1.721675
v 6.530715 -1.972919 1.721675
v 6.976180 -1.972919 1.703826
v 6.976180 -1.965490 1.703826
v 6.539154 -1.965490 1.703826
v 6.530715 -1.972919 1.703826
v 6.530715 -1.972919 1.703826
v 6.539154 -1.965490 1.703826
v 6.539154 -1.365323 1.703826
v 6.530715 -1.357894 1.703826
v 6.789807 -1.357894 1.703826
v 6.797236 -1.365323 1.703826
v 6.530715 -1.357894 1.721675
v 6.539154 -1.365323 1.721675
v 6.539154 -1.965490 1.721675
v 6.530715 -1.972919 1.721675
v 6.789807 -1.357894 1.721675
v 6.797236 -1.365323 1.721675
v 6.539154 -1.365323 1.721675
v 6.530715 -1.357894 1.721675
v 6.530715 -1.972919 1.767977
v 6.530715 -1.972919 1.721675
v 6.976180 -1.972919 1.721675
v 6.976180 -1.972919 1.767977
v 6.976180 -1.972919 1.721675
v 6.530715 -1.972919 1.721675
v 6.539154 -1.965490 1.721675
v 6.976180 -1.965490 1.721675
v 7.168008 -1.869558 1.529808
v 7.173938 -1.882154 1.540001
v 6.976180 -1.882154 1.540001
v 6.976180 -1.869558 1.529808
v 7.248470 -1.816558 1.540001
v 7.238995 -1.807082 1.529808
v 7.169835 -1.873437 1.570580
v 7.176464 -1.887523 1.594083
v 6.976180 -1.887523 1.594083
v 7.252508 -1.820595 1.594083
v 7.241913 -1.810002 1.570580
v 6.976180 -1.873437 1.570580
v 7.242749 -1.810837 1.550194
v 6.976180 -1.874548 1.550194
v 7.170360 -1.874548 1.550194
v 7.248470 -1.816558 1.540001
v 6.976180 -1.882154 1.540001
v 7.173938 -1.882154 1.540001
v 7.168008 -1.869558 1.493211
v 7.238995 -1.807082 1.493211
v 7.254008 -1.822097 1.511510
v 7.177402 -1.889519 1.511510
v 6.976180 -1.889519 1.511509
v 6.976180 -1.869558 1.493211
v 7.254008 -1.822097 1.511510
v 7.238995 -1.807082 1.529808
v 7.168008 -1.869558 1.529808
v 7.177402 -1.889519 1.511510
v 6.976180 -1.889519 1.511509
v 6.976180 -1.869558 1.529808
v 6.976180 -1.972919 1.663104
v 6.976180 -1.955397 1.632693
v 7.387308 -1.955396 1.632693
v 7.404831 -1.972919 1.663104
v 6.976180 -1.972919 1.703826
v 7.404831 -1.972919 1.703826
v 7.343024 -1.911112 1.609377
v 6.976180 -1.911112 1.609377
v 6.976180 -1.887523 1.594083
v 7.176464 -1.887523 1.594083
v 7.341699 -1.909787 1.608518
v 7.252508 -1.820595 1.594083
v 6.976180 -1.972919 1.721675
v 7.404831 -1.972919 1.721675
v 7.404831 -1.972919 1.767977
v 6.976180 -1.972919 1.767977
v 6.976180 -1.972919 1.721675
v 6.976180 -1.965490 1.721675
v 7.397402 -1.965490 1.721675
v 7.404831 -1.972919 1.721675
v 6.784351 -1.456930 -0.019686
v 6.784351 -1.456930 1.493211
v 6.888843 -1.456930 1.493211
v 6.888843 -1.456930 -0.019686
v 6.539154 -1.365323 1.703826
v 6.539154 -1.365323 1.721675
v 6.797236 -1.365323 1.721675
v 6.797236 -1.365323 1.703826
v 6.976180 -1.544267 1.767976
v 6.976180 -1.972919 1.767977
v 7.404831 -1.972919 1.767977
v 7.168008 -1.869558 1.493211
v 7.168008 -1.869558 -0.019686
v 7.238995 -1.807082 -0.019686
v 7.238995 -1.807082 1.493211
v 6.976180 -1.965490 1.721675
v 6.976180 -1.965490 1.703826
v 7.397402 -1.965490 1.703826
v 7.397402 -1.965490 1.721675
v 7.397402 -1.965490 1.703826
v 6.976180 -1.965490 1.703826
v 6.976180 -1.972919 1.703826
v 7.404831 -1.972919 1.703826
v 6.789807 -1.098802 1.767977
v 6.789807 -1.357894 1.767977
v 6.976180 -1.544267 1.767976
v 7.404831 -1.544268 1.767977
v 7.404831 -1.098803 1.767977
v 7.404831 -1.098803 1.703826
v 7.404831 -1.544268 1.703826
v 7.404831 -1.544268 1.663104
v 7.404831 -1.098803 1.663104
v 7.387308 -1.118681 1.632693
v 7.387308 -1.544268 1.632693
v 7.343024 -1.168916 1.609377
v 7.343024 -1.544268 1.609377
v 7.319435 -1.343984 1.594083
v 7.319435 -1.544268 1.594083
v 7.188055 -1.194706 1.594083
v 6.789807 -1.098802 1.703826
v 7.404831 -1.098803 1.703826
v 7.404831 -1.098803 1.663104
v 6.789807 -1.098802 1.663104
v 6.789807 -1.357894 1.703826
v 7.387308 -1.118681 1.632693
v 6.789807 -1.357894 1.663104
v 6.807329 -1.118681 1.632693
v 6.807329 -1.118681 1.632693
v 6.851613 -1.168916 1.609377
v 6.807329 -1.375418 1.632693
v 7.343024 -1.168916 1.609377
v 7.188055 -1.194706 1.594083
v 7.002256 -1.194706 1.594083
v 6.851613 -1.168916 1.609377
v 6.851613 -1.419702 1.609377
v 6.870878 -1.343984 1.594083
v 6.870878 -1.438966 1.594083
v 7.002256 -1.194706 1.594083
v 6.888843 -1.352438 1.493211
v 7.009698 -1.215118 1.493211
v 7.009698 -1.215118 -0.019686
v 6.888843 -1.352438 -0.019686
v 7.009698 -1.215118 1.493211
v 7.180614 -1.215118 1.493211
v 7.180614 -1.215118 -0.019686
v 7.009698 -1.215118 -0.019686
v 7.180614 -1.215118 1.493211
v 7.301470 -1.352438 1.493211
v 7.301470 -1.352438 -0.019686
v 7.180614 -1.215118 -0.019686
v 7.301470 -1.352438 1.493211
v 7.301470 -1.544268 1.493211
v 7.301470 -1.544268 -0.019686
v 7.301470 -1.352438 -0.019686
v 7.301470 -1.736097 1.493211
v 7.301470 -1.736097 -0.019686
v 6.876246 -1.346509 1.540001
v 7.004480 -1.200807 1.540001
v 7.009698 -1.215118 1.529808
v 6.888843 -1.352438 1.529808
v 6.876246 -1.444334 1.540001
v 6.888843 -1.456930 1.529808
v 7.180614 -1.215118 1.529808
v 7.185831 -1.200807 1.540001
v 7.314065 -1.346509 1.540001
v 7.301470 -1.352438 1.529808
v 7.314065 -1.544268 1.540001
v 7.301470 -1.544268 1.529808
v 6.870878 -1.343984 1.594083
v 7.002256 -1.194706 1.594083
v 7.008091 -1.210710 1.570580
v 7.182221 -1.210709 1.570580
v 7.188055 -1.194706 1.594083
v 7.319435 -1.343984 1.594083
v 7.305348 -1.350611 1.570580
v 7.319435 -1.544268 1.594083
v 7.305348 -1.544268 1.570580
v 7.306459 -1.544268 1.550194
v 7.306459 -1.350088 1.550194
v 7.314065 -1.544268 1.540001
v 7.314065 -1.346509 1.540001
v 7.182681 -1.209449 1.550194
v 7.185831 -1.200807 1.540001
v 7.004480 -1.200807 1.540001
v 7.007631 -1.209449 1.550194
v 6.876246 -1.346509 1.540001
v 6.883852 -1.350088 1.550194
v 6.876246 -1.444334 1.540001
v 6.883852 -1.451940 1.550194
v 6.884963 -1.350611 1.570580
v 6.884963 -1.453051 1.570580
v 6.870878 -1.438966 1.594083
v 6.888843 -1.352438 1.493211
v 6.888843 -1.456930 1.493211
v 6.868882 -1.436970 1.511509
v 6.868882 -1.343044 1.511510
v 7.009698 -1.215118 1.493211
v 7.001429 -1.192438 1.511510
v 7.188882 -1.192438 1.511510
v 7.180614 -1.215118 1.493211
v 7.321431 -1.343044 1.511510
v 7.301470 -1.352438 1.493211
v 7.321431 -1.544268 1.511509
v 7.301470 -1.544268 1.493211
v 6.868882 -1.436970 1.511509
v 6.888843 -1.456930 1.529808
v 6.888843 -1.352438 1.529808
v 6.868882 -1.343044 1.511510
v 7.009698 -1.215118 1.529808
v 7.001429 -1.192438 1.511510
v 7.180614 -1.215118 1.529808
v 7.188882 -1.192438 1.511510
v 7.321431 -1.343044 1.511510
v 7.301470 -1.352438 1.529808
v 7.321431 -1.544268 1.511509
v 7.301470 -1.544268 1.529808
v 7.397402 -1.107242 1.721675
v 7.397402 -1.544268 1.721675
v 7.397402 -1.544268 1.703826
v 7.397402 -1.107242 1.703826
v 6.797236 -1.107242 1.721675
v 7.397402 -1.107242 1.721675
v 7.397402 -1.107242 1.703826
v 6.797236 -1.107242 1.703826
v 6.789807 -1.357894 1.721675
v 6.789807 -1.357894 1.767977
v 6.789807 -1.098802 1.767977
v 6.789807 -1.098802 1.721675
v 6.789807 -1.098802 1.721675
v 6.789807 -1.098802 1.767977
v 7.404831 -1.098803 1.767977
v 7.404831 -1.098803 1.721675
v 7.397402 -1.107242 1.703826
v 7.397402 -1.544268 1.703826
v 7.404831 -1.544268 1.703826
v 7.404831 -1.098803 1.703826
v 6.797236 -1.107242 1.703826
v 7.397402 -1.107242 1.703826
v 7.404831 -1.098803 1.703826
v 6.789807 -1.098802 1.703826
v 6.789807 -1.357894 1.703826
v 6.797236 -1.365323 1.703826
v 7.397402 -1.107242 1.721675
v 6.797236 -1.107242 1.721675
v 6.789807 -1.098802 1.721675
v 7.404831 -1.098803 1.721675
v 6.797236 -1.107242 1.721675
v 6.797236 -1.365323 1.721675
v 6.789807 -1.357894 1.721675
v 6.789807 -1.098802 1.721675
v 7.404831 -1.544268 1.721675
v 7.404831 -1.098803 1.721675
v 7.404831 -1.098803 1.767977
v 7.404831 -1.544268 1.767977
v 7.404831 -1.544268 1.721675
v 7.397402 -1.544268 1.721675
v 7.397402 -1.107242 1.721675
v 7.404831 -1.098803 1.721675
v 7.301470 -1.736097 1.529808
v 7.301470 -1.544268 1.529808
v 7.314065 -1.544268 1.540001
v 7.314065 -1.742026 1.540001
v 7.248470 -1.816558 1.540001
v 7.238995 -1.807082 1.529808
v 7.305348 -1.737923 1.570580
v 7.305348 -1.544268 1.570580
v 7.319435 -1.544268 1.594083
v 7.319435 -1.744552 1.594083
v 7.252508 -1.820595 1.594083
v 7.241913 -1.810002 1.570580
v 7.306459 -1.544268 1.550194
v 7.242749 -1.810837 1.550194
v 7.306459 -1.738447 1.550194
v 7.314065 -1.544268 1.540001
v 7.248470 -1.816558 1.540001
v 7.314065 -1.742026 1.540001
v 7.301470 -1.736097 1.493211
v 7.321431 -1.745490 1.511510
v 7.254008 -1.822097 1.511510
v 7.238995 -1.807082 1.493211
v 7.321431 -1.544268 1.511509
v 7.301470 -1.544268 1.493211
v 7.301470 -1.736097 1.529808
v 7.238995 -1.807082 1.529808
v 7.254008 -1.822097 1.511510
v 7.321431 -1.745490 1.511510
v 7.321431 -1.544268 1.511509
v 7.301470 -1.544268 1.529808
v 7.404831 -1.544268 1.663104
v 7.404831 -1.972919 1.663104
v 7.387308 -1.955396 1.632693
v 7.404831 -1.544268 1.703826
v 7.404831 -1.972919 1.703826
v 7.387308 -1.544268 1.632693
v 7.343024 -1.911112 1.609377
v 7.343024 -1.544268 1.609377
v 7.319435 -1.544268 1.594083
v 7.319435 -1.744552 1.594083
v 7.341699 -1.909787 1.608518
v 7.252508 -1.820595 1.594083
v 7.404831 -1.972919 1.767977
v 7.404831 -1.972919 1.721675
v 7.404831 -1.544268 1.721675
v 7.404831 -1.544268 1.767977
v 7.404831 -1.544268 1.721675
v 7.404831 -1.972919 1.721675
v 7.397402 -1.965490 1.721675
v 7.397402 -1.544268 1.721675
v 6.888843 -1.456930 1.493211
v 6.888843 -1.352438 1.493211
v 6.888843 -1.352438 -0.019686
v 6.888843 -1.456930 -0.019686
v 6.797236 -1.365323 1.721675
v 6.797236 -1.107242 1.721675
v 6.797236 -1.107242 1.703826
v 6.797236 -1.365323 1.703826
v 6.976180 -1.544267 1.767976
v 7.404831 -1.972919 1.767977
v 7.404831 -1.544268 1.767977
v 7.238995 -1.807082 -0.019686
v 7.301470 -1.736097 -0.019686
v 7.301470 -1.736097 1.493211
v 7.238995 -1.807082 1.493211
v 7.397402 -1.965490 1.703826
v 7.397402 -1.544268 1.703826
v 7.397402 -1.544268 1.721675
v 7.397402 -1.965490 1.721675
v 7.397402 -1.965490 1.703826
v 7.404831 -1.972919 1.703826
v 7.404831 -1.544268 1.703826
v 7.397402 -1.544268 1.703826
vt 0.296900 0.905000
vt 0.296900 0.833900
vt 0.238800 0.782800
vt 0.105200 0.782800
vt 0.105200 0.905000
vt 0.041900 0.014900
vt 0.041900 0.168800
vt 0.057900 0.168800
vt 0.057900 0.014900
vt 0.069800 0.021700
vt 0.069800 0.168800
vt 0.087200 0.039100
vt 0.087200 0.168800
vt 0.096400 0.099600
vt 0.096400 0.168800
vt 0.148000 0.048000
vt 0.041900 0.732500
vt 0.041900 0.974000
vt 0.057900 0.974000
vt 0.057700 0.732500
vt 0.041900 0.644100
vt 0.069800 0.967100
vt 0.057700 0.644100
vt 0.069800 0.739400
vt 0.069400 0.725700
vt 0.087100 0.756800
vt 0.069400 0.638100
vt 0.087100 0.949700
vt 0.096100 0.888900
vt 0.096100 0.815900
vt 0.086600 0.708600
vt 0.086600 0.623000
vt 0.094100 0.648800
vt 0.094100 0.616400
vt 0.145000 0.699800
vt 0.996700 0.900500
vt 0.892900 0.900500
vt 0.892900 0.009100
vt 0.996700 0.009100
vt 0.892900 0.900500
vt 0.804800 0.900500
vt 0.804800 0.009100
vt 0.892900 0.009100
vt 0.718400 0.900500
vt 0.649000 0.900500
vt 0.649000 0.009100
vt 0.718400 0.009100
vt 0.649000 0.900500
vt 0.475000 0.900500
vt 0.475000 0.009100
vt 0.649000 0.009100
vt 0.369800 0.900500
vt 0.369800 0.009100
vt 0.350000 0.949300
vt 0.457100 0.949300
vt 0.457100 0.941400
vt 0.350000 0.941400
vt 0.299100 0.949300
vt 0.292300 0.941400
vt 0.564300 0.941400
vt 0.564300 0.949300
vt 0.671500 0.949300
vt 0.671500 0.941400
vt 0.774400 0.949300
vt 0.777400 0.941400
vt 0.350000 0.990800
vt 0.457100 0.990800
vt 0.457100 0.972700
vt 0.564300 0.972700
vt 0.564300 0.990800
vt 0.671500 0.990800
vt 0.671500 0.972700
vt 0.773200 0.990800
vt 0.776400 0.972700
vt 0.776100 0.957100
vt 0.671500 0.957100
vt 0.774400 0.949300
vt 0.671500 0.949300
vt 0.564300 0.957100
vt 0.564300 0.949300
vt 0.457100 0.949300
vt 0.457100 0.957100
vt 0.350000 0.949300
vt 0.350000 0.957100
vt 0.299100 0.949300
vt 0.295100 0.957100
vt 0.350000 0.972700
vt 0.294500 0.972700
vt 0.301700 0.990800
vt 0.350000 0.913300
vt 0.292300 0.913300
vt 0.302700 0.927400
vt 0.350000 0.927400
vt 0.457100 0.913300
vt 0.457100 0.927400
vt 0.564300 0.927400
vt 0.564300 0.913300
vt 0.671500 0.927400
vt 0.671500 0.913300
vt 0.772800 0.927400
vt 0.777400 0.913300
vt 0.302700 0.927400
vt 0.292300 0.941400
vt 0.350000 0.941400
vt 0.350000 0.927400
vt 0.457100 0.941400
vt 0.457100 0.927400
vt 0.564300 0.941400
vt 0.564300 0.927400
vt 0.671500 0.927400
vt 0.671500 0.941400
vt 0.772800 0.927400
vt 0.777400 0.941400
vt 0.031800 0.017800
vt 0.031800 0.170700
vt 0.038900 0.170700
vt 0.038900 0.017800
vt 0.031800 0.732500
vt 0.031800 0.971000
vt 0.038900 0.971000
vt 0.038900 0.732500
vt 0.024300 0.159500
vt 0.005900 0.159500
vt 0.005900 0.250100
vt 0.024300 0.250100
vt 0.024300 0.250100
vt 0.005900 0.250100
vt 0.005900 0.494500
vt 0.024300 0.494500
vt 0.038900 0.017800
vt 0.038900 0.170700
vt 0.041900 0.168800
vt 0.041900 0.014900
vt 0.038900 0.732500
vt 0.038900 0.971000
vt 0.041900 0.974000
vt 0.041900 0.732500
vt 0.041900 0.644100
vt 0.038900 0.642200
vt 0.027200 0.491500
vt 0.027200 0.253000
vt 0.024300 0.250100
vt 0.024300 0.494500
vt 0.027200 0.247100
vt 0.027200 0.156900
vt 0.024300 0.159500
vt 0.024300 0.250100
vt 0.024300 0.650300
vt 0.024300 0.494500
vt 0.005900 0.494500
vt 0.005900 0.650300
vt 0.024300 0.650300
vt 0.027200 0.650300
vt 0.027200 0.497400
vt 0.024300 0.494500
vt 0.671500 0.941400
vt 0.777400 0.941400
vt 0.774400 0.949300
vt 0.671500 0.949300
vt 0.616700 0.949300
vt 0.616100 0.941400
vt 0.671500 0.972700
vt 0.776400 0.972700
vt 0.773200 0.990800
vt 0.671500 0.990800
vt 0.616900 0.990800
vt 0.616300 0.972700
vt 0.776100 0.957100
vt 0.616300 0.957100
vt 0.671500 0.957100
vt 0.774400 0.949300
vt 0.616700 0.949300
vt 0.671500 0.949300
vt 0.671500 0.913300
vt 0.671500 0.927400
vt 0.617000 0.927400
vt 0.616100 0.913300
vt 0.772800 0.927400
vt 0.777400 0.913300
vt 0.671500 0.941400
vt 0.616100 0.941400
vt 0.617000 0.927400
vt 0.671500 0.927400
vt 0.772800 0.927400
vt 0.777400 0.941400
vt 0.057900 0.168800
vt 0.057900 0.020700
vt 0.069800 0.026700
vt 0.041900 0.168800
vt 0.041900 0.020700
vt 0.069800 0.168800
vt 0.087200 0.042000
vt 0.087200 0.168800
vt 0.096400 0.168800
vt 0.096400 0.099600
vt 0.087700 0.042500
vt 0.122700 0.073300
vt 0.005900 0.500400
vt 0.024300 0.500400
vt 0.024300 0.650300
vt 0.005900 0.650300
vt 0.024300 0.650300
vt 0.024300 0.500400
vt 0.027200 0.503000
vt 0.027200 0.650300
vt 0.356300 0.900500
vt 0.317700 0.900500
vt 0.317700 0.009100
vt 0.356300 0.009100
vt 0.031800 0.642200
vt 0.031800 0.732500
vt 0.038900 0.732500
vt 0.038900 0.642200
vt 0.238800 0.782800
vt 0.105200 0.900400
vt 0.105200 0.782800
vt 0.316100 0.009100
vt 0.369800 0.009100
vt 0.369800 0.900500
vt 0.316100 0.900500
vt 0.038900 0.023300
vt 0.038900 0.170700
vt 0.031800 0.170700
vt 0.031800 0.023300
vt 0.038900 0.023300
vt 0.041900 0.020700
vt 0.041900 0.168800
vt 0.038900 0.170700
vt 0.238800 0.782800
vt 0.296900 0.833900
vt 0.296900 0.905000
vt 0.105200 0.782800
vt 0.105200 0.905000
vt 0.057900 0.168800
vt 0.041900 0.168800
vt 0.041900 0.014900
vt 0.057900 0.014900
vt 0.069800 0.021700
vt 0.069800 0.168800
vt 0.087200 0.039100
vt 0.087200 0.168800
vt 0.096400 0.099600
vt 0.096400 0.168800
vt 0.148000 0.048000
vt 0.057900 0.974000
vt 0.041900 0.974000
vt 0.041900 0.732500
vt 0.057700 0.732500
vt 0.041900 0.644100
vt 0.069800 0.967100
vt 0.057700 0.644100
vt 0.069800 0.739400
vt 0.069400 0.725700
vt 0.087100 0.756800
vt 0.069400 0.638100
vt 0.087100 0.949700
vt 0.096100 0.888900
vt 0.096100 0.815900
vt 0.086600 0.708600
vt 0.086600 0.623000
vt 0.094100 0.648800
vt 0.094100 0.616400
vt 0.145000 0.699800
vt 0.480000 0.009100
vt 0.480000 0.900500
vt 0.380000 0.900500
vt 0.380000 0.009100
vt 0.547200 0.009100
vt 0.547200 0.900500
vt 0.480000 0.900500
vt 0.480000 0.009100
vt 0.646700 0.009100
vt 0.646700 0.900500
vt 0.547200 0.900500
vt 0.547200 0.009100
vt 0.743200 0.009100
vt 0.743200 0.900500
vt 0.646700 0.900500
vt 0.646700 0.009100
vt 0.893100 0.900500
vt 0.893100 0.009100
vt 0.457100 0.941400
vt 0.457100 0.949300
vt 0.350000 0.949300
vt 0.350000 0.941400
vt 0.299100 0.949300
vt 0.292300 0.941400
vt 0.564300 0.941400
vt 0.564300 0.949300
vt 0.671500 0.949300
vt 0.671500 0.941400
vt 0.774400 0.949300
vt 0.777400 0.941400
vt 0.457100 0.972700
vt 0.457100 0.990800
vt 0.350000 0.990800
vt 0.564300 0.972700
vt 0.564300 0.990800
vt 0.671500 0.990800
vt 0.671500 0.972700
vt 0.773200 0.990800
vt 0.776400 0.972700
vt 0.776100 0.957100
vt 0.671500 0.957100
vt 0.774400 0.949300
vt 0.671500 0.949300
vt 0.564300 0.957100
vt 0.564300 0.949300
vt 0.457100 0.949300
vt 0.457100 0.957100
vt 0.350000 0.949300
vt 0.350000 0.957100
vt 0.299100 0.949300
vt 0.295100 0.957100
vt 0.350000 0.972700
vt 0.294500 0.972700
vt 0.301700 0.990800
vt 0.350000 0.913300
vt 0.350000 0.927400
vt 0.302700 0.927400
vt 0.292300 0.913300
vt 0.457100 0.913300
vt 0.457100 0.927400
vt 0.564300 0.927400
vt 0.564300 0.913300
vt 0.671500 0.927400
vt 0.671500 0.913300
vt 0.772800 0.927400
vt 0.777400 0.913300
vt 0.350000 0.941400
vt 0.292300 0.941400
vt 0.302700 0.927400
vt 0.350000 0.927400
vt 0.457100 0.941400
vt 0.457100 0.927400
vt 0.564300 0.941400
vt 0.564300 0.927400
vt 0.671500 0.927400
vt 0.671500 0.941400
vt 0.772800 0.927400
vt 0.777400 0.941400
vt 0.038900 0.170700
vt 0.031800 0.170700
vt 0.031800 0.017800
vt 0.038900 0.017800
vt 0.038900 0.971000
vt 0.031800 0.971000
vt 0.031800 0.732500
vt 0.038900 0.732500
vt 0.005900 0.250100
vt 0.005900 0.159500
vt 0.024300 0.159500
vt 0.024300 0.250100
vt 0.005900 0.494500
vt 0.005900 0.250100
vt 0.024300 0.250100
vt 0.024300 0.494500
vt 0.041900 0.168800
vt 0.038900 0.170700
vt 0.038900 0.017800
vt 0.041900 0.014900
vt 0.041900 0.974000
vt 0.038900 0.971000
vt 0.038900 0.732500
vt 0.041900 0.732500
vt 0.041900 0.644100
vt 0.038900 0.642200
vt 0.024300 0.250100
vt 0.027200 0.253000
vt 0.027200 0.491500
vt 0.024300 0.494500
vt 0.024300 0.159500
vt 0.027200 0.156900
vt 0.027200 0.247100
vt 0.024300 0.250100
vt 0.005900 0.494500
vt 0.024300 0.494500
vt 0.024300 0.650300
vt 0.005900 0.650300
vt 0.024300 0.650300
vt 0.024300 0.494500
vt 0.027200 0.497400
vt 0.027200 0.650300
vt 0.671500 0.941400
vt 0.671500 0.949300
vt 0.774400 0.949300
vt 0.777400 0.941400
vt 0.616700 0.949300
vt 0.616100 0.941400
vt 0.671500 0.972700
vt 0.671500 0.990800
vt 0.773200 0.990800
vt 0.616900 0.990800
vt 0.616300 0.972700
vt 0.776400 0.972700
vt 0.616300 0.957100
vt 0.776100 0.957100
vt 0.671500 0.957100
vt 0.616700 0.949300
vt 0.774400 0.949300
vt 0.671500 0.949300
vt 0.671500 0.913300
vt 0.616100 0.913300
vt 0.617000 0.927400
vt 0.671500 0.927400
vt 0.772800 0.927400
vt 0.777400 0.913300
vt 0.617000 0.927400
vt 0.616100 0.941400
vt 0.671500 0.941400
vt 0.671500 0.927400
vt 0.772800 0.927400
vt 0.777400 0.941400
vt 0.057900 0.168800
vt 0.069800 0.168800
vt 0.069800 0.026700
vt 0.057900 0.020700
vt 0.041900 0.168800
vt 0.041900 0.020700
vt 0.087200 0.042000
vt 0.087200 0.168800
vt 0.096400 0.168800
vt 0.096400 0.099600
vt 0.087700 0.042500
vt 0.122700 0.073300
vt 0.024300 0.650300
vt 0.024300 0.500400
vt 0.005900 0.500400
vt 0.005900 0.650300
vt 0.024300 0.650300
vt 0.027200 0.650300
vt 0.027200 0.503000
vt 0.024300 0.500400
vt 0.380000 0.009100
vt 0.380000 0.900500
vt 0.331400 0.900500
vt 0.331400 0.009100
vt 0.038900 0.732500
vt 0.031800 0.732500
vt 0.031800 0.642200
vt 0.038900 0.642200
vt 0.238800 0.782800
vt 0.105200 0.782800
vt 0.105200 0.900400
vt 0.893100 0.900500
vt 0.893100 0.009100
vt 0.997200 0.009100
vt 0.997200 0.900500
vt 0.031800 0.170700
vt 0.038900 0.170700
vt 0.038900 0.023300
vt 0.031800 0.023300
vt 0.038900 0.023300
vt 0.038900 0.170700
vt 0.041900 0.168800
vt 0.041900 0.020700
vt 0.238800 0.782800
vt 0.296900 0.833900
vt 0.296900 0.905000
vt 0.105200 0.782800
vt 0.105200 0.905000
vt 0.057900 0.168800
vt 0.041900 0.168800
vt 0.041900 0.014900
vt 0.057900 0.014900
vt 0.069800 0.021700
vt 0.069800 0.168800
vt 0.087200 0.039100
vt 0.087200 0.168800
vt 0.096400 0.099600
vt 0.096400 0.168800
vt 0.148000 0.048000
vt 0.057900 0.974000
vt 0.041900 0.974000
vt 0.041900 0.732500
vt 0.057700 0.732500
vt 0.041900 0.644100
vt 0.069800 0.967100
vt 0.057700 0.644100
vt 0.069800 0.739400
vt 0.069400 0.725700
vt 0.087100 0.756800
vt 0.069400 0.638100
vt 0.087100 0.949700
vt 0.096100 0.888900
vt 0.096100 0.815900
vt 0.086600 0.708600
vt 0.086600 0.623000
vt 0.094100 0.648800
vt 0.094100 0.616400
vt 0.145000 0.699800
vt 0.892900 0.009100
vt 0.892900 0.900500
vt 0.996700 0.900500
vt 0.996700 0.009100
vt 0.804800 0.009100
vt 0.804800 0.900500
vt 0.892900 0.900500
vt 0.892900 0.009100
vt 0.649000 0.009100
vt 0.649000 0.900500
vt 0.718400 0.900500
vt 0.718400 0.009100
vt 0.475000 0.009100
vt 0.475000 0.900500
vt 0.649000 0.900500
vt 0.649000 0.009100
vt 0.369800 0.900500
vt 0.369800 0.009100
vt 0.457100 0.941400
vt 0.457100 0.949300
vt 0.350000 0.949300
vt 0.350000 0.941400
vt 0.299100 0.949300
vt 0.292300 0.941400
vt 0.564300 0.941400
vt 0.564300 0.949300
vt 0.671500 0.949300
vt 0.671500 0.941400
vt 0.774400 0.949300
vt 0.777400 0.941400
vt 0.457100 0.972700
vt 0.457100 0.990800
vt 0.350000 0.990800
vt 0.564300 0.972700
vt 0.564300 0.990800
vt 0.671500 0.990800
vt 0.671500 0.972700
vt 0.773200 0.990800
vt 0.776400 0.972700
vt 0.776100 0.957100
vt 0.671500 0.957100
vt 0.774400 0.949300
vt 0.671500 0.949300
vt 0.564300 0.957100
vt 0.564300 0.949300
vt 0.457100 0.949300
vt 0.457100 0.957100
vt 0.350000 0.949300
vt 0.350000 0.957100
vt 0.299100 0.949300
vt 0.295100 0.957100
vt 0.350000 0.972700
vt 0.294500 0.972700
vt 0.301700 0.990800
vt 0.350000 0.913300
vt 0.350000 0.927400
vt 0.302700 0.927400
vt 0.292300 0.913300
vt 0.457100 0.913300
vt 0.457100 0.927400
vt 0.564300 0.927400
vt 0.564300 0.913300
vt 0.671500 0.927400
vt 0.671500 0.913300
vt 0.772800 0.927400
vt 0.777400 0.913300
vt 0.350000 0.941400
vt 0.292300 0.941400
vt 0.302700 0.927400
vt 0.350000 0.927400
vt 0.457100 0.941400
vt 0.457100 0.927400
vt 0.564300 0.941400
vt 0.564300 0.927400
vt 0.671500 0.927400
vt 0.671500 0.941400
vt 0.772800 0.927400
vt 0.777400 0.941400
vt 0.038900 0.170700
vt 0.031800 0.170700
vt 0.031800 0.017800
vt 0.038900 0.017800
vt 0.038900 0.971000
vt 0.031800 0.971000
vt 0.031800 0.732500
vt 0.038900 0.732500
vt 0.005900 0.250100
vt 0.005900 0.159500
vt 0.024300 0.159500
vt 0.024300 0.250100
vt 0.005900 0.494500
vt 0.005900 0.250100
vt 0.024300 0.250100
vt 0.024300 0.494500
vt 0.041900 0.168800
vt 0.038900 0.170700
vt 0.038900 0.017800
vt 0.041900 0.014900
vt 0.041900 0.974000
vt 0.038900 0.971000
vt 0.038900 0.732500
vt 0.041900 0.732500
vt 0.041900 0.644100
vt 0.038900 0.642200
vt 0.024300 0.250100
vt 0.027200 0.253000
vt 0.027200 0.491500
vt 0.024300 0.494500
vt 0.024300 0.159500
vt 0.027200 0.156900
vt 0.027200 0.247100
vt 0.024300 0.250100
vt 0.005900 0.494500
vt 0.024300 0.494500
vt 0.024300 0.650300
vt 0.005900 0.650300
vt 0.024300 0.650300
vt 0.024300 0.494500
vt 0.027200 0.497400
vt 0.027200 0.650300
vt 0.671500 0.941400
vt 0.671500 0.949300
vt 0.774400 0.949300
vt 0.777400 0.941400
vt 0.616700 0.949300
vt 0.616100 0.941400
vt 0.671500 0.972700
vt 0.671500 0.990800
vt 0.773200 0.990800
vt 0.616900 0.990800
vt 0.616300 0.972700
vt 0.776400 0.972700
vt 0.616300 0.957100
vt 0.776100 0.957100
vt 0.671500 0.957100
vt 0.616700 0.949300
vt 0.774400 0.949300
vt 0.671500 0.949300
vt 0.671500 0.913300
vt 0.616100 0.913300
vt 0.617000 0.927400
vt 0.671500 0.927400
vt 0.772800 0.927400
vt 0.777400 0.913300
vt 0.617000 0.927400
vt 0.616100 0.941400
vt 0.671500 0.941400
vt 0.671500 0.927400
vt 0.772800 0.927400
vt 0.777400 0.941400
vt 0.057900 0.168800
vt 0.069800 0.168800
vt 0.069800 0.026700
vt 0.057900 0.020700
vt 0.041900 0.168800
vt 0.041900 0.020700
vt 0.087200 0.042000
vt 0.087200 0.168800
vt 0.096400 0.168800
vt 0.096400 0.099600
vt 0.087700 0.042500
vt 0.122700 0.073300
vt 0.024300 0.650300
vt 0.024300 0.500400
vt 0.005900 0.500400
vt 0.005900 0.650300
vt 0.024300 0.650300
vt 0.027200 0.650300
vt 0.027200 0.503000
vt 0.024300 0.500400
vt 0.317700 0.009100
vt 0.317700 0.900500
vt 0.337300 0.900500
vt 0.337300 0.009100
vt 0.038900 0.732500
vt 0.031800 0.732500
vt 0.031800 0.642200
vt 0.038900 0.642200
vt 0.238800 0.782800
vt 0.105200 0.782800
vt 0.105200 0.900400
vt 0.369800 0.900500
vt 0.369800 0.009100
vt 0.316100 0.009100
vt 0.316100 0.900500
vt 0.031800 0.170700
vt 0.038900 0.170700
vt 0.038900 0.023300
vt 0.031800 0.023300
vt 0.038900 0.023300
vt 0.038900 0.170700
vt 0.041900 0.168800
vt 0.041900 0.020700
vt 0.296900 0.905000
vt 0.296900 0.833900
vt 0.238800 0.782800
vt 0.105200 0.782800
vt 0.105200 0.905000
vt 0.041900 0.014900
vt 0.041900 0.168800
vt 0.057900 0.168800
vt 0.057900 0.014900
vt 0.069800 0.021700
vt 0.069800 0.168800
vt 0.087200 0.039100
vt 0.087200 0.168800
vt 0.096400 0.099600
vt 0.096400 0.168800
vt 0.148000 0.048000
vt 0.041900 0.732500
vt 0.041900 0.974000
vt 0.057900 0.974000
vt 0.057700 0.732500
vt 0.041900 0.644100
vt 0.069800 0.967100
vt 0.057700 0.644100
vt 0.069800 0.739400
vt 0.069400 0.725700
vt 0.087100 0.756800
vt 0.069400 0.638100
vt 0.087100 0.949700
vt 0.096100 0.888900
vt 0.096100 0.815900
vt 0.086600 0.708600
vt 0.086600 0.623000
vt 0.094100 0.648800
vt 0.094100 0.616400
vt 0.145000 0.699800
vt 0.380000 0.900500
vt 0.480000 0.900500
vt 0.480000 0.009100
vt 0.380000 0.009100
vt 0.480000 0.900500
vt 0.547200 0.900500
vt 0.547200 0.009100
vt 0.480000 0.009100
vt 0.547200 0.900500
vt 0.646700 0.900500
vt 0.646700 0.009100
vt 0.547200 0.009100
vt 0.646700 0.900500
vt 0.743200 0.900500
vt 0.743200 0.009100
vt 0.646700 0.009100
vt 0.893100 0.900500
vt 0.893100 0.009100
vt 0.350000 0.949300
vt 0.457100 0.949300
vt 0.457100 0.941400
vt 0.350000 0.941400
vt 0.299100 0.949300
vt 0.292300 0.941400
vt 0.564300 0.941400
vt 0.564300 0.949300
vt 0.671500 0.949300
vt 0.671500 0.941400
vt 0.774400 0.949300
vt 0.777400 0.941400
vt 0.350000 0.990800
vt 0.457100 0.990800
vt 0.457100 0.972700
vt 0.564300 0.972700
vt 0.564300 0.990800
vt 0.671500 0.990800
vt 0.671500 0.972700
vt 0.773200 0.990800
vt 0.776400 0.972700
vt 0.776100 0.957100
vt 0.671500 0.957100
vt 0.774400 0.949300
vt 0.671500 0.949300
vt 0.564300 0.957100
vt 0.564300 0.949300
vt 0.457100 0.949300
vt 0.457100 0.957100
vt 0.350000 0.949300
vt 0.350000 0.957100
vt 0.299100 0.949300
vt 0.295100 0.957100
vt 0.350000 0.972700
vt 0.294500 0.972700
vt 0.301700 0.990800
vt 0.350000 0.913300
vt 0.292300 0.913300
vt 0.302700 0.927400
vt 0.350000 0.927400
vt 0.457100 0.913300
vt 0.457100 0.927400
vt 0.564300 0.927400
vt 0.564300 0.913300
vt 0.671500 0.927400
vt 0.671500 0.913300
vt 0.772800 0.927400
vt 0.777400 0.913300
vt 0.302700 0.927400
vt 0.292300 0.941400
vt 0.350000 0.941400
vt 0.350000 0.927400
vt 0.457100 0.941400
vt 0.457100 0.927400
vt 0.564300 0.941400
vt 0.564300 0.927400
vt 0.671500 0.927400
vt 0.671500 0.941400
vt 0.772800 0.927400
vt 0.777400 0.941400
vt 0.031800 0.017800
vt 0.031800 0.170700
vt 0.038900 0.170700
vt 0.038900 0.017800
vt 0.031800 0.732500
vt 0.031800 0.971000
vt 0.038900 0.971000
vt 0.038900 0.732500
vt 0.024300 0.159500
vt 0.005900 0.159500
vt 0.005900 0.250100
vt 0.024300 0.250100
vt 0.024300 0.250100
vt 0.005900 0.250100
vt 0.005900 0.494500
vt 0.024300 0.494500
vt 0.038900 0.017800
vt 0.038900 0.170700
vt 0.041900 0.168800
vt 0.041900 0.014900
vt 0.038900 0.732500
vt 0.038900 0.971000
vt 0.041900 0.974000
vt 0.041900 0.732500
vt 0.041900 0.644100
vt 0.038900 0.642200
vt 0.027200 0.491500
vt 0.027200 0.253000
vt 0.024300 0.250100
vt 0.024300 0.494500
vt 0.027200 0.247100
vt 0.027200 0.156900
vt 0.024300 0.159500
vt 0.024300 0.250100
vt 0.024300 0.650300
vt 0.024300 0.494500
vt 0.005900 0.494500
vt 0.005900 0.650300
vt 0.024300 0.650300
vt 0.027200 0.650300
vt 0.027200 0.497400
vt 0.024300 0.494500
vt 0.671500 0.941400
vt 0.777400 0.941400
vt 0.774400 0.949300
vt 0.671500 0.949300
vt 0.616700 0.949300
vt 0.616100 0.941400
vt 0.671500 0.972700
vt 0.776400 0.972700
vt 0.773200 0.990800
vt 0.671500 0.990800
vt 0.616900 0.990800
vt 0.616300 0.972700
vt 0.776100 0.957100
vt 0.616300 0.957100
vt 0.671500 0.957100
vt 0.774400 0.949300
vt 0.616700 0.949300
vt 0.671500 0.949300
vt 0.671500 0.913300
vt 0.671500 0.927400
vt 0.617000 0.927400
vt 0.616100 0.913300
vt 0.772800 0.927400
vt 0.777400 0.913300
vt 0.671500 0.941400
vt 0.616100 0.941400
vt 0.617000 0.927400
vt 0.671500 0.927400
vt 0.772800 0.927400
vt 0.777400 0.941400
vt 0.057900 0.168800
vt 0.057900 0.020700
vt 0.069800 0.026700
vt 0.041900 0.168800
vt 0.041900 0.020700
vt 0.069800 0.168800
vt 0.087200 0.042000
vt 0.087200 0.168800
vt 0.096400 0.168800
vt 0.096400 0.099600
vt 0.087700 0.042500
vt 0.122700 0.073300
vt 0.005900 0.500400
vt 0.024300 0.500400
vt 0.024300 0.650300
vt 0.005900 0.650300
vt 0.024300 0.650300
vt 0.024300 0.500400
vt 0.027200 0.503000
vt 0.027200 0.650300
vt 0.337300 0.900500
vt 0.380000 0.900500
vt 0.380000 0.009100
vt 0.337300 0.009100
vt 0.031800 0.642200
vt 0.031800 0.732500
vt 0.038900 0.732500
vt 0.038900 0.642200
vt 0.238800 0.782800
vt 0.105200 0.900400
vt 0.105200 0.782800
vt 0.997200 0.009100
vt 0.893100 0.009100
vt 0.893100 0.900500
vt 0.997200 0.900500
vt 0.038900 0.023300
vt 0.038900 0.170700
vt 0.031800 0.170700
vt 0.031800 0.023300
vt 0.038900 0.023300
vt 0.041900 0.020700
vt 0.041900 0.168800
vt 0.038900 0.170700
vt 0.296900 0.905000
vt 0.296900 0.833900
vt 0.238800 0.782800
vt 0.105200 0.782800
vt 0.105200 0.905000
vt 0.041900 0.014900
vt 0.041900 0.168800
vt 0.057900 0.168800
vt 0.057900 0.014900
vt 0.069800 0.021700
vt 0.069800 0.168800
vt 0.087200 0.039100
vt 0.087200 0.168800
vt 0.096400 0.099600
vt 0.096400 0.168800
vt 0.148000 0.048000
vt 0.041900 0.732500
vt 0.041900 0.974000
vt 0.057900 0.974000
vt 0.057700 0.732500
vt 0.041900 0.644100
vt 0.069800 0.967100
vt 0.057700 0.644100
vt 0.069800 0.739400
vt 0.069400 0.725700
vt 0.087100 0.756800
vt 0.069400 0.638100
vt 0.087100 0.949700
vt 0.096100 0.888900
vt 0.096100 0.815900
vt 0.086600 0.708600
vt 0.086600 0.623000
vt 0.094100 0.648800
vt 0.094100 0.616400
vt 0.145000 0.699800
vt 0.996700 0.900500
vt 0.892900 0.900500
vt 0.892900 0.009100
vt 0.996700 0.009100
vt 0.892900 0.900500
vt 0.804800 0.900500
vt 0.804800 0.009100
vt 0.892900 0.009100
vt 0.718400 0.900500
vt 0.649000 0.900500
vt 0.649000 0.009100
vt 0.718400 0.009100
vt 0.649000 0.900500
vt 0.475000 0.900500
vt 0.475000 0.009100
vt 0.649000 0.009100
vt 0.369800 0.900500
vt 0.369800 0.009100
vt 0.350000 0.949300
vt 0.457100 0.949300
vt 0.457100 0.941400
vt 0.350000 0.941400
vt 0.299100 0.949300
vt 0.292300 0.941400
vt 0.564300 0.941400
vt 0.564300 0.949300
vt 0.671500 0.949300
vt 0.671500 0.941400
vt 0.774400 0.949300
vt 0.777400 0.941400
vt 0.350000 0.990800
vt 0.457100 0.990800
vt 0.457100 0.972700
vt 0.564300 0.972700
vt 0.564300 0.990800
vt 0.671500 0.990800
vt 0.671500 0.972700
vt 0.773200 0.990800
vt 0.776400 0.972700
vt 0.776100 0.957100
vt 0.671500 0.957100
vt 0.774400 0.949300
vt 0.671500 0.949300
vt 0.564300 0.957100
vt 0.564300 0.949300
vt 0.457100 0.949300
vt 0.457100 0.957100
vt 0.350000 0.949300
vt 0.350000 0.957100
vt 0.299100 0.949300
vt 0.295100 0.957100
vt 0.350000 0.972700
vt 0.294500 0.972700
vt 0.301700 0.990800
vt 0.350000 0.913300
vt 0.292300 0.913300
vt 0.302700 0.927400
vt 0.350000 0.927400
vt 0.457100 0.913300
vt 0.457100 0.927400
vt 0.564300 0.927400
vt 0.564300 0.913300
vt 0.671500 0.927400
vt 0.671500 0.913300
vt 0.772800 0.927400
vt 0.777400 0.913300
vt 0.302700 0.927400
vt 0.292300 0.941400
vt 0.350000 0.941400
vt 0.350000 0.927400
vt 0.457100 0.941400
vt 0.457100 0.927400
vt 0.564300 0.941400
vt 0.564300 0.927400
vt 0.671500 0.927400
vt 0.671500 0.941400
vt 0.772800 0.927400
vt 0.777400 0.941400
vt 0.031800 0.017800
vt 0.031800 0.170700
vt 0.038900 0.170700
vt 0.038900 0.017800
vt 0.031800 0.732500
vt 0.031800 0.971000
vt 0.038900 0.971000
vt 0.038900 0.732500
vt 0.024300 0.159500
vt 0.005900 0.159500
vt 0.005900 0.250100
vt 0.024300 0.250100
vt 0.024300 0.250100
vt 0.005900 0.250100
vt 0.005900 0.494500
vt 0.024300 0.494500
vt 0.038900 0.017800
vt 0.038900 0.170700
vt 0.041900 0.168800
vt 0.041900 0.014900
vt 0.038900 0.732500
vt 0.038900 0.971000
vt 0.041900 0.974000
vt 0.041900 0.732500
vt 0.041900 0.644100
vt 0.038900 0.642200
vt 0.027200 0.491500
vt 0.027200 0.253000
vt 0.024300 0.250100
vt 0.024300 0.494500
vt 0.027200 0.247100
vt 0.027200 0.156900
vt 0.024300 0.159500
vt 0.024300 0.250100
vt 0.024300 0.650300
vt 0.024300 0.494500
vt 0.005900 0.494500
vt 0.005900 0.650300
vt 0.024300 0.650300
vt 0.027200 0.650300
vt 0.027200 0.497400
vt 0.024300 0.494500
vt 0.671500 0.941400
vt 0.777400 0.941400
vt 0.774400 0.949300
vt 0.671500 0.949300
vt 0.616700 0.949300
vt 0.616100 0.941400
vt 0.671500 0.972700
vt 0.776400 0.972700
vt 0.773200 0.990800
vt 0.671500 0.990800
vt 0.616900 0.990800
vt 0.616300 0.972700
vt 0.776100 0.957100
vt 0.616300 0.957100
vt 0.671500 0.957100
vt 0.774400 0.949300
vt 0.616700 0.949300
vt 0.671500 0.949300
vt 0.671500 0.913300
vt 0.671500 0.927400
vt 0.617000 0.927400
vt 0.616100 0.913300
vt 0.772800 0.927400
vt 0.777400 0.913300
vt 0.671500 0.941400
vt 0.616100 0.941400
vt 0.617000 0.927400
vt 0.671500 0.927400
vt 0.772800 0.927400
vt 0.777400 0.941400
vt 0.057900 0.168800
vt 0.057900 0.020700
vt 0.069800 0.026700
vt 0.041900 0.168800
vt 0.041900 0.020700
vt 0.069800 0.168800
vt 0.087200 0.042000
vt 0.087200 0.168800
vt 0.096400 0.168800
vt 0.096400 0.099600
vt 0.087700 0.042500
vt 0.122700 0.073300
vt 0.005900 0.500400
vt 0.024300 0.500400
vt 0.024300 0.650300
vt 0.005900 0.650300
vt 0.024300 0.650300
vt 0.024300 0.500400
vt 0.027200 0.503000
vt 0.027200 0.650300
vt 0.356300 0.900500
vt 0.317700 0.900500
vt 0.317700 0.009100
vt 0.356300 0.009100
vt 0.031800 0.642200
vt 0.031800 0.732500
vt 0.038900 0.732500
vt 0.038900 0.642200
vt 0.238800 0.782800
vt 0.105200 0.900400
vt 0.105200 0.782800
vt 0.316100 0.009100
vt 0.369800 0.009100
vt 0.369800 0.900500
vt 0.316100 0.900500
vt 0.038900 0.023300
vt 0.038900 0.170700
vt 0.031800 0.170700
vt 0.031800 0.023300
vt 0.038900 0.023300
vt 0.041900 0.020700
vt 0.041900 0.168800
vt 0.038900 0.170700
vt 0.238800 0.782800
vt 0.296900 0.833900
vt 0.296900 0.905000
vt 0.105200 0.782800
vt 0.105200 0.905000
vt 0.057900 0.168800
vt 0.041900 0.168800
vt 0.041900 0.014900
vt 0.057900 0.014900
vt 0.069800 0.021700
vt 0.069800 0.168800
vt 0.087200 0.039100
vt 0.087200 0.168800
vt 0.096400 0.099600
vt 0.096400 0.168800
vt 0.148000 0.048000
vt 0.057900 0.974000
vt 0.041900 0.974000
vt 0.041900 0.732500
vt 0.057700 0.732500
vt 0.041900 0.644100
vt 0.069800 0.967100
vt 0.057700 0.644100
vt 0.069800 0.739400
vt 0.069400 0.725700
vt 0.087100 0.756800
vt 0.069400 0.638100
vt 0.087100 0.949700
vt 0.096100 0.888900
vt 0.096100 0.815900
vt 0.086600 0.708600
vt 0.086600 0.623000
vt 0.094100 0.648800
vt 0.094100 0.616400
vt 0.145000 0.699800
vt 0.480000 0.009100
vt 0.480000 0.900500
vt 0.380000 0.900500
vt 0.380000 0.009100
vt 0.547200 0.009100
vt 0.547200 0.900500
vt 0.480000 0.900500
vt 0.480000 0.009100
vt 0.646700 0.009100
vt 0.646700 0.900500
vt 0.547200 0.900500
vt 0.547200 0.009100
vt 0.743200 0.009100
vt 0.743200 0.900500
vt 0.646700 0.900500
vt 0.646700 0.009100
vt 0.893100 0.900500
vt 0.893100 0.009100
vt 0.457100 0.941400
vt 0.457100 0.949300
vt 0.350000 0.949300
vt 0.350000 0.941400
vt 0.299100 0.949300
vt 0.292300 0.941400
vt 0.564300 0.941400
vt 0.564300 0.949300
vt 0.671500 0.949300
vt 0.671500 0.941400
vt 0.774400 0.949300
vt 0.777400 0.941400
vt 0.457100 0.972700
vt 0.457100 0.990800
vt 0.350000 0.990800
vt 0.564300 0.972700
vt 0.564300 0.990800
vt 0.671500 0.990800
vt 0.671500 0.972700
vt 0.773200 0.990800
vt 0.776400 0.972700
vt 0.776100 0.957100
vt 0.671500 0.957100
vt 0.774400 0.949300
vt 0.671500 0.949300
vt 0.564300 0.957100
vt 0.564300 0.949300
vt 0.457100 0.949300
vt 0.457100 0.957100
vt 0.350000 0.949300
vt 0.350000 0.957100
vt 0.299100 0.949300
vt 0.295100 0.957100
vt 0.350000 0.972700
vt 0.294500 0.972700
vt 0.301700 0.990800
vt 0.350000 0.913300
vt 0.350000 0.927400
vt 0.302700 0.927400
vt 0.292300 0.913300
vt 0.457100 0.913300
vt 0.457100 0.927400
vt 0.564300 0.927400
vt 0.564300 0.913300
vt 0.671500 0.927400
vt 0.671500 0.913300
vt 0.772800 0.927400
vt 0.777400 0.913300
vt 0.350000 0.941400
vt 0.292300 0.941400
vt 0.302700 0.927400
vt 0.350000 0.927400
vt 0.457100 0.941400
vt 0.457100 0.927400
vt 0.564300 0.941400
vt 0.564300 0.927400
vt 0.671500 0.927400
vt 0.671500 0.941400
vt 0.772800 0.927400
vt 0.777400 0.941400
vt 0.038900 0.170700
vt 0.031800 0.170700
vt 0.031800 0.017800
vt 0.038900 0.017800
vt 0.038900 0.971000
vt 0.031800 0.971000
vt 0.031800 0.732500
vt 0.038900 0.732500
vt 0.005900 0.250100
vt 0.005900 0.159500
vt 0.024300 0.159500
vt 0.024300 0.250100
vt 0.005900 0.494500
vt 0.005900 0.250100
vt 0.024300 0.250100
vt 0.024300 0.494500
vt 0.041900 0.168800
vt 0.038900 0.170700
vt 0.038900 0.017800
vt 0.041900 0.014900
vt 0.041900 0.974000
vt 0.038900 0.971000
vt 0.038900 0.732500
vt 0.041900 0.732500
vt 0.041900 0.644100
vt 0.038900 0.642200
vt 0.024300 0.250100
vt 0.027200 0.253000
vt 0.027200 0.491500
vt 0.024300 0.494500
vt 0.024300 0.159500
vt 0.027200 0.156900
vt 0.027200 0.247100
vt 0.024300 0.250100
vt 0.005900 0.494500
vt 0.024300 0.494500
vt 0.024300 0.650300
vt 0.005900 0.650300
vt 0.024300 0.650300
vt 0.024300 0.494500
vt 0.027200 0.497400
vt 0.027200 0.650300
vt 0.671500 0.941400
vt 0.671500 0.949300
vt 0.774400 0.949300
vt 0.777400 0.941400
vt 0.616700 0.949300
vt 0.616100 0.941400
vt 0.671500 0.972700
vt 0.671500 0.990800
vt 0.773200 0.990800
vt 0.616900 0.990800
vt 0.616300 0.972700
vt 0.776400 0.972700
vt 0.616300 0.957100
vt 0.776100 0.957100
vt 0.671500 0.957100
vt 0.616700 0.949300
vt 0.774400 0.949300
vt 0.671500 0.949300
vt 0.671500 0.913300
vt 0.616100 0.913300
vt 0.617000 0.927400
vt 0.671500 0.927400
vt 0.772800 0.927400
vt 0.777400 0.913300
vt 0.617000 0.927400
vt 0.616100 0.941400
vt 0.671500 0.941400
vt 0.671500 0.927400
vt 0.772800 0.927400
vt 0.777400 0.941400
vt 0.057900 0.168800
vt 0.069800 0.168800
vt 0.069800 0.026700
vt 0.057900 0.020700
vt 0.041900 0.168800
vt 0.041900 0.020700
vt 0.087200 0.042000
vt 0.087200 0.168800
vt 0.096400 0.168800
vt 0.096400 0.099600
vt 0.087700 0.042500
vt 0.122700 0.073300
vt 0.024300 0.650300
vt 0.024300 0.500400
vt 0.005900 0.500400
vt 0.005900 0.650300
vt 0.024300 0.650300
vt 0.027200 0.650300
vt 0.027200 0.503000
vt 0.024300 0.500400
vt 0.380000 0.009100
vt 0.380000 0.900500
vt 0.339000 0.900500
vt 0.339000 0.009100
vt 0.038900 0.732500
vt 0.031800 0.732500
vt 0.031800 0.642200
vt 0.038900 0.642200
vt 0.238800 0.782800
vt 0.105200 0.782800
vt 0.105200 0.900400
vt 0.893100 0.900500
vt 0.893100 0.009100
vt 0.997200 0.009100
vt 0.997200 0.900500
vt 0.031800 0.170700
vt 0.038900 0.170700
vt 0.038900 0.023300
vt 0.031800 0.023300
vt 0.038900 0.023300
vt 0.038900 0.170700
vt 0.041900 0.168800
vt 0.041900 0.020700
vt 0.238800 0.782800
vt 0.296900 0.833900
vt 0.296900 0.905000
vt 0.105200 0.782800
vt 0.105200 0.905000
vt 0.057900 0.168800
vt 0.041900 0.168800
vt 0.041900 0.014900
vt 0.057900 0.014900
vt 0.069800 0.021700
vt 0.069800 0.168800
vt 0.087200 0.039100
vt 0.087200 0.168800
vt 0.096400 0.099600
vt 0.096400 0.168800
vt 0.148000 0.048000
vt 0.057900 0.974000
vt 0.041900 0.974000
vt 0.041900 0.732500
vt 0.057700 0.732500
vt 0.041900 0.644100
vt 0.069800 0.967100
vt 0.057700 0.644100
vt 0.069800 0.739400
vt 0.069400 0.725700
vt 0.087100 0.756800
vt 0.069400 0.638100
vt 0.087100 0.949700
vt 0.096100 0.888900
vt 0.096100 0.815900
vt 0.086600 0.708600
vt 0.086600 0.623000
vt 0.094100 0.648800
vt 0.094100 0.616400
vt 0.145000 0.699800
vt 0.892900 0.009100
vt 0.892900 0.900500
vt 0.996700 0.900500
vt 0.996700 0.009100
vt 0.804800 0.009100
vt 0.804800 0.900500
vt 0.892900 0.900500
vt 0.892900 0.009100
vt 0.649000 0.009100
vt 0.649000 0.900500
vt 0.718400 0.900500
vt 0.718400 0.009100
vt 0.475000 0.009100
vt 0.475000 0.900500
vt 0.649000 0.900500
vt 0.649000 0.009100
vt 0.369800 0.900500
vt 0.369800 0.009100
vt 0.457100 0.941400
vt 0.457100 0.949300
vt 0.350000 0.949300
vt 0.350000 0.941400
vt 0.299100 0.949300
vt 0.292300 0.941400
vt 0.564300 0.941400
vt 0.564300 0.949300
vt 0.671500 0.949300
vt 0.671500 0.941400
vt 0.774400 0.949300
vt 0.777400 0.941400
vt 0.457100 0.972700
vt 0.457100 0.990800
vt 0.350000 0.990800
vt 0.564300 0.972700
vt 0.564300 0.990800
vt 0.671500 0.990800
vt 0.671500 0.972700
vt 0.773200 0.990800
vt 0.776400 0.972700
vt 0.776100 0.957100
vt 0.671500 0.957100
vt 0.774400 0.949300
vt 0.671500 0.949300
vt 0.564300 0.957100
vt 0.564300 0.949300
vt 0.457100 0.949300
vt 0.457100 0.957100
vt 0.350000 0.949300
vt 0.350000 0.957100
vt 0.299100 0.949300
vt 0.295100 0.957100
vt 0.350000 0.972700
vt 0.294500 0.972700
vt 0.301700 0.990800
vt 0.350000 0.913300
vt 0.350000 0.927400
vt 0.302700 0.927400
vt 0.292300 0.913300
vt 0.457100 0.913300
vt 0.457100 0.927400
vt 0.564300 0.927400
vt 0.564300 0.913300
vt 0.671500 0.927400
vt 0.671500 0.913300
vt 0.772800 0.927400
vt 0.777400 0.913300
vt 0.350000 0.941400
vt 0.292300 0.941400
vt 0.302700 0.927400
vt 0.350000 0.927400
vt 0.457100 0.941400
vt 0.457100 0.927400
vt 0.564300 0.941400
vt 0.564300 0.927400
vt 0.671500 0.927400
vt 0.671500 0.941400
vt 0.772800 0.927400
vt 0.777400 0.941400
vt 0.038900 0.170700
vt 0.031800 0.170700
vt 0.031800 0.017800
vt 0.038900 0.017800
vt 0.038900 0.971000
vt 0.031800 0.971000
vt 0.031800 0.732500
vt 0.038900 0.732500
vt 0.005900 0.250100
vt 0.005900 0.159500
vt 0.024300 0.159500
vt 0.024300 0.250100
vt 0.005900 0.494500
vt 0.005900 0.250100
vt 0.024300 0.250100
vt 0.024300 0.494500
vt 0.041900 0.168800
vt 0.038900 0.170700
vt 0.038900 0.017800
vt 0.041900 0.014900
vt 0.041900 0.974000
vt 0.038900 0.971000
vt 0.038900 0.732500
vt 0.041900 0.732500
vt 0.041900 0.644100
vt 0.038900 0.642200
vt 0.024300 0.250100
vt 0.027200 0.253000
vt 0.027200 0.491500
vt 0.024300 0.494500
vt 0.024300 0.159500
vt 0.027200 0.156900
vt 0.027200 0.247100
vt 0.024300 0.250100
vt 0.005900 0.494500
vt 0.024300 0.494500
vt 0.024300 0.650300
vt 0.005900 0.650300
vt 0.024300 0.650300
vt 0.024300 0.494500
vt 0.027200 0.497400
vt 0.027200 0.650300
vt 0.671500 0.941400
vt 0.671500 0.949300
vt 0.774400 0.949300
vt 0.777400 0.941400
vt 0.616700 0.949300
vt 0.616100 0.941400
vt 0.671500 0.972700
vt 0.671500 0.990800
vt 0.773200 0.990800
vt 0.616900 0.990800
vt 0.616300 0.972700
vt 0.776400 0.972700
vt 0.616300 0.957100
vt 0.776100 0.957100
vt 0.671500 0.957100
vt 0.616700 0.949300
vt 0.774400 0.949300
vt 0.671500 0.949300
vt 0.671500 0.913300
vt 0.616100 0.913300
vt 0.617000 0.927400
vt 0.671500 0.927400
vt 0.772800 0.927400
vt 0.777400 0.913300
vt 0.617000 0.927400
vt 0.616100 0.941400
vt 0.671500 0.941400
vt 0.671500 0.927400
vt 0.772800 0.927400
vt 0.777400 0.941400
vt 0.057900 0.168800
vt 0.069800 0.168800
vt 0.069800 0.026700
vt 0.057900 0.020700
vt 0.041900 0.168800
vt 0.041900 0.020700
vt 0.087200 0.042000
vt 0.087200 0.168800
vt 0.096400 0.168800
vt 0.096400 0.099600
vt 0.087700 0.042500
vt 0.122700 0.073300
vt 0.024300 0.650300
vt 0.024300 0.500400
vt 0.005900 0.500400
vt 0.005900 0.650300
vt 0.024300 0.650300
vt 0.027200 0.650300
vt 0.027200 0.503000
vt 0.024300 0.500400
vt 0.317700 0.009100
vt 0.317700 0.900500
vt 0.356300 0.900500
vt 0.356300 0.009100
vt 0.038900 0.732500
vt 0.031800 0.732500
vt 0.031800 0.642200
vt 0.038900 0.642200
vt 0.238800 0.782800
vt 0.105200 0.782800
vt 0.105200 0.900400
vt 0.369800 0.900500
vt 0.369800 0.009100
vt 0.316100 0.009100
vt 0.316100 0.900500
vt 0.031800 0.170700
vt 0.038900 0.170700
vt 0.038900 0.023300
vt 0.031800 0.023300
vt 0.038900 0.023300
vt 0.038900 0.170700
vt 0.041900 0.168800
vt 0.041900 0.020700
vt 0.296900 0.905000
vt 0.296900 0.833900
vt 0.238800 0.782800
vt 0.105200 0.782800
vt 0.105200 0.905000
vt 0.041900 0.014900
vt 0.041900 0.168800
vt 0.057900 0.168800
vt 0.057900 0.014900
vt 0.069800 0.021700
vt 0.069800 0.168800
vt 0.087200 0.039100
vt 0.087200 0.168800
vt 0.096400 0.099600
vt 0.096400 0.168800
vt 0.148000 0.048000
vt 0.041900 0.732500
vt 0.041900 0.974000
vt 0.057900 0.974000
vt 0.057700 0.732500
vt 0.041900 0.644100
vt 0.069800 0.967100
vt 0.057700 0.644100
vt 0.069800 0.739400
vt 0.069400 0.725700
vt 0.087100 0.756800
vt 0.069400 0.638100
vt 0.087100 0.949700
vt 0.096100 0.888900
vt 0.096100 0.815900
vt 0.086600 0.708600
vt 0.086600 0.623000
vt 0.094100 0.648800
vt 0.094100 0.616400
vt 0.145000 0.699800
vt 0.380000 0.900500
vt 0.480000 0.900500
vt 0.480000 0.009100
vt 0.380000 0.009100
vt 0.480000 0.900500
vt 0.547200 0.900500
vt 0.547200 0.009100
vt 0.480000 0.009100
vt 0.547200 0.900500
vt 0.646700 0.900500
vt 0.646700 0.009100
vt 0.547200 0.009100
vt 0.646700 0.900500
vt 0.743200 0.900500
vt 0.743200 0.009100
vt 0.646700 0.009100
vt 0.893100 0.900500
vt 0.893100 0.009100
vt 0.350000 0.949300
vt 0.457100 0.949300
vt 0.457100 0.941400
vt 0.350000 0.941400
vt 0.299100 0.949300
vt 0.292300 0.941400
vt 0.564300 0.941400
vt 0.564300 0.949300
vt 0.671500 0.949300
vt 0.671500 0.941400
vt 0.774400 0.949300
vt 0.777400 0.941400
vt 0.350000 0.990800
vt 0.457100 0.990800
vt 0.457100 0.972700
vt 0.564300 0.972700
vt 0.564300 0.990800
vt 0.671500 0.990800
vt 0.671500 0.972700
vt 0.773200 0.990800
vt 0.776400 0.972700
vt 0.776100 0.957100
vt 0.671500 0.957100
vt 0.774400 0.949300
vt 0.671500 0.949300
vt 0.564300 0.957100
vt 0.564300 0.949300
vt 0.457100 0.949300
vt 0.457100 0.957100
vt 0.350000 0.949300
vt 0.350000 0.957100
vt 0.299100 0.949300
vt 0.295100 0.957100
vt 0.350000 0.972700
vt 0.294500 0.972700
vt 0.301700 0.990800
vt 0.350000 0.913300
vt 0.292300 0.913300
vt 0.302700 0.927400
vt 0.350000 0.927400
vt 0.457100 0.913300
vt 0.457100 0.927400
vt 0.564300 0.927400
vt 0.564300 0.913300
vt 0.671500 0.927400
vt 0.671500 0.913300
vt 0.772800 0.927400
vt 0.777400 0.913300
vt 0.302700 0.927400
vt 0.292300 0.941400
vt 0.350000 0.941400
vt 0.350000 0.927400
vt 0.457100 0.941400
vt 0.457100 0.927400
vt 0.564300 0.941400
vt 0.564300 0.927400
vt 0.671500 0.927400
vt 0.671500 0.941400
vt 0.772800 0.927400
vt 0.777400 0.941400
vt 0.031800 0.017800
vt 0.031800 0.170700
vt 0.038900 0.170700
vt 0.038900 0.017800
vt 0.031800 0.732500
vt 0.031800 0.971000
vt 0.038900 0.971000
vt 0.038900 0.732500
vt 0.024300 0.159500
vt 0.005900 0.159500
vt 0.005900 0.250100
vt 0.024300 0.250100
vt 0.024300 0.250100
vt 0.005900 0.250100
vt 0.005900 0.494500
vt 0.024300 0.494500
vt 0.038900 0.017800
vt 0.038900 0.170700
vt 0.041900 0.168800
vt 0.041900 0.014900
vt 0.038900 0.732500
vt 0.038900 0.971000
vt 0.041900 0.974000
vt 0.041900 0.732500
vt 0.041900 0.644100
vt 0.038900 0.642200
vt 0.027200 0.491500
vt 0.027200 0.253000
vt 0.024300 0.250100
vt 0.024300 0.494500
vt 0.027200 0.247100
vt 0.027200 0.156900
vt 0.024300 0.159500
vt 0.024300 0.250100
vt 0.024300 0.650300
vt 0.024300 0.494500
vt 0.005900 0.494500
vt 0.005900 0.650300
vt 0.024300 0.650300
vt 0.027200 0.650300
vt 0.027200 0.497400
vt 0.024300 0.494500
vt 0.671500 0.941400
vt 0.777400 0.941400
vt 0.774400 0.949300
vt 0.671500 0.949300
vt 0.616700 0.949300
vt 0.616100 0.941400
vt 0.671500 0.972700
vt 0.776400 0.972700
vt 0.773200 0.990800
vt 0.671500 0.990800
vt 0.616900 0.990800
vt 0.616300 0.972700
vt 0.776100 0.957100
vt 0.616300 0.957100
vt 0.671500 0.957100
vt 0.774400 0.949300
vt 0.616700 0.949300
vt 0.671500 0.949300
vt 0.671500 0.913300
vt 0.671500 0.927400
vt 0.617000 0.927400
vt 0.616100 0.913300
vt 0.772800 0.927400
vt 0.777400 0.913300
vt 0.671500 0.941400
vt 0.616100 0.941400
vt 0.617000 0.927400
vt 0.671500 0.927400
vt 0.772800 0.927400
vt 0.777400 0.941400
vt 0.057900 0.168800
vt 0.057900 0.020700
vt 0.069800 0.026700
vt 0.041900 0.168800
vt 0.041900 0.020700
vt 0.069800 0.168800
vt 0.087200 0.042000
vt 0.087200 0.168800
vt 0.096400 0.168800
vt 0.096400 0.099600
vt 0.087700 0.042500
vt 0.122700 0.073300
vt 0.005900 0.500400
vt 0.024300 0.500400
vt 0.024300 0.650300
vt 0.005900 0.650300
vt 0.024300 0.650300
vt 0.024300 0.500400
vt 0.027200 0.503000
vt 0.027200 0.650300
vt 0.339000 0.900500
vt 0.380000 0.900500
vt 0.380000 0.009100
vt 0.339000 0.009100
vt 0.031800 0.642200
vt 0.031800 0.732500
vt 0.038900 0.732500
vt 0.038900 0.642200
vt 0.238800 0.782800
vt 0.105200 0.900400
vt 0.105200 0.782800
vt 0.997200 0.009100
vt 0.893100 0.009100
vt 0.893100 0.900500
vt 0.997200 0.900500
vt 0.038900 0.023300
vt 0.038900 0.170700
vt 0.031800 0.170700
vt 0.031800 0.023300
vt 0.038900 0.023300
vt 0.041900 0.020700
vt 0.041900 0.168800
vt 0.038900 0.170700
vn -0.000000 -0.000000 1.000000
vn -0.000000 -0.000000 1.000000
vn -0.000000 -0.000000 1.000000
vn -0.000000 0.000000 1.000000
vn 0.000000 0.000000 1.000000
vn 0.707107 -0.707107 0.000000
vn 0.000000 -1.000000 0.000000
vn -0.000000 -0.966035 -0.258409
vn 0.676131 -0.669631 -0.307314
vn 0.437612 -0.459612 -0.772821
vn -0.000000 -0.693528 -0.720429
vn 0.191803 -0.218003 -0.956915
vn 0.000000 -0.505394 -0.862889
vn 0.139002 -0.608209 -0.781512
vn 0.000000 -0.719496 -0.694496
vn 0.558795 -0.146899 -0.816192
vn 0.707107 0.707107 0.000000
vn 0.707107 -0.707107 0.000000
vn 0.676131 -0.669631 -0.307314
vn 0.676131 0.669631 -0.307314
vn 0.707107 0.707107 0.000000
vn 0.437612 -0.459612 -0.772821
vn 0.649394 0.649394 -0.395696
vn 0.437612 0.459612 -0.772821
vn 0.437612 0.459612 -0.772821
vn 0.192792 0.218691 -0.956559
vn 0.343281 0.343281 -0.874252
vn 0.191803 -0.218003 -0.956915
vn 0.558795 -0.146899 -0.816192
vn 0.558807 0.147302 -0.816111
vn 0.192792 0.218691 -0.956559
vn 0.318612 0.318612 -0.892733
vn 0.138595 0.645975 -0.750671
vn 0.481726 0.481726 -0.732039
vn 0.558807 0.147302 -0.816111
vn 0.660675 0.750672 0.000000
vn 0.660675 0.750672 0.000000
vn 0.660675 0.750672 0.000000
vn 0.660675 0.750672 0.000000
vn 1.000000 0.000000 0.000000
vn 1.000000 0.000000 0.000000
vn 1.000000 0.000000 0.000000
vn 1.000000 0.000000 0.000000
vn 0.660675 -0.750672 0.000000
vn 0.660675 -0.750672 0.000000
vn 0.660675 -0.750672 0.000000
vn 0.660675 -0.750672 0.000000
vn 0.000000 -1.000000 0.000000
vn 0.000000 -1.000000 0.000000
vn 0.000000 -1.000000 0.000000
vn 0.000000 -1.000000 0.000000
vn 0.000000 -1.000000 0.000000
vn 0.000000 -1.000000 0.000000
vn 0.215202 0.551105 -0.806208
vn 0.510207 0.223103 -0.830611
vn 0.502803 0.242101 -0.829805
vn 0.198304 0.558410 -0.805515
vn 0.351094 0.351194 -0.867984
vn 0.351181 0.351181 -0.867954
vn 0.502803 -0.242101 -0.829805
vn 0.510207 -0.223103 -0.830611
vn 0.215202 -0.551105 -0.806208
vn 0.198304 -0.558410 -0.805515
vn 0.000000 -0.629063 -0.777354
vn 0.000000 -0.629063 -0.777354
vn 0.138595 0.645975 -0.750671
vn 0.558807 0.147302 -0.816111
vn 0.865217 0.399408 -0.303106
vn 0.865217 -0.399408 -0.303106
vn 0.558795 -0.146899 -0.816192
vn 0.139002 -0.608209 -0.781512
vn 0.333392 -0.900779 -0.278293
vn 0.000000 -0.719496 -0.694496
vn 0.000000 -0.970675 -0.240394
vn 0.000000 -0.940132 0.340811
vn 0.319503 -0.863108 0.391104
vn 0.000000 -0.801498 0.597998
vn 0.279410 -0.719927 0.635323
vn 0.822730 -0.379814 0.422915
vn 0.680287 -0.298994 0.669187
vn 0.680287 0.298994 0.669187
vn 0.822730 0.379814 0.422915
vn 0.279410 0.719927 0.635323
vn 0.319503 0.863108 0.391104
vn 0.486299 0.486399 0.725899
vn 0.654878 0.654878 0.377187
vn 0.333392 0.900779 -0.278293
vn 0.681434 0.681434 -0.267013
vn 0.481726 0.481726 -0.732039
vn 0.215004 0.603010 -0.768213
vn 0.384615 0.384615 -0.839132
vn 0.384615 0.384615 -0.839132
vn 0.232198 0.595595 -0.768993
vn 0.546325 0.262012 -0.795537
vn 0.554076 0.242490 -0.796366
vn 0.554076 -0.242490 -0.796366
vn 0.546325 -0.262012 -0.795537
vn 0.232198 -0.595595 -0.768993
vn 0.215004 -0.603010 -0.768213
vn 0.000000 -0.675738 -0.737142
vn 0.000000 -0.675738 -0.737142
vn 0.384615 0.384615 0.839132
vn 0.384615 0.384615 0.839132
vn 0.215004 0.603010 0.768213
vn 0.232198 0.595595 0.768993
vn 0.546325 0.262012 0.795537
vn 0.554076 0.242490 0.796366
vn 0.546325 -0.262012 0.795537
vn 0.554076 -0.242490 0.796366
vn 0.232198 -0.595595 0.768993
vn 0.215004 -0.603010 0.768213
vn -0.000000 -0.675793 0.737092
vn 0.000000 -0.675793 0.737092
vn 0.000000 -1.000000 0.000000
vn 0.000000 -1.000000 0.000000
vn 0.000000 -1.000000 0.000000
vn 0.000000 -1.000000 0.000000
vn 1.000000 0.000000 0.000000
vn 1.000000 0.000000 0.000000
vn 1.000000 0.000000 0.000000
vn 1.000000 0.000000 0.000000
vn 0.000000 1.000000 0.000000
vn 0.000000 1.000000 0.000000
vn 0.000000 1.000000 0.000000
vn 0.000000 1.000000 0.000000
vn 1.000000 0.000000 0.000000
vn 1.000000 0.000000 0.000000
vn 1.000000 0.000000 0.000000
vn 1.000000 0.000000 0.000000
vn 0.000000 0.000000 1.000000
vn 0.000000 0.000000 1.000000
vn 0.000000 0.000000 1.000000
vn 0.000000 0.000000 1.000000
vn 0.000000 0.000000 1.000000
vn 0.000000 0.000000 1.000000
vn 0.000000 0.000000 1.000000
vn 0.000000 0.000000 1.000000
vn 0.000000 0.000000 1.000000
vn 0.000000 0.000000 1.000000
vn 0.000000 0.000000 -1.000000
vn 0.000000 0.000000 -1.000000
vn 0.000000 0.000000 -1.000000
vn 0.000000 0.000000 -1.000000
vn 0.000000 0.000000 -1.000000
vn 0.000000 0.000000 -1.000000
vn 0.000000 0.000000 -1.000000
vn 0.000000 0.000000 -1.000000
vn 0.000000 -1.000000 0.000000
vn 0.000000 -1.000000 0.000000
vn 0.000000 -1.000000 0.000000
vn 0.000000 -1.000000 0.000000
vn 0.000000 0.000000 -1.000000
vn 0.000000 0.000000 -1.000000
vn 0.000000 0.000000 -1.000000
vn 0.000000 0.000000 -1.000000
vn -0.198304 -0.558410 -0.805515
vn 0.000000 -0.629063 -0.777354
vn 0.000000 -0.629063 -0.777354
vn -0.215202 -0.551105 -0.806208
vn -0.428101 -0.428101 -0.795902
vn -0.428101 -0.428101 -0.795902
vn -0.333392 -0.900779 -0.278293
vn 0.000000 -0.970675 -0.240394
vn 0.000000 -0.719496 -0.694496
vn -0.139002 -0.608209 -0.781512
vn -0.365724 -0.365724 -0.855857
vn -0.683711 -0.683711 -0.255104
vn 0.000000 -0.940132 0.340811
vn -0.659509 -0.659609 0.360505
vn -0.319503 -0.863108 0.391104
vn 0.000000 -0.801498 0.597998
vn -0.553828 -0.553828 0.621731
vn -0.279410 -0.719927 0.635323
vn -0.215004 -0.603010 -0.768213
vn -0.232216 -0.595641 -0.768953
vn -0.461610 -0.461610 -0.757517
vn -0.461610 -0.461610 -0.757517
vn 0.000000 -0.675738 -0.737142
vn 0.000000 -0.675738 -0.737142
vn -0.215004 -0.603010 0.768213
vn -0.461610 -0.461610 0.757517
vn -0.461610 -0.461610 0.757517
vn -0.232216 -0.595641 0.768953
vn -0.000000 -0.675793 0.737092
vn 0.000000 -0.675793 0.737092
vn -0.000000 -0.966035 -0.258409
vn -0.675575 -0.675575 -0.295289
vn -0.462384 -0.462384 -0.756573
vn 0.000000 -1.000000 0.000000
vn -0.707107 -0.707107 0.000000
vn -0.000000 -0.693528 -0.720429
vn -0.259814 -0.259814 -0.930050
vn 0.000000 -0.505394 -0.862889
vn 0.000000 -0.719496 -0.694496
vn -0.139002 -0.608209 -0.781512
vn -0.248391 -0.248791 -0.936165
vn -0.365724 -0.365724 -0.855857
vn 0.000000 -1.000000 0.000000
vn 0.000000 -1.000000 0.000000
vn 0.000000 -1.000000 0.000000
vn 0.000000 -1.000000 0.000000
vn 0.000000 0.000000 -1.000000
vn 0.000000 0.000000 -1.000000
vn 0.000000 0.000000 -1.000000
vn 0.000000 0.000000 -1.000000
vn 0.000000 1.000000 0.000000
vn 0.000000 1.000000 0.000000
vn 0.000000 1.000000 0.000000
vn 0.000000 1.000000 0.000000
vn 0.000000 1.000000 0.000000
vn 0.000000 1.000000 0.000000
vn 0.000000 1.000000 0.000000
vn 0.000000 1.000000 0.000000
vn -0.000000 -0.000000 1.000000
vn 0.000000 0.000000 1.000000
vn -0.000000 0.000000 1.000000
vn -0.707107 -0.707107 0.000000
vn -0.660675 -0.750672 0.000000
vn -0.660675 -0.750672 0.000000
vn -0.707107 -0.707107 0.000000
vn 0.000000 -1.000000 0.000000
vn 0.000000 -1.000000 0.000000
vn 0.000000 -1.000000 0.000000
vn 0.000000 -1.000000 0.000000
vn 0.000000 0.000000 1.000000
vn 0.000000 0.000000 1.000000
vn 0.000000 0.000000 1.000000
vn 0.000000 0.000000 1.000000
vn -0.000000 -0.000000 1.000000
vn -0.000000 -0.000000 1.000000
vn -0.000000 -0.000000 1.000000
vn 0.000000 -0.000000 1.000000
vn 0.000000 0.000000 1.000000
vn -0.966035 0.000000 -0.258409
vn -1.000000 0.000000 0.000000
vn -0.707107 0.707107 0.000000
vn -0.669631 0.676131 -0.307314
vn -0.459612 0.437612 -0.772821
vn -0.693528 0.000000 -0.720429
vn -0.218003 0.191803 -0.956915
vn -0.505468 0.000000 -0.862845
vn -0.608209 0.139002 -0.781512
vn -0.719496 0.000000 -0.694496
vn -0.146899 0.558794 -0.816192
vn -0.669631 0.676131 -0.307314
vn -0.707107 0.707107 0.000000
vn 0.707107 0.707107 0.000000
vn 0.669631 0.676131 -0.307314
vn 0.707107 0.707107 0.000000
vn -0.459612 0.437612 -0.772821
vn 0.649394 0.649394 -0.395696
vn 0.459612 0.437612 -0.772821
vn 0.459612 0.437612 -0.772821
vn 0.218691 0.192792 -0.956559
vn 0.343281 0.343281 -0.874252
vn -0.218003 0.191803 -0.956915
vn -0.146899 0.558794 -0.816192
vn 0.147302 0.558807 -0.816111
vn 0.218691 0.192792 -0.956559
vn 0.318612 0.318612 -0.892733
vn 0.645975 0.138595 -0.750671
vn 0.481726 0.481726 -0.732039
vn 0.147302 0.558807 -0.816111
vn 0.750672 0.660675 0.000000
vn 0.750672 0.660675 0.000000
vn 0.750672 0.660675 0.000000
vn 0.750672 0.660675 0.000000
vn 0.000000 1.000000 0.000000
vn 0.000000 1.000000 0.000000
vn 0.000000 1.000000 0.000000
vn 0.000000 1.000000 0.000000
vn -0.750672 0.660675 0.000000
vn -0.750672 0.660675 0.000000
vn -0.750672 0.660675 0.000000
vn -0.750672 0.660675 0.000000
vn -1.000000 0.000000 0.000000
vn -1.000000 0.000000 0.000000
vn -1.000000 0.000000 0.000000
vn -1.000000 0.000000 0.000000
vn -1.000000 0.000000 0.000000
vn -1.000000 0.000000 0.000000
vn 0.242007 0.502815 -0.829825
vn 0.223103 0.510207 -0.830611
vn 0.551117 0.215107 -0.806225
vn 0.558410 0.198304 -0.805515
vn 0.351094 0.351194 -0.867984
vn 0.351181 0.351181 -0.867954
vn -0.242101 0.502803 -0.829805
vn -0.223092 0.510281 -0.830568
vn -0.551105 0.215202 -0.806208
vn -0.558479 0.198293 -0.805470
vn -0.629063 0.000000 -0.777354
vn -0.629063 0.000000 -0.777354
vn 0.399408 0.865217 -0.303106
vn 0.147302 0.558807 -0.816111
vn 0.645975 0.138595 -0.750671
vn -0.399408 0.865217 -0.303106
vn -0.146899 0.558794 -0.816192
vn -0.608209 0.139002 -0.781512
vn -0.900779 0.333392 -0.278293
vn -0.719496 0.000000 -0.694496
vn -0.970675 0.000000 -0.240394
vn -0.940132 0.000000 0.340811
vn -0.863108 0.319503 0.391104
vn -0.801498 0.000000 0.597998
vn -0.719927 0.279410 0.635323
vn -0.379814 0.822730 0.422915
vn -0.298994 0.680287 0.669187
vn 0.298994 0.680287 0.669187
vn 0.379814 0.822730 0.422915
vn 0.719881 0.279393 0.635383
vn 0.863108 0.319503 0.391104
vn 0.486299 0.486399 0.725899
vn 0.654878 0.654878 0.377187
vn 0.900779 0.333392 -0.278293
vn 0.681434 0.681434 -0.267013
vn 0.481726 0.481726 -0.732039
vn 0.603010 0.215004 -0.768213
vn 0.595595 0.232198 -0.768993
vn 0.384615 0.384615 -0.839132
vn 0.384615 0.384615 -0.839132
vn 0.262012 0.546325 -0.795537
vn 0.242490 0.554076 -0.796366
vn -0.242509 0.554120 -0.796329
vn -0.262105 0.546311 -0.795516
vn -0.595595 0.232198 -0.768993
vn -0.603010 0.215004 -0.768213
vn -0.675738 -0.000000 -0.737142
vn -0.675738 0.000000 -0.737142
vn 0.603010 0.215004 0.768213
vn 0.384615 0.384615 0.839132
vn 0.384615 0.384615 0.839132
vn 0.595595 0.232198 0.768993
vn 0.262012 0.546325 0.795537
vn 0.242490 0.554076 0.796366
vn -0.262012 0.546325 0.795537
vn -0.242509 0.554120 0.796329
vn -0.595595 0.232198 0.768993
vn -0.603010 0.215004 0.768213
vn -0.675793 0.000000 0.737092
vn -0.675793 0.000000 0.737092
vn -1.000000 0.000000 0.000000
vn -1.000000 0.000000 0.000000
vn -1.000000 0.000000 0.000000
vn -1.000000 0.000000 0.000000
vn -0.000000 1.000000 0.000000
vn -0.000000 1.000000 0.000000
vn -0.000000 1.000000 0.000000
vn -0.000000 1.000000 0.000000
vn 1.000000 0.000000 0.000000
vn 1.000000 0.000000 0.000000
vn 1.000000 0.000000 0.000000
vn 1.000000 0.000000 0.000000
vn -0.000000 1.000000 0.000000
vn -0.000000 1.000000 0.000000
vn -0.000000 1.000000 0.000000
vn -0.000000 1.000000 0.000000
vn 0.000000 0.000000 1.000000
vn 0.000000 0.000000 1.000000
vn 0.000000 0.000000 1.000000
vn 0.000000 0.000000 1.000000
vn 0.000000 0.000000 1.000000
vn 0.000000 0.000000 1.000000
vn 0.000000 0.000000 1.000000
vn 0.000000 0.000000 1.000000
vn 0.000000 0.000000 1.000000
vn 0.000000 0.000000 1.000000
vn 0.000000 0.000000 -1.000000
vn 0.000000 0.000000 -1.000000
vn 0.000000 0.000000 -1.000000
vn 0.000000 0.000000 -1.000000
vn 0.000000 0.000000 -1.000000
vn 0.000000 0.000000 -1.000000
vn 0.000000 0.000000 -1.000000
vn 0.000000 0.000000 -1.000000
vn -1.000000 0.000000 0.000000
vn -1.000000 0.000000 0.000000
vn -1.000000 0.000000 0.000000
vn -1.000000 0.000000 0.000000
vn 0.000000 0.000000 -1.000000
vn 0.000000 0.000000 -1.000000
vn 0.000000 0.000000 -1.000000
vn 0.000000 0.000000 -1.000000
vn -0.558479 -0.198293 -0.805470
vn -0.551105 -0.215202 -0.806208
vn -0.629063 0.000000 -0.777354
vn -0.629063 0.000000 -0.777354
vn -0.428101 -0.428101 -0.795902
vn -0.428101 -0.428101 -0.795902
vn -0.900779 -0.333392 -0.278293
vn -0.608209 -0.139002 -0.781512
vn -0.719496 0.000000 -0.694496
vn -0.365724 -0.365724 -0.855857
vn -0.683711 -0.683711 -0.255104
vn -0.970675 0.000000 -0.240394
vn -0.659509 -0.659609 0.360505
vn -0.940132 0.000000 0.340811
vn -0.863108 -0.319503 0.391104
vn -0.553828 -0.553828 0.621731
vn -0.801498 0.000000 0.597998
vn -0.719927 -0.279410 0.635323
vn -0.603010 -0.215004 -0.768213
vn -0.461610 -0.461610 -0.757517
vn -0.461610 -0.461610 -0.757517
vn -0.595595 -0.232198 -0.768993
vn -0.675738 -0.000000 -0.737142
vn -0.675738 0.000000 -0.737142
vn -0.461610 -0.461610 0.757517
vn -0.461610 -0.461610 0.757517
vn -0.603010 -0.215004 0.768213
vn -0.595595 -0.232198 0.768993
vn -0.675793 0.000000 0.737092
vn -0.675793 0.000000 0.737092
vn -0.966035 0.000000 -0.258409
vn -0.693528 0.000000 -0.720429
vn -0.462384 -0.462384 -0.756573
vn -0.675575 -0.675575 -0.295289
vn -1.000000 0.000000 0.000000
vn -0.707107 -0.707107 0.000000
vn -0.259814 -0.259814 -0.930050
vn -0.505468 0.000000 -0.862845
vn -0.719496 0.000000 -0.694496
vn -0.608209 -0.139002 -0.781512
vn -0.248391 -0.248791 -0.936165
vn -0.365724 -0.365724 -0.855857
vn -1.000000 0.000000 0.000000
vn -1.000000 0.000000 0.000000
vn -1.000000 0.000000 0.000000
vn -1.000000 0.000000 0.000000
vn 0.000000 0.000000 -1.000000
vn 0.000000 0.000000 -1.000000
vn 0.000000 0.000000 -1.000000
vn 0.000000 0.000000 -1.000000
vn 1.000000 0.000000 0.000000
vn 1.000000 0.000000 0.000000
vn 1.000000 0.000000 0.000000
vn 1.000000 0.000000 0.000000
vn 1.000000 0.000000 0.000000
vn 1.000000 0.000000 0.000000
vn 1.000000 0.000000 0.000000
vn 1.000000 0.000000 0.000000
vn -0.000000 -0.000000 1.000000
vn 0.000000 -0.000000 1.000000
vn 0.000000 0.000000 1.000000
vn -0.750672 -0.660675 0.000000
vn -0.750672 -0.660675 0.000000
vn -0.707107 -0.707107 0.000000
vn -0.707107 -0.707107 0.000000
vn -1.000000 0.000000 0.000000
vn -1.000000 0.000000 0.000000
vn -1.000000 0.000000 0.000000
vn -1.000000 0.000000 0.000000
vn 0.000000 0.000000 1.000000
vn 0.000000 0.000000 1.000000
vn 0.000000 0.000000 1.000000
vn 0.000000 0.000000 1.000000
vn -0.000000 0.000000 1.000000
vn -0.000000 0.000000 1.000000
vn -0.000000 0.000000 1.000000
vn -0.000000 -0.000000 1.000000
vn 0.000000 0.000000 1.000000
vn -0.000000 0.966035 -0.258409
vn 0.000000 1.000000 0.000000
vn 0.707107 0.707107 0.000000
vn 0.676131 0.669631 -0.307314
vn 0.437612 0.459612 -0.772821
vn -0.000000 0.693528 -0.720429
vn 0.191803 0.218003 -0.956915
vn 0.000000 0.505394 -0.862889
vn 0.139002 0.608209 -0.781512
vn 0.000000 0.719496 -0.694496
vn 0.558795 0.146899 -0.816192
vn 0.676131 0.669631 -0.307314
vn 0.707107 0.707107 0.000000
vn 0.707107 -0.707107 0.000000
vn 0.676131 -0.669631 -0.307314
vn 0.707107 -0.707107 0.000000
vn 0.437612 0.459612 -0.772821
vn 0.649394 -0.649394 -0.395696
vn 0.437612 -0.459612 -0.772821
vn 0.437612 -0.459612 -0.772821
vn 0.192792 -0.218691 -0.956559
vn 0.343281 -0.343281 -0.874252
vn 0.191803 0.218003 -0.956915
vn 0.558795 0.146899 -0.816192
vn 0.558807 -0.147302 -0.816111
vn 0.192792 -0.218691 -0.956559
vn 0.318612 -0.318612 -0.892733
vn 0.138595 -0.645975 -0.750671
vn 0.481726 -0.481726 -0.732039
vn 0.558807 -0.147302 -0.816111
vn 0.660675 -0.750672 0.000000
vn 0.660675 -0.750672 0.000000
vn 0.660675 -0.750672 0.000000
vn 0.660675 -0.750672 0.000000
vn 1.000000 0.000000 0.000000
vn 1.000000 0.000000 0.000000
vn 1.000000 0.000000 0.000000
vn 1.000000 0.000000 0.000000
vn 0.660675 0.750672 0.000000
vn 0.660675 0.750672 0.000000
vn 0.660675 0.750672 0.000000
vn 0.660675 0.750672 0.000000
vn 0.000000 1.000000 0.000000
vn 0.000000 1.000000 0.000000
vn 0.000000 1.000000 0.000000
vn 0.000000 1.000000 0.000000
vn 0.000000 1.000000 0.000000
vn 0.000000 1.000000 0.000000
vn 0.502803 -0.242101 -0.829805
vn 0.510207 -0.223103 -0.830611
vn 0.215202 -0.551105 -0.806208
vn 0.198304 -0.558410 -0.805515
vn 0.351094 -0.351194 -0.867984
vn 0.351181 -0.351181 -0.867954
vn 0.502803 0.242101 -0.829805
vn 0.510207 0.223103 -0.830611
vn 0.215202 0.551105 -0.806208
vn 0.198304 0.558410 -0.805515
vn 0.000000 0.629063 -0.777354
vn 0.000000 0.629063 -0.777354
vn 0.865217 -0.399408 -0.303106
vn 0.558807 -0.147302 -0.816111
vn 0.138595 -0.645975 -0.750671
vn 0.865217 0.399408 -0.303106
vn 0.558795 0.146899 -0.816192
vn 0.139002 0.608209 -0.781512
vn 0.333392 0.900779 -0.278293
vn 0.000000 0.719496 -0.694496
vn 0.000000 0.970675 -0.240394
vn 0.000000 0.940132 0.340811
vn 0.319503 0.863108 0.391104
vn 0.000000 0.801498 0.597998
vn 0.279410 0.719927 0.635323
vn 0.822730 0.379814 0.422915
vn 0.680287 0.298994 0.669187
vn 0.680287 -0.298994 0.669187
vn 0.822730 -0.379814 0.422915
vn 0.279410 -0.719927 0.635323
vn 0.319503 -0.863108 0.391104
vn 0.486299 -0.486399 0.725899
vn 0.654878 -0.654878 0.377187
vn 0.333392 -0.900779 -0.278293
vn 0.681434 -0.681434 -0.267013
vn 0.481726 -0.481726 -0.732039
vn 0.215004 -0.603010 -0.768213
vn 0.232198 -0.595595 -0.768993
vn 0.384615 -0.384615 -0.839132
vn 0.384615 -0.384615 -0.839132
vn 0.546325 -0.262012 -0.795537
vn 0.554076 -0.242490 -0.796366
vn 0.554076 0.242490 -0.796366
vn 0.546325 0.262012 -0.795537
vn 0.232198 0.595595 -0.768993
vn 0.215004 0.603010 -0.768213
vn 0.000000 0.675738 -0.737142
vn 0.000000 0.675738 -0.737142
vn 0.215004 -0.603010 0.768213
vn 0.384615 -0.384615 0.839132
vn 0.384615 -0.384615 0.839132
vn 0.232198 -0.595595 0.768993
vn 0.546325 -0.262012 0.795537
vn 0.554076 -0.242490 0.796366
vn 0.546325 0.262012 0.795537
vn 0.554076 0.242490 0.796366
vn 0.232198 0.595595 0.768993
vn 0.215004 0.603010 0.768213
vn -0.000000 0.675793 0.737092
vn 0.000000 0.675793 0.737092
vn 0.000000 1.000000 0.000000
vn 0.000000 1.000000 0.000000
vn 0.000000 1.000000 0.000000
vn 0.000000 1.000000 0.000000
vn 1.000000 0.000000 0.000000
vn 1.000000 0.000000 0.000000
vn 1.000000 0.000000 0.000000
vn 1.000000 0.000000 0.000000
vn 0.000000 -1.000000 0.000000
vn 0.000000 -1.000000 0.000000
vn 0.000000 -1.000000 0.000000
vn 0.000000 -1.000000 0.000000
vn 1.000000 0.000000 0.000000
vn 1.000000 0.000000 0.000000
vn 1.000000 0.000000 0.000000
vn 1.000000 0.000000 0.000000
vn 0.000000 0.000000 1.000000
vn 0.000000 0.000000 1.000000
vn 0.000000 0.000000 1.000000
vn 0.000000 0.000000 1.000000
vn 0.000000 0.000000 1.000000
vn 0.000000 0.000000 1.000000
vn 0.000000 0.000000 1.000000
vn 0.000000 0.000000 1.000000
vn 0.000000 0.000000 1.000000
vn 0.000000 0.000000 1.000000
vn 0.000000 0.000000 -1.000000
vn 0.000000 0.000000 -1.000000
vn 0.000000 0.000000 -1.000000
vn 0.000000 0.000000 -1.000000
vn 0.000000 0.000000 -1.000000
vn 0.000000 0.000000 -1.000000
vn 0.000000 0.000000 -1.000000
vn 0.000000 0.000000 -1.000000
vn 0.000000 1.000000 0.000000
vn 0.000000 1.000000 0.000000
vn 0.000000 1.000000 0.000000
vn 0.000000 1.000000 0.000000
vn 0.000000 0.000000 -1.000000
vn 0.000000 0.000000 -1.000000
vn 0.000000 0.000000 -1.000000
vn 0.000000 0.000000 -1.000000
vn -0.198304 0.558410 -0.805515
vn -0.215202 0.551105 -0.806208
vn 0.000000 0.629063 -0.777354
vn 0.000000 0.629063 -0.777354
vn -0.428101 0.428101 -0.795902
vn -0.428101 0.428101 -0.795902
vn -0.333392 0.900779 -0.278293
vn -0.139002 0.608209 -0.781512
vn 0.000000 0.719496 -0.694496
vn -0.365724 0.365724 -0.855857
vn -0.683711 0.683711 -0.255104
vn 0.000000 0.970675 -0.240394
vn -0.659509 0.659609 0.360505
vn 0.000000 0.940132 0.340811
vn -0.319503 0.863108 0.391104
vn -0.553828 0.553828 0.621731
vn 0.000000 0.801498 0.597998
vn -0.279410 0.719927 0.635323
vn -0.215004 0.603010 -0.768213
vn -0.461610 0.461610 -0.757517
vn -0.461610 0.461610 -0.757517
vn -0.232216 0.595641 -0.768953
vn 0.000000 0.675738 -0.737142
vn 0.000000 0.675738 -0.737142
vn -0.461610 0.461610 0.757517
vn -0.461610 0.461610 0.757517
vn -0.215004 0.603010 0.768213
vn -0.232216 0.595641 0.768953
vn -0.000000 0.675793 0.737092
vn 0.000000 0.675793 0.737092
vn -0.000000 0.966035 -0.258409
vn -0.000000 0.693528 -0.720429
vn -0.462384 0.462384 -0.756573
vn -0.675575 0.675575 -0.295289
vn 0.000000 1.000000 0.000000
vn -0.707107 0.707107 0.000000
vn -0.259814 0.259814 -0.930050
vn 0.000000 0.505394 -0.862889
vn 0.000000 0.719496 -0.694496
vn -0.139002 0.608209 -0.781512
vn -0.248391 0.248791 -0.936165
vn -0.365724 0.365724 -0.855857
vn 0.000000 1.000000 0.000000
vn 0.000000 1.000000 0.000000
vn 0.000000 1.000000 0.000000
vn 0.000000 1.000000 0.000000
vn 0.000000 0.000000 -1.000000
vn 0.000000 0.000000 -1.000000
vn 0.000000 0.000000 -1.000000
vn 0.000000 0.000000 -1.000000
vn 0.000000 -1.000000 0.000000
vn 0.000000 -1.000000 0.000000
vn 0.000000 -1.000000 0.000000
vn 0.000000 -1.000000 0.000000
vn 0.000000 -1.000000 0.000000
vn 0.000000 -1.000000 0.000000
vn 0.000000 -1.000000 0.000000
vn 0.000000 -1.000000 0.000000
vn -0.000000 0.000000 1.000000
vn -0.000000 -0.000000 1.000000
vn 0.000000 -0.000000 1.000000
vn -0.660675 0.750672 0.000000
vn -0.660675 0.750672 0.000000
vn -0.707107 0.707107 0.000000
vn -0.707107 0.707107 0.000000
vn 0.000000 1.000000 0.000000
vn 0.000000 1.000000 0.000000
vn 0.000000 1.000000 0.000000
vn 0.000000 1.000000 0.000000
vn 0.000000 0.000000 1.000000
vn 0.000000 0.000000 1.000000
vn 0.000000 0.000000 1.000000
vn 0.000000 0.000000 1.000000
vn -0.000000 0.000000 1.000000
vn -0.000000 0.000000 1.000000
vn -0.000000 0.000000 1.000000
vn 0.000000 0.000000 1.000000
vn 0.000000 0.000000 1.000000
vn -0.707107 -0.707107 0.000000
vn -1.000000 0.000000 0.000000
vn -0.966035 0.000000 -0.258409
vn -0.669631 -0.676131 -0.307314
vn -0.459612 -0.437612 -0.772821
vn -0.693528 0.000000 -0.720429
vn -0.218003 -0.191803 -0.956915
vn -0.505468 0.000000 -0.862845
vn -0.608209 -0.139002 -0.781512
vn -0.719496 0.000000 -0.694496
vn -0.146899 -0.558794 -0.816192
vn 0.707107 -0.707107 0.000000
vn -0.707107 -0.707107 0.000000
vn -0.669631 -0.676131 -0.307314
vn 0.669631 -0.676131 -0.307314
vn 0.707107 -0.707107 0.000000
vn -0.459612 -0.437612 -0.772821
vn 0.649394 -0.649394 -0.395696
vn 0.459612 -0.437612 -0.772821
vn 0.459612 -0.437612 -0.772821
vn 0.218691 -0.192792 -0.956559
vn 0.343281 -0.343281 -0.874252
vn -0.218003 -0.191803 -0.956915
vn -0.146899 -0.558794 -0.816192
vn 0.147302 -0.558807 -0.816111
vn 0.218691 -0.192792 -0.956559
vn 0.318612 -0.318612 -0.892733
vn 0.645975 -0.138595 -0.750671
vn 0.481726 -0.481726 -0.732039
vn 0.147302 -0.558807 -0.816111
vn 0.750672 -0.660675 0.000000
vn 0.750672 -0.660675 0.000000
vn 0.750672 -0.660675 0.000000
vn 0.750672 -0.660675 0.000000
vn 0.000000 -1.000000 0.000000
vn 0.000000 -1.000000 0.000000
vn 0.000000 -1.000000 0.000000
vn 0.000000 -1.000000 0.000000
vn -0.750672 -0.660675 0.000000
vn -0.750672 -0.660675 0.000000
vn -0.750672 -0.660675 0.000000
vn -0.750672 -0.660675 0.000000
vn -1.000000 0.000000 0.000000
vn -1.000000 0.000000 0.000000
vn -1.000000 0.000000 0.000000
vn -1.000000 0.000000 0.000000
vn -1.000000 0.000000 0.000000
vn -1.000000 0.000000 0.000000
vn 0.551117 -0.215107 -0.806225
vn 0.223103 -0.510207 -0.830611
vn 0.242007 -0.502815 -0.829825
vn 0.558410 -0.198304 -0.805515
vn 0.351094 -0.351194 -0.867984
vn 0.351181 -0.351181 -0.867954
vn -0.242101 -0.502803 -0.829805
vn -0.223092 -0.510281 -0.830568
vn -0.551105 -0.215202 -0.806208
vn -0.558479 -0.198293 -0.805470
vn -0.629063 0.000000 -0.777354
vn -0.629063 0.000000 -0.777354
vn 0.645975 -0.138595 -0.750671
vn 0.147302 -0.558807 -0.816111
vn 0.399408 -0.865217 -0.303106
vn -0.399408 -0.865217 -0.303106
vn -0.146899 -0.558794 -0.816192
vn -0.608209 -0.139002 -0.781512
vn -0.900779 -0.333392 -0.278293
vn -0.719496 0.000000 -0.694496
vn -0.970675 0.000000 -0.240394
vn -0.940132 0.000000 0.340811
vn -0.863108 -0.319503 0.391104
vn -0.801498 0.000000 0.597998
vn -0.719927 -0.279410 0.635323
vn -0.379814 -0.822730 0.422915
vn -0.298994 -0.680287 0.669187
vn 0.298994 -0.680287 0.669187
vn 0.379814 -0.822730 0.422915
vn 0.719881 -0.279393 0.635383
vn 0.863108 -0.319503 0.391104
vn 0.486299 -0.486399 0.725899
vn 0.654878 -0.654878 0.377187
vn 0.900779 -0.333392 -0.278293
vn 0.681434 -0.681434 -0.267013
vn 0.481726 -0.481726 -0.732039
vn 0.603010 -0.215004 -0.768213
vn 0.384615 -0.384615 -0.839132
vn 0.384615 -0.384615 -0.839132
vn 0.595595 -0.232198 -0.768993
vn 0.262012 -0.546325 -0.795537
vn 0.242490 -0.554076 -0.796366
vn -0.242509 -0.554120 -0.796329
vn -0.262105 -0.546311 -0.795516
vn -0.595595 -0.232198 -0.768993
vn -0.603010 -0.215004 -0.768213
vn -0.675738 0.000000 -0.737142
vn -0.675738 0.000000 -0.737142
vn 0.384615 -0.384615 0.839132
vn 0.384615 -0.384615 0.839132
vn 0.603010 -0.215004 0.768213
vn 0.595595 -0.232198 0.768993
vn 0.262012 -0.546325 0.795537
vn 0.242490 -0.554076 0.796366
vn -0.262012 -0.546325 0.795537
vn -0.242509 -0.554120 0.796329
vn -0.595595 -0.232198 0.768993
vn -0.603010 -0.215004 0.768213
vn -0.675793 -0.000000 0.737092
vn -0.675793 0.000000 0.737092
vn -1.000000 0.000000 0.000000
vn -1.000000 0.000000 0.000000
vn -1.000000 0.000000 0.000000
vn -1.000000 0.000000 0.000000
vn -0.000000 -1.000000 0.000000
vn -0.000000 -1.000000 0.000000
vn -0.000000 -1.000000 0.000000
vn -0.000000 -1.000000 0.000000
vn 1.000000 0.000000 0.000000
vn 1.000000 0.000000 0.000000
vn 1.000000 0.000000 0.000000
vn 1.000000 0.000000 0.000000
vn -0.000000 -1.000000 0.000000
vn -0.000000 -1.000000 0.000000
vn -0.000000 -1.000000 0.000000
vn -0.000000 -1.000000 0.000000
vn 0.000000 0.000000 1.000000
vn 0.000000 0.000000 1.000000
vn 0.000000 0.000000 1.000000
vn 0.000000 0.000000 1.000000
vn 0.000000 0.000000 1.000000
vn 0.000000 0.000000 1.000000
vn 0.000000 0.000000 1.000000
vn 0.000000 0.000000 1.000000
vn 0.000000 0.000000 1.000000
vn 0.000000 0.000000 1.000000
vn 0.000000 0.000000 -1.000000
vn 0.000000 0.000000 -1.000000
vn 0.000000 0.000000 -1.000000
vn 0.000000 0.000000 -1.000000
vn 0.000000 0.000000 -1.000000
vn 0.000000 0.000000 -1.000000
vn 0.000000 0.000000 -1.000000
vn 0.000000 0.000000 -1.000000
vn -1.000000 0.000000 0.000000
vn -1.000000 0.000000 0.000000
vn -1.000000 0.000000 0.000000
vn -1.000000 0.000000 0.000000
vn 0.000000 0.000000 -1.000000
vn 0.000000 0.000000 -1.000000
vn 0.000000 0.000000 -1.000000
vn 0.000000 0.000000 -1.000000
vn -0.558479 0.198293 -0.805470
vn -0.629063 0.000000 -0.777354
vn -0.629063 0.000000 -0.777354
vn -0.551105 0.215202 -0.806208
vn -0.428101 0.428101 -0.795902
vn -0.428101 0.428101 -0.795902
vn -0.900779 0.333392 -0.278293
vn -0.970675 0.000000 -0.240394
vn -0.719496 0.000000 -0.694496
vn -0.608209 0.139002 -0.781512
vn -0.365724 0.365724 -0.855857
vn -0.683711 0.683711 -0.255104
vn -0.940132 0.000000 0.340811
vn -0.659509 0.659609 0.360505
vn -0.863108 0.319503 0.391104
vn -0.801498 0.000000 0.597998
vn -0.553828 0.553828 0.621731
vn -0.719927 0.279410 0.635323
vn -0.603010 0.215004 -0.768213
vn -0.595595 0.232198 -0.768993
vn -0.461610 0.461610 -0.757517
vn -0.461610 0.461610 -0.757517
vn -0.675738 0.000000 -0.737142
vn -0.675738 0.000000 -0.737142
vn -0.603010 0.215004 0.768213
vn -0.461610 0.461610 0.757517
vn -0.461610 0.461610 0.757517
vn -0.595595 0.232198 0.768993
vn -0.675793 -0.000000 0.737092
vn -0.675793 0.000000 0.737092
vn -0.966035 0.000000 -0.258409
vn -0.675575 0.675575 -0.295289
vn -0.462384 0.462384 -0.756573
vn -1.000000 0.000000 0.000000
vn -0.707107 0.707107 0.000000
vn -0.693528 0.000000 -0.720429
vn -0.259814 0.259814 -0.930050
vn -0.505468 0.000000 -0.862845
vn -0.719496 0.000000 -0.694496
vn -0.608209 0.139002 -0.781512
vn -0.248391 0.248791 -0.936165
vn -0.365724 0.365724 -0.855857
vn -1.000000 0.000000 0.000000
vn -1.000000 0.000000 0.000000
vn -1.000000 0.000000 0.000000
vn -1.000000 0.000000 0.000000
vn 0.000000 0.000000 -1.000000
vn 0.000000 0.000000 -1.000000
vn 0.000000 0.000000 -1.000000
vn 0.000000 0.000000 -1.000000
vn 1.000000 0.000000 0.000000
vn 1.000000 0.000000 0.000000
vn 1.000000 0.000000 0.000000
vn 1.000000 0.000000 0.000000
vn 1.000000 0.000000 0.000000
vn 1.000000 0.000000 0.000000
vn 1.000000 0.000000 0.000000
vn 1.000000 0.000000 0.000000
vn -0.000000 0.000000 1.000000
vn 0.000000 -0.000000 1.000000
vn 0.000000 0.000000 1.000000
vn -0.707107 0.707107 0.000000
vn -0.750672 0.660675 0.000000
vn -0.750672 0.660675 0.000000
vn -0.707107 0.707107 0.000000
vn -1.000000 0.000000 0.000000
vn -1.000000 0.000000 0.000000
vn -1.000000 0.000000 0.000000
vn -1.000000 0.000000 0.000000
vn 0.000000 0.000000 1.000000
vn 0.000000 0.000000 1.000000
vn 0.000000 0.000000 1.000000
vn 0.000000 0.000000 1.000000
vn 0.000000 0.000000 1.000000
vn 0.000000 0.000000 1.000000
vn 0.000000 0.000000 1.000000
vn 0.000000 -0.000000 1.000000
vn 0.000000 0.000000 1.000000
vn -0.707107 0.707107 0.000000
vn 0.000000 1.000000 0.000000
vn 0.000000 0.966035 -0.258409
vn -0.676131 0.669631 -0.307314
vn -0.437612 0.459612 -0.772821
vn 0.000000 0.693528 -0.720429
vn -0.191803 0.218003 -0.956915
vn 0.000000 0.505394 -0.862889
vn -0.139002 0.608209 -0.781512
vn 0.000000 0.719496 -0.694496
vn -0.558795 0.146899 -0.816192
vn -0.707107 -0.707107 0.000000
vn -0.707107 0.707107 0.000000
vn -0.676131 0.669631 -0.307314
vn -0.676131 -0.669631 -0.307314
vn -0.707107 -0.707107 0.000000
vn -0.437612 0.459612 -0.772821
vn -0.649394 -0.649394 -0.395696
vn -0.437612 -0.459612 -0.772821
vn -0.437612 -0.459612 -0.772821
vn -0.192792 -0.218691 -0.956559
vn -0.343281 -0.343281 -0.874252
vn -0.191803 0.218003 -0.956915
vn -0.558795 0.146899 -0.816192
vn -0.558807 -0.147302 -0.816111
vn -0.192792 -0.218691 -0.956559
vn -0.318612 -0.318612 -0.892733
vn -0.138595 -0.645975 -0.750671
vn -0.481726 -0.481726 -0.732039
vn -0.558807 -0.147302 -0.816111
vn -0.660675 -0.750672 0.000000
vn -0.660675 -0.750672 0.000000
vn -0.660675 -0.750672 0.000000
vn -0.660675 -0.750672 0.000000
vn -1.000000 0.000000 0.000000
vn -1.000000 0.000000 0.000000
vn -1.000000 0.000000 0.000000
vn -1.000000 0.000000 0.000000
vn -0.660675 0.750672 0.000000
vn -0.660675 0.750672 0.000000
vn -0.660675 0.750672 0.000000
vn -0.660675 0.750672 0.000000
vn 0.000000 1.000000 0.000000
vn 0.000000 1.000000 0.000000
vn 0.000000 1.000000 0.000000
vn 0.000000 1.000000 0.000000
vn 0.000000 1.000000 0.000000
vn 0.000000 1.000000 0.000000
vn -0.215202 -0.551105 -0.806208
vn -0.510281 -0.223092 -0.830568
vn -0.502803 -0.242101 -0.829805
vn -0.198304 -0.558410 -0.805515
vn -0.351181 -0.351181 -0.867954
vn -0.351181 -0.351181 -0.867954
vn -0.502803 0.242101 -0.829805
vn -0.510281 0.223092 -0.830568
vn -0.215202 0.551105 -0.806208
vn -0.198304 0.558410 -0.805515
vn 0.000000 0.629063 -0.777354
vn 0.000000 0.629063 -0.777354
vn -0.138595 -0.645975 -0.750671
vn -0.558807 -0.147302 -0.816111
vn -0.865217 -0.399408 -0.303106
vn -0.865217 0.399408 -0.303106
vn -0.558795 0.146899 -0.816192
vn -0.139002 0.608209 -0.781512
vn -0.333392 0.900779 -0.278293
vn 0.000000 0.719496 -0.694496
vn 0.000000 0.970675 -0.240394
vn 0.000000 0.940132 0.340811
vn -0.319503 0.863108 0.391104
vn 0.000000 0.801498 0.597998
vn -0.279410 0.719927 0.635323
vn -0.822730 0.379814 0.422915
vn -0.680287 0.298994 0.669187
vn -0.680287 -0.298994 0.669187
vn -0.822730 -0.379814 0.422915
vn -0.279410 -0.719927 0.635323
vn -0.319503 -0.863108 0.391104
vn -0.486376 -0.486376 0.725863
vn -0.654878 -0.654878 0.377187
vn -0.333392 -0.900779 -0.278293
vn -0.681434 -0.681434 -0.267013
vn -0.481726 -0.481726 -0.732039
vn -0.215004 -0.603010 -0.768213
vn -0.384615 -0.384615 -0.839132
vn -0.384615 -0.384615 -0.839132
vn -0.232198 -0.595595 -0.768993
vn -0.546325 -0.262012 -0.795537
vn -0.554120 -0.242509 -0.796329
vn -0.554120 0.242509 -0.796329
vn -0.546325 0.262012 -0.795537
vn -0.232198 0.595595 -0.768993
vn -0.215004 0.603010 -0.768213
vn 0.000000 0.675738 -0.737142
vn 0.000000 0.675738 -0.737142
vn -0.384615 -0.384615 0.839132
vn -0.384615 -0.384615 0.839132
vn -0.215004 -0.603010 0.768213
vn -0.232198 -0.595595 0.768993
vn -0.546325 -0.262012 0.795537
vn -0.554076 -0.242490 0.796366
vn -0.546325 0.262012 0.795537
vn -0.554076 0.242490 0.796366
vn -0.232198 0.595595 0.768993
vn -0.215004 0.603010 0.768213
vn -0.000000 0.675793 0.737092
vn 0.000000 0.675793 0.737092
vn 0.000000 1.000000 0.000000
vn 0.000000 1.000000 0.000000
vn 0.000000 1.000000 0.000000
vn 0.000000 1.000000 0.000000
vn -1.000000 0.000000 0.000000
vn -1.000000 0.000000 0.000000
vn -1.000000 0.000000 0.000000
vn -1.000000 0.000000 0.000000
vn 0.000000 -1.000000 0.000000
vn 0.000000 -1.000000 0.000000
vn 0.000000 -1.000000 0.000000
vn 0.000000 -1.000000 0.000000
vn -1.000000 0.000000 0.000000
vn -1.000000 0.000000 0.000000
vn -1.000000 0.000000 0.000000
vn -1.000000 0.000000 0.000000
vn 0.000000 0.000000 1.000000
vn 0.000000 0.000000 1.000000
vn 0.000000 0.000000 1.000000
vn 0.000000 0.000000 1.000000
vn 0.000000 0.000000 1.000000
vn 0.000000 0.000000 1.000000
vn 0.000000 0.000000 1.000000
vn 0.000000 0.000000 1.000000
vn 0.000000 0.000000 1.000000
vn 0.000000 0.000000 1.000000
vn 0.000000 0.000000 -1.000000
vn 0.000000 0.000000 -1.000000
vn 0.000000 0.000000 -1.000000
vn 0.000000 0.000000 -1.000000
vn 0.000000 0.000000 -1.000000
vn 0.000000 0.000000 -1.000000
vn 0.000000 0.000000 -1.000000
vn 0.000000 0.000000 -1.000000
vn 0.000000 1.000000 0.000000
vn 0.000000 1.000000 0.000000
vn 0.000000 1.000000 0.000000
vn 0.000000 1.000000 0.000000
vn 0.000000 0.000000 -1.000000
vn 0.000000 0.000000 -1.000000
vn 0.000000 0.000000 -1.000000
vn 0.000000 0.000000 -1.000000
vn 0.198304 0.558410 -0.805515
vn 0.000000 0.629063 -0.777354
vn 0.000000 0.629063 -0.777354
vn 0.215202 0.551105 -0.806208
vn 0.428101 0.428101 -0.795902
vn 0.428101 0.428101 -0.795902
vn 0.333392 0.900779 -0.278293
vn 0.000000 0.970675 -0.240394
vn 0.000000 0.719496 -0.694496
vn 0.139002 0.608209 -0.781512
vn 0.365724 0.365724 -0.855857
vn 0.683694 0.683694 -0.255198
vn 0.000000 0.940132 0.340811
vn 0.659553 0.659553 0.360529
vn 0.319503 0.863108 0.391104
vn 0.000000 0.801498 0.597998
vn 0.553828 0.553828 0.621731
vn 0.279410 0.719927 0.635323
vn 0.215004 0.603010 -0.768213
vn 0.232198 0.595595 -0.768993
vn 0.461610 0.461610 -0.757517
vn 0.461610 0.461610 -0.757517
vn 0.000000 0.675738 -0.737142
vn 0.000000 0.675738 -0.737142
vn 0.215004 0.603010 0.768213
vn 0.461610 0.461610 0.757517
vn 0.461610 0.461610 0.757517
vn 0.232198 0.595595 0.768993
vn -0.000000 0.675793 0.737092
vn 0.000000 0.675793 0.737092
vn 0.000000 0.966035 -0.258409
vn 0.675575 0.675575 -0.295289
vn 0.462384 0.462384 -0.756573
vn 0.000000 1.000000 0.000000
vn 0.707107 0.707107 0.000000
vn 0.000000 0.693528 -0.720429
vn 0.259814 0.259814 -0.930050
vn 0.000000 0.505394 -0.862889
vn 0.000000 0.719496 -0.694496
vn 0.139002 0.608209 -0.781512
vn 0.248608 0.248708 -0.936130
vn 0.365724 0.365724 -0.855857
vn 0.000000 1.000000 0.000000
vn 0.000000 1.000000 0.000000
vn 0.000000 1.000000 0.000000
vn 0.000000 1.000000 0.000000
vn 0.000000 0.000000 -1.000000
vn 0.000000 0.000000 -1.000000
vn 0.000000 0.000000 -1.000000
vn 0.000000 0.000000 -1.000000
vn 0.000000 -1.000000 0.000000
vn 0.000000 -1.000000 0.000000
vn 0.000000 -1.000000 0.000000
vn 0.000000 -1.000000 0.000000
vn 0.000000 -1.000000 0.000000
vn 0.000000 -1.000000 0.000000
vn 0.000000 -1.000000 0.000000
vn 0.000000 -1.000000 0.000000
vn 0.000000 0.000000 1.000000
vn -0.000000 -0.000000 1.000000
vn 0.000000 -0.000000 1.000000
vn 0.707107 0.707107 0.000000
vn 0.660675 0.750672 0.000000
vn 0.660675 0.750672 0.000000
vn 0.707107 0.707107 0.000000
vn 0.000000 1.000000 0.000000
vn 0.000000 1.000000 0.000000
vn 0.000000 1.000000 0.000000
vn 0.000000 1.000000 0.000000
vn 0.000000 0.000000 1.000000
vn 0.000000 0.000000 1.000000
vn 0.000000 0.000000 1.000000
vn 0.000000 0.000000 1.000000
vn 0.000000 0.000000 1.000000
vn 0.000000 0.000000 1.000000
vn 0.000000 0.000000 1.000000
vn -0.000000 0.000000 1.000000
vn 0.000000 0.000000 1.000000
vn 0.966035 0.000000 -0.258409
vn 1.000000 0.000000 0.000000
vn 0.707107 -0.707107 0.000000
vn 0.669631 -0.676131 -0.307314
vn 0.459612 -0.437612 -0.772821
vn 0.693528 0.000000 -0.720429
vn 0.218003 -0.191803 -0.956915
vn 0.505394 0.000000 -0.862889
vn 0.608209 -0.139002 -0.781512
vn 0.719496 0.000000 -0.694496
vn 0.146899 -0.558794 -0.816192
vn 0.669631 -0.676131 -0.307314
vn 0.707107 -0.707107 0.000000
vn -0.707107 -0.707107 0.000000
vn -0.669631 -0.676131 -0.307314
vn -0.707107 -0.707107 0.000000
vn 0.459612 -0.437612 -0.772821
vn -0.649394 -0.649394 -0.395696
vn -0.459612 -0.437612 -0.772821
vn -0.459612 -0.437612 -0.772821
vn -0.218691 -0.192792 -0.956559
vn -0.343281 -0.343281 -0.874252
vn 0.218003 -0.191803 -0.956915
vn 0.146899 -0.558794 -0.816192
vn -0.147302 -0.558807 -0.816111
vn -0.218691 -0.192792 -0.956559
vn -0.318612 -0.318612 -0.892733
vn -0.645975 -0.138595 -0.750671
vn -0.481726 -0.481726 -0.732039
vn -0.147302 -0.558807 -0.816111
vn -0.750672 -0.660675 0.000000
vn -0.750672 -0.660675 0.000000
vn -0.750672 -0.660675 0.000000
vn -0.750672 -0.660675 0.000000
vn 0.000000 -1.000000 0.000000
vn 0.000000 -1.000000 0.000000
vn 0.000000 -1.000000 0.000000
vn 0.000000 -1.000000 0.000000
vn 0.750672 -0.660675 0.000000
vn 0.750672 -0.660675 0.000000
vn 0.750672 -0.660675 0.000000
vn 0.750672 -0.660675 0.000000
vn 1.000000 0.000000 0.000000
vn 1.000000 0.000000 0.000000
vn 1.000000 0.000000 0.000000
vn 1.000000 0.000000 0.000000
vn 1.000000 0.000000 0.000000
vn 1.000000 0.000000 0.000000
vn -0.242101 -0.502803 -0.829805
vn -0.223092 -0.510281 -0.830568
vn -0.551105 -0.215202 -0.806208
vn -0.558410 -0.198304 -0.805515
vn -0.351181 -0.351181 -0.867954
vn -0.351181 -0.351181 -0.867954
vn 0.242101 -0.502803 -0.829805
vn 0.223092 -0.510281 -0.830568
vn 0.551105 -0.215202 -0.806208
vn 0.558479 -0.198293 -0.805470
vn 0.629063 0.000000 -0.777354
vn 0.629063 0.000000 -0.777354
vn -0.399408 -0.865217 -0.303106
vn -0.147302 -0.558807 -0.816111
vn -0.645975 -0.138595 -0.750671
vn 0.399408 -0.865217 -0.303106
vn 0.146899 -0.558794 -0.816192
vn 0.608209 -0.139002 -0.781512
vn 0.900779 -0.333392 -0.278293
vn 0.719496 0.000000 -0.694496
vn 0.970675 0.000000 -0.240394
vn 0.940132 0.000000 0.340811
vn 0.863108 -0.319503 0.391104
vn 0.801498 0.000000 0.597998
vn 0.719927 -0.279410 0.635323
vn 0.379814 -0.822730 0.422915
vn 0.298994 -0.680287 0.669187
vn -0.298994 -0.680287 0.669187
vn -0.379814 -0.822730 0.422915
vn -0.719927 -0.279410 0.635323
vn -0.863108 -0.319503 0.391104
vn -0.486376 -0.486376 0.725863
vn -0.654878 -0.654878 0.377187
vn -0.900779 -0.333392 -0.278293
vn -0.681434 -0.681434 -0.267013
vn -0.481726 -0.481726 -0.732039
vn -0.603010 -0.215004 -0.768213
vn -0.595595 -0.232198 -0.768993
vn -0.384615 -0.384615 -0.839132
vn -0.384615 -0.384615 -0.839132
vn -0.262012 -0.546325 -0.795537
vn -0.242509 -0.554120 -0.796329
vn 0.242509 -0.554120 -0.796329
vn 0.262105 -0.546311 -0.795516
vn 0.595595 -0.232198 -0.768993
vn 0.603010 -0.215004 -0.768213
vn 0.675738 0.000000 -0.737142
vn 0.675738 0.000000 -0.737142
vn -0.603010 -0.215004 0.768213
vn -0.384615 -0.384615 0.839132
vn -0.384615 -0.384615 0.839132
vn -0.595595 -0.232198 0.768993
vn -0.262012 -0.546325 0.795537
vn -0.242509 -0.554120 0.796329
vn 0.262012 -0.546325 0.795537
vn 0.242509 -0.554120 0.796329
vn 0.595595 -0.232198 0.768993
vn 0.603010 -0.215004 0.768213
vn 0.675793 -0.000000 0.737092
vn 0.675793 0.000000 0.737092
vn 1.000000 0.000000 0.000000
vn 1.000000 0.000000 0.000000
vn 1.000000 0.000000 0.000000
vn 1.000000 0.000000 0.000000
vn 0.000000 -1.000000 0.000000
vn 0.000000 -1.000000 0.000000
vn 0.000000 -1.000000 0.000000
vn 0.000000 -1.000000 0.000000
vn -1.000000 0.000000 0.000000
vn -1.000000 0.000000 0.000000
vn -1.000000 0.000000 0.000000
vn -1.000000 0.000000 0.000000
vn 0.000000 -1.000000 0.000000
vn 0.000000 -1.000000 0.000000
vn 0.000000 -1.000000 0.000000
vn 0.000000 -1.000000 0.000000
vn 0.000000 0.000000 1.000000
vn 0.000000 0.000000 1.000000
vn 0.000000 0.000000 1.000000
vn 0.000000 0.000000 1.000000
vn 0.000000 0.000000 1.000000
vn 0.000000 0.000000 1.000000
vn 0.000000 0.000000 1.000000
vn 0.000000 0.000000 1.000000
vn 0.000000 0.000000 1.000000
vn 0.000000 0.000000 1.000000
vn 0.000000 0.000000 -1.000000
vn 0.000000 0.000000 -1.000000
vn 0.000000 0.000000 -1.000000
vn 0.000000 0.000000 -1.000000
vn 0.000000 0.000000 -1.000000
vn 0.000000 0.000000 -1.000000
vn 0.000000 0.000000 -1.000000
vn 0.000000 0.000000 -1.000000
vn 1.000000 0.000000 0.000000
vn 1.000000 0.000000 0.000000
vn 1.000000 0.000000 0.000000
vn 1.000000 0.000000 0.000000
vn 0.000000 0.000000 -1.000000
vn 0.000000 0.000000 -1.000000
vn 0.000000 0.000000 -1.000000
vn 0.000000 0.000000 -1.000000
vn 0.558479 0.198293 -0.805470
vn 0.551105 0.215202 -0.806208
vn 0.629063 0.000000 -0.777354
vn 0.629063 0.000000 -0.777354
vn 0.428101 0.428101 -0.795902
vn 0.428101 0.428101 -0.795902
vn 0.900779 0.333392 -0.278293
vn 0.608209 0.139002 -0.781512
vn 0.719496 0.000000 -0.694496
vn 0.365724 0.365724 -0.855857
vn 0.683694 0.683694 -0.255198
vn 0.970675 0.000000 -0.240394
vn 0.659553 0.659553 0.360529
vn 0.940132 0.000000 0.340811
vn 0.863108 0.319503 0.391104
vn 0.553828 0.553828 0.621731
vn 0.801498 0.000000 0.597998
vn 0.719927 0.279410 0.635323
vn 0.603010 0.215004 -0.768213
vn 0.461610 0.461610 -0.757517
vn 0.461610 0.461610 -0.757517
vn 0.595595 0.232198 -0.768993
vn 0.675738 0.000000 -0.737142
vn 0.675738 0.000000 -0.737142
vn 0.461610 0.461610 0.757517
vn 0.461610 0.461610 0.757517
vn 0.603010 0.215004 0.768213
vn 0.595595 0.232198 0.768993
vn 0.675793 -0.000000 0.737092
vn 0.675793 0.000000 0.737092
vn 0.966035 0.000000 -0.258409
vn 0.693528 0.000000 -0.720429
vn 0.462384 0.462384 -0.756573
vn 0.675575 0.675575 -0.295289
vn 1.000000 0.000000 0.000000
vn 0.707107 0.707107 0.000000
vn 0.259814 0.259814 -0.930050
vn 0.505394 0.000000 -0.862889
vn 0.719496 0.000000 -0.694496
vn 0.608209 0.139002 -0.781512
vn 0.248608 0.248708 -0.936130
vn 0.365724 0.365724 -0.855857
vn 1.000000 0.000000 0.000000
vn 1.000000 0.000000 0.000000
vn 1.000000 0.000000 0.000000
vn 1.000000 0.000000 0.000000
vn 0.000000 0.000000 -1.000000
vn 0.000000 0.000000 -1.000000
vn 0.000000 0.000000 -1.000000
vn 0.000000 0.000000 -1.000000
vn -1.000000 0.000000 0.000000
vn -1.000000 0.000000 0.000000
vn -1.000000 0.000000 0.000000
vn -1.000000 0.000000 0.000000
vn -1.000000 0.000000 0.000000
vn -1.000000 0.000000 0.000000
vn -1.000000 0.000000 0.000000
vn -1.000000 0.000000 0.000000
vn 0.000000 0.000000 1.000000
vn -0.000000 0.000000 1.000000
vn -0.000000 -0.000000 1.000000
vn 0.750672 0.660675 0.000000
vn 0.750672 0.660675 0.000000
vn 0.707107 0.707107 0.000000
vn 0.707107 0.707107 0.000000
vn 1.000000 0.000000 0.000000
vn 1.000000 0.000000 0.000000
vn 1.000000 0.000000 0.000000
vn 1.000000 0.000000 0.000000
vn 0.000000 0.000000 1.000000
vn 0.000000 0.000000 1.000000
vn 0.000000 0.000000 1.000000
vn 0.000000 0.000000 1.000000
vn 0.000000 -0.000000 1.000000
vn 0.000000 -0.000000 1.000000
vn 0.000000 -0.000000 1.000000
vn 0.000000 0.000000 1.000000
vn 0.000000 0.000000 1.000000
vn 0.000000 -0.966035 -0.258409
vn 0.000000 -1.000000 0.000000
vn -0.707107 -0.707107 0.000000
vn -0.676131 -0.669631 -0.307314
vn -0.437612 -0.459612 -0.772821
vn 0.000000 -0.693528 -0.720429
vn -0.191803 -0.218003 -0.956915
vn 0.000000 -0.505394 -0.862889
vn -0.139002 -0.608209 -0.781512
vn 0.000000 -0.719496 -0.694496
vn -0.558795 -0.146899 -0.816192
vn -0.676131 -0.669631 -0.307314
vn -0.707107 -0.707107 0.000000
vn -0.707107 0.707107 0.000000
vn -0.676131 0.669631 -0.307314
vn -0.707107 0.707107 0.000000
vn -0.437612 -0.459612 -0.772821
vn -0.649394 0.649394 -0.395696
vn -0.437612 0.459612 -0.772821
vn -0.437612 0.459612 -0.772821
vn -0.192792 0.218691 -0.956559
vn -0.343281 0.343281 -0.874252
vn -0.191803 -0.218003 -0.956915
vn -0.558795 -0.146899 -0.816192
vn -0.558807 0.147302 -0.816111
vn -0.192792 0.218691 -0.956559
vn -0.318612 0.318612 -0.892733
vn -0.138595 0.645975 -0.750671
vn -0.481726 0.481726 -0.732039
vn -0.558807 0.147302 -0.816111
vn -0.660675 0.750672 0.000000
vn -0.660675 0.750672 0.000000
vn -0.660675 0.750672 0.000000
vn -0.660675 0.750672 0.000000
vn -1.000000 0.000000 0.000000
vn -1.000000 0.000000 0.000000
vn -1.000000 0.000000 0.000000
vn -1.000000 0.000000 0.000000
vn -0.660675 -0.750672 0.000000
vn -0.660675 -0.750672 0.000000
vn -0.660675 -0.750672 0.000000
vn -0.660675 -0.750672 0.000000
vn 0.000000 -1.000000 0.000000
vn 0.000000 -1.000000 0.000000
vn 0.000000 -1.000000 0.000000
vn 0.000000 -1.000000 0.000000
vn 0.000000 -1.000000 0.000000
vn 0.000000 -1.000000 0.000000
vn -0.502803 0.242101 -0.829805
vn -0.510281 0.223092 -0.830568
vn -0.215202 0.551105 -0.806208
vn -0.198304 0.558410 -0.805515
vn -0.351181 0.351181 -0.867954
vn -0.351181 0.351181 -0.867954
vn -0.502803 -0.242101 -0.829805
vn -0.510281 -0.223092 -0.830568
vn -0.215202 -0.551105 -0.806208
vn -0.198304 -0.558410 -0.805515
vn 0.000000 -0.629063 -0.777354
vn 0.000000 -0.629063 -0.777354
vn -0.865217 0.399408 -0.303106
vn -0.558807 0.147302 -0.816111
vn -0.138595 0.645975 -0.750671
vn -0.865217 -0.399408 -0.303106
vn -0.558795 -0.146899 -0.816192
vn -0.139002 -0.608209 -0.781512
vn -0.333392 -0.900779 -0.278293
vn 0.000000 -0.719496 -0.694496
vn 0.000000 -0.970675 -0.240394
vn 0.000000 -0.940132 0.340811
vn -0.319503 -0.863108 0.391104
vn 0.000000 -0.801498 0.597998
vn -0.279410 -0.719927 0.635323
vn -0.822730 -0.379814 0.422915
vn -0.680287 -0.298994 0.669187
vn -0.680287 0.298994 0.669187
vn -0.822730 0.379814 0.422915
vn -0.279410 0.719927 0.635323
vn -0.319503 0.863108 0.391104
vn -0.486376 0.486376 0.725863
vn -0.654878 0.654878 0.377187
vn -0.333392 0.900779 -0.278293
vn -0.681434 0.681434 -0.267013
vn -0.481726 0.481726 -0.732039
vn -0.215004 0.603010 -0.768213
vn -0.232198 0.595595 -0.768993
vn -0.384615 0.384615 -0.839132
vn -0.384615 0.384615 -0.839132
vn -0.546325 0.262012 -0.795537
vn -0.554120 0.242509 -0.796329
vn -0.554120 -0.242509 -0.796329
vn -0.546325 -0.262012 -0.795537
vn -0.232198 -0.595595 -0.768993
vn -0.215004 -0.603010 -0.768213
vn 0.000000 -0.675738 -0.737142
vn 0.000000 -0.675738 -0.737142
vn -0.215004 0.603010 0.768213
vn -0.384615 0.384615 0.839132
vn -0.384615 0.384615 0.839132
vn -0.232198 0.595595 0.768993
vn -0.546325 0.262012 0.795537
vn -0.554076 0.242490 0.796366
vn -0.546325 -0.262012 0.795537
vn -0.554076 -0.242490 0.796366
vn -0.232198 -0.595595 0.768993
vn -0.215004 -0.603010 0.768213
vn -0.000000 -0.675793 0.737092
vn 0.000000 -0.675793 0.737092
vn 0.000000 -1.000000 0.000000
vn 0.000000 -1.000000 0.000000
vn 0.000000 -1.000000 0.000000
vn 0.000000 -1.000000 0.000000
vn -1.000000 0.000000 0.000000
vn -1.000000 0.000000 0.000000
vn -1.000000 0.000000 0.000000
vn -1.000000 0.000000 0.000000
vn 0.000000 1.000000 0.000000
vn 0.000000 1.000000 0.000000
vn 0.000000 1.000000 0.000000
vn 0.000000 1.000000 0.000000
vn -1.000000 0.000000 0.000000
vn -1.000000 0.000000 0.000000
vn -1.000000 0.000000 0.000000
vn -1.000000 0.000000 0.000000
vn 0.000000 0.000000 1.000000
vn 0.000000 0.000000 1.000000
vn 0.000000 0.000000 1.000000
vn 0.000000 0.000000 1.000000
vn 0.000000 0.000000 1.000000
vn 0.000000 0.000000 1.000000
vn 0.000000 0.000000 1.000000
vn 0.000000 0.000000 1.000000
vn 0.000000 0.000000 1.000000
vn 0.000000 0.000000 1.000000
vn 0.000000 0.000000 -1.000000
vn 0.000000 0.000000 -1.000000
vn 0.000000 0.000000 -1.000000
vn 0.000000 0.000000 -1.000000
vn 0.000000 0.000000 -1.000000
vn 0.000000 0.000000 -1.000000
vn 0.000000 0.000000 -1.000000
vn 0.000000 0.000000 -1.000000
vn 0.000000 -1.000000 0.000000
vn 0.000000 -1.000000 0.000000
vn 0.000000 -1.000000 0.000000
vn 0.000000 -1.000000 0.000000
vn 0.000000 0.000000 -1.000000
vn 0.000000 0.000000 -1.000000
vn 0.000000 0.000000 -1.000000
vn 0.000000 0.000000 -1.000000
vn 0.198304 -0.558410 -0.805515
vn 0.215202 -0.551105 -0.806208
vn 0.000000 -0.629063 -0.777354
vn 0.000000 -0.629063 -0.777354
vn 0.428101 -0.428101 -0.795902
vn 0.428101 -0.428101 -0.795902
vn 0.333392 -0.900779 -0.278293
vn 0.139002 -0.608209 -0.781512
vn 0.000000 -0.719496 -0.694496
vn 0.365724 -0.365724 -0.855857
vn 0.683694 -0.683694 -0.255198
vn 0.000000 -0.970675 -0.240394
vn 0.659553 -0.659553 0.360529
vn 0.000000 -0.940132 0.340811
vn 0.319503 -0.863108 0.391104
vn 0.553828 -0.553828 0.621731
vn 0.000000 -0.801498 0.597998
vn 0.279410 -0.719927 0.635323
vn 0.215004 -0.603010 -0.768213
vn 0.461610 -0.461610 -0.757517
vn 0.461610 -0.461610 -0.757517
vn 0.232198 -0.595595 -0.768993
vn 0.000000 -0.675738 -0.737142
vn 0.000000 -0.675738 -0.737142
vn 0.461610 -0.461610 0.757517
vn 0.461610 -0.461610 0.757517
vn 0.215004 -0.603010 0.768213
vn 0.232198 -0.595595 0.768993
vn -0.000000 -0.675793 0.737092
vn 0.000000 -0.675793 0.737092
vn 0.000000 -0.966035 -0.258409
vn 0.000000 -0.693528 -0.720429
vn 0.462384 -0.462384 -0.756573
vn 0.675575 -0.675575 -0.295289
vn 0.000000 -1.000000 0.000000
vn 0.707107 -0.707107 0.000000
vn 0.259814 -0.259814 -0.930050
vn 0.000000 -0.505394 -0.862889
vn 0.000000 -0.719496 -0.694496
vn 0.139002 -0.608209 -0.781512
vn 0.248608 -0.248708 -0.936130
vn 0.365724 -0.365724 -0.855857
vn 0.000000 -1.000000 0.000000
vn 0.000000 -1.000000 0.000000
vn 0.000000 -1.000000 0.000000
vn 0.000000 -1.000000 0.000000
vn 0.000000 0.000000 -1.000000
vn 0.000000 0.000000 -1.000000
vn 0.000000 0.000000 -1.000000
vn 0.000000 0.000000 -1.000000
vn 0.000000 1.000000 0.000000
vn 0.000000 1.000000 0.000000
vn 0.000000 1.000000 0.000000
vn 0.000000 1.000000 0.000000
vn 0.000000 1.000000 0.000000
vn 0.000000 1.000000 0.000000
vn 0.000000 1.000000 0.000000
vn 0.000000 1.000000 0.000000
vn 0.000000 -0.000000 1.000000
vn 0.000000 0.000000 1.000000
vn -0.000000 0.000000 1.000000
vn 0.660675 -0.750672 0.000000
vn 0.660675 -0.750672 0.000000
vn 0.707107 -0.707107 0.000000
vn 0.707107 -0.707107 0.000000
vn 0.000000 -1.000000 0.000000
vn 0.000000 -1.000000 0.000000
vn 0.000000 -1.000000 0.000000
vn 0.000000 -1.000000 0.000000
vn 0.000000 0.000000 1.000000
vn 0.000000 0.000000 1.000000
vn 0.000000 0.000000 1.000000
vn 0.000000 0.000000 1.000000
vn 0.000000 -0.000000 1.000000
vn 0.000000 -0.000000 1.000000
vn 0.000000 -0.000000 1.000000
vn -0.000000 -0.000000 1.000000
vn 0.000000 0.000000 1.000000
vn 0.707107 0.707107 0.000000
vn 1.000000 0.000000 0.000000
vn 0.966035 0.000000 -0.258409
vn 0.669631 0.676131 -0.307314
vn 0.459612 0.437612 -0.772821
vn 0.693528 0.000000 -0.720429
vn 0.218003 0.191803 -0.956915
vn 0.505394 0.000000 -0.862889
vn 0.608209 0.139002 -0.781512
vn 0.719496 0.000000 -0.694496
vn 0.146899 0.558794 -0.816192
vn -0.707107 0.707107 0.000000
vn 0.707107 0.707107 0.000000
vn 0.669631 0.676131 -0.307314
vn -0.669631 0.676131 -0.307314
vn -0.707107 0.707107 0.000000
vn 0.459612 0.437612 -0.772821
vn -0.649394 0.649394 -0.395696
vn -0.459612 0.437612 -0.772821
vn -0.459612 0.437612 -0.772821
vn -0.218691 0.192792 -0.956559
vn -0.343281 0.343281 -0.874252
vn 0.218003 0.191803 -0.956915
vn 0.146899 0.558794 -0.816192
vn -0.147302 0.558807 -0.816111
vn -0.218691 0.192792 -0.956559
vn -0.318612 0.318612 -0.892733
vn -0.645975 0.138595 -0.750671
vn -0.481726 0.481726 -0.732039
vn -0.147302 0.558807 -0.816111
vn -0.750672 0.660675 0.000000
vn -0.750672 0.660675 0.000000
vn -0.750672 0.660675 0.000000
vn -0.750672 0.660675 0.000000
vn 0.000000 1.000000 0.000000
vn 0.000000 1.000000 0.000000
vn 0.000000 1.000000 0.000000
vn 0.000000 1.000000 0.000000
vn 0.750672 0.660675 0.000000
vn 0.750672 0.660675 0.000000
vn 0.750672 0.660675 0.000000
vn 0.750672 0.660675 0.000000
vn 1.000000 0.000000 0.000000
vn 1.000000 0.000000 0.000000
vn 1.000000 0.000000 0.000000
vn 1.000000 0.000000 0.000000
vn 1.000000 0.000000 0.000000
vn 1.000000 0.000000 0.000000
vn -0.551105 0.215202 -0.806208
vn -0.223092 0.510281 -0.830568
vn -0.242101 0.502803 -0.829805
vn -0.558410 0.198304 -0.805515
vn -0.351181 0.351181 -0.867954
vn -0.351181 0.351181 -0.867954
vn 0.242101 0.502803 -0.829805
vn 0.223092 0.510281 -0.830568
vn 0.551105 0.215202 -0.806208
vn 0.558479 0.198293 -0.805470
vn 0.629063 0.000000 -0.777354
vn 0.629063 0.000000 -0.777354
vn -0.645975 0.138595 -0.750671
vn -0.147302 0.558807 -0.816111
vn -0.399408 0.865217 -0.303106
vn 0.399408 0.865217 -0.303106
vn 0.146899 0.558794 -0.816192
vn 0.608209 0.139002 -0.781512
vn 0.900779 0.333392 -0.278293
vn 0.719496 0.000000 -0.694496
vn 0.970675 0.000000 -0.240394
vn 0.940132 0.000000 0.340811
vn 0.863108 0.319503 0.391104
vn 0.801498 0.000000 0.597998
vn 0.719927 0.279410 0.635323
vn 0.379814 0.822730 0.422915
vn 0.298994 0.680287 0.669187
vn -0.298994 0.680287 0.669187
vn -0.379814 0.822730 0.422915
vn -0.719927 0.279410 0.635323
vn -0.863108 0.319503 0.391104
vn -0.486376 0.486376 0.725863
vn -0.654878 0.654878 0.377187
vn -0.900779 0.333392 -0.278293
vn -0.681434 0.681434 -0.267013
vn -0.481726 0.481726 -0.732039
vn -0.603010 0.215004 -0.768213
vn -0.384615 0.384615 -0.839132
vn -0.384615 0.384615 -0.839132
vn -0.595595 0.232198 -0.768993
vn -0.262012 0.546325 -0.795537
vn -0.242509 0.554120 -0.796329
vn 0.242509 0.554120 -0.796329
vn 0.262105 0.546311 -0.795516
vn 0.595595 0.232198 -0.768993
vn 0.603010 0.215004 -0.768213
vn 0.675738 -0.000000 -0.737142
vn 0.675738 0.000000 -0.737142
vn -0.384615 0.384615 0.839132
vn -0.384615 0.384615 0.839132
vn -0.603010 0.215004 0.768213
vn -0.595595 0.232198 0.768993
vn -0.262012 0.546325 0.795537
vn -0.242509 0.554120 0.796329
vn 0.262012 0.546325 0.795537
vn 0.242509 0.554120 0.796329
vn 0.595595 0.232198 0.768993
vn 0.603010 0.215004 0.768213
vn 0.675793 0.000000 0.737092
vn 0.675793 0.000000 0.737092
vn 1.000000 0.000000 0.000000
vn 1.000000 0.000000 0.000000
vn 1.000000 0.000000 0.000000
vn 1.000000 0.000000 0.000000
vn 0.000000 1.000000 0.000000
vn 0.000000 1.000000 0.000000
vn 0.000000 1.000000 0.000000
vn 0.000000 1.000000 0.000000
vn -1.000000 0.000000 0.000000
vn -1.000000 0.000000 0.000000
vn -1.000000 0.000000 0.000000
vn -1.000000 0.000000 0.000000
vn 0.000000 1.000000 0.000000
vn 0.000000 1.000000 0.000000
vn 0.000000 1.000000 0.000000
vn 0.000000 1.000000 0.000000
vn 0.000000 0.000000 1.000000
vn 0.000000 0.000000 1.000000
vn 0.000000 0.000000 1.000000
vn 0.000000 0.000000 1.000000
vn 0.000000 0.000000 1.000000
vn 0.000000 0.000000 1.000000
vn 0.000000 0.000000 1.000000
vn 0.000000 0.000000 1.000000
vn 0.000000 0.000000 1.000000
vn 0.000000 0.000000 1.000000
vn 0.000000 0.000000 -1.000000
vn 0.000000 0.000000 -1.000000
vn 0.000000 0.000000 -1.000000
vn 0.000000 0.000000 -1.000000
vn 0.000000 0.000000 -1.000000
vn 0.000000 0.000000 -1.000000
vn 0.000000 0.000000 -1.000000
vn 0.000000 0.000000 -1.000000
vn 1.000000 0.000000 0.000000
vn 1.000000 0.000000 0.000000
vn 1.000000 0.000000 0.000000
vn 1.000000 0.000000 0.000000
vn 0.000000 0.000000 -1.000000
vn 0.000000 0.000000 -1.000000
vn 0.000000 0.000000 -1.000000
vn 0.000000 0.000000 -1.000000
vn 0.558479 -0.198293 -0.805470
vn 0.629063 0.000000 -0.777354
vn 0.629063 0.000000 -0.777354
vn 0.551105 -0.215202 -0.806208
vn 0.428101 -0.428101 -0.795902
vn 0.428101 -0.428101 -0.795902
vn 0.900779 -0.333392 -0.278293
vn 0.970675 0.000000 -0.240394
vn 0.719496 0.000000 -0.694496
vn 0.608209 -0.139002 -0.781512
vn 0.365724 -0.365724 -0.855857
vn 0.683694 -0.683694 -0.255198
vn 0.940132 0.000000 0.340811
vn 0.659553 -0.659553 0.360529
vn 0.863108 -0.319503 0.391104
vn 0.801498 0.000000 0.597998
vn 0.553828 -0.553828 0.621731
vn 0.719927 -0.279410 0.635323
vn 0.603010 -0.215004 -0.768213
vn 0.595595 -0.232198 -0.768993
vn 0.461610 -0.461610 -0.757517
vn 0.461610 -0.461610 -0.757517
vn 0.675738 -0.000000 -0.737142
vn 0.675738 0.000000 -0.737142
vn 0.603010 -0.215004 0.768213
vn 0.461610 -0.461610 0.757517
vn 0.461610 -0.461610 0.757517
vn 0.595595 -0.232198 0.768993
vn 0.675793 0.000000 0.737092
vn 0.675793 0.000000 0.737092
vn 0.966035 0.000000 -0.258409
vn 0.675575 -0.675575 -0.295289
vn 0.462384 -0.462384 -0.756573
vn 1.000000 0.000000 0.000000
vn 0.707107 -0.707107 0.000000
vn 0.693528 0.000000 -0.720429
vn 0.259814 -0.259814 -0.930050
vn 0.505394 0.000000 -0.862889
vn 0.719496 0.000000 -0.694496
vn 0.608209 -0.139002 -0.781512
vn 0.248608 -0.248708 -0.936130
vn 0.365724 -0.365724 -0.855857
vn 1.000000 0.000000 0.000000
vn 1.000000 0.000000 0.000000
vn 1.000000 0.000000 0.000000
vn 1.000000 0.000000 0.000000
vn 0.000000 0.000000 -1.000000
vn 0.000000 0.000000 -1.000000
vn 0.000000 0.000000 -1.000000
vn 0.000000 0.000000 -1.000000
vn -1.000000 0.000000 0.000000
vn -1.000000 0.000000 0.000000
vn -1.000000 0.000000 0.000000
vn -1.000000 0.000000 0.000000
vn -1.000000 0.000000 0.000000
vn -1.000000 0.000000 0.000000
vn -1.000000 0.000000 0.000000
vn -1.000000 0.000000 0.000000
vn 0.000000 -0.000000 1.000000
vn -0.000000 0.000000 1.000000
vn -0.000000 -0.000000 1.000000
vn 0.707107 -0.707107 0.000000
vn 0.750672 -0.660675 0.000000
vn 0.750672 -0.660675 0.000000
vn 0.707107 -0.707107 0.000000
vn 1.000000 0.000000 0.000000
vn 1.000000 0.000000 0.000000
vn 1.000000 0.000000 0.000000
vn 1.000000 0.000000 0.000000
vn 0.000000 0.000000 1.000000
vn 0.000000 0.000000 1.000000
vn 0.000000 0.000000 1.000000
vn 0.000000 0.000000 1.000000
f 1/1/1 2/2/2 3/3/3
f 1/1/1 3/3/3 4/4/4
f 5/5/5 1/1/1 4/4/4
f 6/6/6 7/7/7 8/8/8
f 6/6/6 8/8/8 9/9/9
f 8/8/8 10/10/10 9/9/9
f 8/8/8 11/11/11 10/10/10
f 11/11/11 12/12/12 10/10/10
f 11/11/11 13/13/13 12/12/12
f 13/13/13 14/14/14 12/12/12
f 13/13/13 15/15/15 14/14/14
f 12/12/12 14/14/14 16/16/16
f 17/17/17 18/18/18 19/19/19
f 17/17/17 19/19/19 20/20/20
f 21/21/21 17/17/17 20/20/20
f 22/22/22 20/20/20 19/19/19
f 21/21/21 20/20/20 23/23/23
f 22/22/22 24/24/24 20/20/20
f 25/25/25 23/23/23 20/20/20
f 22/22/22 26/26/26 24/24/24
f 25/25/25 27/27/27 23/23/23
f 22/22/22 28/28/28 26/26/26
f 29/29/29 26/26/26 28/28/28
f 29/29/29 30/30/30 26/26/26
f 27/27/27 25/25/25 31/31/31
f 27/27/27 31/31/31 32/32/32
f 33/33/33 32/32/32 31/31/31
f 33/33/33 34/34/34 32/32/32
f 31/31/31 35/35/35 33/33/33
f 36/36/36 37/37/37 38/38/38
f 36/36/36 38/38/38 39/39/39
f 40/40/40 41/41/41 42/42/42
f 40/40/40 42/42/42 43/43/43
f 44/44/44 45/45/45 46/46/46
f 44/44/44 46/46/46 47/47/47
f 48/48/48 49/49/49 50/50/50
f 48/48/48 50/50/50 51/51/51
f 50/50/50 49/49/49 52/52/52
f 50/50/50 52/52/52 53/53/53
f 54/54/54 55/55/55 56/56/56
f 54/54/54 56/56/56 57/57/57
f 58/58/58 54/54/54 57/57/57
f 58/58/58 57/57/57 59/59/59
f 55/55/55 60/60/60 56/56/56
f 55/55/55 61/61/61 60/60/60
f 60/60/60 61/61/61 62/62/62
f 60/60/60 62/62/62 63/63/63
f 63/63/63 62/62/62 64/64/64
f 63/63/63 64/64/64 65/65/65
f 66/66/66 67/67/67 68/68/68
f 67/67/67 69/69/69 68/68/68
f 67/67/67 70/70/70 69/69/69
f 69/69/69 70/70/70 71/71/71
f 69/69/69 71/71/71 72/72/72
f 72/72/72 71/71/71 73/73/73
f 72/72/72 73/73/73 74/74/74
f 75/75/75 72/72/72 74/74/74
f 75/75/75 76/76/76 72/72/72
f 77/77/77 76/76/76 75/75/75
f 77/77/77 78/78/78 76/76/76
f 79/79/79 72/72/72 76/76/76
f 78/78/78 79/79/79 76/76/76
f 79/79/79 69/69/69 72/72/72
f 78/78/78 80/80/80 79/79/79
f 81/81/81 79/79/79 80/80/80
f 82/82/82 69/69/69 79/79/79
f 81/81/81 82/82/82 79/79/79
f 82/82/82 68/68/68 69/69/69
f 83/83/83 82/82/82 81/81/81
f 83/83/83 84/84/84 82/82/82
f 84/84/84 68/68/68 82/82/82
f 85/85/85 84/84/84 83/83/83
f 85/85/85 86/86/86 84/84/84
f 84/84/84 87/87/87 68/68/68
f 86/86/86 87/87/87 84/84/84
f 66/66/66 68/68/68 87/87/87
f 86/86/86 88/88/88 87/87/87
f 89/89/89 66/66/66 87/87/87
f 89/89/89 87/87/87 88/88/88
f 90/90/90 91/91/91 92/92/92
f 90/90/90 92/92/92 93/93/93
f 94/94/94 90/90/90 93/93/93
f 94/94/94 93/93/93 95/95/95
f 94/94/94 95/95/95 96/96/96
f 94/94/94 96/96/96 97/97/97
f 97/97/97 96/96/96 98/98/98
f 97/97/97 98/98/98 99/99/99
f 100/100/100 99/99/99 98/98/98
f 100/100/100 101/101/101 99/99/99
f 102/102/102 103/103/103 104/104/104
f 102/102/102 104/104/104 105/105/105
f 105/105/105 104/104/104 106/106/106
f 105/105/105 106/106/106 107/107/107
f 107/107/107 106/106/106 108/108/108
f 107/107/107 108/108/108 109/109/109
f 110/110/110 109/109/109 108/108/108
f 110/110/110 108/108/108 111/111/111
f 112/112/112 110/110/110 111/111/111
f 112/112/112 111/111/111 113/113/113
f 114/114/114 115/115/115 116/116/116
f 114/114/114 116/116/116 117/117/117
f 118/118/118 119/119/119 120/120/120
f 118/118/118 120/120/120 121/121/121
f 122/122/122 123/123/123 124/124/124
f 122/122/122 124/124/124 125/125/125
f 126/126/126 127/127/127 128/128/128
f 126/126/126 128/128/128 129/129/129
f 130/130/130 131/131/131 132/132/132
f 130/130/130 132/132/132 133/133/133
f 134/134/134 135/135/135 136/136/136
f 134/134/134 136/136/136 137/137/137
f 138/138/138 134/134/134 137/137/137
f 138/138/138 139/139/139 134/134/134
f 140/140/140 141/141/141 142/142/142
f 140/140/140 142/142/142 143/143/143
f 144/144/144 145/145/145 146/146/146
f 144/144/144 146/146/146 147/147/147
f 148/148/148 149/149/149 150/150/150
f 148/148/148 150/150/150 151/151/151
f 152/152/152 153/153/153 154/154/154
f 152/152/152 154/154/154 155/155/155
f 156/156/156 157/157/157 158/158/158
f 156/156/156 158/158/158 159/159/159
f 160/160/160 156/156/156 159/159/159
f 160/160/160 161/161/161 156/156/156
f 162/162/162 163/163/163 164/164/164
f 162/162/162 164/164/164 165/165/165
f 166/166/166 162/162/162 165/165/165
f 166/166/166 167/167/167 162/162/162
f 162/162/162 168/168/168 163/163/163
f 162/162/162 167/167/167 169/169/169
f 162/162/162 170/170/170 168/168/168
f 162/162/162 169/169/169 170/170/170
f 170/170/170 171/171/171 168/168/168
f 170/170/170 169/169/169 172/172/172
f 170/170/170 173/173/173 171/171/171
f 170/170/170 172/172/172 173/173/173
f 174/174/174 175/175/175 176/176/176
f 174/174/174 176/176/176 177/177/177
f 178/178/178 175/175/175 174/174/174
f 178/178/178 174/174/174 179/179/179
f 180/180/180 181/181/181 182/182/182
f 180/180/180 182/182/182 183/183/183
f 180/180/180 183/183/183 184/184/184
f 180/180/180 184/184/184 185/185/185
f 186/186/186 187/187/187 188/188/188
f 187/187/187 186/186/186 189/189/189
f 187/187/187 189/189/189 190/190/190
f 186/186/186 188/188/188 191/191/191
f 192/192/192 191/191/191 188/188/188
f 192/192/192 193/193/193 191/191/191
f 193/193/193 192/192/192 194/194/194
f 192/192/192 195/195/195 194/194/194
f 192/192/192 196/196/196 195/195/195
f 196/196/196 197/197/197 195/195/195
f 198/198/198 199/199/199 200/200/200
f 198/198/198 200/200/200 201/201/201
f 202/202/202 203/203/203 204/204/204
f 202/202/202 204/204/204 205/205/205
f 206/206/206 207/207/207 208/208/208
f 206/206/206 208/208/208 209/209/209
f 210/210/210 211/211/211 212/212/212
f 210/210/210 212/212/212 213/213/213
f 214/214/214 215/215/215 216/216/216
f 217/217/217 218/218/218 219/219/219
f 217/217/217 219/219/219 220/220/220
f 221/221/221 222/222/222 223/223/223
f 221/221/221 223/223/223 224/224/224
f 225/225/225 226/226/226 227/227/227
f 225/225/225 227/227/227 228/228/228
f 229/229/229 230/230/230 231/231/231
f 229/229/229 231/231/231 232/232/232
f 233/233/233 232/232/232 231/231/231
f 234/234/234 235/235/235 236/236/236
f 234/234/234 236/236/236 237/237/237
f 234/234/234 237/237/237 238/238/238
f 234/234/234 238/238/238 239/239/239
f 240/240/240 239/239/239 238/238/238
f 240/240/240 241/241/241 239/239/239
f 241/241/241 240/240/240 242/242/242
f 241/241/241 242/242/242 243/243/243
f 240/240/240 244/244/244 242/242/242
f 245/245/245 246/246/246 247/247/247
f 245/245/245 247/247/247 248/248/248
f 248/248/248 247/247/247 249/249/249
f 248/248/248 250/250/250 245/245/245
f 248/248/248 249/249/249 251/251/251
f 248/248/248 252/252/252 250/250/250
f 251/251/251 253/253/253 248/248/248
f 254/254/254 250/250/250 252/252/252
f 251/251/251 255/255/255 253/253/253
f 254/254/254 256/256/256 250/250/250
f 254/254/254 257/257/257 256/256/256
f 254/254/254 258/258/258 257/257/257
f 259/259/259 253/253/253 255/255/255
f 259/259/259 255/255/255 260/260/260
f 260/260/260 261/261/261 259/259/259
f 260/260/260 262/262/262 261/261/261
f 259/259/259 261/261/261 263/263/263
f 264/264/264 265/265/265 266/266/266
f 264/264/264 266/266/266 267/267/267
f 268/268/268 269/269/269 270/270/270
f 268/268/268 270/270/270 271/271/271
f 272/272/272 273/273/273 274/274/274
f 272/272/272 274/274/274 275/275/275
f 276/276/276 277/277/277 278/278/278
f 276/276/276 278/278/278 279/279/279
f 280/280/280 277/277/277 276/276/276
f 280/280/280 276/276/276 281/281/281
f 282/282/282 283/283/283 284/284/284
f 282/282/282 284/284/284 285/285/285
f 285/285/285 284/284/284 286/286/286
f 285/285/285 286/286/286 287/287/287
f 288/288/288 283/283/283 282/282/282
f 288/288/288 289/289/289 283/283/283
f 288/288/288 290/290/290 289/289/289
f 288/288/288 291/291/291 290/290/290
f 291/291/291 292/292/292 290/290/290
f 291/291/291 293/293/293 292/292/292
f 294/294/294 295/295/295 296/296/296
f 297/297/297 295/295/295 294/294/294
f 297/297/297 298/298/298 295/295/295
f 297/297/297 299/299/299 298/298/298
f 297/297/297 300/300/300 299/299/299
f 300/300/300 301/301/301 299/299/299
f 300/300/300 302/302/302 301/301/301
f 300/300/300 303/303/303 302/302/302
f 300/300/300 304/304/304 303/303/303
f 304/304/304 305/305/305 303/303/303
f 304/304/304 306/306/306 305/305/305
f 300/300/300 307/307/307 304/304/304
f 306/306/306 304/304/304 307/307/307
f 300/300/300 297/297/297 307/307/307
f 306/306/306 307/307/307 308/308/308
f 307/307/307 309/309/309 308/308/308
f 297/297/297 310/310/310 307/307/307
f 307/307/307 310/310/310 309/309/309
f 297/297/297 294/294/294 310/310/310
f 310/310/310 311/311/311 309/309/309
f 310/310/310 312/312/312 311/311/311
f 294/294/294 312/312/312 310/310/310
f 312/312/312 313/313/313 311/311/311
f 312/312/312 314/314/314 313/313/313
f 294/294/294 315/315/315 312/312/312
f 315/315/315 314/314/314 312/312/312
f 294/294/294 296/296/296 315/315/315
f 315/315/315 316/316/316 314/314/314
f 315/315/315 296/296/296 317/317/317
f 315/315/315 317/317/317 316/316/316
f 318/318/318 319/319/319 320/320/320
f 318/318/318 320/320/320 321/321/321
f 322/322/322 319/319/319 318/318/318
f 322/322/322 323/323/323 319/319/319
f 324/324/324 323/323/323 322/322/322
f 324/324/324 322/322/322 325/325/325
f 326/326/326 324/324/324 325/325/325
f 326/326/326 325/325/325 327/327/327
f 328/328/328 326/326/326 327/327/327
f 328/328/328 327/327/327 329/329/329
f 330/330/330 331/331/331 332/332/332
f 330/330/330 332/332/332 333/333/333
f 334/334/334 330/330/330 333/333/333
f 334/334/334 333/333/333 335/335/335
f 336/336/336 334/334/334 335/335/335
f 336/336/336 335/335/335 337/337/337
f 338/338/338 336/336/336 337/337/337
f 338/338/338 339/339/339 336/336/336
f 339/339/339 338/338/338 340/340/340
f 339/339/339 340/340/340 341/341/341
f 342/342/342 343/343/343 344/344/344
f 342/342/342 344/344/344 345/345/345
f 346/346/346 347/347/347 348/348/348
f 346/346/346 348/348/348 349/349/349
f 350/350/350 351/351/351 352/352/352
f 350/350/350 352/352/352 353/353/353
f 354/354/354 355/355/355 356/356/356
f 354/354/354 356/356/356 357/357/357
f 358/358/358 359/359/359 360/360/360
f 358/358/358 360/360/360 361/361/361
f 362/362/362 363/363/363 364/364/364
f 362/362/362 364/364/364 365/365/365
f 366/366/366 365/365/365 364/364/364
f 366/366/366 364/364/364 367/367/367
f 368/368/368 369/369/369 370/370/370
f 368/368/368 370/370/370 371/371/371
f 372/372/372 373/373/373 374/374/374
f 372/372/372 374/374/374 375/375/375
f 376/376/376 377/377/377 378/378/378
f 376/376/376 378/378/378 379/379/379
f 380/380/380 381/381/381 382/382/382
f 380/380/380 382/382/382 383/383/383
f 384/384/384 385/385/385 386/386/386
f 384/384/384 386/386/386 387/387/387
f 388/388/388 385/385/385 384/384/384
f 388/388/388 384/384/384 389/389/389
f 390/390/390 391/391/391 392/392/392
f 393/393/393 391/391/391 390/390/390
f 393/393/393 390/390/390 394/394/394
f 390/390/390 392/392/392 395/395/395
f 396/396/396 394/394/394 390/390/390
f 397/397/397 390/390/390 395/395/395
f 396/396/396 390/390/390 398/398/398
f 397/397/397 398/398/398 390/390/390
f 399/399/399 396/396/396 398/398/398
f 400/400/400 398/398/398 397/397/397
f 399/399/399 398/398/398 401/401/401
f 400/400/400 401/401/401 398/398/398
f 402/402/402 403/403/403 404/404/404
f 402/402/402 404/404/404 405/405/405
f 406/406/406 402/402/402 405/405/405
f 406/406/406 407/407/407 402/402/402
f 408/408/408 409/409/409 410/410/410
f 408/408/408 410/410/410 411/411/411
f 412/412/412 411/411/411 410/410/410
f 412/412/412 410/410/410 413/413/413
f 414/414/414 415/415/415 416/416/416
f 414/414/414 416/416/416 417/417/417
f 418/418/418 414/414/414 417/417/417
f 418/418/418 417/417/417 419/419/419
f 415/415/415 420/420/420 416/416/416
f 415/415/415 421/421/421 420/420/420
f 421/421/421 422/422/422 420/420/420
f 423/423/423 420/420/420 422/422/422
f 423/423/423 424/424/424 420/420/420
f 424/424/424 423/423/423 425/425/425
f 426/426/426 427/427/427 428/428/428
f 426/426/426 428/428/428 429/429/429
f 430/430/430 431/431/431 432/432/432
f 430/430/430 432/432/432 433/433/433
f 434/434/434 435/435/435 436/436/436
f 434/434/434 436/436/436 437/437/437
f 438/438/438 439/439/439 440/440/440
f 438/438/438 440/440/440 441/441/441
f 442/442/442 443/443/443 444/444/444
f 445/445/445 446/446/446 447/447/447
f 445/445/445 447/447/447 448/448/448
f 449/449/449 450/450/450 451/451/451
f 449/449/449 451/451/451 452/452/452
f 453/453/453 454/454/454 455/455/455
f 453/453/453 455/455/455 456/456/456
f 457/457/457 458/458/458 459/459/459
f 457/457/457 459/459/459 460/460/460
f 461/461/461 460/460/460 459/459/459
f 462/462/462 463/463/463 464/464/464
f 462/462/462 464/464/464 465/465/465
f 462/462/462 465/465/465 466/466/466
f 462/462/462 466/466/466 467/467/467
f 468/468/468 467/467/467 466/466/466
f 468/468/468 469/469/469 467/467/467
f 469/469/469 468/468/468 470/470/470
f 469/469/469 470/470/470 471/471/471
f 468/468/468 472/472/472 470/470/470
f 473/473/473 474/474/474 475/475/475
f 473/473/473 475/475/475 476/476/476
f 476/476/476 475/475/475 477/477/477
f 476/476/476 478/478/478 473/473/473
f 476/476/476 477/477/477 479/479/479
f 476/476/476 480/480/480 478/478/478
f 479/479/479 481/481/481 476/476/476
f 482/482/482 478/478/478 480/480/480
f 479/479/479 483/483/483 481/481/481
f 482/482/482 484/484/484 478/478/478
f 482/482/482 485/485/485 484/484/484
f 482/482/482 486/486/486 485/485/485
f 487/487/487 481/481/481 483/483/483
f 487/487/487 483/483/483 488/488/488
f 488/488/488 489/489/489 487/487/487
f 488/488/488 490/490/490 489/489/489
f 487/487/487 489/489/489 491/491/491
f 492/492/492 493/493/493 494/494/494
f 492/492/492 494/494/494 495/495/495
f 496/496/496 497/497/497 498/498/498
f 496/496/496 498/498/498 499/499/499
f 500/500/500 501/501/501 502/502/502
f 500/500/500 502/502/502 503/503/503
f 504/504/504 505/505/505 506/506/506
f 504/504/504 506/506/506 507/507/507
f 508/508/508 505/505/505 504/504/504
f 508/508/508 504/504/504 509/509/509
f 510/510/510 511/511/511 512/512/512
f 510/510/510 512/512/512 513/513/513
f 513/513/513 512/512/512 514/514/514
f 513/513/513 514/514/514 515/515/515
f 516/516/516 511/511/511 510/510/510
f 516/516/516 517/517/517 511/511/511
f 516/516/516 518/518/518 517/517/517
f 516/516/516 519/519/519 518/518/518
f 519/519/519 520/520/520 518/518/518
f 519/519/519 521/521/521 520/520/520
f 522/522/522 523/523/523 524/524/524
f 525/525/525 523/523/523 522/522/522
f 525/525/525 526/526/526 523/523/523
f 525/525/525 527/527/527 526/526/526
f 525/525/525 528/528/528 527/527/527
f 528/528/528 529/529/529 527/527/527
f 528/528/528 530/530/530 529/529/529
f 528/528/528 531/531/531 530/530/530
f 528/528/528 532/532/532 531/531/531
f 532/532/532 533/533/533 531/531/531
f 532/532/532 534/534/534 533/533/533
f 528/528/528 535/535/535 532/532/532
f 534/534/534 532/532/532 535/535/535
f 528/528/528 525/525/525 535/535/535
f 534/534/534 535/535/535 536/536/536
f 535/535/535 537/537/537 536/536/536
f 525/525/525 538/538/538 535/535/535
f 535/535/535 538/538/538 537/537/537
f 525/525/525 522/522/522 538/538/538
f 538/538/538 539/539/539 537/537/537
f 538/538/538 540/540/540 539/539/539
f 522/522/522 540/540/540 538/538/538
f 540/540/540 541/541/541 539/539/539
f 540/540/540 542/542/542 541/541/541
f 522/522/522 543/543/543 540/540/540
f 543/543/543 542/542/542 540/540/540
f 522/522/522 524/524/524 543/543/543
f 543/543/543 544/544/544 542/542/542
f 543/543/543 524/524/524 545/545/545
f 543/543/543 545/545/545 544/544/544
f 546/546/546 547/547/547 548/548/548
f 546/546/546 548/548/548 549/549/549
f 550/550/550 547/547/547 546/546/546
f 550/550/550 551/551/551 547/547/547
f 552/552/552 551/551/551 550/550/550
f 552/552/552 550/550/550 553/553/553
f 554/554/554 552/552/552 553/553/553
f 554/554/554 553/553/553 555/555/555
f 556/556/556 554/554/554 555/555/555
f 556/556/556 555/555/555 557/557/557
f 558/558/558 559/559/559 560/560/560
f 558/558/558 560/560/560 561/561/561
f 562/562/562 558/558/558 561/561/561
f 562/562/562 561/561/561 563/563/563
f 564/564/564 562/562/562 563/563/563
f 564/564/564 563/563/563 565/565/565
f 566/566/566 564/564/564 565/565/565
f 566/566/566 567/567/567 564/564/564
f 567/567/567 566/566/566 568/568/568
f 567/567/567 568/568/568 569/569/569
f 570/570/570 571/571/571 572/572/572
f 570/570/570 572/572/572 573/573/573
f 574/574/574 575/575/575 576/576/576
f 574/574/574 576/576/576 577/577/577
f 578/578/578 579/579/579 580/580/580
f 578/578/578 580/580/580 581/581/581
f 582/582/582 583/583/583 584/584/584
f 582/582/582 584/584/584 585/585/585
f 586/586/586 587/587/587 588/588/588
f 586/586/586 588/588/588 589/589/589
f 590/590/590 591/591/591 592/592/592
f 590/590/590 592/592/592 593/593/593
f 594/594/594 593/593/593 592/592/592
f 594/594/594 592/592/592 595/595/595
f 596/596/596 597/597/597 598/598/598
f 596/596/596 598/598/598 599/599/599
f 600/600/600 601/601/601 602/602/602
f 600/600/600 602/602/602 603/603/603
f 604/604/604 605/605/605 606/606/606
f 604/604/604 606/606/606 607/607/607
f 608/608/608 609/609/609 610/610/610
f 608/608/608 610/610/610 611/611/611
f 612/612/612 613/613/613 614/614/614
f 612/612/612 614/614/614 615/615/615
f 616/616/616 613/613/613 612/612/612
f 616/616/616 612/612/612 617/617/617
f 618/618/618 619/619/619 620/620/620
f 621/621/621 619/619/619 618/618/618
f 621/621/621 618/618/618 622/622/622
f 618/618/618 620/620/620 623/623/623
f 624/624/624 622/622/622 618/618/618
f 625/625/625 618/618/618 623/623/623
f 624/624/624 618/618/618 626/626/626
f 625/625/625 626/626/626 618/618/618
f 627/627/627 624/624/624 626/626/626
f 628/628/628 626/626/626 625/625/625
f 627/627/627 626/626/626 629/629/629
f 628/628/628 629/629/629 626/626/626
f 630/630/630 631/631/631 632/632/632
f 630/630/630 632/632/632 633/633/633
f 634/634/634 630/630/630 633/633/633
f 634/634/634 635/635/635 630/630/630
f 636/636/636 637/637/637 638/638/638
f 636/636/636 638/638/638 639/639/639
f 640/640/640 639/639/639 638/638/638
f 640/640/640 638/638/638 641/641/641
f 642/642/642 643/643/643 644/644/644
f 642/642/642 644/644/644 645/645/645
f 646/646/646 642/642/642 645/645/645
f 646/646/646 645/645/645 647/647/647
f 643/643/643 648/648/648 644/644/644
f 643/643/643 649/649/649 648/648/648
f 649/649/649 650/650/650 648/648/648
f 651/651/651 648/648/648 650/650/650
f 651/651/651 652/652/652 648/648/648
f 652/652/652 651/651/651 653/653/653
f 654/654/654 655/655/655 656/656/656
f 654/654/654 656/656/656 657/657/657
f 658/658/658 659/659/659 660/660/660
f 658/658/658 660/660/660 661/661/661
f 662/662/662 663/663/663 664/664/664
f 662/662/662 664/664/664 665/665/665
f 666/666/666 667/667/667 668/668/668
f 666/666/666 668/668/668 669/669/669
f 670/670/670 671/671/671 672/672/672
f 673/673/673 674/674/674 675/675/675
f 673/673/673 675/675/675 676/676/676
f 677/677/677 678/678/678 679/679/679
f 677/677/677 679/679/679 680/680/680
f 681/681/681 682/682/682 683/683/683
f 681/681/681 683/683/683 684/684/684
f 685/685/685 686/686/686 687/687/687
f 685/685/685 687/687/687 688/688/688
f 689/689/689 685/685/685 688/688/688
f 690/690/690 691/691/691 692/692/692
f 690/690/690 692/692/692 693/693/693
f 692/692/692 694/694/694 693/693/693
f 692/692/692 695/695/695 694/694/694
f 695/695/695 696/696/696 694/694/694
f 695/695/695 697/697/697 696/696/696
f 697/697/697 698/698/698 696/696/696
f 697/697/697 699/699/699 698/698/698
f 696/696/696 698/698/698 700/700/700
f 701/701/701 702/702/702 703/703/703
f 701/701/701 703/703/703 704/704/704
f 705/705/705 701/701/701 704/704/704
f 706/706/706 704/704/704 703/703/703
f 705/705/705 704/704/704 707/707/707
f 706/706/706 708/708/708 704/704/704
f 709/709/709 707/707/707 704/704/704
f 706/706/706 710/710/710 708/708/708
f 709/709/709 711/711/711 707/707/707
f 706/706/706 712/712/712 710/710/710
f 713/713/713 710/710/710 712/712/712
f 713/713/713 714/714/714 710/710/710
f 711/711/711 709/709/709 715/715/715
f 711/711/711 715/715/715 716/716/716
f 717/717/717 716/716/716 715/715/715
f 717/717/717 718/718/718 716/716/716
f 715/715/715 719/719/719 717/717/717
f 720/720/720 721/721/721 722/722/722
f 720/720/720 722/722/722 723/723/723
f 724/724/724 725/725/725 726/726/726
f 724/724/724 726/726/726 727/727/727
f 728/728/728 729/729/729 730/730/730
f 728/728/728 730/730/730 731/731/731
f 732/732/732 733/733/733 734/734/734
f 732/732/732 734/734/734 735/735/735
f 734/734/734 733/733/733 736/736/736
f 734/734/734 736/736/736 737/737/737
f 738/738/738 739/739/739 740/740/740
f 738/738/738 740/740/740 741/741/741
f 742/742/742 738/738/738 741/741/741
f 742/742/742 741/741/741 743/743/743
f 739/739/739 744/744/744 740/740/740
f 739/739/739 745/745/745 744/744/744
f 744/744/744 745/745/745 746/746/746
f 744/744/744 746/746/746 747/747/747
f 747/747/747 746/746/746 748/748/748
f 747/747/747 748/748/748 749/749/749
f 750/750/750 751/751/751 752/752/752
f 751/751/751 753/753/753 752/752/752
f 751/751/751 754/754/754 753/753/753
f 753/753/753 754/754/754 755/755/755
f 753/753/753 755/755/755 756/756/756
f 756/756/756 755/755/755 757/757/757
f 756/756/756 757/757/757 758/758/758
f 759/759/759 756/756/756 758/758/758
f 759/759/759 760/760/760 756/756/756
f 761/761/761 760/760/760 759/759/759
f 761/761/761 762/762/762 760/760/760
f 763/763/763 756/756/756 760/760/760
f 762/762/762 763/763/763 760/760/760
f 763/763/763 753/753/753 756/756/756
f 762/762/762 764/764/764 763/763/763
f 765/765/765 763/763/763 764/764/764
f 766/766/766 753/753/753 763/763/763
f 765/765/765 766/766/766 763/763/763
f 766/766/766 752/752/752 753/753/753
f 767/767/767 766/766/766 765/765/765
f 767/767/767 768/768/768 766/766/766
f 768/768/768 752/752/752 766/766/766
f 769/769/769 768/768/768 767/767/767
f 769/769/769 770/770/770 768/768/768
f 768/768/768 771/771/771 752/752/752
f 770/770/770 771/771/771 768/768/768
f 750/750/750 752/752/752 771/771/771
f 770/770/770 772/772/772 771/771/771
f 773/773/773 750/750/750 771/771/771
f 773/773/773 771/771/771 772/772/772
f 774/774/774 775/775/775 776/776/776
f 774/774/774 776/776/776 777/777/777
f 778/778/778 774/774/774 777/777/777
f 778/778/778 777/777/777 779/779/779
f 778/778/778 779/779/779 780/780/780
f 778/778/778 780/780/780 781/781/781
f 781/781/781 780/780/780 782/782/782
f 781/781/781 782/782/782 783/783/783
f 784/784/784 783/783/783 782/782/782
f 784/784/784 785/785/785 783/783/783
f 786/786/786 787/787/787 788/788/788
f 786/786/786 788/788/788 789/789/789
f 789/789/789 788/788/788 790/790/790
f 789/789/789 790/790/790 791/791/791
f 791/791/791 790/790/790 792/792/792
f 791/791/791 792/792/792 793/793/793
f 794/794/794 793/793/793 792/792/792
f 794/794/794 792/792/792 795/795/795
f 796/796/796 794/794/794 795/795/795
f 796/796/796 795/795/795 797/797/797
f 798/798/798 799/799/799 800/800/800
f 798/798/798 800/800/800 801/801/801
f 802/802/802 803/803/803 804/804/804
f 802/802/802 804/804/804 805/805/805
f 806/806/806 807/807/807 808/808/808
f 806/806/806 808/808/808 809/809/809
f 810/810/810 811/811/811 812/812/812
f 810/810/810 812/812/812 813/813/813
f 814/814/814 815/815/815 816/816/816
f 814/814/814 816/816/816 817/817/817
f 818/818/818 819/819/819 820/820/820
f 818/818/818 820/820/820 821/821/821
f 822/822/822 818/818/818 821/821/821
f 822/822/822 823/823/823 818/818/818
f 824/824/824 825/825/825 826/826/826
f 824/824/824 826/826/826 827/827/827
f 828/828/828 829/829/829 830/830/830
f 828/828/828 830/830/830 831/831/831
f 832/832/832 833/833/833 834/834/834
f 832/832/832 834/834/834 835/835/835
f 836/836/836 837/837/837 838/838/838
f 836/836/836 838/838/838 839/839/839
f 840/840/840 841/841/841 842/842/842
f 840/840/840 842/842/842 843/843/843
f 844/844/844 840/840/840 843/843/843
f 844/844/844 845/845/845 840/840/840
f 846/846/846 847/847/847 848/848/848
f 846/846/846 848/848/848 849/849/849
f 850/850/850 846/846/846 849/849/849
f 850/850/850 851/851/851 846/846/846
f 846/846/846 852/852/852 847/847/847
f 846/846/846 851/851/851 853/853/853
f 846/846/846 854/854/854 852/852/852
f 846/846/846 853/853/853 854/854/854
f 854/854/854 855/855/855 852/852/852
f 854/854/854 853/853/853 856/856/856
f 854/854/854 857/857/857 855/855/855
f 854/854/854 856/856/856 857/857/857
f 858/858/858 859/859/859 860/860/860
f 858/858/858 860/860/860 861/861/861
f 862/862/862 859/859/859 858/858/858
f 862/862/862 858/858/858 863/863/863
f 864/864/864 865/865/865 866/866/866
f 864/864/864 866/866/866 867/867/867
f 864/864/864 867/867/867 868/868/868
f 864/864/864 868/868/868 869/869/869
f 870/870/870 871/871/871 872/872/872
f 871/871/871 870/870/870 873/873/873
f 871/871/871 873/873/873 874/874/874
f 870/870/870 872/872/872 875/875/875
f 876/876/876 875/875/875 872/872/872
f 876/876/876 877/877/877 875/875/875
f 877/877/877 876/876/876 878/878/878
f 876/876/876 879/879/879 878/878/878
f 876/876/876 880/880/880 879/879/879
f 880/880/880 881/881/881 879/879/879
f 882/882/882 883/883/883 884/884/884
f 882/882/882 884/884/884 885/885/885
f 886/886/886 887/887/887 888/888/888
f 886/886/886 888/888/888 889/889/889
f 890/890/890 891/891/891 892/892/892
f 890/890/890 892/892/892 893/893/893
f 894/894/894 895/895/895 896/896/896
f 894/894/894 896/896/896 897/897/897
f 898/898/898 899/899/899 900/900/900
f 901/901/901 902/902/902 903/903/903
f 901/901/901 903/903/903 904/904/904
f 905/905/905 906/906/906 907/907/907
f 905/905/905 907/907/907 908/908/908
f 909/909/909 910/910/910 911/911/911
f 909/909/909 911/911/911 912/912/912
f 913/913/913 914/914/914 915/915/915
f 913/913/913 915/915/915 916/916/916
f 917/917/917 913/913/913 916/916/916
f 918/918/918 919/919/919 920/920/920
f 918/918/918 920/920/920 921/921/921
f 920/920/920 922/922/922 921/921/921
f 920/920/920 923/923/923 922/922/922
f 923/923/923 924/924/924 922/922/922
f 923/923/923 925/925/925 924/924/924
f 925/925/925 926/926/926 924/924/924
f 925/925/925 927/927/927 926/926/926
f 924/924/924 926/926/926 928/928/928
f 929/929/929 930/930/930 931/931/931
f 929/929/929 931/931/931 932/932/932
f 933/933/933 929/929/929 932/932/932
f 934/934/934 932/932/932 931/931/931
f 933/933/933 932/932/932 935/935/935
f 934/934/934 936/936/936 932/932/932
f 937/937/937 935/935/935 932/932/932
f 934/934/934 938/938/938 936/936/936
f 937/937/937 939/939/939 935/935/935
f 934/934/934 940/940/940 938/938/938
f 941/941/941 938/938/938 940/940/940
f 941/941/941 942/942/942 938/938/938
f 939/939/939 937/937/937 943/943/943
f 939/939/939 943/943/943 944/944/944
f 945/945/945 944/944/944 943/943/943
f 945/945/945 946/946/946 944/944/944
f 943/943/943 947/947/947 945/945/945
f 948/948/948 949/949/949 950/950/950
f 948/948/948 950/950/950 951/951/951
f 952/952/952 953/953/953 954/954/954
f 952/952/952 954/954/954 955/955/955
f 956/956/956 957/957/957 958/958/958
f 956/956/956 958/958/958 959/959/959
f 960/960/960 961/961/961 962/962/962
f 960/960/960 962/962/962 963/963/963
f 962/962/962 961/961/961 964/964/964
f 962/962/962 964/964/964 965/965/965
f 966/966/966 967/967/967 968/968/968
f 966/966/966 968/968/968 969/969/969
f 970/970/970 966/966/966 969/969/969
f 970/970/970 969/969/969 971/971/971
f 967/967/967 972/972/972 968/968/968
f 967/967/967 973/973/973 972/972/972
f 972/972/972 973/973/973 974/974/974
f 972/972/972 974/974/974 975/975/975
f 975/975/975 974/974/974 976/976/976
f 975/975/975 976/976/976 977/977/977
f 978/978/978 979/979/979 980/980/980
f 979/979/979 981/981/981 980/980/980
f 979/979/979 982/982/982 981/981/981
f 981/981/981 982/982/982 983/983/983
f 981/981/981 983/983/983 984/984/984
f 984/984/984 983/983/983 985/985/985
f 984/984/984 985/985/985 986/986/986
f 987/987/987 984/984/984 986/986/986
f 987/987/987 988/988/988 984/984/984
f 989/989/989 988/988/988 987/987/987
f 989/989/989 990/990/990 988/988/988
f 991/991/991 984/984/984 988/988/988
f 990/990/990 991/991/991 988/988/988
f 991/991/991 981/981/981 984/984/984
f 990/990/990 992/992/992 991/991/991
f 993/993/993 991/991/991 992/992/992
f 994/994/994 981/981/981 991/991/991
f 993/993/993 994/994/994 991/991/991
f 994/994/994 980/980/980 981/981/981
f 995/995/995 994/994/994 993/993/993
f 995/995/995 996/996/996 994/994/994
f 996/996/996 980/980/980 994/994/994
f 997/997/997 996/996/996 995/995/995
f 997/997/997 998/998/998 996/996/996
f 996/996/996 999/999/999 980/980/980
f 998/998/998 999/999/999 996/996/996
f 978/978/978 980/980/980 999/999/999
f 998/998/998 1000/1000/1000 999/999/999
f 1001/1001/1001 978/978/978 999/999/999
f 1001/1001/1001 999/999/999 1000/1000/1000
f 1002/1002/1002 1003/1003/1003 1004/1004/1004
f 1002/1002/1002 1004/1004/1004 1005/1005/1005
f 1006/1006/1006 1002/1002/1002 1005/1005/1005
f 1006/1006/1006 1005/1005/1005 1007/1007/1007
f 1006/1006/1006 1007/1007/1007 1008/1008/1008
f 1006/1006/1006 1008/1008/1008 1009/1009/1009
f 1009/1009/1009 1008/1008/1008 1010/1010/1010
f 1009/1009/1009 1010/1010/1010 1011/1011/1011
f 1012/1012/1012 1011/1011/1011 1010/1010/1010
f 1012/1012/1012 1013/1013/1013 1011/1011/1011
f 1014/1014/1014 1015/1015/1015 1016/1016/1016
f 1014/1014/1014 1016/1016/1016 1017/1017/1017
f 1017/1017/1017 1016/1016/1016 1018/1018/1018
f 1017/1017/1017 1018/1018/1018 1019/1019/1019
f 1019/1019/1019 1018/1018/1018 1020/1020/1020
f 1019/1019/1019 1020/1020/1020 1021/1021/1021
f 1022/1022/1022 1021/1021/1021 1020/1020/1020
f 1022/1022/1022 1020/1020/1020 1023/1023/1023
f 1024/1024/1024 1022/1022/1022 1023/1023/1023
f 1024/1024/1024 1023/1023/1023 1025/1025/1025
f 1026/1026/1026 1027/1027/1027 1028/1028/1028
f 1026/1026/1026 1028/1028/1028 1029/1029/1029
f 1030/1030/1030 1031/1031/1031 1032/1032/1032
f 1030/1030/1030 1032/1032/1032 1033/1033/1033
f 1034/1034/1034 1035/1035/1035 1036/1036/1036
f 1034/1034/1034 1036/1036/1036 1037/1037/1037
f 1038/1038/1038 1039/1039/1039 1040/1040/1040
f 1038/1038/1038 1040/1040/1040 1041/1041/1041
f 1042/1042/1042 1043/1043/1043 1044/1044/1044
f 1042/1042/1042 1044/1044/1044 1045/1045/1045
f 1046/1046/1046 1047/1047/1047 1048/1048/1048
f 1046/1046/1046 1048/1048/1048 1049/1049/1049
f 1050/1050/1050 1046/1046/1046 1049/1049/1049
f 1050/1050/1050 1051/1051/1051 1046/1046/1046
f 1052/1052/1052 1053/1053/1053 1054/1054/1054
f 1052/1052/1052 1054/1054/1054 1055/1055/1055
f 1056/1056/1056 1057/1057/1057 1058/1058/1058
f 1056/1056/1056 1058/1058/1058 1059/1059/1059
f 1060/1060/1060 1061/1061/1061 1062/1062/1062
f 1060/1060/1060 1062/1062/1062 1063/1063/1063
f 1064/1064/1064 1065/1065/1065 1066/1066/1066
f 1064/1064/1064 1066/1066/1066 1067/1067/1067
f 1068/1068/1068 1069/1069/1069 1070/1070/1070
f 1068/1068/1068 1070/1070/1070 1071/1071/1071
f 1072/1072/1072 1068/1068/1068 1071/1071/1071
f 1072/1072/1072 1073/1073/1073 1068/1068/1068
f 1074/1074/1074 1075/1075/1075 1076/1076/1076
f 1074/1074/1074 1076/1076/1076 1077/1077/1077
f 1078/1078/1078 1074/1074/1074 1077/1077/1077
f 1078/1078/1078 1079/1079/1079 1074/1074/1074
f 1074/1074/1074 1080/1080/1080 1075/1075/1075
f 1074/1074/1074 1079/1079/1079 1081/1081/1081
f 1074/1074/1074 1082/1082/1082 1080/1080/1080
f 1074/1074/1074 1081/1081/1081 1082/1082/1082
f 1082/1082/1082 1083/1083/1083 1080/1080/1080
f 1082/1082/1082 1081/1081/1081 1084/1084/1084
f 1082/1082/1082 1085/1085/1085 1083/1083/1083
f 1082/1082/1082 1084/1084/1084 1085/1085/1085
f 1086/1086/1086 1087/1087/1087 1088/1088/1088
f 1086/1086/1086 1088/1088/1088 1089/1089/1089
f 1090/1090/1090 1087/1087/1087 1086/1086/1086
f 1090/1090/1090 1086/1086/1086 1091/1091/1091
f 1092/1092/1092 1093/1093/1093 1094/1094/1094
f 1092/1092/1092 1094/1094/1094 1095/1095/1095
f 1092/1092/1092 1095/1095/1095 1096/1096/1096
f 1092/1092/1092 1096/1096/1096 1097/1097/1097
f 1098/1098/1098 1099/1099/1099 1100/1100/1100
f 1099/1099/1099 1098/1098/1098 1101/1101/1101
f 1099/1099/1099 1101/1101/1101 1102/1102/1102
f 1098/1098/1098 1100/1100/1100 1103/1103/1103
f 1104/1104/1104 1103/1103/1103 1100/1100/1100
f 1104/1104/1104 1105/1105/1105 1103/1103/1103
f 1105/1105/1105 1104/1104/1104 1106/1106/1106
f 1104/1104/1104 1107/1107/1107 1106/1106/1106
f 1104/1104/1104 1108/1108/1108 1107/1107/1107
f 1108/1108/1108 1109/1109/1109 1107/1107/1107
f 1110/1110/1110 1111/1111/1111 1112/1112/1112
f 1110/1110/1110 1112/1112/1112 1113/1113/1113
f 1114/1114/1114 1115/1115/1115 1116/1116/1116
f 1114/1114/1114 1116/1116/1116 1117/1117/1117
f 1118/1118/1118 1119/1119/1119 1120/1120/1120
f 1118/1118/1118 1120/1120/1120 1121/1121/1121
f 1122/1122/1122 1123/1123/1123 1124/1124/1124
f 1122/1122/1122 1124/1124/1124 1125/1125/1125
f 1126/1126/1126 1127/1127/1127 1128/1128/1128
f 1129/1129/1129 1130/1130/1130 1131/1131/1131
f 1129/1129/1129 1131/1131/1131 1132/1132/1132
f 1133/1133/1133 1134/1134/1134 1135/1135/1135
f 1133/1133/1133 1135/1135/1135 1136/1136/1136
f 1137/1137/1137 1138/1138/1138 1139/1139/1139
f 1137/1137/1137 1139/1139/1139 1140/1140/1140
f 1141/1141/1141 1142/1142/1142 1143/1143/1143
f 1141/1141/1141 1143/1143/1143 1144/1144/1144
f 1145/1145/1145 1144/1144/1144 1143/1143/1143
f 1146/1146/1146 1147/1147/1147 1148/1148/1148
f 1146/1146/1146 1148/1148/1148 1149/1149/1149
f 1146/1146/1146 1149/1149/1149 1150/1150/1150
f 1146/1146/1146 1150/1150/1150 1151/1151/1151
f 1152/1152/1152 1151/1151/1151 1150/1150/1150
f 1152/1152/1152 1153/1153/1153 1151/1151/1151
f 1153/1153/1153 1152/1152/1152 1154/1154/1154
f 1153/1153/1153 1154/1154/1154 1155/1155/1155
f 1152/1152/1152 1156/1156/1156 1154/1154/1154
f 1157/1157/1157 1158/1158/1158 1159/1159/1159
f 1157/1157/1157 1159/1159/1159 1160/1160/1160
f 1160/1160/1160 1159/1159/1159 1161/1161/1161
f 1160/1160/1160 1162/1162/1162 1157/1157/1157
f 1160/1160/1160 1161/1161/1161 1163/1163/1163
f 1160/1160/1160 1164/1164/1164 1162/1162/1162
f 1163/1163/1163 1165/1165/1165 1160/1160/1160
f 1166/1166/1166 1162/1162/1162 1164/1164/1164
f 1163/1163/1163 1167/1167/1167 1165/1165/1165
f 1166/1166/1166 1168/1168/1168 1162/1162/1162
f 1166/1166/1166 1169/1169/1169 1168/1168/1168
f 1166/1166/1166 1170/1170/1170 1169/1169/1169
f 1171/1171/1171 1165/1165/1165 1167/1167/1167
f 1171/1171/1171 1167/1167/1167 1172/1172/1172
f 1172/1172/1172 1173/1173/1173 1171/1171/1171
f 1172/1172/1172 1174/1174/1174 1173/1173/1173
f 1171/1171/1171 1173/1173/1173 1175/1175/1175
f 1176/1176/1176 1177/1177/1177 1178/1178/1178
f 1176/1176/1176 1178/1178/1178 1179/1179/1179
f 1180/1180/1180 1181/1181/1181 1182/1182/1182
f 1180/1180/1180 1182/1182/1182 1183/1183/1183
f 1184/1184/1184 1185/1185/1185 1186/1186/1186
f 1184/1184/1184 1186/1186/1186 1187/1187/1187
f 1188/1188/1188 1189/1189/1189 1190/1190/1190
f 1188/1188/1188 1190/1190/1190 1191/1191/1191
f 1192/1192/1192 1189/1189/1189 1188/1188/1188
f 1192/1192/1192 1188/1188/1188 1193/1193/1193
f 1194/1194/1194 1195/1195/1195 1196/1196/1196
f 1194/1194/1194 1196/1196/1196 1197/1197/1197
f 1197/1197/1197 1196/1196/1196 1198/1198/1198
f 1197/1197/1197 1198/1198/1198 1199/1199/1199
f 1200/1200/1200 1195/1195/1195 1194/1194/1194
f 1200/1200/1200 1201/1201/1201 1195/1195/1195
f 1200/1200/1200 1202/1202/1202 1201/1201/1201
f 1200/1200/1200 1203/1203/1203 1202/1202/1202
f 1203/1203/1203 1204/1204/1204 1202/1202/1202
f 1203/1203/1203 1205/1205/1205 1204/1204/1204
f 1206/1206/1206 1207/1207/1207 1208/1208/1208
f 1209/1209/1209 1207/1207/1207 1206/1206/1206
f 1209/1209/1209 1210/1210/1210 1207/1207/1207
f 1209/1209/1209 1211/1211/1211 1210/1210/1210
f 1209/1209/1209 1212/1212/1212 1211/1211/1211
f 1212/1212/1212 1213/1213/1213 1211/1211/1211
f 1212/1212/1212 1214/1214/1214 1213/1213/1213
f 1212/1212/1212 1215/1215/1215 1214/1214/1214
f 1212/1212/1212 1216/1216/1216 1215/1215/1215
f 1216/1216/1216 1217/1217/1217 1215/1215/1215
f 1216/1216/1216 1218/1218/1218 1217/1217/1217
f 1212/1212/1212 1219/1219/1219 1216/1216/1216
f 1218/1218/1218 1216/1216/1216 1219/1219/1219
f 1212/1212/1212 1209/1209/1209 1219/1219/1219
f 1218/1218/1218 1219/1219/1219 1220/1220/1220
f 1219/1219/1219 1221/1221/1221 1220/1220/1220
f 1209/1209/1209 1222/1222/1222 1219/1219/1219
f 1219/1219/1219 1222/1222/1222 1221/1221/1221
f 1209/1209/1209 1206/1206/1206 1222/1222/1222
f 1222/1222/1222 1223/1223/1223 1221/1221/1221
f 1222/1222/1222 1224/1224/1224 1223/1223/1223
f 1206/1206/1206 1224/1224/1224 1222/1222/1222
f 1224/1224/1224 1225/1225/1225 1223/1223/1223
f 1224/1224/1224 1226/1226/1226 1225/1225/1225
f 1206/1206/1206 1227/1227/1227 1224/1224/1224
f 1227/1227/1227 1226/1226/1226 1224/1224/1224
f 1206/1206/1206 1208/1208/1208 1227/1227/1227
f 1227/1227/1227 1228/1228/1228 1226/1226/1226
f 1227/1227/1227 1208/1208/1208 1229/1229/1229
f 1227/1227/1227 1229/1229/1229 1228/1228/1228
f 1230/1230/1230 1231/1231/1231 1232/1232/1232
f 1230/1230/1230 1232/1232/1232 1233/1233/1233
f 1234/1234/1234 1231/1231/1231 1230/1230/1230
f 1234/1234/1234 1235/1235/1235 1231/1231/1231
f 1236/1236/1236 1235/1235/1235 1234/1234/1234
f 1236/1236/1236 1234/1234/1234 1237/1237/1237
f 1238/1238/1238 1236/1236/1236 1237/1237/1237
f 1238/1238/1238 1237/1237/1237 1239/1239/1239
f 1240/1240/1240 1238/1238/1238 1239/1239/1239
f 1240/1240/1240 1239/1239/1239 1241/1241/1241
f 1242/1242/1242 1243/1243/1243 1244/1244/1244
f 1242/1242/1242 1244/1244/1244 1245/1245/1245
f 1246/1246/1246 1242/1242/1242 1245/1245/1245
f 1246/1246/1246 1245/1245/1245 1247/1247/1247
f 1248/1248/1248 1246/1246/1246 1247/1247/1247
f 1248/1248/1248 1247/1247/1247 1249/1249/1249
f 1250/1250/1250 1248/1248/1248 1249/1249/1249
f 1250/1250/1250 1251/1251/1251 1248/1248/1248
f 1251/1251/1251 1250/1250/1250 1252/1252/1252
f 1251/1251/1251 1252/1252/1252 1253/1253/1253
f 1254/1254/1254 1255/1255/1255 1256/1256/1256
f 1254/1254/1254 1256/1256/1256 1257/1257/1257
f 1258/1258/1258 1259/1259/1259 1260/1260/1260
f 1258/1258/1258 1260/1260/1260 1261/1261/1261
f 1262/1262/1262 1263/1263/1263 1264/1264/1264
f 1262/1262/1262 1264/1264/1264 1265/1265/1265
f 1266/1266/1266 1267/1267/1267 1268/1268/1268
f 1266/1266/1266 1268/1268/1268 1269/1269/1269
f 1270/1270/1270 1271/1271/1271 1272/1272/1272
f 1270/1270/1270 1272/1272/1272 1273/1273/1273
f 1274/1274/1274 1275/1275/1275 1276/1276/1276
f 1274/1274/1274 1276/1276/1276 1277/1277/1277
f 1278/1278/1278 1277/1277/1277 1276/1276/1276
f 1278/1278/1278 1276/1276/1276 1279/1279/1279
f 1280/1280/1280 1281/1281/1281 1282/1282/1282
f 1280/1280/1280 1282/1282/1282 1283/1283/1283
f 1284/1284/1284 1285/1285/1285 1286/1286/1286
f 1284/1284/1284 1286/1286/1286 1287/1287/1287
f 1288/1288/1288 1289/1289/1289 1290/1290/1290
f 1288/1288/1288 1290/1290/1290 1291/1291/1291
f 1292/1292/1292 1293/1293/1293 1294/1294/1294
f 1292/1292/1292 1294/1294/1294 1295/1295/1295
f 1296/1296/1296 1297/1297/1297 1298/1298/1298
f 1296/1296/1296 1298/1298/1298 1299/1299/1299
f 1300/1300/1300 1297/1297/1297 1296/1296/1296
f 1300/1300/1300 1296/1296/1296 1301/1301/1301
f 1302/1302/1302 1303/1303/1303 1304/1304/1304
f 1305/1305/1305 1303/1303/1303 1302/1302/1302
f 1305/1305/1305 1302/1302/1302 1306/1306/1306
f 1302/1302/1302 1304/1304/1304 1307/1307/1307
f 1308/1308/1308 1306/1306/1306 1302/1302/1302
f 1309/1309/1309 1302/1302/1302 1307/1307/1307
f 1308/1308/1308 1302/1302/1302 1310/1310/1310
f 1309/1309/1309 1310/1310/1310 1302/1302/1302
f 1311/1311/1311 1308/1308/1308 1310/1310/1310
f 1312/1312/1312 1310/1310/1310 1309/1309/1309
f 1311/1311/1311 1310/1310/1310 1313/1313/1313
f 1312/1312/1312 1313/1313/1313 1310/1310/1310
f 1314/1314/1314 1315/1315/1315 1316/1316/1316
f 1314/1314/1314 1316/1316/1316 1317/1317/1317
f 1318/1318/1318 1314/1314/1314 1317/1317/1317
f 1318/1318/1318 1319/1319/1319 1314/1314/1314
f 1320/1320/1320 1321/1321/1321 1322/1322/1322
f 1320/1320/1320 1322/1322/1322 1323/1323/1323
f 1324/1324/1324 1323/1323/1323 1322/1322/1322
f 1324/1324/1324 1322/1322/1322 1325/1325/1325
f 1326/1326/1326 1327/1327/1327 1328/1328/1328
f 1326/1326/1326 1328/1328/1328 1329/1329/1329
f 1330/1330/1330 1326/1326/1326 1329/1329/1329
f 1330/1330/1330 1329/1329/1329 1331/1331/1331
f 1327/1327/1327 1332/1332/1332 1328/1328/1328
f 1327/1327/1327 1333/1333/1333 1332/1332/1332
f 1333/1333/1333 1334/1334/1334 1332/1332/1332
f 1335/1335/1335 1332/1332/1332 1334/1334/1334
f 1335/1335/1335 1336/1336/1336 1332/1332/1332
f 1336/1336/1336 1335/1335/1335 1337/1337/1337
f 1338/1338/1338 1339/1339/1339 1340/1340/1340
f 1338/1338/1338 1340/1340/1340 1341/1341/1341
f 1342/1342/1342 1343/1343/1343 1344/1344/1344
f 1342/1342/1342 1344/1344/1344 1345/1345/1345
f 1346/1346/1346 1347/1347/1347 1348/1348/1348
f 1346/1346/1346 1348/1348/1348 1349/1349/1349
f 1350/1350/1350 1351/1351/1351 1352/1352/1352
f 1350/1350/1350 1352/1352/1352 1353/1353/1353
f 1354/1354/1354 1355/1355/1355 1356/1356/1356
f 1357/1357/1357 1358/1358/1358 1359/1359/1359
f 1357/1357/1357 1359/1359/1359 1360/1360/1360
f 1361/1361/1361 1362/1362/1362 1363/1363/1363
f 1361/1361/1361 1363/1363/1363 1364/1364/1364
f 1365/1365/1365 1366/1366/1366 1367/1367/1367
f 1365/1365/1365 1367/1367/1367 1368/1368/1368
f 1369/1369/1369 1370/1370/1370 1371/1371/1371
f 1369/1369/1369 1371/1371/1371 1372/1372/1372
f 1373/1373/1373 1372/1372/1372 1371/1371/1371
f 1374/1374/1374 1375/1375/1375 1376/1376/1376
f 1374/1374/1374 1376/1376/1376 1377/1377/1377
f 1374/1374/1374 1377/1377/1377 1378/1378/1378
f 1374/1374/1374 1378/1378/1378 1379/1379/1379
f 1380/1380/1380 1379/1379/1379 1378/1378/1378
f 1380/1380/1380 1381/1381/1381 1379/1379/1379
f 1381/1381/1381 1380/1380/1380 1382/1382/1382
f 1381/1381/1381 1382/1382/1382 1383/1383/1383
f 1380/1380/1380 1384/1384/1384 1382/1382/1382
f 1385/1385/1385 1386/1386/1386 1387/1387/1387
f 1385/1385/1385 1387/1387/1387 1388/1388/1388
f 1388/1388/1388 1387/1387/1387 1389/1389/1389
f 1388/1388/1388 1390/1390/1390 1385/1385/1385
f 1388/1388/1388 1389/1389/1389 1391/1391/1391
f 1388/1388/1388 1392/1392/1392 1390/1390/1390
f 1391/1391/1391 1393/1393/1393 1388/1388/1388
f 1394/1394/1394 1390/1390/1390 1392/1392/1392
f 1391/1391/1391 1395/1395/1395 1393/1393/1393
f 1394/1394/1394 1396/1396/1396 1390/1390/1390
f 1394/1394/1394 1397/1397/1397 1396/1396/1396
f 1394/1394/1394 1398/1398/1398 1397/1397/1397
f 1399/1399/1399 1393/1393/1393 1395/1395/1395
f 1399/1399/1399 1395/1395/1395 1400/1400/1400
f 1400/1400/1400 1401/1401/1401 1399/1399/1399
f 1400/1400/1400 1402/1402/1402 1401/1401/1401
f 1399/1399/1399 1401/1401/1401 1403/1403/1403
f 1404/1404/1404 1405/1405/1405 1406/1406/1406
f 1404/1404/1404 1406/1406/1406 1407/1407/1407
f 1408/1408/1408 1409/1409/1409 1410/1410/1410
f 1408/1408/1408 1410/1410/1410 1411/1411/1411
f 1412/1412/1412 1413/1413/1413 1414/1414/1414
f 1412/1412/1412 1414/1414/1414 1415/1415/1415
f 1416/1416/1416 1417/1417/1417 1418/1418/1418
f 1416/1416/1416 1418/1418/1418 1419/1419/1419
f 1420/1420/1420 1417/1417/1417 1416/1416/1416
f 1420/1420/1420 1416/1416/1416 1421/1421/1421
f 1422/1422/1422 1423/1423/1423 1424/1424/1424
f 1422/1422/1422 1424/1424/1424 1425/1425/1425
f 1425/1425/1425 1424/1424/1424 1426/1426/1426
f 1425/1425/1425 1426/1426/1426 1427/1427/1427
f 1428/1428/1428 1423/1423/1423 1422/1422/1422
f 1428/1428/1428 1429/1429/1429 1423/1423/1423
f 1428/1428/1428 1430/1430/1430 1429/1429/1429
f 1428/1428/1428 1431/1431/1431 1430/1430/1430
f 1431/1431/1431 1432/1432/1432 1430/1430/1430
f 1431/1431/1431 1433/1433/1433 1432/1432/1432
f 1434/1434/1434 1435/1435/1435 1436/1436/1436
f 1437/1437/1437 1435/1435/1435 1434/1434/1434
f 1437/1437/1437 1438/1438/1438 1435/1435/1435
f 1437/1437/1437 1439/1439/1439 1438/1438/1438
f 1437/1437/1437 1440/1440/1440 1439/1439/1439
f 1440/1440/1440 1441/1441/1441 1439/1439/1439
f 1440/1440/1440 1442/1442/1442 1441/1441/1441
f 1440/1440/1440 1443/1443/1443 1442/1442/1442
f 1440/1440/1440 1444/1444/1444 1443/1443/1443
f 1444/1444/1444 1445/1445/1445 1443/1443/1443
f 1444/1444/1444 1446/1446/1446 1445/1445/1445
f 1440/1440/1440 1447/1447/1447 1444/1444/1444
f 1446/1446/1446 1444/1444/1444 1447/1447/1447
f 1440/1440/1440 1437/1437/1437 1447/1447/1447
f 1446/1446/1446 1447/1447/1447 1448/1448/1448
f 1447/1447/1447 1449/1449/1449 1448/1448/1448
f 1437/1437/1437 1450/1450/1450 1447/1447/1447
f 1447/1447/1447 1450/1450/1450 1449/1449/1449
f 1437/1437/1437 1434/1434/1434 1450/1450/1450
f 1450/1450/1450 1451/1451/1451 1449/1449/1449
f 1450/1450/1450 1452/1452/1452 1451/1451/1451
f 1434/1434/1434 1452/1452/1452 1450/1450/1450
f 1452/1452/1452 1453/1453/1453 1451/1451/1451
f 1452/1452/1452 1454/1454/1454 1453/1453/1453
f 1434/1434/1434 1455/1455/1455 1452/1452/1452
f 1455/1455/1455 1454/1454/1454 1452/1452/1452
f 1434/1434/1434 1436/1436/1436 1455/1455/1455
f 1455/1455/1455 1456/1456/1456 1454/1454/1454
f 1455/1455/1455 1436/1436/1436 1457/1457/1457
f 1455/1455/1455 1457/1457/1457 1456/1456/1456
f 1458/1458/1458 1459/1459/1459 1460/1460/1460
f 1458/1458/1458 1460/1460/1460 1461/1461/1461
f 1462/1462/1462 1459/1459/1459 1458/1458/1458
f 1462/1462/1462 1463/1463/1463 1459/1459/1459
f 1464/1464/1464 1463/1463/1463 1462/1462/1462
f 1464/1464/1464 1462/1462/1462 1465/1465/1465
f 1466/1466/1466 1464/1464/1464 1465/1465/1465
f 1466/1466/1466 1465/1465/1465 1467/1467/1467
f 1468/1468/1468 1466/1466/1466 1467/1467/1467
f 1468/1468/1468 1467/1467/1467 1469/1469/1469
f 1470/1470/1470 1471/1471/1471 1472/1472/1472
f 1470/1470/1470 1472/1472/1472 1473/1473/1473
f 1474/1474/1474 1470/1470/1470 1473/1473/1473
f 1474/1474/1474 1473/1473/1473 1475/1475/1475
f 1476/1476/1476 1474/1474/1474 1475/1475/1475
f 1476/1476/1476 1475/1475/1475 1477/1477/1477
f 1478/1478/1478 1476/1476/1476 1477/1477/1477
f 1478/1478/1478 1479/1479/1479 1476/1476/1476
f 1479/1479/1479 1478/1478/1478 1480/1480/1480
f 1479/1479/1479 1480/1480/1480 1481/1481/1481
f 1482/1482/1482 1483/1483/1483 1484/1484/1484
f 1482/1482/1482 1484/1484/1484 1485/1485/1485
f 1486/1486/1486 1487/1487/1487 1488/1488/1488
f 1486/1486/1486 1488/1488/1488 1489/1489/1489
f 1490/1490/1490 1491/1491/1491 1492/1492/1492
f 1490/1490/1490 1492/1492/1492 1493/1493/1493
f 1494/1494/1494 1495/1495/1495 1496/1496/1496
f 1494/1494/1494 1496/1496/1496 1497/1497/1497
f 1498/1498/1498 1499/1499/1499 1500/1500/1500
f 1498/1498/1498 1500/1500/1500 1501/1501/1501
f 1502/1502/1502 1503/1503/1503 1504/1504/1504
f 1502/1502/1502 1504/1504/1504 1505/1505/1505
f 1506/1506/1506 1505/1505/1505 1504/1504/1504
f 1506/1506/1506 1504/1504/1504 1507/1507/1507
f 1508/1508/1508 1509/1509/1509 1510/1510/1510
f 1508/1508/1508 1510/1510/1510 1511/1511/1511
f 1512/1512/1512 1513/1513/1513 1514/1514/1514
f 1512/1512/1512 1514/1514/1514 1515/1515/1515
f 1516/1516/1516 1517/1517/1517 1518/1518/1518
f 1516/1516/1516 1518/1518/1518 1519/1519/1519
f 1520/1520/1520 1521/1521/1521 1522/1522/1522
f 1520/1520/1520 1522/1522/1522 1523/1523/1523
f 1524/1524/1524 1525/1525/1525 1526/1526/1526
f 1524/1524/1524 1526/1526/1526 1527/1527/1527
f 1528/1528/1528 1525/1525/1525 1524/1524/1524
f 1528/1528/1528 1524/1524/1524 1529/1529/1529
f 1530/1530/1530 1531/1531/1531 1532/1532/1532
f 1533/1533/1533 1531/1531/1531 1530/1530/1530
f 1533/1533/1533 1530/1530/1530 1534/1534/1534
f 1530/1530/1530 1532/1532/1532 1535/1535/1535
f 1536/1536/1536 1534/1534/1534 1530/1530/1530
f 1537/1537/1537 1530/1530/1530 1535/1535/1535
f 1536/1536/1536 1530/1530/1530 1538/1538/1538
f 1537/1537/1537 1538/1538/1538 1530/1530/1530
f 1539/1539/1539 1536/1536/1536 1538/1538/1538
f 1540/1540/1540 1538/1538/1538 1537/1537/1537
f 1539/1539/1539 1538/1538/1538 1541/1541/1541
f 1540/1540/1540 1541/1541/1541 1538/1538/1538
f 1542/1542/1542 1543/1543/1543 1544/1544/1544
f 1542/1542/1542 1544/1544/1544 1545/1545/1545
f 1546/1546/1546 1542/1542/1542 1545/1545/1545
f 1546/1546/1546 1547/1547/1547 1542/1542/1542
f 1548/1548/1548 1549/1549/1549 1550/1550/1550
f 1548/1548/1548 1550/1550/1550 1551/1551/1551
f 1552/1552/1552 1551/1551/1551 1550/1550/1550
f 1552/1552/1552 1550/1550/1550 1553/1553/1553
f 1554/1554/1554 1555/1555/1555 1556/1556/1556
f 1554/1554/1554 1556/1556/1556 1557/1557/1557
f 1558/1558/1558 1554/1554/1554 1557/1557/1557
f 1558/1558/1558 1557/1557/1557 1559/1559/1559
f 1555/1555/1555 1560/1560/1560 1556/1556/1556
f 1555/1555/1555 1561/1561/1561 1560/1560/1560
f 1561/1561/1561 1562/1562/1562 1560/1560/1560
f 1563/1563/1563 1560/1560/1560 1562/1562/1562
f 1563/1563/1563 1564/1564/1564 1560/1560/1560
f 1564/1564/1564 1563/1563/1563 1565/1565/1565
f 1566/1566/1566 1567/1567/1567 1568/1568/1568
f 1566/1566/1566 1568/1568/1568 1569/1569/1569
f 1570/1570/1570 1571/1571/1571 1572/1572/1572
f 1570/1570/1570 1572/1572/1572 1573/1573/1573
f 1574/1574/1574 1575/1575/1575 1576/1576/1576
f 1574/1574/1574 1576/1576/1576 1577/1577/1577
f 1578/1578/1578 1579/1579/1579 1580/1580/1580
f 1578/1578/1578 1580/1580/1580 1581/1581/1581
f 1582/1582/1582 1583/1583/1583 1584/1584/1584
f 1585/1585/1585 1586/1586/1586 1587/1587/1587
f 1585/1585/1585 1587/1587/1587 1588/1588/1588
f 1589/1589/1589 1590/1590/1590 1591/1591/1591
f 1589/1589/1589 1591/1591/1591 1592/1592/1592
f 1593/1593/1593 1594/1594/1594 1595/1595/1595
f 1593/1593/1593 1595/1595/1595 1596/1596/1596
f 1597/1597/1597 1598/1598/1598 1599/1599/1599
f 1597/1597/1597 1599/1599/1599 1600/1600/1600
f 1601/1601/1601 1597/1597/1597 1600/1600/1600
f 1602/1602/1602 1603/1603/1603 1604/1604/1604
f 1602/1602/1602 1604/1604/1604 1605/1605/1605
f 1604/1604/1604 1606/1606/1606 1605/1605/1605
f 1604/1604/1604 1607/1607/1607 1606/1606/1606
f 1607/1607/1607 1608/1608/1608 1606/1606/1606
f 1607/1607/1607 1609/1609/1609 1608/1608/1608
f 1609/1609/1609 1610/1610/1610 1608/1608/1608
f 1609/1609/1609 1611/1611/1611 1610/1610/1610
f 1608/1608/1608 1610/1610/1610 1612/1612/1612
f 1613/1613/1613 1614/1614/1614 1615/1615/1615
f 1613/1613/1613 1615/1615/1615 1616/1616/1616
f 1617/1617/1617 1613/1613/1613 1616/1616/1616
f 1618/1618/1618 1616/1616/1616 1615/1615/1615
f 1617/1617/1617 1616/1616/1616 1619/1619/1619
f 1618/1618/1618 1620/1620/1620 1616/1616/1616
f 1621/1621/1621 1619/1619/1619 1616/1616/1616
f 1618/1618/1618 1622/1622/1622 1620/1620/1620
f 1621/1621/1621 1623/1623/1623 1619/1619/1619
f 1618/1618/1618 1624/1624/1624 1622/1622/1622
f 1625/1625/1625 1622/1622/1622 1624/1624/1624
f 1625/1625/1625 1626/1626/1626 1622/1622/1622
f 1623/1623/1623 1621/1621/1621 1627/1627/1627
f 1623/1623/1623 1627/1627/1627 1628/1628/1628
f 1629/1629/1629 1628/1628/1628 1627/1627/1627
f 1629/1629/1629 1630/1630/1630 1628/1628/1628
f 1627/1627/1627 1631/1631/1631 1629/1629/1629
f 1632/1632/1632 1633/1633/1633 1634/1634/1634
f 1632/1632/1632 1634/1634/1634 1635/1635/1635
f 1636/1636/1636 1637/1637/1637 1638/1638/1638
f 1636/1636/1636 1638/1638/1638 1639/1639/1639
f 1640/1640/1640 1641/1641/1641 1642/1642/1642
f 1640/1640/1640 1642/1642/1642 1643/1643/1643
f 1644/1644/1644 1645/1645/1645 1646/1646/1646
f 1644/1644/1644 1646/1646/1646 1647/1647/1647
f 1646/1646/1646 1645/1645/1645 1648/1648/1648
f 1646/1646/1646 1648/1648/1648 1649/1649/1649
f 1650/1650/1650 1651/1651/1651 1652/1652/1652
f 1650/1650/1650 1652/1652/1652 1653/1653/1653
f 1654/1654/1654 1650/1650/1650 1653/1653/1653
f 1654/1654/1654 1653/1653/1653 1655/1655/1655
f 1651/1651/1651 1656/1656/1656 1652/1652/1652
f 1651/1651/1651 1657/1657/1657 1656/1656/1656
f 1656/1656/1656 1657/1657/1657 1658/1658/1658
f 1656/1656/1656 1658/1658/1658 1659/1659/1659
f 1659/1659/1659 1658/1658/1658 1660/1660/1660
f 1659/1659/1659 1660/1660/1660 1661/1661/1661
f 1662/1662/1662 1663/1663/1663 1664/1664/1664
f 1663/1663/1663 1665/1665/1665 1664/1664/1664
f 1663/1663/1663 1666/1666/1666 1665/1665/1665
f 1665/1665/1665 1666/1666/1666 1667/1667/1667
f 1665/1665/1665 1667/1667/1667 1668/1668/1668
f 1668/1668/1668 1667/1667/1667 1669/1669/1669
f 1668/1668/1668 1669/1669/1669 1670/1670/1670
f 1671/1671/1671 1668/1668/1668 1670/1670/1670
f 1671/1671/1671 1672/1672/1672 1668/1668/1668
f 1673/1673/1673 1672/1672/1672 1671/1671/1671
f 1673/1673/1673 1674/1674/1674 1672/1672/1672
f 1675/1675/1675 1668/1668/1668 1672/1672/1672
f 1674/1674/1674 1675/1675/1675 1672/1672/1672
f 1675/1675/1675 1665/1665/1665 1668/1668/1668
f 1674/1674/1674 1676/1676/1676 1675/1675/1675
f 1677/1677/1677 1675/1675/1675 1676/1676/1676
f 1678/1678/1678 1665/1665/1665 1675/1675/1675
f 1677/1677/1677 1678/1678/1678 1675/1675/1675
f 1678/1678/1678 1664/1664/1664 1665/1665/1665
f 1679/1679/1679 1678/1678/1678 1677/1677/1677
f 1679/1679/1679 1680/1680/1680 1678/1678/1678
f 1680/1680/1680 1664/1664/1664 1678/1678/1678
f 1681/1681/1681 1680/1680/1680 1679/1679/1679
f 1681/1681/1681 1682/1682/1682 1680/1680/1680
f 1680/1680/1680 1683/1683/1683 1664/1664/1664
f 1682/1682/1682 1683/1683/1683 1680/1680/1680
f 1662/1662/1662 1664/1664/1664 1683/1683/1683
f 1682/1682/1682 1684/1684/1684 1683/1683/1683
f 1685/1685/1685 1662/1662/1662 1683/1683/1683
f 1685/1685/1685 1683/1683/1683 1684/1684/1684
f 1686/1686/1686 1687/1687/1687 1688/1688/1688
f 1686/1686/1686 1688/1688/1688 1689/1689/1689
f 1690/1690/1690 1686/1686/1686 1689/1689/1689
f 1690/1690/1690 1689/1689/1689 1691/1691/1691
f 1690/1690/1690 1691/1691/1691 1692/1692/1692
f 1690/1690/1690 1692/1692/1692 1693/1693/1693
f 1693/1693/1693 1692/1692/1692 1694/1694/1694
f 1693/1693/1693 1694/1694/1694 1695/1695/1695
f 1696/1696/1696 1695/1695/1695 1694/1694/1694
f 1696/1696/1696 1697/1697/1697 1695/1695/1695
f 1698/1698/1698 1699/1699/1699 1700/1700/1700
f 1698/1698/1698 1700/1700/1700 1701/1701/1701
f 1701/1701/1701 1700/1700/1700 1702/1702/1702
f 1701/1701/1701 1702/1702/1702 1703/1703/1703
f 1703/1703/1703 1702/1702/1702 1704/1704/1704
f 1703/1703/1703 1704/1704/1704 1705/1705/1705
f 1706/1706/1706 1705/1705/1705 1704/1704/1704
f 1706/1706/1706 1704/1704/1704 1707/1707/1707
f 1708/1708/1708 1706/1706/1706 1707/1707/1707
f 1708/1708/1708 1707/1707/1707 1709/1709/1709
f 1710/1710/1710 1711/1711/1711 1712/1712/1712
f 1710/1710/1710 1712/1712/1712 1713/1713/1713
f 1714/1714/1714 1715/1715/1715 1716/1716/1716
f 1714/1714/1714 1716/1716/1716 1717/1717/1717
f 1718/1718/1718 1719/1719/1719 1720/1720/1720
f 1718/1718/1718 1720/1720/1720 1721/1721/1721
f 1722/1722/1722 1723/1723/1723 1724/1724/1724
f 1722/1722/1722 1724/1724/1724 1725/1725/1725
f 1726/1726/1726 1727/1727/1727 1728/1728/1728
f 1726/1726/1726 1728/1728/1728 1729/1729/1729
f 1730/1730/1730 1731/1731/1731 1732/1732/1732
f 1730/1730/1730 1732/1732/1732 1733/1733/1733
f 1734/1734/1734 1730/1730/1730 1733/1733/1733
f 1734/1734/1734 1735/1735/1735 1730/1730/1730
f 1736/1736/1736 1737/1737/1737 1738/1738/1738
f 1736/1736/1736 1738/1738/1738 1739/1739/1739
f 1740/1740/1740 1741/1741/1741 1742/1742/1742
f 1740/1740/1740 1742/1742/1742 1743/1743/1743
f 1744/1744/1744 1745/1745/1745 1746/1746/1746
f 1744/1744/1744 1746/1746/1746 1747/1747/1747
f 1748/1748/1748 1749/1749/1749 1750/1750/1750
f 1748/1748/1748 1750/1750/1750 1751/1751/1751
f 1752/1752/1752 1753/1753/1753 1754/1754/1754
f 1752/1752/1752 1754/1754/1754 1755/1755/1755
f 1756/1756/1756 1752/1752/1752 1755/1755/1755
f 1756/1756/1756 1757/1757/1757 1752/1752/1752
f 1758/1758/1758 1759/1759/1759 1760/1760/1760
f 1758/1758/1758 1760/1760/1760 1761/1761/1761
f 1762/1762/1762 1758/1758/1758 1761/1761/1761
f 1762/1762/1762 1763/1763/1763 1758/1758/1758
f 1758/1758/1758 1764/1764/1764 1759/1759/1759
f 1758/1758/1758 1763/1763/1763 1765/1765/1765
f 1758/1758/1758 1766/1766/1766 1764/1764/1764
f 1758/1758/1758 1765/1765/1765 1766/1766/1766
f 1766/1766/1766 1767/1767/1767 1764/1764/1764
f 1766/1766/1766 1765/1765/1765 1768/1768/1768
f 1766/1766/1766 1769/1769/1769 1767/1767/1767
f 1766/1766/1766 1768/1768/1768 1769/1769/1769
f 1770/1770/1770 1771/1771/1771 1772/1772/1772
f 1770/1770/1770 1772/1772/1772 1773/1773/1773
f 1774/1774/1774 1771/1771/1771 1770/1770/1770
f 1774/1774/1774 1770/1770/1770 1775/1775/1775
f 1776/1776/1776 1777/1777/1777 1778/1778/1778
f 1776/1776/1776 1778/1778/1778 1779/1779/1779
f 1776/1776/1776 1779/1779/1779 1780/1780/1780
f 1776/1776/1776 1780/1780/1780 1781/1781/1781
f 1782/1782/1782 1783/1783/1783 1784/1784/1784
f 1783/1783/1783 1782/1782/1782 1785/1785/1785
f 1783/1783/1783 1785/1785/1785 1786/1786/1786
f 1782/1782/1782 1784/1784/1784 1787/1787/1787
f 1788/1788/1788 1787/1787/1787 1784/1784/1784
f 1788/1788/1788 1789/1789/1789 1787/1787/1787
f 1789/1789/1789 1788/1788/1788 1790/1790/1790
f 1788/1788/1788 1791/1791/1791 1790/1790/1790
f 1788/1788/1788 1792/1792/1792 1791/1791/1791
f 1792/1792/1792 1793/1793/1793 1791/1791/1791
f 1794/1794/1794 1795/1795/1795 1796/1796/1796
f 1794/1794/1794 1796/1796/1796 1797/1797/1797
f 1798/1798/1798 1799/1799/1799 1800/1800/1800
f 1798/1798/1798 1800/1800/1800 1801/1801/1801
f 1802/1802/1802 1803/1803/1803 1804/1804/1804
f 1802/1802/1802 1804/1804/1804 1805/1805/1805
f 1806/1806/1806 1807/1807/1807 1808/1808/1808
f 1806/1806/1806 1808/1808/1808 1809/1809/1809
f 1810/1810/1810 1811/1811/1811 1812/1812/1812
f 1813/1813/1813 1814/1814/1814 1815/1815/1815
f 1813/1813/1813 1815/1815/1815 1816/1816/1816
f 1817/1817/1817 1818/1818/1818 1819/1819/1819
f 1817/1817/1817 1819/1819/1819 1820/1820/1820
f 1821/1821/1821 1822/1822/1822 1823/1823/1823
f 1821/1821/1821 1823/1823/1823 1824/1824/1824
